freq_mhz,operand,trial,mean_time_s,std_time_s,pkg_J,dram_J,cores_J,pkg_W,cores_W
800,0x00,0,3.513529548,0.001806915,339.567246000,18.888624000,320.678622000,96.645621277,91.269652826
800,0x00,1,3.513181892,0.001540766,339.872421000,18.870313000,321.002108000,96.742050784,91.370762425
800,0x00,2,3.513129314,0.001413237,340.139510000,18.855787000,321.283723000,96.819524576,91.452290605
800,0x00,3,3.513190519,0.001548634,340.076033000,18.697767000,321.378266000,96.799769651,91.477608243
800,0x00,4,3.513792459,0.002258959,340.266646000,19.053906000,321.212740000,96.837434188,91.414829916
800,0x00,5,3.513201734,0.001501854,340.309187000,19.022534000,321.286653000,96.865825741,91.451239435
800,0x00,6,3.513131130,0.001421231,340.264632000,18.866468000,321.398164000,96.855090072,91.484818567
800,0x00,7,3.513177503,0.001529733,340.214888000,18.900403000,321.314485000,96.839652353,91.459792387
800,0x00,8,3.513622615,0.002099206,340.209579000,19.150464000,321.059115000,96.825873530,91.375526098
800,0x00,9,3.513529932,0.002179107,340.372969000,18.893384000,321.479585000,96.874930802,91.497608176
800,0x00,10,3.513601581,0.001837785,340.401838000,19.400891000,321.000947000,96.881171673,91.359518022
800,0x00,11,3.512977773,0.001376825,340.360884000,19.308361000,321.052523000,96.886717182,91.390422515
800,0x00,12,3.513041916,0.001406918,340.426679000,19.262768000,321.163911000,96.903676972,91.420460870
800,0x00,13,3.513177584,0.001339716,340.275923000,19.001294000,321.274629000,96.857023279,91.448445561
800,0x00,14,3.513054260,0.001428891,340.365583000,18.921338000,321.444245000,96.885945323,91.499937423
800,0x00,15,3.513078096,0.001320317,340.311568000,18.928357000,321.383211000,96.869912574,91.481943253
800,0x00,16,3.513293404,0.001475693,340.345931000,19.635021000,320.710910000,96.873756869,91.284977697
800,0x00,17,3.513070160,0.001257353,340.260238000,19.896433000,320.363805000,96.855520256,91.191974668
800,0x00,18,3.514668161,0.003227239,341.162640000,20.035105000,321.127535000,97.068236430,91.367810647
800,0x00,19,3.513022507,0.001251727,340.466719000,19.454784000,321.011935000,96.915609931,91.377705190
800,0x00,20,3.513568849,0.001869923,340.493147000,19.320019000,321.173128000,96.908061764,91.409373726
800,0x00,21,3.513182239,0.001270523,340.497419000,19.412731000,321.084688000,96.919942051,91.394259157
800,0x00,22,3.513154687,0.001355872,340.456770000,19.189465000,321.267305000,96.909131638,91.446956838
800,0x00,23,3.513114719,0.001275096,340.558882000,19.529613000,321.029269000,96.939300082,91.380240797
800,0x00,24,3.513217076,0.001362835,340.428877000,19.377880000,321.050997000,96.899471226,91.383763093
800,0x00,25,3.513165930,0.001228616,340.383834000,19.344860000,321.038974000,96.888060736,91.381671232
800,0x00,26,3.513718613,0.004270875,341.875406000,19.142163000,322.733243000,97.297320497,91.849484426
800,0x00,27,3.513221101,0.001270858,340.348128000,18.903272000,321.444856000,96.876375898,91.495766065
800,0x00,28,3.513579950,0.002068583,340.414839000,18.691359000,321.723480000,96.885468350,91.565720609
800,0x00,29,3.513057893,0.001196027,340.524458000,18.788160000,321.736298000,96.931069281,91.582976373
800,0x00,30,3.513665879,0.001881820,340.705732000,18.847913000,321.857819000,96.965887961,91.601714574
800,0x00,31,3.513084351,0.001259053,340.309249000,18.720960000,321.588289000,96.869079990,91.540155851
800,0x00,32,3.513200026,0.001372113,340.281294000,18.598097000,321.683197000,96.857933350,91.564156491
800,0x00,33,3.513266011,0.001280398,340.361189000,18.714552000,321.646637000,96.878855156,91.552030503
800,0x00,34,3.513141780,0.001365175,340.363020000,18.557692000,321.805328000,96.882802138,91.600438613
800,0x00,35,3.513554038,0.001585202,340.405379000,18.479078000,321.926301000,96.883490418,91.624121187
800,0x00,36,3.513461786,0.001917465,340.744611000,18.607069000,322.137542000,96.982586337,91.686650268
800,0x00,37,3.512973781,0.001331945,340.434187000,18.696729000,321.737458000,96.907693647,91.585499357
800,0x00,38,3.513252685,0.001296908,340.640974000,18.747328000,321.893646000,96.958859643,91.622685539
800,0x00,39,3.513176466,0.001377072,340.758099000,18.737867000,322.020232000,96.994301957,91.660705088
800,0x00,40,3.513549147,0.001539882,340.789227000,18.610120000,322.179107000,96.992873237,91.696200493
800,0x00,41,3.513182671,0.001376340,340.814008000,18.765760000,322.048248000,97.010044707,91.668517734
800,0x00,42,3.513324196,0.001739712,341.031232000,18.735609000,322.295623000,97.067965544,91.735235641
800,0x00,43,3.513069341,0.001383435,340.907575000,18.569167000,322.338408000,97.039808190,91.754069368
800,0x00,44,3.513244733,0.001309710,341.133892000,18.613478000,322.520414000,97.099381897,91.801294398
800,0x00,45,3.513068663,0.001348146,341.208782000,18.533155000,322.675627000,97.125565919,91.850076944
800,0x00,46,3.513102170,0.001223268,341.209209000,18.607618000,322.601591000,97.124761100,91.828126645
800,0x00,47,3.513195248,0.001377606,341.154828000,18.568495000,322.586333000,97.106708814,91.821350704
800,0x00,48,3.513567393,0.002131928,341.390422000,18.523940000,322.866482000,97.163476255,91.891358795
800,0x00,49,3.512923917,0.001314733,341.473125000,18.414748000,323.058377000,97.204816590,91.962816353
800,0x00,50,3.513712232,0.001725719,341.077985000,18.473646000,322.604339000,97.070551731,91.812965230
800,0x00,51,3.513086781,0.001311401,340.868207000,18.555434000,322.312773000,97.028120352,91.746316868
800,0x00,52,3.513697683,0.001422047,341.234966000,18.596144000,322.638822000,97.115630540,91.823159281
800,0x00,53,3.513163840,0.001340641,341.174419000,18.541395000,322.633024000,97.113153419,91.835461901
800,0x00,54,3.513134657,0.001199288,340.518599000,18.730970000,321.787629000,96.927283528,91.595586390
800,0x00,55,3.513232069,0.001371655,340.789838000,18.932691000,321.857147000,97.001800990,91.612834185
800,0x00,56,3.513662039,0.002047489,341.183514000,18.807325000,322.376189000,97.101972302,91.749344533
800,0x00,57,3.513109579,0.001317241,341.082562000,18.693495000,322.389067000,97.088506438,91.767438428
800,0x00,58,3.513238209,0.001366988,340.973127000,18.703383000,322.269744000,97.053802430,91.730114741
800,0x00,59,3.513180860,0.001209288,341.006573000,18.844129000,322.162444000,97.064906873,91.701070011
800,0x00,60,3.513533630,0.001633908,340.860639000,18.537245000,322.323394000,97.013626412,91.737671504
800,0x00,61,3.513163731,0.001234335,341.135906000,18.547010000,322.588896000,97.102193963,91.822904006
800,0x00,62,3.513162298,0.001297410,340.805402000,18.650037000,322.155365000,97.008157630,91.699539519
800,0x00,63,3.513012594,0.001161036,340.773908000,18.564528000,322.209380000,97.003326590,91.718822905
800,0x00,64,3.513212187,0.001318089,340.710432000,18.546400000,322.164032000,96.979747832,91.700704321
800,0x00,65,3.513054107,0.001179124,341.004070000,18.550673000,322.453397000,97.067696547,91.787199169
800,0x00,66,3.513091895,0.001254471,341.140668000,18.573195000,322.567473000,97.105534998,91.818683543
800,0x00,67,3.513285199,0.001215519,341.623332000,18.715833000,322.907499000,97.237574714,91.910414537
800,0x00,68,3.513607833,0.002091387,341.812907000,18.798597000,323.014310000,97.282600452,91.932374163
800,0x00,69,3.512968053,0.001224974,341.929057000,18.780287000,323.148770000,97.333380736,91.987392183
800,0x00,70,3.513568296,0.001602323,341.726359000,18.720045000,323.006314000,97.259062646,91.931132911
800,0x00,71,3.513064641,0.001150279,341.312359000,18.756788000,322.555571000,97.155160501,91.816007960
800,0x00,72,3.513160163,0.001296142,341.736613000,18.666945000,323.069668000,97.273280236,91.959846138
800,0x00,73,3.513089648,0.001208295,341.612651000,18.600234000,323.012417000,97.239946955,91.945395474
800,0x00,74,3.513090381,0.001283368,341.513102000,18.885449000,322.627653000,97.211590079,91.835853348
800,0x00,75,3.513131702,0.001212889,341.593791000,18.897168000,322.696623000,97.233414514,91.854405242
800,0x00,76,3.513135748,0.001267111,341.701700000,19.118786000,322.582914000,97.264018392,91.821932640
800,0x00,77,3.513103690,0.001164623,341.870341000,18.988233000,322.882108000,97.312909384,91.907935698
800,0x00,78,3.513121972,0.001300555,342.120523000,18.775404000,323.345119000,97.383616555,92.039252154
800,0x00,79,3.513088218,0.001150226,341.740397000,18.521071000,323.219326000,97.276349418,92.004329517
800,0x00,80,3.513505182,0.001606385,342.337381000,18.751661000,323.585720000,97.434716410,92.097692547
800,0x00,81,3.513245843,0.001285890,342.026163000,19.221692000,322.804471000,97.353324619,91.882118544
800,0x00,82,3.513064050,0.001188416,341.697245000,19.007092000,322.690153000,97.264735325,91.854332403
800,0x00,83,3.513073361,0.001251410,341.300640000,18.727857000,322.572783000,97.151583504,91.820679456
800,0x00,84,3.513240836,0.001188002,341.396404000,18.835340000,322.561064000,97.174210354,91.812966738
800,0x00,85,3.513115526,0.001245223,341.481731000,18.942456000,322.539275000,97.201964601,91.810039439
800,0x00,86,3.513119462,0.001173715,341.433880000,18.653944000,322.779936000,97.188235039,91.878440083
800,0x00,87,3.513762221,0.001474714,341.309917000,18.627210000,322.682707000,97.135177496,91.833962209
800,0x00,88,3.513632172,0.002022537,341.376690000,18.495619000,322.881071000,97.157776710,91.893816769
800,0x00,89,3.513100214,0.001265904,341.163311000,18.799757000,322.363554000,97.111750366,91.760420813
800,0x00,90,3.513568333,0.001755973,341.381634000,18.852308000,322.529326000,97.160949123,91.795375946
800,0x00,91,3.512924575,0.001259987,341.360637000,18.719618000,322.641019000,97.172777176,91.843992683
800,0x00,92,3.513113417,0.001183482,341.086895000,18.934277000,322.152618000,97.089633746,91.700033483
800,0x00,93,3.513923524,0.005240421,342.961768000,19.031995000,323.929773000,97.600805941,92.184639406
800,0x00,94,3.513076363,0.001187408,341.011334000,18.852919000,322.158415000,97.069149292,91.702650802
800,0x00,95,3.513179055,0.001296262,341.205547000,18.986401000,322.219146000,97.121593208,91.717256934
800,0x00,96,3.513081599,0.001156209,340.933514000,19.132275000,321.801239000,97.046853132,91.600843849
800,0x00,97,3.513087474,0.001239981,341.176922000,18.975842000,322.201080000,97.115976904,91.714505366
800,0x00,98,3.513218585,0.001207197,341.307903000,18.875745000,322.432158000,97.149634949,91.776856528
800,0x00,99,3.513559196,0.003894017,342.460671000,18.784010000,323.676661000,97.468308304,92.122159585
800,0xAA,0,3.513423051,0.001627860,341.762004000,19.060926000,322.701078000,97.273228712,91.848056246
800,0xAA,1,3.513077934,0.001379060,341.497844000,19.165600000,322.332244000,97.207591302,91.752090354
800,0xAA,2,3.513452090,0.002042593,341.743388000,19.142590000,322.600798000,97.267126254,91.818755389
800,0xAA,3,3.512994026,0.001296651,341.703044000,19.013318000,322.689726000,97.268324815,91.856041771
800,0xAA,4,3.513102088,0.001282759,341.472210000,19.106519000,322.365691000,97.199626259,91.760980151
800,0xAA,5,3.512918540,0.001335273,341.729106000,18.972608000,322.756498000,97.277833838,91.877023149
800,0xAA,6,3.513017206,0.001285320,341.889444000,18.843030000,323.046414000,97.320742810,91.956968910
800,0xAA,7,3.513007521,0.001340854,341.470317000,19.129223000,322.341094000,97.201703945,91.756448595
800,0xAA,8,3.512933977,0.001215286,341.530436000,19.343822000,322.186614000,97.220852480,91.714394880
800,0xAA,9,3.513228912,0.001491244,341.532573000,19.221569000,322.311004000,97.213299088,91.742101656
800,0xAA,10,3.513767980,0.002135230,341.449260000,18.995312000,322.453948000,97.174674584,91.768708081
800,0xAA,11,3.512957686,0.001306472,341.176800000,19.052685000,322.124115000,97.119530179,91.695984921
800,0xAA,12,3.513617706,0.003106727,341.956278000,19.482738000,322.473540000,97.323131479,91.778208944
800,0xAA,13,3.512958013,0.001289711,341.339641000,19.573437000,321.766204000,97.165875531,91.594093310
800,0xAA,14,3.514213596,0.006582184,343.618505000,19.643932000,323.974573000,97.779629965,92.189778505
800,0xAA,15,3.514006189,0.002620280,341.725626000,19.230358000,322.495268000,97.246734240,91.774245871
800,0xAA,16,3.512919565,0.001128209,340.956158000,19.083142000,321.873016000,97.057775374,91.625501264
800,0xAA,17,3.514032094,0.005806470,343.226355000,19.298534000,323.927821000,97.673084895,92.181235793
800,0xAA,18,3.513052735,0.001278961,341.133892000,19.110974000,322.022918000,97.104688652,91.664698010
800,0xAA,19,3.512926600,0.001181536,341.095013000,19.398815000,321.696198000,97.097107877,91.574984243
800,0xAA,20,3.513381527,0.001711126,340.927900000,19.573619000,321.354281000,97.036970603,91.465808221
800,0xAA,21,3.513117444,0.001205224,341.045635000,19.236950000,321.808685000,97.077777905,91.602028715
800,0xAA,22,3.513007900,0.001249929,341.103985000,19.332042000,321.771943000,97.097414729,91.594426250
800,0xAA,23,3.512961364,0.001185711,341.139996000,19.286389000,321.853607000,97.108951871,91.618886082
800,0xAA,24,3.513089802,0.001286192,341.225505000,19.375561000,321.849944000,97.129741692,91.614493836
800,0xAA,25,3.512960911,0.001150581,341.389996000,19.044873000,322.345123000,97.180129419,91.758812906
800,0xAA,26,3.513094784,0.001297437,341.416485000,19.031628000,322.384857000,97.183966275,91.766626531
800,0xAA,27,3.513454286,0.003310087,342.451943000,19.311108000,323.140835000,97.468734498,91.972403415
800,0xAA,28,3.512851646,0.001301413,341.328472000,19.242016000,322.086456000,97.165638163,91.688032520
800,0xAA,29,3.512990906,0.001200823,341.204327000,19.490490000,321.713837000,97.126447550,91.578329004
800,0xAA,30,3.513322039,0.001575897,341.304058000,19.104688000,322.199370000,97.145679847,91.707895383
800,0xAA,31,3.512652679,0.001074865,341.249432000,19.039013000,322.210419000,97.148640413,91.728516438
800,0xAA,32,3.512734403,0.001186312,341.170940000,18.929944000,322.240996000,97.124035257,91.735086983
800,0xAA,33,3.512716919,0.001083976,341.159344000,18.967602000,322.191742000,97.121217540,91.721521965
800,0xAA,34,3.512874434,0.001218516,341.356854000,19.074353000,322.282501000,97.173087275,91.743245316
800,0xAA,35,3.513595332,0.002012242,341.791117000,18.805371000,322.985746000,97.276744956,91.924571691
800,0xAA,36,3.512759148,0.001196643,341.648174000,18.699781000,322.948393000,97.259208395,91.935820080
800,0xAA,37,3.512740610,0.001096349,341.309612000,18.580580000,322.729032000,97.163340515,91.873858010
800,0xAA,38,3.512903684,0.001233888,341.303936000,18.915479000,322.388457000,97.157214280,91.772643367
800,0xAA,39,3.512805968,0.001083993,341.365764000,18.657484000,322.708280000,97.177517651,91.866241091
800,0xAA,40,3.513099080,0.001514523,341.402203000,18.649488000,322.752715000,97.179782062,91.871224697
800,0xAA,41,3.512981495,0.001259596,341.490032000,18.883618000,322.606414000,97.208036101,91.832653958
800,0xAA,42,3.512961319,0.001119339,341.314983000,18.857069000,322.457914000,97.158764923,91.790909348
800,0xAA,43,3.513052610,0.001278461,341.432170000,18.934095000,322.498075000,97.189597747,91.799956002
800,0xAA,44,3.512998151,0.001191590,341.364299000,18.854078000,322.510221000,97.171784410,91.804836525
800,0xAA,45,3.512788924,0.001316756,341.541423000,18.882276000,322.659147000,97.227994722,91.852699933
800,0xAA,46,3.512869736,0.001207951,341.198528000,18.988171000,322.210357000,97.128146979,91.722830975
800,0xAA,47,3.512931333,0.001284068,341.275249000,18.750867000,322.524382000,97.148283478,91.810613816
800,0xAA,48,3.512964529,0.001165782,341.285381000,18.705091000,322.580290000,97.150249649,91.825661016
800,0xAA,49,3.513397956,0.001489249,341.577006000,18.869398000,322.707608000,97.221268481,91.850570873
800,0xAA,50,3.513440836,0.001647612,341.314007000,19.284741000,322.029266000,97.145226845,91.656379330
800,0xAA,51,3.513020320,0.001284311,341.401226000,18.835401000,322.565825000,97.181682683,91.820085173
800,0xAA,52,3.513023761,0.001277805,341.418315000,18.666029000,322.752286000,97.186451954,91.873072294
800,0xAA,53,3.512950107,0.001266840,341.607097000,18.452955000,323.154142000,97.242228503,91.989391304
800,0xAA,54,3.512790242,0.001159072,341.178387000,18.444838000,322.733549000,97.124611355,91.873845800
800,0xAA,55,3.513099288,0.001323585,341.282879000,18.548415000,322.734464000,97.145810858,91.866024129
800,0xAA,56,3.512905610,0.001191022,341.439921000,18.528761000,322.911160000,97.195871147,91.921388124
800,0xAA,57,3.512920563,0.001266589,341.506267000,18.645521000,322.860746000,97.214343688,91.906645816
800,0xAA,58,3.513007847,0.001205843,341.473247000,18.530104000,322.943143000,97.202528960,91.927817145
800,0xAA,59,3.512996890,0.001250641,341.218914000,19.025464000,322.193450000,97.130434406,91.714698328
800,0xAA,60,3.513490413,0.001663610,341.448955000,19.048780000,322.400175000,97.182264595,91.760653104
800,0xAA,61,3.513288484,0.001687524,341.532879000,18.918287000,322.614592000,97.211737829,91.826957420
800,0xAA,62,3.512958887,0.001136431,341.286419000,18.894300000,322.392119000,97.150701142,91.772243663
800,0xAA,63,3.513058850,0.001277502,341.269939000,18.799391000,322.470548000,97.143245705,91.791957325
800,0xAA,64,3.512839314,0.001377741,341.334026000,18.655714000,322.678312000,97.167560339,91.856838062
800,0xAA,65,3.512920682,0.001177816,341.268475000,18.753187000,322.515288000,97.146649731,91.808303466
800,0xAA,66,3.512999241,0.001278675,341.361981000,18.722426000,322.639555000,97.171094442,91.841623891
800,0xAA,67,3.512806435,0.001192898,341.185223000,18.583997000,322.601226000,97.126109666,91.835753552
800,0xAA,68,3.512967048,0.001265568,341.174542000,18.774305000,322.400237000,97.118628584,91.774341336
800,0xAA,69,3.513065638,0.001185859,341.163738000,18.637282000,322.526456000,97.112827689,91.807694247
800,0xAA,70,3.513356098,0.001691186,341.332256000,18.870374000,322.461882000,97.152764054,91.781724662
800,0xAA,71,3.512965695,0.001129231,341.212932000,18.612929000,322.600003000,97.129594076,91.831242024
800,0xAA,72,3.513134256,0.001293733,341.549297000,18.610059000,322.939238000,97.220678766,91.923397865
800,0xAA,73,3.512919085,0.001166425,341.183452000,18.563857000,322.619595000,97.122490928,91.838037587
800,0xAA,74,3.512944692,0.001235720,341.324138000,18.654432000,322.669706000,97.161830856,91.851632822
800,0xAA,75,3.513050738,0.001161383,341.329815000,18.806287000,322.523528000,97.160513872,91.807250170
800,0xAA,76,3.512968093,0.001229613,341.372844000,18.768262000,322.604582000,97.175048266,91.832482805
800,0xAA,77,3.513047465,0.001181938,341.232647000,18.645949000,322.586698000,97.132945227,91.825317253
800,0xAA,78,3.513040458,0.001238795,341.290386000,19.068189000,322.222197000,97.149574592,91.721743849
800,0xAA,79,3.512984627,0.001134880,341.201091000,18.919995000,322.281096000,97.125699999,91.739967635
800,0xAA,80,3.513407743,0.001694220,341.518779000,18.901563000,322.617216000,97.204424864,91.824587288
800,0xAA,81,3.513238918,0.003022639,342.216592000,19.221387000,322.995205000,97.407719765,91.936589720
800,0xAA,82,3.512948282,0.001279242,341.350628000,18.914625000,322.436003000,97.169272238,91.785012784
800,0xAA,83,3.513000420,0.001168833,341.149945000,18.682936000,322.467009000,97.110704311,91.792476651
800,0xAA,84,3.513573694,0.001276085,341.393535000,18.807081000,322.586454000,97.164188017,91.811495107
800,0xAA,85,3.512996856,0.001170280,341.141156000,18.615309000,322.525847000,97.108300960,91.809318422
800,0xAA,86,3.512998609,0.001248136,341.098247000,19.240063000,321.858184000,97.096038159,91.619217602
800,0xAA,87,3.513027255,0.001235220,341.097149000,19.158154000,321.938995000,97.094933857,91.641473748
800,0xAA,88,3.512975386,0.001295523,341.169171000,19.077405000,322.091766000,97.116869173,91.686314471
800,0xAA,89,3.512987986,0.001279630,340.915265000,19.380321000,321.534944000,97.044244487,91.527481812
800,0xAA,90,3.513293604,0.001615114,341.071331000,19.054089000,322.017242000,97.080224266,91.656797947
800,0xAA,91,3.512890098,0.001200072,340.831342000,18.743543000,322.087799000,97.023058652,91.687411229
800,0xAA,92,3.512933759,0.001123362,340.909772000,18.988660000,321.921112000,97.044178863,91.638822171
800,0xAA,93,3.512729915,0.001156919,340.940228000,18.842237000,322.097991000,97.058480525,91.694493695
800,0xAA,94,3.512615470,0.001032032,340.941327000,18.881177000,322.060150000,97.061955647,91.686708297
800,0xAA,95,3.512896536,0.001202948,341.267864000,19.005811000,322.262053000,97.147143531,91.736847269
800,0xAA,96,3.513493624,0.002415727,341.442485000,19.049817000,322.392668000,97.180334323,91.758432637
800,0xAA,97,3.512883759,0.001227980,341.209393000,19.008374000,322.201019000,97.130852151,91.719806609
800,0xAA,98,3.512885236,0.001155809,341.099773000,18.993847000,322.105926000,97.099606188,91.692698270
800,0xAA,99,3.512870280,0.001240972,340.956402000,18.917493000,322.038909000,97.059206535,91.674011098
1000,0x00,0,2.810017448,0.001086611,283.353706000,14.920433000,268.433273000,100.836991679,95.527262015
1000,0x00,1,2.809834339,0.000859862,283.355781000,14.901817000,268.453964000,100.844301402,95.540851020
1000,0x00,2,2.809686388,0.000703262,283.328620000,14.750572000,268.578048000,100.839944688,95.590044891
1000,0x00,3,2.809707509,0.000834647,283.361335000,14.909996000,268.451339000,100.850830241,95.544229482
1000,0x00,4,2.809713769,0.000824306,283.580451000,14.885216000,268.695235000,100.928590697,95.630821165
1000,0x00,5,2.809716862,0.000856539,283.436347000,14.939415000,268.496932000,100.877191869,95.560138325
1000,0x00,6,2.809687167,0.000804023,283.299690000,15.227683000,268.072007000,100.829620212,95.409912575
1000,0x00,7,2.809828324,0.000918809,283.390082000,15.038048000,268.352034000,100.856724794,95.504779314
1000,0x00,8,2.809930110,0.000996350,283.309150000,15.161277000,268.147873000,100.824269259,95.428662818
1000,0x00,9,2.809822458,0.000932296,283.134712000,14.998253000,268.136459000,100.766050598,95.428256761
1000,0x00,10,2.810045579,0.001221547,283.393501000,15.076011000,268.317490000,100.850143892,95.485102445
1000,0x00,11,2.809735361,0.000830865,283.287300000,15.031151000,268.256149000,100.823481066,95.473813191
1000,0x00,12,2.809714318,0.000779705,283.274666000,15.058494000,268.216172000,100.819739655,95.460300119
1000,0x00,13,2.809720086,0.000833487,283.307502000,14.938683000,268.368819000,100.831219234,95.514432315
1000,0x00,14,2.809637207,0.000807204,283.237373000,15.010094000,268.227279000,100.809233425,95.466873221
1000,0x00,15,2.809706498,0.000866047,283.127937000,15.106895000,268.021042000,100.767798067,95.391117260
1000,0x00,16,2.810100019,0.000854875,283.329841000,15.049278000,268.280563000,100.825536140,95.470111813
1000,0x00,17,2.809827718,0.000877827,283.219734000,14.962120000,268.257614000,100.796120757,95.471196420
1000,0x00,18,2.809725273,0.000769259,283.213264000,14.987632000,268.225632000,100.797493183,95.463294802
1000,0x00,19,2.809717593,0.000816973,283.219551000,15.017601000,268.201950000,100.800006277,95.455127120
1000,0x00,20,2.810030379,0.001218425,283.367133000,15.321372000,268.045761000,100.841305882,95.388919276
1000,0x00,21,2.809562932,0.000783554,283.211250000,15.326072000,267.885178000,100.802600579,95.347633962
1000,0x00,22,2.809753103,0.000887252,283.352729000,15.103599000,268.249130000,100.846130803,95.470712237
1000,0x00,23,2.809757935,0.000766935,283.379401000,15.113181000,268.266220000,100.855450025,95.476630444
1000,0x00,24,2.809687612,0.000833340,283.246223000,15.145347000,268.100876000,100.810574748,95.420172293
1000,0x00,25,2.809664916,0.000840332,283.222908000,15.024559000,268.198349000,100.803090929,95.455635111
1000,0x00,26,2.809757936,0.000855702,283.320503000,15.008507000,268.311996000,100.834488044,95.492922207
1000,0x00,27,2.809690097,0.000837739,283.263740000,14.891747000,268.371993000,100.816720067,95.516581445
1000,0x00,28,2.809657110,0.000809830,283.303291000,14.877769000,268.425522000,100.831980534,95.536754668
1000,0x00,29,2.809751635,0.000777770,283.312996000,14.992149000,268.320847000,100.832042411,95.496286462
1000,0x00,30,2.810107215,0.001163885,283.342048000,15.076927000,268.265121000,100.829621892,95.464372154
1000,0x00,31,2.809669237,0.000812630,283.163032000,14.909020000,268.254012000,100.781625205,95.475299534
1000,0x00,32,2.809685189,0.000843122,283.190376000,14.881127000,268.309249000,100.790785073,95.494416975
1000,0x00,33,2.809801340,0.000866948,283.314399000,14.928245000,268.386154000,100.830758023,95.517839708
1000,0x00,34,2.809646017,0.000711773,283.291084000,14.831017000,268.460067000,100.828033955,95.549427002
1000,0x00,35,2.809659342,0.000839211,283.223457000,14.976829000,268.246628000,100.803486306,95.473007705
1000,0x00,36,2.809704082,0.000839834,283.156685000,15.048546000,268.108139000,100.778116397,95.422197923
1000,0x00,37,2.809694086,0.000866197,283.154548000,14.988487000,268.166061000,100.777714358,95.443152465
1000,0x00,38,2.809698682,0.000793161,283.091194000,14.880577000,268.210617000,100.755001175,95.458854263
1000,0x00,39,2.809697984,0.000715046,283.248482000,14.750817000,268.497665000,100.811006612,95.561041283
1000,0x00,40,2.810157068,0.001240161,283.329109000,14.857873000,268.471236000,100.823228783,95.536025029
1000,0x00,41,2.809598064,0.000780144,283.187386000,14.795433000,268.391953000,100.792846345,95.526814457
1000,0x00,42,2.809691075,0.000850302,283.356269000,14.876610000,268.479659000,100.849617087,95.554867734
1000,0x00,43,2.809734706,0.000840712,283.320808000,14.873131000,268.447677000,100.835430259,95.542001321
1000,0x00,44,2.809881080,0.000930897,283.521247000,14.756920000,268.764327000,100.901511103,95.649715892
1000,0x00,45,2.809660829,0.000708467,283.347053000,14.914208000,268.432845000,100.847422622,95.539234584
1000,0x00,46,2.809665882,0.000792116,283.359809000,15.019431000,268.340378000,100.851781288,95.506152437
1000,0x00,47,2.809724051,0.000860573,283.330085000,14.916404000,268.413681000,100.839114413,95.530264244
1000,0x00,48,2.809716366,0.000812766,283.523200000,15.148582000,268.374618000,100.908121342,95.516622690
1000,0x00,49,2.809592440,0.000798920,283.201423000,15.098228000,268.103195000,100.798044230,95.424229941
1000,0x00,50,2.810050865,0.001322553,283.480964000,15.212547000,268.268417000,100.881079247,95.467459448
1000,0x00,51,2.809554828,0.000783986,283.442328000,14.938683000,268.503645000,100.885138533,95.568038880
1000,0x00,52,2.809537325,0.000800599,283.148567000,15.183982000,267.964585000,100.781208507,95.376766337
1000,0x00,53,2.810113077,0.003896107,284.889042000,14.944725000,269.944317000,101.379921105,96.061727640
1000,0x00,54,2.809773023,0.000871909,283.467597000,14.936668000,268.530929000,100.886297455,95.570327845
1000,0x00,55,2.809827595,0.000854803,283.372078000,14.987022000,268.385056000,100.850343457,95.516556421
1000,0x00,56,2.809655180,0.000727246,283.174324000,14.779991000,268.394333000,100.786148433,95.525719643
1000,0x00,57,2.809764467,0.000863700,284.081304000,14.858727000,269.222577000,101.105024041,95.816777580
1000,0x00,58,2.810104238,0.000830538,284.233281000,14.892479000,269.340802000,101.146881711,95.847263712
1000,0x00,59,2.809729925,0.000833484,283.664740000,14.947838000,268.716902000,100.958009322,95.637982701
1000,0x00,60,2.810041017,0.001188043,283.769293000,14.878624000,268.890669000,100.984039473,95.689232775
1000,0x00,61,2.809618882,0.000738510,283.921637000,15.025597000,268.896040000,101.053434249,95.705521372
1000,0x00,62,2.809640934,0.000820906,283.717109000,15.071983000,268.645126000,100.979846074,95.615465587
1000,0x00,63,2.809694971,0.000813408,283.604682000,15.109885000,268.494797000,100.937890043,95.560123005
1000,0x00,64,2.809760539,0.000850657,283.706793000,15.271201000,268.435592000,100.971876091,95.536821827
1000,0x00,65,2.809873199,0.000917318,283.705085000,15.304587000,268.400498000,100.967219826,95.520501802
1000,0x00,66,2.809754441,0.000872344,283.526740000,15.015220000,268.511520000,100.908013815,95.564052158
1000,0x00,67,2.809700404,0.000747501,283.648932000,15.287559000,268.361373000,100.953443853,95.512451291
1000,0x00,68,2.809719169,0.000842475,283.538397000,14.951560000,268.586837000,100.913429393,95.592057719
1000,0x00,69,2.809723796,0.000856434,283.497443000,15.091209000,268.406234000,100.898687421,95.527622471
1000,0x00,70,2.810028473,0.001206773,283.684759000,15.154014000,268.530745000,100.954407317,95.561574416
1000,0x00,71,2.809619662,0.000828689,283.722967000,14.901146000,268.821821000,100.982695577,95.679078791
1000,0x00,72,2.809755601,0.000796475,283.229195000,14.826561000,268.402634000,100.802075081,95.525259902
1000,0x00,73,2.811630060,0.004554060,285.049807000,15.145835000,269.903972000,101.382401294,95.995549297
1000,0x00,74,2.809638429,0.000854007,283.301765000,14.846153000,268.455612000,100.832107830,95.548099451
1000,0x00,75,2.809734377,0.000851668,283.113777000,14.791710000,268.322067000,100.761758587,95.497307214
1000,0x00,76,2.809755047,0.000918476,283.356391000,14.757714000,268.598677000,100.847364376,95.595051005
1000,0x00,77,2.809716222,0.000821744,283.341926000,14.898705000,268.443221000,100.843609674,95.541043926
1000,0x00,78,2.809646593,0.000739094,283.362556000,14.849754000,268.512802000,100.853451350,95.568176670
1000,0x00,79,2.809727440,0.000894115,283.337654000,14.882957000,268.454697000,100.841686616,95.544746854
1000,0x00,80,2.810056071,0.001431019,283.716497000,14.936424000,268.780073000,100.964710254,95.649362936
1000,0x00,81,2.809612708,0.000844017,283.632392000,14.799218000,268.833174000,100.950707973,95.683356371
1000,0x00,82,2.809776636,0.000870988,283.395698000,14.972679000,268.423019000,100.860578879,95.531799784
1000,0x00,83,2.809680161,0.000755048,283.331733000,15.001915000,268.329818000,100.841276130,95.501908609
1000,0x00,84,2.809692093,0.000859731,283.517524000,15.091331000,268.426193000,100.906972932,95.535803957
1000,0x00,85,2.809664252,0.000815423,283.442695000,15.117942000,268.324753000,100.881340102,95.500646666
1000,0x00,86,2.809767547,0.000898419,283.540289000,15.238730000,268.301559000,100.912365273,95.488881036
1000,0x00,87,2.809745288,0.000850112,283.444465000,15.081993000,268.362472000,100.879060543,95.511316689
1000,0x00,88,2.809647872,0.000749143,283.368049000,15.027366000,268.340683000,100.855360511,95.506873196
1000,0x00,89,2.809743245,0.000895246,283.399421000,15.224021000,268.175400000,100.863102539,95.444806391
1000,0x00,90,2.810056415,0.001348221,283.745978000,15.203575000,268.542403000,100.975189133,95.564772844
1000,0x00,91,2.809630621,0.000851590,283.315437000,15.134849000,268.180588000,100.837254137,95.450478778
1000,0x00,92,2.809682172,0.000825176,283.369391000,14.974144000,268.395247000,100.854606901,95.525127237
1000,0x00,93,2.810038396,0.002365291,284.098271000,15.260337000,268.837934000,101.101206088,95.670555382
1000,0x00,94,2.809727079,0.000756238,283.276924000,15.131064000,268.145860000,100.820085369,95.434842043
1000,0x00,95,2.809827914,0.000995444,283.311835000,15.009545000,268.302290000,100.828891897,95.487089673
1000,0x00,96,2.809957147,0.001441143,283.794317000,14.985618000,268.808699000,100.995959078,95.662917605
1000,0x00,97,2.809739341,0.000891661,283.305732000,14.909386000,268.396346000,100.829898316,95.523574777
1000,0x00,98,2.809677542,0.000843490,283.375007000,14.802819000,268.572188000,100.856771913,95.588260214
1000,0x00,99,2.809681453,0.000723189,283.392463000,14.989097000,268.403366000,100.862844312,95.528041329
1000,0xAA,0,2.810028248,0.000995935,283.442817000,14.899803000,268.543014000,100.868315882,95.565948189
1000,0xAA,1,2.809746661,0.000878202,283.272041000,15.043114000,268.228927000,100.817644858,95.463740818
1000,0xAA,2,2.809777293,0.000847540,283.667914000,15.324302000,268.343612000,100.957436979,95.503516471
1000,0xAA,3,2.809682085,0.000845927,283.364265000,15.026939000,268.337326000,100.852785645,95.504515433
1000,0xAA,4,2.809735877,0.000926040,283.404915000,15.126731000,268.278184000,100.865322362,95.481638037
1000,0xAA,5,2.809705973,0.000771873,283.494879000,15.082786000,268.412093000,100.898414905,95.530313707
1000,0xAA,6,2.809722678,0.000857707,283.699652000,15.145653000,268.553999000,100.970695158,95.580251070
1000,0xAA,7,2.809675460,0.000831408,283.431098000,15.085654000,268.345444000,100.876810152,95.507629899
1000,0xAA,8,2.809711004,0.000836450,283.594611000,14.893639000,268.700972000,100.933729692,95.632957129
1000,0xAA,9,2.809772061,0.000850322,283.446357000,14.988731000,268.457626000,100.878772682,95.544271990
1000,0xAA,10,2.810043826,0.001102400,283.370918000,14.897912000,268.473006000,100.842170284,95.540504928
1000,0xAA,11,2.809542750,0.000671744,283.641425000,14.851646000,268.789779000,100.956436789,95.670293340
1000,0xAA,12,2.809661539,0.000819339,283.449897000,14.776696000,268.673201000,100.884000829,95.624756683
1000,0xAA,13,2.809710754,0.000843737,283.532294000,14.864219000,268.668075000,100.911559520,95.621257314
1000,0xAA,14,2.809714037,0.000792386,283.514838000,14.971336000,268.543502000,100.905228900,95.576809066
1000,0xAA,15,2.809693678,0.000835271,283.594123000,15.112510000,268.481613000,100.934178435,95.555474657
1000,0xAA,16,2.809777719,0.000780522,283.557074000,15.011680000,268.545394000,100.917973708,95.575316210
1000,0xAA,17,2.809693685,0.000796518,283.349250000,14.880027000,268.469223000,100.847025244,95.551064663
1000,0xAA,18,2.809745478,0.000856772,283.564338000,14.832237000,268.732101000,100.921717028,95.642862726
1000,0xAA,19,2.809764311,0.000842689,283.274971000,14.921959000,268.353012000,100.818054340,95.507303207
1000,0xAA,20,2.810084843,0.001157028,283.439032000,14.849572000,268.589460000,100.864937491,95.580551847
1000,0xAA,21,2.809700431,0.000799311,283.328681000,14.783593000,268.545088000,100.839462421,95.577836363
1000,0xAA,22,2.809626974,0.000714035,283.322211000,14.913964000,268.408247000,100.839796021,95.531630868
1000,0xAA,23,2.809731646,0.000890913,283.308784000,14.926536000,268.382248000,100.831260656,95.518818801
1000,0xAA,24,2.809586744,0.000779604,283.486579000,14.844017000,268.642562000,100.899742501,95.616397172
1000,0xAA,25,2.809571481,0.000791798,283.659796000,14.921592000,268.738204000,100.961943109,95.650958106
1000,0xAA,26,2.809629287,0.000796539,283.322395000,15.038597000,268.283798000,100.839778496,95.487258479
1000,0xAA,27,2.809560356,0.000682073,283.431953000,15.099448000,268.332505000,100.881247289,95.506937401
1000,0xAA,28,2.809649649,0.000790488,283.464485000,15.275168000,268.189317000,100.889619854,95.452939161
1000,0xAA,29,2.809568665,0.000753926,283.467841000,15.324851000,268.142990000,100.893722414,95.439201515
1000,0xAA,30,2.809972768,0.001098780,283.573188000,15.263632000,268.309556000,100.916703270,95.484753119
1000,0xAA,31,2.809616475,0.000775056,283.409736000,15.212730000,268.197006000,100.871324808,95.456802884
1000,0xAA,32,2.809454645,0.000649895,283.649177000,15.019859000,268.629318000,100.962362050,95.616178930
1000,0xAA,33,2.809644161,0.000821520,283.667914000,15.125022000,268.542892000,100.962220762,95.578968957
1000,0xAA,34,2.809646147,0.000801855,283.780584000,14.994712000,268.785872000,101.002250522,95.665382028
1000,0xAA,35,2.809608780,0.000786647,283.632209000,14.933678000,268.698531000,100.950783957,95.635567794
1000,0xAA,36,2.809607252,0.000762124,283.490973000,15.070824000,268.420149000,100.900569920,95.536537638
1000,0xAA,37,2.809598967,0.000818594,283.579901000,14.929589000,268.650312000,100.932518946,95.618739587
1000,0xAA,38,2.810577110,0.004090688,284.985416000,15.119713000,269.865703000,101.397472786,96.017896845
1000,0xAA,39,2.809440548,0.000722029,283.431098000,14.989951000,268.441147000,100.885245014,95.549680603
1000,0xAA,40,2.809760240,0.001052149,283.440742000,14.890221000,268.550521000,100.877198706,95.577735503
1000,0xAA,41,2.809508735,0.000767085,283.461371000,14.805809000,268.655562000,100.893571688,95.623679193
1000,0xAA,42,2.809519735,0.000768980,283.272163000,14.763390000,268.508773000,100.825831364,95.571057811
1000,0xAA,43,2.809519261,0.000672986,283.171150000,14.943504000,268.227646000,100.789894520,95.471011604
1000,0xAA,44,2.809499589,0.000760170,283.221260000,14.912560000,268.308700000,100.808436189,95.500530090
1000,0xAA,45,2.809735472,0.000817750,283.476386000,14.962547000,268.513839000,100.890773811,95.565522681
1000,0xAA,46,2.809690637,0.000773936,283.420539000,14.825584000,268.594955000,100.872507204,95.595917744
1000,0xAA,47,2.809682811,0.000823927,283.360480000,14.768944000,268.591536000,100.851412447,95.594967149
1000,0xAA,48,2.809759253,0.000829473,283.491950000,14.777795000,268.714155000,100.895459188,95.636006804
1000,0xAA,49,2.809607418,0.000694340,283.436591000,14.756066000,268.680525000,100.881208231,95.629205440
1000,0xAA,50,2.810004851,0.001361097,283.542487000,14.930626000,268.611861000,100.904625466,95.591244602
1000,0xAA,51,2.809689025,0.000796541,283.432685000,14.870995000,268.561690000,100.876887962,95.584133188
1000,0xAA,52,2.810108158,0.001045978,283.351143000,14.929161000,268.421982000,100.832824604,95.520160407
1000,0xAA,53,2.809662548,0.000787422,283.473578000,15.100120000,268.373458000,100.892393011,95.518039421
1000,0xAA,54,2.809640396,0.000705287,283.364448000,15.280235000,268.084213000,100.854347206,95.415845174
1000,0xAA,55,2.809766387,0.000865905,283.380317000,15.282493000,268.097824000,100.855472652,95.416410860
1000,0xAA,56,2.809673742,0.000770093,283.314521000,15.075951000,268.238570000,100.835380536,95.469650426
1000,0xAA,57,2.809706247,0.000825396,283.348884000,15.107932000,268.240952000,100.846444098,95.469393734
1000,0xAA,58,2.809728058,0.000824705,283.358161000,14.942588000,268.415573000,100.848963024,95.530801375
1000,0xAA,59,2.809698360,0.000726523,283.419807000,15.070274000,268.349533000,100.871969405,95.508306809
1000,0xAA,60,2.809987023,0.001169505,283.480170000,15.173179000,268.306991000,100.883088682,95.483355915
1000,0xAA,61,2.809636071,0.000777012,283.233345000,15.171653000,268.061692000,100.807840521,95.407976405
1000,0xAA,62,2.809758711,0.000888782,283.496955000,14.905845000,268.591110000,100.897259932,95.592233226
1000,0xAA,63,2.809756249,0.000829076,283.446479000,14.892784000,268.553695000,100.879383794,95.579000885
1000,0xAA,64,2.810250098,0.003492307,284.558292000,15.148948000,269.409344000,101.257283914,95.866678995
1000,0xAA,65,2.809750411,0.000779234,283.392769000,15.044090000,268.348679000,100.860477823,95.506233567
1000,0xAA,66,2.811707550,0.002941164,283.957647000,15.167930000,268.789717000,100.991174203,95.596612453
1000,0xAA,67,2.809679598,0.000855694,283.483588000,14.993675000,268.489913000,100.895343455,95.558907581
1000,0xAA,68,2.809659065,0.000808300,283.280464000,15.036644000,268.243820000,100.823785897,95.472017710
1000,0xAA,69,2.809738738,0.000873807,283.281929000,15.095054000,268.186875000,100.821448340,95.449043498
1000,0xAA,70,2.810029806,0.001085793,283.283759000,15.133201000,268.150558000,100.811656293,95.426232634
1000,0xAA,71,2.809689464,0.000901073,283.500190000,14.987206000,268.512984000,100.900897995,95.566783249
1000,0xAA,72,2.809707635,0.000828581,283.537787000,15.100059000,268.437728000,100.913626559,95.539380921
1000,0xAA,73,2.809777043,0.000842560,283.414314000,15.206321000,268.207993000,100.867189685,95.455258145
1000,0xAA,74,2.809737864,0.000842071,283.484565000,15.093650000,268.390915000,100.893598862,95.521692040
1000,0xAA,75,2.809670404,0.000800767,283.336616000,14.858788000,268.477828000,100.843364244,95.554919031
1000,0xAA,76,2.809738041,0.000757476,283.253120000,15.263510000,267.989610000,100.811220091,95.378859572
1000,0xAA,77,2.809707142,0.000846285,283.612189000,14.994530000,268.617659000,100.940124609,95.603436747
1000,0xAA,78,2.809699230,0.000797091,283.423590000,14.919091000,268.504499000,100.873284582,95.563431185
1000,0xAA,79,2.809688040,0.000835795,283.598273000,14.794213000,268.804060000,100.935858001,95.670428960
1000,0xAA,80,2.810537634,0.001352081,283.673895000,14.757774000,268.916121000,100.932252802,95.681380578
1000,0xAA,81,2.809520853,0.000689932,283.790411000,14.677575000,269.112836000,101.010252586,95.786025478
1000,0xAA,82,2.809727441,0.000852854,283.520941000,14.721886000,268.799055000,100.906919598,95.667306038
1000,0xAA,83,2.809728875,0.000830261,283.486091000,14.843712000,268.642379000,100.894464770,95.611495253
1000,0xAA,84,2.809746632,0.000870586,283.389655000,14.880638000,268.509017000,100.859505173,95.563426932
1000,0xAA,85,2.809661955,0.000797295,283.413764000,14.899681000,268.514083000,100.871125622,95.568110085
1000,0xAA,86,2.809664086,0.000850569,283.691779000,14.855064000,268.836715000,100.969998659,95.682866979
1000,0xAA,87,2.809770924,0.000798093,283.530463000,14.786889000,268.743574000,100.908746899,95.646079799
1000,0xAA,88,2.809675926,0.000800982,283.582465000,14.768028000,268.814437000,100.930666915,95.674534752
1000,0xAA,89,2.809726746,0.000844337,283.546332000,14.851280000,268.695052000,100.915981373,95.630314353
1000,0xAA,90,2.810100042,0.001179364,283.399299000,14.926475000,268.472824000,100.850252588,95.538528884
1000,0xAA,91,2.809638940,0.000868117,283.565803000,14.912193000,268.653610000,100.926065240,95.618553024
1000,0xAA,92,2.809619684,0.000688066,283.487372000,14.952965000,268.534407000,100.898841805,95.576781639
1000,0xAA,93,2.809691315,0.000810839,283.445807000,14.866967000,268.578840000,100.881475997,95.590159147
1000,0xAA,94,2.809762447,0.000874286,283.445136000,14.864586000,268.580550000,100.878683295,95.588347802
1000,0xAA,95,2.809752408,0.000847182,283.510322000,14.759850000,268.750472000,100.902243633,95.649165120
1000,0xAA,96,2.809817131,0.000993050,283.587043000,14.788537000,268.798506000,100.927223996,95.664056925
1000,0xAA,97,2.810013577,0.001393017,283.690619000,14.876610000,268.814009000,100.957027858,95.662886178
1000,0xAA,98,2.809678170,0.000880866,283.624884000,14.874779000,268.750105000,100.945683754,95.651561759
1000,0xAA,99,2.809707890,0.000849045,283.358710000,14.907249000,268.451461000,100.849882282,95.544259925
1200,0x00,0,2.341288052,0.001079543,236.527348000,12.608122000,223.919226000,101.024454391,95.639332304
1200,0x00,1,2.342007955,0.006288880,238.840026000,12.966397000,225.873629000,101.980877325,96.444432852
1200,0x00,2,2.340953192,0.000577338,236.320684000,12.729094000,223.591590000,100.950623362,95.513054578
1200,0x00,3,2.341051632,0.000641540,236.216741000,12.662870000,223.553871000,100.901978318,95.492926323
1200,0x00,4,2.340984651,0.000661942,236.261114000,12.594450000,223.666664000,100.923820179,95.543840438
1200,0x00,5,2.340956226,0.000582343,236.447393000,12.563994000,223.883399000,101.004619540,95.637584540
1200,0x00,6,2.340942898,0.000574287,236.295110000,12.486296000,223.808814000,100.940142643,95.606267984
1200,0x00,7,2.341075870,0.000722031,236.333502000,12.632841000,223.700661000,100.950808561,95.554639577
1200,0x00,8,2.340973315,0.000610597,236.400701000,12.629301000,223.771400000,100.983936677,95.589043484
1200,0x00,9,2.341017101,0.000576694,236.465154000,12.672819000,223.792335000,101.009579927,95.596198285
1200,0x00,10,2.341295529,0.001138809,236.951969000,12.467498000,224.484471000,101.205493308,95.880450893
1200,0x00,11,2.341017884,0.000607331,236.523015000,12.699369000,223.823646000,101.034262311,95.609541259
1200,0x00,12,2.341015024,0.000603120,236.298712000,12.522734000,223.775978000,100.938571335,95.589295969
1200,0x00,13,2.340979727,0.000687158,236.415594000,12.508757000,223.906837000,100.990021950,95.646636505
1200,0x00,14,2.340975453,0.000574862,236.318670000,12.478606000,223.840064000,100.948803067,95.618287540
1200,0x00,15,2.341012554,0.000608368,236.275945000,12.650603000,223.625342000,100.928952567,95.525050320
1200,0x00,16,2.341022945,0.000686002,236.359014000,12.514433000,223.844581000,100.963988629,95.618277248
1200,0x00,17,2.340953794,0.000574075,236.217535000,12.533781000,223.683754000,100.906534591,95.552400292
1200,0x00,18,2.340964367,0.000561895,236.322942000,12.469390000,223.853552000,100.951106014,95.624502084
1200,0x00,19,2.340987484,0.000676378,236.406438000,12.463591000,223.942847000,100.985776156,95.661701983
1200,0x00,20,2.341701820,0.000966284,236.886601000,12.410735000,224.475866000,101.160019177,95.860140732
1200,0x00,21,2.340928897,0.000655576,236.566656000,12.390349000,224.176307000,101.056745590,95.763825752
1200,0x00,22,2.340990830,0.000566302,236.501958000,12.410613000,224.091345000,101.026435033,95.724999059
1200,0x00,23,2.341020725,0.000562962,236.702946000,12.339812000,224.363134000,101.110999796,95.839875166
1200,0x00,24,2.341046210,0.000697002,236.719304000,12.427275000,224.292029000,101.116886549,95.808458655
1200,0x00,25,2.341016873,0.000592405,236.889408000,12.421355000,224.468053000,101.190816128,95.884850528
1200,0x00,26,2.340962244,0.000552916,236.578862000,12.504240000,224.074622000,101.060520122,95.719024320
1200,0x00,27,2.340980181,0.000641769,236.734563000,12.467314000,224.267249000,101.126256832,95.800575691
1200,0x00,28,2.341019610,0.000599851,236.575017000,12.409331000,224.165686000,101.056401233,95.755578059
1200,0x00,29,2.341028357,0.000595558,236.537053000,12.400969000,224.136084000,101.039806821,95.742575388
1200,0x00,30,2.341273341,0.000994565,237.028629000,12.365752000,224.662877000,101.239195281,95.957559949
1200,0x00,31,2.340899020,0.000560886,236.498296000,12.352385000,224.145911000,101.028832933,95.752063241
1200,0x00,32,2.340958092,0.000598763,236.584844000,12.397368000,224.187476000,101.063254747,95.767402573
1200,0x00,33,2.341009342,0.000665611,236.833317000,12.403045000,224.430272000,101.167181500,95.869020243
1200,0x00,34,2.340980991,0.000550213,236.441350000,12.417876000,224.023474000,101.000969622,95.696408822
1200,0x00,35,2.340985782,0.000552057,236.797245000,12.455474000,224.341771000,101.152790766,95.832180066
1200,0x00,36,2.341012920,0.000664620,236.786931000,12.382048000,224.404883000,101.147212383,95.858028417
1200,0x00,37,2.341027874,0.000592027,236.630070000,12.491301000,224.138769000,101.079561075,95.743742080
1200,0x00,38,2.341019073,0.000584019,236.703313000,12.470488000,224.232825000,101.111227884,95.784279402
1200,0x00,39,2.341026248,0.000641166,236.812626000,12.571257000,224.241369000,101.157612489,95.787635535
1200,0x00,40,2.341256025,0.000923972,237.132877000,12.639860000,224.493017000,101.284470605,95.885718881
1200,0x00,41,2.340941321,0.000585254,236.688664000,12.619230000,224.069434000,101.108328477,95.717663667
1200,0x00,42,2.341026679,0.000694009,236.885929000,12.355925000,224.530004000,101.188906192,95.910912092
1200,0x00,43,2.341691887,0.004331590,238.347169000,12.549529000,225.797640000,101.784171677,96.424999929
1200,0x00,44,2.340985019,0.000572752,236.614568000,12.390655000,224.223913000,101.074789481,95.781865820
1200,0x00,45,2.341033417,0.000666733,236.828862000,12.451567000,224.377295000,101.164238089,95.845404574
1200,0x00,46,2.341002068,0.000595758,236.645024000,12.372588000,224.272436000,101.087063213,95.801895732
1200,0x00,47,2.340987165,0.000664491,236.867314000,12.232878000,224.634436000,101.182662414,95.957141239
1200,0x00,48,2.340968029,0.000567300,236.669133000,12.267852000,224.401281000,101.098831802,95.858327938
1200,0x00,49,2.340995749,0.000591504,236.653691000,12.330291000,224.323400000,101.091038339,95.823924546
1200,0x00,50,2.341317521,0.001011950,237.487368000,12.410918000,225.076450000,101.433216931,96.132390413
1200,0x00,51,2.340905409,0.000543344,236.718388000,12.456694000,224.261694000,101.122577217,95.801262673
1200,0x00,52,2.340961617,0.000553598,236.607121000,12.494108000,224.113013000,101.072618740,95.735449643
1200,0x00,53,2.340989331,0.000686058,236.765263000,12.549407000,224.215856000,101.138975675,95.778247698
1200,0x00,54,2.340972197,0.000608848,236.893681000,12.585050000,224.308631000,101.194572622,95.818579684
1200,0x00,55,2.340988652,0.000616933,236.851872000,12.460173000,224.391699000,101.176001780,95.853390331
1200,0x00,56,2.340965229,0.000661494,236.598881000,12.401763000,224.197118000,101.068942891,95.771229431
1200,0x00,57,2.340980845,0.000562144,236.747136000,12.588042000,224.159094000,101.131598961,95.754347786
1200,0x00,58,2.341008027,0.000595343,236.475713000,12.796049000,223.679664000,101.014481900,95.548439558
1200,0x00,59,2.341033332,0.000707419,237.001346000,12.642485000,224.358861000,101.237920354,95.837533769
1200,0x00,60,2.341260087,0.000934207,237.120853000,12.684415000,224.436438000,101.279159158,95.861386451
1200,0x00,61,2.340876869,0.000551822,236.575811000,12.478789000,224.097022000,101.062902617,95.732084423
1200,0x00,62,2.341073110,0.000677501,236.932499000,12.479704000,224.452795000,101.206791884,95.876029701
1200,0x00,63,2.340973280,0.000600193,236.706304000,12.407072000,224.299232000,101.114483443,95.814520344
1200,0x00,64,2.340974352,0.000550421,236.912785000,12.382232000,224.530553000,101.202640164,95.913290459
1200,0x00,65,2.341004785,0.000671364,237.057437000,12.322783000,224.734654000,101.263115123,95.999228829
1200,0x00,66,2.340955973,0.000559657,236.952702000,12.339690000,224.613012000,101.220486287,95.949267973
1200,0x00,67,2.341083834,0.000643786,237.194522000,12.382048000,224.812474000,101.318252086,96.029228334
1200,0x00,68,2.340951786,0.000657487,237.320010000,12.290374000,225.029636000,101.377572744,96.127411646
1200,0x00,69,2.340972994,0.000561544,237.571413000,12.332305000,225.239108000,101.484046843,96.216021526
1200,0x00,70,2.341241460,0.000940870,237.644961000,12.384184000,225.260777000,101.503823968,96.214243968
1200,0x00,71,2.340965889,0.000706118,237.826723000,12.290252000,225.536471000,101.593416702,96.343339347
1200,0x00,72,2.341397521,0.000617550,237.607668000,12.278839000,225.328829000,101.481130780,96.236895706
1200,0x00,73,2.340912709,0.000613471,237.316958000,12.390349000,224.926609000,101.377961312,96.085004870
1200,0x00,74,2.340894650,0.000539733,237.519473000,12.373564000,225.145909000,101.465255155,96.179428218
1200,0x00,75,2.340906727,0.000569611,237.039371000,12.358428000,224.680943000,101.259639392,95.980305594
1200,0x00,76,2.340891484,0.000670127,237.224307000,12.410857000,224.813450000,101.339301143,96.037535945
1200,0x00,77,2.340905093,0.000546839,237.003117000,12.409819000,224.593298000,101.244222909,95.942931951
1200,0x00,78,2.340913042,0.000538122,236.460455000,12.397978000,224.062477000,101.012062705,95.715848033
1200,0x00,79,2.340984292,0.000652722,236.915897000,12.430449000,224.485448000,101.203539794,95.893615657
1200,0x00,80,2.341323743,0.000905102,237.800356000,12.447050000,225.353306000,101.566627299,96.250382574
1200,0x00,81,2.340904013,0.000534497,237.300540000,12.465545000,224.834995000,101.371324353,96.046225618
1200,0x00,82,2.341007306,0.000686257,237.026004000,12.349639000,224.676365000,101.249578933,95.974226323
1200,0x00,83,2.340895665,0.000548978,236.859562000,12.447905000,224.411657000,101.183305857,95.865723707
1200,0x00,84,2.340945615,0.000585645,237.027836000,12.457976000,224.569860000,101.253029771,95.931258977
1200,0x00,85,2.340931465,0.000630361,236.726933000,12.359405000,224.367528000,101.125101915,95.845406553
1200,0x00,86,2.340943488,0.000541684,236.917118000,12.574247000,224.342871000,101.205825423,95.834381361
1200,0x00,87,2.340929291,0.000546393,236.839543000,12.551299000,224.288244000,101.173300655,95.811626962
1200,0x00,88,2.340944018,0.000672005,237.145206000,12.788358000,224.356848000,101.303236703,95.840330329
1200,0x00,89,2.340980774,0.000556351,236.848454000,12.463347000,224.385107000,101.174882196,95.850896993
1200,0x00,90,2.341220436,0.000853254,237.122867000,12.497527000,224.625340000,101.281734676,95.943695247
1200,0x00,91,2.340955588,0.000643299,237.045780000,12.371245000,224.674535000,101.260263622,95.975564902
1200,0x00,92,2.341004239,0.000594771,236.667912000,12.474456000,224.193456000,101.096746475,95.768069237
1200,0x00,93,2.341012382,0.000575605,237.147281000,12.617278000,224.530003000,101.301164737,95.911497388
1200,0x00,94,2.340989589,0.000658823,236.770939000,12.605192000,224.165747000,101.141389138,95.756832086
1200,0x00,95,2.340944110,0.000555305,236.649052000,12.596038000,224.053014000,101.091286629,95.710535356
1200,0x00,96,2.340951025,0.000567396,236.885075000,12.468352000,224.416723000,101.191811582,95.865620700
1200,0x00,97,2.340941807,0.000635245,236.863102000,12.516264000,224.346838000,101.182823652,95.836144821
1200,0x00,98,2.340985986,0.000557256,237.260501000,12.506559000,224.753942000,101.350671238,96.008238999
1200,0x00,99,2.340903310,0.000536658,236.743107000,12.338653000,224.404454000,101.133227496,95.862333586
1200,0xAA,0,2.341184208,0.000886636,243.550158000,12.288237000,231.261921000,104.028618150,98.779891049
1200,0xAA,1,2.340819376,0.000533397,244.205185000,12.363677000,231.841508000,104.324659770,99.042886590
1200,0xAA,2,2.340726683,0.000502034,242.880054000,12.362090000,230.517964000,103.762671552,98.481367207
1200,0xAA,3,2.340802939,0.000612485,243.359484000,12.443938000,230.915546000,103.964105624,98.648007549
1200,0xAA,4,2.340807637,0.000523354,243.721178000,12.313323000,231.407855000,104.118413725,98.858125436
1200,0xAA,5,2.340892209,0.000536379,243.027759000,12.287993000,230.739766000,103.818432183,98.569154598
1200,0xAA,6,2.340933605,0.000656131,244.204453000,12.290191000,231.914262000,104.319256402,99.069132702
1200,0xAA,7,2.340956793,0.000554595,243.933702000,12.256988000,231.676714000,104.202564826,98.966676648
1200,0xAA,8,2.341634423,0.003631970,245.728131000,12.300505000,233.427626000,104.938725113,99.685768084
1200,0xAA,9,2.340996463,0.000621837,244.071274000,12.271270000,231.800004000,104.259565453,99.017665180
1200,0xAA,10,2.341041236,0.000902299,244.589950000,12.406158000,232.183792000,104.479129286,99.179710460
1200,0xAA,11,2.340672034,0.000483613,244.194870000,12.303985000,231.890885000,104.326820025,99.070216442
1200,0xAA,12,2.341124447,0.000804279,244.167343000,12.443389000,231.723954000,104.294901228,98.979767719
1200,0xAA,13,2.341169347,0.001106527,244.767745000,12.347624000,232.420121000,104.549354946,99.275228144
1200,0xAA,14,2.340784414,0.000519287,243.963670000,12.467253000,231.496417000,104.223041011,98.896940527
1200,0xAA,15,2.340916911,0.000622196,243.976731000,12.434294000,231.542437000,104.222721372,98.911001874
1200,0xAA,16,2.341006242,0.000586171,244.283860000,12.369780000,231.914080000,104.349939603,99.065981032
1200,0xAA,17,2.341396988,0.000631272,244.286362000,12.423979000,231.862383000,104.333593692,99.027368791
1200,0xAA,18,2.340964585,0.000657398,244.557907000,12.330046000,232.227861000,104.468862364,99.201783110
1200,0xAA,19,2.340986549,0.000555129,243.897630000,12.332305000,231.565325000,104.185831463,98.917836648
1200,0xAA,20,2.341257692,0.000882587,244.344589000,12.259429000,232.085160000,104.364671106,99.128413243
1200,0xAA,21,2.340926529,0.000543253,244.432541000,12.358855000,232.073686000,104.417006662,99.137535117
1200,0xAA,22,2.340958106,0.000545701,244.253525000,12.325285000,231.928240000,104.339126933,99.074066885
1200,0xAA,23,2.340999114,0.000667029,244.821578000,12.416351000,232.405227000,104.579953308,99.276085004
1200,0xAA,24,2.340997509,0.000553618,244.288132000,12.489287000,231.798845000,104.352153762,99.017125872
1200,0xAA,25,2.341075350,0.000598410,244.116013000,12.394438000,231.721575000,104.275162696,98.980827338
1200,0xAA,26,2.341015749,0.000644403,244.662582000,12.502714000,232.159868000,104.511292613,99.170570748
1200,0xAA,27,2.340943343,0.000553800,244.908797000,12.375762000,232.533035000,104.619702875,99.333046948
1200,0xAA,28,2.340965838,0.000554216,244.782271000,12.406829000,232.375442000,104.564648935,99.264772790
1200,0xAA,29,2.341059384,0.000696087,244.252182000,12.477141000,231.775041000,104.334039414,99.004340780
1200,0xAA,30,2.341293481,0.000937640,244.977949000,12.541349000,232.436600000,104.633592923,99.277003028
1200,0xAA,31,2.340868126,0.000546000,244.215195000,12.467924000,231.747271000,104.326763326,99.000566665
1200,0xAA,32,2.340981488,0.000642507,244.254258000,12.340300000,231.913958000,104.338397911,99.066976473
1200,0xAA,33,2.341020509,0.000602777,245.210188000,12.436309000,232.773879000,104.744997759,99.432652587
1200,0xAA,34,2.340971473,0.000587038,245.037032000,12.296050000,232.740982000,104.673224277,99.420682696
1200,0xAA,35,2.340997636,0.000669153,244.972945000,12.387115000,232.585830000,104.644678514,99.353295554
1200,0xAA,36,2.340977701,0.000553310,244.751083000,12.373992000,232.377091000,104.550796420,99.264974177
1200,0xAA,37,2.341028436,0.000593597,244.856368000,12.407622000,232.448746000,104.593504394,99.293431226
1200,0xAA,38,2.341181401,0.000742844,244.667465000,12.464689000,232.202776000,104.505983550,99.181881371
1200,0xAA,39,2.340958445,0.000548564,244.216294000,12.310332000,231.905962000,104.323207654,99.064535923
1200,0xAA,40,2.341302740,0.000827405,244.737105000,12.397246000,232.339859000,104.530311595,99.235291099
1200,0xAA,41,2.341532512,0.004041243,246.257244000,12.498930000,233.758314000,105.169261032,99.831333869
1200,0xAA,42,2.341005527,0.000587995,244.705184000,12.426726000,232.278458000,104.529947128,99.221661498
1200,0xAA,43,2.340997430,0.000576056,244.340744000,12.366729000,231.974015000,104.374631439,99.091956268
1200,0xAA,44,2.340972709,0.000655903,244.601791000,12.383513000,232.218278000,104.487245850,99.197345224
1200,0xAA,45,2.340976231,0.000566446,244.765182000,12.358367000,232.406815000,104.556884749,99.277733754
1200,0xAA,46,2.343363384,0.000701128,245.119246000,12.205597000,232.913649000,104.601466273,99.392885700
1200,0xAA,47,2.340994503,0.000569981,244.906661000,12.249785000,232.656876000,104.616504109,99.383777169
1200,0xAA,48,2.340987273,0.000553627,244.590988000,12.257720000,232.333268000,104.481981077,99.245848382
1200,0xAA,49,2.340954485,0.000642210,244.229965000,12.304411000,231.925554000,104.329224088,99.073072769
1200,0xAA,50,2.341300772,0.000926315,244.979475000,12.429046000,232.550429000,104.633918847,99.325311705
1200,0xAA,51,2.340925673,0.000569050,244.588180000,12.387725000,232.200455000,104.483530955,99.191724751
1200,0xAA,52,2.341026573,0.001014540,244.963057000,12.397734000,232.565323000,104.639161225,99.343307627
1200,0xAA,53,2.340991386,0.000558684,244.534225000,12.383636000,232.150589000,104.457550102,99.167639138
1200,0xAA,54,2.341022785,0.000578815,244.324814000,12.463896000,231.860918000,104.366696279,99.042572106
1200,0xAA,55,2.341013944,0.000645742,244.755050000,12.413604000,232.341446000,104.550872333,99.248211052
1200,0xAA,56,2.340938773,0.000541807,244.538132000,12.362029000,232.176103000,104.461566784,99.180766987
1200,0xAA,57,2.340992113,0.000548984,244.771041000,12.298186000,232.472855000,104.558678214,99.305270510
1200,0xAA,58,2.341002597,0.000673951,244.861556000,12.352264000,232.509292000,104.596875009,99.320390473
1200,0xAA,59,2.341002615,0.000595813,245.062178000,12.331084000,232.731094000,104.682573376,99.415136287
1200,0xAA,60,2.341297553,0.000864069,245.245954000,12.406768000,232.839186000,104.747879538,99.448780333
1200,0xAA,61,2.340968518,0.000745571,244.597030000,12.298491000,232.298539000,104.485399137,99.231808196
1200,0xAA,62,2.340963323,0.000557690,244.876266000,12.297210000,232.579056000,104.604913531,99.351858142
1200,0xAA,63,2.341041467,0.000599314,244.933577000,12.409087000,232.524490000,104.625902821,99.325233364
1200,0xAA,64,2.341059524,0.000693174,245.163008000,12.314727000,232.848281000,104.723098875,99.462776839
1200,0xAA,65,2.340972361,0.000556348,244.666183000,12.412871000,232.253312000,104.514767922,99.212325566
1200,0xAA,66,2.340966829,0.000560576,244.937911000,12.484526000,232.453385000,104.631090001,99.298025968
1200,0xAA,67,2.341069212,0.000666390,245.163740000,12.417143000,232.746597000,104.722978190,99.418930391
1200,0xAA,68,2.341345277,0.000629340,244.935896000,12.532927000,232.402969000,104.613317159,99.260442841
1200,0xAA,69,2.340976388,0.000549774,245.170515000,12.494048000,232.676467000,104.730024749,99.392914957
1200,0xAA,70,2.341291096,0.000901049,244.899886000,12.423308000,232.476578000,104.600357634,99.294179338
1200,0xAA,71,2.340940234,0.000548561,244.672164000,12.278777000,232.393387000,104.518757246,99.273524231
1200,0xAA,72,2.341022226,0.000610940,245.132063000,12.404936000,232.727127000,104.711548767,99.412608901
1200,0xAA,73,2.340990469,0.000631641,244.942183000,12.301910000,232.640273000,104.631858269,99.376856098
1200,0xAA,74,2.340960203,0.000550274,244.722884000,12.333770000,232.389114000,104.539531960,99.270852047
1200,0xAA,75,2.340960555,0.000666400,245.004317000,12.274749000,232.729568000,104.659737404,99.416270583
1200,0xAA,76,2.341007504,0.000604610,245.097089000,12.322723000,232.774366000,104.697267569,99.433413019
1200,0xAA,77,2.340999831,0.000560605,244.561629000,12.365935000,232.195694000,104.468879411,99.186548827
1200,0xAA,78,2.340958577,0.000625438,244.834762000,12.231109000,232.603653000,104.587396109,99.362566794
1200,0xAA,79,2.340808470,0.000527010,244.622238000,12.210052000,232.412186000,104.503312070,99.287143316
1200,0xAA,80,2.341124710,0.000903216,244.875105000,12.198822000,232.676283000,104.597206599,99.386539288
1200,0xAA,81,2.340740921,0.000623278,244.985029000,12.228973000,232.756056000,104.661317633,99.436915013
1200,0xAA,82,2.340729066,0.000490899,244.250901000,12.212493000,232.038408000,104.348215515,99.130826976
1200,0xAA,83,2.340726964,0.000493402,244.389877000,12.202667000,232.187210000,104.407682216,99.194486833
1200,0xAA,84,2.340775960,0.000605506,244.703841000,12.254791000,232.449050000,104.539624984,99.304270892
1200,0xAA,85,2.341075124,0.000674542,245.190596000,12.261931000,232.928665000,104.734185353,99.496450403
1200,0xAA,86,2.340802631,0.000505844,245.163069000,12.188141000,232.974928000,104.734617845,99.527796544
1200,0xAA,87,2.340751370,0.000608874,245.117537000,12.203338000,232.914199000,104.717459605,99.504031918
1200,0xAA,88,2.340659738,0.000472178,245.310407000,12.239410000,233.070997000,104.803958888,99.574916067
1200,0xAA,89,2.340926066,0.000583964,245.491498000,12.262115000,233.229383000,104.869394032,99.631246967
1200,0xAA,90,2.341168609,0.000878343,245.267988000,12.152679000,233.115309000,104.763060211,99.572199992
1200,0xAA,91,2.340886286,0.000530120,245.071700000,12.249236000,232.822464000,104.691843191,99.459108875
1200,0xAA,92,2.340864715,0.000528490,245.087569000,12.216094000,232.871475000,104.699587067,99.480962546
1200,0xAA,93,2.340964930,0.000679434,245.203291000,12.356413000,232.846878000,104.744538395,99.466196614
1200,0xAA,94,2.340917555,0.000554902,244.917097000,12.363982000,232.553115000,104.624401000,99.342719049
1200,0xAA,95,2.340858206,0.000519411,244.999861000,12.248687000,232.751174000,104.662409848,99.429847292
1200,0xAA,96,2.341012714,0.000637470,244.991316000,12.320647000,232.670669000,104.651851968,99.388895929
1200,0xAA,97,2.341009068,0.000584848,244.729171000,12.234404000,232.494767000,104.540035463,99.313911325
1200,0xAA,98,2.340972737,0.000565214,245.090131000,12.337005000,232.753126000,104.695850183,99.425816576
1200,0xAA,99,2.340992351,0.000669540,245.052840000,12.214873000,232.837967000,104.679043439,99.461225023
1400,0x00,0,2.006426203,0.000712984,214.225282000,10.593479000,203.631803000,106.769579527,101.489804479
1400,0x00,1,2.006183246,0.000589117,213.665529000,10.552036000,203.113493000,106.503495831,101.243739017
1400,0x00,2,2.006201578,0.000462742,213.772768000,10.542026000,203.230742000,106.555976412,101.301257187
1400,0x00,3,2.006199832,0.000458263,213.122624000,10.806002000,202.316622000,106.232001694,100.845697784
1400,0x00,4,2.006266448,0.000498907,214.632934000,10.478611000,204.154323000,106.981270706,101.758329850
1400,0x00,5,2.006208061,0.000484619,213.056950000,10.495945000,202.561005000,106.198830570,100.967097530
1400,0x00,6,2.006888878,0.001626928,215.737119000,10.559543000,205.177576000,107.498288194,102.236640120
1400,0x00,7,2.006234772,0.001045406,216.445735000,10.538547000,205.907188000,107.886543492,102.633645304
1400,0x00,8,2.006185953,0.000469280,215.513120000,10.548740000,204.964380000,107.424299161,102.166192362
1400,0x00,9,2.006424888,0.000908031,215.749630000,10.590244000,205.159386000,107.529382856,102.251216671
1400,0x00,10,2.006461750,0.000688611,216.307613000,10.457065000,205.850548000,107.805500404,102.593806236
1400,0x00,11,2.006255771,0.000615410,214.583435000,10.489963000,204.093472000,106.957167724,101.728540771
1400,0x00,12,2.006186866,0.000458479,216.301997000,10.467015000,205.834982000,107.817472373,102.600104451
1400,0x00,13,2.006197049,0.000458058,214.288697000,10.521518000,203.767179000,106.813384590,101.568875830
1400,0x00,14,2.006242911,0.000496467,216.364254000,10.495518000,205.868736000,107.845492071,102.614062746
1400,0x00,15,2.006501041,0.000514434,215.770321000,10.630404000,205.139917000,107.535613781,102.237632976
1400,0x00,16,2.006195005,0.000462006,216.316768000,10.506260000,205.810508000,107.824397653,102.587488991
1400,0x00,17,2.006198761,0.000464504,215.544858000,10.467686000,205.077172000,107.439433312,102.221761861
1400,0x00,18,2.006234600,0.000545165,216.844965000,10.510532000,206.334433000,108.085547413,102.846612745
1400,0x00,19,2.006234511,0.000499557,215.675839000,10.586155000,205.089684000,107.502805807,102.226176906
1400,0x00,20,2.006397898,0.000719903,217.252068000,10.506626000,206.745442000,108.279652899,103.043091393
1400,0x00,21,2.006237622,0.000626505,216.666315000,10.580722000,206.085593000,107.996337320,102.722424657
1400,0x00,22,2.006231307,0.000468402,217.144585000,10.474765000,206.669820000,108.235069546,103.013954231
1400,0x00,23,2.006201973,0.000474340,216.847895000,10.530246000,206.317649000,108.088765718,102.839919319
1400,0x00,24,2.006282879,0.000502788,217.473442000,10.514377000,206.959065000,108.396200912,103.155475832
1400,0x00,25,2.006332041,0.000529978,217.669792000,10.578220000,207.091572000,108.491409966,103.218992548
1400,0x00,26,2.006187489,0.000470624,217.564689000,10.556858000,207.007831000,108.446837719,103.184688463
1400,0x00,27,2.006215941,0.000475425,216.446101000,10.611239000,205.834862000,107.887738568,102.598557687
1400,0x00,28,2.006203159,0.000474329,217.402703000,10.499241000,206.903462000,108.365248085,103.131859356
1400,0x00,29,2.006256379,0.000488691,216.871454000,10.487705000,206.383749000,108.097577288,102.870077399
1400,0x00,30,2.006416049,0.000667204,217.115595000,10.459995000,206.655600000,108.210655054,102.997381863
1400,0x00,31,2.006265897,0.000509166,217.695304000,10.529697000,207.165607000,108.507702974,103.259297457
1400,0x00,32,2.006224260,0.000466910,217.275445000,10.539585000,206.735860000,108.300676698,103.047233596
1400,0x00,33,2.006205420,0.000473356,216.873468000,10.518711000,206.354757000,108.101326936,102.858239216
1400,0x00,34,2.006240884,0.000491777,216.988946000,10.422093000,206.566853000,108.156975437,102.962139122
1400,0x00,35,2.006216562,0.000469762,216.814569000,10.488865000,206.325704000,108.071368340,102.843186498
1400,0x00,36,2.006203874,0.000456512,217.527702000,10.443821000,207.083881000,108.427515670,103.221753117
1400,0x00,37,2.006185723,0.000448586,217.113763000,10.476047000,206.637716000,108.222165345,103.000292374
1400,0x00,38,2.006214358,0.000466632,217.441643000,10.451389000,206.990254000,108.384052849,103.174545222
1400,0x00,39,2.006208598,0.000492973,217.334649000,10.590732000,206.743917000,108.331032590,103.052054117
1400,0x00,40,2.006843859,0.001345900,217.981253000,10.654636000,207.326617000,108.618940144,103.309789683
1400,0x00,41,2.006151520,0.000595566,217.645316000,10.608616000,207.036700000,108.488971948,103.200928700
1400,0x00,42,2.006196800,0.000439519,217.485710000,10.536960000,206.948750000,108.406966833,103.154760271
1400,0x00,43,2.006145681,0.000448367,217.222527000,10.613132000,206.609395000,108.278540816,102.988231094
1400,0x00,44,2.006210964,0.000482429,217.513969000,10.641636000,206.872333000,108.420287267,103.115941815
1400,0x00,45,2.006224969,0.000465384,217.015862000,10.628696000,206.387166000,108.171249637,102.873391141
1400,0x00,46,2.006222679,0.000456157,217.638420000,10.709567000,206.928853000,108.481686624,103.143511999
1400,0x00,47,2.006109089,0.000442973,217.427239000,10.626865000,206.800374000,108.382560149,103.085308340
1400,0x00,48,2.006113206,0.000430748,217.616631000,10.687533000,206.929098000,108.476745161,103.149262660
1400,0x00,49,2.006237737,0.000508456,217.412041000,10.765109000,206.646932000,108.368034828,103.002215614
1400,0x00,50,2.006458726,0.000758100,217.711174000,10.829623000,206.881551000,108.505184376,103.107802980
1400,0x00,51,2.006533199,0.001189681,218.052176000,10.718783000,207.333393000,108.671103045,103.329161527
1400,0x00,52,2.006187887,0.000460367,217.791679000,10.509373000,207.282306000,108.559961100,103.321482159
1400,0x00,53,2.006117303,0.000454839,217.501885000,10.579197000,206.922688000,108.419325588,103.145856791
1400,0x00,54,2.006191467,0.000480834,217.565971000,10.602939000,206.963032000,108.447261706,103.162153491
1400,0x00,55,2.006163782,0.000453474,217.554680000,10.555576000,206.999104000,108.443130107,103.181557699
1400,0x00,56,2.006122944,0.000439827,217.629203000,10.653293000,206.975910000,108.482485381,103.172096490
1400,0x00,57,2.006131726,0.000444956,217.495964000,10.591770000,206.904194000,108.415594617,103.135896449
1400,0x00,58,2.006183798,0.000450705,217.520866000,10.672763000,206.848103000,108.425193271,103.105260465
1400,0x00,59,2.006165977,0.000567464,217.662590000,10.591281000,207.071309000,108.496800629,103.217436347
1400,0x00,60,2.006266802,0.000635323,217.572319000,10.645846000,206.926473000,108.446353580,103.140057334
1400,0x00,61,2.006109527,0.000453273,217.669304000,10.598911000,207.070393000,108.503200380,103.219884162
1400,0x00,62,2.006101129,0.000456756,217.606071000,10.657749000,206.948322000,108.472134273,103.159466409
1400,0x00,63,2.006138968,0.000435742,217.515557000,10.570286000,206.945271000,108.424969807,103.155999826
1400,0x00,64,2.006220726,0.000475851,217.551811000,10.562656000,206.989155000,108.438622015,103.173669927
1400,0x00,65,2.006225046,0.000468382,217.581474000,10.451450000,207.130024000,108.453173988,103.243663709
1400,0x00,66,2.006170926,0.000445036,217.720451000,10.559787000,207.160664000,108.525374457,103.261721763
1400,0x00,67,2.006166927,0.000445649,217.627921000,10.521031000,207.106890000,108.479468001,103.235123247
1400,0x00,68,2.006087680,0.000428987,217.598259000,10.578098000,207.020161000,108.468967307,103.195968472
1400,0x00,69,2.006189863,0.000468273,217.374261000,10.487278000,206.886983000,108.351789133,103.124328765
1400,0x00,70,2.006389286,0.000663649,217.694816000,10.512974000,207.181842000,108.500786737,103.261038860
1400,0x00,71,2.006150483,0.000444324,217.650993000,10.464878000,207.186115000,108.491857861,103.275460542
1400,0x00,72,2.006066032,0.000433196,217.719719000,10.498386000,207.221333000,108.530684206,103.297363950
1400,0x00,73,2.006163957,0.000451383,217.600761000,10.469944000,207.130817000,108.466090342,103.247202841
1400,0x00,74,2.006158492,0.000464759,217.741386000,10.611789000,207.129597000,108.536482484,103.246875983
1400,0x00,75,2.006407274,0.000472123,217.706230000,10.636265000,207.069965000,108.505502753,103.204353212
1400,0x00,76,2.006043904,0.000417307,217.776237000,10.547459000,207.228778000,108.560055218,103.302214660
1400,0x00,77,2.006092289,0.000422089,217.669670000,10.468479000,207.201191000,108.504315175,103.285971504
1400,0x00,78,2.006132739,0.000436038,217.793266000,10.543552000,207.249714000,108.563736485,103.308076281
1400,0x00,79,2.006237996,0.000478807,217.573906000,10.455174000,207.118732000,108.448701691,103.237368829
1400,0x00,80,2.006391028,0.000685365,217.685417000,10.566318000,207.119099000,108.496007968,103.229677602
1400,0x00,81,2.006211801,0.000524192,217.743278000,10.581943000,207.161335000,108.534541492,103.259952342
1400,0x00,82,2.006114572,0.000449765,217.743889000,10.648288000,207.095601000,108.540106349,103.232190167
1400,0x00,83,2.006183154,0.000448529,217.631462000,10.703647000,206.927815000,108.480355631,103.145026711
1400,0x00,84,2.006204243,0.000480202,217.608940000,10.678623000,206.930317000,108.467989121,103.145189592
1400,0x00,85,2.006242755,0.000470660,217.740470000,10.638339000,207.102131000,108.531467341,103.228849313
1400,0x00,86,2.006210328,0.000463632,217.739311000,10.654025000,207.085286000,108.532643830,103.222121374
1400,0x00,87,2.006230267,0.000462642,217.889884000,10.578464000,207.311420000,108.606617894,103.333811390
1400,0x00,88,2.006200490,0.000454339,217.570732000,10.632053000,206.938679000,108.449147099,103.149550645
1400,0x00,89,2.006250296,0.000485103,217.801505000,10.622897000,207.178608000,108.561481787,103.266580637
1400,0x00,90,2.006398160,0.000679082,217.845389000,10.639133000,207.206256000,108.575353238,103.272750190
1400,0x00,91,2.006224537,0.000600840,217.937370000,10.595676000,207.341694000,108.630597419,103.349196557
1400,0x00,92,2.006199689,0.000464370,217.763724000,10.652622000,207.111102000,108.545388195,103.235536907
1400,0x00,93,2.006200271,0.000458929,217.819389000,10.620151000,207.199238000,108.573103163,103.279438740
1400,0x00,94,2.006254537,0.000493902,217.770195000,10.804477000,206.965718000,108.545646136,103.160249217
1400,0x00,95,2.006279355,0.000475063,217.863517000,10.704258000,207.159259000,108.590818364,103.255440729
1400,0x00,96,2.006233976,0.000468381,217.867301000,10.663303000,207.203998000,108.595160685,103.280076240
1400,0x00,97,2.006211213,0.000468902,217.813652000,10.604404000,207.209248000,108.569651397,103.283864969
1400,0x00,98,2.006194009,0.000458050,217.729301000,10.634799000,207.094502000,108.528537130,103.227554796
1400,0x00,99,2.006268120,0.000509532,217.677970000,10.586887000,207.091083000,108.498942815,103.222037452
1400,0xAA,0,2.006355870,0.000657912,217.905997000,10.520237000,207.385760000,108.607849819,103.364394678
1400,0xAA,1,2.006217576,0.000607990,217.761772000,10.578281000,207.183491000,108.543447439,103.270698796
1400,0xAA,2,2.006209472,0.000457419,217.783622000,10.494114000,207.289508000,108.554777058,103.323960364
1400,0xAA,3,2.006187193,0.000479557,217.796073000,10.569675000,207.226398000,108.562188894,103.293650127
1400,0xAA,4,2.006154524,0.000459004,217.858268000,10.541843000,207.316425000,108.594958875,103.340207621
1400,0xAA,5,2.006213942,0.000458367,217.497491000,10.566013000,206.931478000,108.411912831,103.145269638
1400,0xAA,6,2.006221859,0.000464244,217.720634000,10.505222000,207.215412000,108.522710524,103.286389348
1400,0xAA,7,2.006210146,0.000463922,217.643364000,10.455051000,207.188313000,108.484828678,103.273484782
1400,0xAA,8,2.006313399,0.000506963,217.779166000,10.562045000,207.217121000,108.546932939,103.282528583
1400,0xAA,9,2.006254766,0.000473618,217.789420000,10.606784000,207.182636000,108.555216249,103.268358279
1400,0xAA,10,2.006377853,0.000655821,217.860404000,10.559848000,207.300556000,108.583935837,103.320795603
1400,0xAA,11,2.006172551,0.000604062,217.924247000,10.554722000,207.369525000,108.626871076,103.365747352
1400,0xAA,12,2.006118644,0.000444025,217.629692000,10.528538000,207.101154000,108.482961669,103.234748644
1400,0xAA,13,2.006227165,0.000483117,217.891471000,10.579990000,207.311481000,108.607576849,103.334001561
1400,0xAA,14,2.006232254,0.000464678,217.869865000,10.577366000,207.292499000,108.596531899,103.324277913
1400,0xAA,15,2.006099719,0.000427790,217.790764000,10.663059000,207.127705000,108.564276197,103.248957673
1400,0xAA,16,2.006119795,0.000440476,217.707145000,10.704501000,207.002644000,108.521507788,103.185584667
1400,0xAA,17,2.006221710,0.000465257,217.924368000,10.695163000,207.229205000,108.624269634,103.293272095
1400,0xAA,18,2.006870267,0.003711579,219.356921000,10.688999000,208.667922000,109.302990143,103.976786862
1400,0xAA,19,2.006227292,0.000471798,217.691826000,10.623813000,207.068013000,108.508057337,103.212638895
1400,0xAA,20,2.006387960,0.000664303,217.799918000,10.598422000,207.201496000,108.553242116,103.270902802
1400,0xAA,21,2.006221886,0.000610336,218.024650000,10.651951000,207.372699000,108.674245607,103.364787529
1400,0xAA,22,2.006265472,0.000489597,217.960441000,10.557529000,207.402912000,108.639880430,103.377601261
1400,0xAA,23,2.006236242,0.000476431,217.720939000,10.558017000,207.162922000,108.522084482,103.259485404
1400,0xAA,24,2.006172416,0.000463579,217.695243000,10.501072000,207.194171000,108.512728676,103.278347065
1400,0xAA,25,2.006140835,0.000447067,217.725333000,10.585972000,207.139361000,108.529435804,103.252651735
1400,0xAA,26,2.006186962,0.000454610,217.724052000,10.666232000,207.057820000,108.526301951,103.209632965
1400,0xAA,27,2.006278443,0.000491521,217.677055000,10.775241000,206.901814000,108.497928445,103.127167953
1400,0xAA,28,2.006501831,0.000483743,217.802116000,10.675266000,207.126850000,108.548177049,103.227840015
1400,0xAA,29,2.006224494,0.000476791,217.782402000,10.584690000,207.197712000,108.553356166,103.277431147
1400,0xAA,30,2.006392699,0.000667212,217.859855000,10.548984000,207.310871000,108.582858714,103.325172119
1400,0xAA,31,2.006301021,0.000626473,217.766411000,10.659274000,207.107137000,108.541245140,103.228346485
1400,0xAA,32,2.006228169,0.000492998,217.849418000,10.537327000,207.312091000,108.586561259,103.334253889
1400,0xAA,33,2.006251758,0.000473326,217.996268000,10.501071000,207.495197000,108.658480741,103.424306635
1400,0xAA,34,2.006204772,0.000459669,217.883414000,10.510349000,207.373065000,108.604773069,103.365851725
1400,0xAA,35,2.006209628,0.000459372,217.719475000,10.473667000,207.245808000,108.522794418,103.302169986
1400,0xAA,36,2.006190952,0.000462231,217.845634000,10.472446000,207.373188000,108.586689482,103.366625067
1400,0xAA,37,2.006263980,0.000489109,218.016898000,10.491733000,207.525165000,108.668101612,103.438613814
1400,0xAA,38,2.006282323,0.000484516,218.204519000,10.463902000,207.740617000,108.760624791,103.545056734
1400,0xAA,39,2.006227129,0.000465330,217.904960000,10.550876000,207.354084000,108.614302381,103.355238814
1400,0xAA,40,2.006399449,0.000700588,218.080130000,10.564426000,207.515704000,108.692279673,103.426914390
1400,0xAA,41,2.006217742,0.000511764,217.944999000,10.658359000,207.286640000,108.634768005,103.322104890
1400,0xAA,42,2.007407954,0.006391256,220.627243000,10.645053000,209.982190000,109.906530218,104.603645482
1400,0xAA,43,2.006252263,0.000476853,218.054434000,10.513157000,207.541277000,108.687445758,103.447248802
1400,0xAA,44,2.006207861,0.000470699,218.172049000,10.596225000,207.575824000,108.748476802,103.466758388
1400,0xAA,45,2.006219617,0.000456599,217.783927000,10.538425000,207.245502000,108.554380185,103.301503126
1400,0xAA,46,2.006222210,0.000461915,217.773673000,10.543125000,207.230548000,108.549128743,103.293915764
1400,0xAA,47,2.006246753,0.000487206,218.088065000,10.575901000,207.512164000,108.704507381,103.433021716
1400,0xAA,48,2.006252921,0.000464621,217.939566000,10.499058000,207.440508000,108.630155126,103.396987418
1400,0xAA,49,2.006219221,0.000455066,217.840507000,10.506931000,207.333576000,108.582603897,103.345423986
1400,0xAA,50,2.006361872,0.000650090,217.958243000,10.578891000,207.379352000,108.633565065,103.360891602
1400,0xAA,51,2.006293705,0.000593118,218.138663000,10.576694000,207.561969000,108.727183067,103.455425512
1400,0xAA,52,2.006246228,0.000497080,217.658806000,10.562839000,207.095967000,108.490574587,103.225598208
1400,0xAA,53,2.006232167,0.000476319,217.589592000,10.570773000,207.018819000,108.456835421,103.187867467
1400,0xAA,54,2.006193873,0.000473959,217.744987000,10.604587000,207.140400000,108.536363277,103.250439946
1400,0xAA,55,2.006221685,0.000452833,217.845085000,10.693149000,207.151936000,108.584752424,103.254758695
1400,0xAA,56,2.006242162,0.000496122,217.864311000,10.866061000,206.998250000,108.593227253,103.177100922
1400,0xAA,57,2.006262745,0.000495204,217.789969000,10.825411000,206.964558000,108.555058170,103.159248959
1400,0xAA,58,2.006948261,0.001505346,218.301565000,10.879244000,207.422321000,108.772891273,103.352101804
1400,0xAA,59,2.006210758,0.000515903,217.982780000,10.603183000,207.379597000,108.653978241,103.368799224
1400,0xAA,60,2.006522374,0.000813411,217.797782000,10.813266000,206.984516000,108.544905784,103.155847510
1400,0xAA,61,2.006360545,0.000634911,217.565788000,10.787753000,206.778035000,108.438031497,103.061254613
1400,0xAA,62,2.006271179,0.000509899,217.853080000,10.718296000,207.134784000,108.586058671,103.243662235
1400,0xAA,63,2.006239883,0.000482677,217.919059000,10.743137000,207.175922000,108.620639486,103.265777840
1400,0xAA,64,2.006239031,0.000471281,217.793204000,10.734470000,207.058734000,108.557953765,103.207409870
1400,0xAA,65,2.006229232,0.000469288,217.769828000,10.713229000,207.056599000,108.546832292,103.206849787
1400,0xAA,66,2.006229548,0.000480484,217.881034000,10.725741000,207.155293000,108.602245561,103.256027322
1400,0xAA,67,2.006332232,0.000502358,217.933158000,10.633518000,207.299640000,108.622667034,103.322688381
1400,0xAA,68,2.006278292,0.000483703,217.863089000,10.656040000,207.207049000,108.590662537,103.279315631
1400,0xAA,69,2.006230374,0.000462873,217.895377000,10.485386000,207.409991000,108.609350080,103.382938329
1400,0xAA,70,2.006406402,0.000705510,217.915824000,10.636753000,207.279071000,108.610012288,103.308617223
1400,0xAA,71,2.006237468,0.000618618,218.057852000,10.631930000,207.425922000,108.689950929,103.390513466
1400,0xAA,72,2.006285382,0.000505449,217.757865000,10.597691000,207.160174000,108.537831612,103.255586577
1400,0xAA,73,2.006264205,0.000491416,217.778495000,10.596469000,207.182026000,108.549260083,103.267568384
1400,0xAA,74,2.006234291,0.000470544,217.909720000,10.642368000,207.267352000,108.616287243,103.311638604
1400,0xAA,75,2.006271769,0.000468194,217.793266000,10.621922000,207.171344000,108.556213267,103.261854763
1400,0xAA,76,2.006216186,0.000465308,217.689811000,10.653659000,207.036152000,108.507653600,103.197329084
1400,0xAA,77,2.006310308,0.000496721,217.894828000,10.596591000,207.298237000,108.604749312,103.323118171
1400,0xAA,78,2.006282932,0.000475429,218.021719000,10.549412000,207.472307000,108.669478004,103.411290423
1400,0xAA,79,2.006269487,0.000465199,217.983634000,10.574070000,207.409564000,108.651223294,103.380710001
1400,0xAA,80,2.006410899,0.000643055,217.764213000,10.615695000,207.148518000,108.534205587,103.243317761
1400,0xAA,81,2.006292214,0.000627392,217.870414000,10.765415000,207.104999000,108.593560029,103.227733992
1400,0xAA,82,2.007126578,0.004239813,219.572864000,10.816867000,208.755997000,109.396620207,104.007390092
1400,0xAA,83,2.006643764,0.001374410,218.222708000,10.667881000,207.554827000,108.750099009,103.433818565
1400,0xAA,84,2.006372016,0.000921647,218.039908000,10.609958000,207.429950000,108.673718638,103.385587667
1400,0xAA,85,2.006442062,0.001148177,218.272818000,10.535130000,207.737688000,108.786005879,103.535353395
1400,0xAA,86,2.006176330,0.000458671,217.952201000,10.602756000,207.349445000,108.640600398,103.355543526
1400,0xAA,87,2.006211081,0.000489339,217.879874000,10.601413000,207.278461000,108.602666996,103.318371092
1400,0xAA,88,2.006532686,0.000503623,217.996390000,10.930392000,207.065998000,108.643328599,103.195925687
1400,0xAA,89,2.006234580,0.000468908,217.958976000,10.714267000,207.244709000,108.640823033,103.300337377
1400,0xAA,90,2.007058323,0.003212211,219.224964000,10.811252000,208.413712000,109.227002253,103.840386491
1400,0xAA,91,2.006250798,0.000611600,217.793632000,10.625522000,207.168110000,108.557530386,103.261322150
1400,0xAA,92,2.006223423,0.000494399,218.012625000,10.594638000,207.417987000,108.668168491,103.387282087
1400,0xAA,93,2.006220559,0.000470285,217.917106000,10.597507000,207.319599000,108.620712222,103.338388226
1400,0xAA,94,2.006126778,0.000446400,217.948783000,10.537509000,207.411274000,108.641580092,103.388916543
1400,0xAA,95,2.006058008,0.000419924,217.765678000,10.601230000,207.164448000,108.554028421,103.269420520
1400,0xAA,96,2.006088250,0.000436436,217.970084000,10.634616000,207.335468000,108.654284770,103.353114196
1400,0xAA,97,2.006262846,0.000485710,217.916130000,10.630527000,207.285603000,108.617936275,103.319265156
1400,0xAA,98,2.006326337,0.000517553,217.900260000,10.965060000,206.935200000,108.606589047,103.141346531
1400,0xAA,99,2.006761087,0.003455269,219.348743000,10.834262000,208.514481000,109.304861664,103.905981812
1600,0x00,0,1.755286567,0.000437023,190.571534000,9.346350000,181.225184000,108.570040674,103.245354566
1600,0x00,1,1.755495306,0.000588161,190.807861000,9.365638000,181.442223000,108.691752307,103.356712124
1600,0x00,2,1.755215526,0.000402385,190.593689000,9.365577000,181.228112000,108.587057357,103.251201526
1600,0x00,3,1.755260493,0.000409727,190.614746000,9.269080000,181.345666000,108.596272016,103.315528768
1600,0x00,4,1.755262512,0.000414092,190.544251000,9.377540000,181.166711000,108.555985072,103.213456568
1600,0x00,5,1.755229250,0.000294189,190.518311000,9.287208000,181.231103000,108.543263497,103.252098255
1600,0x00,6,1.755310742,0.000436311,190.579651000,9.164710000,181.414941000,108.573169646,103.352037126
1600,0x00,7,1.755265218,0.000424084,190.556763000,9.229041000,181.327722000,108.562945969,103.305027732
1600,0x00,8,1.755245823,0.000410980,190.665284000,9.175636000,181.489648000,108.625972242,103.398421843
1600,0x00,9,1.755250744,0.000326205,190.553223000,9.196693000,181.356530000,108.561824364,103.322292046
1600,0x00,10,1.755433881,0.000615160,190.756225000,9.256080000,181.500145000,108.666140613,103.393324532
1600,0x00,11,1.755256017,0.000419102,190.495484000,9.245826000,181.249658000,108.528603315,103.261094809
1600,0x00,12,1.755302929,0.000438018,190.810791000,9.270423000,181.540368000,108.705333913,103.423953219
1600,0x00,13,1.755290185,0.000418353,190.525941000,9.213355000,181.312586000,108.543842284,103.294935250
1600,0x00,14,1.755236038,0.000293204,190.666504000,9.240943000,181.425561000,108.627272819,103.362486318
1600,0x00,15,1.755263919,0.000404031,190.536255000,9.206702000,181.329553000,108.551342593,103.306147325
1600,0x00,16,1.755278635,0.000403965,190.796508000,9.257606000,181.538902000,108.698701290,103.424549474
1600,0x00,17,1.755232159,0.000418643,190.451905000,9.298682000,181.153223000,108.505250451,103.207556950
1600,0x00,18,1.755215036,0.000323718,190.942260000,9.382178000,181.560082000,108.785679264,103.440363844
1600,0x00,19,1.755148920,0.000378968,190.655456000,9.307776000,181.347680000,108.626370028,103.323243954
1600,0x00,20,1.756150619,0.004467550,192.911676000,9.473060000,183.438616000,109.849163246,104.454944835
1600,0x00,21,1.755305305,0.000420692,190.636047000,9.400671000,181.235376000,108.605634823,103.250058804
1600,0x00,22,1.755211958,0.000275562,190.617310000,9.434119000,181.183191000,108.600735734,103.225818501
1600,0x00,23,1.755241428,0.000414129,190.696045000,9.413794000,181.282251000,108.643769436,103.280522050
1600,0x00,24,1.755245248,0.000406889,190.777832000,9.370399000,181.407433000,108.690128769,103.351616096
1600,0x00,25,1.755213360,0.000382444,190.697754000,9.223304000,181.474450000,108.646480468,103.391675433
1600,0x00,26,1.755249981,0.000319013,190.622437000,9.288001000,181.334436000,108.601304133,103.309749596
1600,0x00,27,1.755269506,0.000400456,190.630189000,9.343726000,181.286463000,108.604512473,103.281269537
1600,0x00,28,1.755275782,0.000398628,190.637635000,9.424414000,181.213221000,108.608366271,103.239173522
1600,0x00,29,1.755327622,0.000429822,190.807433000,9.406531000,181.400902000,108.701891639,103.343045302
1600,0x00,30,1.755472391,0.000526853,191.190978000,9.358557000,181.832421000,108.911412673,103.580336520
1600,0x00,31,1.755288675,0.000439733,190.739746000,9.281897000,181.457849000,108.665741831,103.377781433
1600,0x00,32,1.755262043,0.000400631,190.936339000,9.232032000,181.704307000,108.779392631,103.519760866
1600,0x00,33,1.755261588,0.000405962,190.798583000,9.297767000,181.500816000,108.700939135,103.403855745
1600,0x00,34,1.755281692,0.000352611,190.737976000,9.331092000,181.406884000,108.665165759,103.349157484
1600,0x00,35,1.755669600,0.002558245,191.998227000,9.539710000,182.458517000,109.358974459,103.925315417
1600,0x00,36,1.755288912,0.000402371,191.085449000,9.457678000,181.627771000,108.862676496,103.474573185
1600,0x00,37,1.755244937,0.000393248,191.161254000,9.345129000,181.816125000,108.908591575,103.584474808
1600,0x00,38,1.755242686,0.000290895,190.880371000,9.385047000,181.495324000,108.748706077,103.401840329
1600,0x00,39,1.755268854,0.000401784,190.999511000,9.333351000,181.666160000,108.814960480,103.497626342
1600,0x00,40,1.755485504,0.000642088,191.135436000,9.339880000,181.795556000,108.878960037,103.558562927
1600,0x00,41,1.755284699,0.000428874,191.026733000,9.491247000,181.535486000,108.829486803,103.422246026
1600,0x00,42,1.755212488,0.000396632,190.728760000,9.293799000,181.434961000,108.664199536,103.369228662
1600,0x00,43,1.755270995,0.000325676,190.932678000,9.339027000,181.593651000,108.776752193,103.456190850
1600,0x00,44,1.755266497,0.000399500,190.620728000,9.331824000,181.288904000,108.599308581,103.282837257
1600,0x00,45,1.755271538,0.000399468,190.846191000,9.334144000,181.512047000,108.727445789,103.409667999
1600,0x00,46,1.755298104,0.000429049,190.667420000,9.593847000,181.073573000,108.623953688,103.158302596
1600,0x00,47,1.755538535,0.000351390,190.971740000,9.311194000,181.660546000,108.782425530,103.478529426
1600,0x00,48,1.755233726,0.000390200,190.768860000,9.281532000,181.487328000,108.685730659,103.397812668
1600,0x00,49,1.755221359,0.000388329,190.783630000,9.368446000,181.415184000,108.694911314,103.357438665
1600,0x00,50,1.755412009,0.000601287,191.143981000,9.257301000,181.886680000,108.888386316,103.614808973
1600,0x00,51,1.755278560,0.000369583,191.052184000,9.329260000,181.722924000,108.844367130,103.529393078
1600,0x00,52,1.755211842,0.000378006,190.856872000,9.237587000,181.619285000,108.737228996,103.474281938
1600,0x00,53,1.755481501,0.001120636,191.625180000,9.375464000,182.249716000,109.158188139,103.817508677
1600,0x00,54,1.755448537,0.000648945,191.386412000,9.275245000,182.111167000,109.024222537,103.740533040
1600,0x00,55,1.755246430,0.000284413,190.893921000,9.289283000,181.604638000,108.756193866,103.463898241
1600,0x00,56,1.755267802,0.000396371,190.871337000,9.308081000,181.563256000,108.742003226,103.439062565
1600,0x00,57,1.755321704,0.000428196,191.257384000,9.366920000,181.890464000,108.958593513,103.622295341
1600,0x00,58,1.755354379,0.000593301,191.020874000,9.357032000,181.663842000,108.821828985,103.491263195
1600,0x00,59,1.755485437,0.001459328,191.378661000,9.274756000,182.103905000,109.017515601,103.734215720
1600,0x00,60,1.755412225,0.000563052,191.286315000,9.272437000,182.013878000,108.969455880,103.687256709
1600,0x00,61,1.755258342,0.000431126,190.966796000,9.214759000,181.752037000,108.796973898,103.547171758
1600,0x00,62,1.755203744,0.000387455,191.016845000,9.176368000,181.840477000,108.828872817,103.600780048
1600,0x00,63,1.755310139,0.000327149,191.077513000,9.219214000,181.858299000,108.856838919,103.604653680
1600,0x00,64,1.755281337,0.000411166,191.266600000,9.274268000,181.992332000,108.966349686,103.682713495
1600,0x00,65,1.755240523,0.000395098,190.985473000,9.306983000,181.678490000,108.808719115,103.506321592
1600,0x00,66,1.755250136,0.000399871,190.842895000,9.168190000,181.674705000,108.726893702,103.503598281
1600,0x00,67,1.755265681,0.000322421,190.787658000,9.170509000,181.617149000,108.694461539,103.469891207
1600,0x00,68,1.755295280,0.000442038,191.108398000,9.246192000,181.862206000,108.875355740,103.607756546
1600,0x00,69,1.755372160,0.000491830,191.234923000,9.220131000,182.014792000,108.942666043,103.690143979
1600,0x00,70,1.755435239,0.000581889,191.373106000,9.191383000,182.181723000,109.017468582,103.781511825
1600,0x00,71,1.755323002,0.000438720,190.793945000,9.232765000,181.561180000,108.694493710,103.434627013
1600,0x00,72,1.755255342,0.000291343,191.027282000,9.220984000,181.806298000,108.831619801,103.578262195
1600,0x00,73,1.755231142,0.000394881,191.152465000,9.248390000,181.904075000,108.904440231,103.635396298
1600,0x00,74,1.755856549,0.003359610,192.450130000,9.452247000,182.997883000,109.604699829,104.221431472
1600,0x00,75,1.755253869,0.000414948,191.186095000,9.556128000,181.629967000,108.922189760,103.477890124
1600,0x00,76,1.755249555,0.000314451,190.891113000,9.501258000,181.389855000,108.754400464,103.341347959
1600,0x00,77,1.755237891,0.000375307,190.865234000,9.350440000,181.514794000,108.740379268,103.413215328
1600,0x00,78,1.755192305,0.000375446,191.182066000,9.360083000,181.821983000,108.923714759,103.590918476
1600,0x00,79,1.755207117,0.000387128,190.944519000,9.398413000,181.546106000,108.787457142,103.432867983
1600,0x00,80,1.755361008,0.000546095,191.743162000,9.333045000,182.410117000,109.232893459,103.916012797
1600,0x00,81,1.755276390,0.000409957,191.190856000,9.316626000,181.874230000,108.923504649,103.615721753
1600,0x00,82,1.755142964,0.000372476,191.318175000,9.356238000,181.961937000,109.004325519,103.673570025
1600,0x00,83,1.755215329,0.000381257,190.968933000,9.376196000,181.592737000,108.800857568,103.458951167
1600,0x00,84,1.755221739,0.000313159,191.313841000,9.330238000,181.983603000,108.996964179,103.681260873
1600,0x00,85,1.755276967,0.000394003,190.971069000,9.290137000,181.680932000,108.798253856,103.505563769
1600,0x00,86,1.755298273,0.000428893,191.119139000,9.392920000,181.726219000,108.881289251,103.530107550
1600,0x00,87,1.755294613,0.000412425,191.151977000,9.257117000,181.894860000,108.900224239,103.626399019
1600,0x00,88,1.755236755,0.000286177,191.048339000,9.235939000,181.812400000,108.844768908,103.582835455
1600,0x00,89,1.755247647,0.000389176,191.218931000,9.284094000,181.934837000,108.941283230,103.651947552
1600,0x00,90,1.755422470,0.000570595,191.489805000,9.259742000,182.230063000,109.084740739,103.809804272
1600,0x00,91,1.755371769,0.000461068,191.530088000,9.429053000,182.101035000,109.110839872,103.739297976
1600,0x00,92,1.755303773,0.000341933,191.014404000,9.410133000,181.604271000,108.821280339,103.460309125
1600,0x00,93,1.755253614,0.000398836,191.258299000,9.342261000,181.916038000,108.963341533,103.640885037
1600,0x00,94,1.755221918,0.000385777,190.989319000,9.304603000,181.684716000,108.812063602,103.510965830
1600,0x00,95,1.755230690,0.000387726,190.872314000,9.374793000,181.497521000,108.744859057,103.403798732
1600,0x00,96,1.755231451,0.000281713,190.933776000,9.402747000,181.531029000,108.779828367,103.422844253
1600,0x00,97,1.755297593,0.000424301,191.207152000,9.346594000,181.860558000,108.931472802,103.606681133
1600,0x00,98,1.755288959,0.000410946,191.209044000,9.347938000,181.861106000,108.933086511,103.607502964
1600,0x00,99,1.755256943,0.000402528,191.187682000,9.314063000,181.873619000,108.922903142,103.616521625
1600,0xAA,0,1.755438412,0.000572114,197.164840000,9.251441000,187.913399000,112.316580674,107.046420845
1600,0xAA,1,1.755289696,0.000419814,197.036910000,9.359839000,187.677071000,112.253214054,106.920852667
1600,0xAA,2,1.755405515,0.000584439,196.763779000,9.219886000,187.543893000,112.090213500,106.837930812
1600,0xAA,3,1.755271337,0.000399332,197.099105000,9.325110000,187.773995000,112.289821429,106.977189813
1600,0xAA,4,1.755229906,0.000321014,197.032333000,9.464820000,187.567513000,112.254430200,106.862076773
1600,0xAA,5,1.755270775,0.000395153,196.839096000,9.321753000,187.517343000,112.141726997,106.831006204
1600,0xAA,6,1.755236925,0.000394369,196.960250000,9.447485000,187.512765000,112.212913907,106.830458204
1600,0xAA,7,1.755182439,0.000375394,197.124922000,9.300940000,187.823982000,112.310217773,107.011087728
1600,0xAA,8,1.755260347,0.000321620,196.992599000,9.358863000,187.633736000,112.229846336,106.897951830
1600,0xAA,9,1.755482360,0.000503353,197.117171000,9.487464000,187.629707000,112.286614464,106.882137487
1600,0xAA,10,1.755362898,0.000562217,197.174849000,9.305152000,187.869697000,112.327114388,107.026129610
1600,0xAA,11,1.755235616,0.000399263,197.007308000,9.332434000,187.674874000,112.239807705,106.922895311
1600,0xAA,12,1.755187547,0.000298450,197.096786000,9.263770000,187.833016000,112.293860743,107.015923342
1600,0xAA,13,1.755257937,0.000411108,197.065718000,9.256507000,187.809211000,112.271657510,106.998069621
1600,0xAA,14,1.755214029,0.000377640,197.177535000,9.306861000,187.870674000,112.338171700,107.035763649
1600,0xAA,15,1.755253599,0.000395863,197.089827000,9.363257000,187.726570000,112.285670326,106.951251981
1600,0xAA,16,1.755204197,0.000272039,197.061141000,9.290626000,187.770515000,112.272487338,106.979299221
1600,0xAA,17,1.755205575,0.000374316,197.193831000,9.349341000,187.844490000,112.347997197,107.021361312
1600,0xAA,18,1.755206230,0.000385082,197.269698000,9.517920000,187.751778000,112.391179252,106.968500231
1600,0xAA,19,1.755266048,0.000419305,197.101363000,9.551734000,187.549629000,112.291446198,106.849687662
1600,0xAA,20,1.755441686,0.000646403,197.291671000,9.475745000,187.815926000,112.388621365,106.990694977
1600,0xAA,21,1.755379789,0.000863433,197.582929000,9.472937000,188.109992000,112.558507438,107.161990364
1600,0xAA,22,1.755261904,0.000394935,197.359175000,9.570776000,187.788399000,112.438590826,106.985970918
1600,0xAA,23,1.755280438,0.000402314,197.048934000,9.620276000,187.428658000,112.260656332,106.779893376
1600,0xAA,24,1.755244740,0.000399738,197.147200000,9.574926000,187.572274000,112.318923714,106.863886144
1600,0xAA,25,1.755289768,0.000321471,197.005050000,9.695471000,187.309579000,112.235058584,106.711485683
1600,0xAA,26,1.755292798,0.000406672,197.252242000,9.480262000,187.771980000,112.375691532,106.974733919
1600,0xAA,27,1.755264991,0.000396923,197.278914000,9.477819000,187.801095000,112.392667229,106.993015866
1600,0xAA,28,1.755264379,0.000402156,197.022872000,9.400061000,187.622811000,112.246835486,106.891482121
1600,0xAA,29,1.755274969,0.000367099,197.368086000,9.359900000,188.008186000,112.442830618,107.110389738
1600,0xAA,30,1.755422432,0.000584524,197.216536000,9.403419000,187.813117000,112.347052420,106.990268305
1600,0xAA,31,1.755352783,0.000446902,197.410628000,9.318092000,188.092536000,112.462081621,107.153694562
1600,0xAA,32,1.755288463,0.000416873,197.098922000,9.331946000,187.766976000,112.288621584,106.972147285
1600,0xAA,33,1.755224615,0.000290426,197.417402000,9.457801000,187.959601000,112.474153068,107.085782303
1600,0xAA,34,1.755272840,0.000407723,197.053084000,9.474769000,187.578315000,112.263506594,106.865616998
1600,0xAA,35,1.755254573,0.000406909,197.514692000,9.428809000,188.085883000,112.527661281,107.155899744
1600,0xAA,36,1.755310555,0.000440416,197.240462000,9.647864000,187.592598000,112.367843645,106.871457850
1600,0xAA,37,1.755273421,0.000338152,197.298445000,9.798070000,187.500375000,112.403254495,106.821178286
1600,0xAA,38,1.755257724,0.000412185,197.044052000,9.537207000,187.506845000,112.259327695,106.825819629
1600,0xAA,39,1.755263986,0.000416345,197.071944000,9.755957000,187.315987000,112.274817646,106.716703837
1600,0xAA,40,1.755420809,0.000661019,197.376326000,9.609594000,187.766732000,112.438182934,106.963943394
1600,0xAA,41,1.755247622,0.000334663,197.227461000,9.408728000,187.818733000,112.364465579,107.004123321
1600,0xAA,42,1.755298780,0.000434080,197.344832000,9.529578000,187.815254000,112.428057405,106.999022696
1600,0xAA,43,1.755276006,0.000420958,197.068710000,9.590979000,187.477731000,112.272206385,106.808120413
1600,0xAA,44,1.755285293,0.000410498,197.147689000,9.493628000,187.654061000,112.316607331,106.908011909
1600,0xAA,45,1.755242847,0.000330015,197.048690000,9.372229000,187.676461000,112.262921512,106.923358947
1600,0xAA,46,1.755282902,0.000413855,197.275923000,9.350318000,187.925605000,112.389816349,107.062858518
1600,0xAA,47,1.755555160,0.001099225,197.474958000,9.398535000,188.076423000,112.485760905,107.132163813
1600,0xAA,48,1.755318095,0.000440431,197.197066000,9.548071000,187.648995000,112.342638366,106.903127986
1600,0xAA,49,1.755280894,0.000305972,197.189009000,9.668249000,187.520760000,112.340429192,106.832336993
1600,0xAA,50,1.755437344,0.000589250,197.318221000,9.544958000,187.773263000,112.404023810,106.966656288
1600,0xAA,51,1.755314080,0.000436733,197.471785000,9.412146000,188.059639000,112.499402361,107.137315823
1600,0xAA,52,1.755266681,0.000407388,197.330428000,9.417761000,187.912667000,112.421907269,107.056476988
1600,0xAA,53,1.755318765,0.000428483,197.495588000,9.439185000,188.056403000,112.512662599,107.135186333
1600,0xAA,54,1.755286936,0.000339430,197.508955000,9.409095000,188.099860000,112.522318085,107.161886805
1600,0xAA,55,1.755259910,0.000404943,197.565778000,9.262183000,188.303595000,112.556423645,107.279607972
1600,0xAA,56,1.755259980,0.000398532,197.467634000,9.391516000,188.076118000,112.500504879,107.150006318
1600,0xAA,57,1.755272184,0.000408621,197.328840000,9.566382000,187.762458000,112.420650073,106.970565416
1600,0xAA,58,1.755231627,0.000288837,197.559431000,9.483435000,188.075996000,112.554621246,107.151667668
1600,0xAA,59,1.755291481,0.000432678,197.232100000,9.301002000,187.931098000,112.364300801,107.065464625
1600,0xAA,60,1.755435495,0.000665835,197.655866000,9.234229000,188.421637000,112.596484778,107.336121167
1600,0xAA,61,1.755247273,0.000423033,197.127669000,9.237525000,187.890144000,112.307634406,107.044828906
1600,0xAA,62,1.755263888,0.000323957,197.430037000,9.241859000,188.188178000,112.478834870,107.213610044
1600,0xAA,63,1.755257502,0.000398510,197.215376000,9.296974000,187.918402000,112.356948069,107.060304135
1600,0xAA,64,1.755262958,0.000407001,197.537153000,9.350624000,188.186529000,112.539920103,107.212727410
1600,0xAA,65,1.755328889,0.000432307,197.206954000,9.291480000,187.915474000,112.347580695,107.054282067
1600,0xAA,66,1.755270844,0.000310749,197.384749000,9.299842000,188.084907000,112.452587956,107.154350348
1600,0xAA,67,1.755274117,0.000395880,197.437910000,9.275977000,188.161933000,112.482664735,107.198033171
1600,0xAA,68,1.755262263,0.000395683,197.532392000,9.292213000,188.240179000,112.537252245,107.243335092
1600,0xAA,69,1.755249645,0.000405386,197.302718000,9.325232000,187.977486000,112.407211461,107.094444683
1600,0xAA,70,1.755416752,0.000598254,197.620221000,9.224647000,188.395574000,112.577381310,107.322420064
1600,0xAA,71,1.755328996,0.000433471,197.521833000,9.351966000,188.169867000,112.526958455,107.199201652
1600,0xAA,72,1.755259786,0.000426935,197.456709000,9.293189000,188.163520000,112.494293163,107.199812499
1600,0xAA,73,1.755252614,0.000408530,197.488508000,9.212379000,188.276129000,112.512869325,107.264405984
1600,0xAA,74,1.755262524,0.000288724,197.451521000,9.288062000,188.163459000,112.491162032,107.199610556
1600,0xAA,75,1.755255247,0.000404568,197.493513000,9.263282000,188.230231000,112.515551977,107.238096168
1600,0xAA,76,1.755295260,0.000436700,197.471662000,9.293433000,188.178229000,112.500538534,107.206025859
1600,0xAA,77,1.755574821,0.000519933,197.413679000,9.368689000,188.044990000,112.449595758,107.113059322
1600,0xAA,78,1.755235676,0.000330864,197.350997000,9.421424000,187.929573000,112.435611745,107.067999790
1600,0xAA,79,1.755282879,0.000404831,197.369184000,9.390356000,187.978828000,112.442949401,107.093181503
1600,0xAA,80,1.755443765,0.000569033,197.477583000,9.255042000,188.222541000,112.494394248,107.222199158
1600,0xAA,81,1.755318454,0.000508320,197.579023000,9.311500000,188.267523000,112.560215244,107.255479810
1600,0xAA,82,1.755310427,0.000428446,197.359053000,9.135841000,188.223212000,112.435413119,107.230726324
1600,0xAA,83,1.755253660,0.000318096,197.439008000,9.184913000,188.254095000,112.484601224,107.251788891
1600,0xAA,84,1.755234014,0.000397294,197.289656000,9.249855000,188.039801000,112.400770761,107.130900802
1600,0xAA,85,1.755262199,0.000403542,197.515730000,9.285438000,188.230292000,112.527763700,107.237706178
1600,0xAA,86,1.755259820,0.000411383,197.472517000,9.204993000,188.267524000,112.503297090,107.259063219
1600,0xAA,87,1.755289347,0.000370631,197.438704000,9.255042000,188.183662000,112.482141125,107.209482222
1600,0xAA,88,1.755263439,0.000436073,197.376204000,9.273109000,188.103095000,112.448194145,107.165164377
1600,0xAA,89,1.755294411,0.000412415,197.501814000,9.303260000,188.198554000,112.517770643,107.217656919
1600,0xAA,90,1.755370025,0.000574462,197.390791000,9.275367000,188.115424000,112.449676235,107.165680914
1600,0xAA,91,1.755212436,0.000306981,197.449263000,9.239844000,188.209419000,112.493085725,107.228854563
1600,0xAA,92,1.755145948,0.000377706,197.520002000,9.253822000,188.266180000,112.537650931,107.265256340
1600,0xAA,93,1.755271717,0.000424105,197.834577000,9.264930000,188.569647000,112.708804632,107.430459456
1600,0xAA,94,1.755258402,0.000407727,197.505964000,9.331092000,188.174872000,112.522443302,107.206364490
1600,0xAA,95,1.755213693,0.000309092,197.776654000,9.464026000,188.312628000,112.679530025,107.287579154
1600,0xAA,96,1.755261983,0.000403475,197.748883000,9.574866000,188.174017000,112.660608451,107.205658653
1600,0xAA,97,1.755265061,0.000401516,197.676923000,9.402746000,188.274177000,112.619414209,107.262533242
1600,0xAA,98,1.755270633,0.000403025,197.356611000,9.319801000,188.036810000,112.436570911,107.126961769
1600,0xAA,99,1.755269812,0.000327757,197.446454000,9.526526000,187.919928000,112.487808253,107.060422710
1800,0x00,0,1.560146854,0.000365337,175.425454000,8.404336000,167.021118000,112.441629196,107.054741429
1800,0x00,1,1.560121187,0.000241658,175.645852000,8.301554000,167.344298000,112.584748828,107.263653218
1800,0x00,2,1.560301604,0.000655987,175.720802000,8.241190000,167.479612000,112.619766277,107.337973336
1800,0x00,3,1.560206143,0.000486948,175.530069000,8.262186000,167.267883000,112.504408305,107.208835002
1800,0x00,4,1.560067521,0.000267799,175.447182000,8.293374000,167.153808000,112.461274673,107.145239381
1800,0x00,5,1.560115039,0.000356607,175.528359000,8.212443000,167.315916000,112.509882020,107.245883665
1800,0x00,6,1.560046217,0.000235377,175.335305000,8.267313000,167.067992000,112.391096572,107.091693958
1800,0x00,7,1.560090656,0.000341229,175.490273000,8.356851000,167.133422000,112.487227804,107.130583324
1800,0x00,8,1.560051852,0.000255217,175.473550000,8.330179000,167.143371000,112.479306256,107.139625404
1800,0x00,9,1.560028522,0.000330136,175.456521000,8.448281000,167.008240000,112.470072518,107.054606788
1800,0x00,10,1.560227722,0.000456311,175.548989000,8.308084000,167.240905000,112.514978756,107.190061193
1800,0x00,11,1.560095832,0.000357471,175.470010000,8.296060000,167.173950000,112.473866316,107.156205803
1800,0x00,12,1.560007215,0.000316694,175.435464000,8.300638000,167.134826000,112.458110681,107.137213494
1800,0x00,13,1.559973577,0.000227451,175.470193000,8.359964000,167.110229000,112.482798126,107.123756075
1800,0x00,14,1.560043269,0.000324889,175.488626000,8.219827000,167.268799000,112.489588936,107.220615206
1800,0x00,15,1.560023399,0.000222770,175.323648000,8.325235000,166.998413000,112.385268162,107.048659104
1800,0x00,16,1.560075643,0.000358791,175.572244000,8.257365000,167.314879000,112.540853223,107.247927181
1800,0x00,17,1.560086968,0.000274177,175.404275000,8.330179000,167.074096000,112.432369839,107.092809181
1800,0x00,18,1.560034260,0.000336280,175.427285000,8.272623000,167.154662000,112.450918218,107.148071215
1800,0x00,19,1.560034866,0.000318701,175.541787000,8.256754000,167.285033000,112.524271626,107.231598891
1800,0x00,20,1.560177460,0.000524900,175.549050000,8.195963000,167.353087000,112.518642573,107.265417726
1800,0x00,21,1.560066749,0.000351841,175.525918000,8.290323000,167.235595000,112.511799963,107.197717726
1800,0x00,22,1.560032465,0.000287043,175.668801000,8.348367000,167.320434000,112.605862312,107.254456373
1800,0x00,23,1.561035839,0.005311575,177.762363000,8.456887000,169.305476000,113.874620012,108.457135808
1800,0x00,24,1.560066750,0.000240706,175.493020000,8.250590000,167.242430000,112.490712365,107.202098912
1800,0x00,25,1.559995682,0.000315685,175.593423000,8.461892000,167.131531000,112.560198066,107.135893310
1800,0x00,26,1.559995243,0.000232894,175.418863000,8.406228000,167.012635000,112.448331964,107.059707842
1800,0x00,27,1.560008336,0.000315689,175.575295000,8.383889000,167.191406000,112.547664604,107.173405502
1800,0x00,28,1.560008464,0.000312870,175.423684000,8.468240000,166.955444000,112.450469384,107.022139861
1800,0x00,29,1.560024490,0.000255623,175.369180000,8.716347000,166.652833000,112.414376267,106.827062057
1800,0x00,30,1.560168443,0.000520640,175.658608000,8.634866000,167.023742000,112.589514774,107.054941865
1800,0x00,31,1.560045667,0.000271043,175.693520000,8.443582000,167.249938000,112.620754456,107.208360333
1800,0x00,32,1.559962316,0.000290580,175.452676000,8.477334000,166.975342000,112.472381029,107.038061294
1800,0x00,33,1.559962639,0.000190883,175.699318000,8.470803000,167.228515000,112.630465379,107.200333407
1800,0x00,34,1.559973560,0.000297284,175.510049000,8.434610000,167.075439000,112.508348572,107.101455649
1800,0x00,35,1.560027195,0.000346112,175.486977000,8.575356000,166.911621000,112.489690899,106.992763650
1800,0x00,36,1.559982973,0.000222689,175.549721000,8.604592000,166.945129000,112.533100734,107.017276426
1800,0x00,37,1.560248412,0.001349014,175.972389000,8.648049000,167.324340000,112.784853803,107.242115265
1800,0x00,38,1.560010833,0.000215715,175.375344000,8.566689000,166.808655000,112.419311655,106.927882480
1800,0x00,39,1.560027566,0.000318083,175.617897000,8.633583000,166.984314000,112.573585788,107.039335503
1800,0x00,40,1.560174494,0.000435680,175.431802000,8.593972000,166.837830000,112.443705895,106.935365622
1800,0x00,41,1.560103147,0.000358383,175.513955000,8.516153000,166.997802000,112.501506961,107.042795453
1800,0x00,42,1.560086021,0.000276557,175.653847000,8.631508000,167.022339000,112.592411375,107.059698507
1800,0x00,43,1.560346922,0.000471453,175.560281000,8.459634000,167.100647000,112.513620258,107.091983644
1800,0x00,44,1.560115201,0.000337694,175.511696000,8.593300000,166.918396000,112.499189760,106.991070874
1800,0x00,45,1.560029464,0.000255202,175.539895000,8.445108000,167.094787000,112.523448501,107.110019974
1800,0x00,46,1.560072430,0.000328154,175.436135000,8.410745000,167.025390000,112.453839757,107.062586863
1800,0x00,47,1.559984662,0.000204899,175.452309000,8.390848000,167.061461000,112.470534678,107.091733074
1800,0x00,48,1.560058447,0.000351228,175.591591000,8.365762000,167.225829000,112.554495241,107.192028201
1800,0x00,49,1.560025118,0.000240368,175.503396000,8.463479000,167.039917000,112.500365510,107.075145812
1800,0x00,50,1.560193121,0.000497030,175.643105000,8.439004000,167.204101000,112.577797379,107.168849032
1800,0x00,51,1.560115094,0.000349906,175.544717000,8.361246000,167.183471000,112.520363224,107.160985551
1800,0x00,52,1.560038999,0.000222528,175.509988000,8.224710000,167.285278000,112.503590059,107.231471858
1800,0x00,53,1.560566921,0.002917257,176.791356000,8.280313000,168.511043000,113.286622696,107.980657994
1800,0x00,54,1.560064377,0.000287675,175.452371000,8.253519000,167.198852000,112.464827474,107.174328491
1800,0x00,55,1.560075379,0.000331337,175.451638000,8.226725000,167.224913000,112.463564519,107.190277655
1800,0x00,56,1.560038541,0.000228350,175.501565000,8.237040000,167.264525000,112.498223847,107.218200448
1800,0x00,57,1.560054730,0.000331578,175.539712000,8.371133000,167.168579000,112.521508745,107.155586103
1800,0x00,58,1.560119668,0.000271120,175.419534000,8.441385000,166.978149000,112.439793945,107.029064773
1800,0x00,59,1.560130757,0.000351624,175.780678000,8.313394000,167.467284000,112.670477886,107.341825809
1800,0x00,60,1.560256942,0.000525640,175.601662000,8.330545000,167.271117000,112.546630813,107.207417266
1800,0x00,61,1.560140836,0.000302762,175.477090000,8.358621000,167.118469000,112.475159869,107.117553168
1800,0x00,62,1.560105525,0.000356134,175.700051000,8.255655000,167.444396000,112.620619703,107.328891119
1800,0x00,63,1.560070157,0.000265727,175.476418000,8.200480000,167.275938000,112.479824824,107.223343273
1800,0x00,64,1.560130617,0.000350121,175.448587000,8.167948000,167.280639000,112.457627030,107.222201282
1800,0x00,65,1.560121399,0.000245661,175.587930000,8.240397000,167.347533000,112.547606931,107.265712199
1800,0x00,66,1.560106415,0.000353852,175.451456000,8.197306000,167.254150000,112.461210518,107.206885608
1800,0x00,67,1.560784939,0.003491385,177.079137000,8.376200000,168.702937000,113.455180531,108.088521876
1800,0x00,68,1.560005088,0.000254076,175.604531000,8.273294000,167.331237000,112.566639916,107.263263623
1800,0x00,69,1.560071264,0.000342153,175.496560000,8.266580000,167.229980000,112.492655940,107.193808261
1800,0x00,70,1.560182222,0.000478967,175.652748000,8.289469000,167.363279000,112.584764489,107.271622932
1800,0x00,71,1.560097349,0.000364159,175.711342000,8.278909000,167.432433000,112.628447268,107.321785471
1800,0x00,72,1.560052916,0.000257193,175.393167000,8.340067000,167.053100000,112.427703671,107.081688218
1800,0x00,73,1.560107455,0.000356535,175.630044000,8.282877000,167.347167000,112.575607203,107.266436366
1800,0x00,74,1.560181015,0.000380548,175.589517000,8.349160000,167.240357000,112.544323593,107.192918903
1800,0x00,75,1.560125893,0.000284284,175.465921000,8.307596000,167.158325000,112.469078189,107.144125863
1800,0x00,76,1.560126742,0.000344591,175.708595000,8.346659000,167.361936000,112.624564539,107.274576764
1800,0x00,77,1.560124157,0.000276745,175.540872000,8.272134000,167.268738000,112.517245026,107.215017017
1800,0x00,78,1.560147848,0.000349274,175.490396000,8.367838000,167.122558000,112.483183099,107.119692701
1800,0x00,79,1.560104878,0.000250041,175.571389000,8.341226000,167.230163000,112.538196305,107.191616008
1800,0x00,80,1.560298338,0.000536531,175.706765000,8.310952000,167.395813000,112.611005706,107.284491027
1800,0x00,81,1.560191623,0.000320926,175.518106000,8.271097000,167.247009000,112.497787721,107.196453655
1800,0x00,82,1.560107997,0.000362243,175.695229000,8.252543000,167.442686000,112.617350415,107.327624951
1800,0x00,83,1.560100025,0.000346587,175.475015000,8.324319000,167.150696000,112.476772091,107.141012291
1800,0x00,84,1.560065860,0.000239124,175.400918000,8.269327000,167.131591000,112.431739273,107.131112413
1800,0x00,85,1.560109726,0.000347566,175.771767000,8.261942000,167.509825000,112.666284969,107.370540791
1800,0x00,86,1.560055342,0.000307186,175.445535000,8.291056000,167.154479000,112.461096937,107.146505987
1800,0x00,87,1.560088037,0.000337378,175.443765000,8.379190000,167.064575000,112.457605468,107.086632933
1800,0x00,88,1.560096482,0.000256304,175.619851000,8.410928000,167.208923000,112.569865440,107.178578363
1800,0x00,89,1.560089272,0.000350540,175.473550000,8.306131000,167.167419000,112.476608290,107.152470020
1800,0x00,90,1.560261915,0.000519062,175.545937000,8.486795000,167.059142000,112.510556901,107.071216931
1800,0x00,91,1.560046831,0.000292438,175.671608000,8.309121000,167.362487000,112.606624694,107.280424971
1800,0x00,92,1.560088315,0.000339740,175.485391000,8.287943000,167.197448000,112.484267279,107.171784056
1800,0x00,93,1.560135345,0.000283631,175.543984000,8.366739000,167.177245000,112.518432826,107.155603872
1800,0x00,94,1.560174426,0.000376429,175.625100000,8.315835000,167.309265000,112.567605935,107.237538437
1800,0x00,95,1.560124618,0.000284345,175.409951000,8.243875000,167.166076000,112.433294759,107.149181614
1800,0x00,96,1.560120381,0.000351899,175.582925000,8.241495000,167.341430000,112.544472303,107.261870331
1800,0x00,97,1.560113741,0.000241707,175.557350000,8.285807000,167.271543000,112.528558296,107.217530782
1800,0x00,98,1.560102082,0.000361872,175.562172000,8.281229000,167.280943000,112.532490063,107.224357283
1800,0x00,99,1.560185545,0.000388648,175.638467000,8.291177000,167.347290000,112.575371289,107.261146307
1800,0xAA,0,1.560265887,0.000547031,176.501135000,8.323343000,168.177792000,113.122472539,107.787905484
1800,0xAA,1,1.560177851,0.000377959,176.526526000,8.353311000,168.173215000,113.145130178,107.791054041
1800,0xAA,2,1.560103458,0.000245101,176.594030000,8.434000000,168.160030000,113.193794362,107.787742630
1800,0xAA,3,1.560134897,0.000348001,176.705420000,8.646035000,168.059385000,113.262910993,107.721060083
1800,0xAA,4,1.560111186,0.000278376,176.820531000,8.671853000,168.148678000,113.338416261,107.779932303
1800,0xAA,5,1.560078750,0.000343851,176.340064000,8.439005000,167.901059000,113.032796610,107.623451087
1800,0xAA,6,1.560088608,0.000275910,176.812719000,8.503213000,168.309506000,113.335049095,107.884581118
1800,0xAA,7,1.560074592,0.000347418,177.093296000,8.450356000,168.642940000,113.515915809,108.099279934
1800,0xAA,8,1.560051466,0.000258594,176.582251000,8.466287000,168.115964000,113.190016394,107.763088382
1800,0xAA,9,1.560105158,0.000346168,176.482153000,8.450235000,168.031918000,113.121959842,107.705507651
1800,0xAA,10,1.560278629,0.000507676,177.005163000,8.371194000,168.633969000,113.444585895,108.079394164
1800,0xAA,11,1.560049479,0.000278149,176.578039000,8.346475000,168.231564000,113.187460647,107.837325852
1800,0xAA,12,1.560071594,0.000353833,177.416233000,8.234232000,169.182001000,113.723135342,108.445023727
1800,0xAA,13,1.560102732,0.000280340,176.523962000,8.246683000,168.277279000,113.148934639,107.862947483
1800,0xAA,14,1.560319024,0.000456404,178.156038000,8.328530000,169.827508000,114.179238517,108.841528810
1800,0xAA,15,1.560065375,0.000230143,176.367896000,8.311869000,168.056027000,113.051605910,107.723708033
1800,0xAA,16,1.560357407,0.000838606,178.442780000,8.320536000,170.122244000,114.360196711,109.027741491
1800,0xAA,17,1.560078023,0.000344157,177.673923000,8.376809000,169.297114000,113.887844347,108.518363540
1800,0xAA,18,1.560056932,0.000266541,176.892613000,8.442911000,168.449702000,113.388562537,107.976637609
1800,0xAA,19,1.560123164,0.000360940,176.908056000,8.526773000,168.381283000,113.393647431,107.928198807
1800,0xAA,20,1.560229107,0.000445556,178.002779000,8.507425000,169.495354000,114.087590178,108.634913414
1800,0xAA,21,1.560957367,0.004708286,179.827115000,8.589028000,171.238087000,115.203091933,109.700681563
1800,0xAA,22,1.560031881,0.000248609,177.747775000,8.295023000,169.452752000,113.938552890,108.621339120
1800,0xAA,23,1.560056558,0.000325182,176.952916000,8.373392000,168.579524000,113.427244104,108.059879723
1800,0xAA,24,1.560047109,0.000324750,177.204930000,8.406839000,168.798091000,113.589473668,108.200637041
1800,0xAA,25,1.560042525,0.000262171,178.285859000,8.405984000,169.879875000,114.282691715,108.894387318
1800,0xAA,26,1.560102796,0.000332066,177.226842000,8.434305000,168.792537000,113.599464393,108.193214868
1800,0xAA,27,1.560000263,0.000248968,177.648654000,8.355508000,169.293146000,113.877323109,108.521229140
1800,0xAA,28,1.560041342,0.000313513,177.589572000,8.380289000,169.209283000,113.836452455,108.464614686
1800,0xAA,29,1.559988536,0.000210020,177.016575000,8.285135000,168.731440000,113.472997332,108.161974329
1800,0xAA,30,1.560223049,0.000538127,179.236297000,8.472879000,170.763418000,114.878636844,109.448080612
1800,0xAA,31,1.560163353,0.000332554,177.402439000,8.404703000,168.997736000,113.707605450,108.320539420
1800,0xAA,32,1.560078448,0.000343135,177.262547000,8.343606000,168.918941000,113.624123966,108.275927528
1800,0xAA,33,1.560161719,0.000374938,177.348484000,8.238443000,169.110041000,113.673141570,108.392635775
1800,0xAA,34,1.560096360,0.000250406,176.617590000,8.222574000,168.395016000,113.209410957,107.938855747
1800,0xAA,35,1.560132484,0.000361006,178.553865000,8.293802000,170.260063000,114.447886227,109.131797955
1800,0xAA,36,1.560126818,0.000287532,176.714391000,8.389810000,168.324581000,113.269247716,107.891601550
1800,0xAA,37,1.560138074,0.000358221,177.315098000,8.382974000,168.932124000,113.653465015,108.280239311
1800,0xAA,38,1.560129166,0.000291052,176.808813000,8.400186000,168.408627000,113.329599165,107.945310361
1800,0xAA,39,1.560148183,0.000370668,176.910924000,8.466959000,168.443965000,113.393667275,107.966644964
1800,0xAA,40,1.560301716,0.000514142,179.032867000,8.558938000,170.473929000,114.742466247,109.257028456
1800,0xAA,41,1.560132397,0.000318970,177.512241000,8.673867000,168.838374000,113.780241581,108.220542277
1800,0xAA,42,1.560118020,0.000344629,177.102818000,8.606973000,168.495845000,113.518859266,108.001986256
1800,0xAA,43,1.560059763,0.000235794,177.768954000,8.556435000,169.212519000,113.950092272,108.465408159
1800,0xAA,44,1.560184406,0.000380811,177.402500000,8.627541000,168.774959000,113.706110225,108.176288899
1800,0xAA,45,1.560132531,0.000293079,178.416658000,8.573953000,169.842705000,114.359937004,108.864280175
1800,0xAA,46,1.560108212,0.000491485,177.452000000,8.632852000,168.819148000,113.743392077,108.209896429
1800,0xAA,47,1.560071651,0.000225887,177.935092000,8.529947000,169.405145000,114.055717845,108.588054231
1800,0xAA,48,1.560098685,0.000351003,179.052215000,8.452310000,170.599905000,114.769800596,109.351995889
1800,0xAA,49,1.560111447,0.000347330,177.376865000,8.433267000,168.943598000,113.694996142,108.289441934
1800,0xAA,50,1.560204686,0.000494165,178.958465000,8.504190000,170.454275000,114.701914818,109.251226151
1800,0xAA,51,1.560197097,0.000380984,178.965546000,8.399880000,170.565666000,114.707011272,109.323153030
1800,0xAA,52,1.560124745,0.000268801,178.172274000,8.426126000,169.746148000,114.203863869,108.802932932
1800,0xAA,53,1.560122567,0.000353863,179.269927000,8.439065000,170.830862000,114.907591710,109.498359656
1800,0xAA,54,1.560117431,0.000282308,178.354158000,8.529580000,169.824578000,114.320982779,108.853714849
1800,0xAA,55,1.560137588,0.000362993,178.712555000,8.498879000,170.213676000,114.549227143,109.101708243
1800,0xAA,56,1.560114063,0.000238539,177.496249000,8.546853000,168.949396000,113.771328170,108.292976808
1800,0xAA,57,1.560156782,0.000386349,178.728485000,8.654824000,170.073661000,114.558028443,109.010621862
1800,0xAA,58,1.560141488,0.000361466,179.966154000,8.666665000,171.299489000,115.352457022,109.797406365
1800,0xAA,59,1.560099301,0.000280342,177.421664000,8.401407000,169.020257000,113.724596804,108.339422287
1800,0xAA,60,1.560247111,0.000540315,178.816436000,8.607339000,170.209097000,114.607766128,109.091114991
1800,0xAA,61,1.560073999,0.000269093,178.769500000,8.403970000,170.365530000,114.590397677,109.203492951
1800,0xAA,62,1.559993844,0.000324675,178.472871000,8.571756000,169.901115000,114.406137992,108.911400925
1800,0xAA,63,1.560101869,0.000302033,178.739471000,8.508096000,170.231375000,114.569102567,109.115550994
1800,0xAA,64,1.560097895,0.000344139,179.351836000,8.320719000,171.031117000,114.961911421,109.628451881
1800,0xAA,65,1.560118050,0.000354376,178.541352000,8.442606000,170.098746000,114.440924511,109.029407094
1800,0xAA,66,1.560060236,0.000230429,178.893829000,8.430215000,170.463614000,114.671103599,109.267328281
1800,0xAA,67,1.560100949,0.000345473,178.602937000,8.307291000,170.295646000,114.481653937,109.156811976
1800,0xAA,68,1.560044857,0.000255593,178.357820000,8.383219000,169.974601000,114.328648420,108.954944606
1800,0xAA,69,1.560017366,0.000319650,177.500827000,8.466104000,169.034723000,113.781314791,108.354385460
1800,0xAA,70,1.560213065,0.000483585,179.218352000,8.594582000,170.623770000,114.867870290,109.359275220
1800,0xAA,71,1.560067415,0.000353467,180.412991000,8.514383000,171.898608000,115.644355659,110.186653692
1800,0xAA,72,1.560018871,0.000313173,178.241976000,8.532876000,169.709100000,114.256294804,108.786568662
1800,0xAA,73,1.560002599,0.000242751,179.006194000,8.607095000,170.399099000,114.747369119,109.230009719
1800,0xAA,74,1.560045652,0.000313779,178.874908000,8.649758000,170.225150000,114.660047138,109.115492728
1800,0xAA,75,1.560009003,0.000220811,177.655063000,8.762429000,168.892634000,113.880793407,108.263884157
1800,0xAA,76,1.560096981,0.000357175,180.083828000,8.525796000,171.558032000,115.431175253,109.966261145
1800,0xAA,77,1.560070261,0.000262563,178.620392000,8.685037000,169.935355000,114.495094521,108.928013847
1800,0xAA,78,1.560064802,0.000334782,178.961456000,8.375711000,170.585745000,114.714116867,109.345294373
1800,0xAA,79,1.560036491,0.000214871,177.771273000,8.367471000,169.403802000,113.953278710,108.589640711
1800,0xAA,80,1.560263070,0.000508181,179.465544000,8.369058000,171.096486000,115.022618584,109.658742351
1800,0xAA,81,1.560656685,0.002746637,181.625634000,8.448282000,173.177352000,116.377699048,110.964412397
1800,0xAA,82,1.560101809,0.000280619,177.532566000,8.367960000,169.164606000,113.795500396,108.431773521
1800,0xAA,83,1.560186869,0.000379837,178.350862000,8.303628000,170.047234000,114.313782232,108.991581306
1800,0xAA,84,1.560130012,0.000257675,179.652494000,8.449503000,171.202991000,115.152258231,109.736361520
1800,0xAA,85,1.560104663,0.000342729,178.483368000,8.434488000,170.048880000,114.404739764,108.998379410
1800,0xAA,86,1.560114104,0.000271011,178.810699000,8.428811000,170.381888000,114.613859711,109.211170907
1800,0xAA,87,1.560128330,0.000358970,178.095735000,8.531594000,169.564141000,114.154541981,108.686021326
1800,0xAA,88,1.560138976,0.000357522,178.631806000,8.377054000,170.254752000,114.497367735,109.127939671
1800,0xAA,89,1.560212318,0.000410273,179.861967000,8.447183000,171.414784000,115.280442887,109.866318858
1800,0xAA,90,1.560487252,0.000615028,179.766813000,8.384927000,171.381886000,115.199155111,109.825880200
1800,0xAA,91,1.560133029,0.000300597,179.882658000,8.365884000,171.516774000,115.299563986,109.937275101
1800,0xAA,92,1.560104454,0.000349631,179.091399000,8.311136000,170.780263000,114.794492443,109.467197866
1800,0xAA,93,1.560112679,0.000248955,179.137176000,8.279215000,170.857961000,114.823229412,109.516423619
1800,0xAA,94,1.560135124,0.000360658,180.636013000,8.270364000,172.365649000,115.782287228,110.481231009
1800,0xAA,95,1.560147563,0.000316507,178.644501000,8.259622000,170.384879000,114.504874594,109.210745886
1800,0xAA,96,1.560142575,0.000364801,180.215664000,8.259317000,171.956347000,115.512304354,110.218354217
1800,0xAA,97,1.560166040,0.000363696,179.584318000,8.355386000,171.228932000,115.105901138,109.750454484
1800,0xAA,98,1.560166255,0.000388866,179.074432000,8.429300000,170.645132000,114.779070134,109.376248497
1800,0xAA,99,1.560103168,0.000348492,180.164639000,8.359720000,171.804919000,115.482515988,110.124075486
2000,0x00,0,1.404219338,0.001176687,163.654000000,7.591289000,156.062711000,116.544471090,111.138414645
2000,0x00,1,1.404215313,0.001178948,163.700020000,7.581585000,156.118435000,116.577577878,111.178416559
2000,0x00,2,1.404332937,0.001042936,163.586739000,7.577984000,156.008755000,116.487148203,111.091003315
2000,0x00,3,1.404257618,0.001173625,163.810616000,7.664592000,156.146024000,116.652823477,111.194713866
2000,0x00,4,1.404165559,0.000910969,163.545358000,7.602398000,155.942960000,116.471563447,111.057388494
2000,0x00,5,1.404139522,0.000873068,163.713692000,7.570721000,156.142971000,116.593607284,111.201891659
2000,0x00,6,1.404185586,0.000987225,163.673287000,7.616130000,156.057157000,116.561007740,111.137130673
2000,0x00,7,1.404159922,0.000960208,163.685189000,7.565960000,156.119229000,116.571614418,111.183367765
2000,0x00,8,1.404241180,0.001046526,163.724007000,7.648723000,156.075284000,116.592512258,111.145639520
2000,0x00,9,1.404246505,0.000985778,163.540780000,7.681926000,155.858854000,116.461589514,110.991092721
2000,0x00,10,1.404288784,0.001054089,163.819283000,7.688579000,156.130704000,116.656406357,111.181336636
2000,0x00,11,1.404205809,0.000978864,163.639351000,7.626445000,156.012906000,116.535161733,111.104016986
2000,0x00,12,1.404080402,0.000823445,163.581613000,7.547282000,156.034331000,116.504448564,111.129199406
2000,0x00,13,1.404160057,0.000998966,163.572152000,7.551311000,156.020841000,116.491101689,111.113288126
2000,0x00,14,1.404173492,0.001027562,163.620004000,7.435589000,156.184415000,116.524065499,111.228716285
2000,0x00,15,1.404197913,0.000944827,163.548349000,7.442424000,156.105925000,116.471009920,111.170885248
2000,0x00,16,1.404195197,0.000968825,163.651131000,7.507244000,156.143887000,116.544431539,111.198134944
2000,0x00,17,1.404173965,0.001005605,163.645760000,7.640239000,156.005521000,116.542368737,111.101277255
2000,0x00,18,1.404193680,0.000946407,163.547372000,7.646892000,155.900480000,116.470665250,111.024912210
2000,0x00,19,1.404162847,0.000931436,163.851387000,7.742717000,156.108670000,116.689732459,111.175616334
2000,0x00,20,1.404263139,0.000978970,163.673531000,7.618511000,156.055020000,116.554744267,111.129471189
2000,0x00,21,1.404199869,0.000802346,163.506844000,7.593304000,155.913540000,116.441289868,111.033723491
2000,0x00,22,1.405116255,0.005040628,165.568424000,7.881694000,157.686730000,117.832544789,112.223262301
2000,0x00,23,1.404175755,0.000850851,163.661385000,7.709758000,155.951627000,116.553347691,111.062754386
2000,0x00,24,1.404138165,0.001030483,163.763313000,7.547222000,156.216091000,116.629059040,111.254073739
2000,0x00,25,1.404147815,0.001022193,163.616403000,7.561199000,156.055204000,116.523631797,111.138729354
2000,0x00,26,1.404172235,0.000981701,163.547921000,7.669597000,155.878324000,116.472834955,111.010829078
2000,0x00,27,1.404213365,0.001116634,163.720650000,7.616192000,156.104458000,116.592431067,111.168617145
2000,0x00,28,1.404206849,0.001039560,163.839607000,7.755412000,156.084195000,116.677686838,111.154702810
2000,0x00,29,1.404192451,0.000970251,163.907234000,7.751872000,156.155362000,116.727043973,111.206524337
2000,0x00,30,1.404305290,0.000954565,163.646005000,7.852092000,155.793913000,116.531644602,110.940202303
2000,0x00,31,1.404202211,0.001013820,163.744576000,7.740520000,156.004056000,116.610396041,111.097999082
2000,0x00,32,1.404139408,0.000949808,163.662361000,7.755717000,155.906644000,116.557059821,111.033593308
2000,0x00,33,1.404160176,0.000981398,163.736214000,7.757792000,155.978422000,116.607931787,111.083069215
2000,0x00,34,1.404152272,0.001015258,163.668221000,7.636211000,156.032010000,116.560165340,111.121858433
2000,0x00,35,1.404163053,0.001010080,163.774666000,7.758037000,156.016629000,116.635077173,111.110051439
2000,0x00,36,1.404148259,0.000896690,163.592416000,7.713664000,155.878752000,116.506512030,111.013029449
2000,0x00,37,1.404171873,0.000982038,163.603768000,7.623271000,155.980497000,116.512637205,111.083621607
2000,0x00,38,1.404215408,0.001096603,163.710518000,7.701091000,156.009427000,116.585046058,111.100779928
2000,0x00,39,1.404171318,0.000996432,163.581124000,7.760540000,155.820584000,116.496556999,110.969781242
2000,0x00,40,1.404329354,0.001001928,163.648079000,7.770182000,155.877897000,116.531124623,110.998104911
2000,0x00,41,1.404178630,0.000845683,163.537972000,7.783671000,155.754301000,116.465219232,110.921999279
2000,0x00,42,1.404125109,0.000814461,163.662179000,7.742168000,155.920011000,116.558117211,111.044243873
2000,0x00,43,1.404208323,0.001001301,163.659493000,7.786723000,155.872770000,116.549297119,111.004020912
2000,0x00,44,1.404225522,0.001079364,163.696968000,7.867168000,155.829800000,116.574556910,110.972060817
2000,0x00,45,1.404187579,0.000974330,163.543710000,7.919657000,155.624053000,116.468563344,110.828535531
2000,0x00,46,1.404165047,0.001020666,163.597848000,7.800701000,155.797147000,116.508987556,110.953585778
2000,0x00,47,1.404186082,0.000912455,163.667122000,7.702434000,155.964688000,116.556576189,111.071239095
2000,0x00,48,1.404181402,0.001103498,163.622139000,7.683635000,155.938504000,116.524929561,111.052962059
2000,0x00,49,1.404170142,0.000998106,163.544991000,7.621440000,155.923551000,116.470921958,111.043203640
2000,0x00,50,1.404361827,0.001133722,163.677987000,7.508526000,156.169461000,116.549726647,111.203151528
2000,0x00,51,1.404214951,0.000949125,163.664193000,7.503520000,156.160673000,116.552094013,111.208524644
2000,0x00,52,1.404211168,0.000995973,163.863167000,7.520428000,156.342739000,116.694106088,111.338481399
2000,0x00,53,1.404124309,0.000918358,163.772957000,7.436687000,156.336270000,116.637078285,111.340761605
2000,0x00,54,1.404085975,0.000767144,163.641915000,7.423077000,156.218838000,116.546933691,111.260165549
2000,0x00,55,1.404129480,0.000728250,163.498116000,7.460308000,156.037808000,116.440911139,111.127791440
2000,0x00,56,1.404172156,0.001052724,163.981880000,7.472576000,156.509304000,116.781891234,111.460196193
2000,0x00,57,1.404223563,0.000971009,163.640085000,7.496868000,156.143217000,116.534211019,111.195411559
2000,0x00,58,1.404176825,0.000917768,163.711618000,7.523785000,156.187833000,116.589032887,111.230886486
2000,0x00,59,1.404133613,0.000762307,163.653023000,7.534466000,156.118557000,116.550890490,111.184972369
2000,0x00,60,1.404221557,0.000635336,163.580331000,7.450298000,156.130033000,116.491824386,111.186181581
2000,0x00,61,1.404117379,0.000520363,163.609079000,7.491131000,156.117948000,116.520941510,111.185824153
2000,0x00,62,1.404118779,0.000578680,163.516611000,7.441570000,156.075041000,116.454970489,111.155155323
2000,0x00,63,1.404104184,0.000692151,163.553475000,7.464153000,156.089322000,116.482435481,111.166481660
2000,0x00,64,1.404144096,0.000627071,163.495431000,7.408123000,156.087308000,116.437786902,111.161887496
2000,0x00,65,1.404070654,0.000488868,163.406748000,7.389874000,156.016874000,116.380715975,111.117537816
2000,0x00,66,1.404409467,0.000933113,163.740303000,7.493023000,156.247280000,116.590144723,111.254789774
2000,0x00,67,1.404154332,0.000777242,163.573923000,7.619915000,155.954008000,116.492837882,111.066144516
2000,0x00,68,1.404076932,0.000476803,163.581307000,7.626567000,155.954740000,116.504518607,111.072788459
2000,0x00,69,1.404138563,0.000665932,163.480294000,7.752299000,155.727995000,116.427465437,110.906429832
2000,0x00,70,1.404237973,0.000635210,163.606515000,7.642070000,155.964445000,116.509108994,111.066961616
2000,0x00,71,1.404152146,0.000550520,163.454415000,7.576519000,155.877896000,116.407908795,111.012112464
2000,0x00,72,1.404138042,0.000724417,163.636422000,7.706279000,155.930143000,116.538699999,111.050436900
2000,0x00,73,1.404027300,0.000258110,163.570260000,7.673625000,155.896635000,116.500768922,111.035330321
2000,0x00,74,1.404028098,0.000331149,163.595955000,7.749065000,155.846890000,116.519003605,110.999836993
2000,0x00,75,1.404036769,0.000342014,163.581796000,7.645305000,155.936491000,116.508199538,111.062968209
2000,0x00,76,1.404016309,0.000343587,163.312814000,7.664287000,155.648527000,116.318316944,110.859486479
2000,0x00,77,1.404074692,0.000437325,163.356820000,7.543498000,155.813322000,116.344821897,110.972245893
2000,0x00,78,1.404073514,0.000377766,163.366037000,7.578777000,155.787260000,116.351483995,110.953777305
2000,0x00,79,1.404067175,0.000433666,163.633553000,7.640911000,155.992642000,116.542538679,111.100554749
2000,0x00,80,1.404195538,0.000462807,163.741219000,7.670390000,156.070829000,116.608559535,111.146079565
2000,0x00,81,1.404116684,0.000455769,163.667855000,7.773600000,155.894255000,116.562858989,111.026566963
2000,0x00,82,1.403997251,0.000339717,163.412180000,7.668620000,155.743560000,116.390669492,110.928678740
2000,0x00,83,1.403917389,0.000221545,163.243966000,7.644817000,155.599149000,116.277472752,110.832125998
2000,0x00,84,1.403962098,0.000345256,163.327463000,7.595745000,155.731718000,116.333242379,110.923021538
2000,0x00,85,1.403986484,0.000324074,163.379892000,7.613628000,155.766264000,116.368564678,110.945700509
2000,0x00,86,1.403994078,0.000347165,163.441476000,7.614422000,155.827054000,116.411798723,110.988398354
2000,0x00,87,1.403997316,0.000330642,163.308359000,7.733135000,155.575224000,116.316717395,110.808775953
2000,0x00,88,1.403951003,0.000259444,163.205088000,7.718914000,155.486174000,116.246996943,110.749003081
2000,0x00,89,1.403998303,0.000312658,163.449533000,7.784831000,155.664702000,116.417186973,110.872428848
2000,0x00,90,1.404148307,0.000464446,163.432259000,7.603557000,155.828702000,116.392448096,110.977381212
2000,0x00,91,1.404028991,0.000265937,163.202158000,7.633708000,155.568450000,116.238453100,110.801451407
2000,0x00,92,1.403969750,0.000301070,163.401071000,7.527508000,155.873563000,116.385036801,111.023448347
2000,0x00,93,1.403999049,0.000270124,163.381112000,7.497844000,155.883268000,116.368392251,111.028043903
2000,0x00,94,1.404047610,0.000459962,163.525094000,7.538067000,155.987027000,116.466915273,111.098103740
2000,0x00,95,1.404029052,0.000409245,163.358957000,7.635478000,155.723479000,116.350125929,110.911863815
2000,0x00,96,1.403978843,0.000226551,163.372323000,7.629559000,155.742764000,116.363806948,110.929566225
2000,0x00,97,1.404027223,0.000329812,163.564828000,7.648235000,155.916593000,116.496906440,111.049551235
2000,0x00,98,1.404037602,0.000274205,163.619149000,7.646526000,155.972623000,116.534734353,111.088636622
2000,0x00,99,1.404044592,0.000335044,163.643319000,7.592082000,156.051237000,116.551368744,111.144074672
2000,0xAA,0,1.404000459,0.000530445,163.619332000,7.709026000,155.910306000,116.537947618,111.047190155
2000,0xAA,1,1.404132049,0.000556194,164.045479000,7.781658000,156.263821000,116.830521074,111.288550856
2000,0xAA,2,1.404151171,0.000830819,163.950142000,7.763896000,156.186246000,116.761033575,111.231788461
2000,0xAA,3,1.404083221,0.000998824,163.858345000,7.567608000,156.290737000,116.701305559,111.311590842
2000,0xAA,4,1.404066876,0.000851444,163.933113000,7.635417000,156.297696000,116.755915128,111.317842960
2000,0xAA,5,1.404057469,0.000898711,163.705392000,7.599041000,156.106351000,116.594509554,111.182308724
2000,0xAA,6,1.404121340,0.000864692,163.974495000,7.515057000,156.459438000,116.780858148,111.428716002
2000,0xAA,7,1.404148596,0.000901922,163.859566000,7.665996000,156.193570000,116.696741653,111.237208368
2000,0xAA,8,1.404294072,0.000809195,163.799019000,7.734233000,156.064786000,116.641537039,111.133977650
2000,0xAA,9,1.404099459,0.000403881,163.675362000,7.574809000,156.100553000,116.569635441,111.174854498
2000,0xAA,10,1.404245351,0.000578697,163.788216000,7.550151000,156.238065000,116.637890902,111.261230052
2000,0xAA,11,1.404087813,0.000453719,163.727547000,7.437237000,156.290310000,116.607768730,111.310922671
2000,0xAA,12,1.403996633,0.000332471,163.418588000,7.468487000,155.950101000,116.395284813,111.075836872
2000,0xAA,13,1.404001076,0.000279974,163.602975000,7.716960000,155.886015000,116.526246137,111.029840094
2000,0xAA,14,1.403983851,0.000325640,163.597787000,7.615215000,155.982572000,116.523980564,111.099975870
2000,0xAA,15,1.404060610,0.000356439,163.696297000,7.587871000,156.108426000,116.587771055,111.183537831
2000,0xAA,16,1.404060010,0.000342887,163.668465000,7.542156000,156.126309000,116.567998395,111.196322009
2000,0xAA,17,1.404085109,0.000385647,163.689217000,7.461834000,156.227383000,116.580694421,111.266319990
2000,0xAA,18,1.404043968,0.000323736,163.619759000,7.487651000,156.132108000,116.534640450,111.201722700
2000,0xAA,19,1.404705474,0.003702764,165.053045000,7.597942000,157.455103000,117.500108060,112.091186304
2000,0xAA,20,1.404180337,0.000582156,164.175605000,7.597637000,156.577968000,116.919173885,111.508446502
2000,0xAA,21,1.404079852,0.000389537,163.642464000,7.485576000,156.156888000,116.547832892,111.216529272
2000,0xAA,22,1.404148684,0.000608817,163.838875000,7.622417000,156.216458000,116.681998753,111.253501695
2000,0xAA,23,1.404072445,0.000411431,163.672311000,7.703410000,155.968901000,116.569705172,111.083229011
2000,0xAA,24,1.404089502,0.000353172,163.618172000,7.563641000,156.054531000,116.529731047,111.142865757
2000,0xAA,25,1.404036242,0.000361733,163.583016000,7.573406000,156.009610000,116.509112193,111.115087612
2000,0xAA,26,1.404013781,0.000320095,163.681649000,7.474407000,156.207242000,116.581226762,111.257627307
2000,0xAA,27,1.404027727,0.000329285,163.640573000,7.526409000,156.114164000,116.550812933,111.190228627
2000,0xAA,28,1.404021380,0.000329738,163.617135000,7.503033000,156.114102000,116.534646395,111.190687173
2000,0xAA,29,1.404036707,0.000273981,163.555185000,7.561138000,155.994047000,116.489251404,111.103966276
2000,0xAA,30,1.404180952,0.000432863,163.938972000,7.544231000,156.394741000,116.750602394,111.377910940
2000,0xAA,31,1.404077293,0.000339857,163.619577000,7.530743000,156.088834000,116.531744987,111.168263190
2000,0xAA,32,1.404002907,0.000232474,163.595894000,7.445537000,156.150357000,116.521050750,111.217972699
2000,0xAA,33,1.404033302,0.000338793,163.548287000,7.504253000,156.044034000,116.484620946,111.139838178
2000,0xAA,34,1.404358307,0.001910266,164.475470000,7.613994000,156.861476000,117.117881619,111.696192610
2000,0xAA,35,1.404031343,0.000209586,163.577462000,7.504986000,156.072476000,116.505562957,111.160250661
2000,0xAA,36,1.404071159,0.000351405,163.663155000,7.536846000,156.126309000,116.563290962,111.195439088
2000,0xAA,37,1.404041128,0.000284479,163.670906000,7.531414000,156.139492000,116.571304580,111.207206728
2000,0xAA,38,1.404153605,0.000671050,163.632760000,7.774150000,155.858610000,116.534800336,110.998262188
2000,0xAA,39,1.404092356,0.000383405,163.656258000,7.732219000,155.924039000,116.556619148,111.049702907
2000,0xAA,40,1.404202413,0.000558890,163.931343000,7.652934000,156.278409000,116.743385046,111.293363077
2000,0xAA,41,1.404132921,0.000543218,163.686288000,7.615520000,156.070768000,116.574638749,111.150992677
2000,0xAA,42,1.404118434,0.000687788,163.788460000,7.597210000,156.191250000,116.648607411,111.237945594
2000,0xAA,43,1.404186857,0.000843681,164.104073000,7.564922000,156.539151000,116.867689052,111.480284975
2000,0xAA,44,1.404161188,0.000964061,163.787483000,7.512249000,156.275234000,116.644359945,111.294369455
2000,0xAA,45,1.404367435,0.000709598,163.916024000,7.558513000,156.357511000,116.718758839,111.336611111
2000,0xAA,46,1.404072651,0.000485737,163.746102000,7.429852000,156.316250000,116.622243048,111.330599491
2000,0xAA,47,1.404041698,0.000406490,163.553719000,7.561565000,155.992154000,116.487793237,111.102223128
2000,0xAA,48,1.404090507,0.000432837,163.785713000,7.564800000,156.220913000,116.648971116,111.261284239
2000,0xAA,49,1.404175626,0.000837679,163.886727000,7.708782000,156.177945000,116.713838363,111.223939621
2000,0xAA,50,1.404303554,0.000746442,164.031441000,7.566875000,156.464566000,116.806256403,111.417909291
2000,0xAA,51,1.404065345,0.000361364,163.741341000,7.642986000,156.098355000,116.619459044,111.175990172
2000,0xAA,52,1.404121146,0.000683891,163.671212000,7.758464000,155.912748000,116.564879376,111.039384640
2000,0xAA,53,1.404049497,0.000417547,163.733834000,7.723491000,156.010343000,116.615428688,111.114560651
2000,0xAA,54,1.404102325,0.000363596,163.711739000,7.800395000,155.911344000,116.595305097,111.039873089
2000,0xAA,55,1.404041264,0.000378778,163.809456000,7.674419000,156.135037000,116.669972739,111.204022987
2000,0xAA,56,1.404029360,0.000300880,163.634469000,7.763896000,155.870573000,116.546329897,111.016605077
2000,0xAA,57,1.404084270,0.000452301,163.857430000,7.631999000,156.225431000,116.700566706,111.264996233
2000,0xAA,58,1.404076074,0.000482986,163.812630000,7.629436000,156.183194000,116.669340848,111.235564044
2000,0xAA,59,1.404048622,0.000358466,163.708748000,7.539165000,156.169583000,116.597634463,111.228044776
2000,0xAA,60,1.404178733,0.000490698,164.311224000,7.481487000,156.829737000,117.015889885,111.687873712
2000,0xAA,61,1.404069048,0.000347427,163.834115000,7.508220000,156.325895000,116.685226616,111.337754557
2000,0xAA,62,1.403990268,0.000244838,163.724312000,7.544475000,156.179837000,116.613566132,111.239971193
2000,0xAA,63,1.403990740,0.000322280,163.831185000,7.420758000,156.410427000,116.689647863,111.404172831
2000,0xAA,64,1.404066136,0.000412063,163.624337000,7.477642000,156.146695000,116.536061076,111.210356105
2000,0xAA,65,1.404040999,0.000361818,163.699960000,7.495404000,156.204556000,116.592008400,111.253557456
2000,0xAA,66,1.404018095,0.000328619,163.735359000,7.450054000,156.285305000,116.619123031,111.312885152
2000,0xAA,67,1.404023579,0.000258235,163.804757000,7.454693000,156.350064000,116.668095495,111.358574265
2000,0xAA,68,1.404095078,0.000373387,163.807808000,7.580913000,156.226895000,116.664327488,111.265182431
2000,0xAA,69,1.404038920,0.000266237,163.767464000,7.450176000,156.317288000,116.640259549,111.334013479
2000,0xAA,70,1.404191644,0.000493654,164.107673000,7.463726000,156.643947000,116.869854441,111.554535814
2000,0xAA,71,1.405086780,0.005096974,166.324891000,7.706157000,158.618734000,118.373393997,112.888923493
2000,0xAA,72,1.404068208,0.000404435,163.890999000,7.486248000,156.404751000,116.725810081,111.393983638
2000,0xAA,73,1.404055498,0.000329772,163.980720000,7.422527000,156.558193000,116.790768053,111.504276877
2000,0xAA,74,1.404053468,0.000382827,163.936104000,7.489605000,156.446499000,116.759160343,111.424886990
2000,0xAA,75,1.404069908,0.000498048,163.645760000,7.551372000,156.094388000,116.551005812,111.172803518
2000,0xAA,76,1.403992537,0.000366620,163.821968000,7.457623000,156.364345000,116.682933598,111.371208071
2000,0xAA,77,1.404057363,0.000342197,163.985298000,7.458599000,156.526699000,116.793873480,111.481698068
2000,0xAA,78,1.404011223,0.000261751,163.665292000,7.438031000,156.227261000,116.569788963,111.272088434
2000,0xAA,79,1.404103028,0.000307307,163.849617000,7.559734000,156.289883000,116.693443257,111.309412420
2000,0xAA,80,1.404279893,0.000633463,164.258186000,7.478008000,156.780178000,116.969691588,111.644536655
2000,0xAA,81,1.404036084,0.000364092,164.029487000,7.557048000,156.472439000,116.827116407,111.444741917
2000,0xAA,82,1.404036473,0.000442285,163.812508000,7.503094000,156.309414000,116.672544550,111.328599331
2000,0xAA,83,1.404040285,0.000502034,164.183051000,7.467449000,156.715602000,116.936139802,111.617596536
2000,0xAA,84,1.403970013,0.000258256,163.872627000,7.583477000,156.289150000,116.720888243,111.319435983
2000,0xAA,85,1.403986877,0.000355617,163.790779000,7.521893000,156.268886000,116.661189455,111.303665731
2000,0xAA,86,1.404901730,0.004772389,165.991274000,7.699199000,158.292075000,118.151519416,112.671279171
2000,0xAA,87,1.404113971,0.000621257,163.866219000,7.514324000,156.351895000,116.704357580,111.352709385
2000,0xAA,88,1.404091964,0.000500935,164.032600000,7.527568000,156.505032000,116.824683999,111.463519494
2000,0xAA,89,1.403993992,0.000425746,163.809090000,7.527812000,156.281278000,116.673640314,111.311927910
2000,0xAA,90,1.404142676,0.000574887,164.259833000,7.557049000,156.702784000,116.982295220,111.600328606
2000,0xAA,91,1.404034143,0.000360545,164.425177000,7.632549000,156.792628000,117.109101488,111.672945227
2000,0xAA,92,1.404053043,0.000439321,163.817086000,7.624980000,156.192106000,116.674428203,111.243735939
2000,0xAA,93,1.404026273,0.000314908,164.146613000,7.668133000,156.478480000,116.911354250,111.449823261
2000,0xAA,94,1.404011462,0.000317337,164.182075000,7.693644000,156.488431000,116.937845163,111.458086481
2000,0xAA,95,1.404083411,0.000851792,164.115974000,7.562420000,156.553554000,116.884775314,111.498756263
2000,0xAA,96,1.404000653,0.000277337,163.645211000,7.690166000,155.955045000,116.556363899,111.079040234
2000,0xAA,97,1.404060816,0.000666783,164.230598000,7.718120000,156.512478000,116.968293799,111.471295440
2000,0xAA,98,1.404015469,0.000283198,163.737496000,7.569011000,156.168485000,116.620863239,111.229889160
2000,0xAA,99,1.404032953,0.000354427,163.755563000,7.793315000,155.962248000,116.632278891,111.081615011
2100,0x00,0,1.337406291,0.000794744,156.086759000,7.387005000,148.699754000,116.708557452,111.185176078
2100,0x00,1,1.337227548,0.000560682,155.759611000,7.315350000,148.444261000,116.479511041,111.008976121
2100,0x00,2,1.337226038,0.000482370,155.888578000,7.200421000,148.688157000,116.576086278,111.191491008
2100,0x00,3,1.337448366,0.000790789,156.308316000,7.222210000,149.086106000,116.870542438,111.470550794
2100,0x00,4,1.337297081,0.000661697,155.835172000,7.287029000,148.548143000,116.529957487,111.080884799
2100,0x00,5,1.337267010,0.000708399,155.940763000,7.244916000,148.695847000,116.611538169,111.193834790
2100,0x00,6,1.337430454,0.000898045,156.065580000,7.238385000,148.827195000,116.690613392,111.278455338
2100,0x00,7,1.337379265,0.000846584,155.995877000,7.242169000,148.753708000,116.642960626,111.227766009
2100,0x00,8,1.337315550,0.000714028,156.088956000,7.182599000,148.906357000,116.718119367,111.347211207
2100,0x00,9,1.337346136,0.000874907,156.323635000,7.171063000,149.152572000,116.890931051,111.528771768
2100,0x00,10,1.337425976,0.000753126,156.236355000,7.224896000,149.011459000,116.818693383,111.416603002
2100,0x00,11,1.337325352,0.000705550,155.889616000,7.245953000,148.643663000,116.568205118,111.149962664
2100,0x00,12,1.337315201,0.000720632,155.968717000,7.218304000,148.750413000,116.628239117,111.230630538
2100,0x00,13,1.337364967,0.000756499,155.918973000,7.256024000,148.662949000,116.586703591,111.161091152
2100,0x00,14,1.337438718,0.000988071,156.274014000,7.198406000,149.075608000,116.845737934,111.463505536
2100,0x00,15,1.337469057,0.001140452,156.499355000,7.408734000,149.090621000,117.011570568,111.472202043
2100,0x00,16,1.337357902,0.001029012,156.261441000,7.319317000,148.942124000,116.843397527,111.370429529
2100,0x00,17,1.337441703,0.001198377,156.215115000,7.310589000,148.904526000,116.801438653,111.335339469
2100,0x00,18,1.337445936,0.001123678,156.340176000,7.437115000,148.903061000,116.894576265,111.333891681
2100,0x00,19,1.337413832,0.001046654,156.250210000,7.383159000,148.867051000,116.830113689,111.309639154
2100,0x00,20,1.337531520,0.001171696,156.606594000,7.321881000,149.284713000,117.086282905,111.612108362
2100,0x00,21,1.337521402,0.001099430,156.572231000,7.245526000,149.326705000,117.061477090,111.644348073
2100,0x00,22,1.337426420,0.001026637,156.230679000,7.263959000,148.966720000,116.814410595,111.383114421
2100,0x00,23,1.337683420,0.001041865,156.403408000,7.120344000,149.283064000,116.921093364,111.598201643
2100,0x00,24,1.337449516,0.001062222,156.312466000,7.110150000,149.202316000,116.873544824,111.557344165
2100,0x00,25,1.337379454,0.000927980,156.162626000,7.251080000,148.911546000,116.767627579,111.345770694
2100,0x00,26,1.337483440,0.000990315,156.265408000,7.301739000,148.963669000,116.835396469,111.376084764
2100,0x00,27,1.337442644,0.000989705,156.327237000,7.369732000,148.957505000,116.885189567,111.374873269
2100,0x00,28,1.337550622,0.001170836,156.323391000,7.364361000,148.959030000,116.872878211,111.367022300
2100,0x00,29,1.337580267,0.001298856,156.222318000,7.353130000,148.869188000,116.794723916,111.297386537
2100,0x00,30,1.337653644,0.001179414,156.478725000,7.346905000,149.131820000,116.980001305,111.487619152
2100,0x00,31,1.337566497,0.001093242,156.106168000,7.359783000,148.746385000,116.709089526,111.206721593
2100,0x00,32,1.337588522,0.001228538,156.380398000,7.319683000,149.060715000,116.912185909,111.439887906
2100,0x00,33,1.337528054,0.001243036,156.239590000,7.316876000,148.922714000,116.812196599,111.341749846
2100,0x00,34,1.337643994,0.001373527,156.425625000,7.445782000,148.979843000,116.941148502,111.374807958
2100,0x00,35,1.337613493,0.001436459,156.167752000,7.507915000,148.659837000,116.751029209,111.138111099
2100,0x00,36,1.337636832,0.001455341,156.408291000,7.679790000,148.728501000,116.928816013,111.187504307
2100,0x00,37,1.337628314,0.001476331,156.226224000,7.460674000,148.765550000,116.793448769,111.215909836
2100,0x00,38,1.337620842,0.001401374,156.323147000,7.337811000,148.985336000,116.866560441,111.380842240
2100,0x00,39,1.337503679,0.001182042,156.186795000,7.220502000,148.966293000,116.774852621,111.376361303
2100,0x00,40,1.337746153,0.001429106,156.661037000,7.329266000,149.331771000,117.108194729,111.629378002
2100,0x00,41,1.337677503,0.001386343,156.497769000,7.377362000,149.120407000,116.992151399,111.477098644
2100,0x00,42,1.337602367,0.001363045,156.308926000,7.335736000,148.973190000,116.857542949,111.373300260
2100,0x00,43,1.337666113,0.001397854,156.255825000,7.492961000,148.762864000,116.812277333,111.210759192
2100,0x00,44,1.337617904,0.001339646,156.342495000,7.280560000,149.061935000,116.881281667,111.438352129
2100,0x00,45,1.337657063,0.001456269,156.371121000,7.240582000,149.130539000,116.899260141,111.486376526
2100,0x00,46,1.337630782,0.001384110,156.348354000,7.230328000,149.118026000,116.884536541,111.479212368
2100,0x00,47,1.337682514,0.001456477,156.338101000,7.320355000,149.017746000,116.872351540,111.399935683
2100,0x00,48,1.337702021,0.001595267,156.217434000,7.338116000,148.879318000,116.780442559,111.294829257
2100,0x00,49,1.337614535,0.001337929,156.133512000,7.317609000,148.815903000,116.725340477,111.254699414
2100,0x00,50,1.338623725,0.004755253,158.474692000,7.598003000,150.876689000,118.386286657,112.710305528
2100,0x00,51,1.337803530,0.001525805,156.622829000,7.382061000,149.240768000,117.074611833,111.556566145
2100,0x00,52,1.337706742,0.001518360,156.119595000,7.250286000,148.869309000,116.706891019,111.286954220
2100,0x00,53,1.337692706,0.001490965,156.376736000,7.318951000,149.057785000,116.900342908,111.429018314
2100,0x00,54,1.337666339,0.001543517,156.152188000,7.300823000,148.851365000,116.734781632,111.276901153
2100,0x00,55,1.337682948,0.001481111,156.422878000,7.230878000,149.192000000,116.935689576,111.530165039
2100,0x00,56,1.337739328,0.001573619,156.347806000,7.214032000,149.133774000,116.874642679,111.481938849
2100,0x00,57,1.337721927,0.001632361,156.464809000,7.195172000,149.269637000,116.963627409,111.584952023
2100,0x00,58,1.337711929,0.001455462,156.436794000,7.308880000,149.127914000,116.943559070,111.479841627
2100,0x00,59,1.337726743,0.001540154,156.431485000,7.442975000,148.988510000,116.938295403,111.374397514
2100,0x00,60,1.337899581,0.001684345,156.853785000,7.287029000,149.566756000,117.238832584,111.792213792
2100,0x00,61,1.337739781,0.001518938,156.466396000,7.221112000,149.245284000,116.963252667,111.565258152
2100,0x00,62,1.337677686,0.001483354,156.512050000,7.345318000,149.166732000,117.002811359,111.511714307
2100,0x00,63,1.337811107,0.001819004,156.476895000,7.372967000,149.103928000,116.964864629,111.453647864
2100,0x00,64,1.337725330,0.001520073,156.460415000,7.412578000,149.047837000,116.960045163,111.418864299
2100,0x00,65,1.337713209,0.001521188,156.363003000,7.363202000,148.999801000,116.888285161,111.383964839
2100,0x00,66,1.338357504,0.003439215,157.688256000,7.481548000,150.206708000,117.822222739,112.232125942
2100,0x00,67,1.337831645,0.001695002,156.483181000,7.188519000,149.294662000,116.967767657,111.594506360
2100,0x00,68,1.337684824,0.001451126,156.269436000,7.250104000,149.019332000,116.820818465,111.400928914
2100,0x00,69,1.337703790,0.001599966,156.395107000,7.192059000,149.203048000,116.913107469,111.536686283
2100,0x00,70,1.337826864,0.001532110,157.040797000,7.147016000,149.893781000,117.384992957,112.042735156
2100,0x00,71,1.337780794,0.001580044,156.545315000,7.290692000,149.254623000,117.018659374,111.568818836
2100,0x00,72,1.337656210,0.001445563,156.434536000,7.305890000,149.128646000,116.946742277,111.485032499
2100,0x00,73,1.337825254,0.001653521,156.709560000,7.275494000,149.434066000,117.137540599,111.699241405
2100,0x00,74,1.337732367,0.001570159,156.411648000,7.275067000,149.136581000,116.922974885,111.484617276
2100,0x00,75,1.337614665,0.001354688,156.561916000,7.232647000,149.329269000,117.045603750,111.638480764
2100,0x00,76,1.337759092,0.001664082,156.541286000,7.191510000,149.349776000,117.017545974,111.641757429
2100,0x00,77,1.337784676,0.001744866,156.700954000,7.372357000,149.328597000,117.134660659,111.623790984
2100,0x00,78,1.337726798,0.001664750,156.491543000,7.469890000,149.021653000,116.983186173,111.399168559
2100,0x00,79,1.337815800,0.001636365,156.392177000,7.331280000,149.060897000,116.901128675,111.421091738
2100,0x00,80,1.337912928,0.001750762,156.792934000,7.342754000,149.450180000,117.192180985,111.703965835
2100,0x00,81,1.337829449,0.001678416,156.968531000,7.271649000,149.696882000,117.330748777,111.895340695
2100,0x00,82,1.337782731,0.001642636,156.705959000,7.211346000,149.494613000,117.138572201,111.748051129
2100,0x00,83,1.337747134,0.001628800,156.542812000,7.166730000,149.376082000,117.019732698,111.662419780
2100,0x00,84,1.337721871,0.001535868,156.366360000,7.133161000,149.233199000,116.890037772,111.557717836
2100,0x00,85,1.337778309,0.001723561,156.596523000,7.262494000,149.334029000,117.057155124,111.628382693
2100,0x00,86,1.337748520,0.001631031,156.737819000,7.373577000,149.364242000,117.165383972,111.653453374
2100,0x00,87,1.337688241,0.001605298,156.573024000,7.399456000,149.173568000,117.047469779,111.515944741
2100,0x00,88,1.337739893,0.001573673,156.661891000,7.357159000,149.304732000,117.109381118,111.609687914
2100,0x00,89,1.337738374,0.001630347,156.777065000,7.209272000,149.567793000,117.195610197,111.806460763
2100,0x00,90,1.337839199,0.001461369,156.733547000,7.311627000,149.421920000,117.154249249,111.688998265
2100,0x00,91,1.337685839,0.001371223,156.674342000,7.381512000,149.292830000,117.123421193,111.605300434
2100,0x00,92,1.337680255,0.001535088,156.647975000,7.399822000,149.248153000,117.104199149,111.572367479
2100,0x00,93,1.337673509,0.001522934,156.533047000,7.195599000,149.337448000,117.018873437,111.639684155
2100,0x00,94,1.337627658,0.001441633,156.323330000,7.163434000,149.159896000,116.866101719,111.510774356
2100,0x00,95,1.337605746,0.001286242,156.857509000,7.187055000,149.670454000,117.267370809,111.894296552
2100,0x00,96,1.337661843,0.001365296,156.394803000,7.268231000,149.126572000,116.916546480,111.483012557
2100,0x00,97,1.337687861,0.001575259,156.742214000,7.112348000,149.629866000,117.173982485,111.857085916
2100,0x00,98,1.337611776,0.001336965,156.474330000,7.172712000,149.301618000,116.980377144,111.618049950
2100,0x00,99,1.337655008,0.001360762,156.509060000,7.260845000,149.248215000,117.002559711,111.574519630
2100,0xAA,0,1.337714350,0.001490705,161.305861000,7.139630000,154.166231000,120.583188029,115.246002254
2100,0xAA,1,1.337841517,0.001527248,161.109085000,7.142315000,153.966770000,120.424641478,115.085956057
2100,0xAA,2,1.337766978,0.001586996,161.107437000,7.101361000,154.006076000,120.430119440,115.121750259
2100,0xAA,3,1.337680754,0.001523239,161.036575000,7.121320000,153.915255000,120.384908394,115.061276443
2100,0xAA,4,1.337770353,0.001717651,161.211562000,7.070722000,154.140840000,120.507650411,115.222197654
2100,0xAA,5,1.337891496,0.001470593,161.256057000,7.098492000,154.157565000,120.529996253,115.224265541
2100,0xAA,6,1.337619943,0.001385458,161.326553000,7.101056000,154.225497000,120.607167845,115.298443169
2100,0xAA,7,1.337594579,0.001395147,161.215163000,7.098859000,154.116304000,120.526178479,115.218995638
2100,0xAA,8,1.337717156,0.001554506,161.251297000,7.162884000,154.088413000,120.542146234,115.187588307
2100,0xAA,9,1.337685011,0.001409855,161.299758000,7.104474000,154.195284000,120.581270355,115.270248747
2100,0xAA,10,1.337817612,0.001517278,161.071975000,7.118696000,153.953279000,120.399054039,115.077928099
2100,0xAA,11,1.337748785,0.001447826,161.120986000,7.174176000,153.946810000,120.441885539,115.079013165
2100,0xAA,12,1.337645744,0.001358503,161.153946000,7.187603000,153.966343000,120.475803612,115.102480346
2100,0xAA,13,1.337596296,0.001334788,161.432692000,7.194562000,154.238130000,120.688650578,115.309926055
2100,0xAA,14,1.337559610,0.001241519,161.273513000,7.156171000,154.117342000,120.572953745,115.222783968
2100,0xAA,15,1.337616750,0.001321450,161.146987000,7.240338000,153.906649000,120.473212567,115.060348230
2100,0xAA,16,1.337613643,0.001418007,161.226333000,7.246259000,153.980074000,120.532811403,115.115507956
2100,0xAA,17,1.337647093,0.001475650,161.359389000,7.337627000,154.021762000,120.629267502,115.143794511
2100,0xAA,18,1.337808004,0.001690438,161.215407000,7.306805000,153.908602000,120.507132957,115.045358936
2100,0xAA,19,1.337661991,0.001445354,161.193679000,7.264080000,153.929599000,120.504043711,115.073613565
2100,0xAA,20,1.337761762,0.001371796,161.244704000,7.449505000,153.795199000,120.533198493,114.964564966
2100,0xAA,21,1.337642461,0.001339228,160.987137000,7.423076000,153.564061000,120.351395626,114.802023340
2100,0xAA,22,1.337537822,0.001236035,161.062392000,7.282452000,153.779940000,120.417074811,114.972404852
2100,0xAA,23,1.337592327,0.001269912,161.119888000,7.304242000,153.815646000,120.455152723,114.994414160
2100,0xAA,24,1.337591680,0.001299948,161.087539000,7.212018000,153.875521000,120.431026413,115.039233009
2100,0xAA,25,1.337562226,0.001258627,161.221511000,7.137494000,154.084017000,120.533839727,115.197643878
2100,0xAA,26,1.337630643,0.001341725,161.147476000,7.184308000,153.963168000,120.472326813,115.101406195
2100,0xAA,27,1.337556083,0.001263362,160.921157000,7.222394000,153.698763000,120.309838962,114.910144632
2100,0xAA,28,1.337602818,0.001331893,160.876175000,7.164044000,153.712131000,120.272006627,114.916123773
2100,0xAA,29,1.337485810,0.001170402,161.121474000,7.285748000,153.835726000,120.465931513,115.018585496
2100,0xAA,30,1.337744534,0.001499255,161.198196000,7.274578000,153.923618000,120.499984784,115.062042176
2100,0xAA,31,1.337651301,0.001397808,161.111954000,7.264996000,153.846958000,120.443910783,115.012752459
2100,0xAA,32,1.337512194,0.001201171,161.109329000,7.244183000,153.865146000,120.454474909,115.038312699
2100,0xAA,33,1.338066610,0.003375371,161.916273000,7.220562000,154.695711000,121.007632829,115.611367839
2100,0xAA,34,1.337632351,0.001284570,161.198867000,7.228864000,153.970003000,120.510592402,115.106369039
2100,0xAA,35,1.337596480,0.001359753,161.353529000,7.164959000,154.188570000,120.629450949,115.272858654
2100,0xAA,36,1.337591110,0.001288498,160.884292000,7.137983000,153.746309000,120.279127723,114.942681522
2100,0xAA,37,1.337563845,0.001269977,161.207168000,7.168255000,154.038913000,120.522970622,115.163783450
2100,0xAA,38,1.337610141,0.001450363,161.292311000,7.185895000,154.106416000,120.582452318,115.210262932
2100,0xAA,39,1.337524705,0.001291750,161.092300000,7.210309000,153.881991000,120.440616466,115.049830805
2100,0xAA,40,1.337687255,0.001398585,161.181167000,7.172772000,154.008395000,120.492414379,115.130344900
2100,0xAA,41,1.337632926,0.001290589,161.112197000,7.159589000,153.952608000,120.445747047,115.093315253
2100,0xAA,42,1.337593820,0.001381941,161.186111000,7.255231000,153.930880000,120.504527301,115.080436003
2100,0xAA,43,1.337684382,0.001542018,161.259597000,7.219342000,154.040255000,120.551304303,115.154409417
2100,0xAA,44,1.337598067,0.001410320,161.220108000,7.236371000,153.983737000,120.529561116,115.119586942
2100,0xAA,45,1.337669600,0.001598929,161.030349000,7.394268000,153.636081000,120.381257788,114.853534053
2100,0xAA,46,1.337630050,0.001454331,161.271987000,7.246686000,154.025301000,120.565463500,115.147907279
2100,0xAA,47,1.337566402,0.001484536,161.089493000,7.196881000,153.892612000,120.434763318,115.054184835
2100,0xAA,48,1.337654330,0.001508027,161.348341000,7.199322000,154.149019000,120.620355660,115.238306023
2100,0xAA,49,1.337616584,0.001532529,161.169936000,7.191449000,153.978487000,120.490384111,115.114068442
2100,0xAA,50,1.337720323,0.001615852,161.174209000,7.232952000,153.941257000,120.484234438,115.077310527
2100,0xAA,51,1.337564481,0.001300363,161.076309000,7.282574000,153.793735000,120.425079571,114.980426916
2100,0xAA,52,1.337563848,0.001388374,161.153274000,7.294293000,153.858981000,120.482677679,115.029261000
2100,0xAA,53,1.337480434,0.001261038,161.127823000,7.234784000,153.893039000,120.471162692,115.061899263
2100,0xAA,54,1.337540335,0.001343687,161.353102000,7.282757000,154.070345000,120.634195275,115.189307516
2100,0xAA,55,1.337570190,0.001367181,160.996475000,7.215130000,153.781345000,120.364879686,114.970673047
2100,0xAA,56,1.337536657,0.001347266,161.188552000,7.246564000,153.941988000,120.511502372,115.093659083
2100,0xAA,57,1.337595866,0.001537455,161.278152000,7.292523000,153.985629000,120.573153703,115.121190833
2100,0xAA,58,1.337627943,0.001456362,160.994217000,7.244305000,153.749912000,120.357994778,114.942210040
2100,0xAA,59,1.337525407,0.001403264,161.094375000,7.235272000,153.859103000,120.442104635,115.032658232
2100,0xAA,60,1.337663934,0.001358110,160.832657000,7.243573000,153.589084000,120.233978723,114.818886923
2100,0xAA,61,1.337581181,0.001341901,161.079544000,7.202924000,153.876620000,120.425994563,115.040957674
2100,0xAA,62,1.337521981,0.001415917,161.321609000,7.224347000,154.097262000,120.612304906,115.211012739
2100,0xAA,63,1.337554298,0.001329708,161.219681000,7.237225000,153.982456000,120.533186014,115.122396328
2100,0xAA,64,1.337646986,0.001585589,161.168898000,7.219586000,153.949312000,120.486869639,115.089641464
2100,0xAA,65,1.337583136,0.001513471,161.236648000,7.267559000,153.969089000,120.543272180,115.109920932
2100,0xAA,66,1.337529972,0.001401990,160.910050000,7.220746000,153.689304000,120.303883563,114.905315940
2100,0xAA,67,1.337625382,0.001550712,161.316664000,7.156720000,154.159944000,120.599284485,115.248967352
2100,0xAA,68,1.337458377,0.001264372,161.291946000,7.207928000,154.084018000,120.595862060,115.206589301
2100,0xAA,69,1.337551771,0.001389131,161.309462000,7.183759000,154.125703000,120.600537114,115.229710238
2100,0xAA,70,1.337712821,0.001388258,160.989395000,7.192059000,153.797336000,120.346753424,114.970368532
2100,0xAA,71,1.337585886,0.001363097,160.863297000,7.204205000,153.659092000,120.263901278,114.877925638
2100,0xAA,72,1.337536049,0.001364036,161.174026000,7.284466000,153.889560000,120.500696891,115.054513959
2100,0xAA,73,1.337511271,0.001281078,161.007217000,7.278302000,153.728915000,120.378213285,114.936538018
2100,0xAA,74,1.337516306,0.001276626,161.160049000,7.390667000,153.769382000,120.492025581,114.966360611
2100,0xAA,75,1.337501486,0.001257475,160.912369000,7.372173000,153.540196000,120.308179621,114.796280698
2100,0xAA,76,1.337498759,0.001174570,161.121170000,7.262066000,153.859104000,120.464537906,115.034950814
2100,0xAA,77,1.337550440,0.001449365,161.280409000,7.243207000,154.037202000,120.578936032,115.163658386
2100,0xAA,78,1.337606587,0.001492322,161.127395000,7.366559000,153.760836000,120.459480850,114.952212066
2100,0xAA,79,1.337522476,0.001380728,161.226211000,7.204388000,154.021823000,120.540935899,115.154568095
2100,0xAA,80,1.337828408,0.001696768,161.065628000,7.190655000,153.874973000,120.393338210,115.018467295
2100,0xAA,81,1.337651596,0.001465614,161.370009000,7.136823000,154.233186000,120.636800731,115.301463022
2100,0xAA,82,1.337538793,0.001482840,161.392043000,7.212323000,154.179720000,120.663448337,115.271213704
2100,0xAA,83,1.337481076,0.001248190,161.174331000,7.109357000,154.064974000,120.505877690,115.190395381
2100,0xAA,84,1.337595399,0.001403391,161.525038000,7.142132000,154.382906000,120.757770346,115.418239420
2100,0xAA,85,1.337484656,0.001262558,161.431533000,7.123395000,154.308138000,120.697857974,115.371894068
2100,0xAA,86,1.337565316,0.001383888,161.240981000,7.171735000,154.069246000,120.548117618,115.186334596
2100,0xAA,87,1.337608282,0.001463959,161.392226000,7.188885000,154.203341000,120.657316663,115.282884477
2100,0xAA,88,1.337476980,0.001315583,161.326125000,7.180950000,154.145175000,120.619739554,115.250712568
2100,0xAA,89,1.337507421,0.001373895,161.377089000,7.293134000,154.083955000,120.655098036,115.202317823
2100,0xAA,90,1.337755707,0.001526110,160.899917000,7.349530000,153.550387000,120.276008647,114.782083291
2100,0xAA,91,1.337564456,0.001366694,161.420546000,7.197003000,154.223543000,120.682442835,115.301765315
2100,0xAA,92,1.337545264,0.001486298,161.440261000,7.377911000,154.062350000,120.698914140,115.182905675
2100,0xAA,93,1.337648577,0.001539163,161.471633000,7.400433000,154.071200000,120.713045130,115.180625682
2100,0xAA,94,1.337535534,0.001420092,161.498855000,7.337994000,154.160861000,120.743599656,115.257394755
2100,0xAA,95,1.337789606,0.001484705,161.117446000,7.349835000,153.767611000,120.435564228,114.941550096
2100,0xAA,96,1.337574122,0.001444399,160.870682000,7.335858000,153.534824000,120.270480265,114.786030558
2100,0xAA,97,1.337493691,0.001362221,160.981155000,7.461590000,153.519565000,120.360309758,114.781524566
2100,0xAA,98,1.337558342,0.001397996,161.244033000,7.303692000,153.940341000,120.551027910,115.090561797
2100,0xAA,99,1.337604033,0.001476274,161.088760000,7.255840000,153.832920000,120.430827083,115.006321908
