kernel,freq_mhz,operand,trial,mean_time_s,std_time_s,pkg_J,dram_J,cores_J,pkg_W,cores_W
avx512_add,800,0x00,0,1.530944301,0.002278925,146.801504000,10.574191000,136.227313000,95.889513337,88.982540307
avx512_add,800,0x00,1,1.531562745,0.002154514,147.029103000,10.575779000,136.453324000,95.999398938,89.094178090
avx512_add,800,0x00,2,1.530575228,0.002544373,146.947622000,10.616306000,136.331316000,96.008101625,89.071947290
avx512_add,800,0x00,3,1.530659145,0.002623177,146.786245000,10.621310000,136.164935000,95.897408271,88.958365029
avx512_add,800,0x00,4,1.530534904,0.002527864,146.816641000,10.613499000,136.203142000,95.925052456,88.990549382
avx512_add,800,0x00,5,1.531441549,0.002270419,146.963124000,10.612705000,136.350419000,95.963913286,89.034034044
avx512_add,800,0x00,6,1.531085469,0.002333289,146.826590000,10.608799000,136.217791000,95.897056692,88.968116919
avx512_add,800,0x00,7,1.529750521,0.002977510,147.009145000,10.613559000,136.395586000,96.100078429,89.161980446
avx512_add,800,0x00,8,1.530139893,0.002678729,147.030019000,10.617893000,136.412126000,96.089265852,89.150100978
avx512_add,800,0x00,9,1.531575486,0.002085674,146.822928000,10.613071000,136.209857000,95.863984084,88.934471894
avx512_add,800,0x00,10,1.530930137,0.002106091,146.904226000,10.586582000,136.317644000,95.957498270,89.042367565
avx512_add,800,0x00,11,1.531170326,0.002206590,146.930899000,10.586887000,136.344012000,95.959865796,89.045620646
avx512_add,800,0x00,12,1.531452664,0.002244953,147.067311000,10.608737000,136.458574000,96.031248283,89.104010341
avx512_add,800,0x00,13,1.531442339,0.002498204,146.998892000,10.593601000,136.405291000,95.987219509,89.069818359
avx512_add,800,0x00,14,1.531818568,0.002232901,146.963858000,10.583775000,136.380083000,95.940773329,89.031485753
avx512_add,800,0x00,15,1.531478977,0.001979855,146.939260000,10.609470000,136.329790000,95.945985687,89.018388142
avx512_add,800,0x00,16,1.531614915,0.002086708,147.022207000,10.614596000,136.407611000,95.991626614,89.061297131
avx512_add,800,0x00,17,1.529152308,0.002794688,147.051137000,10.589938000,136.461199000,96.165134287,89.239769203
avx512_add,800,0x00,18,1.529630122,0.002725539,147.061574000,10.573764000,136.487810000,96.141918164,89.229290171
avx512_add,800,0x00,19,1.530500402,0.002316467,146.856313000,10.560032000,136.296281000,95.953135867,89.053410792
avx512_add,800,0x00,20,1.530706998,0.002239010,147.190602000,10.551120000,136.639482000,96.158573880,89.265602194
avx512_add,800,0x00,21,1.530657027,0.002500581,147.136770000,10.581516000,136.555254000,96.126543993,89.213489131
avx512_add,800,0x00,22,1.530931374,0.002179241,146.874990000,10.544833000,136.330157000,95.938323904,89.050469111
avx512_add,800,0x00,23,1.531625799,0.003599901,147.980090000,10.660251000,137.319839000,96.616347240,89.656258810
avx512_add,800,0x00,24,1.531288724,0.002591438,147.046682000,10.590671000,136.456011000,96.028057737,89.111876070
avx512_add,800,0x00,25,1.531020769,0.002461258,146.904348000,10.553379000,136.350969000,95.951897583,89.058863069
avx512_add,800,0x00,26,1.531838235,0.002113443,147.088613000,10.599643000,136.488970000,96.020982909,89.101425246
avx512_add,800,0x00,27,1.530978339,0.002323328,146.943777000,10.570468000,136.373309000,95.980310954,89.075923260
avx512_add,800,0x00,28,1.531574361,0.002166997,146.833914000,10.577854000,136.256060000,95.871227471,88.964704180
avx512_add,800,0x00,29,1.530785099,0.002191846,146.963369000,10.575290000,136.388079000,96.005225720,89.096816432
avx512_add,800,0x00,30,1.530540132,0.002295727,147.160817000,10.570103000,136.590714000,96.149597073,89.243471073
avx512_add,800,0x00,31,1.529627450,0.002717739,146.979055000,10.580295000,136.398760000,96.088138973,89.171229239
avx512_add,800,0x00,32,1.529251906,0.002883867,147.041738000,10.560276000,136.481462000,96.152725022,89.247207390
avx512_add,800,0x00,33,1.529294304,0.002529382,146.990957000,10.528843000,136.462114000,96.116853809,89.232081547
avx512_add,800,0x00,34,1.530224378,0.002413656,147.044850000,10.551426000,136.493424000,96.093652740,89.198307095
avx512_add,800,0x00,35,1.530649185,0.002645655,147.098928000,10.511997000,136.586931000,96.102313603,89.234641309
avx512_add,800,0x00,36,1.530230004,0.002493195,147.080678000,10.529697000,136.550981000,96.116712898,89.235592433
avx512_add,800,0x00,37,1.531238001,0.002143755,146.959829000,10.498997000,136.460832000,95.974517960,89.117976393
avx512_add,800,0x00,38,1.529341813,0.003042158,147.038076000,10.499607000,136.538469000,96.144677907,89.279236243
avx512_add,800,0x00,39,1.530218244,0.002577344,146.980215000,10.536777000,136.443438000,96.051798884,89.165998742
avx512_add,800,0x00,40,1.530101848,0.002745208,147.155079000,10.553623000,136.601456000,96.173388207,89.276054532
avx512_add,800,0x00,41,1.530251867,0.002652138,147.144338000,10.535740000,136.608598000,96.156940680,89.271969501
avx512_add,800,0x00,42,1.528740099,0.003640422,147.186330000,10.566806000,136.619524000,96.279498471,89.367397448
avx512_add,800,0x00,43,1.529923057,0.002851967,147.170278000,10.579684000,136.590594000,96.194561737,89.279387834
avx512_add,800,0x00,44,1.529767441,0.003200734,147.133230000,10.555821000,136.577409000,96.180129118,89.279850869
avx512_add,800,0x00,45,1.529326278,0.003229584,147.214344000,10.553440000,136.660904000,96.260913125,89.360201255
avx512_add,800,0x00,46,1.531178096,0.001997359,146.987600000,10.507908000,136.479692000,95.996409835,89.133780315
avx512_add,800,0x00,47,1.531306832,0.002444593,147.102162000,10.555271000,136.546891000,96.063152654,89.170170283
avx512_add,800,0x00,48,1.530861506,0.002564617,147.200856000,10.576938000,136.623918000,96.155566938,89.246425936
avx512_add,800,0x00,49,1.530315658,0.002838056,147.132802000,10.504734000,136.628068000,96.145394045,89.280971047
avx512_add,800,0x00,50,1.531443859,0.001919552,147.451161000,10.491185000,136.959976000,96.282446218,89.431927384
avx512_add,800,0x00,51,1.531791809,0.001934111,147.120840000,10.549045000,136.571795000,96.044931893,89.158196413
avx512_add,800,0x00,52,1.532131544,0.002126102,147.007986000,10.498631000,136.509355000,95.949976747,89.097672816
avx512_add,800,0x00,53,1.530947925,0.002215161,147.267201000,10.535190000,136.732011000,96.193475035,89.311993419
avx512_add,800,0x00,54,1.529805634,0.002808684,147.475697000,10.510777000,136.964920000,96.401590968,89.530929254
avx512_add,800,0x00,55,1.530402294,0.002605622,147.413990000,10.514378000,136.899612000,96.323686016,89.453349997
avx512_add,800,0x00,56,1.531186173,0.002242365,147.327321000,10.477818000,136.849503000,96.217771286,89.374829399
avx512_add,800,0x00,57,1.530709585,0.002427244,147.413563000,10.483921000,136.929642000,96.304069969,89.455010486
avx512_add,800,0x00,58,1.531643525,0.002052395,147.207753000,10.488926000,136.718827000,96.110975302,89.262824392
avx512_add,800,0x00,59,1.531426507,0.001974493,147.232717000,10.527073000,136.705644000,96.140896291,89.266865476
avx512_add,800,0x00,60,1.530722083,0.002903731,147.664966000,10.499119000,137.165847000,96.467521840,89.608589631
avx512_add,800,0x00,61,1.531205322,0.002288963,147.194264000,10.471714000,136.722550000,96.129671133,89.290801223
avx512_add,800,0x00,62,1.530738469,0.002421895,147.074269000,10.472386000,136.601883000,96.080598973,89.239204306
avx512_add,800,0x00,63,1.529677694,0.002546736,147.146107000,10.513828000,136.632279000,96.194190157,89.320959254
avx512_add,800,0x00,64,1.530108068,0.003109922,147.227162000,10.473484000,136.753678000,96.220106970,89.375176068
avx512_add,800,0x00,65,1.530337226,0.003048447,147.147451000,10.484409000,136.663042000,96.153611412,89.302566545
avx512_add,800,0x00,66,1.530406993,0.002281635,147.394764000,10.492771000,136.901993000,96.310827581,89.454631124
avx512_add,800,0x00,67,1.530825018,0.002168010,147.200612000,10.483921000,136.716691000,96.157699451,89.309156426
avx512_add,800,0x00,68,1.530996968,0.002576907,147.100819000,10.445103000,136.655716000,96.081718031,89.259298904
avx512_add,800,0x00,69,1.530087335,0.002845745,147.168813000,10.507236000,136.661577000,96.183276357,89.316193833
avx512_add,800,0x00,70,1.530017046,0.002802047,147.122670000,10.498508000,136.624162000,96.157536549,89.295843060
avx512_add,800,0x00,71,1.530549893,0.006044180,149.029159000,10.676608000,138.352551000,97.369683727,90.394015669
avx512_add,800,0x00,72,1.530354605,0.002542111,147.110280000,10.493015000,136.617265000,96.128230386,89.271639783
avx512_add,800,0x00,73,1.529527127,0.002914592,147.126271000,10.527744000,136.598527000,96.190690828,89.307685085
avx512_add,800,0x00,74,1.530514841,0.002222077,147.152699000,10.553195000,136.599504000,96.145881778,89.250688922
avx512_add,800,0x00,75,1.529813066,0.002762715,147.300343000,10.553012000,136.747331000,96.286498161,89.388261878
avx512_add,800,0x00,76,1.529698781,0.003120384,147.158925000,10.516758000,136.642167000,96.201243553,89.326191987
avx512_add,800,0x00,77,1.528863519,0.002985698,147.175465000,10.551730000,136.623735000,96.264619570,89.362937457
avx512_add,800,0x00,78,1.530584949,0.002675564,147.379567000,10.531223000,136.848344000,96.289700965,89.409179234
avx512_add,800,0x00,79,1.529684177,0.003099974,147.091481000,10.566807000,136.524674000,96.158071837,89.250236116
avx512_add,800,0x00,80,1.530546656,0.003028179,147.032827000,10.557468000,136.475359000,96.065563514,89.167722172
avx512_add,800,0x00,81,1.530470711,0.002470812,147.363515000,10.533786000,136.829729000,96.286399974,89.403690016
avx512_add,800,0x00,82,1.529740720,0.002843720,147.152028000,10.537814000,136.614214000,96.194097531,89.305470025
avx512_add,800,0x00,83,1.529898376,0.002668805,147.190725000,10.487827000,136.702898000,96.209478561,89.354234341
avx512_add,800,0x00,84,1.530033402,0.002687305,147.403127000,10.561985000,136.841142000,96.339809862,89.436702395
avx512_add,800,0x00,85,1.529967540,0.002545386,147.362598000,10.551731000,136.810867000,96.317466955,89.420764429
avx512_add,800,0x00,86,1.529481669,0.003210948,147.199758000,10.600498000,136.599260000,96.241596727,89.310818664
avx512_add,800,0x00,87,1.530163617,0.002723798,147.349599000,10.560520000,136.789079000,96.296629545,89.395066940
avx512_add,800,0x00,88,1.529617937,0.002788862,147.387807000,10.549289000,136.838518000,96.355961449,89.459279119
avx512_add,800,0x00,89,1.530110314,0.002561119,147.266285000,10.522128000,136.744157000,96.245534508,89.368822479
avx512_add,800,0x00,90,1.529996157,0.002932505,147.438709000,10.556736000,136.881973000,96.365411319,89.465566538
avx512_add,800,0x00,91,1.530130107,0.003010894,147.231923000,10.528660000,136.703263000,96.221832597,89.340940604
avx512_add,800,0x00,92,1.530327292,0.002706336,147.259389000,10.563510000,136.695879000,96.227382086,89.324603800
avx512_add,800,0x00,93,1.529738256,0.002652589,147.239492000,10.579196000,136.660296000,96.251428246,89.335737959
avx512_add,800,0x00,94,1.529970953,0.003129460,147.014089000,10.553195000,136.460894000,96.089464145,89.191820120
avx512_add,800,0x00,95,1.530048870,0.002813330,147.247792000,10.564671000,136.683121000,96.237313011,89.332519831
avx512_add,800,0x00,96,1.530236154,0.002848804,147.231312000,10.532565000,136.698747000,96.214765043,89.331798009
avx512_add,800,0x00,97,1.530230346,0.002494410,147.423084000,10.511814000,136.911270000,96.340452542,89.471020088
avx512_add,800,0x00,98,1.530158032,0.002527040,147.413441000,10.531162000,136.882279000,96.338703528,89.456301986
avx512_add,800,0x00,99,1.530129809,0.003285660,147.341969000,10.538425000,136.803544000,96.293770702,89.406495560
avx512_add,800,0xAA,0,1.531809912,0.001957983,147.253346000,10.560398000,136.692948000,96.130299756,89.236234169
avx512_add,800,0xAA,1,1.532320531,0.001608184,147.273427000,10.548374000,136.725053000,96.111370959,89.227449622
avx512_add,800,0xAA,2,1.531094994,0.002052925,147.418812000,10.556247000,136.862565000,96.283256478,89.388682960
avx512_add,800,0xAA,3,1.530763049,0.002652261,146.961293000,10.528354000,136.432939000,96.005252467,89.127405496
avx512_add,800,0xAA,4,1.529926113,0.002543345,147.364430000,10.544651000,136.819779000,96.321272504,89.429010902
avx512_add,800,0xAA,5,1.530455690,0.002952544,147.447804000,10.560520000,136.887284000,96.342419402,89.442173896
avx512_add,800,0xAA,6,1.531401291,0.002017456,147.119618000,10.540134000,136.579484000,96.068626105,89.185953310
avx512_add,800,0xAA,7,1.531092331,0.002215306,147.124807000,10.544285000,136.580522000,96.091400909,89.204628121
avx512_add,800,0xAA,8,1.530680434,0.002344941,147.068044000,10.572666000,136.495378000,96.080175048,89.173007642
avx512_add,800,0xAA,9,1.530935827,0.002428582,147.073415000,10.536533000,136.536882000,96.067655065,89.185241831
avx512_add,800,0xAA,10,1.532254869,0.001728593,147.382496000,10.565281000,136.817215000,96.186671659,89.291421259
avx512_add,800,0xAA,11,1.531264007,0.002166484,147.479664000,10.562839000,136.916825000,96.312368946,89.414251475
avx512_add,800,0xAA,12,1.531312331,0.002336879,147.071217000,10.524570000,136.546647000,96.042599537,89.169690735
avx512_add,800,0xAA,13,1.531466723,0.002370426,147.157643000,10.529575000,136.628068000,96.089350668,89.213866637
avx512_add,800,0xAA,14,1.531873731,0.002069030,147.268605000,10.585056000,136.683549000,96.136255914,89.226380910
avx512_add,800,0xAA,15,1.532045859,0.001719050,147.105337000,10.545078000,136.560259000,96.018886203,89.135882057
avx512_add,800,0xAA,16,1.531652317,0.002260009,147.289112000,10.574070000,136.715042000,96.163542046,89.259840807
avx512_add,800,0xAA,17,1.532107759,0.001970926,147.222890000,10.602878000,136.620012000,96.091733193,89.171281326
avx512_add,800,0xAA,18,1.531225084,0.002356131,146.959463000,10.573276000,136.386187000,95.975088535,89.069979605
avx512_add,800,0xAA,19,1.531378085,0.002479649,147.131581000,10.582797000,136.548784000,96.077893808,89.167257496
avx512_add,800,0xAA,20,1.531969899,0.001720195,147.087941000,10.563144000,136.524797000,96.012291810,89.117153722
avx512_add,800,0xAA,21,1.530815802,0.002383205,146.927968000,10.534946000,136.393022000,95.980174646,89.098258489
avx512_add,800,0xAA,22,1.529508762,0.002559781,147.256093000,10.601230000,136.654863000,96.276724067,89.345590186
avx512_add,800,0xAA,23,1.529762553,0.002741078,147.244130000,10.555088000,136.689042000,96.252931346,89.353110208
avx512_add,800,0xAA,24,1.529156681,0.003154824,147.054250000,10.567844000,136.486406000,96.166894984,89.255998195
avx512_add,800,0xAA,25,1.529751568,0.002193895,147.032888000,10.535190000,136.497698000,96.115533472,89.228670126
avx512_add,800,0xAA,26,1.529841871,0.002894783,147.299611000,10.577731000,136.721880000,96.284206758,89.369942479
avx512_add,800,0xAA,27,1.530068467,0.002735292,147.107168000,10.558200000,136.548968000,96.144173428,89.243697906
avx512_add,800,0xAA,28,1.529788706,0.003007835,147.180958000,10.544285000,136.636673000,96.209991211,89.317349792
avx512_add,800,0xAA,29,1.530119331,0.002618441,147.317433000,10.564243000,136.753190000,96.278394778,89.374199277
avx512_add,800,0xAA,30,1.529695251,0.003225330,147.341115000,10.560092000,136.781023000,96.320567737,89.417171786
avx512_add,800,0xAA,31,1.529649175,0.002536709,147.305714000,10.546909000,136.758805000,96.300325826,89.405340251
avx512_add,800,0xAA,32,1.530014652,0.002534657,147.117482000,10.560519000,136.556963000,96.154296172,89.252062272
avx512_add,800,0xAA,33,1.530922231,0.002226951,147.162404000,10.556309000,136.606095000,96.126636001,89.231243936
avx512_add,800,0xAA,34,1.530606295,0.002384266,147.096365000,10.561375000,136.534990000,96.103332046,89.203206890
avx512_add,800,0xAA,35,1.531182206,0.002400529,147.194142000,10.550205000,136.643937000,96.131042669,89.240807819
avx512_add,800,0xAA,36,1.531062455,0.002481527,147.192006000,10.521701000,136.670305000,96.137166408,89.265009778
avx512_add,800,0xAA,37,1.531063207,0.002275898,147.406178000,10.553257000,136.852921000,96.277003677,89.384239909
avx512_add,800,0xAA,38,1.530876244,0.002419213,147.327748000,10.556369000,136.771379000,96.237529685,89.341891295
avx512_add,800,0xAA,39,1.530450838,0.002451036,147.266103000,10.529941000,136.736162000,96.224001013,89.343714017
avx512_add,800,0xAA,40,1.530326318,0.002658266,147.396595000,10.503757000,136.892838000,96.317101278,89.453364522
avx512_add,800,0xAA,41,1.529899084,0.002382864,147.553028000,10.507542000,137.045486000,96.446248980,89.578121462
avx512_add,800,0xAA,42,1.530511947,0.002992501,147.347584000,10.565219000,136.782365000,96.273396801,89.370334712
avx512_add,800,0xAA,43,1.531391091,0.001781392,147.000112000,10.498203000,136.501909000,95.991228423,89.135890774
avx512_add,800,0xAA,44,1.530956760,0.002158417,147.109365000,10.520115000,136.589250000,96.089823604,89.218228484
avx512_add,800,0xAA,45,1.529533031,0.002511183,147.242604000,10.527744000,136.714860000,96.266377410,89.383398234
avx512_add,800,0xAA,46,1.529200203,0.003128113,146.963918000,10.547825000,136.416093000,96.105086636,89.207477691
avx512_add,800,0xAA,47,1.529730739,0.002887793,147.163685000,10.528293000,136.635392000,96.202345422,89.319896943
avx512_add,800,0xAA,48,1.530395153,0.002279192,147.336598000,10.532017000,136.804581000,96.273565500,89.391671644
avx512_add,800,0xAA,49,1.530208882,0.002581678,147.199330000,10.508579000,136.690751000,96.195579368,89.328164651
avx512_add,800,0xAA,50,1.530536458,0.002417992,147.592884000,10.587314000,137.005570000,96.432125606,89.514737953
avx512_add,800,0xAA,51,1.530101747,0.002763426,147.351857000,10.595798000,136.756059000,96.301999077,89.377101421
avx512_add,800,0xAA,52,1.529697700,0.002491539,147.112295000,10.542087000,136.570208000,96.170828382,89.279213785
avx512_add,800,0xAA,53,1.529524350,0.002888017,147.329579000,10.576877000,136.752702000,96.323787874,89.408646574
avx512_add,800,0xAA,54,1.530351905,0.002493821,147.044789000,10.558506000,136.486283000,96.085605237,89.186207806
avx512_add,800,0xAA,55,1.531269744,0.002362295,146.947194000,10.546360000,136.400834000,95.964277091,89.076947120
avx512_add,800,0xAA,56,1.531350118,0.008047186,150.164593000,10.760288000,139.404305000,98.060261517,91.033594084
avx512_add,800,0xAA,57,1.531565253,0.002260884,147.204030000,10.568210000,136.635820000,96.113456259,89.213188722
avx512_add,800,0xAA,58,1.531526350,0.001960583,147.031911000,10.550388000,136.481523000,96.003513743,89.114707684
avx512_add,800,0xAA,59,1.531902819,0.001769931,147.150625000,10.563755000,136.586870000,96.057415112,89.161576245
avx512_add,800,0xAA,60,1.531751933,0.002019194,147.117788000,10.555576000,136.562212000,96.045439773,89.154261263
avx512_add,800,0xAA,61,1.530440124,0.003123270,147.030507000,10.573521000,136.456986000,96.070734599,89.161923969
avx512_add,800,0xAA,62,1.528901991,0.002893901,147.252491000,10.563755000,136.688736000,96.312577188,89.403203622
avx512_add,800,0xAA,63,1.529902268,0.002749136,147.246632000,10.582858000,136.663774000,96.245776668,89.328434154
avx512_add,800,0xAA,64,1.529972291,0.002586418,147.082265000,10.562168000,136.520097000,96.133940358,89.230437556
avx512_add,800,0xAA,65,1.530229453,0.002498233,147.185963000,10.498264000,136.687699000,96.185550950,89.324969368
avx512_add,800,0xAA,66,1.529678202,0.003658454,147.317311000,10.557956000,136.759355000,96.306079775,89.404003258
avx512_add,800,0xAA,67,1.529562821,0.002518481,147.166311000,10.573215000,136.593096000,96.214623554,89.302050329
avx512_add,800,0xAA,68,1.529889381,0.002844919,147.639209000,10.583896000,137.055313000,96.503192218,89.585112956
avx512_add,800,0xAA,69,1.529140162,0.003498123,147.251027000,10.556370000,136.694657000,96.296618597,89.393150714
avx512_add,800,0xAA,70,1.530032240,0.002660956,147.508106000,10.595249000,136.912857000,96.408495274,89.483641849
avx512_add,800,0xAA,71,1.529910813,0.002530694,147.279348000,10.566074000,136.713274000,96.266623381,89.360290075
avx512_add,800,0xAA,72,1.529237190,0.002686369,147.289479000,10.553134000,136.736345000,96.315653314,89.414739531
avx512_add,800,0xAA,73,1.530271544,0.002184543,147.184255000,10.560886000,136.623369000,96.181789174,89.280474147
avx512_add,800,0xAA,74,1.529815917,0.002924504,147.431263000,10.556308000,136.874955000,96.371897688,89.471519750
avx512_add,800,0xAA,75,1.530883191,0.001937802,147.296254000,10.542392000,136.753862000,96.216520521,89.330043447
avx512_add,800,0xAA,76,1.531067827,0.002215601,147.028310000,10.571933000,136.456377000,96.029912847,89.124971856
avx512_add,800,0xAA,77,1.529797419,0.002854624,147.237355000,10.548435000,136.688920000,96.246308941,89.350994000
avx512_add,800,0xAA,78,1.529653852,0.002672116,147.465138000,10.570042000,136.895096000,96.404253695,89.494166170
avx512_add,800,0xAA,79,1.529081622,0.003394227,147.424854000,10.519626000,136.905228000,96.413985966,89.534283894
avx512_add,800,0xAA,80,1.530213603,0.002473602,147.507801000,10.522983000,136.984818000,96.396869525,89.520062927
avx512_add,800,0xAA,81,1.529673959,0.003257171,147.544849000,10.470616000,137.074233000,96.455096271,89.610097743
avx512_add,800,0xAA,82,1.529821634,0.002814612,147.237721000,10.483921000,136.753800000,96.245024714,89.391989847
avx512_add,800,0xAA,83,1.529344329,0.003071705,147.386403000,10.527744000,136.858659000,96.372282024,89.488453576
avx512_add,800,0xAA,84,1.529456894,0.002767911,147.365224000,10.545566000,136.819658000,96.351341831,89.456367516
avx512_add,800,0xAA,85,1.530019595,0.002830949,147.267872000,10.549106000,136.718766000,96.252278408,89.357526186
avx512_add,800,0xAA,86,1.529684256,0.002824397,147.458302000,10.580722000,136.877580000,96.397868630,89.480936619
avx512_add,800,0xAA,87,1.529920593,0.003886889,148.005786000,10.553806000,137.451980000,96.740828701,89.842558262
avx512_add,800,0xAA,88,1.529389994,0.003298983,147.233449000,10.525730000,136.707719000,96.269394689,89.387088646
avx512_add,800,0xAA,89,1.529289303,0.003547952,147.356800000,10.515354000,136.841446000,96.356392309,89.480417972
avx512_add,800,0xAA,90,1.529482507,0.003188380,147.817554000,10.538120000,137.279434000,96.645468859,89.755478321
avx512_add,800,0xAA,91,1.529774349,0.002939507,147.368946000,10.528415000,136.840531000,96.333780295,89.451448264
avx512_add,800,0xAA,92,1.531035059,0.002253434,147.368092000,10.557102000,136.810990000,96.253897743,89.358495879
avx512_add,800,0xAA,93,1.529780426,0.002902944,147.358815000,10.543918000,136.814897000,96.326775091,89.434336266
avx512_add,800,0xAA,94,1.529690346,0.003401407,147.359303000,10.523533000,136.835770000,96.332766576,89.453248097
avx512_add,800,0xAA,95,1.529632199,0.002328604,147.244863000,10.486973000,136.757890000,96.261613131,89.405734309
avx512_add,800,0xAA,96,1.529676363,0.002747560,147.291310000,10.515720000,136.775590000,96.289197883,89.414724135
avx512_add,800,0xAA,97,1.529768080,0.002942301,147.179982000,10.522800000,136.657182000,96.210650445,89.331960702
avx512_add,800,0xAA,98,1.529331668,0.003243621,147.170644000,10.536166000,136.634478000,96.231999311,89.342606890
avx512_add,800,0xAA,99,1.529086142,0.002994818,147.210987000,10.549411000,136.661576000,96.273835051,89.374674362
avx512_add,1000,0x00,0,1.223937321,0.001655446,123.447804000,8.437112000,115.010692000,100.861213987,93.967795624
avx512_add,1000,0x00,1,1.223624795,0.001989765,123.157034000,8.460001000,114.697033000,100.649344892,93.735459986
avx512_add,1000,0x00,2,1.224678711,0.002574112,123.373036000,8.431558000,114.941478000,100.739103931,93.854393745
avx512_add,1000,0x00,3,1.224349880,0.002023493,123.468007000,8.472940000,114.995067000,100.843728609,93.923370189
avx512_add,1000,0x00,4,1.224510047,0.001954144,123.641468000,8.464333000,115.177135000,100.972195578,94.059771284
avx512_add,1000,0x00,5,1.223259247,0.002393576,123.637745000,8.452126000,115.185619000,101.072397631,94.162884359
avx512_add,1000,0x00,6,1.224216876,0.002074482,124.128588000,8.455789000,115.672799000,101.394279444,94.487178940
avx512_add,1000,0x00,7,1.224455537,0.002123732,124.081592000,8.447488000,115.634104000,101.336135310,94.437160424
avx512_add,1000,0x00,8,1.224552322,0.002041390,123.606312000,8.414468000,115.191844000,100.940000507,94.068535851
avx512_add,1000,0x00,9,1.224777620,0.001613712,123.919910000,8.445352000,115.474558000,101.177477438,94.282060782
avx512_add,1000,0x00,10,1.225302806,0.001711583,124.525438000,8.443704000,116.081734000,101.628297449,94.737181260
avx512_add,1000,0x00,11,1.225019766,0.001612222,124.666368000,8.440592000,116.225776000,101.766821632,94.876653623
avx512_add,1000,0x00,12,1.224711858,0.002243265,123.958545000,8.439981000,115.518564000,101.214456476,94.323055084
avx512_add,1000,0x00,13,1.224602105,0.001577905,123.983447000,8.427041000,115.556406000,101.243862413,94.362410088
avx512_add,1000,0x00,14,1.224179491,0.002029618,123.553455000,8.446512000,115.106943000,100.927564869,94.027831569
avx512_add,1000,0x00,15,1.224082073,0.001874467,124.505357000,8.459329000,116.046028000,101.713242732,94.802489615
avx512_add,1000,0x00,16,1.223690855,0.002416203,124.015369000,8.422159000,115.593210000,101.345342676,94.462755487
avx512_add,1000,0x00,17,1.223985237,0.002281788,124.335497000,8.437784000,115.897713000,101.582513655,94.688816126
avx512_add,1000,0x00,18,1.223161890,0.002257508,124.379687000,8.479593000,115.900094000,101.687019545,94.754500578
avx512_add,1000,0x00,19,1.223110098,0.002503133,124.319079000,8.441506000,115.877573000,101.641773056,94.740100006
avx512_add,1000,0x00,20,1.224516029,0.001716907,125.120652000,8.443948000,116.676704000,102.179676747,95.283933612
avx512_add,1000,0x00,21,1.223812749,0.002439715,124.394274000,8.442240000,115.952034000,101.644858719,94.746548496
avx512_add,1000,0x00,22,1.223293100,0.002608987,124.635057000,8.441324000,116.193733000,101.884868814,94.984377018
avx512_add,1000,0x00,23,1.224910927,0.001848499,125.040879000,8.456827000,116.584052000,102.081609552,95.177575297
avx512_add,1000,0x00,24,1.224307387,0.002094794,124.518236000,8.462869000,116.055367000,101.705043451,94.792670718
avx512_add,1000,0x00,25,1.224464960,0.002053827,124.470812000,8.436624000,116.034188000,101.653224905,94.763175558
avx512_add,1000,0x00,26,1.223314502,0.002338817,124.755357000,8.439920000,116.315437000,101.981425723,95.082202353
avx512_add,1000,0x00,27,1.223649059,0.002475857,124.316149000,8.443704000,115.872445000,101.594610037,94.694180591
avx512_add,1000,0x00,28,1.224383036,0.001857124,124.258044000,8.425394000,115.832650000,101.486250921,94.604912521
avx512_add,1000,0x00,29,1.224331891,0.002026506,124.866258000,8.435281000,116.430977000,101.987262540,95.097561257
avx512_add,1000,0x00,30,1.224225027,0.002256782,124.896165000,8.444986000,116.451179000,102.020594427,95.122364272
avx512_add,1000,0x00,31,1.224284795,0.002149048,124.938523000,8.426981000,116.511542000,102.050212141,95.167025290
avx512_add,1000,0x00,32,1.224210611,0.001728406,124.216296000,8.419962000,115.796334000,101.466442840,94.588572380
avx512_add,1000,0x00,33,1.223645379,0.002390254,124.085681000,8.433511000,115.652170000,101.406570212,94.514450038
avx512_add,1000,0x00,34,1.223702826,0.002383405,124.469530000,8.437662000,116.031868000,101.715487907,94.820299124
avx512_add,1000,0x00,35,1.223258139,0.002708003,124.394701000,8.416787000,115.977914000,101.691292320,94.810662034
avx512_add,1000,0x00,36,1.223808797,0.002135525,123.890613000,8.461465000,115.429148000,101.233634973,94.319593317
avx512_add,1000,0x00,37,1.224328289,0.002192733,123.859790000,8.438089000,115.421701000,101.165505322,94.273490265
avx512_add,1000,0x00,38,1.223808240,0.002180203,123.892017000,8.407144000,115.484873000,101.234828278,94.365170331
avx512_add,1000,0x00,39,1.224188809,0.001979096,124.830308000,8.436685000,116.393623000,101.969816283,95.078162859
avx512_add,1000,0x00,40,1.223749019,0.002432157,124.118945000,8.436929000,115.682016000,101.425164037,94.530834507
avx512_add,1000,0x00,41,1.223318093,0.002743868,122.846060000,8.432962000,114.413098000,100.420373645,93.526858338
avx512_add,1000,0x00,42,1.223726538,0.002443429,123.254018000,8.410928000,114.843090000,100.720229705,93.847020913
avx512_add,1000,0x00,43,1.223571724,0.002249762,123.080557000,8.436807000,114.643750000,100.591207385,93.695978575
avx512_add,1000,0x00,44,1.223283386,0.002521135,123.107534000,8.453775000,114.653759000,100.636970484,93.726245547
avx512_add,1000,0x00,45,1.224194539,0.001963511,124.178515000,8.464334000,115.714181000,101.436913049,94.522706417
avx512_add,1000,0x00,46,1.223257319,0.002242050,123.066274000,8.431680000,114.634594000,100.605385412,93.712575640
avx512_add,1000,0x00,47,1.222475014,0.002876045,123.238088000,8.432229000,114.805859000,100.810312337,93.912642526
avx512_add,1000,0x00,48,1.223262703,0.002097562,122.740652000,8.425333000,114.315319000,100.338751193,93.451160343
avx512_add,1000,0x00,49,1.223427979,0.002457758,124.057727000,8.438028000,115.619699000,101.401740911,94.504703944
avx512_add,1000,0x00,50,1.223864309,0.002009400,125.034226000,8.429300000,116.604926000,102.163471107,95.276024568
avx512_add,1000,0x00,51,1.223840345,0.002605540,124.817734000,8.444558000,116.373176000,101.988576008,95.088527290
avx512_add,1000,0x00,52,1.223627104,0.002351987,125.126693000,8.429910000,116.696783000,102.258843899,95.369563681
avx512_add,1000,0x00,53,1.223410893,0.002144838,124.418749000,8.470437000,115.948312000,101.698251761,94.774627778
avx512_add,1000,0x00,54,1.223433484,0.002681777,124.438402000,8.438333000,116.000069000,101.712437715,94.815182480
avx512_add,1000,0x00,55,1.223755688,0.002159765,124.314501000,8.424173000,115.890328000,101.584411156,94.700542847
avx512_add,1000,0x00,56,1.223058527,0.002513073,124.427233000,8.463480000,115.963753000,101.734487966,94.814557469
avx512_add,1000,0x00,57,1.223650666,0.002607372,124.287767000,8.452188000,115.835579000,101.571282139,94.663928401
avx512_add,1000,0x00,58,1.225395204,0.004915176,126.192975000,8.541787000,117.651188000,102.981450068,96.010811557
avx512_add,1000,0x00,59,1.223949166,0.002299400,124.615648000,8.425088000,116.190560000,101.814398378,94.930870669
avx512_add,1000,0x00,60,1.224760775,0.002358425,124.486986000,8.438821000,116.048165000,101.641878577,94.751699555
avx512_add,1000,0x00,61,1.224371801,0.002017521,124.576585000,8.442178000,116.134407000,101.747349062,94.852239264
avx512_add,1000,0x00,62,1.224313120,0.002083494,124.523607000,8.432901000,116.090706000,101.708954199,94.821091229
avx512_add,1000,0x00,63,1.224355913,0.002038391,123.856738000,8.448464000,115.408274000,101.160730038,94.260396639
avx512_add,1000,0x00,64,1.224213746,0.002414926,122.788565000,8.446023000,114.342542000,100.299939782,93.400798984
avx512_add,1000,0x00,65,1.223842227,0.002473319,125.001267000,8.415628000,116.585639000,102.138383728,95.261984291
avx512_add,1000,0x00,66,1.223237366,0.002153957,124.088671000,8.438272000,115.650399000,101.442838872,94.544527689
avx512_add,1000,0x00,67,1.223096040,0.002658180,123.080435000,8.452921000,114.627514000,100.630229335,93.719144086
avx512_add,1000,0x00,68,1.223591592,0.002196796,123.947070000,8.388284000,115.558786000,101.297745730,94.442285091
avx512_add,1000,0x00,69,1.223921739,0.002076654,123.418385000,8.430277000,114.988108000,100.838461410,93.950539793
avx512_add,1000,0x00,70,1.224621720,0.001986432,123.036184000,8.461526000,114.574658000,100.468725964,93.559224147
avx512_add,1000,0x00,71,1.223752606,0.002068688,123.490834000,8.463602000,115.027232000,100.911600408,93.995495015
avx512_add,1000,0x00,72,1.224205645,0.002011948,123.107779000,8.445474000,114.662305000,100.561355429,93.662617433
avx512_add,1000,0x00,73,1.224395181,0.002085541,124.418200000,8.459085000,115.959115000,101.616048449,94.707261863
avx512_add,1000,0x00,74,1.223951387,0.002224019,123.948535000,8.459084000,115.489451000,101.269165034,94.357874202
avx512_add,1000,0x00,75,1.223831923,0.002303280,124.457750000,8.447183000,116.010567000,101.695132824,94.792891725
avx512_add,1000,0x00,76,1.224446270,0.002129332,125.526107000,8.455972000,117.070135000,102.516631472,95.610675524
avx512_add,1000,0x00,77,1.224280875,0.002288054,124.040637000,8.454141000,115.586496000,101.317140148,94.411746809
avx512_add,1000,0x00,78,1.224132073,0.002505921,123.758777000,8.470864000,115.287913000,101.099203008,94.179309163
avx512_add,1000,0x00,79,1.222862697,0.002996970,124.052722000,8.482034000,115.570688000,101.444522210,94.508310955
avx512_add,1000,0x00,80,1.224277395,0.002213578,124.445849000,8.454934000,115.990915000,101.648408696,94.742347998
avx512_add,1000,0x00,81,1.223436048,0.002870109,123.421864000,8.475564000,114.946300000,100.881336832,93.953664546
avx512_add,1000,0x00,82,1.223284162,0.002143381,122.945913000,8.467569000,114.478344000,100.504786049,93.582789295
avx512_add,1000,0x00,83,1.223923177,0.001926567,123.894214000,8.458719000,115.435495000,101.227116488,94.315964580
avx512_add,1000,0x00,84,1.223647004,0.002189217,124.374743000,8.454569000,115.920174000,101.642665386,94.733345157
avx512_add,1000,0x00,85,1.223417118,0.002308992,123.654103000,8.459756000,115.194347000,101.072725870,94.157867581
avx512_add,1000,0x00,86,1.223878109,0.001905154,123.185781000,8.469339000,114.716442000,100.652001279,93.731917541
avx512_add,1000,0x00,87,1.223048987,0.002194754,123.885303000,8.460672000,115.424631000,101.292183941,94.374495372
avx512_add,1000,0x00,88,1.223391985,0.002534183,123.311940000,8.467813000,114.844127000,100.795118418,93.873532284
avx512_add,1000,0x00,89,1.223368755,0.002571094,123.219350000,8.489175000,114.730175000,100.721347947,93.782168760
avx512_add,1000,0x00,90,1.223967498,0.002301830,123.172414000,8.485452000,114.686962000,100.633729413,93.700986497
avx512_add,1000,0x00,91,1.224273399,0.001897530,123.000906000,8.487222000,114.513684000,100.468495074,93.536038644
avx512_add,1000,0x00,92,1.224084304,0.001982411,123.175649000,8.452493000,114.723156000,100.626769451,93.721613510
avx512_add,1000,0x00,93,1.224047440,0.002655676,122.637320000,8.475015000,114.162305000,100.190005675,93.266242167
avx512_add,1000,0x00,94,1.225021390,0.001495725,122.602042000,8.463907000,114.138135000,100.081552060,93.172360865
avx512_add,1000,0x00,95,1.224617095,0.002146892,122.900076000,8.470742000,114.429334000,100.357962094,93.440908564
avx512_add,1000,0x00,96,1.223820409,0.002331108,123.253347000,8.482644000,114.770703000,100.711955877,93.780674179
avx512_add,1000,0x00,97,1.224447680,0.001639721,123.373158000,8.486428000,114.886730000,100.758211272,93.827390020
avx512_add,1000,0x00,98,1.224223546,0.002126572,123.638233000,8.480325000,115.157908000,100.993183351,94.066078386
avx512_add,1000,0x00,99,1.224462258,0.001987965,123.615895000,8.473367000,115.142528000,100.955251365,94.035179352
avx512_add,1000,0xAA,0,1.225142459,0.001742153,125.624800000,8.434305000,117.190495000,102.538932562,95.654586225
avx512_add,1000,0xAA,1,1.225048617,0.001746108,125.759993000,8.410684000,117.349309000,102.657144589,95.791552576
avx512_add,1000,0xAA,2,1.225082433,0.001767433,125.881148000,8.405191000,117.475957000,102.753206328,95.892287606
avx512_add,1000,0xAA,3,1.224831752,0.001872205,125.592269000,8.418558000,117.173711000,102.538384429,95.665148175
avx512_add,1000,0xAA,4,1.225184974,0.001369240,124.181079000,8.420877000,115.760202000,101.357004592,94.483857124
avx512_add,1000,0xAA,5,1.224951913,0.001767017,123.739551000,8.350625000,115.388926000,101.015843710,94.198739373
avx512_add,1000,0xAA,6,1.224200962,0.002300503,124.133655000,8.363565000,115.770090000,101.399736492,94.567880239
avx512_add,1000,0xAA,7,1.224344100,0.002320126,124.782518000,8.356180000,116.426338000,101.917849702,95.092823961
avx512_add,1000,0xAA,8,1.224222346,0.001858280,123.939746000,8.404214000,115.535532000,101.239571682,94.374630829
avx512_add,1000,0xAA,9,1.224260416,0.002045920,124.399095000,8.436868000,115.962227000,101.611628874,94.720229061
avx512_add,1000,0xAA,10,1.224596116,0.001494353,124.349535000,8.361673000,115.987862000,101.543303456,94.715196710
avx512_add,1000,0xAA,11,1.224652561,0.001712510,124.016284000,8.396585000,115.619699000,101.266504426,94.410204716
avx512_add,1000,0xAA,12,1.223911097,0.002412655,124.464036000,8.339945000,116.124091000,101.693690239,94.879514749
avx512_add,1000,0xAA,13,1.224235680,0.002094568,123.911060000,8.387429000,115.523631000,101.215037291,94.363881800
avx512_add,1000,0xAA,14,1.223635945,0.002174875,124.018664000,8.393411000,115.625253000,101.352583258,94.493181134
avx512_add,1000,0xAA,15,1.224236448,0.001551700,123.319020000,8.310220000,115.008800000,100.731374405,93.943290278
avx512_add,1000,0xAA,16,1.224454514,0.001972099,123.432241000,8.377603000,115.054638000,100.805901415,93.963995157
avx512_add,1000,0xAA,17,1.224312937,0.001636992,124.175647000,8.422586000,115.753061000,101.424760953,94.545322092
avx512_add,1000,0xAA,18,1.224585609,0.001644391,123.556447000,8.377786000,115.178661000,100.896536859,94.055213606
avx512_add,1000,0xAA,19,1.224377211,0.002011242,124.028491000,8.413247000,115.615244000,101.299248216,94.427798041
avx512_add,1000,0xAA,20,1.224019708,0.001929068,124.318042000,8.384500000,115.933542000,101.565392433,94.715421028
avx512_add,1000,0xAA,21,1.224115540,0.001938134,124.764512000,8.383035000,116.381477000,101.922169869,95.073931507
avx512_add,1000,0xAA,22,1.224478163,0.001851347,123.730640000,8.436868000,115.293772000,101.047649346,94.157475019
avx512_add,1000,0xAA,23,1.223919116,0.002240520,124.304003000,8.426370000,115.877633000,101.562269393,94.677525223
avx512_add,1000,0xAA,24,1.223863320,0.002058080,124.048083000,8.409524000,115.638559000,101.357791344,94.486497904
avx512_add,1000,0xAA,25,1.224382955,0.002170687,124.483934000,8.449563000,116.034371000,101.670750566,94.769671972
avx512_add,1000,0xAA,26,1.224463078,0.001803666,124.351183000,8.434854000,115.916329000,101.555682045,94.667067637
avx512_add,1000,0xAA,27,1.225390061,0.003211534,125.570662000,8.524331000,117.046331000,102.474033392,95.517610884
avx512_add,1000,0xAA,28,1.224747598,0.001532188,124.088671000,8.434488000,115.654183000,101.317750064,94.431034780
avx512_add,1000,0xAA,29,1.224877967,0.002079752,123.968982000,8.402994000,115.565988000,101.209251360,94.348981007
avx512_add,1000,0xAA,30,1.225103434,0.001640136,124.859177000,8.388407000,116.470770000,101.917253290,95.070152248
avx512_add,1000,0xAA,31,1.225384664,0.001349113,124.269579000,8.372415000,115.897164000,101.412709563,94.580230547
avx512_add,1000,0xAA,32,1.224266619,0.001739034,123.324697000,8.384866000,114.939831000,100.733529014,93.884640162
avx512_add,1000,0xAA,33,1.225046826,0.001894975,123.731556000,8.401162000,115.330394000,101.001491027,94.143661741
avx512_add,1000,0xAA,34,1.224148099,0.001946638,123.656422000,8.418558000,115.237864000,101.014266269,94.137191503
avx512_add,1000,0xAA,35,1.224303046,0.001617004,123.791065000,8.412088000,115.378977000,101.111457180,94.240537412
avx512_add,1000,0xAA,36,1.223200745,0.001940509,124.294604000,8.442727000,115.851877000,101.614231734,94.712071944
avx512_add,1000,0xAA,37,1.223630219,0.002015036,124.157702000,8.421121000,115.736581000,101.466684992,94.584605040
avx512_add,1000,0xAA,38,1.224439876,0.002382291,123.900867000,8.436990000,115.463877000,101.189833356,94.299343945
avx512_add,1000,0xAA,39,1.224739971,0.001553983,123.986438000,8.442544000,115.543894000,101.234907803,94.341571909
avx512_add,1000,0xAA,40,1.224389087,0.002408058,124.568468000,8.441201000,116.127267000,101.739283170,94.845068666
avx512_add,1000,0xAA,41,1.224267502,0.002152777,124.598863000,8.436746000,116.162117000,101.774214208,94.882953935
avx512_add,1000,0xAA,42,1.224456302,0.001521555,124.107348000,8.445535000,115.661813000,101.357106685,94.459731100
avx512_add,1000,0xAA,43,1.224630632,0.001675843,124.609666000,8.453836000,116.155830000,101.752857314,94.849685226
avx512_add,1000,0xAA,44,1.224814756,0.001935188,124.766465000,8.426614000,116.339851000,101.865579602,94.985670653
avx512_add,1000,0xAA,45,1.225396858,0.001652393,123.713368000,8.415017000,115.298351000,100.957797631,94.090620727
avx512_add,1000,0xAA,46,1.224035619,0.001939875,124.050708000,8.424356000,115.626352000,101.345668409,94.463224902
avx512_add,1000,0xAA,47,1.224338049,0.001662875,123.483083000,8.444497000,115.038586000,100.857016650,93.959822687
avx512_add,1000,0xAA,48,1.224103042,0.001823640,123.627003000,8.436441000,115.190562000,100.993951318,94.102014355
avx512_add,1000,0xAA,49,1.224104858,0.001893963,123.589344000,8.445901000,115.143443000,100.963036963,94.063382129
avx512_add,1000,0xAA,50,1.224865890,0.001932109,123.961597000,8.463784000,115.497813000,101.204219972,94.294252059
avx512_add,1000,0xAA,51,1.224034002,0.002311138,124.340136000,8.457376000,115.882760000,101.582256503,94.672827530
avx512_add,1000,0xAA,52,1.223922925,0.002057723,124.206469000,8.481241000,115.725228000,101.482263687,94.552708870
avx512_add,1000,0xAA,53,1.223561769,0.002305093,123.967029000,8.457376000,115.509653000,101.316526993,94.404431328
avx512_add,1000,0xAA,54,1.224133635,0.001850686,123.744617000,8.470011000,115.274606000,101.087506714,94.168318513
avx512_add,1000,0xAA,55,1.224800586,0.001764811,123.360036000,8.448769000,114.911267000,100.718465843,93.820388641
avx512_add,1000,0xAA,56,1.224390223,0.002015426,124.276232000,8.447977000,115.828255000,101.500509970,94.600767678
avx512_add,1000,0xAA,57,1.223358309,0.002692930,124.376147000,8.424173000,115.951974000,101.667799286,94.781694914
avx512_add,1000,0xAA,58,1.223310462,0.002131541,123.312185000,8.429849000,114.882336000,100.802035842,93.911022265
avx512_add,1000,0xAA,59,1.223152882,0.002133937,123.684132000,8.452798000,115.231334000,101.119110999,94.208447477
avx512_add,1000,0xAA,60,1.222449357,0.002672952,124.154407000,8.453042000,115.701365000,101.562004433,94.647164196
avx512_add,1000,0xAA,61,1.223368523,0.002568233,125.163254000,8.406290000,116.756964000,102.310343687,95.438914641
avx512_add,1000,0xAA,62,1.223736666,0.002381059,124.687730000,8.427590000,116.260140000,101.890981479,95.004213899
avx512_add,1000,0xAA,63,1.223699737,0.002033615,124.285814000,8.435830000,115.849984000,101.565613095,94.671904004
avx512_add,1000,0xAA,64,1.224047670,0.002353422,124.687669000,8.457681000,116.229988000,101.865043386,94.955442389
avx512_add,1000,0xAA,65,1.224012466,0.002033703,124.069262000,8.457315000,115.611947000,101.362743815,94.453243107
avx512_add,1000,0xAA,66,1.223179096,0.002660882,124.169665000,8.435770000,115.733895000,101.513887359,94.617293045
avx512_add,1000,0xAA,67,1.223293496,0.002193928,123.560475000,8.451150000,115.109325000,101.006402313,94.097880337
avx512_add,1000,0xAA,68,1.223394471,0.002370612,124.270128000,8.424295000,115.845833000,101.578134368,94.692133820
avx512_add,1000,0xAA,69,1.223510526,0.002265652,124.075244000,8.456705000,115.618539000,101.409216634,94.497379900
avx512_add,1000,0xAA,70,1.223864766,0.002377243,124.420702000,8.462747000,115.957955000,101.662132530,94.747359560
avx512_add,1000,0xAA,71,1.224610716,0.001285696,124.165514000,8.442971000,115.722543000,101.391823843,94.497411693
avx512_add,1000,0xAA,72,1.224304949,0.002178899,123.641956000,8.442300000,115.199656000,100.989509314,94.093923365
avx512_add,1000,0xAA,73,1.223307776,0.002239678,123.709523000,8.450174000,115.259349000,101.127063368,94.219419875
avx512_add,1000,0xAA,74,1.224033326,0.001989197,124.338488000,8.448709000,115.889779000,101.580966260,94.678614159
avx512_add,1000,0xAA,75,1.224617277,0.001708656,124.390123000,8.424356000,115.965767000,101.574692189,94.695517645
avx512_add,1000,0xAA,76,1.223941876,0.001993225,124.017871000,8.453042000,115.564829000,101.326601689,94.420193662
avx512_add,1000,0xAA,77,1.224174946,0.001922718,124.497972000,8.452737000,116.045235000,101.699493503,94.794649530
avx512_add,1000,0xAA,78,1.223783027,0.002143232,124.259874000,8.431985000,115.827889000,101.537504016,94.647406004
avx512_add,1000,0xAA,79,1.224034645,0.001949087,124.223437000,8.418618000,115.804819000,101.486863543,94.609102335
avx512_add,1000,0xAA,80,1.224001774,0.002039828,123.645130000,8.422830000,115.222300000,101.017116651,94.135729567
avx512_add,1000,0xAA,81,1.224342758,0.001626532,123.277211000,8.413736000,114.863475000,100.688479745,93.816436810
avx512_add,1000,0xAA,82,1.224004201,0.002253177,124.120166000,8.468606000,115.651560000,101.405016323,94.486244319
avx512_add,1000,0xAA,83,1.224695536,0.001982849,123.864307000,8.440103000,115.424204000,101.138857270,94.247264418
avx512_add,1000,0xAA,84,1.224533870,0.001931156,123.390370000,8.416422000,114.973948000,100.765175233,93.892011325
avx512_add,1000,0xAA,85,1.224705440,0.001628061,123.693104000,8.421792000,115.271312000,100.998248229,94.121662458
avx512_add,1000,0xAA,86,1.224394781,0.001895870,123.676808000,8.418802000,115.258006000,101.010564515,94.134676009
avx512_add,1000,0xAA,87,1.224687253,0.001857200,123.734607000,8.417276000,115.317331000,101.033636728,94.160636310
avx512_add,1000,0xAA,88,1.223727665,0.001616308,123.549976000,8.378579000,115.171397000,100.961986544,94.115218882
avx512_add,1000,0xAA,89,1.223235130,0.002199393,123.500355000,8.408731000,115.091624000,100.962073404,94.087899508
avx512_add,1000,0xAA,90,1.224092012,0.001981316,124.317065000,8.396158000,115.920907000,101.558595070,94.699504482
avx512_add,1000,0xAA,91,1.224136955,0.002167496,124.410814000,8.396035000,116.014779000,101.631450196,94.772711911
avx512_add,1000,0xAA,92,1.222935168,0.002476181,124.623216000,8.408792000,116.214424000,101.905006297,95.029096421
avx512_add,1000,0xAA,93,1.223994274,0.002028392,124.371935000,8.448526000,115.923409000,101.611533350,94.709110537
avx512_add,1000,0xAA,94,1.223368803,0.002224475,124.386400000,8.458230000,115.928170000,101.675308138,94.761424131
avx512_add,1000,0xAA,95,1.223577667,0.002284159,124.560228000,8.434915000,116.125313000,101.800017571,94.906368539
avx512_add,1000,0xAA,96,1.225203015,0.001386206,124.582567000,8.414407000,116.168160000,101.683203113,94.815437609
avx512_add,1000,0xAA,97,1.224914866,0.001624611,124.091296000,8.439737000,115.651559000,101.306057621,94.415997558
avx512_add,1000,0xAA,98,1.224969000,0.001448579,123.767383000,8.406656000,115.360727000,101.037155199,94.174405205
avx512_add,1000,0xAA,99,1.225030867,0.001808709,123.991199000,8.412882000,115.578317000,101.214754969,94.347269235
avx512_add,1200,0x00,0,1.020181877,0.001857876,105.739475000,6.950544000,98.788931000,103.647670416,96.834626435
avx512_add,1200,0x00,1,1.019427417,0.002198927,105.986118000,6.873152000,99.112966000,103.966320915,97.224151846
avx512_add,1200,0x00,2,1.020241227,0.001366940,105.808567000,6.904706000,98.903861000,103.709362242,96.941643181
avx512_add,1200,0x00,3,1.020650134,0.001264469,105.586766000,6.919904000,98.666862000,103.450499279,96.670601089
avx512_add,1200,0x00,4,1.020311884,0.001599925,105.763157000,6.943708000,98.819449000,103.657674379,96.852198415
avx512_add,1200,0x00,5,1.020332106,0.001849026,106.038669000,6.997601000,99.041068000,103.925641881,97.067481718
avx512_add,1200,0x00,6,1.019717768,0.001630426,105.630222000,6.990278000,98.639944000,103.587703713,96.732593190
avx512_add,1200,0x00,7,1.020040975,0.001300697,105.713902000,6.972821000,98.741081000,103.636917185,96.801092768
avx512_add,1200,0x00,8,1.020841615,0.001163448,105.775180000,7.006818000,98.768362000,103.615662219,96.751896191
avx512_add,1200,0x00,9,1.019445719,0.002067862,105.958896000,7.019147000,98.939749000,103.937751680,97.052493477
avx512_add,1200,0x00,10,1.019440377,0.001935406,105.715855000,7.044964000,98.670891000,103.699889995,96.789271037
avx512_add,1200,0x00,11,1.019989240,0.001546099,105.637486000,7.031476000,98.606010000,103.567255293,96.673578649
avx512_add,1200,0x00,12,1.019713939,0.001618987,105.750828000,7.021405000,98.729423000,103.706367021,96.820705531
avx512_add,1200,0x00,13,1.019631237,0.002373585,106.028598000,7.021039000,99.007559000,103.987200642,97.101339610
avx512_add,1200,0x00,14,1.019017415,0.001922402,105.833958000,7.013166000,98.820792000,103.858831471,96.976548700
avx512_add,1200,0x00,15,1.019328894,0.001670280,105.804722000,7.014142000,98.790580000,103.798413491,96.917276261
avx512_add,1200,0x00,16,1.019271539,0.001882695,105.764866000,7.014813000,98.750053000,103.765151819,96.882969073
avx512_add,1200,0x00,17,1.019496519,0.002473808,106.102939000,7.014448000,99.088491000,104.073861017,97.193555032
avx512_add,1200,0x00,18,1.019498304,0.001922435,105.816807000,7.017011000,98.799796000,103.793019134,96.910211217
avx512_add,1200,0x00,19,1.019366980,0.001957813,105.670017000,6.986371000,98.683646000,103.662389614,96.808752858
avx512_add,1200,0x00,20,1.021021116,0.001611930,106.098483000,7.043439000,99.055044000,103.914092805,97.015666426
avx512_add,1200,0x00,21,1.021005702,0.001254519,105.617955000,6.969831000,98.648124000,103.445019702,96.618582804
avx512_add,1200,0x00,22,1.020695974,0.001426753,105.739963000,7.016523000,98.723440000,103.595944039,96.721690413
avx512_add,1200,0x00,23,1.020406310,0.001491162,105.716343000,7.012617000,98.703726000,103.602204284,96.729827144
avx512_add,1200,0x00,24,1.020899950,0.001509690,105.796665000,7.051129000,98.745536000,103.630786771,96.724009078
avx512_add,1200,0x00,25,1.020245218,0.001281351,105.665379000,7.028852000,98.636527000,103.568609929,96.679234829
avx512_add,1200,0x00,26,1.020721277,0.001335165,105.674779000,7.038495000,98.636284000,103.529515230,96.633906058
avx512_add,1200,0x00,27,1.020559429,0.001409608,105.597325000,7.026960000,98.570365000,103.470040069,96.584639963
avx512_add,1200,0x00,28,1.020944699,0.001647610,105.863621000,7.056867000,98.806754000,103.691826893,96.779731648
avx512_add,1200,0x00,29,1.019205856,0.001813325,105.539647000,7.016095000,98.523552000,103.550864002,96.666979890
avx512_add,1200,0x00,30,1.019736004,0.001926261,105.763767000,7.038496000,98.725271000,103.716811552,96.814538836
avx512_add,1200,0x00,31,1.019458004,0.001982988,105.856663000,7.024335000,98.832328000,103.836217472,96.945953261
avx512_add,1200,0x00,32,1.019696981,0.002308750,105.859714000,7.027814000,98.831900000,103.814874352,96.922813153
avx512_add,1200,0x00,33,1.018689652,0.001940667,105.684727000,7.012433000,98.672294000,103.745754904,96.861977314
avx512_add,1200,0x00,34,1.019363571,0.001719994,105.654026000,7.025494000,98.628532000,103.647049055,96.755009548
avx512_add,1200,0x00,35,1.020289376,0.001607786,105.728367000,7.027692000,98.700675000,103.625862875,96.737922882
avx512_add,1200,0x00,36,1.020034065,0.002013862,105.994601000,7.058514000,98.936087000,103.912805152,96.992924488
avx512_add,1200,0x00,37,1.019975130,0.001717948,105.667149000,7.032941000,98.634208000,103.597770042,96.702561727
avx512_add,1200,0x00,38,1.019947625,0.001607512,105.673984000,7.038251000,98.635733000,103.607265153,96.706664741
avx512_add,1200,0x00,39,1.020413716,0.003313190,106.757478000,7.130536000,99.626942000,104.621759093,97.633871840
avx512_add,1200,0x00,40,1.020339934,0.001967598,106.080356000,7.079754000,99.000602000,103.965700495,97.027077628
avx512_add,1200,0x00,41,1.020544175,0.001437496,105.694004000,7.043378000,98.650626000,103.566319370,96.664728856
avx512_add,1200,0x00,42,1.020477251,0.001562959,105.700169000,7.052289000,98.647880000,103.579152667,96.668377349
avx512_add,1200,0x00,43,1.020745250,0.001335723,105.695530000,7.044294000,98.651236000,103.547413041,96.646284673
avx512_add,1200,0x00,44,1.019027929,0.002543190,106.056735000,7.071942000,98.984793000,104.076377086,97.136486825
avx512_add,1200,0x00,45,1.019238078,0.002336871,105.694004000,7.037640000,98.656364000,103.699033894,96.794229068
avx512_add,1200,0x00,46,1.019954023,0.001479547,105.780980000,7.058881000,98.722099000,103.711518014,96.790734486
avx512_add,1200,0x00,47,1.020627563,0.001443633,105.735325000,7.047223000,98.688102000,103.598343607,96.693549681
avx512_add,1200,0x00,48,1.019879505,0.002221768,106.037265000,7.070417000,98.966848000,103.970385207,97.037784870
avx512_add,1200,0x00,49,1.019919194,0.001577291,105.920993000,7.054669000,98.866324000,103.852338148,96.935448023
avx512_add,1200,0x00,50,1.020138070,0.001856100,105.629307000,7.044476000,98.584831000,103.544128133,96.638713847
avx512_add,1200,0x00,51,1.020520522,0.001470966,105.811497000,7.047529000,98.763968000,103.683850226,96.778032219
avx512_add,1200,0x00,52,1.020426907,0.001855388,106.220431000,7.057599000,99.162832000,104.094110330,97.177790352
avx512_add,1200,0x00,53,1.020703946,0.001345421,105.738071000,7.005292000,98.732779000,103.593281265,96.730084522
avx512_add,1200,0x00,54,1.019916838,0.001739999,105.722691000,7.023053000,98.699638000,103.658148432,96.772240937
avx512_add,1200,0x00,55,1.020553641,0.001351544,105.619969000,7.023908000,98.596061000,103.492814852,96.610366229
avx512_add,1200,0x00,56,1.020404845,0.001970364,106.196567000,7.054364000,99.142203000,104.072974062,97.159674863
avx512_add,1200,0x00,57,1.020965394,0.001032344,105.794102000,7.061932000,98.732170000,103.621633602,96.704717476
avx512_add,1200,0x00,58,1.020379073,0.001586531,105.660801000,7.047345000,98.613456000,103.550537003,96.643942009
avx512_add,1200,0x00,59,1.020547418,0.001741382,106.015720000,7.079206000,98.936514000,103.881228948,96.944553715
avx512_add,1200,0x00,60,1.020172797,0.001684816,105.755833000,7.041242000,98.714591000,103.664627564,96.762618390
avx512_add,1200,0x00,61,1.020938843,0.001370839,105.870090000,7.021710000,98.848380000,103.698757940,96.821059002
avx512_add,1200,0x00,62,1.020261560,0.001810198,105.862949000,7.039166000,98.823783000,103.760597386,96.861223468
avx512_add,1200,0x00,63,1.021159216,0.001910084,106.150119000,7.052717000,99.097402000,103.950605714,97.044026513
avx512_add,1200,0x00,64,1.021035609,0.001239784,105.743199000,7.014814000,98.728385000,103.564653429,96.694360232
avx512_add,1200,0x00,65,1.021250063,0.000948166,105.830418000,7.000410000,98.830008000,103.628309923,96.773563709
avx512_add,1200,0x00,66,1.020674470,0.001466116,105.787083000,7.022138000,98.764945000,103.644292201,96.764392481
avx512_add,1200,0x00,67,1.020337641,0.002062717,106.194674000,7.042889000,99.151785000,104.077973502,97.175465239
avx512_add,1200,0x00,68,1.019973658,0.001591487,105.767247000,7.002851000,98.764396000,103.696057391,96.830339886
avx512_add,1200,0x00,69,1.020484795,0.001552561,105.741612000,7.000227000,98.741385000,103.618998027,96.759290727
avx512_add,1200,0x00,70,1.020334346,0.001549326,105.668309000,7.035261000,98.633048000,103.562434629,96.667380054
avx512_add,1200,0x00,71,1.020736328,0.002269287,106.193332000,7.043623000,99.149709000,104.036007274,97.135475952
avx512_add,1200,0x00,72,1.020712973,0.001567436,105.823581000,7.017560000,98.806021000,103.676139935,96.800984835
avx512_add,1200,0x00,73,1.020483439,0.001518966,105.879612000,6.983808000,98.895804000,103.754365789,96.910738804
avx512_add,1200,0x00,74,1.020685169,0.001546855,105.946445000,7.008710000,98.937735000,103.799338108,96.932666376
avx512_add,1200,0x00,75,1.020455275,0.002241292,106.265963000,7.042646000,99.223317000,104.135835815,97.234361374
avx512_add,1200,0x00,76,1.020280297,0.001566643,105.681431000,6.988691000,98.692740000,103.580781974,96.731006456
avx512_add,1200,0x00,77,1.020399599,0.001446536,105.777195000,6.990766000,98.786429000,103.662521130,96.811512950
avx512_add,1200,0x00,78,1.019842944,0.001702255,105.754490000,7.025983000,98.728507000,103.696839382,96.807559971
avx512_add,1200,0x00,79,1.019277497,0.002456947,106.189303000,7.061505000,99.127798000,104.180954921,97.253003486
avx512_add,1200,0x00,80,1.020131650,0.001496859,105.790501000,7.047956000,98.742545000,103.702792707,96.793923638
avx512_add,1200,0x00,81,1.020489637,0.001558544,105.906772000,7.042402000,98.864370000,103.780350266,96.879347313
avx512_add,1200,0x00,82,1.020480479,0.001477352,105.856907000,7.044233000,98.812674000,103.732417378,96.829558242
avx512_add,1200,0x00,83,1.020024424,0.002143049,106.083835000,7.051861000,99.031974000,104.001269527,97.087845851
avx512_add,1200,0x00,84,1.019611855,0.001574369,105.817600000,7.029889000,98.787711000,103.782237768,96.887566072
avx512_add,1200,0x00,85,1.019829302,0.003105010,106.602754000,7.062481000,99.540273000,104.529997130,97.604837217
avx512_add,1200,0x00,86,1.019900810,0.001455305,105.858432000,7.027142000,98.831290000,103.792869804,96.902844882
avx512_add,1200,0x00,87,1.020032173,0.002307173,106.385287000,7.067914000,99.317373000,104.296011285,97.366902391
avx512_add,1200,0x00,88,1.019817095,0.001595968,105.844456000,7.043011000,98.801445000,103.787685532,96.881534388
avx512_add,1200,0x00,89,1.019726725,0.001515151,105.769504000,7.024457000,98.745047000,103.723381365,96.834813255
avx512_add,1200,0x00,90,1.020178370,0.001448010,105.799656000,7.028425000,98.771231000,103.707017449,96.817609471
avx512_add,1200,0x00,91,1.020732093,0.001809026,106.136203000,7.043927000,99.092276000,103.980470268,97.079612491
avx512_add,1200,0x00,92,1.020200444,0.001495593,105.808628000,7.036054000,98.772574000,103.713567836,96.816830986
avx512_add,1200,0x00,93,1.019596504,0.001805759,105.854221000,7.004560000,98.849661000,103.819717473,96.949784150
avx512_add,1200,0x00,94,1.020142765,0.002213411,106.256930000,7.065107000,99.191823000,104.158882111,97.233275969
avx512_add,1200,0x00,95,1.020452478,0.001479613,105.739354000,7.029706000,98.709648000,103.620066848,96.731254139
avx512_add,1200,0x00,96,1.020174160,0.001538256,105.908786000,7.050641000,98.858145000,103.814417302,96.903204222
avx512_add,1200,0x00,97,1.021001844,0.001282205,106.006687000,7.047040000,98.959647000,103.826146429,96.924062913
avx512_add,1200,0x00,98,1.021080797,0.001787003,106.160922000,7.054059000,99.106863000,103.969169009,97.060745094
avx512_add,1200,0x00,99,1.020562639,0.001439683,105.869785000,7.043683000,98.826102000,103.736684959,96.834920454
avx512_add,1200,0xAA,0,1.020895417,0.001224336,105.881260000,7.006391000,98.874869000,103.714110400,96.851124356
avx512_add,1200,0xAA,1,1.020442448,0.001284702,105.676243000,7.015363000,98.660880000,103.559238649,96.684413897
avx512_add,1200,0xAA,2,1.020572176,0.001398716,105.815098000,7.029828000,98.785270000,103.682130925,96.794006632
avx512_add,1200,0xAA,3,1.020661418,0.001880450,106.030002000,7.074323000,98.955679000,103.883619107,96.952502800
avx512_add,1200,0xAA,4,1.019653142,0.002277413,105.688206000,7.041975000,98.646231000,103.651135526,96.744889950
avx512_add,1200,0xAA,5,1.019579944,0.001710597,105.831455000,7.048871000,98.782584000,103.799074886,96.885569928
avx512_add,1200,0xAA,6,1.019364921,0.001882526,105.759922000,7.028242000,98.731680000,103.750796009,96.856069838
avx512_add,1200,0xAA,7,1.019821357,0.002043513,106.100314000,7.059125000,99.041189000,104.038136917,97.116213827
avx512_add,1200,0xAA,8,1.019632033,0.001885261,105.725315000,7.039289000,98.686026000,103.689675905,96.785921634
avx512_add,1200,0xAA,9,1.019392442,0.001994947,105.829929000,7.031049000,98.798880000,103.816670244,96.919376610
avx512_add,1200,0xAA,10,1.019347385,0.002121567,105.913364000,7.029584000,98.883780000,103.903110471,97.006949162
avx512_add,1200,0xAA,11,1.020762543,0.002096125,106.170871000,7.060651000,99.110220000,104.011331255,97.094295508
avx512_add,1200,0xAA,12,1.019928727,0.002178689,105.908726000,7.019635000,98.889091000,103.839340149,96.956864134
avx512_add,1200,0xAA,13,1.020555725,0.001567688,105.832981000,7.022992000,98.809989000,103.701325040,96.819788025
avx512_add,1200,0xAA,14,1.019488608,0.001877001,105.837742000,7.005170000,98.832572000,103.814541115,96.943282382
avx512_add,1200,0xAA,15,1.019765558,0.002273264,106.310397000,7.070051000,99.240346000,104.249840683,97.316824617
avx512_add,1200,0xAA,16,1.019496422,0.002151881,106.063266000,7.055036000,99.008230000,104.034956533,97.114838086
avx512_add,1200,0xAA,17,1.019425304,0.001839977,105.793003000,7.055279000,98.737724000,103.777101260,96.856261673
avx512_add,1200,0xAA,18,1.019425813,0.001857215,105.884372000,7.038740000,98.845632000,103.866677313,96.962065022
avx512_add,1200,0xAA,19,1.019446316,0.002291011,106.201877000,7.068097000,99.133780000,104.176036893,97.242766459
avx512_add,1200,0xAA,20,1.019633012,0.001689404,105.716831000,7.047956000,98.668875000,103.681255685,96.769007927
avx512_add,1200,0xAA,21,1.020157168,0.001421261,105.595676000,7.039654000,98.556022000,103.509223242,96.608664952
avx512_add,1200,0xAA,22,1.020026534,0.001803415,105.983372000,7.025617000,98.957755000,103.902563821,97.014883188
avx512_add,1200,0xAA,23,1.019619561,0.002493779,106.221591000,7.075482000,99.146109000,104.177670803,97.238335517
avx512_add,1200,0xAA,24,1.020929536,0.003081272,106.671846000,7.109234000,99.562612000,104.485022907,97.521531553
avx512_add,1200,0xAA,25,1.021373557,0.001188510,105.735935000,7.049360000,98.686575000,103.523274423,96.621431357
avx512_add,1200,0xAA,26,1.021150438,0.001755710,106.127414000,7.075665000,99.051749000,103.929264567,97.000153303
avx512_add,1200,0xAA,27,1.020668743,0.001387329,105.837498000,7.043805000,98.793693000,103.694267849,96.793101286
avx512_add,1200,0xAA,28,1.020576496,0.001382303,105.796971000,7.040815000,98.756156000,103.663930551,96.765069929
avx512_add,1200,0xAA,29,1.020141424,0.001754470,105.818760000,7.054120000,98.764640000,103.729500116,96.814654947
avx512_add,1200,0xAA,30,1.020310557,0.002236028,106.152377000,7.079144000,99.073233000,104.039281277,97.101056485
avx512_add,1200,0xAA,31,1.020412303,0.001541929,105.814487000,7.041547000,98.772940000,103.697776550,96.797088486
avx512_add,1200,0xAA,32,1.020330114,0.001458504,105.801609000,7.064557000,98.737052000,103.693508136,96.769712689
avx512_add,1200,0xAA,33,1.020468382,0.001376375,105.718845000,7.055218000,98.663627000,103.598354328,96.684648694
avx512_add,1200,0xAA,34,1.020963359,0.001833555,106.008578000,7.082563000,98.926015000,103.831912349,96.894775049
avx512_add,1200,0xAA,35,1.019686965,0.001749552,105.746678000,7.053448000,98.693230000,103.705040545,96.787772554
avx512_add,1200,0xAA,36,1.020156486,0.001818237,105.687474000,7.056806000,98.630668000,103.599276653,96.681900644
avx512_add,1200,0xAA,37,1.020438290,0.001163667,105.784825000,7.050825000,98.734000000,103.666067799,96.756463302
avx512_add,1200,0xAA,38,1.020299047,0.002340085,106.100010000,7.088238000,99.011772000,103.989129815,97.041913678
avx512_add,1200,0xAA,39,1.019966840,0.001525550,105.636143000,7.059125000,98.577018000,103.568213061,96.647277278
avx512_add,1200,0xAA,40,1.020561722,0.001611867,105.710911000,7.051252000,98.659659000,103.581105152,96.671917936
avx512_add,1200,0xAA,41,1.019834675,0.001524086,105.826634000,7.032880000,98.793754000,103.768421092,96.872322958
avx512_add,1200,0xAA,42,1.020330887,0.002169053,106.054904000,7.044172000,99.010732000,103.941677449,97.037866062
avx512_add,1200,0xAA,43,1.019861807,0.002215235,105.697179000,7.044781000,98.652398000,103.638726592,96.731142692
avx512_add,1200,0xAA,44,1.020241010,0.001568592,105.926364000,7.058209000,98.868155000,103.824844256,96.906666170
avx512_add,1200,0xAA,45,1.020684487,0.001472595,105.846470000,7.052411000,98.794059000,103.701458555,96.791966844
avx512_add,1200,0xAA,46,1.020662869,0.001805838,106.072300000,7.050397000,99.021903000,103.924913156,97.017248328
avx512_add,1200,0xAA,47,1.019215436,0.001921321,105.715367000,7.047834000,98.667533000,103.722297868,96.807337837
avx512_add,1200,0xAA,48,1.019371715,0.002459496,105.784458000,7.058393000,98.726065000,103.774174257,96.849916015
avx512_add,1200,0xAA,49,1.019263949,0.002495805,106.146335000,7.058759000,99.087576000,104.140183763,97.214834344
avx512_add,1200,0xAA,50,1.019699026,0.002375935,106.233309000,7.074201000,99.159108000,104.181043896,97.243505644
avx512_add,1200,0xAA,51,1.019531555,0.002073584,105.833103000,7.059858000,98.773245000,103.805617905,96.881008296
avx512_add,1200,0xAA,52,1.018995442,0.002124488,105.703648000,7.036542000,98.667106000,103.733190209,96.827818791
avx512_add,1200,0xAA,53,1.018896070,0.002630473,105.894016000,7.045331000,98.848685000,103.930144696,97.015473802
avx512_add,1200,0xAA,54,1.019600901,0.002528079,106.178073000,7.048810000,99.129263000,104.136896007,97.223592976
avx512_add,1200,0xAA,55,1.019756598,0.002193565,105.849522000,7.044476000,98.805046000,103.798810669,96.890813195
avx512_add,1200,0xAA,56,1.020094873,0.001810170,105.760532000,7.036542000,98.723990000,103.677152807,96.779223813
avx512_add,1200,0xAA,57,1.019688985,0.001915673,105.811680000,7.061139000,98.750541000,103.768581896,96.843785119
avx512_add,1200,0xAA,58,1.019537191,0.002603438,106.114658000,7.066083000,99.048575000,104.081203649,97.150526609
avx512_add,1200,0xAA,59,1.018978865,0.001619230,105.902073000,7.070843000,98.831230000,103.929607044,96.990461156
avx512_add,1200,0xAA,60,1.019446164,0.001819068,105.793491000,7.055463000,98.738028000,103.775456484,96.854578019
avx512_add,1200,0xAA,61,1.019693525,0.001768864,106.074130000,7.068952000,99.005178000,104.025501221,97.093073164
avx512_add,1200,0xAA,62,1.019608477,0.002608704,106.318331000,7.056134000,99.262197000,104.273682884,97.353248071
avx512_add,1200,0xAA,63,1.019425907,0.002302068,105.899204000,7.033368000,98.865836000,103.881217115,96.981875093
avx512_add,1200,0xAA,64,1.019162494,0.002144894,105.928135000,7.026289000,98.901846000,103.936453351,97.042274020
avx512_add,1200,0xAA,65,1.019453504,0.002662806,106.365572000,7.071148000,99.294424000,104.335873683,97.399659355
avx512_add,1200,0xAA,66,1.019969512,0.002056734,105.934605000,7.004133000,98.930472000,103.860560288,96.993557973
avx512_add,1200,0xAA,67,1.019603341,0.001496988,105.764500000,7.057599000,98.706901000,103.731025334,96.809118828
avx512_add,1200,0xAA,68,1.019428568,0.001959342,105.849460000,7.037030000,98.812430000,103.832150009,96.929233787
avx512_add,1200,0xAA,69,1.021124749,0.003983819,107.065277000,7.148725000,99.916552000,104.850339854,97.849505720
avx512_add,1200,0xAA,70,1.019410456,0.002162412,105.827915000,7.043134000,98.784781000,103.812860004,96.903833365
avx512_add,1200,0xAA,71,1.020428212,0.001639971,105.858555000,7.046124000,98.812431000,103.739345691,96.834279837
avx512_add,1200,0xAA,72,1.020161767,0.001624717,105.758763000,7.050824000,98.707939000,103.668620412,96.757143990
avx512_add,1200,0xAA,73,1.020445744,0.002202540,106.211215000,7.074811000,99.136404000,104.083157431,97.150097988
avx512_add,1200,0xAA,74,1.019893000,0.002410017,105.712437000,7.027264000,98.685173000,103.650517307,96.760319999
avx512_add,1200,0xAA,75,1.020249314,0.001827737,105.855442000,7.047528000,98.807914000,103.754484810,96.846832043
avx512_add,1200,0xAA,76,1.019182499,0.002419393,105.784398000,7.032758000,98.751640000,103.793381555,96.892990303
avx512_add,1200,0xAA,77,1.020179805,0.002317867,106.149386000,7.056440000,99.092946000,104.049683662,97.132824531
avx512_add,1200,0xAA,78,1.020449056,0.001392223,105.828159000,7.030683000,98.797476000,103.707439742,96.817646511
avx512_add,1200,0xAA,79,1.020121383,0.001334003,105.905795000,7.057599000,98.848196000,103.816856255,96.898464859
avx512_add,1200,0xAA,80,1.019852120,0.001897740,106.014621000,7.056683000,98.957938000,103.950973743,97.031653914
avx512_add,1200,0xAA,81,1.020411081,0.002293493,106.271579000,7.068707000,99.202872000,104.145849606,97.218536555
avx512_add,1200,0xAA,82,1.020070842,0.001774366,105.645420000,7.020612000,98.624808000,103.566748179,96.684273245
avx512_add,1200,0xAA,83,1.020151885,0.001739976,105.857334000,7.049787000,98.807547000,103.766248537,96.855721677
avx512_add,1200,0xAA,84,1.020093480,0.002144273,105.767613000,7.050152000,98.717461000,103.684235924,96.772955594
avx512_add,1200,0xAA,85,1.019889580,0.002127284,106.231234000,7.065351000,99.165883000,104.159544365,97.231979719
avx512_add,1200,0xAA,86,1.019493834,0.001823653,105.768772000,7.022076000,98.746696000,103.746357699,96.858551452
avx512_add,1200,0xAA,87,1.019615132,0.001690398,105.878818000,7.017438000,98.861380000,103.841944572,96.959506502
avx512_add,1200,0xAA,88,1.019405782,0.002045605,105.864780000,7.033002000,98.831778000,103.849499257,96.950380060
avx512_add,1200,0xAA,89,1.019985612,0.002423871,106.247042000,7.082563000,99.164479000,104.165235962,97.221448801
avx512_add,1200,0xAA,90,1.019799532,0.002187835,105.872226000,7.044537000,98.827689000,103.816703861,96.908937403
avx512_add,1200,0xAA,91,1.019482942,0.001912182,105.732273000,7.038251000,98.694022000,103.711664678,96.807918954
avx512_add,1200,0xAA,92,1.019851431,0.001919682,105.854588000,7.038190000,98.816398000,103.794126057,96.892934584
avx512_add,1200,0xAA,93,1.019692712,0.003025950,106.363009000,7.094586000,99.268423000,104.308884207,97.351311677
avx512_add,1200,0xAA,94,1.018740074,0.002342645,105.812961000,7.032269000,98.780692000,103.866495168,96.963587177
avx512_add,1200,0xAA,95,1.019921055,0.001745071,105.818333000,7.031781000,98.786552000,103.751493771,96.857057222
avx512_add,1200,0xAA,96,1.019278110,0.002092214,105.779088000,7.021283000,98.757805000,103.778435857,96.889949851
avx512_add,1200,0xAA,97,1.019296526,0.002425205,106.204074000,7.055341000,99.148733000,104.193501355,97.271726565
avx512_add,1200,0xAA,98,1.020066707,0.001736533,105.881259000,7.016279000,98.864980000,103.798367611,96.920112537
avx512_add,1200,0xAA,99,1.020246001,0.001838380,105.920139000,7.043195000,98.876944000,103.818234894,96.914806709
avx512_add,1400,0x00,0,0.874501912,0.001575006,93.917362000,6.052353000,87.865009000,107.395262073,100.474347530
avx512_add,1400,0x00,1,0.873790792,0.001737983,93.952396000,6.039230000,87.913166000,107.522758099,100.611229559
avx512_add,1400,0x00,2,0.873966716,0.001605923,93.926517000,6.050217000,87.876300000,107.471503491,100.548794780
avx512_add,1400,0x00,3,0.874250843,0.001872340,94.034732000,6.074752000,87.959980000,107.560356103,100.611833206
avx512_add,1400,0x00,4,0.874521663,0.001136211,93.940190000,6.071274000,87.868916000,107.418939903,100.476545844
avx512_add,1400,0x00,5,0.874645384,0.001204372,94.000492000,6.044662000,87.955830000,107.472689759,100.561703763
avx512_add,1400,0x00,6,0.873832833,0.001721063,94.020451000,6.031662000,87.988789000,107.595466194,100.692930864
avx512_add,1400,0x00,7,0.873514804,0.001581767,93.909305000,6.044479000,87.864826000,107.507399541,100.587678232
avx512_add,1400,0x00,8,0.873553240,0.001705246,93.927005000,6.055710000,87.871295000,107.522931225,100.590657702
avx512_add,1400,0x00,9,0.873884470,0.001806555,93.878483000,6.038559000,87.839924000,107.426652232,100.516632418
avx512_add,1400,0x00,10,0.873894793,0.001356175,93.822514000,6.052536000,87.769978000,107.361337721,100.435405619
avx512_add,1400,0x00,11,0.874081931,0.001883744,93.859135000,6.044663000,87.814472000,107.380248515,100.464806399
avx512_add,1400,0x00,12,0.874626829,0.001380357,93.921207000,6.047836000,87.873371000,107.384319721,100.469558131
avx512_add,1400,0x00,13,0.875964890,0.006538456,96.606015000,6.264572000,90.341443000,110.285259278,103.133634741
avx512_add,1400,0x00,14,0.874577323,0.001425861,94.080448000,6.051071000,88.029377000,107.572475925,100.653623992
avx512_add,1400,0x00,15,0.874298058,0.001263016,93.810428000,6.040817000,87.769611000,107.297994241,100.388660583
avx512_add,1400,0x00,16,0.874110010,0.001191785,93.946048000,6.038802000,87.907246000,107.476229477,100.567714608
avx512_add,1400,0x00,17,0.873825614,0.001920793,94.082706000,6.052230000,88.030476000,107.667599242,100.741469012
avx512_add,1400,0x00,18,0.874753878,0.001194596,94.082095000,6.029160000,88.052935000,107.552646896,100.660239615
avx512_add,1400,0x00,19,0.874457453,0.001534839,94.004765000,6.031112000,87.973653000,107.500673308,100.603697386
avx512_add,1400,0x00,20,0.873513443,0.001601504,93.854435000,6.020248000,87.834187000,107.444751681,100.552759295
avx512_add,1400,0x00,21,0.874349389,0.001446485,93.911075000,6.046311000,87.864764000,107.406805727,100.491594172
avx512_add,1400,0x00,22,0.874702646,0.001382816,94.151309000,6.066879000,88.084430000,107.638074981,100.702141921
avx512_add,1400,0x00,23,0.873869682,0.001700604,94.021732000,6.037643000,87.984089000,107.592395048,100.683306511
avx512_add,1400,0x00,24,0.874275528,0.001402635,93.963383000,6.032333000,87.931050000,107.475709912,100.575902233
avx512_add,1400,0x00,25,0.874230736,0.001396415,93.870854000,6.048142000,87.822712000,107.375376017,100.457131495
avx512_add,1400,0x00,26,0.874009371,0.001708463,94.028385000,6.064133000,87.964252000,107.582811009,100.644518126
avx512_add,1400,0x00,27,0.874549488,0.001659474,93.859013000,6.036544000,87.822469000,107.322700733,100.420239430
avx512_add,1400,0x00,28,0.874358108,0.001352101,93.657353000,6.034591000,87.622762000,107.115553896,100.213815412
avx512_add,1400,0x00,29,0.874545847,0.001474328,93.923954000,6.036300000,87.887654000,107.397404439,100.495193397
avx512_add,1400,0x00,30,0.874680115,0.000920763,93.956485000,6.053940000,87.902545000,107.418110272,100.496791382
avx512_add,1400,0x00,31,0.874886387,0.001464167,94.254397000,6.064498000,88.189899000,107.733299371,100.801544468
avx512_add,1400,0x00,32,0.874521485,0.001173853,93.993839000,6.048996000,87.944843000,107.480308555,100.563387580
avx512_add,1400,0x00,33,0.874728437,0.001202602,93.808719000,6.041305000,87.767414000,107.243248284,100.336756233
avx512_add,1400,0x00,34,0.874159815,0.001133206,93.870365000,6.035629000,87.834736000,107.383527999,100.479036515
avx512_add,1400,0x00,35,0.874153289,0.001661021,94.044742000,6.072738000,87.972004000,107.583810694,100.636816301
avx512_add,1400,0x00,36,0.874366907,0.001665874,93.877384000,6.045944000,87.831440000,107.366122046,100.451468764
avx512_add,1400,0x00,37,0.873939493,0.001450290,93.885685000,6.049972000,87.835713000,107.428129489,100.505485473
avx512_add,1400,0x00,38,0.873350717,0.001616445,94.019901000,6.043808000,87.976093000,107.654232311,100.733979220
avx512_add,1400,0x00,39,0.873711426,0.001547998,93.982608000,6.063034000,87.919574000,107.567104199,100.627703134
avx512_add,1400,0x00,40,0.873839409,0.001739893,94.077335000,6.070664000,88.006671000,107.659753114,100.712636814
avx512_add,1400,0x00,41,0.874066569,0.001656603,94.049686000,6.049790000,87.999896000,107.600140892,100.678711549
avx512_add,1400,0x00,42,0.873734696,0.001559523,94.169437000,6.049911000,88.119526000,107.778067504,100.853870685
avx512_add,1400,0x00,43,0.874164094,0.001445476,94.158573000,6.036423000,88.122150000,107.712697932,100.807331947
avx512_add,1400,0x00,44,0.873199026,0.002330178,94.175723000,6.053878000,88.121845000,107.851383441,100.918395865
avx512_add,1400,0x00,45,0.873692294,0.001530081,93.745366000,6.028366000,87.717000000,107.297920157,100.398047008
avx512_add,1400,0x00,46,0.873267652,0.001698630,93.996158000,6.041549000,87.954609000,107.637283638,100.718959132
avx512_add,1400,0x00,47,0.873666506,0.001522567,93.943119000,6.036362000,87.906757000,107.527435703,100.618206653
avx512_add,1400,0x00,48,0.874526620,0.001037758,94.076541000,6.038986000,88.037555000,107.574245121,100.668810957
avx512_add,1400,0x00,49,0.873959404,0.001911210,93.826481000,6.054550000,87.771931000,107.357939693,100.430215165
avx512_add,1400,0x00,50,0.874477639,0.001375640,93.691106000,6.042465000,87.648641000,107.139510261,100.229710938
avx512_add,1400,0x00,51,0.874478707,0.001370656,93.956608000,6.032333000,87.924275000,107.442991229,100.544786670
avx512_add,1400,0x00,52,0.874587034,0.001193822,93.922366000,6.027939000,87.894427000,107.390531024,100.498204970
avx512_add,1400,0x00,53,0.874757180,0.001413478,93.858403000,6.053695000,87.804708000,107.296521933,100.376092887
avx512_add,1400,0x00,54,0.874909616,0.001151272,93.797611000,6.030685000,87.766926000,107.208343859,100.315420422
avx512_add,1400,0x00,55,0.874764090,0.001227890,93.970401000,6.031967000,87.938434000,107.423706628,100.528170944
avx512_add,1400,0x00,56,0.874346540,0.001556634,94.019107000,6.039413000,87.979694000,107.530713192,100.623368420
avx512_add,1400,0x00,57,0.874255872,0.001272253,93.821720000,6.017136000,87.804584000,107.316087853,100.433507832
avx512_add,1400,0x00,58,0.874303917,0.001750238,94.073672000,6.063155000,88.010517000,107.598365003,100.663528179
avx512_add,1400,0x00,59,0.873527500,0.001645946,93.875309000,6.041549000,87.833760000,107.466918945,100.550652425
avx512_add,1400,0x00,60,0.873688319,0.001673759,93.874150000,6.052231000,87.821919000,107.445811044,100.518591267
avx512_add,1400,0x00,61,0.874136744,0.001417932,93.875675000,6.036972000,87.838703000,107.392436800,100.486226709
avx512_add,1400,0x00,62,0.874539694,0.001063456,93.910831000,6.034897000,87.875934000,107.383154460,100.482499128
avx512_add,1400,0x00,63,0.874522094,0.001468575,94.362246000,6.065170000,88.297076000,107.901500327,100.966089498
avx512_add,1400,0x00,64,0.874513533,0.001506450,93.935673000,6.042160000,87.893513000,107.414773433,100.505606482
avx512_add,1400,0x00,65,0.874341249,0.001195514,93.751957000,6.030563000,87.721394000,107.225819548,100.328554886
avx512_add,1400,0x00,66,0.874611184,0.001137833,93.903324000,6.023666000,87.879658000,107.365793732,100.478543593
avx512_add,1400,0x00,67,0.874667958,0.001320454,94.221378000,6.054855000,88.166523000,107.722452969,100.799991774
avx512_add,1400,0x00,68,0.874760334,0.001028066,93.892582000,6.024216000,87.868366000,107.335207530,100.448502949
avx512_add,1400,0x00,69,0.874834632,0.001253910,94.000491000,6.041854000,87.958637000,107.449439616,100.543158387
avx512_add,1400,0x00,70,0.874857007,0.000934597,93.880436000,6.022446000,87.857990000,107.309463374,100.425542975
avx512_add,1400,0x00,71,0.875279452,0.000937850,94.019962000,6.056625000,87.963337000,107.417078890,100.497431705
avx512_add,1400,0x00,72,0.875035490,0.001462303,94.387393000,6.065475000,88.321918000,107.866931243,100.935240961
avx512_add,1400,0x00,73,0.874069851,0.001502729,94.138064000,6.041855000,88.096209000,107.700847808,100.788522674
avx512_add,1400,0x00,74,0.873875909,0.001349358,93.934818000,6.040268000,87.894550000,107.492170247,100.580127087
avx512_add,1400,0x00,75,0.873728732,0.001745671,94.088626000,6.053818000,88.034808000,107.686313375,100.757597652
avx512_add,1400,0x00,76,0.873920873,0.001915953,94.095950000,6.046737000,88.049213000,107.671017959,100.751928156
avx512_add,1400,0x00,77,0.873950335,0.001555240,93.958682000,6.041732000,87.916950000,107.510322109,100.597192427
avx512_add,1400,0x00,78,0.874033192,0.001321402,93.934390000,6.036117000,87.898273000,107.472337306,100.566287218
avx512_add,1400,0x00,79,0.874173043,0.001458333,93.890690000,6.031845000,87.858845000,107.405153654,100.505095309
avx512_add,1400,0x00,80,0.873956444,0.001290689,94.115603000,6.016769000,88.098834000,107.689122962,100.804604816
avx512_add,1400,0x00,81,0.873866362,0.001856440,94.313906000,6.059189000,88.254717000,107.927150061,100.993379335
avx512_add,1400,0x00,82,0.873750339,0.001343243,93.977054000,6.036911000,87.940143000,107.555957117,100.646762659
avx512_add,1400,0x00,83,0.873372472,0.001962461,93.893253000,6.032516000,87.860737000,107.506540436,100.599388915
avx512_add,1400,0x00,84,0.873978952,0.001504578,94.059757000,6.039291000,88.020466000,107.622451015,100.712340671
avx512_add,1400,0x00,85,0.874140083,0.001767846,94.271304000,6.025742000,88.245562000,107.844618771,100.951281974
avx512_add,1400,0x00,86,0.873963444,0.001457546,93.900211000,6.023911000,87.876300000,107.441806271,100.549171295
avx512_add,1400,0x00,87,0.874022693,0.001604470,93.892704000,6.035812000,87.856892000,107.425933848,100.520149767
avx512_add,1400,0x00,88,0.874304677,0.001287801,93.905583000,6.026779000,87.878804000,107.406017047,100.512791881
avx512_add,1400,0x00,89,0.874471580,0.001418758,94.184634000,6.037460000,88.147174000,107.704625430,100.800501687
avx512_add,1400,0x00,90,0.874494527,0.001576238,94.173892000,6.052109000,88.121783000,107.689515596,100.768821625
avx512_add,1400,0x00,91,0.874934801,0.001023165,93.958378000,6.037582000,87.920796000,107.389005347,100.488397445
avx512_add,1400,0x00,92,0.875033005,0.001122584,93.995365000,6.038376000,87.956989000,107.419222424,100.518481578
avx512_add,1400,0x00,93,0.874605140,0.001136774,94.076664000,6.047104000,88.029560000,107.564728049,100.650631932
avx512_add,1400,0x00,94,0.874917073,0.001380782,94.012149000,6.032334000,87.979815000,107.452639659,100.557890220
avx512_add,1400,0x00,95,0.874504991,0.001288412,93.741154000,6.022934000,87.718220000,107.193389393,100.306139962
avx512_add,1400,0x00,96,0.873656211,0.001722006,93.942081000,6.039657000,87.902424000,107.527514575,100.614432608
avx512_add,1400,0x00,97,0.873676847,0.001887781,94.031558000,6.027756000,88.003802000,107.627389102,100.728092162
avx512_add,1400,0x00,98,0.874241678,0.001328429,93.888493000,6.043136000,87.845357000,107.394208486,100.481776656
avx512_add,1400,0x00,99,0.874415464,0.002195960,94.375063000,6.059188000,88.315875000,107.929316134,100.999900710
avx512_add,1400,0xAA,0,0.874449919,0.001325123,94.072513000,6.049728000,88.022785000,107.579074555,100.660750394
avx512_add,1400,0xAA,1,0.874702763,0.001462943,94.327578000,6.056870000,88.270708000,107.839579281,100.915089896
avx512_add,1400,0xAA,2,0.874884666,0.001042051,94.064090000,6.050034000,88.014056000,107.515988847,100.600752777
avx512_add,1400,0xAA,3,0.874762677,0.001348410,94.094424000,6.057906000,88.036518000,107.565659157,100.640459721
avx512_add,1400,0xAA,4,0.874663605,0.001405046,94.045658000,6.057296000,87.988362000,107.522089056,100.596802617
avx512_add,1400,0xAA,5,0.874781422,0.001546372,94.342227000,6.076400000,88.265827000,107.846628453,100.900436128
avx512_add,1400,0xAA,6,0.874980589,0.001147899,94.036258000,6.056869000,87.979389000,107.472393258,100.550103697
avx512_add,1400,0xAA,7,0.874659159,0.001336813,94.043400000,6.055222000,87.988178000,107.520053957,100.597103530
avx512_add,1400,0xAA,8,0.874775425,0.000989024,93.971439000,6.048446000,87.922993000,107.423501343,100.509217025
avx512_add,1400,0xAA,9,0.875032148,0.001469880,94.180239000,6.044357000,88.135882000,107.630604469,100.723021685
avx512_add,1400,0xAA,10,0.874753622,0.001539599,94.273135000,6.062973000,88.210162000,107.771071281,100.840007672
avx512_add,1400,0xAA,11,0.874843957,0.001284274,94.146731000,6.039719000,88.107012000,107.615455539,100.711688359
avx512_add,1400,0xAA,12,0.874682258,0.001344615,94.022647000,6.018783000,88.003864000,107.493488167,100.612380265
avx512_add,1400,0xAA,13,0.874954267,0.001150011,94.118960000,6.044113000,88.074847000,107.570148046,100.662229278
avx512_add,1400,0xAA,14,0.874868296,0.001392346,94.153018000,6.063584000,88.089434000,107.619647903,100.688794395
avx512_add,1400,0xAA,15,0.874964600,0.000833973,94.040774000,6.032333000,88.008441000,107.479518604,100.585144820
avx512_add,1400,0xAA,16,0.874915867,0.001020492,93.984134000,6.027755000,87.956379000,107.420767570,100.531242272
avx512_add,1400,0xAA,17,0.873750405,0.001639323,93.875614000,6.040695000,87.834919000,107.439851826,100.526327130
avx512_add,1400,0xAA,18,0.874478324,0.001148230,93.815373000,6.041184000,87.774189000,107.281530514,100.373201475
avx512_add,1400,0xAA,19,0.875045380,0.001438154,94.318057000,6.070236000,88.247821000,107.786474998,100.849422203
avx512_add,1400,0xAA,20,0.875019626,0.000962687,93.868596000,6.030014000,87.838582000,107.275989254,100.384699253
avx512_add,1400,0xAA,21,0.874602822,0.001505592,94.001468000,6.047531000,87.953937000,107.479035843,100.564433178
avx512_add,1400,0xAA,22,0.874610494,0.001534331,93.895451000,6.041183000,87.854268000,107.356876771,100.449592851
avx512_add,1400,0xAA,23,0.874543678,0.001154106,93.965458000,6.037521000,87.927937000,107.445128715,100.541504397
avx512_add,1400,0xAA,24,0.874821840,0.001565123,94.250186000,6.037094000,88.213092000,107.736434664,100.835493553
avx512_add,1400,0xAA,25,0.874383123,0.001340172,94.079044000,6.063767000,88.015277000,107.594761969,100.659853414
avx512_add,1400,0xAA,26,0.874827181,0.001217324,93.924625000,6.035263000,87.889362000,107.363633709,100.464827713
avx512_add,1400,0xAA,27,0.874445398,0.001404530,94.009342000,6.029037000,87.980305000,107.507389510,100.612691437
avx512_add,1400,0xAA,28,0.874915309,0.001600338,94.297488000,6.058700000,88.238788000,107.778989559,100.854090732
avx512_add,1400,0xAA,29,0.874926954,0.001248590,93.968815000,6.036972000,87.931843000,107.401897422,100.501924836
avx512_add,1400,0xAA,30,0.874817277,0.000993340,93.998599000,6.030685000,87.967914000,107.449408555,100.555757551
avx512_add,1400,0xAA,31,0.874688117,0.001382126,94.039127000,6.037216000,88.001911000,107.511609148,100.609473541
avx512_add,1400,0xAA,32,0.873638763,0.001777286,93.982852000,6.036239000,87.946613000,107.576330154,100.667022491
avx512_add,1400,0xAA,33,0.874385973,0.001825864,94.053165000,6.057541000,87.995624000,107.564814523,100.637048997
avx512_add,1400,0xAA,34,0.874261493,0.001626914,94.053043000,6.047592000,88.005451000,107.579990364,100.662618333
avx512_add,1400,0xAA,35,0.874808351,0.001047329,93.987980000,6.024460000,87.963520000,107.438366270,100.551760769
avx512_add,1400,0xAA,36,0.874961007,0.004344062,95.632323000,6.168198000,89.464125000,109.298954200,102.249270897
avx512_add,1400,0xAA,37,0.874635945,0.001795971,94.370730000,6.055465000,88.315265000,107.897154900,100.973742894
avx512_add,1400,0xAA,38,0.873694601,0.001587619,94.007450000,6.026352000,87.981098000,107.597608905,100.700059130
avx512_add,1400,0xAA,39,0.873798083,0.001664038,94.017521000,6.053391000,87.964130000,107.596391927,100.668714792
avx512_add,1400,0xAA,40,0.874000665,0.001611509,94.036563000,6.033920000,88.002643000,107.593239650,100.689446276
avx512_add,1400,0xAA,41,0.874479048,0.001360930,94.030704000,6.036911000,87.993793000,107.527680860,100.624243879
avx512_add,1400,0xAA,42,0.874745614,0.001609749,94.326846000,6.062973000,88.263873000,107.833459824,100.902332757
avx512_add,1400,0xAA,43,0.874582133,0.001304165,94.056461000,6.039536000,88.016925000,107.544457493,100.638832768
avx512_add,1400,0xAA,44,0.873595232,0.001543148,94.066227000,6.039474000,88.026753000,107.677129619,100.763774577
avx512_add,1400,0xAA,45,0.873551631,0.001404381,94.063846000,6.059433000,88.004413000,107.679778324,100.743230118
avx512_add,1400,0xAA,46,0.874677207,0.001696020,94.357059000,6.078841000,88.278218000,107.876435205,100.926624516
avx512_add,1400,0xAA,47,0.874192118,0.001581344,93.978214000,6.038498000,87.939716000,107.502929918,100.595411679
avx512_add,1400,0xAA,48,0.874784321,0.001442370,94.112247000,6.047958000,88.064289000,107.583371984,100.669715834
avx512_add,1400,0xAA,49,0.874423673,0.001134922,94.044254000,6.042587000,88.001667000,107.549986294,100.639620999
avx512_add,1400,0xAA,50,0.873911272,0.001532678,94.024906000,6.047836000,87.977070000,107.590906529,100.670483149
avx512_add,1400,0xAA,51,0.873942839,0.002055104,94.132999000,6.054001000,88.078998000,107.710704631,100.783476980
avx512_add,1400,0xAA,52,0.874370572,0.001654175,94.053531000,6.025009000,88.028522000,107.567127741,100.676446383
avx512_add,1400,0xAA,53,0.874544014,0.001520300,94.028873000,6.045944000,87.982929000,107.517599495,100.604346525
avx512_add,1400,0xAA,54,0.873582732,0.002022472,93.862491000,6.063522000,87.798969000,107.445451411,100.504469433
avx512_add,1400,0xAA,55,0.874654685,0.001506666,94.113163000,6.061813000,88.051350000,107.600364550,100.669843167
avx512_add,1400,0xAA,56,0.874804111,0.001300913,94.094302000,6.057174000,88.037128000,107.560425073,100.636390393
avx512_add,1400,0xAA,57,0.874686243,0.001040456,94.186344000,6.036972000,88.149372000,107.680147939,100.778276495
avx512_add,1400,0xAA,58,0.875074688,0.001054736,94.052799000,6.029953000,88.022846000,107.479738953,100.588952276
avx512_add,1400,0xAA,59,0.874992456,0.001118605,94.111331000,6.050949000,88.060382000,107.556734154,100.641304247
avx512_add,1400,0xAA,60,0.875098017,0.001453520,94.564394000,6.068893000,88.495501000,108.061488139,101.126387292
avx512_add,1400,0xAA,61,0.874910941,0.001200227,94.219668000,6.035751000,88.183917000,107.690581495,100.791878190
avx512_add,1400,0xAA,62,0.875102225,0.001091177,94.084903000,6.038376000,88.046527000,107.513042851,100.612847847
avx512_add,1400,0xAA,63,0.874872279,0.001122579,93.989994000,6.027817000,87.962177000,107.432817583,100.542878169
avx512_add,1400,0xAA,64,0.875063685,0.001548348,94.302493000,6.045577000,88.256916000,107.766434143,100.857706125
avx512_add,1400,0xAA,65,0.874859205,0.001277272,94.177981000,6.042282000,88.135699000,107.649299937,100.742723469
avx512_add,1400,0xAA,66,0.874761371,0.001528578,94.315066000,6.054672000,88.260394000,107.818050882,100.896538111
avx512_add,1400,0xAA,67,0.874546426,0.001485472,94.138675000,6.035446000,88.103229000,107.642856045,100.741626078
avx512_add,1400,0xAA,68,0.874844725,0.001189457,94.112796000,6.049362000,88.063434000,107.576571369,100.661787721
avx512_add,1400,0xAA,69,0.874363273,0.001959614,94.497622000,6.091842000,88.405780000,108.075927811,101.108752740
avx512_add,1400,0xAA,70,0.874603698,0.001249708,94.159855000,6.042526000,88.117329000,107.660023813,100.751150674
avx512_add,1400,0xAA,71,0.874486971,0.001337026,94.160953000,6.049789000,88.111164000,107.675649987,100.757549202
avx512_add,1400,0xAA,72,0.874555007,0.001218113,93.998905000,6.053940000,87.944965000,107.481981431,100.559672425
avx512_add,1400,0xAA,73,0.874383592,0.001001280,94.033573000,6.046798000,87.986775000,107.542700730,100.627202712
avx512_add,1400,0xAA,74,0.874563152,0.001854997,94.357059000,6.073471000,88.283588000,107.890503768,100.945926937
avx512_add,1400,0xAA,75,0.874715548,0.001543939,94.112430000,6.035202000,88.077228000,107.592039734,100.692423037
avx512_add,1400,0xAA,76,0.874388894,0.001268986,93.791752000,6.028732000,87.763020000,107.265488720,100.370693916
avx512_add,1400,0xAA,77,0.874429298,0.001289337,94.166751000,6.047225000,88.119526000,107.689382325,100.773757456
avx512_add,1400,0xAA,78,0.875042270,0.001413768,94.366397000,6.065170000,88.301227000,107.842101217,100.910813196
avx512_add,1400,0xAA,79,0.874946004,0.001042517,94.048099000,6.046371000,88.001728000,107.490174959,100.579610221
avx512_add,1400,0xAA,80,0.875118503,0.001007358,94.102115000,6.044663000,88.057452000,107.530711134,100.623460314
avx512_add,1400,0xAA,81,0.874848123,0.001275674,94.124515000,6.049239000,88.075276000,107.589549043,100.674932845
avx512_add,1400,0xAA,82,0.874076710,0.001515925,94.075260000,6.041428000,88.033832000,107.628150821,100.716368446
avx512_add,1400,0xAA,83,0.874999230,0.001588440,94.164859000,6.052170000,88.112689000,107.617076439,100.700304637
avx512_add,1400,0xAA,84,0.874981072,0.001202664,94.114261000,6.031600000,88.082661000,107.561482216,100.668075954
avx512_add,1400,0xAA,85,0.875215978,0.000946129,94.149845000,6.027756000,88.122089000,107.573270288,100.686106263
avx512_add,1400,0xAA,86,0.874429088,0.001069277,93.967045000,6.027023000,87.940022000,107.461023749,100.568500293
avx512_add,1400,0xAA,87,0.874519899,0.001564384,94.140506000,6.056869000,88.083637000,107.648214923,100.722278750
avx512_add,1400,0xAA,88,0.874316699,0.001362126,93.919499000,6.039414000,87.880085000,107.420456521,100.512874859
avx512_add,1400,0xAA,89,0.875031160,0.001081914,94.080814000,6.050156000,88.030658000,107.517101474,100.602883698
avx512_add,1400,0xAA,90,0.875337175,0.001045878,93.965031000,6.051987000,87.913044000,107.347241356,100.433349004
avx512_add,1400,0xAA,91,0.875409744,0.000990265,93.977116000,6.054489000,87.922627000,107.352147492,100.435970195
avx512_add,1400,0xAA,92,0.875132438,0.001974383,94.568118000,6.082931000,88.485187000,108.061493264,101.110624185
avx512_add,1400,0xAA,93,0.875293600,0.001129671,94.032658000,6.038803000,87.993855000,107.429847561,100.530673385
avx512_add,1400,0xAA,94,0.875029899,0.000829560,94.066227000,6.030075000,88.036152000,107.500586155,100.609307343
avx512_add,1400,0xAA,95,0.875436034,0.001865403,94.459903000,6.092880000,88.367023000,107.900405381,100.940582207
avx512_add,1400,0xAA,96,0.874619746,0.001651271,94.384768000,6.078597000,88.306171000,107.915203683,100.965215382
avx512_add,1400,0xAA,97,0.874444867,0.001099899,93.923282000,6.060104000,87.863178000,107.409038107,100.478808162
avx512_add,1400,0xAA,98,0.874374168,0.001136124,94.144657000,6.046249000,88.098408000,107.670903830,100.755959155
avx512_add,1400,0xAA,99,0.874911351,0.001100018,93.790775000,6.023117000,87.767658000,107.200318001,100.316058246
avx512_add,1600,0x00,0,0.765421692,0.001063985,82.929170000,5.292345000,77.636825000,108.344420987,101.430134317
avx512_add,1600,0x00,1,0.765416115,0.000972057,82.451876000,5.261217000,77.190659000,107.721635837,100.847966865
avx512_add,1600,0x00,2,0.765534432,0.000983447,82.228794000,5.241503000,76.987291000,107.413580100,100.566725428
avx512_add,1600,0x00,3,0.765568900,0.000731908,82.392367000,5.276659000,77.115708000,107.622405995,100.729938187
avx512_add,1600,0x00,4,0.765646762,0.000856551,82.428500000,5.272142000,77.156358000,107.658654244,100.772786944
avx512_add,1600,0x00,5,0.765806008,0.000632130,82.236789000,5.250047000,76.986742000,107.385928233,100.530344774
avx512_add,1600,0x00,6,0.765724122,0.000990300,82.446811000,5.273180000,77.173631000,107.671690888,100.785163682
avx512_add,1600,0x00,7,0.765676097,0.000960170,82.254978000,5.234301000,77.020677000,107.427903647,100.591721848
avx512_add,1600,0x00,8,0.765764255,0.000821622,82.366427000,5.263048000,77.103379000,107.561075634,100.688140573
avx512_add,1600,0x00,9,0.765553666,0.000856148,82.252719000,5.238145000,77.014574000,107.442133260,100.599836981
avx512_add,1600,0x00,10,0.765593398,0.000928872,82.311740000,5.271899000,77.039841000,107.513649226,100.627619361
avx512_add,1600,0x00,11,0.765443628,0.000978869,82.212070000,5.284837000,76.927233000,107.404473649,100.500193823
avx512_add,1600,0x00,12,0.765887253,0.000658310,82.269077000,5.293138000,76.975939000,107.416694369,100.505575301
avx512_add,1600,0x00,13,0.765908496,0.000928185,82.530001000,5.299608000,77.230393000,107.754387703,100.835012831
avx512_add,1600,0x00,14,0.765286393,0.001039831,82.352207000,5.293627000,77.058580000,107.609658025,100.692473752
avx512_add,1600,0x00,15,0.765897987,0.000811573,82.323336000,5.297411000,77.025925000,107.486032616,100.569431332
avx512_add,1600,0x00,16,0.765612130,0.000975869,82.297640000,5.291674000,77.005966000,107.492602046,100.580911657
avx512_add,1600,0x00,17,0.765819692,0.000947194,82.252720000,5.279345000,76.973375000,107.404811956,100.511093949
avx512_add,1600,0x00,18,0.765784068,0.000781133,82.328158000,5.274889000,77.053269000,107.508319163,100.620099337
avx512_add,1600,0x00,19,0.765453595,0.000777271,82.321567000,5.256456000,77.065111000,107.546123711,100.679011144
avx512_add,1600,0x00,20,0.765860885,0.000744569,82.374179000,5.255113000,77.119066000,107.557626459,100.695919454
avx512_add,1600,0x00,21,0.765913329,0.000709305,82.630648000,5.277636000,77.353012000,107.885115539,100.994471651
avx512_add,1600,0x00,22,0.765912940,0.001649630,82.829744000,5.319567000,77.510177000,108.145116367,101.199722545
avx512_add,1600,0x00,23,0.765832082,0.000797355,82.358676000,5.275072000,77.083604000,107.541428423,100.653401497
avx512_add,1600,0x00,24,0.765826631,0.000681038,82.313877000,5.272387000,77.041490000,107.483696242,100.599126308
avx512_add,1600,0x00,25,0.765896212,0.000855264,82.322299000,5.270006000,77.052293000,107.484927731,100.604092029
avx512_add,1600,0x00,26,0.765658841,0.000892786,82.207980000,5.277635000,76.930345000,107.368942448,100.476009566
avx512_add,1600,0x00,27,0.765096447,0.001051209,82.395602000,5.282396000,77.113206000,107.693091942,100.788869577
avx512_add,1600,0x00,28,0.764668685,0.001351204,82.220493000,5.267016000,76.953477000,107.524336549,100.636365189
avx512_add,1600,0x00,29,0.765629320,0.000870139,82.259800000,5.284716000,76.975084000,107.440765270,100.538318008
avx512_add,1600,0x00,30,0.765624606,0.000838984,82.429110000,5.262011000,77.167099000,107.662566490,100.789732255
avx512_add,1600,0x00,31,0.765257620,0.001005786,82.441440000,5.283983000,77.157457000,107.730309174,100.825467115
avx512_add,1600,0x00,32,0.764364056,0.001673374,82.309909000,5.274767000,77.035142000,107.684170118,100.783313176
avx512_add,1600,0x00,33,0.765104057,0.000977148,82.347446000,5.270982000,77.076464000,107.629080295,100.739844836
avx512_add,1600,0x00,34,0.765491810,0.001164312,82.264499000,5.265245000,76.999254000,107.466204002,100.587952749
avx512_add,1600,0x00,35,0.765237282,0.001302750,82.255832000,5.268602000,76.987230000,107.490622703,100.605696784
avx512_add,1600,0x00,36,0.765475611,0.001003190,82.409091000,5.276720000,77.132371000,107.657369916,100.763982426
avx512_add,1600,0x00,37,0.765329857,0.000995653,82.185581000,5.260363000,76.925218000,107.385828801,100.512500978
avx512_add,1600,0x00,38,0.765567034,0.000880635,82.250400000,5.267748000,76.982652000,107.437228025,100.556383153
avx512_add,1600,0x00,39,0.765200021,0.001195256,82.553133000,5.268724000,77.284409000,107.884384148,100.998963530
avx512_add,1600,0x00,40,0.765426701,0.001103848,82.466525000,5.295091000,77.171434000,107.739284330,100.821455371
avx512_add,1600,0x00,41,0.765270994,0.001145139,82.328951000,5.253283000,77.075668000,107.581434107,100.716829226
avx512_add,1600,0x00,42,0.765270295,0.000935906,82.437655000,5.262438000,77.175217000,107.723578840,100.847004600
avx512_add,1600,0x00,43,0.765111284,0.001036668,82.227512000,5.261095000,76.966417000,107.471309951,100.595061872
avx512_add,1600,0x00,44,0.765061800,0.001213404,82.258578000,5.260729000,76.997849000,107.518867073,100.642652631
avx512_add,1600,0x00,45,0.764614252,0.001247035,82.412875000,5.272570000,77.140305000,107.783597772,100.887872267
avx512_add,1600,0x00,46,0.765216605,0.001115340,82.358615000,5.285631000,77.072984000,107.627846100,100.720480309
avx512_add,1600,0x00,47,0.765083748,0.001262675,82.239231000,5.281847000,76.957384000,107.490495336,100.586875939
avx512_add,1600,0x00,48,0.764856738,0.001355763,82.503450000,5.289842000,77.213608000,107.867847544,100.951726214
avx512_add,1600,0x00,49,0.765107202,0.001117587,82.297702000,5.283373000,77.014329000,107.563622151,100.658219895
avx512_add,1600,0x00,50,0.765359939,0.001194523,82.227511000,5.258287000,76.969224000,107.436392733,100.566047512
avx512_add,1600,0x00,51,0.764931134,0.001117824,82.591708000,5.290758000,77.300950000,107.972736838,101.056090664
avx512_add,1600,0x00,52,0.764921579,0.001227818,82.425387000,5.273790000,77.151597000,107.756650231,100.862100322
avx512_add,1600,0x00,53,0.764929639,0.001272335,82.491366000,5.276109000,77.215257000,107.841769810,100.944260897
avx512_add,1600,0x00,54,0.764791478,0.001172542,82.628694000,5.292589000,77.336105000,108.040814201,101.120510888
avx512_add,1600,0x00,55,0.765083124,0.001182299,82.375094000,5.270799000,77.104295000,107.668162327,100.778977565
avx512_add,1600,0x00,56,0.765013185,0.001212989,82.294101000,5.279955000,77.014146000,107.572134183,100.670351177
avx512_add,1600,0x00,57,0.764892525,0.001207189,82.551363000,5.280748000,77.270615000,107.925440898,101.021532404
avx512_add,1600,0x00,58,0.765045147,0.001286616,82.232150000,5.257738000,76.974412000,107.486663082,100.614208537
avx512_add,1600,0x00,59,0.764426837,0.001281301,82.286349000,5.264208000,77.022141000,107.644505683,100.758028463
avx512_add,1600,0x00,60,0.764593551,0.001172353,82.496432000,5.270067000,77.226365000,107.895798905,101.003160334
avx512_add,1600,0x00,61,0.764963432,0.001020955,82.600680000,5.285875000,77.314805000,107.979906613,101.069935789
avx512_add,1600,0x00,62,0.764518469,0.001483211,82.475680000,5.285387000,77.190293000,107.879251181,100.965896944
avx512_add,1600,0x00,63,0.764445912,0.001268245,82.481783000,5.286974000,77.194809000,107.897474152,100.981387718
avx512_add,1600,0x00,64,0.764446897,0.001271411,82.354891000,5.273912000,77.080979000,107.731343195,100.832352537
avx512_add,1600,0x00,65,0.764885426,0.001250580,82.339938000,5.291063000,77.048875000,107.650028565,100.732570319
avx512_add,1600,0x00,66,0.764954995,0.001509575,82.482333000,5.261339000,77.220994000,107.826386581,100.948414628
avx512_add,1600,0x00,67,0.764965358,0.001053454,82.354953000,5.263964000,77.090989000,107.658408445,100.777098145
avx512_add,1600,0x00,68,0.764669185,0.001428302,82.362277000,5.282152000,77.080125000,107.709684996,100.801923958
avx512_add,1600,0x00,69,0.764382807,0.001380383,82.404208000,5.273424000,77.130784000,107.804894680,100.905963998
avx512_add,1600,0x00,70,0.765004010,0.001169409,82.261264000,5.276720000,76.984544000,107.530500411,100.632863363
avx512_add,1600,0x00,71,0.764795865,0.001502236,82.455599000,5.243639000,77.211960000,107.813866137,100.957606525
avx512_add,1600,0x00,72,0.764645500,0.001478797,82.612826000,5.269335000,77.343491000,108.040688141,101.149475154
avx512_add,1600,0x00,73,0.764621424,0.001505689,82.394321000,5.277391000,77.116930000,107.758321210,100.856355302
avx512_add,1600,0x00,74,0.764647647,0.001432279,82.406954000,5.276415000,77.130539000,107.771147012,100.870694209
avx512_add,1600,0x00,75,0.764699486,0.001347997,82.545870000,5.284899000,77.260971000,107.945502071,101.034422499
avx512_add,1600,0x00,76,0.765170613,0.001054797,82.287021000,5.261034000,77.025987000,107.540749146,100.665113951
avx512_add,1600,0x00,77,0.765267563,0.001023553,82.431307000,5.276964000,77.154343000,107.715668265,100.820087880
avx512_add,1600,0x00,78,0.764980803,0.001091354,82.540133000,5.286303000,77.253830000,107.898306346,100.987932934
avx512_add,1600,0x00,79,0.765158921,0.001111501,82.347141000,5.283556000,77.063585000,107.620964449,100.715789776
avx512_add,1600,0x00,80,0.765434948,0.001074085,82.420810000,5.280199000,77.140611000,107.678399280,100.780100462
avx512_add,1600,0x00,81,0.765994750,0.000910592,82.656221000,5.278795000,77.377426000,107.907033376,101.015608854
avx512_add,1600,0x00,82,0.765689730,0.000753608,82.426180000,5.259020000,77.167160000,107.649582860,100.781239462
avx512_add,1600,0x00,83,0.765227952,0.000904721,82.269992000,5.260240000,77.009752000,107.510437672,100.636355265
avx512_add,1600,0x00,84,0.765181172,0.001151850,82.401217000,5.266222000,77.134995000,107.688505747,100.806185330
avx512_add,1600,0x00,85,0.765086660,0.001060767,82.349215000,5.280077000,77.069138000,107.633839740,100.732560091
avx512_add,1600,0x00,86,0.765469647,0.000962701,82.376376000,5.282579000,77.093797000,107.615470244,100.714374920
avx512_add,1600,0x00,87,0.765542015,0.000882815,82.503512000,5.272753000,77.230759000,107.771370363,100.883762762
avx512_add,1600,0x00,88,0.764864266,0.001346944,82.402988000,5.282213000,77.120775000,107.735439669,100.829360729
avx512_add,1600,0x00,89,0.765210541,0.001115819,82.374057000,5.262194000,77.111863000,107.648879107,100.772086748
avx512_add,1600,0x00,90,0.765291993,0.001062498,82.452670000,5.279406000,77.173264000,107.740144652,100.841593446
avx512_add,1600,0x00,91,0.765462128,0.001111494,82.393222000,5.281176000,77.112046000,107.638534947,100.739204715
avx512_add,1600,0x00,92,0.765254530,0.000930077,82.341769000,5.278917000,77.062852000,107.600498616,100.702248697
avx512_add,1600,0x00,93,0.765245348,0.001056617,82.450412000,5.284044000,77.166368000,107.743761170,100.838728667
avx512_add,1600,0x00,94,0.765552553,0.000906589,82.408419000,5.263964000,77.144455000,107.645671975,100.769639782
avx512_add,1600,0x00,95,0.765575710,0.001156554,82.353304000,5.264879000,77.088425000,107.570424314,100.693404930
avx512_add,1600,0x00,96,0.765220031,0.001547611,82.332248000,5.282884000,77.049364000,107.592907519,100.689162468
avx512_add,1600,0x00,97,0.765303009,0.001343979,82.324984000,5.266100000,77.058884000,107.571749994,100.690684671
avx512_add,1600,0x00,98,0.765390792,0.001114204,82.380710000,5.229235000,77.151475000,107.632219911,100.800108710
avx512_add,1600,0x00,99,0.765008020,0.001268672,82.456698000,5.259019000,77.197679000,107.785403388,100.910940814
avx512_add,1600,0xAA,0,0.765570568,0.000843120,83.092316000,5.293443000,77.798873000,108.536455624,101.622079314
avx512_add,1600,0xAA,1,0.765547977,0.001092417,83.108674000,5.253710000,77.854964000,108.561026271,101.698347300
avx512_add,1600,0xAA,2,0.765567696,0.000763231,82.760897000,5.275499000,77.485398000,108.103956643,101.212993207
avx512_add,1600,0xAA,3,0.765535299,0.000925198,82.530245000,5.276598000,77.253647000,107.807236393,100.914545744
avx512_add,1600,0xAA,4,0.765284314,0.000716772,82.702303000,5.265612000,77.436691000,108.067422152,101.186826397
avx512_add,1600,0xAA,5,0.765683850,0.001028867,82.530734000,5.262194000,77.268540000,107.786959376,100.914417919
avx512_add,1600,0xAA,6,0.765863312,0.000798876,82.924592000,5.256334000,77.668258000,108.275968742,101.412689199
avx512_add,1600,0xAA,7,0.765336998,0.001110256,82.900911000,5.257188000,77.643723000,108.319486932,101.450371744
avx512_add,1600,0xAA,8,0.765539342,0.001436934,83.170075000,5.294420000,77.875655000,108.642456941,101.726522371
avx512_add,1600,0xAA,9,0.765664285,0.000837044,82.521700000,5.295214000,77.226486000,107.777914738,100.862071718
avx512_add,1600,0xAA,10,0.765506413,0.001012372,82.937898000,5.278917000,77.658981000,108.343831778,101.447851662
avx512_add,1600,0xAA,11,0.765592363,0.000943468,83.018953000,5.269701000,77.749252000,108.437540650,101.554372461
avx512_add,1600,0xAA,12,0.765446387,0.000942358,82.564303000,5.294603000,77.269700000,107.864253313,100.947239804
avx512_add,1600,0xAA,13,0.765475424,0.001066846,83.075105000,5.274340000,77.800765000,108.527461972,101.637181981
avx512_add,1600,0xAA,14,0.765084520,0.001160107,82.640414000,5.271349000,77.369065000,108.014751133,101.124860063
avx512_add,1600,0xAA,15,0.765607392,0.000835229,82.358920000,5.272142000,77.086778000,107.573308339,100.687086944
avx512_add,1600,0xAA,16,0.765113106,0.001130844,83.046784000,5.273058000,77.773726000,108.541839559,101.649972254
avx512_add,1600,0xAA,17,0.765787065,0.001006289,82.541414000,5.252855000,77.288559000,107.786377897,100.926958042
avx512_add,1600,0xAA,18,0.765559759,0.001058041,82.438388000,5.258592000,77.179796000,107.683805326,100.814854939
avx512_add,1600,0xAA,19,0.765590599,0.000919298,82.722933000,5.264818000,77.458115000,108.051134822,101.174328852
avx512_add,1600,0xAA,20,0.765317479,0.000850842,82.655672000,5.265978000,77.389694000,108.001808745,101.121032931
avx512_add,1600,0xAA,21,0.765468608,0.000830021,82.755953000,5.255907000,77.500046000,108.111491651,101.245230976
avx512_add,1600,0xAA,22,0.765481570,0.001143665,82.803926000,5.249071000,77.554855000,108.172331338,101.315117256
avx512_add,1600,0xAA,23,0.765410691,0.000875383,82.593600000,5.252306000,77.341294000,107.907559897,101.045484333
avx512_add,1600,0xAA,24,0.765702134,0.000919530,82.734285000,5.273424000,77.460861000,108.050221248,101.163177624
avx512_add,1600,0xAA,25,0.765812414,0.001064859,82.930635000,5.280443000,77.650192000,108.291055972,101.395838680
avx512_add,1600,0xAA,26,0.765799088,0.000840018,82.655367000,5.282763000,77.372604000,107.933488364,101.035121573
avx512_add,1600,0xAA,27,0.765662354,0.000740715,82.509066000,5.250902000,77.258164000,107.761685773,100.903699387
avx512_add,1600,0xAA,28,0.765856507,0.000850131,82.720614000,5.285326000,77.435288000,108.010591040,101.109394863
avx512_add,1600,0xAA,29,0.765617277,0.000965268,82.511569000,5.274095000,77.237474000,107.771299690,100.882616325
avx512_add,1600,0xAA,30,0.765307999,0.000793828,82.342074000,5.265124000,77.076950000,107.593379548,100.713634390
avx512_add,1600,0xAA,31,0.765438958,0.001009246,82.813325000,5.233446000,77.579879000,108.190632563,101.353449860
avx512_add,1600,0xAA,32,0.765467953,0.001136551,82.804536000,5.239367000,77.565169000,108.175052567,101.330393711
avx512_add,1600,0xAA,33,0.765391933,0.000898235,82.391207000,5.235521000,77.155686000,107.645773921,100.805460125
avx512_add,1600,0xAA,34,0.765402216,0.000886555,82.689119000,5.219591000,77.469528000,108.033550569,101.214141255
avx512_add,1600,0xAA,35,0.765755196,0.000707658,82.488009000,5.249986000,77.238023000,107.721122083,100.865163384
avx512_add,1600,0xAA,36,0.765606099,0.000737727,82.493990000,5.253221000,77.240769000,107.749912319,100.888393048
avx512_add,1600,0xAA,37,0.765715171,0.000870229,82.733919000,5.263414000,77.470505000,108.047903690,101.174050066
avx512_add,1600,0xAA,38,0.765603392,0.000940961,82.685274000,5.233629000,77.451645000,108.000140621,101.164187366
avx512_add,1600,0xAA,39,0.765652391,0.000859777,82.420626000,5.234300000,77.186326000,107.647578623,100.811186470
avx512_add,1600,0xAA,40,0.765668428,0.000871280,82.783662000,5.241625000,77.542037000,108.119466594,101.273650821
avx512_add,1600,0xAA,41,0.765749524,0.000913550,82.539339000,5.205370000,77.333969000,107.788952359,100.991207360
avx512_add,1600,0xAA,42,0.765547146,0.001135217,82.612703000,5.226549000,77.386154000,107.913279337,101.086072119
avx512_add,1600,0xAA,43,0.765929242,0.002497820,83.603912000,5.288988000,78.314924000,109.153571154,102.248249212
avx512_add,1600,0xAA,44,0.765722298,0.000845382,82.532809000,5.251268000,77.281541000,107.784257090,100.926329594
avx512_add,1600,0xAA,45,0.765123030,0.001226600,82.604830000,5.262865000,77.341965000,107.962806985,101.084351110
avx512_add,1600,0xAA,46,0.765258027,0.001067197,82.896089000,5.269884000,77.626205000,108.324363867,101.437949335
avx512_add,1600,0xAA,47,0.764387920,0.001315627,82.693575000,5.256884000,77.436691000,108.182733981,101.305487673
avx512_add,1600,0xAA,48,0.765034572,0.001141806,82.859957000,5.251573000,77.608384000,108.308774559,101.444283474
avx512_add,1600,0xAA,49,0.765216895,0.001114539,83.241913000,5.231127000,78.010786000,108.782115916,101.945979609
avx512_add,1600,0xAA,50,0.764825205,0.001342951,82.732637000,5.264574000,77.468063000,108.171954185,101.288585321
avx512_add,1600,0xAA,51,0.765166015,0.000961057,82.657503000,5.273119000,77.384384000,108.025580501,101.134110031
avx512_add,1600,0xAA,52,0.765337654,0.001020790,82.772066000,5.256517000,77.515549000,108.151043628,101.282811060
avx512_add,1600,0xAA,53,0.765209997,0.001192161,82.803133000,5.255968000,77.547165000,108.209685307,101.341024392
avx512_add,1600,0xAA,54,0.765077938,0.001014454,82.632906000,5.235217000,77.397689000,108.005866984,101.163143203
avx512_add,1600,0xAA,55,0.765419806,0.001069757,82.627840000,5.252916000,77.374924000,107.951008562,101.088217763
avx512_add,1600,0xAA,56,0.765181807,0.001240078,82.778170000,5.276170000,77.502000000,108.181048222,101.285732691
avx512_add,1600,0xAA,57,0.765365559,0.000938240,82.487704000,5.276049000,77.211655000,107.775562926,100.882060944
avx512_add,1600,0xAA,58,0.765449720,0.001243763,83.056611000,5.271654000,77.784957000,108.506945403,101.619943082
avx512_add,1600,0xAA,59,0.764817165,0.001178736,82.608737000,5.246690000,77.362047000,108.011091800,101.151033944
avx512_add,1600,0xAA,60,0.765291612,0.001014237,82.869661000,5.257005000,77.612656000,108.285076831,101.415793387
avx512_add,1600,0xAA,61,0.765542128,0.000924143,82.994844000,5.229784000,77.765060000,108.413163630,101.581685899
avx512_add,1600,0xAA,62,0.765397208,0.001166650,82.780244000,5.262255000,77.517989000,108.153313203,101.278118281
avx512_add,1600,0xAA,63,0.764623097,0.001292850,83.094208000,5.272875000,77.821333000,108.673421322,101.777376697
avx512_add,1600,0xAA,64,0.764579017,0.001343235,83.218903000,5.272142000,77.946761000,108.842776432,101.947292926
avx512_add,1600,0xAA,65,0.764958581,0.001214296,82.417697000,5.265612000,77.152085000,107.741384960,100.857859331
avx512_add,1600,0xAA,66,0.765188843,0.001153240,82.656832000,5.248644000,77.408188000,108.021480919,101.162201608
avx512_add,1600,0xAA,67,0.765490951,0.001182517,82.746614000,5.267931000,77.478683000,108.096136055,101.214368227
avx512_add,1600,0xAA,68,0.765120625,0.001387399,82.755830000,5.281420000,77.474410000,108.160500902,101.257772324
avx512_add,1600,0xAA,69,0.764987378,0.001605484,82.757478000,5.288378000,77.469100000,108.181494662,101.268468188
avx512_add,1600,0xAA,70,0.764973436,0.001225555,83.066438000,5.272569000,77.793869000,108.587349692,101.694863297
avx512_add,1600,0xAA,71,0.765387444,0.001300244,82.959565000,5.279466000,77.680099000,108.388980821,101.491211540
avx512_add,1600,0xAA,72,0.764750975,0.001252259,82.984590000,5.290086000,77.694504000,108.511911309,101.594514443
avx512_add,1600,0xAA,73,0.764857028,0.001268255,82.975983000,5.293016000,77.682967000,108.485612335,101.565343829
avx512_add,1600,0xAA,74,0.764973786,0.001304350,82.486361000,5.264635000,77.221726000,107.829003447,100.946891803
avx512_add,1600,0xAA,75,0.765036680,0.001187074,83.340912000,5.254931000,78.085981000,108.937145396,102.068283889
avx512_add,1600,0xAA,76,0.765531040,0.001044026,83.305390000,5.275804000,78.029586000,108.820394820,101.928703006
avx512_add,1600,0xAA,77,0.765581391,0.000974489,83.025605000,5.273058000,77.752547000,108.447783630,101.560131887
avx512_add,1600,0xAA,78,0.765435020,0.001009683,83.094880000,5.264269000,77.830611000,108.559025751,101.681539268
avx512_add,1600,0xAA,79,0.765186395,0.000951647,83.165986000,5.254014000,77.911972000,108.687225101,101.820905951
avx512_add,1600,0xAA,80,0.764509327,0.001574197,82.616610000,5.275072000,77.341538000,108.064881730,101.164937133
avx512_add,1600,0xAA,81,0.764534819,0.001532479,83.347443000,5.260973000,78.086470000,109.017196970,102.135923722
avx512_add,1600,0xAA,82,0.764527948,0.001257340,83.084992000,5.262621000,77.822371000,108.674891795,101.791401119
avx512_add,1600,0xAA,83,0.764162215,0.001461634,82.796480000,5.262621000,77.533859000,108.349350975,101.462565815
avx512_add,1600,0xAA,84,0.764922846,0.001101666,83.314606000,5.260118000,78.054488000,108.918966660,102.042301876
avx512_add,1600,0xAA,85,0.764876473,0.001287362,83.024689000,5.252916000,77.771773000,108.546532620,101.678866812
avx512_add,1600,0xAA,86,0.765189665,0.001038544,82.862458000,5.264818000,77.597640000,108.290090350,101.409681167
avx512_add,1600,0xAA,87,0.764294351,0.001292392,83.280976000,5.270006000,78.010970000,108.964531615,102.069274583
avx512_add,1600,0xAA,88,0.764962227,0.000857712,83.244355000,5.272875000,77.971480000,108.821523621,101.928536206
avx512_add,1600,0xAA,89,0.765260888,0.000919573,82.975983000,5.270006000,77.705977000,108.428359904,101.541811693
avx512_add,1600,0xAA,90,0.765229151,0.000952484,82.907442000,5.266527000,77.640915000,108.343287633,101.461000158
avx512_add,1600,0xAA,91,0.765440408,0.001106550,83.006441000,5.258837000,77.747604000,108.442721569,101.572380067
avx512_add,1600,0xAA,92,0.765555145,0.000792729,82.491976000,5.234728000,77.257248000,107.754453117,100.916633487
avx512_add,1600,0xAA,93,0.765765020,0.000838670,82.745638000,5.269518000,77.476120000,108.056173681,101.174796415
avx512_add,1600,0xAA,94,0.765419108,0.001061376,83.145173000,5.263231000,77.881942000,108.626988947,101.750715616
avx512_add,1600,0xAA,95,0.765688047,0.000776717,82.744051000,5.272448000,77.471603000,108.064963729,101.179068067
avx512_add,1600,0xAA,96,0.765497592,0.001173605,83.043916000,5.266405000,77.777511000,108.483575674,101.603861025
avx512_add,1600,0xAA,97,0.765338396,0.001042019,83.015962000,5.249071000,77.766891000,108.469616129,101.611119249
avx512_add,1600,0xAA,98,0.765286492,0.000999105,82.696993000,5.268358000,77.428635000,108.060175969,101.176011601
avx512_add,1600,0xAA,99,0.764561467,0.001283408,83.186066000,5.263780000,77.922286000,108.802326032,101.917621234
avx512_add,1800,0x00,0,0.680108028,0.001096135,75.752919000,4.683216000,71.069703000,111.383656510,104.497668099
avx512_add,1800,0x00,1,0.680092908,0.000911872,75.669057000,4.675159000,70.993898000,111.262823238,104.388528644
avx512_add,1800,0x00,2,0.680112051,0.001015402,75.712880000,4.690356000,71.022524000,111.324126477,104.427680528
avx512_add,1800,0x00,3,0.680313827,0.000951263,75.628346000,4.693043000,70.935303000,111.166851289,104.268501121
avx512_add,1800,0x00,4,0.680115905,0.001315044,75.689564000,4.682300000,71.007264000,111.289213294,104.404651461
avx512_add,1800,0x00,5,0.680059326,0.001074521,75.742177000,4.693103000,71.049074000,111.375837502,104.474817518
avx512_add,1800,0x00,6,0.679750432,0.000958184,75.509084000,4.674732000,70.834352000,111.083539502,104.206409635
avx512_add,1800,0x00,7,0.680052949,0.001080999,75.614735000,4.681445000,70.933290000,111.189481783,104.305539869
avx512_add,1800,0x00,8,0.680324130,0.001092034,75.559133000,4.677906000,70.881227000,111.063432309,104.187436307
avx512_add,1800,0x00,9,0.679914089,0.001126473,75.725148000,4.689991000,71.035157000,111.374582732,104.476665667
avx512_add,1800,0x00,10,0.679719222,0.001098773,75.647084000,4.679981000,70.967103000,111.291665128,104.406497178
avx512_add,1800,0x00,11,0.679526764,0.001418810,75.501393000,4.687000000,70.814393000,111.108784819,104.211337583
avx512_add,1800,0x00,12,0.679830108,0.001171929,75.685963000,4.688526000,70.997437000,111.330701823,104.434087584
avx512_add,1800,0x00,13,0.679750549,0.001245788,75.508779000,4.658558000,70.850221000,111.083071729,104.229737066
avx512_add,1800,0x00,14,0.680042483,0.001086552,75.737904000,4.674304000,71.063600000,111.372312615,104.498765568
avx512_add,1800,0x00,15,0.680460961,0.000976201,75.765980000,4.687366000,71.078614000,111.345079859,104.456564175
avx512_add,1800,0x00,16,0.680290357,0.000879744,75.730641000,4.698108000,71.032533000,111.321056170,104.415022659
avx512_add,1800,0x00,17,0.680279915,0.001033761,75.739675000,4.685779000,71.053896000,111.336044739,104.448028645
avx512_add,1800,0x00,18,0.680711062,0.000804078,75.581472000,4.700915000,70.880557000,111.033118466,104.127229519
avx512_add,1800,0x00,19,0.680220649,0.000948185,75.650075000,4.709399000,70.940676000,111.214023119,104.290682868
avx512_add,1800,0x00,20,0.680266779,0.000820775,75.613760000,4.707690000,70.906070000,111.153098082,104.232739561
avx512_add,1800,0x00,21,0.680187354,0.001170033,75.676930000,4.719959000,70.956971000,111.258948798,104.319744516
avx512_add,1800,0x00,22,0.679643734,0.001236625,75.796986000,4.706470000,71.090516000,111.524585880,104.599678368
avx512_add,1800,0x00,23,0.679570210,0.001391821,75.491933000,4.700305000,70.791628000,111.087760959,104.171176133
avx512_add,1800,0x00,24,0.680263821,0.000826020,75.749806000,4.711780000,71.038026000,111.353571432,104.427170448
avx512_add,1800,0x00,25,0.680299633,0.000962120,75.612844000,4.706409000,70.906435000,111.146383571,104.228242256
avx512_add,1800,0x00,26,0.680212274,0.001086246,75.619374000,4.701221000,70.918153000,111.170257972,104.258855196
avx512_add,1800,0x00,27,0.680216662,0.001044831,75.708303000,4.696094000,71.012209000,111.300277064,104.396456181
avx512_add,1800,0x00,28,0.680293754,0.001100650,75.651601000,4.682056000,70.969545000,111.204315053,104.321911725
avx512_add,1800,0x00,29,0.679988377,0.000973618,75.648916000,4.673572000,70.975344000,111.250307374,104.377289901
avx512_add,1800,0x00,30,0.680184193,0.001268410,75.581776000,4.667774000,70.914002000,111.119571360,104.257056697
avx512_add,1800,0x00,31,0.680391124,0.000901039,75.833790000,4.682666000,71.151124000,111.456171724,104.573856785
avx512_add,1800,0x00,32,0.680338951,0.000842404,75.735585000,4.686267000,71.049318000,111.320371830,104.432236155
avx512_add,1800,0x00,33,0.680312679,0.000999204,75.546010000,4.675830000,70.870180000,111.046012059,104.172951860
avx512_add,1800,0x00,34,0.680364260,0.000896252,75.756093000,4.698291000,71.057802000,111.346373491,104.440821162
avx512_add,1800,0x00,35,0.680238903,0.000806411,75.579457000,4.680896000,70.898561000,111.107225256,104.225972242
avx512_add,1800,0x00,36,0.680166712,0.000814033,75.595083000,4.684314000,70.910769000,111.141991647,104.254983038
avx512_add,1800,0x00,37,0.680237855,0.001047406,75.724904000,4.683826000,71.041078000,111.321214184,104.435643258
avx512_add,1800,0x00,38,0.680298584,0.001014028,75.797597000,4.701648000,71.095949000,111.418131295,104.506977711
avx512_add,1800,0x00,39,0.680189786,0.000992485,75.738393000,4.681751000,71.056642000,111.348912605,104.465905687
avx512_add,1800,0x00,40,0.680417168,0.000990310,75.570607000,4.659351000,70.911256000,111.065109162,104.217323389
avx512_add,1800,0x00,41,0.680388253,0.000904377,75.835438000,4.669482000,71.165956000,111.459064218,104.596097407
avx512_add,1800,0x00,42,0.680138282,0.001168015,75.688405000,4.665760000,71.022645000,111.283847728,104.423830987
avx512_add,1800,0x00,43,0.679999380,0.001146694,75.837392000,4.669055000,71.168337000,111.525678080,104.659414471
avx512_add,1800,0x00,44,0.679781640,0.001232916,75.717458000,4.677600000,71.039858000,111.384970685,104.503937531
avx512_add,1800,0x00,45,0.679648770,0.001134698,75.511526000,4.685413000,70.826113000,111.103748426,104.209874407
avx512_add,1800,0x00,46,0.679898333,0.001394437,75.860829000,4.686389000,71.174440000,111.576724457,104.683945390
avx512_add,1800,0x00,47,0.679485681,0.001266344,75.480337000,4.675403000,70.804934000,111.084514448,104.203717505
avx512_add,1800,0x00,48,0.679842353,0.001131043,75.623891000,4.671863000,70.952028000,111.237392979,104.365413058
avx512_add,1800,0x00,49,0.680078273,0.001294487,75.689259000,4.669360000,71.019899000,111.294922983,104.429007417
avx512_add,1800,0x00,50,0.679862725,0.001299643,75.622426000,4.665393000,70.957033000,111.231904929,104.369647553
avx512_add,1800,0x00,51,0.679774512,0.001157691,75.734425000,4.688953000,71.045472000,111.411098367,104.513291935
avx512_add,1800,0x00,52,0.680179704,0.000962579,75.593495000,4.685962000,70.907533000,111.137534024,104.248234076
avx512_add,1800,0x00,53,0.679533849,0.000996262,75.617177000,4.682239000,70.934938000,111.278013814,104.387644763
avx512_add,1800,0x00,54,0.679674723,0.001198907,75.722340000,4.676440000,71.045900000,111.409675077,104.529266193
avx512_add,1800,0x00,55,0.679637940,0.001347970,75.628347000,4.673939000,70.954408000,111.277406003,104.400304646
avx512_add,1800,0x00,56,0.679732809,0.001170629,75.713368000,4.678149000,71.035219000,111.386955347,104.504620199
avx512_add,1800,0x00,57,0.679515177,0.001378371,75.604054000,4.685535000,70.918519000,111.261759223,104.366350321
avx512_add,1800,0x00,58,0.679772988,0.001088304,75.669850000,4.700671000,70.969179000,111.316353153,104.401293151
avx512_add,1800,0x00,59,0.679841402,0.001294123,75.676869000,4.700183000,70.976686000,111.315475664,104.401829351
avx512_add,1800,0x00,60,0.679826429,0.001220752,75.689321000,4.711169000,70.978152000,111.336243781,104.406285190
avx512_add,1800,0x00,61,0.680087292,0.001086737,75.659780000,4.691821000,70.967959000,111.250101036,104.351249886
avx512_add,1800,0x00,62,0.679334296,0.001283313,75.541066000,4.712024000,70.829042000,111.198663852,104.262426377
avx512_add,1800,0x00,63,0.679743362,0.001433521,75.769520000,4.707202000,71.062318000,111.467833585,104.542864163
avx512_add,1800,0x00,64,0.679839185,0.001131099,75.524282000,4.695118000,70.829164000,111.091392921,104.185174355
avx512_add,1800,0x00,65,0.679476488,0.001357252,75.682545000,4.716175000,70.966370000,111.383611237,104.442716177
avx512_add,1800,0x00,66,0.679371652,0.001262664,75.689259000,4.704029000,70.985230000,111.410681834,104.486593989
avx512_add,1800,0x00,67,0.679521886,0.001190976,75.588552000,4.671619000,70.916933000,111.237847530,104.362985818
avx512_add,1800,0x00,68,0.679393355,0.001332303,75.682606000,4.685901000,70.996705000,111.397330414,104.500146377
avx512_add,1800,0x00,69,0.679617016,0.001247311,75.673085000,4.693714000,70.979371000,111.346660214,104.440249858
avx512_add,1800,0x00,70,0.679763348,0.001092254,75.827626000,4.698047000,71.129579000,111.550036040,104.638738142
avx512_add,1800,0x00,71,0.679616309,0.001636807,75.792958000,4.701465000,71.091493000,111.523159512,104.605337000
avx512_add,1800,0x00,72,0.679634680,0.001393441,75.729298000,4.696704000,71.032594000,111.426476901,104.515846622
avx512_add,1800,0x00,73,0.679814257,0.001358090,75.709767000,4.674976000,71.034791000,111.368313083,104.491469956
avx512_add,1800,0x00,74,0.679597436,0.001188754,75.566885000,4.684192000,70.882693000,111.193599254,104.301001152
avx512_add,1800,0x00,75,0.679594945,0.001518701,75.747853000,4.695484000,71.052369000,111.460294885,104.551055738
avx512_add,1800,0x00,76,0.679550549,0.001639597,75.544668000,4.691761000,70.852907000,111.168577706,104.264365786
avx512_add,1800,0x00,77,0.679435729,0.001379351,75.615468000,4.691150000,70.924318000,111.291568519,104.387089112
avx512_add,1800,0x00,78,0.679801169,0.001190502,75.727467000,4.695728000,71.031739000,111.396494154,104.488992062
avx512_add,1800,0x00,79,0.679516009,0.001366172,75.626150000,4.679432000,70.946718000,111.294140198,104.407721134
avx512_add,1800,0x00,80,0.679731082,0.001305006,75.681324000,4.684803000,70.996521000,111.340096047,104.447954256
avx512_add,1800,0x00,81,0.679801765,0.001258381,75.635488000,4.706591000,70.928897000,111.261093928,104.337618226
avx512_add,1800,0x00,82,0.679799123,0.001368912,75.681935000,4.691761000,70.990174000,111.329850845,104.428163509
avx512_add,1800,0x00,83,0.679514394,0.001358368,75.709706000,4.688465000,71.021241000,111.417369051,104.517640301
avx512_add,1800,0x00,84,0.680005851,0.001104803,75.563832000,4.699024000,70.864808000,111.122326199,104.212056247
avx512_add,1800,0x00,85,0.679573098,0.001337169,75.695607000,4.708179000,70.987428000,111.386997541,104.458855427
avx512_add,1800,0x00,86,0.679711386,0.001073022,75.483754000,4.697803000,70.785951000,111.052655004,104.141187725
avx512_add,1800,0x00,87,0.679723346,0.001137133,75.865712000,4.696887000,71.168825000,111.612632543,104.702634482
avx512_add,1800,0x00,88,0.679604563,0.001159952,75.727467000,4.692981000,71.034486000,111.428720605,104.523262263
avx512_add,1800,0x00,89,0.679773568,0.001339944,75.589223000,4.695056000,70.894167000,111.197649591,104.290855591
avx512_add,1800,0x00,90,0.679622090,0.001433017,75.727834000,4.677661000,71.050173000,111.426386927,104.543648613
avx512_add,1800,0x00,91,0.679966614,0.001034336,75.591786000,4.651477000,70.940309000,111.169849266,104.329106054
avx512_add,1800,0x00,92,0.679382455,0.001392219,75.728749000,4.689502000,71.039247000,111.467036681,104.564441585
avx512_add,1800,0x00,93,0.679947739,0.001274147,75.679616000,4.690662000,70.988954000,111.302106947,104.403544412
avx512_add,1800,0x00,94,0.679737879,0.001271739,75.610341000,4.682850000,70.927491000,111.234555754,104.345356043
avx512_add,1800,0x00,95,0.679430552,0.001256882,75.775014000,4.701099000,71.073915000,111.527239582,104.608064424
avx512_add,1800,0x00,96,0.680213802,0.000965089,75.688527000,4.694873000,70.993654000,111.271671845,104.369616956
avx512_add,1800,0x00,97,0.680159613,0.000970560,75.782277000,4.698536000,71.083741000,111.418372287,104.510382003
avx512_add,1800,0x00,98,0.680073352,0.000718658,75.600820000,4.682178000,70.918642000,111.165684881,104.280871673
avx512_add,1800,0x00,99,0.680092363,0.000988085,75.637013000,4.683155000,70.953858000,111.215795188,104.329737864
avx512_add,1800,0xAA,0,0.680121034,0.000981649,75.764516000,4.698901000,71.065615000,111.398577842,104.489659044
avx512_add,1800,0xAA,1,0.679995814,0.001137448,75.824635000,4.662525000,71.162110000,111.507502615,104.650805994
avx512_add,1800,0xAA,2,0.680217339,0.001034392,75.772267000,4.703723000,71.068544000,111.394201082,104.479171527
avx512_add,1800,0xAA,3,0.680117018,0.001123160,75.669423000,4.699512000,70.969911000,111.259417050,104.349559081
avx512_add,1800,0xAA,4,0.680083882,0.001116429,75.796009000,4.687305000,71.108704000,111.450971037,104.558725645
avx512_add,1800,0xAA,5,0.680223222,0.001029718,75.544118000,4.684437000,70.859681000,111.057834465,104.171217179
avx512_add,1800,0xAA,6,0.680228121,0.000965737,75.806813000,4.687854000,71.118959000,111.443221243,104.551630239
avx512_add,1800,0xAA,7,0.680196918,0.000843015,75.524648000,4.662036000,70.862612000,111.033505083,104.179554597
avx512_add,1800,0xAA,8,0.680363919,0.000993588,75.845509000,4.704212000,71.141297000,111.477853087,104.563594601
avx512_add,1800,0xAA,9,0.680237407,0.000970449,75.613393000,4.692798000,70.920595000,111.157357990,104.258593015
avx512_add,1800,0xAA,10,0.680170055,0.000859812,75.641103000,4.680286000,70.960817000,111.209104981,104.328052267
avx512_add,1800,0xAA,11,0.680275670,0.000827638,75.828785000,4.678699000,71.150086000,111.467730504,104.590078973
avx512_add,1800,0xAA,12,0.679896627,0.001007464,75.524098000,4.679553000,70.844545000,111.081736577,104.198994678
avx512_add,1800,0xAA,13,0.680404248,0.000893343,75.718373000,4.647265000,71.071108000,111.284391881,104.454239054
avx512_add,1800,0xAA,14,0.680313092,0.001131032,75.706593000,4.691151000,71.015442000,111.281987553,104.386411005
avx512_add,1800,0xAA,15,0.680326199,0.001336647,75.873890000,4.690722000,71.183168000,111.525750570,104.630937456
avx512_add,1800,0xAA,16,0.680460336,0.000708716,75.794972000,4.673877000,71.121095000,111.387788586,104.519089919
avx512_add,1800,0xAA,17,0.680655722,0.001075381,75.645436000,4.676379000,70.969057000,111.136119990,104.265717159
avx512_add,1800,0xAA,18,0.680250247,0.001114533,75.832448000,4.701159000,71.131289000,111.477281160,104.566355330
avx512_add,1800,0xAA,19,0.680350959,0.000816422,75.691884000,4.685657000,71.006227000,111.254174080,104.367056571
avx512_add,1800,0xAA,20,0.680305158,0.001030260,75.703420000,4.687854000,71.015566000,111.278621233,104.387810624
avx512_add,1800,0xAA,21,0.680391694,0.000818906,75.684072000,4.683093000,71.000979000,111.236031673,104.353094914
avx512_add,1800,0xAA,22,0.680404538,0.000922681,75.768666000,4.698719000,71.069947000,111.358260736,104.452488163
avx512_add,1800,0xAA,23,0.680708776,0.000720400,75.693959000,4.671314000,71.022645000,111.198741125,104.336314545
avx512_add,1800,0xAA,24,0.680374034,0.000989848,75.615895000,4.696765000,70.919130000,111.138713715,104.235503475
avx512_add,1800,0xAA,25,0.680147473,0.000800660,75.650196000,4.675281000,70.974915000,111.226166405,104.352243930
avx512_add,1800,0xAA,26,0.680459944,0.000831662,75.764821000,4.673511000,71.091310000,111.343542943,104.475378195
avx512_add,1800,0xAA,27,0.680203167,0.000950708,75.694325000,4.677784000,71.016541000,111.281935493,104.404896067
avx512_add,1800,0xAA,28,0.680373708,0.001093004,75.806202000,4.684925000,71.121277000,111.418476588,104.532665234
avx512_add,1800,0xAA,29,0.680283896,0.001122075,75.542897000,4.685596000,70.857301000,111.046134509,104.158427732
avx512_add,1800,0xAA,30,0.680495423,0.000999254,75.811146000,4.684070000,71.127076000,111.405813203,104.522489906
avx512_add,1800,0xAA,31,0.680075784,0.001237703,75.803944000,4.664844000,71.139100000,111.463965922,104.604665664
avx512_add,1800,0xAA,32,0.679926658,0.001183012,75.774464000,4.687854000,71.086610000,111.445055340,104.550408768
avx512_add,1800,0xAA,33,0.680155169,0.001126823,75.676197000,4.674121000,71.002076000,111.263135904,104.390996702
avx512_add,1800,0xAA,34,0.679844381,0.001183296,75.625661000,4.696216000,70.929445000,111.239664772,104.331883913
avx512_add,1800,0xAA,35,0.680028263,0.001160944,75.837025000,4.683826000,71.153199000,111.520401604,104.632708468
avx512_add,1800,0xAA,36,0.680350154,0.000928306,75.731557000,4.690662000,71.040895000,111.312618361,104.418136196
avx512_add,1800,0xAA,37,0.680289131,0.000810270,75.730824000,4.668262000,71.062562000,111.321525764,104.459352331
avx512_add,1800,0xAA,38,0.680056209,0.000967424,75.703725000,4.667956000,71.035769000,111.319805619,104.455731829
avx512_add,1800,0xAA,39,0.679865324,0.001086284,75.531850000,4.675769000,70.856081000,111.098253342,104.220760351
avx512_add,1800,0xAA,40,0.680129855,0.000831969,75.816395000,4.693103000,71.123292000,111.473411206,104.573106852
avx512_add,1800,0xAA,41,0.679880845,0.001233891,75.597585000,4.680713000,70.916872000,111.192403052,104.307795211
avx512_add,1800,0xAA,42,0.679932287,0.001301385,75.710744000,4.687671000,71.023073000,111.350417387,104.456097045
avx512_add,1800,0xAA,43,0.679870292,0.001055259,75.746022000,4.675952000,71.070070000,111.412460411,104.534748508
avx512_add,1800,0xAA,44,0.679917530,0.001198556,75.595021000,4.679248000,70.915773000,111.182632758,104.300551040
avx512_add,1800,0xAA,45,0.680143408,0.000956758,75.782948000,4.685108000,71.097840000,111.422013529,104.533601548
avx512_add,1800,0xAA,46,0.680251363,0.000903305,75.655324000,4.702808000,70.952516000,111.216718070,104.303379473
avx512_add,1800,0xAA,47,0.680017033,0.001037821,75.884755000,4.694629000,71.190126000,111.592432686,104.688739438
avx512_add,1800,0xAA,48,0.680169945,0.001129178,75.773793000,4.688342000,71.085451000,111.404206506,104.511308584
avx512_add,1800,0xAA,49,0.680115057,0.000905810,75.835194000,4.694080000,71.141114000,111.503477583,104.601586568
avx512_add,1800,0xAA,50,0.679627991,0.001327133,75.887623000,4.692066000,71.195557000,111.660532016,104.756658036
avx512_add,1800,0xAA,51,0.680036044,0.001055681,75.716603000,4.694080000,71.022523000,111.342043869,104.439350925
avx512_add,1800,0xAA,52,0.679918235,0.001161182,75.852345000,4.688587000,71.163758000,111.560980505,104.665170456
avx512_add,1800,0xAA,53,0.679951399,0.001061140,75.707570000,4.686634000,71.020936000,111.342619727,104.450018270
avx512_add,1800,0xAA,54,0.680126764,0.000818640,75.610220000,4.685963000,70.924257000,111.170775782,104.280938112
avx512_add,1800,0xAA,55,0.680154032,0.001174184,75.859486000,4.684619000,71.174867000,111.532803470,104.645218043
avx512_add,1800,0xAA,56,0.679983194,0.000935305,75.499135000,4.679920000,70.819215000,111.030883778,104.148478389
avx512_add,1800,0xAA,57,0.679972146,0.001343610,75.826894000,4.687244000,71.139650000,111.514706151,104.621417902
avx512_add,1800,0xAA,58,0.680145077,0.000957202,75.745839000,4.682239000,71.063600000,111.367179723,104.483002861
avx512_add,1800,0xAA,59,0.679935394,0.001084675,75.770314000,4.679187000,71.091127000,111.437519959,104.555708770
avx512_add,1800,0xAA,60,0.680215910,0.000984225,75.740834000,4.678943000,71.061891000,111.348224760,104.469610289
avx512_add,1800,0xAA,61,0.680093003,0.001170634,75.678273000,4.657214000,71.021059000,111.276358836,104.428451297
avx512_add,1800,0xAA,62,0.679933578,0.001066906,75.887989000,4.678699000,71.209290000,111.610885874,104.729774027
avx512_add,1800,0xAA,63,0.680355309,0.000859153,75.640493000,4.693164000,70.947329000,111.177927179,104.279819767
avx512_add,1800,0xAA,64,0.680034393,0.001195233,75.960193000,4.688342000,71.271851000,111.700516618,104.806244726
avx512_add,1800,0xAA,65,0.679856846,0.001237345,75.780202000,4.690601000,71.089601000,111.464939217,104.565544104
avx512_add,1800,0xAA,66,0.679547976,0.001435406,75.649343000,4.681324000,70.968019000,111.323034881,104.434155556
avx512_add,1800,0xAA,67,0.679910223,0.001159708,75.939564000,4.654834000,71.284730000,111.690575295,104.844327306
avx512_add,1800,0xAA,68,0.679892000,0.001134647,75.688527000,4.690784000,70.997743000,111.324338260,104.425030724
avx512_add,1800,0xAA,69,0.680125122,0.001011926,75.884266000,4.671314000,71.212952000,111.573978959,104.705663333
avx512_add,1800,0xAA,70,0.679983790,0.001265939,75.783925000,4.680835000,71.103090000,111.449605215,104.565860241
avx512_add,1800,0xAA,71,0.680166638,0.001043378,75.884938000,4.689502000,71.195436000,111.568156673,104.673519770
avx512_add,1800,0xAA,72,0.680125046,0.000932633,75.915027000,4.710071000,71.204956000,111.619219834,104.693918333
avx512_add,1800,0xAA,73,0.680035666,0.001231495,75.534414000,4.682544000,70.851870000,111.074194758,104.188461797
avx512_add,1800,0xAA,74,0.679832236,0.001114322,75.876149000,4.696583000,71.179566000,111.610107621,104.701663518
avx512_add,1800,0xAA,75,0.679603150,0.001043008,75.612843000,4.692065000,70.920778000,111.260289179,104.356164324
avx512_add,1800,0xAA,76,0.680122820,0.000967452,75.690602000,4.696033000,70.994569000,111.289607986,104.384924209
avx512_add,1800,0xAA,77,0.680429741,0.002789697,76.694811000,4.751331000,71.943480000,112.715253844,105.732415334
avx512_add,1800,0xAA,78,0.680545136,0.000783061,75.515981000,4.676502000,70.839479000,110.963956666,104.092256684
avx512_add,1800,0xAA,79,0.680577550,0.000787263,75.782887000,4.656360000,71.126527000,111.350847550,104.509070296
avx512_add,1800,0xAA,80,0.680354719,0.000985035,75.651418000,4.696704000,70.954714000,111.194081328,104.290764769
avx512_add,1800,0xAA,81,0.680438177,0.001026173,75.881092000,4.700305000,71.180787000,111.517981402,104.610219379
avx512_add,1800,0xAA,82,0.680183574,0.000990255,75.684132000,4.685718000,70.998414000,111.270155442,104.381253417
avx512_add,1800,0xAA,83,0.680450488,0.000947394,75.723378000,4.684742000,71.038636000,111.284185003,104.399419569
avx512_add,1800,0xAA,84,0.680259398,0.000929537,75.770497000,4.685168000,71.085329000,111.384711824,104.497386174
avx512_add,1800,0xAA,85,0.679862622,0.000989516,75.615163000,4.665454000,70.949709000,111.221238740,104.358890600
avx512_add,1800,0xAA,86,0.679604643,0.001124919,75.825978000,4.688160000,71.137818000,111.573660994,104.675297289
avx512_add,1800,0xAA,87,0.679993614,0.001363716,75.768483000,4.692310000,71.076173000,111.425286126,104.524765440
avx512_add,1800,0xAA,88,0.680113407,0.000979836,75.809803000,4.702442000,71.107361000,111.466414542,104.552211779
avx512_add,1800,0xAA,89,0.680213321,0.001159923,75.870778000,4.681385000,71.189393000,111.539682699,104.657452000
avx512_add,1800,0xAA,90,0.680194464,0.001203167,75.575063000,4.684802000,70.890261000,111.108024190,104.220579135
avx512_add,1800,0xAA,91,0.680553380,0.000931251,75.926014000,4.682727000,71.243287000,111.565111927,104.684348216
avx512_add,1800,0xAA,92,0.680137320,0.000823194,75.730764000,4.679675000,71.051089000,111.346285259,104.465799708
avx512_add,1800,0xAA,93,0.680145420,0.001131587,75.854359000,4.690418000,71.163941000,111.526677616,104.630478860
avx512_add,1800,0xAA,94,0.680233559,0.000849726,75.764760000,4.688525000,71.076235000,111.380508964,104.487986625
avx512_add,1800,0xAA,95,0.680439278,0.000944574,75.577566000,4.688709000,70.888857000,111.071727438,104.181018519
avx512_add,1800,0xAA,96,0.680496256,0.000990400,75.825490000,4.678089000,71.147401000,111.426755530,104.552229835
avx512_add,1800,0xAA,97,0.680137154,0.000995069,75.717274000,4.669178000,71.048096000,111.326478141,104.461424567
avx512_add,1800,0xAA,98,0.680435987,0.001012988,75.805592000,4.684985000,71.120607000,111.407382161,104.522112875
avx512_add,1800,0xAA,99,0.680381618,0.001218526,75.820424000,4.694141000,71.126283000,111.438084102,104.538807470
avx512_add,2000,0x00,0,0.611926452,0.001540211,72.967159000,4.227467000,68.739692000,119.241713945,112.333257899
avx512_add,2000,0x00,1,0.611695045,0.001882549,72.831418000,4.236867000,68.594551000,119.064914098,112.138477414
avx512_add,2000,0x00,2,0.611997983,0.001596515,73.096004000,4.246754000,68.849250000,119.438308741,112.499145345
avx512_add,2000,0x00,3,0.612017778,0.001562682,72.938168000,4.239186000,68.698982000,119.176551089,112.249977791
avx512_add,2000,0x00,4,0.611792084,0.002101710,73.125179000,4.239613000,68.885566000,119.526193540,112.596367030
avx512_add,2000,0x00,5,0.611756266,0.001904418,72.981198000,4.236683000,68.744515000,119.297834964,112.372392204
avx512_add,2000,0x00,6,0.611631201,0.001884756,73.026363000,4.257619000,68.768744000,119.396072081,112.434983453
avx512_add,2000,0x00,7,0.611990985,0.001573541,73.058895000,4.248280000,68.810615000,119.379037877,112.437301638
avx512_add,2000,0x00,8,0.611890055,0.001666749,72.839718000,4.228810000,68.610908000,119.040532486,112.129470664
avx512_add,2000,0x00,9,0.612339921,0.001423889,72.880490000,4.246510000,68.633980000,119.019661366,112.084771354
avx512_add,2000,0x00,10,0.611501135,0.001805055,72.856014000,4.240834000,68.615180000,119.142892550,112.207772141
avx512_add,2000,0x00,11,0.611770622,0.002026864,73.028804000,4.243092000,68.785712000,119.372852190,112.437095798
avx512_add,2000,0x00,12,0.611405244,0.001927709,72.951534000,4.251149000,68.700385000,119.317808726,112.364729668
avx512_add,2000,0x00,13,0.611504267,0.001749145,73.012691000,4.233266000,68.779425000,119.398498020,112.475789171
avx512_add,2000,0x00,14,0.612019729,0.001814312,72.954098000,4.242298000,68.711800000,119.202199785,112.270563762
avx512_add,2000,0x00,15,0.611574676,0.001648951,72.853268000,4.228871000,68.624397000,119.124075623,112.209350140
avx512_add,2000,0x00,16,0.611474355,0.002247081,72.925595000,4.226125000,68.699470000,119.261902714,112.350533550
avx512_add,2000,0x00,17,0.611715881,0.001915391,73.062740000,4.239003000,68.823737000,119.439011255,112.509318678
avx512_add,2000,0x00,18,0.611680354,0.001606409,72.937496000,4.248036000,68.689460000,119.241194466,112.296331885
avx512_add,2000,0x00,19,0.611400962,0.001917061,73.119503000,4.237355000,68.882148000,119.593372424,112.662805970
avx512_add,2000,0x00,20,0.611207323,0.002257898,73.023373000,4.236134000,68.787239000,119.473982508,112.543218034
avx512_add,2000,0x00,21,0.611405824,0.002058986,72.947323000,4.210744000,68.736579000,119.310808103,112.423821046
avx512_add,2000,0x00,22,0.610806302,0.002211771,72.989315000,4.231617000,68.757698000,119.496663372,112.568743687
avx512_add,2000,0x00,23,0.611033827,0.002150347,72.779782000,4.225942000,68.553840000,119.109251889,112.193199432
avx512_add,2000,0x00,24,0.611048722,0.002126365,72.964657000,4.224355000,68.740302000,119.408901999,112.495615307
avx512_add,2000,0x00,25,0.612172568,0.001125486,72.793393000,4.210317000,68.583076000,118.909923118,112.032259498
avx512_add,2000,0x00,26,0.611519064,0.001543228,72.743771000,4.213246000,68.530525000,118.955851610,112.066048414
avx512_add,2000,0x00,27,0.611836095,0.001625708,72.717587000,4.198964000,68.518623000,118.851417176,111.988526882
avx512_add,2000,0x00,28,0.611473590,0.001423902,72.735593000,4.210011000,68.525582000,118.951323885,112.066298805
avx512_add,2000,0x00,29,0.611648930,0.001227369,72.696836000,4.229115000,68.467721000,118.853859482,111.939574520
avx512_add,2000,0x00,30,0.610854441,0.001446637,72.843075000,4.226613000,68.616462000,119.247843892,112.328661977
avx512_add,2000,0x00,31,0.611358573,0.001565083,72.650449000,4.208241000,68.442208000,118.834432312,111.951007129
avx512_add,2000,0x00,32,0.611271234,0.001366516,72.908993000,4.226613000,68.682380000,119.274372767,112.359908669
avx512_add,2000,0x00,33,0.611637617,0.001286355,72.772153000,4.220875000,68.551278000,118.979197810,112.078256985
avx512_add,2000,0x00,34,0.612159128,0.001292201,72.932919000,4.206166000,68.726753000,119.140458177,112.269424475
avx512_add,2000,0x00,35,0.611537317,0.001608533,72.766476000,4.222341000,68.544135000,118.989428777,112.084958871
avx512_add,2000,0x00,36,0.611609077,0.001259449,72.720761000,4.218739000,68.502022000,118.900722287,112.002951866
avx512_add,2000,0x00,37,0.611521131,0.001543940,72.779965000,4.236806000,68.543159000,119.014636370,112.086329583
avx512_add,2000,0x00,38,0.611764581,0.001034710,72.939266000,4.239979000,68.699287000,119.227670768,112.296934445
avx512_add,2000,0x00,39,0.611560402,0.001210855,72.897336000,4.221364000,68.675972000,119.198914331,112.296302611
avx512_add,2000,0x00,40,0.612296026,0.001134609,72.764645000,4.238027000,68.526618000,118.838996094,111.917463335
avx512_add,2000,0x00,41,0.612010827,0.001272433,72.924984000,4.215626000,68.709358000,119.156362516,112.268206601
avx512_add,2000,0x00,42,0.612177309,0.001032382,72.638364000,4.222584000,68.415780000,118.655760328,111.758111655
avx512_add,2000,0x00,43,0.612031826,0.001112265,72.809689000,4.226551000,68.583138000,118.963893526,112.058123566
avx512_add,2000,0x00,44,0.611975479,0.001126982,72.753171000,4.227040000,68.526131000,118.882493733,111.975288873
avx512_add,2000,0x00,45,0.612154960,0.001099063,72.979976000,4.212513000,68.767463000,119.218140425,112.336691651
avx512_add,2000,0x00,46,0.612282805,0.001301468,72.701108000,4.219838000,68.481270000,118.737791381,111.845816033
avx512_add,2000,0x00,47,0.611804465,0.001323963,72.791562000,4.215931000,68.575631000,118.978474553,112.087496733
avx512_add,2000,0x00,48,0.611913599,0.001152004,72.595701000,4.217946000,68.377755000,118.637175387,111.744133616
avx512_add,2000,0x00,49,0.611981484,0.000990831,72.846066000,4.217701000,68.628365000,119.033120895,112.141244084
avx512_add,2000,0x00,50,0.612051510,0.001276946,72.864376000,4.237294000,68.627082000,119.049417826,112.126317519
avx512_add,2000,0x00,51,0.612100785,0.001239983,72.905575000,4.221364000,68.684211000,119.107141843,112.210623974
avx512_add,2000,0x00,52,0.611776162,0.001169043,72.890499000,4.233631000,68.656868000,119.145699971,112.225471191
avx512_add,2000,0x00,53,0.612072061,0.001356361,72.721616000,4.222951000,68.498665000,118.812180099,111.912745758
avx512_add,2000,0x00,54,0.611907223,0.001028261,72.853696000,4.226003000,68.627693000,119.060035918,112.153755296
avx512_add,2000,0x00,55,0.611993579,0.001065610,72.694394000,4.226185000,68.468209000,118.782935876,111.877332373
avx512_add,2000,0x00,56,0.611858020,0.001254522,72.809140000,4.227589000,68.581551000,118.996789470,112.087361365
avx512_add,2000,0x00,57,0.612315628,0.001151106,72.699094000,4.220143000,68.478951000,118.728137392,111.836033373
avx512_add,2000,0x00,58,0.612064250,0.001059825,72.859493000,4.239064000,68.620429000,119.038962081,112.113114014
avx512_add,2000,0x00,59,0.612231406,0.001084369,72.671628000,4.216481000,68.455147000,118.699608237,111.812537497
avx512_add,2000,0x00,60,0.609910000,0.002324414,72.559079000,4.216115000,68.342964000,118.966862282,112.054178446
avx512_add,2000,0x00,61,0.610595124,0.001970847,72.616025000,4.218678000,68.397347000,118.926637596,112.017512652
avx512_add,2000,0x00,62,0.611259586,0.001385969,72.741025000,4.215931000,68.525094000,119.001855593,112.104735130
avx512_add,2000,0x00,63,0.611482354,0.001552060,72.714108000,4.231739000,68.482369000,118.914482969,111.994023252
avx512_add,2000,0x00,64,0.612234260,0.002908252,73.994561000,4.338307000,69.656254000,120.859882856,113.773858306
avx512_add,2000,0x00,65,0.611594413,0.001273458,72.681454000,4.233143000,68.448311000,118.839303490,111.917816123
avx512_add,2000,0x00,66,0.610892674,0.001823058,72.627622000,4.228077000,68.399545000,118.887695101,111.966549738
avx512_add,2000,0x00,67,0.611991166,0.001088809,72.716550000,4.228200000,68.488350000,118.819607254,111.910683998
avx512_add,2000,0x00,68,0.612194302,0.001072344,72.629391000,4.213673000,68.415718000,118.637809585,111.754908212
avx512_add,2000,0x00,69,0.612169676,0.001264232,72.669491000,4.224538000,68.444953000,118.708086819,111.807160216
avx512_add,2000,0x00,70,0.612274840,0.000832284,72.840756000,4.228321000,68.612435000,118.967416749,112.061496847
avx512_add,2000,0x00,71,0.612424482,0.001000847,72.725827000,4.214406000,68.511421000,118.750685369,111.869174061
avx512_add,2000,0x00,72,0.612135264,0.000937111,72.704526000,4.216664000,68.487862000,118.771994193,111.883542818
avx512_add,2000,0x00,73,0.611991291,0.001162350,72.480832000,4.210744000,68.270088000,118.434417457,111.554018889
avx512_add,2000,0x00,74,0.612159509,0.001050216,72.698239000,4.201039000,68.497200000,118.757019892,111.894365735
avx512_add,2000,0x00,75,0.612194730,0.001105150,72.838253000,4.224416000,68.613837000,118.978895851,112.078450953
avx512_add,2000,0x00,76,0.611941750,0.001134771,72.902706000,4.237416000,68.665290000,119.133407645,112.208866220
avx512_add,2000,0x00,77,0.612115500,0.001187017,72.748166000,4.217763000,68.530403000,118.847122764,111.956653566
avx512_add,2000,0x00,78,0.612229096,0.000977406,72.730038000,4.217030000,68.513008000,118.795461571,111.907468122
avx512_add,2000,0x00,79,0.611759775,0.001189393,72.762876000,4.217885000,68.544991000,118.940275222,112.045599938
avx512_add,2000,0x00,80,0.611427785,0.001519831,72.795773000,4.219532000,68.576241000,119.058660420,112.157547803
avx512_add,2000,0x00,81,0.611320086,0.001409405,72.840450000,4.207020000,68.633430000,119.152718303,112.270857071
avx512_add,2000,0x00,82,0.611061533,0.001612187,72.751340000,4.229664000,68.521676000,119.057306160,112.135476242
avx512_add,2000,0x00,83,0.611298996,0.001296524,72.757809000,4.237172000,68.520637000,119.021640020,112.090216886
avx512_add,2000,0x00,84,0.610452905,0.001652065,72.682920000,4.236989000,68.445931000,119.063926891,112.123196544
avx512_add,2000,0x00,85,0.610474131,0.001768014,72.798092000,4.241261000,68.556831000,119.248446853,112.300960002
avx512_add,2000,0x00,86,0.611256341,0.001291160,72.883114000,4.232594000,68.650520000,119.234941359,112.310524033
avx512_add,2000,0x00,87,0.610905174,0.001359096,72.852597000,4.192006000,68.660591000,119.253527518,112.391568941
avx512_add,2000,0x00,88,0.610662629,0.001770302,72.804318000,4.219472000,68.584846000,119.221833001,112.312171597
avx512_add,2000,0x00,89,0.611918742,0.000983731,72.809872000,4.222645000,68.587227000,118.986177326,112.085514367
avx512_add,2000,0x00,90,0.611184814,0.001698747,72.715573000,4.219532000,68.496041000,118.974770577,112.070914484
avx512_add,2000,0x00,91,0.610951072,0.001584198,72.659787000,4.220753000,68.439034000,118.928978674,112.020482734
avx512_add,2000,0x00,92,0.611580692,0.001649720,72.752744000,4.221547000,68.531197000,118.958536355,112.055854412
avx512_add,2000,0x00,93,0.611704499,0.001538688,72.690061000,4.224171000,68.465890000,118.831986929,111.926412410
avx512_add,2000,0x00,94,0.612240547,0.001052772,72.817379000,4.218740000,68.598639000,118.935897537,112.045239905
avx512_add,2000,0x00,95,0.611794746,0.001296875,72.812985000,4.228139000,68.584846000,119.015381317,112.104339621
avx512_add,2000,0x00,96,0.612006338,0.001036427,72.791500000,4.226918000,68.564582000,118.939127746,112.032470513
avx512_add,2000,0x00,97,0.611067189,0.001595023,72.699949000,4.212086000,68.487863000,118.972103744,112.079103962
avx512_add,2000,0x00,98,0.610902983,0.001461737,72.844540000,4.223500000,68.621040000,119.240766631,112.327230244
avx512_add,2000,0x00,99,0.610504867,0.001613361,72.529600000,4.217213000,68.312387000,118.802656504,111.894909771
avx512_add,2000,0xAA,0,0.610777447,0.001721009,72.829891000,4.220449000,68.609442000,119.241290533,112.331328449
avx512_add,2000,0xAA,1,0.610808787,0.001851248,72.714840000,4.219655000,68.495185000,119.046814000,112.138506370
avx512_add,2000,0xAA,2,0.610539778,0.001714495,72.646054000,4.219350000,68.426704000,118.986602669,112.075750747
avx512_add,2000,0xAA,3,0.610637494,0.002049005,72.460874000,4.234608000,68.226266000,118.664305316,111.729572282
avx512_add,2000,0xAA,4,0.610678456,0.001639902,72.419249000,4.225941000,68.193308000,118.588183766,111.668108305
avx512_add,2000,0xAA,5,0.610463551,0.001960094,72.448789000,4.220571000,68.228218000,118.678320629,111.764605641
avx512_add,2000,0xAA,6,0.610913257,0.001880499,72.553769000,4.219716000,68.334053000,118.762800124,111.855574010
avx512_add,2000,0xAA,7,0.610437589,0.002247668,72.339598000,4.210011000,68.129587000,118.504494692,111.607784730
avx512_add,2000,0xAA,8,0.611027926,0.001763101,72.457273000,4.232228000,68.225045000,118.582588332,111.656181502
avx512_add,2000,0xAA,9,0.610873741,0.002157231,72.425107000,4.241078000,68.184029000,118.559862832,111.617220332
avx512_add,2000,0xAA,10,0.610720318,0.001781661,72.338560000,4.239552000,68.099008000,118.447934105,111.506046183
avx512_add,2000,0xAA,11,0.610467799,0.002058318,72.407102000,4.241566000,68.165536000,118.609207735,111.661149203
avx512_add,2000,0xAA,12,0.610903994,0.001705982,72.746030000,4.243519000,68.502511000,119.079316386,112.133021975
avx512_add,2000,0xAA,13,0.610094435,0.002155055,72.413694000,4.241261000,68.172433000,118.692598794,111.740788129
avx512_add,2000,0xAA,14,0.610523534,0.001765660,72.414426000,4.236073000,68.178353000,118.610376117,111.671949072
avx512_add,2000,0xAA,15,0.610042668,0.001773172,72.348875000,4.241078000,68.107797000,118.596417511,111.644316912
avx512_add,2000,0xAA,16,0.610773653,0.001732794,72.521238000,4.250355000,68.270883000,118.736683558,111.777714426
avx512_add,2000,0xAA,17,0.610576054,0.001588573,72.352109000,4.243214000,68.108895000,118.498110897,111.548585166
avx512_add,2000,0xAA,18,0.610989584,0.001986296,72.183714000,4.243824000,67.939890000,118.142298902,111.196478360
avx512_add,2000,0xAA,19,0.610804464,0.001943729,72.393247000,4.245716000,68.147531000,118.521149184,111.570125984
avx512_add,2000,0xAA,20,0.610546688,0.001814628,72.092833000,4.245534000,67.847299000,118.079148437,111.125488572
avx512_add,2000,0xAA,21,0.611197464,0.001631853,72.446226000,4.240285000,68.205941000,118.531620698,111.593952844
avx512_add,2000,0xAA,22,0.610696086,0.001745736,72.435422000,4.232716000,68.202706000,118.611243202,111.680273615
avx512_add,2000,0xAA,23,0.610495907,0.001715013,72.166380000,4.220143000,67.946237000,118.209441103,111.296793615
avx512_add,2000,0xAA,24,0.610053165,0.001863684,72.346189000,4.215443000,68.130746000,118.589973949,111.680013902
avx512_add,2000,0xAA,25,0.610694140,0.001767782,72.527463000,4.204885000,68.322578000,118.762336549,111.876917607
avx512_add,2000,0xAA,26,0.610935088,0.001669647,72.475278000,4.223439000,68.251839000,118.630079314,111.717006092
avx512_add,2000,0xAA,27,0.610969751,0.002080322,72.443967000,4.227223000,68.216744000,118.572101017,111.653226564
avx512_add,2000,0xAA,28,0.610876293,0.001899890,72.510984000,4.206472000,68.304512000,118.699947650,111.813983916
avx512_add,2000,0xAA,29,0.610280276,0.001717563,72.264097000,4.213551000,68.050546000,118.411326491,111.507038140
avx512_add,2000,0xAA,30,0.610122104,0.002047931,72.281249000,4.224659000,68.056590000,118.470136684,111.545852225
avx512_add,2000,0xAA,31,0.610410845,0.002057131,72.411862000,4.220326000,68.191536000,118.628072617,111.714162031
avx512_add,2000,0xAA,32,0.610189774,0.002321773,72.192320000,4.209401000,67.982919000,118.311258401,111.412747182
avx512_add,2000,0xAA,33,0.610316406,0.001792098,72.390806000,4.212269000,68.178537000,118.611928667,111.710149591
avx512_add,2000,0xAA,34,0.611121952,0.001788303,72.198850000,4.209584000,67.989266000,118.141476989,111.253189000
avx512_add,2000,0xAA,35,0.610323278,0.002102460,72.371702000,4.220692000,68.151010000,118.579291685,111.663789438
avx512_add,2000,0xAA,36,0.610496568,0.001729004,72.067992000,4.213368000,67.854624000,118.048152510,111.146610030
avx512_add,2000,0xAA,37,0.610000753,0.002099739,72.518613000,4.220876000,68.297737000,118.882825442,111.963365127
avx512_add,2000,0xAA,38,0.610796930,0.001551786,72.192259000,4.221302000,67.970957000,118.193552417,111.282414213
avx512_add,2000,0xAA,39,0.610162745,0.001978446,72.116149000,4.206166000,67.909983000,118.191662107,111.298147166
avx512_add,2000,0xAA,40,0.610711217,0.001682743,72.047057000,4.224782000,67.822275000,117.972382020,111.054575564
avx512_add,2000,0xAA,41,0.610327976,0.002201023,72.341429000,4.224171000,68.117258000,118.528777728,111.607628499
avx512_add,2000,0xAA,42,0.610932369,0.001944175,72.591245000,4.217031000,68.374214000,118.820427015,111.917811911
avx512_add,2000,0xAA,43,0.610259298,0.001996416,72.443052000,4.220265000,68.222787000,118.708641098,111.793113530
avx512_add,2000,0xAA,44,0.609788147,0.001984089,72.571165000,4.206837000,68.364328000,119.010455240,112.111605174
avx512_add,2000,0xAA,45,0.610837511,0.001693566,72.437132000,4.206166000,68.230966000,118.586580942,111.700680976
avx512_add,2000,0xAA,46,0.610612571,0.001725167,72.332456000,4.178945000,68.153511000,118.458838545,111.614981743
avx512_add,2000,0xAA,47,0.610449378,0.002275656,72.190428000,4.189504000,68.000924000,118.257845118,111.394861633
avx512_add,2000,0xAA,48,0.610588309,0.001593081,72.422300000,4.207142000,68.215158000,118.610688861,111.720380064
avx512_add,2000,0xAA,49,0.610486362,0.001841400,72.145262000,4.192738000,67.952524000,118.176697349,111.308832212
avx512_add,2000,0xAA,50,0.610372111,0.001947275,72.296690000,4.193898000,68.102792000,118.446909225,111.575858065
avx512_add,2000,0xAA,51,0.610178014,0.002315168,72.113768000,4.203480000,67.910288000,118.184802330,111.295861886
avx512_add,2000,0xAA,52,0.610728513,0.001783037,72.655637000,4.176748000,68.478889000,118.965522982,112.126562776
avx512_add,2000,0xAA,53,0.610127384,0.001975990,72.023986000,4.197621000,67.826365000,118.047456715,111.167547524
avx512_add,2000,0xAA,54,0.610560162,0.001688208,72.510496000,4.177113000,68.333383000,118.760607840,111.919164100
avx512_add,2000,0xAA,55,0.610643799,0.002032093,72.119444000,4.216054000,67.903390000,118.103948783,111.199671683
avx512_add,2000,0xAA,56,0.609750054,0.002419541,71.943297000,4.166555000,67.776742000,117.988176582,111.154958651
avx512_add,2000,0xAA,57,0.610414172,0.001971125,72.274778000,4.208730000,68.066048000,118.402850630,111.507974667
avx512_add,2000,0xAA,58,0.610189064,0.002135387,72.094847000,4.207325000,67.887522000,118.151653648,111.256536634
avx512_add,2000,0xAA,59,0.610627626,0.001937210,72.001159000,4.164357000,67.836802000,117.913366471,111.093568570
avx512_add,2000,0xAA,60,0.610431359,0.001706111,72.170347000,4.210988000,67.959359000,118.228439540,111.330058684
avx512_add,2000,0xAA,61,0.610658802,0.001868949,72.102599000,4.200185000,67.902414000,118.073462324,111.195341532
avx512_add,2000,0xAA,62,0.610679404,0.002028145,71.883788000,4.184865000,67.698923000,117.711171416,110.858369482
avx512_add,2000,0xAA,63,0.610190463,0.001913149,71.978820000,4.201283000,67.777537000,117.961234085,111.076034697
avx512_add,2000,0xAA,64,0.610049788,0.001946933,72.180845000,4.214223000,67.966622000,118.319596857,111.411598393
avx512_add,2000,0xAA,65,0.610114633,0.002289514,72.067442000,4.176564000,67.890878000,118.121149783,111.275609992
avx512_add,2000,0xAA,66,0.610788729,0.001412975,72.230528000,4.212025000,68.018503000,118.257794498,111.361752054
avx512_add,2000,0xAA,67,0.610976014,0.001474953,72.375303000,4.197988000,68.177315000,118.458501446,111.587547586
avx512_add,2000,0xAA,68,0.611475973,0.001863406,72.325315000,4.216297000,68.109018000,118.279896767,111.384618483
avx512_add,2000,0xAA,69,0.610679569,0.001576746,71.918028000,4.203847000,67.714181000,117.767208227,110.883324745
avx512_add,2000,0xAA,70,0.611210126,0.001665525,72.322264000,4.214650000,68.107614000,118.326351137,111.430768390
avx512_add,2000,0xAA,71,0.610629841,0.001987748,72.180419000,4.228932000,67.951487000,118.206504380,111.280979758
avx512_add,2000,0xAA,72,0.610578622,0.001723630,72.263182000,4.216908000,68.046274000,118.351968842,111.445556055
avx512_add,2000,0xAA,73,0.611332414,0.001508775,72.263609000,4.230275000,68.033334000,118.206735593,111.286973276
avx512_add,2000,0xAA,74,0.611016017,0.001488683,72.150145000,4.230275000,67.919870000,118.082248209,111.158902697
avx512_add,2000,0xAA,75,0.610920773,0.002221687,71.991210000,4.220326000,67.770884000,117.840500973,110.932361353
avx512_add,2000,0xAA,76,0.610609301,0.002121306,72.029540000,4.232839000,67.796701000,117.963384890,111.031228776
avx512_add,2000,0xAA,77,0.610464765,0.001941455,71.999938000,4.221791000,67.778147000,117.942823373,111.027123664
avx512_add,2000,0xAA,78,0.610517782,0.002254480,72.136961000,4.235829000,67.901132000,118.157018746,111.218925990
avx512_add,2000,0xAA,79,0.610651302,0.001646789,72.041442000,4.221546000,67.819896000,117.974762032,111.061576080
avx512_add,2000,0xAA,80,0.610844471,0.001778839,71.961669000,4.219288000,67.742381000,117.806859847,110.899556598
avx512_add,2000,0xAA,81,0.610534297,0.002331135,71.889159000,4.225331000,67.663828000,117.747945358,110.827235050
avx512_add,2000,0xAA,82,0.610755636,0.001973830,72.072753000,4.218190000,67.854563000,118.005874570,111.099364421
avx512_add,2000,0xAA,83,0.611033466,0.002031136,72.244566000,4.232106000,68.012460000,118.233402975,111.307258604
avx512_add,2000,0xAA,84,0.610791748,0.001585534,71.874328000,4.224903000,67.649425000,117.674032575,110.756940101
avx512_add,2000,0xAA,85,0.610617307,0.002010169,71.990172000,4.207204000,67.782968000,117.897365768,111.007282648
avx512_add,2000,0xAA,86,0.610987627,0.001583208,71.872741000,4.214283000,67.658458000,117.633709374,110.736216183
avx512_add,2000,0xAA,87,0.609928549,0.002370826,72.108152000,4.226857000,67.881295000,118.223933131,111.293847621
avx512_add,2000,0xAA,88,0.610447935,0.001833268,72.012206000,4.199024000,67.813182000,117.966171882,111.087577066
avx512_add,2000,0xAA,89,0.610084195,0.002211018,71.652038000,4.222707000,67.429331000,117.446146962,110.524631807
avx512_add,2000,0xAA,90,0.610568942,0.001616615,71.959960000,4.221791000,67.738169000,117.857223013,110.942703280
avx512_add,2000,0xAA,91,0.610026358,0.002513219,72.208373000,4.180898000,68.027475000,118.369267223,111.515632221
avx512_add,2000,0xAA,92,0.610097951,0.002029691,72.217467000,4.199696000,68.017771000,118.370282807,111.486640610
avx512_add,2000,0xAA,93,0.610346366,0.002098835,71.935546000,4.204640000,67.730906000,117.860201932,110.971261109
avx512_add,2000,0xAA,94,0.610653793,0.001679548,71.770995000,4.239247000,67.531748000,117.531399586,110.589254878
avx512_add,2000,0xAA,95,0.610076801,0.001669982,71.959594000,4.221974000,67.737620000,117.951697112,111.031299555
avx512_add,2000,0xAA,96,0.610689640,0.002038792,72.209471000,4.242238000,67.967233000,118.242502007,111.295867053
avx512_add,2000,0xAA,97,0.610770378,0.001918943,72.033629000,4.221974000,67.811655000,117.938969501,111.026430598
avx512_add,2000,0xAA,98,0.610467178,0.002125290,71.823546000,4.217091000,67.606455000,117.653411273,110.745437922
avx512_add,2000,0xAA,99,0.611264888,0.001246713,72.223265000,4.209462000,68.013803000,118.153792857,111.267315194
avx512_add,2100,0x00,0,0.582338766,0.001214842,69.265509000,3.964590000,65.300919000,118.943668278,112.135620743
avx512_add,2100,0x00,1,0.582614109,0.001337457,69.358342000,4.005544000,65.352798000,119.046794368,112.171670783
avx512_add,2100,0x00,2,0.582785251,0.000901086,69.302008000,4.014943000,65.287065000,118.915171452,112.025939105
avx512_add,2100,0x00,3,0.583045081,0.000997631,69.517156000,4.023793000,65.493363000,119.231185224,112.329844086
avx512_add,2100,0x00,4,0.582657736,0.001065448,69.542669000,4.020010000,65.522659000,119.354236194,112.454799777
avx512_add,2100,0x00,5,0.582853120,0.001106449,69.209478000,3.998586000,65.210892000,118.742571013,111.882204546
avx512_add,2100,0x00,6,0.582554883,0.001231240,69.471807000,3.999624000,65.472183000,119.253668766,112.388008345
avx512_add,2100,0x00,7,0.582880485,0.001027008,69.344611000,3.989492000,65.355119000,118.968832967,112.124390399
avx512_add,2100,0x00,8,0.582789187,0.001111776,69.331793000,4.030324000,65.301469000,118.965475991,112.049898126
avx512_add,2100,0x00,9,0.582658658,0.001058258,69.276679000,4.015737000,65.260942000,118.897536403,112.005444533
avx512_add,2100,0x00,10,0.582776967,0.001054625,69.449469000,4.009939000,65.439530000,119.169893248,112.289149458
avx512_add,2100,0x00,11,0.582606287,0.001241365,69.488470000,4.022817000,65.465653000,119.271747504,112.366883813
avx512_add,2100,0x00,12,0.582719358,0.001157558,69.395025000,4.011953000,65.383072000,119.088243760,112.203363513
avx512_add,2100,0x00,13,0.582890666,0.001037814,69.215155000,4.017019000,65.198136000,118.744661821,111.853113826
avx512_add,2100,0x00,14,0.582391607,0.001101204,69.298040000,3.991750000,65.306290000,118.988733992,112.134668871
avx512_add,2100,0x00,15,0.582830292,0.000979657,69.418340000,4.033682000,65.384658000,119.105580088,112.184728415
avx512_add,2100,0x00,16,0.582848891,0.000964250,69.543401000,4.025747000,65.517654000,119.316347709,112.409331056
avx512_add,2100,0x00,17,0.583241476,0.000866900,69.291021000,4.019826000,65.271195000,118.803315404,111.911099800
avx512_add,2100,0x00,18,0.583092744,0.001075782,69.441473000,4.012624000,65.428849000,119.091643077,112.210020833
avx512_add,2100,0x00,19,0.582800434,0.001068257,69.256659000,4.016470000,65.240189000,118.834261227,111.942588251
avx512_add,2100,0x00,20,0.582766601,0.000922889,69.492681000,4.019155000,65.473526000,119.246162846,112.349482437
avx512_add,2100,0x00,21,0.582817715,0.000917667,69.176642000,4.005910000,65.170732000,118.693444291,111.820094535
avx512_add,2100,0x00,22,0.582980342,0.000953472,69.572637000,4.034169000,65.538468000,119.339593371,112.419687660
avx512_add,2100,0x00,23,0.582944791,0.000981322,69.208868000,4.020253000,65.188615000,118.722851837,111.826396006
avx512_add,2100,0x00,24,0.582781670,0.000988794,69.384894000,4.022572000,65.362322000,119.058126899,112.155761557
avx512_add,2100,0x00,25,0.582830497,0.000714094,69.279058000,4.022451000,65.256607000,118.866563024,111.964983541
avx512_add,2100,0x00,26,0.583071885,0.000947558,69.327459000,4.027821000,65.299638000,118.900363433,111.992431314
avx512_add,2100,0x00,27,0.582622166,0.001116784,69.386053000,4.022512000,65.363541000,119.092710665,112.188558648
avx512_add,2100,0x00,28,0.582757215,0.000996418,69.461370000,3.999074000,65.462296000,119.194354405,112.332021520
avx512_add,2100,0x00,29,0.582844740,0.000913167,69.389959000,4.034169000,65.355790000,119.053933577,112.132417913
avx512_add,2100,0x00,30,0.583056541,0.000972458,69.466314000,4.018910000,65.447404000,119.141642538,112.248811883
avx512_add,2100,0x00,31,0.583295323,0.000935298,69.332159000,4.024038000,65.308121000,118.862874909,111.964074521
avx512_add,2100,0x00,32,0.582730676,0.001021669,69.603643000,4.024282000,65.579361000,119.443931510,112.538027697
avx512_add,2100,0x00,33,0.582952718,0.001771279,69.792974000,4.066396000,65.726578000,119.723215685,112.747699706
avx512_add,2100,0x00,34,0.583131896,0.000963954,69.434209000,4.030141000,65.404068000,119.071190371,112.159990645
avx512_add,2100,0x00,35,0.583084548,0.000904587,69.330938000,4.004995000,65.325943000,118.903747780,112.035112664
avx512_add,2100,0x00,36,0.583050720,0.000890689,69.459234000,4.015859000,65.443375000,119.130688986,112.243022336
avx512_add,2100,0x00,37,0.583183959,0.000896539,69.365301000,4.025319000,65.339982000,118.942402157,112.040087824
avx512_add,2100,0x00,38,0.582893481,0.000853910,69.427252000,4.034841000,65.392411000,119.107957463,112.185867702
avx512_add,2100,0x00,39,0.582917367,0.001021302,69.260382000,4.023855000,65.236527000,118.816809843,111.913850307
avx512_add,2100,0x00,40,0.583080633,0.000936650,69.468023000,4.029653000,65.438370000,119.139650757,112.228680351
avx512_add,2100,0x00,41,0.582896697,0.001018426,69.279425000,4.040273000,65.239152000,118.853692906,111.922322353
avx512_add,2100,0x00,42,0.582781088,0.001014563,69.504399000,4.000967000,65.503432000,119.263305512,112.398005523
avx512_add,2100,0x00,43,0.582830094,0.000716781,69.249578000,4.015432000,65.234146000,118.816064393,111.926523101
avx512_add,2100,0x00,44,0.582824458,0.001144843,69.444585000,4.031179000,65.413406000,119.151803097,112.235176747
avx512_add,2100,0x00,45,0.582776744,0.000806496,69.479742000,4.034108000,65.445634000,119.221885167,112.299666591
avx512_add,2100,0x00,46,0.582901019,0.000886119,69.476812000,4.016714000,65.460098000,119.191440281,112.300537934
avx512_add,2100,0x00,47,0.583148626,0.000851067,69.557195000,4.029592000,65.527603000,119.278674272,112.368614261
avx512_add,2100,0x00,48,0.582810853,0.000875662,69.639715000,4.027578000,65.612137000,119.489392899,112.578783772
avx512_add,2100,0x00,49,0.582710249,0.000904016,69.457037000,3.996572000,65.460465000,119.196525320,112.337933071
avx512_add,2100,0x00,50,0.583087537,0.001023023,69.474370000,4.020619000,65.453751000,119.149125223,112.253730033
avx512_add,2100,0x00,51,0.582960791,0.000839063,69.416449000,4.027395000,65.389054000,119.075673793,112.167155997
avx512_add,2100,0x00,52,0.582817175,0.000945507,69.543889000,4.017629000,65.526260000,119.323678104,112.430214473
avx512_add,2100,0x00,53,0.583444387,0.000857485,69.425054000,4.007924000,65.417130000,118.991724840,112.122305772
avx512_add,2100,0x00,54,0.583103575,0.000953977,69.472723000,4.011953000,65.460770000,119.143023634,112.262679947
avx512_add,2100,0x00,55,0.583186462,0.000769513,69.380804000,4.015615000,65.365189000,118.968475001,112.082829906
avx512_add,2100,0x00,56,0.582848493,0.001065608,69.598576000,4.007497000,65.591079000,119.411093653,112.535384018
avx512_add,2100,0x00,57,0.582936208,0.001006457,69.521307000,4.034292000,65.487015000,119.260574326,112.339933710
avx512_add,2100,0x00,58,0.583152427,0.000715175,69.463445000,4.017812000,65.445633000,119.117132552,112.227318138
avx512_add,2100,0x00,59,0.582918054,0.000845902,69.398382000,4.019521000,65.378861000,119.053409835,112.157893439
avx512_add,2100,0x00,60,0.583255952,0.000682574,69.437261000,4.021718000,65.415543000,119.051097105,112.155808707
avx512_add,2100,0x00,61,0.583573975,0.000860190,69.486089000,4.022939000,65.463150000,119.069890019,112.176266976
avx512_add,2100,0x00,62,0.583224870,0.000947996,69.481329000,4.016958000,65.464371000,119.133000920,112.245506568
avx512_add,2100,0x00,63,0.583334467,0.000774263,69.494390000,4.028127000,65.466263000,119.133008510,112.227661356
avx512_add,2100,0x00,64,0.583296154,0.000715622,69.483282000,4.018484000,65.464798000,119.121790156,112.232521341
avx512_add,2100,0x00,65,0.583354678,0.000849664,69.478582000,4.017751000,65.460831000,119.101782542,112.214461412
avx512_add,2100,0x00,66,0.583289008,0.000799424,69.604314000,4.023061000,65.581253000,119.330748651,112.433548557
avx512_add,2100,0x00,67,0.583062303,0.000846174,69.489019000,4.008596000,65.480423000,119.179406065,112.304332890
avx512_add,2100,0x00,68,0.583488406,0.000619566,69.548467000,4.024099000,65.524368000,119.194256942,112.297634904
avx512_add,2100,0x00,69,0.583388518,0.000706971,69.566838000,4.026418000,65.540420000,119.246155627,112.344377693
avx512_add,2100,0x00,70,0.583376330,0.000702540,69.430426000,3.988698000,65.441728000,119.014815119,112.177551078
avx512_add,2100,0x00,71,0.583284290,0.000774649,69.517217000,4.016347000,65.500870000,119.182392109,112.296646913
avx512_add,2100,0x00,72,0.583261322,0.000745460,69.470831000,4.020558000,65.450273000,119.107556674,112.214320578
avx512_add,2100,0x00,73,0.583600057,0.000675290,69.587773000,4.025807000,65.561966000,119.238804382,112.340575101
avx512_add,2100,0x00,74,0.583062850,0.000954329,69.570928000,4.008962000,65.561966000,119.319774795,112.444080352
avx512_add,2100,0x00,75,0.583314033,0.000919733,69.558599000,4.011464000,65.547135000,119.247258028,112.370235063
avx512_add,2100,0x00,76,0.582631745,0.001061667,69.555242000,4.021413000,65.533829000,119.381140060,112.478987831
avx512_add,2100,0x00,77,0.582791401,0.001063346,69.505010000,3.987661000,65.517349000,119.262243564,112.419896552
avx512_add,2100,0x00,78,0.583908355,0.004801800,71.536133000,4.170094000,67.366039000,122.512603838,115.370911203
avx512_add,2100,0x00,79,0.583273483,0.000783389,69.569829000,4.007741000,65.562088000,119.274801758,112.403683629
avx512_add,2100,0x00,80,0.583317949,0.000706986,69.553777000,4.003347000,65.550430000,119.238190972,112.375129400
avx512_add,2100,0x00,81,0.583141680,0.000796663,69.460455000,4.000417000,65.460038000,119.114200456,112.254088866
avx512_add,2100,0x00,82,0.583270361,0.000737151,69.433782000,4.007558000,65.426224000,119.042191504,112.171350349
avx512_add,2100,0x00,83,0.583358350,0.000861668,69.473394000,3.997914000,65.475480000,119.092139462,112.238866515
avx512_add,2100,0x00,84,0.583355330,0.000784550,69.599370000,3.993948000,65.605422000,119.308706724,112.462196898
avx512_add,2100,0x00,85,0.583095160,0.000881696,69.490850000,4.015187000,65.475663000,119.175830558,112.289841315
avx512_add,2100,0x00,86,0.583115659,0.001076513,69.671635000,4.004140000,65.667495000,119.481673809,112.614871424
avx512_add,2100,0x00,87,0.583177236,0.000789546,69.627141000,4.021657000,65.605484000,119.392762181,112.496647664
avx512_add,2100,0x00,88,0.583283025,0.000830111,69.466741000,3.991872000,65.474869000,119.096112845,112.252313477
avx512_add,2100,0x00,89,0.583041362,0.000821994,69.601934000,4.010122000,65.591812000,119.377352270,112.499414846
avx512_add,2100,0x00,90,0.583355423,0.000776092,69.461248000,4.013052000,65.448196000,119.071916186,112.192658972
avx512_add,2100,0x00,91,0.583306294,0.000726526,69.524603000,3.978871000,65.545732000,119.190558513,112.369320616
avx512_add,2100,0x00,92,0.583487508,0.000640718,69.625310000,4.010549000,65.614761000,119.326136361,112.452726148
avx512_add,2100,0x00,93,0.583010217,0.001111180,69.648076000,3.997427000,65.650649000,119.462873875,112.606343947
avx512_add,2100,0x00,94,0.583209470,0.000874132,69.693913000,4.025258000,65.668655000,119.500653783,112.598745970
avx512_add,2100,0x00,95,0.582995331,0.000905399,69.594915000,4.020680000,65.574235000,119.374738205,112.478147809
avx512_add,2100,0x00,96,0.583131825,0.000883014,69.551518000,4.033743000,65.517775000,119.272375446,112.354997891
avx512_add,2100,0x00,97,0.583384303,0.000964778,69.629400000,4.023427000,65.605973000,119.354256905,112.457556089
avx512_add,2100,0x00,98,0.583108114,0.000662423,69.353033000,3.991934000,65.361099000,118.936834173,112.090875580
avx512_add,2100,0x00,99,0.583218016,0.000692801,69.672063000,4.018362000,65.653701000,119.461438227,112.571455598
avx512_add,2100,0xAA,0,0.583118509,0.000667232,69.620244000,4.011526000,65.608718000,119.392958630,112.513523422
avx512_add,2100,0xAA,1,0.582844002,0.000917646,69.552068000,4.020742000,65.531326000,119.332218854,112.433731460
avx512_add,2100,0xAA,2,0.583150651,0.000687966,69.681279000,4.015615000,65.665664000,119.491042155,112.604974216
avx512_add,2100,0xAA,3,0.582870751,0.001015331,69.491216000,3.999990000,65.491226000,119.222341985,112.359774265
avx512_add,2100,0xAA,4,0.583031721,0.000913839,69.718022000,3.956166000,65.761856000,119.578437147,112.792929845
avx512_add,2100,0xAA,5,0.583078888,0.000954294,69.687993000,4.008352000,65.679641000,119.517263243,112.642804093
avx512_add,2100,0xAA,6,0.582831109,0.000869414,69.455145000,3.993642000,65.461503000,119.168561745,112.316418923
avx512_add,2100,0xAA,7,0.582806256,0.001139334,69.564275000,4.018667000,65.545608000,119.360892824,112.465518998
avx512_add,2100,0xAA,8,0.582623086,0.001121382,69.402777000,4.006521000,65.396256000,119.121227296,112.244532741
avx512_add,2100,0xAA,9,0.583348345,0.000950067,69.581548000,4.027639000,65.553909000,119.279584220,112.375237893
avx512_add,2100,0xAA,10,0.583107862,0.000903601,69.562566000,4.024098000,65.538468000,119.296223807,112.395102654
avx512_add,2100,0xAA,11,0.583336606,0.000756926,69.710210000,3.993093000,65.717117000,119.502546751,112.657282866
avx512_add,2100,0xAA,12,0.583117838,0.000981676,69.545782000,4.003164000,65.542618000,119.265399612,112.400296648
avx512_add,2100,0xAA,13,0.583218292,0.000969747,69.573064000,4.002553000,65.570511000,119.291635588,112.428762711
avx512_add,2100,0xAA,14,0.582939487,0.000995767,69.527471000,4.005971000,65.521500000,119.270477526,112.398458923
avx512_add,2100,0xAA,15,0.583071995,0.000830610,69.572576000,4.021901000,65.550675000,119.320729948,112.422952250
avx512_add,2100,0xAA,16,0.582875587,0.001006319,69.462591000,4.001638000,65.460953000,119.172242826,112.306904684
avx512_add,2100,0xAA,17,0.582593110,0.001077413,69.570622000,3.993642000,65.576980000,119.415456096,112.560514064
avx512_add,2100,0xAA,18,0.582620628,0.001056811,69.538641000,3.959707000,65.578934000,119.354924304,112.558551490
avx512_add,2100,0xAA,19,0.582600711,0.001098276,69.498662000,4.004873000,65.493789000,119.290382996,112.416253045
avx512_add,2100,0xAA,20,0.582797126,0.000972786,69.524175000,4.003834000,65.520341000,119.293956505,112.423926058
avx512_add,2100,0xAA,21,0.582909765,0.000943855,69.620489000,4.005971000,65.614518000,119.436134266,112.563765268
avx512_add,2100,0xAA,22,0.583209323,0.000893258,69.595281000,4.005422000,65.589859000,119.331564668,112.463666909
avx512_add,2100,0xAA,23,0.583112509,0.000833649,69.403691000,3.979299000,65.424392000,119.022812873,112.198574084
avx512_add,2100,0xAA,24,0.582975362,0.000867139,69.492559000,3.996572000,65.495987000,119.203251958,112.347778711
avx512_add,2100,0xAA,25,0.583048768,0.000715629,69.486760000,3.973195000,65.513565000,119.178298219,112.363782496
avx512_add,2100,0xAA,26,0.582956148,0.000801818,69.546575000,3.997854000,65.548721000,119.299839649,112.441941310
avx512_add,2100,0xAA,27,0.583034034,0.000963723,69.581608000,4.006337000,65.575271000,119.343990212,112.472458244
avx512_add,2100,0xAA,28,0.583025701,0.000748450,69.466680000,4.027089000,65.439591000,119.148572543,112.241348736
avx512_add,2100,0xAA,29,0.582757889,0.000770994,69.487981000,4.011647000,65.476334000,119.239880511,112.355980561
avx512_add,2100,0xAA,30,0.582920371,0.000942827,69.476385000,4.019277000,65.457108000,119.186750744,112.291680340
avx512_add,2100,0xAA,31,0.583205437,0.000792791,69.550726000,4.009816000,65.540910000,119.255963001,112.380485260
avx512_add,2100,0xAA,32,0.583205021,0.001045345,69.684270000,3.967153000,65.717117000,119.485030940,112.682700960
avx512_add,2100,0xAA,33,0.583296135,0.000844730,69.558660000,4.017141000,65.541519000,119.251021654,112.364055051
avx512_add,2100,0xAA,34,0.582923642,0.000900181,69.504583000,3.999990000,65.504593000,119.234455396,112.372510347
avx512_add,2100,0xAA,35,0.583062620,0.000847723,69.424138000,3.978993000,65.445145000,119.068065035,112.243767162
avx512_add,2100,0xAA,36,0.583062841,0.000795648,69.643682000,3.987600000,65.656082000,119.444555617,112.605498630
avx512_add,2100,0xAA,37,0.583149040,0.000811090,69.536810000,4.008534000,65.528276000,119.243632797,112.369688531
avx512_add,2100,0xAA,38,0.582811726,0.000949356,69.618474000,4.012258000,65.606216000,119.452768168,112.568455755
avx512_add,2100,0xAA,39,0.582935678,0.000761572,69.601995000,3.989980000,65.612015000,119.399099488,112.554467823
avx512_add,2100,0xAA,40,0.583006890,0.000839034,69.575078000,4.017202000,65.557876000,119.338346165,112.447858124
avx512_add,2100,0xAA,41,0.582996117,0.000972880,69.498906000,4.026784000,65.472122000,119.209895279,112.302844124
avx512_add,2100,0xAA,42,0.583069187,0.001008464,69.539922000,4.016591000,65.523331000,119.265300829,112.376596899
avx512_add,2100,0xAA,43,0.583239596,0.000843484,69.657049000,4.022756000,65.634293000,119.431275646,112.534014168
avx512_add,2100,0xAA,44,0.582817489,0.001323246,69.473821000,4.006765000,65.467056000,119.203390997,112.328571561
avx512_add,2100,0xAA,45,0.582568885,0.001050605,69.507817000,4.021291000,65.486526000,119.312614938,112.409927365
avx512_add,2100,0xAA,46,0.582735626,0.000914215,69.587773000,3.995595000,65.592178000,119.415683453,112.559066447
avx512_add,2100,0xAA,47,0.582747273,0.000896587,69.537298000,4.008351000,65.528947000,119.326681088,112.448311706
avx512_add,2100,0xAA,48,0.582985087,0.000922075,69.737614000,4.031789000,65.705825000,119.621608704,112.705841753
avx512_add,2100,0xAA,49,0.582826780,0.000833241,69.721135000,4.021108000,65.700027000,119.625826135,112.726506919
avx512_add,2100,0xAA,50,0.583069809,0.000796497,69.602788000,4.025808000,65.576980000,119.372992660,112.468488363
avx512_add,2100,0xAA,51,0.583222829,0.000946874,69.682500000,4.031667000,65.650833000,119.478347888,112.565609218
avx512_add,2100,0xAA,52,0.583074759,0.000893635,69.661504000,4.010609000,65.650895000,119.472679912,112.594301212
avx512_add,2100,0xAA,53,0.583089612,0.000829979,69.595892000,4.012197000,65.583695000,119.357111697,112.476184796
avx512_add,2100,0xAA,54,0.583041195,0.000901561,69.719548000,4.021963000,65.697585000,119.579111423,112.680863005
avx512_add,2100,0xAA,55,0.583135557,0.001026964,69.628301000,4.013845000,65.614456000,119.403284811,112.520073949
avx512_add,2100,0xAA,56,0.582924337,0.001062346,69.608709000,4.017262000,65.591447000,119.412940281,112.521373490
avx512_add,2100,0xAA,57,0.583236905,0.000915212,69.611577000,4.022389000,65.589188000,119.353861846,112.457197790
avx512_add,2100,0xAA,58,0.583186978,0.000785761,69.613042000,4.031301000,65.581741000,119.366591849,112.454055817
avx512_add,2100,0xAA,59,0.582811532,0.000837460,69.529974000,4.027333000,65.502641000,119.300957885,112.390777182
avx512_add,2100,0xAA,60,0.582689852,0.001074593,69.652348000,3.999196000,65.653152000,119.535886477,112.672550886
avx512_add,2100,0xAA,61,0.583117684,0.000674638,69.680669000,4.030812000,65.649857000,119.496751446,112.584232571
avx512_add,2100,0xAA,62,0.583213558,0.000840237,69.581976000,4.023915000,65.558061000,119.307884902,112.408328217
avx512_add,2100,0xAA,63,0.583363487,0.000812844,69.550176000,4.012990000,65.537186000,119.222710304,112.343654467
avx512_add,2100,0xAA,64,0.583306310,0.000924609,69.639592000,4.002370000,65.637222000,119.387688361,112.526164786
avx512_add,2100,0xAA,65,0.583081176,0.000941759,69.668096000,4.033803000,65.634293000,119.482670418,112.564589085
avx512_add,2100,0xAA,66,0.582998620,0.000712631,69.576970000,4.006337000,65.570633000,119.343284136,112.471334769
avx512_add,2100,0xAA,67,0.582990848,0.001150606,69.616644000,3.993215000,65.623429000,119.412927716,112.563394806
avx512_add,2100,0xAA,68,0.583070312,0.000886466,69.797062000,4.022023000,65.775039000,119.706080954,112.808074117
avx512_add,2100,0xAA,69,0.582981290,0.000801903,69.563665000,4.017812000,65.545853000,119.324009458,112.432172504
avx512_add,2100,0xAA,70,0.583171484,0.000833118,69.613042000,4.009511000,65.603531000,119.369763337,112.494408297
avx512_add,2100,0xAA,71,0.583213294,0.000907446,69.555303000,4.001272000,65.554031000,119.262204172,112.401468935
avx512_add,2100,0xAA,72,0.583246681,0.000878720,69.676335000,3.997610000,65.678725000,119.462891486,112.608827625
avx512_add,2100,0xAA,73,0.583280371,0.000895063,69.578618000,4.008840000,65.569778000,119.288461407,112.415540252
avx512_add,2100,0xAA,74,0.582905180,0.001134091,69.656499000,3.977712000,65.678787000,119.498850626,112.674907147
avx512_add,2100,0xAA,75,0.582999883,0.000832706,69.599004000,4.029164000,65.569840000,119.380819849,112.469730983
avx512_add,2100,0xAA,76,0.583334448,0.000834286,69.679326000,4.016835000,65.662491000,119.450044898,112.564055199
avx512_add,2100,0xAA,77,0.583238503,0.000946627,69.678471000,4.034536000,65.643935000,119.468228913,112.550756938
avx512_add,2100,0xAA,78,0.583266921,0.000972361,69.605596000,4.018362000,65.587234000,119.337465452,112.448060520
avx512_add,2100,0xAA,79,0.583289220,0.000698656,69.420782000,4.002614000,65.418168000,119.016055148,112.153912215
avx512_add,2100,0xAA,80,0.583315007,0.000759434,69.661687000,3.990774000,65.670913000,119.423786802,112.582245003
avx512_add,2100,0xAA,81,0.583146655,0.000867031,69.496404000,3.961659000,65.534745000,119.174830988,112.381241470
avx512_add,2100,0xAA,82,0.582943436,0.001089446,69.583867000,3.988333000,65.595534000,119.366413013,112.524697761
avx512_add,2100,0xAA,83,0.583205651,0.000835968,69.495306000,4.009755000,65.485551000,119.160892626,112.285522007
avx512_add,2100,0xAA,84,0.583035233,0.001048951,69.613164000,4.009938000,65.603226000,119.397868347,112.520174217
avx512_add,2100,0xAA,85,0.582737366,0.000927507,69.531743000,4.006399000,65.525344000,119.319177045,112.444040439
avx512_add,2100,0xAA,86,0.583099784,0.000833446,69.556402000,3.994313000,65.562089000,119.287305371,112.437169066
avx512_add,2100,0xAA,87,0.583135902,0.000814143,69.673893000,4.001271000,65.672622000,119.481398410,112.619754344
avx512_add,2100,0xAA,88,0.583093057,0.000799434,69.525274000,3.992422000,65.532852000,119.235297255,112.388324974
avx512_add,2100,0xAA,89,0.582983181,0.001078313,69.495977000,4.015004000,65.480973000,119.207516175,112.320518180
avx512_add,2100,0xAA,90,0.583188688,0.000771576,69.583929000,4.024281000,65.559648000,119.316321418,112.415842928
avx512_add,2100,0xAA,91,0.583275250,0.000795067,69.568731000,4.018972000,65.549759000,119.272557948,112.382205575
avx512_add,2100,0xAA,92,0.583013537,0.000912479,69.557989000,4.023366000,65.534623000,119.307673990,112.406691860
avx512_add,2100,0xAA,93,0.582717623,0.001032295,69.541936000,4.003103000,65.538833000,119.340711915,112.470998626
avx512_add,2100,0xAA,94,0.583093201,0.000879612,69.641973000,4.002920000,65.639053000,119.435405610,112.570431038
avx512_add,2100,0xAA,95,0.582942643,0.000935767,69.559514000,4.004995000,65.554519000,119.324799529,112.454492392
avx512_add,2100,0xAA,96,0.582995571,0.000922306,69.515997000,4.026601000,65.489396000,119.239322711,112.332578986
avx512_add,2100,0xAA,97,0.582693077,0.000928995,69.565129000,4.014516000,65.550613000,119.385542321,112.495953001
avx512_add,2100,0xAA,98,0.582691503,0.000955579,69.540716000,4.010243000,65.530473000,119.343967813,112.461693096
avx512_add,2100,0xAA,99,0.582197548,0.001279548,69.598210000,4.031362000,65.566848000,119.543976411,112.619587927
avx512_add,2300,0x00,0,0.532321004,0.000580992,65.543716000,3.643301000,61.900415000,123.128179326,116.283998888
avx512_add,2300,0x00,1,0.532166256,0.000853511,65.553360000,3.654165000,61.899195000,123.182105797,116.315520475
avx512_add,2300,0x00,2,0.532367478,0.000839156,65.547867000,3.653921000,61.893946000,123.125227846,116.261696258
avx512_add,2300,0x00,3,0.532029023,0.001075297,65.634903000,3.663626000,61.971277000,123.367147676,116.481008303
avx512_add,2300,0x00,4,0.532608939,0.000777540,65.515213000,3.673453000,61.841760000,123.008098785,116.111006510
avx512_add,2300,0x00,5,0.532085736,0.001248445,65.699417000,3.678579000,62.020838000,123.475245776,116.561737759
avx512_add,2300,0x00,6,0.532310079,0.000900678,65.544144000,3.663443000,61.880701000,123.131510305,116.249350558
avx512_add,2300,0x00,7,0.532352239,0.000889128,65.686599000,3.670889000,62.015710000,123.389354185,116.493752496
avx512_add,2300,0x00,8,0.532333541,0.000831095,65.625992000,3.624502000,62.001490000,123.279836733,116.471131810
avx512_add,2300,0x00,9,0.532477581,0.000930958,65.711623000,3.645132000,62.066491000,123.407304566,116.561698045
avx512_add,2300,0x00,10,0.532608589,0.000752289,65.606705000,3.660147000,61.946558000,123.179960535,116.307846427
avx512_add,2300,0x00,11,0.532343332,0.000870543,65.605362000,3.650076000,61.955286000,123.238816020,116.382195906
avx512_add,2300,0x00,12,0.532523187,0.000888945,65.590042000,3.667105000,61.922937000,123.168424672,116.282142361
avx512_add,2300,0x00,13,0.532219397,0.000897182,65.685928000,3.667044000,62.018884000,123.418891559,116.528793184
avx512_add,2300,0x00,14,0.532648835,0.000704150,65.644546000,3.666433000,61.978113000,123.241696404,116.358300141
avx512_add,2300,0x00,15,0.532567262,0.000676793,65.506607000,3.660391000,61.846216000,123.001565641,116.128460095
avx512_add,2300,0x00,16,0.532190834,0.000808562,65.599136000,3.614370000,61.984766000,123.262431019,116.470938631
avx512_add,2300,0x00,17,0.532045194,0.000948351,65.413956000,3.654714000,61.759242000,122.948119411,116.078939793
avx512_add,2300,0x00,18,0.532480792,0.000868662,65.730179000,3.638175000,62.092004000,123.441408527,116.608908550
avx512_add,2300,0x00,19,0.532267495,0.000814710,65.479691000,3.663442000,61.816249000,123.020270000,116.137561529
avx512_add,2300,0x00,20,0.531929440,0.000956393,65.502334000,3.655875000,61.846459000,123.141020366,116.268163319
avx512_add,2300,0x00,21,0.532132265,0.000922018,65.575088000,3.640615000,61.934473000,123.230806252,116.389245906
avx512_add,2300,0x00,22,0.532321426,0.001073457,65.619949000,3.639273000,61.980676000,123.271290288,116.434682133
avx512_add,2300,0x00,23,0.532125657,0.000987225,65.409012000,3.628470000,61.780542000,122.920237298,116.101415552
avx512_add,2300,0x00,24,0.532076006,0.001157164,65.622391000,3.651175000,61.971216000,123.332738677,116.470608156
avx512_add,2300,0x00,25,0.532168104,0.000849286,65.512283000,3.655875000,61.856408000,123.104489864,116.234715125
avx512_add,2300,0x00,26,0.532560554,0.000761216,65.670608000,3.643912000,62.026696000,123.311063002,116.468813845
avx512_add,2300,0x00,27,0.532221894,0.000844942,65.547562000,3.654959000,61.892603000,123.158334481,116.290975127
avx512_add,2300,0x00,28,0.532557882,0.000626281,65.687271000,3.663687000,62.023584000,123.342970249,116.463554652
avx512_add,2300,0x00,29,0.532367674,0.000913362,65.618301000,3.642813000,61.975488000,123.257485757,116.414821979
avx512_add,2300,0x00,30,0.532640720,0.000684417,65.537735000,3.661734000,61.876001000,123.043042882,116.168363835
avx512_add,2300,0x00,31,0.532009835,0.000811053,65.607132000,3.633231000,61.973901000,123.319396814,116.490141492
avx512_add,2300,0x00,32,0.532513757,0.000900652,65.527359000,3.663931000,61.863428000,123.052894266,116.172450420
avx512_add,2300,0x00,33,0.532405936,0.000847047,65.613357000,3.664114000,61.949243000,123.239341643,116.357160671
avx512_add,2300,0x00,34,0.532477886,0.000894341,65.581253000,3.659049000,61.922204000,123.162397404,116.290658508
avx512_add,2300,0x00,35,0.532361994,0.000818960,65.723037000,3.676382000,62.046655000,123.455539107,116.549745606
avx512_add,2300,0x00,36,0.532502005,0.000692073,65.416764000,3.671744000,61.745020000,122.847920561,115.952652626
avx512_add,2300,0x00,37,0.532649783,0.000678778,65.541214000,3.662466000,61.878748000,123.047480949,116.171544605
avx512_add,2300,0x00,38,0.532491548,0.000982413,65.438309000,3.669058000,61.769251000,122.890793867,116.000434730
avx512_add,2300,0x00,39,0.532165669,0.001186150,65.453507000,3.603811000,61.849696000,122.994606379,116.222634398
avx512_add,2300,0x00,40,0.531897738,0.000919624,65.533523000,3.644706000,61.888817000,123.206996998,116.354728713
avx512_add,2300,0x00,41,0.532131621,0.000846843,65.679581000,3.656973000,62.022608000,123.427322220,116.555013080
avx512_add,2300,0x00,42,0.532414121,0.000792045,65.616653000,3.665579000,61.951074000,123.243637634,116.358810851
avx512_add,2300,0x00,43,0.532071147,0.000989905,65.461930000,3.662588000,61.799342000,123.032286916,116.148643588
avx512_add,2300,0x00,44,0.531914745,0.001106961,65.790847000,3.678946000,62.111901000,123.686826885,116.770406474
avx512_add,2300,0x00,45,0.532313787,0.000739211,65.402665000,3.655203000,61.747462000,122.864871380,115.998239165
avx512_add,2300,0x00,46,0.532307525,0.000686837,65.610733000,3.654104000,61.956629000,123.257196210,116.392547804
avx512_add,2300,0x00,47,0.532325929,0.000729304,65.319779000,3.643301000,61.676478000,122.706363563,115.862246453
avx512_add,2300,0x00,48,0.532202561,0.001008758,65.621353000,3.649771000,61.971582000,123.301460384,116.443599736
avx512_add,2300,0x00,49,0.531947707,0.001244727,65.314652000,3.650443000,61.664209000,122.783971402,115.921561894
avx512_add,2300,0x00,50,0.531973451,0.001072127,65.593155000,3.655387000,61.937768000,123.301557443,116.430186335
avx512_add,2300,0x00,51,0.532082835,0.000945743,65.472000000,3.667104000,61.804896000,123.048509976,116.156530456
avx512_add,2300,0x00,52,0.532285924,0.000802879,65.442337000,3.632071000,61.810266000,122.945834351,116.122300535
avx512_add,2300,0x00,53,0.532317608,0.000805708,65.404679000,3.643423000,61.761256000,122.867772989,116.023319703
avx512_add,2300,0x00,54,0.532027099,0.000959543,65.438431000,3.611624000,61.826807000,122.998304199,116.209883074
avx512_add,2300,0x00,55,0.531907294,0.001063025,65.484818000,3.647086000,61.837732000,123.113216810,116.256597166
avx512_add,2300,0x00,56,0.532498146,0.000730321,65.373673000,3.637625000,61.736048000,122.767888481,115.936644039
avx512_add,2300,0x00,57,0.532507178,0.000708904,65.599564000,3.654288000,61.945276000,123.190008922,116.327588749
avx512_add,2300,0x00,58,0.532371308,0.000790195,65.377152000,3.659414000,61.717738000,122.803672999,115.929872804
avx512_add,2300,0x00,59,0.532549214,0.000781351,65.522842000,3.658316000,61.864526000,123.036219497,116.166777382
avx512_add,2300,0x00,60,0.532089374,0.000940359,65.385147000,3.661856000,61.723291000,122.883767627,116.001735813
avx512_add,2300,0x00,61,0.531802796,0.001330284,65.782181000,3.670828000,62.111353000,123.696568456,116.793957139
avx512_add,2300,0x00,62,0.532135979,0.001035841,65.428666000,3.629141000,61.799525000,122.954787154,116.134836718
avx512_add,2300,0x00,63,0.532050014,0.000879530,65.477738000,3.657583000,61.820155000,123.066885146,116.192375416
avx512_add,2300,0x00,64,0.532124849,0.000854508,65.415726000,3.667959000,61.747767000,122.933041128,116.039999008
avx512_add,2300,0x00,65,0.532300794,0.000813174,65.511246000,3.684378000,61.826868000,123.071854811,116.150245745
avx512_add,2300,0x00,66,0.532361515,0.000658544,65.415054000,3.671743000,61.743311000,122.877127895,115.980042184
avx512_add,2300,0x00,67,0.532226597,0.000729648,65.477189000,3.645742000,61.831447000,123.025022334,116.175041480
avx512_add,2300,0x00,68,0.531970500,0.001016917,65.542191000,3.669302000,61.872889000,123.206439137,116.308872445
avx512_add,2300,0x00,69,0.532432391,0.000996605,65.474808000,3.668265000,61.806543000,122.972999198,116.083363891
avx512_add,2300,0x00,70,0.532105732,0.000730026,65.571121000,3.642202000,61.928919000,123.229495774,116.384611790
avx512_add,2300,0x00,71,0.532056289,0.001061955,65.529495000,3.661246000,61.868249000,123.162711154,116.281397883
avx512_add,2300,0x00,72,0.531806381,0.001170331,65.674210000,3.665457000,62.008753000,123.492707772,116.600242523
avx512_add,2300,0x00,73,0.532119926,0.000785907,65.507706000,3.644888000,61.862818000,123.107034384,116.257285251
avx512_add,2300,0x00,74,0.531934691,0.001091049,65.665664000,3.638114000,62.027550000,123.446853808,116.607454040
avx512_add,2300,0x00,75,0.532341114,0.000879502,65.436661000,3.641836000,61.794825000,122.922425647,116.081255757
avx512_add,2300,0x00,76,0.532308379,0.000954337,65.586625000,3.674551000,61.912074000,123.211708811,116.308659480
avx512_add,2300,0x00,77,0.532291476,0.000807373,65.466568000,3.636099000,61.830469000,122.990073899,116.159043980
avx512_add,2300,0x00,78,0.531824287,0.001215259,65.582168000,3.625723000,61.956445000,123.315481520,116.497960977
avx512_add,2300,0x00,79,0.532132093,0.000978968,65.602616000,3.638846000,61.963770000,123.282577575,116.444339382
avx512_add,2300,0x00,80,0.532134185,0.001011931,65.600845000,3.644400000,61.956445000,123.278764776,116.430116251
avx512_add,2300,0x00,81,0.531969805,0.001101529,65.622391000,3.629263000,61.993128000,123.357360588,116.535050432
avx512_add,2300,0x00,82,0.532168704,0.001334583,65.527176000,3.616080000,61.911096000,123.132336596,116.337348518
avx512_add,2300,0x00,83,0.531921991,0.001072362,65.580826000,3.642813000,61.938013000,123.290307882,116.441910817
avx512_add,2300,0x00,84,0.531895710,0.001360173,65.462967000,3.652579000,61.810388000,123.074816562,116.207720385
avx512_add,2300,0x00,85,0.531884252,0.000977938,65.676895000,3.612356000,62.064539000,123.479675883,116.688055358
avx512_add,2300,0x00,86,0.531932275,0.001148051,65.367630000,3.636282000,61.731348000,122.887128768,116.051141990
avx512_add,2300,0x00,87,0.532016889,0.001000242,65.642899000,3.657950000,61.984949000,123.384990777,116.509363194
avx512_add,2300,0x00,88,0.532348506,0.000811356,65.552993000,3.654166000,61.898827000,123.139244917,116.275008496
avx512_add,2300,0x00,89,0.532064953,0.000852125,65.671402000,3.659110000,62.012292000,123.427415549,116.550228878
avx512_add,2300,0x00,90,0.532004782,0.000797572,65.593033000,3.657949000,61.935084000,123.294066672,116.418284485
avx512_add,2300,0x00,91,0.531996656,0.001319192,65.653762000,3.672537000,61.981225000,123.410102855,116.506794421
avx512_add,2300,0x00,92,0.532313968,0.000853181,65.537247000,3.645803000,61.891444000,123.117654112,116.268682981
avx512_add,2300,0x00,93,0.532348161,0.000811895,65.566177000,3.662832000,61.903345000,123.164090244,116.283570567
avx512_add,2300,0x00,94,0.532274908,0.001004865,65.633255000,3.668875000,61.964380000,123.307061821,116.414242070
avx512_add,2300,0x00,95,0.532299742,0.001120571,65.533036000,3.669851000,61.863185000,123.113033567,116.218701838
avx512_add,2300,0x00,96,0.531997483,0.000977352,65.617813000,3.670706000,61.947107000,123.342337375,116.442481419
avx512_add,2300,0x00,97,0.532356732,0.000868172,65.462540000,3.646353000,61.816187000,122.967431537,116.117977439
avx512_add,2300,0x00,98,0.532084395,0.000864471,65.635940000,3.654898000,61.981042000,123.356258273,116.487238927
avx512_add,2300,0x00,99,0.531943829,0.000968533,65.584610000,3.645010000,61.939600000,123.292359770,116.440113729
avx512_add,2300,0xAA,0,0.532226691,0.001061032,65.824417000,3.672659000,62.151758000,123.677406901,116.776852939
avx512_add,2300,0xAA,1,0.532049659,0.000931587,65.523942000,3.668082000,61.855860000,123.153808877,116.259561434
avx512_add,2300,0xAA,2,0.532404025,0.000747581,65.722793000,3.668936000,62.053857000,123.445334650,116.554071944
avx512_add,2300,0xAA,3,0.532126980,0.001070226,65.459305000,3.659842000,61.799463000,123.014444794,116.136684150
avx512_add,2300,0xAA,4,0.532173305,0.000873125,65.534500000,3.648855000,61.885645000,123.145034409,116.288518002
avx512_add,2300,0xAA,5,0.532074129,0.000809237,65.569351000,3.659170000,61.910181000,123.233488500,116.356307664
avx512_add,2300,0xAA,6,0.532340433,0.000778486,65.451005000,3.653372000,61.797633000,122.949528109,116.086679121
avx512_add,2300,0xAA,7,0.532343363,0.000867765,65.520829000,3.620963000,61.899866000,123.080014707,116.278083381
avx512_add,2300,0xAA,8,0.532230653,0.000922335,65.516067000,3.670217000,61.845850000,123.097132017,116.201217667
avx512_add,2300,0xAA,9,0.532327399,0.000896439,65.657913000,3.643118000,62.014795000,123.341224147,116.497469704
avx512_add,2300,0xAA,10,0.531814482,0.001167680,65.538468000,3.674184000,61.864284000,123.235583527,116.326813411
avx512_add,2300,0xAA,11,0.531827604,0.000963117,65.830398000,3.675711000,62.154687000,123.781461415,116.869990527
avx512_add,2300,0xAA,12,0.532166352,0.000911308,65.599503000,3.671988000,61.927515000,123.268791434,116.368715942
avx512_add,2300,0xAA,13,0.532016713,0.001251196,65.698196000,3.649466000,62.048730000,123.488970283,116.629287280
avx512_add,2300,0xAA,14,0.531896940,0.001014424,65.650772000,3.634329000,62.016443000,123.427617471,116.594848321
avx512_add,2300,0xAA,15,0.532302042,0.000860503,65.721511000,3.673574000,62.047937000,123.466576928,116.565280839
avx512_add,2300,0xAA,16,0.531750165,0.000986051,65.730484000,3.666250000,62.064234000,123.611591169,116.716905955
avx512_add,2300,0xAA,17,0.532040346,0.000851356,65.584366000,3.672110000,61.912256000,123.269534901,116.367595927
avx512_add,2300,0xAA,18,0.531791499,0.001113518,65.571488000,3.678762000,61.892726000,123.303001394,116.385324065
avx512_add,2300,0xAA,19,0.532159404,0.001079217,65.656875000,3.668875000,61.988000000,123.378210563,116.483894739
avx512_add,2300,0xAA,20,0.531965239,0.000940503,65.539139000,3.669852000,61.869287000,123.201920416,116.303251607
avx512_add,2300,0xAA,21,0.532216980,0.000767633,65.578568000,3.681387000,61.897181000,123.217729731,116.300650535
avx512_add,2300,0xAA,22,0.532209738,0.000902562,65.719375000,3.645926000,62.073449000,123.483977029,116.633433450
avx512_add,2300,0xAA,23,0.532044852,0.000970157,65.629287000,3.681997000,61.947290000,123.352921815,116.432458272
avx512_add,2300,0xAA,24,0.531962383,0.001069241,65.656753000,3.643851000,62.012902000,123.423676303,116.573847980
avx512_add,2300,0xAA,25,0.531977654,0.001016727,65.523636000,3.672049000,61.851587000,123.169902815,116.267265140
avx512_add,2300,0xAA,26,0.532159914,0.000791405,65.668655000,3.657706000,62.010949000,123.400228452,116.526907291
avx512_add,2300,0xAA,27,0.532220447,0.000762371,65.634598000,3.680167000,61.954431000,123.322202915,116.407461066
avx512_add,2300,0xAA,28,0.532143927,0.000722687,65.623062000,3.664236000,61.958826000,123.318257919,116.432459141
avx512_add,2300,0xAA,29,0.532388513,0.000841956,65.350297000,3.668936000,61.681361000,122.749261782,115.857798296
avx512_add,2300,0xAA,30,0.532409744,0.000859751,65.411758000,3.655936000,61.755822000,122.859806295,115.993034899
avx512_add,2300,0xAA,31,0.532528225,0.000834935,65.628738000,3.682485000,61.946253000,123.239924035,116.324825780
avx512_add,2300,0xAA,32,0.532347904,0.000864309,65.545243000,3.670279000,61.874964000,123.124825936,116.230313958
avx512_add,2300,0xAA,33,0.532278234,0.000980081,65.679947000,3.671316000,62.008631000,123.394012380,116.496649750
avx512_add,2300,0xAA,34,0.531952580,0.000852431,65.437332000,3.658682000,61.778650000,123.013468706,116.135633837
avx512_add,2300,0xAA,35,0.532287751,0.000901991,65.695145000,3.683463000,62.011682000,123.420358432,116.500298758
avx512_add,2300,0xAA,36,0.532476322,0.000795112,65.488480000,3.674734000,61.813746000,122.988529741,116.087313957
avx512_add,2300,0xAA,37,0.532306152,0.000749256,65.569839000,3.660330000,61.909509000,123.180689797,116.304327416
avx512_add,2300,0xAA,38,0.532230717,0.000851824,65.439285000,3.676321000,61.762964000,122.952852877,116.045470636
avx512_add,2300,0xAA,39,0.532402337,0.000791871,65.754227000,3.679373000,62.074854000,123.504767770,116.593879624
avx512_add,2300,0xAA,40,0.532086845,0.000932461,65.434525000,3.673331000,61.761194000,122.977152274,116.073521725
avx512_add,2300,0xAA,41,0.532274311,0.000919075,65.671097000,3.658926000,62.012171000,123.378295069,116.504159074
avx512_add,2300,0xAA,42,0.532418513,0.000987513,65.495682000,3.674490000,61.821192000,123.015410689,116.113903863
avx512_add,2300,0xAA,43,0.532317606,0.000647283,65.549087000,3.671194000,61.877893000,123.139055029,116.242431740
avx512_add,2300,0xAA,44,0.532502138,0.000867930,65.649430000,3.667654000,61.981776000,123.284819579,116.397234086
avx512_add,2300,0xAA,45,0.532130041,0.000939555,65.437210000,3.650443000,61.786767000,122.972215456,116.112157347
avx512_add,2300,0xAA,46,0.532331610,0.000950527,65.683792000,3.666738000,62.017054000,123.388862909,116.500791764
avx512_add,2300,0xAA,47,0.532119328,0.000835195,65.517777000,3.679312000,61.838465000,123.126098897,116.211649813
avx512_add,2300,0xAA,48,0.532199117,0.000911417,65.604629000,3.668264000,61.936365000,123.270833987,116.378180688
avx512_add,2300,0xAA,49,0.532213939,0.000941448,65.563736000,3.637137000,61.926599000,123.190565380,116.356589912
avx512_add,2300,0xAA,50,0.532420158,0.000641703,65.541153000,3.647208000,61.893945000,123.100434959,116.250190942
avx512_add,2300,0xAA,51,0.532496807,0.000677334,65.536026000,3.660513000,61.875513000,123.073087280,116.198843243
avx512_add,2300,0xAA,52,0.532202773,0.000869606,65.638870000,3.667044000,61.971826000,123.334325397,116.444011808
avx512_add,2300,0xAA,53,0.532318027,0.000947654,65.562150000,3.648123000,61.914027000,123.163497498,116.310220295
avx512_add,2300,0xAA,54,0.532333852,0.000807517,65.510574000,3.660269000,61.850305000,123.062949684,116.187059698
avx512_add,2300,0xAA,55,0.532192769,0.000789991,65.440568000,3.672720000,61.767848000,122.964030743,116.062922321
avx512_add,2300,0xAA,56,0.532426174,0.000767069,65.567459000,3.666190000,61.901269000,123.148451850,116.262633343
avx512_add,2300,0xAA,57,0.532301917,0.000820573,65.658706000,3.672232000,61.986474000,123.348618329,116.449841746
avx512_add,2300,0xAA,58,0.532550291,0.000980653,65.640885000,3.683279000,61.957606000,123.257626836,116.341324161
avx512_add,2300,0xAA,59,0.531818335,0.001229693,65.630020000,3.678518000,61.951502000,123.406839627,116.489970168
avx512_add,2300,0xAA,60,0.531946063,0.000879424,65.478775000,3.640921000,61.837854000,123.092883850,116.248353454
avx512_add,2300,0xAA,61,0.532068780,0.000967895,65.803054000,3.680655000,62.122399000,123.673961885,116.756331797
avx512_add,2300,0xAA,62,0.532478850,0.000896014,65.472733000,3.668753000,61.803980000,122.958372793,116.068422147
avx512_add,2300,0xAA,63,0.532263912,0.000830451,65.622940000,3.653128000,61.969812000,123.290229737,116.426852534
avx512_add,2300,0xAA,64,0.531906636,0.000911910,65.283219000,3.651236000,61.631983000,122.734357129,115.869926881
avx512_add,2300,0xAA,65,0.532497828,0.000852485,65.617568000,3.659720000,61.957848000,123.225982518,116.353240865
avx512_add,2300,0xAA,66,0.532349523,0.000780759,65.489883000,3.663016000,61.826867000,123.020459706,116.139611985
avx512_add,2300,0xAA,67,0.532458785,0.000745544,65.549759000,3.676138000,61.873621000,123.107667368,116.203587460
avx512_add,2300,0xAA,68,0.532377831,0.000796868,65.424210000,3.643911000,61.780299000,122.890560506,116.045964825
avx512_add,2300,0xAA,69,0.532157349,0.000759126,65.442215000,3.655874000,61.786341000,122.975309972,116.105398274
avx512_add,2300,0xAA,70,0.532413254,0.000726569,65.647903000,3.672110000,61.975793000,123.302533345,116.405428562
avx512_add,2300,0xAA,71,0.532417719,0.000685078,65.523330000,3.660330000,61.863000000,123.067523170,116.192601717
avx512_add,2300,0xAA,72,0.532047245,0.000964489,65.536271000,3.655752000,61.880519000,123.177540453,116.306436361
avx512_add,2300,0xAA,73,0.532376081,0.000680329,65.382828000,3.665457000,61.717371000,122.813233610,115.928144045
avx512_add,2300,0xAA,74,0.532608926,0.000879369,65.648453000,3.668753000,61.979700000,123.258266495,116.369998542
avx512_add,2300,0xAA,75,0.532410165,0.000630739,65.349625000,3.658011000,61.691614000,122.743007799,115.872344460
avx512_add,2300,0xAA,76,0.532295435,0.000703142,65.663101000,3.633169000,62.029932000,123.358377060,116.532902408
avx512_add,2300,0xAA,77,0.531793054,0.000773149,65.407486000,3.672109000,61.735377000,122.994246663,116.089100054
avx512_add,2300,0xAA,78,0.532017971,0.001059762,65.709366000,3.669913000,62.039453000,123.509673806,116.611574112
avx512_add,2300,0xAA,79,0.531967420,0.000990608,65.611526000,3.671316000,61.940210000,123.337489410,116.436096837
avx512_add,2300,0xAA,80,0.532164553,0.000996120,65.597610000,3.672171000,61.925439000,123.265650845,116.365208157
avx512_add,2300,0xAA,81,0.532019309,0.000895267,65.692093000,3.680044000,62.012049000,123.476896245,116.559771361
avx512_add,2300,0xAA,82,0.532319138,0.000994541,65.512588000,3.671377000,61.841211000,123.070134627,116.173187407
avx512_add,2300,0xAA,83,0.531865280,0.001011759,65.601578000,3.676504000,61.925074000,123.342471236,116.429998965
avx512_add,2300,0xAA,84,0.532182347,0.000990664,65.492631000,3.665274000,61.827357000,123.064268061,116.177015936
avx512_add,2300,0xAA,85,0.531853631,0.000965890,65.513199000,3.663382000,61.849817000,123.179001220,116.291049742
avx512_add,2300,0xAA,86,0.532161919,0.000936384,65.473404000,3.669852000,61.803552000,123.032862192,116.136743038
avx512_add,2300,0xAA,87,0.532500137,0.000991318,65.709732000,3.672842000,62.036890000,123.398526015,116.501171920
avx512_add,2300,0xAA,88,0.532304078,0.000832453,65.443802000,3.666616000,61.777186000,122.944393498,116.056195280
avx512_add,2300,0xAA,89,0.532069151,0.000940392,65.717789000,3.666433000,62.051356000,123.513623964,116.622728307
avx512_add,2300,0xAA,90,0.532159842,0.000946224,65.509903000,3.672842000,61.837061000,123.101928788,116.200164114
avx512_add,2300,0xAA,91,0.532327552,0.000901098,65.809890000,3.657889000,62.152001000,123.626683987,116.755183556
avx512_add,2300,0xAA,92,0.532297934,0.000999232,65.474869000,3.670828000,61.804041000,123.004176388,116.107985809
avx512_add,2300,0xAA,93,0.532318926,0.000904278,65.640579000,3.672964000,61.967615000,123.310624152,116.410692887
avx512_add,2300,0xAA,94,0.532375840,0.000862962,65.599747000,3.682303000,61.917444000,123.220743843,116.304008101
avx512_add,2300,0xAA,95,0.532117700,0.000943157,65.555008000,3.671133000,61.883875000,123.196443085,116.297343513
avx512_add,2300,0xAA,96,0.532147679,0.000917165,65.693618000,3.665701000,62.027917000,123.449975639,116.561472418
avx512_add,2300,0xAA,97,0.532466192,0.000669375,65.519791000,3.670645000,61.849146000,123.049673317,116.156005599
avx512_add,2300,0xAA,98,0.532272458,0.000916663,65.780410000,3.670645000,62.109765000,123.584094938,116.687918095
avx512_add,2300,0xAA,99,0.532035599,0.000790035,65.598282000,3.673208000,61.925074000,123.296790807,116.392726484
avx512_add,2500,0x00,0,0.489428835,0.000952510,62.828880000,3.373648000,59.455232000,128.371839809,121.478809078
avx512_add,2500,0x00,1,0.489535319,0.000813980,63.096701000,3.382316000,59.714385000,128.891008492,121.981770555
avx512_add,2500,0x00,2,0.489178224,0.001203865,63.209555000,3.351737000,59.857818000,129.215798909,122.364028252
avx512_add,2500,0x00,3,0.489132314,0.001267377,63.212485000,3.372550000,59.839935000,129.233917267,122.338952646
avx512_add,2500,0x00,4,0.488557293,0.001679099,63.164755000,3.373039000,59.791716000,129.288326886,122.384246140
avx512_add,2500,0x00,5,0.488777403,0.001356291,62.900473000,3.381339000,59.519134000,128.689404738,121.771451941
avx512_add,2500,0x00,6,0.489348447,0.001257384,63.141684000,3.392386000,59.749298000,129.032153656,122.099698836
avx512_add,2500,0x00,7,0.489194847,0.001213088,62.826316000,3.373405000,59.452911000,128.428000331,121.532169316
avx512_add,2500,0x00,8,0.489258117,0.001063415,63.278586000,3.378226000,59.900360000,129.335791992,122.430999031
avx512_add,2500,0x00,9,0.489028953,0.001018265,63.088767000,3.384085000,59.704682000,129.008245096,122.088235594
avx512_add,2500,0x00,10,0.489407195,0.001391223,63.332907000,3.374442000,59.958465000,129.407388444,122.512430556
avx512_add,2500,0x00,11,0.489285591,0.000817790,63.157492000,3.379874000,59.777618000,129.081038129,122.173264706
avx512_add,2500,0x00,12,0.489206223,0.001202756,62.907859000,3.384451000,59.523408000,128.591698117,121.673448025
avx512_add,2500,0x00,13,0.488919339,0.001397231,63.197898000,3.373160000,59.824738000,129.260376946,122.361161198
avx512_add,2500,0x00,14,0.488820641,0.001214396,63.029868000,3.382987000,59.646881000,128.942730113,122.022017861
avx512_add,2500,0x00,15,0.488896696,0.001299245,62.931785000,3.375907000,59.555878000,128.722049976,121.816895934
avx512_add,2500,0x00,16,0.488954479,0.001126991,63.306906000,3.376395000,59.930511000,129.474028100,122.568692036
avx512_add,2500,0x00,17,0.488623643,0.001089217,62.638938000,3.377738000,59.261200000,128.194652222,121.281892171
avx512_add,2500,0x00,18,0.489192451,0.001005813,63.541158000,3.371635000,60.169523000,129.889898808,122.997652228
avx512_add,2500,0x00,19,0.489177289,0.000972969,62.973167000,3.358511000,59.614656000,128.732809904,121.867178418
avx512_add,2500,0x00,20,0.488642335,0.001177245,63.006309000,3.373954000,59.632355000,128.941568321,122.036816605
avx512_add,2500,0x00,21,0.489305194,0.001056884,62.661582000,3.374258000,59.287324000,128.062368334,121.166349161
avx512_add,2500,0x00,22,0.489060581,0.001117265,62.867820000,3.374197000,59.493623000,128.548123561,121.648779941
avx512_add,2500,0x00,23,0.489472119,0.001081625,63.065696000,3.382986000,59.682710000,128.844307121,121.932808243
avx512_add,2500,0x00,24,0.488577439,0.001304885,62.743247000,3.372611000,59.370636000,128.420270856,121.517350800
avx512_add,2500,0x00,25,0.488519844,0.001363985,62.787865000,3.379630000,59.408235000,128.526744052,121.608642282
avx512_add,2500,0x00,26,0.489073996,0.001249833,62.800498000,3.361685000,59.438813000,128.406945715,121.533374373
avx512_add,2500,0x00,27,0.488825389,0.001269991,62.463219000,3.322868000,59.140351000,127.782272261,120.984613891
avx512_add,2500,0x00,28,0.489054684,0.001094908,62.643639000,3.358024000,59.285615000,128.091277017,121.224920124
avx512_add,2500,0x00,29,0.489339371,0.001081500,63.140952000,3.361075000,59.779877000,129.033050876,122.164453750
avx512_add,2500,0x00,30,0.488994651,0.001275301,62.729271000,3.371207000,59.358064000,128.282120997,121.387961741
avx512_add,2500,0x00,31,0.488922202,0.001269818,62.474266000,3.365775000,59.108491000,127.779564481,120.895493788
avx512_add,2500,0x00,32,0.489309482,0.001016069,62.914512000,3.382987000,59.531525000,128.578158314,121.664360142
avx512_add,2500,0x00,33,0.489392605,0.001116962,62.551170000,3.389761000,59.161409000,127.813884696,120.887419186
avx512_add,2500,0x00,34,0.489010626,0.001008314,63.109763000,3.386466000,59.723297000,129.056015759,122.130877893
avx512_add,2500,0x00,35,0.489454723,0.001007094,63.115989000,3.345999000,59.769990000,128.951639441,122.115462690
avx512_add,2500,0x00,36,0.489078926,0.001084940,63.294394000,3.369803000,59.924591000,129.415500610,122.525400008
avx512_add,2500,0x00,37,0.488930568,0.001209227,62.894188000,3.367484000,59.526704000,128.636236109,121.748787830
avx512_add,2500,0x00,38,0.488968303,0.001032854,63.180319000,3.390189000,59.790130000,129.211481937,122.278130671
avx512_add,2500,0x00,39,0.489282499,0.001067934,62.789268000,3.378348000,59.410920000,128.329274297,121.424576074
avx512_add,2500,0x00,40,0.488660157,0.001520935,62.705528000,3.383841000,59.321687000,128.321343850,121.396611081
avx512_add,2500,0x00,41,0.488690006,0.001205293,62.820579000,3.369681000,59.450898000,128.548933423,121.653599037
avx512_add,2500,0x00,42,0.488942718,0.001384336,62.826927000,3.383964000,59.442963000,128.495475302,121.574492798
avx512_add,2500,0x00,43,0.488705444,0.001481724,62.824119000,3.376640000,59.447479000,128.552116112,121.642759892
avx512_add,2500,0x00,44,0.488958472,0.001274476,63.239218000,3.353080000,59.886138000,129.334537899,122.476941204
avx512_add,2500,0x00,45,0.489090169,0.001040978,63.001609000,3.374686000,59.626923000,128.813893733,121.913967672
avx512_add,2500,0x00,46,0.488639153,0.001478556,63.009360000,3.379142000,59.630218000,128.948651931,122.033238005
avx512_add,2500,0x00,47,0.489074490,0.001050372,62.876914000,3.372428000,59.504486000,128.563061955,121.667531588
avx512_add,2500,0x00,48,0.488865076,0.001134716,62.913535000,3.375113000,59.538422000,128.693044494,121.789067989
avx512_add,2500,0x00,49,0.488891316,0.001268159,62.685814000,3.379752000,59.306062000,128.220346654,121.307251882
avx512_add,2500,0x00,50,0.489222077,0.000878148,62.204918000,3.375540000,58.829378000,127.150676316,120.250865051
avx512_add,2500,0x00,51,0.489148585,0.001159377,63.073691000,3.372367000,59.701324000,128.945872262,122.051511119
avx512_add,2500,0x00,52,0.489493011,0.001158901,62.541161000,3.361685000,59.179476000,127.767219503,120.899532073
avx512_add,2500,0x00,53,0.489418116,0.001019815,62.750022000,3.377738000,59.372284000,128.213525388,121.311986823
avx512_add,2500,0x00,54,0.489304743,0.001198737,63.146506000,3.380179000,59.766327000,129.053533460,122.145407084
avx512_add,2500,0x00,55,0.489095710,0.001086835,62.687889000,3.389335000,59.298554000,128.171005630,121.241206552
avx512_add,2500,0x00,56,0.489016747,0.001221487,62.802513000,3.381522000,59.420991000,128.426098686,121.511157590
avx512_add,2500,0x00,57,0.488863406,0.001100599,62.486291000,3.363822000,59.122469000,127.819530562,120.938626894
avx512_add,2500,0x00,58,0.489009825,0.001148150,62.769859000,3.381278000,59.388581000,128.361140867,121.446600854
avx512_add,2500,0x00,59,0.488975669,0.001127947,62.788779000,3.371696000,59.417083000,128.408800131,121.513373199
avx512_add,2500,0x00,60,0.488832940,0.001136970,62.823448000,3.343559000,59.479889000,128.517214994,121.677334272
avx512_add,2500,0x00,61,0.488848294,0.001127340,62.482567000,3.361503000,59.121064000,127.815863984,120.939491408
avx512_add,2500,0x00,62,0.489212140,0.000983830,62.461510000,3.377006000,59.084504000,127.677759563,120.774811490
avx512_add,2500,0x00,63,0.489017154,0.001141941,62.608360000,3.358512000,59.249848000,128.028964845,121.161083068
avx512_add,2500,0x00,64,0.488824685,0.001368509,62.943320000,3.385550000,59.557770000,128.764610046,121.838711864
avx512_add,2500,0x00,65,0.488871027,0.001195141,63.058799000,3.370963000,59.687836000,128.988619695,122.093216178
avx512_add,2500,0x00,66,0.488825615,0.001385646,62.771262000,3.393301000,59.377961000,128.412382846,121.470641463
avx512_add,2500,0x00,67,0.488774421,0.001161436,62.848594000,3.378776000,59.469818000,128.584048909,121.671297631
avx512_add,2500,0x00,68,0.489062018,0.001215925,62.809470000,3.389335000,59.420135000,128.428435839,121.498159360
avx512_add,2500,0x00,69,0.489310722,0.000945029,62.849022000,3.355765000,59.493257000,128.443990943,121.585843663
avx512_add,2500,0x00,70,0.489160927,0.000988805,62.766869000,3.376639000,59.390230000,128.315377431,121.412456915
avx512_add,2500,0x00,71,0.488780874,0.001131182,62.683128000,3.374381000,59.308747000,128.243823185,121.340154940
avx512_add,2500,0x00,72,0.488498853,0.001399193,62.987754000,3.385856000,59.601898000,128.941457187,122.010312977
avx512_add,2500,0x00,73,0.488719645,0.001142363,63.064963000,3.382010000,59.682953000,129.041186812,122.121043464
avx512_add,2500,0x00,74,0.489142769,0.001324009,63.148642000,3.382010000,59.766632000,129.100634791,122.186477590
avx512_add,2500,0x00,75,0.488726581,0.001609780,63.283468000,3.388847000,59.894621000,129.486445806,122.552411258
avx512_add,2500,0x00,76,0.488964371,0.001374656,62.704430000,3.384452000,59.319978000,128.239261946,121.317587886
avx512_add,2500,0x00,77,0.488908682,0.001131810,63.003989000,3.391043000,59.612946000,128.866578279,121.930634775
avx512_add,2500,0x00,78,0.488570691,0.001352394,62.725608000,3.364493000,59.361115000,128.385941149,121.499541573
avx512_add,2500,0x00,79,0.489233918,0.001075480,62.882835000,3.390372000,59.492463000,128.533269540,121.603308477
avx512_add,2500,0x00,80,0.489333470,0.001069895,62.665306000,3.382621000,59.282685000,128.062578544,121.149867266
avx512_add,2500,0x00,81,0.489447383,0.001121278,62.478477000,3.375297000,59.103180000,127.651059369,120.754920756
avx512_add,2500,0x00,82,0.489432351,0.000807489,62.353661000,3.374381000,58.979280000,127.399958163,120.505479293
avx512_add,2500,0x00,83,0.489507819,0.001046474,63.243612000,3.384513000,59.859099000,129.198369239,122.284254968
avx512_add,2500,0x00,84,0.489333943,0.000959961,63.157309000,3.380912000,59.776397000,129.067909413,122.158697309
avx512_add,2500,0x00,85,0.489197906,0.001182085,62.674888000,3.377372000,59.297516000,128.117653778,121.213756693
avx512_add,2500,0x00,86,0.489179342,0.001051084,62.575096000,3.359000000,59.216096000,127.918516928,121.051914624
avx512_add,2500,0x00,87,0.488821925,0.001218037,62.444237000,3.370902000,59.073335000,127.744345662,120.848374297
avx512_add,2500,0x00,88,0.488401447,0.001577272,62.805320000,3.377433000,59.427887000,128.593640390,121.678359891
avx512_add,2500,0x00,89,0.488746975,0.001288216,63.073874000,3.389518000,59.684356000,129.052203247,122.117085137
avx512_add,2500,0x00,90,0.488699379,0.001313471,63.050558000,3.377554000,59.673004000,129.017061771,122.105749534
avx512_add,2500,0x00,91,0.489029728,0.001144587,63.201804000,3.391532000,59.810272000,129.239186039,122.303959394
avx512_add,2500,0x00,92,0.489176637,0.000982596,62.362633000,3.389823000,58.972810000,127.484896524,120.555246290
avx512_add,2500,0x00,93,0.488857215,0.001189493,62.604637000,3.387442000,59.217195000,128.063236084,121.133928522
avx512_add,2500,0x00,94,0.489174263,0.001300554,62.680077000,3.347464000,59.332613000,128.134453720,121.291362717
avx512_add,2500,0x00,95,0.488538109,0.001577851,62.786949000,3.382621000,59.404328000,128.520063938,121.596098462
avx512_add,2500,0x00,96,0.489260013,0.001187031,63.077414000,3.386832000,59.690582000,128.924114753,122.001758719
avx512_add,2500,0x00,97,0.488904297,0.001218503,62.603538000,3.376945000,59.226593000,128.048655660,121.141485853
avx512_add,2500,0x00,98,0.488693359,0.001275564,62.683799000,3.381461000,59.302338000,128.268162084,121.348769920
avx512_add,2500,0x00,99,0.488963746,0.001114281,62.672264000,3.388175000,59.284089000,128.173641807,121.244344841
avx512_add,2500,0xAA,0,0.489576710,0.000918801,63.787740000,3.379752000,60.407988000,130.291614614,123.388197984
avx512_add,2500,0xAA,1,0.489644150,0.001070305,63.817768000,3.373221000,60.444547000,130.334995332,123.445867789
avx512_add,2500,0xAA,2,0.489507882,0.001052581,63.640584000,3.350699000,60.289885000,130.009314092,123.164278246
avx512_add,2500,0xAA,3,0.489630903,0.000902143,63.821858000,3.374259000,60.447599000,130.346874748,123.455440856
avx512_add,2500,0xAA,4,0.489686063,0.000828433,63.615987000,3.373527000,60.242460000,129.911777670,123.022614894
avx512_add,2500,0xAA,5,0.489747429,0.000809347,63.711141000,3.363395000,60.347746000,130.089791774,123.222180422
avx512_add,2500,0xAA,6,0.489573924,0.001073583,63.837300000,3.384573000,60.452727000,130.393587008,123.480283752
avx512_add,2500,0xAA,7,0.489645142,0.001062171,63.732198000,3.375907000,60.356291000,130.159971942,123.265372757
avx512_add,2500,0xAA,8,0.489524821,0.001032184,63.784932000,3.375296000,60.409636000,130.299689087,123.404643414
avx512_add,2500,0xAA,9,0.489368339,0.000845104,63.434713000,3.377372000,60.057341000,129.625698882,122.724206227
avx512_add,2500,0xAA,10,0.489603466,0.001024456,63.618489000,3.354728000,60.263761000,129.938804377,123.086875760
avx512_add,2500,0xAA,11,0.489513911,0.000937876,63.640951000,3.373526000,60.267425000,130.008462515,123.116879005
avx512_add,2500,0xAA,12,0.489408767,0.001141131,63.898945000,3.382194000,60.516751000,130.563547867,123.652772607
avx512_add,2500,0xAA,13,0.489226273,0.000941035,63.922566000,3.374381000,60.548185000,130.660533928,123.763150880
avx512_add,2500,0xAA,14,0.489364136,0.001083694,63.772664000,3.377615000,60.395049000,130.317404285,123.415355791
avx512_add,2500,0xAA,15,0.489564741,0.000792026,63.985554000,3.376822000,60.608732000,130.698860930,123.801260434
avx512_add,2500,0xAA,16,0.489418949,0.001125198,63.562520000,3.379752000,60.182768000,129.873434781,122.967792888
avx512_add,2500,0xAA,17,0.489056754,0.001205517,63.809712000,3.386588000,60.423124000,130.475065582,123.550331438
avx512_add,2500,0xAA,18,0.489637773,0.001316045,63.733418000,3.370597000,60.362821000,130.164422560,123.280564359
avx512_add,2500,0xAA,19,0.489092106,0.001068897,63.694417000,3.378775000,60.315642000,130.229901989,123.321642870
avx512_add,2500,0xAA,20,0.489346021,0.001236371,63.699239000,3.383292000,60.315947000,130.172181297,123.258276100
avx512_add,2500,0xAA,21,0.488990743,0.001160947,63.387106000,3.372794000,60.014312000,129.628437482,122.730977671
avx512_add,2500,0xAA,22,0.489335558,0.001066977,63.686178000,3.382438000,60.303740000,130.148273493,123.235965678
avx512_add,2500,0xAA,23,0.489278404,0.001021578,63.738973000,3.389396000,60.349577000,130.271380247,123.344044045
avx512_add,2500,0xAA,24,0.489305822,0.001064745,63.779927000,3.385123000,60.394804000,130.347778733,123.429563480
avx512_add,2500,0xAA,25,0.489447897,0.000794723,63.817707000,3.381339000,60.436368000,130.387130746,123.478654854
avx512_add,2500,0xAA,26,0.489144217,0.001163198,64.014180000,3.395316000,60.618864000,130.869747200,123.928407851
avx512_add,2500,0xAA,27,0.489591340,0.001047510,63.794636000,3.369376000,60.425260000,130.301806353,123.419789202
avx512_add,2500,0xAA,28,0.489126939,0.001014793,63.696187000,3.386710000,60.309477000,130.224246320,123.300256392
avx512_add,2500,0xAA,29,0.489460240,0.001234981,63.844990000,3.369987000,60.475003000,130.439583711,123.554474928
avx512_add,2500,0xAA,30,0.489325573,0.001061986,63.745137000,3.389091000,60.356046000,130.271419506,123.345374380
avx512_add,2500,0xAA,31,0.489232755,0.000984501,63.698324000,3.382743000,60.315581000,130.200448251,123.286064524
avx512_add,2500,0xAA,32,0.489323518,0.001098873,63.765217000,3.387565000,60.377652000,130.313002897,123.390047273
avx512_add,2500,0xAA,33,0.488528704,0.001393978,63.609396000,3.379935000,60.229461000,130.206056333,123.287455707
avx512_add,2500,0xAA,34,0.488740787,0.001476764,63.794576000,3.381217000,60.413359000,130.528447064,123.610225612
avx512_add,2500,0xAA,35,0.488966584,0.001200660,63.625813000,3.375052000,60.250761000,130.123029040,123.220610529
avx512_add,2500,0xAA,36,0.489171183,0.001017461,63.861347000,3.389884000,60.471463000,130.550100396,123.620248187
avx512_add,2500,0xAA,37,0.488986956,0.001347631,63.749227000,3.385124000,60.364103000,130.369994915,123.447266289
avx512_add,2500,0xAA,38,0.488619514,0.001766226,63.651082000,3.377433000,60.273649000,130.267171337,123.354977083
avx512_add,2500,0xAA,39,0.488936524,0.001404875,63.797932000,3.390372000,60.407560000,130.483056219,123.548880041
avx512_add,2500,0xAA,40,0.489054273,0.000983286,63.707661000,3.391654000,60.316007000,130.267057350,123.331929310
avx512_add,2500,0xAA,41,0.488962131,0.001010116,64.077351000,3.401542000,60.675809000,131.047676174,124.091018829
avx512_add,2500,0xAA,42,0.488797355,0.001417252,63.666280000,3.375907000,60.290373000,130.250868462,123.344311041
avx512_add,2500,0xAA,43,0.488685475,0.001508256,63.714070000,3.382376000,60.331694000,130.378481131,123.457104966
avx512_add,2500,0xAA,44,0.488848644,0.001580149,63.716329000,3.364005000,60.352324000,130.339584295,123.458098494
avx512_add,2500,0xAA,45,0.489188531,0.001113765,63.780964000,3.389578000,60.391386000,130.381151471,123.452170550
avx512_add,2500,0xAA,46,0.489167627,0.001415002,63.817464000,3.379813000,60.437651000,130.461339732,123.552025191
avx512_add,2500,0xAA,47,0.489144722,0.001136196,63.762287000,3.383292000,60.378995000,130.354645934,123.437895429
avx512_add,2500,0xAA,48,0.489142410,0.001308486,63.734395000,3.382072000,60.352323000,130.298239672,123.383950644
avx512_add,2500,0xAA,49,0.489098084,0.001180033,63.381002000,3.380667000,60.000335000,129.587508278,122.675465252
avx512_add,2500,0xAA,50,0.488844140,0.001258234,63.757039000,3.387930000,60.369109000,130.424063169,123.493571991
avx512_add,2500,0xAA,51,0.488847745,0.001262623,63.711751000,3.389091000,60.322660000,130.330459065,123.397644020
avx512_add,2500,0xAA,52,0.488957654,0.001137256,63.679768000,3.364798000,60.314970000,130.235752548,123.354179114
avx512_add,2500,0xAA,53,0.488920960,0.001235329,63.589620000,3.381278000,60.208342000,130.061145186,123.145348411
avx512_add,2500,0xAA,54,0.489062254,0.001300864,63.432027000,3.377494000,60.054533000,129.701334420,122.795272932
avx512_add,2500,0xAA,55,0.489167258,0.001202226,63.902425000,3.392387000,60.510038000,130.635123180,123.700098514
avx512_add,2500,0xAA,56,0.489228992,0.001260131,63.650045000,3.379996000,60.270049000,130.102765997,123.193944037
avx512_add,2500,0xAA,57,0.489384507,0.001066422,63.803609000,3.383719000,60.419890000,130.375212317,123.460978311
avx512_add,2500,0xAA,58,0.489271590,0.001121014,63.815632000,3.396415000,60.419217000,130.429874460,123.488095962
avx512_add,2500,0xAA,59,0.489163385,0.001118972,63.795857000,3.392569000,60.403288000,130.418299894,123.482848251
avx512_add,2500,0xAA,60,0.489220303,0.001145837,63.708821000,3.383597000,60.325224000,130.225218877,123.308913521
avx512_add,2500,0xAA,61,0.488783258,0.001199205,63.425436000,3.368949000,60.056487000,129.761883034,122.869361774
avx512_add,2500,0xAA,62,0.488851040,0.001417613,63.688618000,3.379081000,60.309537000,130.282259283,123.369967561
avx512_add,2500,0xAA,63,0.488918085,0.001415322,63.793599000,3.391653000,60.401946000,130.479115036,123.542057261
avx512_add,2500,0xAA,64,0.489041558,0.001282451,63.690877000,3.385489000,60.305388000,130.236123994,123.313421938
avx512_add,2500,0xAA,65,0.488872755,0.001372642,63.785420000,3.388481000,60.396939000,130.474483184,123.543270577
avx512_add,2500,0xAA,66,0.488939221,0.001370577,63.856038000,3.388358000,60.467680000,130.601177581,123.671158765
avx512_add,2500,0xAA,67,0.489468387,0.001189370,63.988056000,3.396170000,60.591886000,130.729701194,123.791214279
avx512_add,2500,0xAA,68,0.489338396,0.000949078,63.660909000,3.387076000,60.273833000,130.095879555,123.174133726
avx512_add,2500,0xAA,69,0.488968341,0.001688542,63.626485000,3.364249000,60.262236000,130.123935879,123.243635621
avx512_add,2500,0xAA,70,0.489040685,0.001166614,63.679281000,3.390006000,60.289275000,130.212644868,123.280693997
avx512_add,2500,0xAA,71,0.489215333,0.001192662,63.790913000,3.393546000,60.397367000,130.394345183,123.457632919
avx512_add,2500,0xAA,72,0.489150856,0.001009396,63.808613000,3.389884000,60.418729000,130.447718148,123.517577971
avx512_add,2500,0xAA,73,0.489079583,0.001188249,63.590841000,3.392508000,60.198333000,130.021459057,123.084943781
avx512_add,2500,0xAA,74,0.489242191,0.001035675,63.707173000,3.384086000,60.323087000,130.216024159,123.299028732
avx512_add,2500,0xAA,75,0.488798532,0.001251424,63.704671000,3.390433000,60.314238000,130.329096482,123.392837921
avx512_add,2500,0xAA,76,0.489243995,0.001202736,63.687459000,3.388785000,60.298674000,130.175249245,123.248674705
avx512_add,2500,0xAA,77,0.489421957,0.001229323,63.966389000,3.381155000,60.585234000,130.697832510,123.789366411
avx512_add,2500,0xAA,78,0.489123800,0.001424041,63.598715000,3.376517000,60.222198000,130.025803388,123.122608322
avx512_add,2500,0xAA,79,0.489117314,0.001206501,63.803426000,3.397025000,60.406401000,130.446059095,123.500843898
avx512_add,2500,0xAA,80,0.489359131,0.000914584,63.785115000,3.390128000,60.394987000,130.344180608,123.416491346
avx512_add,2500,0xAA,81,0.489477830,0.000971387,63.770894000,3.397025000,60.373869000,130.283518673,123.343418852
avx512_add,2500,0xAA,82,0.488912979,0.001165536,63.726094000,3.390861000,60.335233000,130.342405880,123.406895589
avx512_add,2500,0xAA,83,0.489158701,0.001348529,63.729329000,3.386649000,60.342680000,130.283543723,123.360128084
avx512_add,2500,0xAA,84,0.489314597,0.001025437,63.805623000,3.382377000,60.423246000,130.397955465,123.485476209
avx512_add,2500,0xAA,85,0.488933857,0.001070588,63.939716000,3.394156000,60.545560000,130.773754185,123.831800886
avx512_add,2500,0xAA,86,0.489032230,0.001077532,63.892659000,3.353690000,60.538969000,130.651223236,123.793413470
avx512_add,2500,0xAA,87,0.489252726,0.001235913,63.920857000,3.396170000,60.524687000,130.649976070,123.708430696
avx512_add,2500,0xAA,88,0.489284909,0.000995470,63.930989000,3.387382000,60.543607000,130.662090444,123.738962550
avx512_add,2500,0xAA,89,0.489195381,0.001146200,63.653645000,3.390006000,60.263639000,130.119063828,123.189305020
avx512_add,2500,0xAA,90,0.488954785,0.001463841,63.940572000,3.391837000,60.548735000,130.769907411,123.832994015
avx512_add,2500,0xAA,91,0.489125056,0.001009404,63.790852000,3.377067000,60.413785000,130.418287272,123.513985474
avx512_add,2500,0xAA,92,0.489060017,0.001165237,63.663655000,3.382621000,60.281034000,130.175546561,123.258970101
avx512_add,2500,0xAA,93,0.488942040,0.001322857,63.645405000,3.388846000,60.256559000,130.169631063,123.238654137
avx512_add,2500,0xAA,94,0.489180610,0.001125491,63.537008000,3.356742000,60.180266000,129.884559473,123.022590840
avx512_add,2500,0xAA,95,0.489254153,0.001378926,63.923359000,3.389334000,60.534025000,130.654709102,123.727156252
avx512_add,2500,0xAA,96,0.489374093,0.001044999,63.874165000,3.395744000,60.478421000,130.522162801,123.583209451
avx512_add,2500,0xAA,97,0.489375471,0.001228758,63.895649000,3.388847000,60.506802000,130.565696143,123.640855804
avx512_add,2500,0xAA,98,0.488792261,0.001052441,63.900899000,3.386099000,60.514800000,130.732223189,123.804742400
avx512_add,2500,0xAA,99,0.489240631,0.001398144,63.819233000,3.386100000,60.433133000,130.445488248,123.524354179
avx512_add,2700,0x00,0,0.453967050,0.000576749,63.246725000,3.126151000,60.120574000,139.320078407,132.433783465
avx512_add,2700,0x00,1,0.454893385,0.005332363,66.243727000,3.292350000,62.951377000,145.624731489,138.387101506
avx512_add,2700,0x00,2,0.453731298,0.000697410,63.543966000,3.122429000,60.421537000,140.047570732,133.165900862
avx512_add,2700,0x00,3,0.453796420,0.000783095,63.813374000,3.129020000,60.684354000,140.621149149,133.725942698
avx512_add,2700,0x00,4,0.453955155,0.000724431,64.209674000,3.130363000,61.079311000,141.444971552,134.549217721
avx512_add,2700,0x00,5,0.453756516,0.000680252,63.935689000,3.134391000,60.801298000,140.903076443,133.995426872
avx512_add,2700,0x00,6,0.453595104,0.000800939,63.621175000,3.127495000,60.493680000,140.259836270,133.364931600
avx512_add,2700,0x00,7,0.453591842,0.000843943,63.813619000,3.127617000,60.686002000,140.685111748,133.789888534
avx512_add,2700,0x00,8,0.453630281,0.000773400,63.682149000,3.128532000,60.553617000,140.383373195,133.486717190
avx512_add,2700,0x00,9,0.453605894,0.000886767,63.854695000,3.134758000,60.719937000,140.771308067,133.860555707
avx512_add,2700,0x00,10,0.453611360,0.000713097,63.971760000,3.121085000,60.850675000,141.027685099,134.147158558
avx512_add,2700,0x00,11,0.453520113,0.000799639,63.768513000,3.144035000,60.624478000,140.607905023,133.675389996
avx512_add,2700,0x00,12,0.453502569,0.001001778,64.059224000,3.131523000,60.927701000,141.254379632,134.349186108
avx512_add,2700,0x00,13,0.453506558,0.000918500,63.931537000,3.135795000,60.795742000,140.971582080,134.057029373
avx512_add,2700,0x00,14,0.453523845,0.000677983,63.910786000,3.127128000,60.783658000,140.920453731,134.025274932
avx512_add,2700,0x00,15,0.453655345,0.000699725,64.148701000,3.134147000,61.014554000,141.404045422,134.495393214
avx512_add,2700,0x00,16,0.453589212,0.000853279,63.845479000,3.131401000,60.714078000,140.756167378,133.852561826
avx512_add,2700,0x00,17,0.453401503,0.001048583,64.088581000,3.138664000,60.949917000,141.350614381,134.428131813
avx512_add,2700,0x00,18,0.453381955,0.001044500,63.838398000,3.140251000,60.698147000,140.804893602,133.878612213
avx512_add,2700,0x00,19,0.453709538,0.000983514,63.901875000,3.104423000,60.797452000,140.843137951,134.000824219
avx512_add,2700,0x00,20,0.453533039,0.000971639,64.017903000,3.138664000,60.879239000,141.153780397,134.233305526
avx512_add,2700,0x00,21,0.453491705,0.000863484,63.884541000,3.146293000,60.738248000,140.872567901,133.934639455
avx512_add,2700,0x00,22,0.453583194,0.001081481,63.955402000,3.139030000,60.816372000,141.000378489,134.079861938
avx512_add,2700,0x00,23,0.453539677,0.000828900,64.070210000,3.145012000,60.925198000,141.267045066,134.332674913
avx512_add,2700,0x00,24,0.453705243,0.000797056,64.113300000,3.137443000,60.975857000,141.310467610,134.395310577
avx512_add,2700,0x00,25,0.453574355,0.000814079,64.165485000,3.128593000,61.036892000,141.466298421,134.568657564
avx512_add,2700,0x00,26,0.453635887,0.000813510,64.174213000,3.131340000,61.042873000,141.466349619,134.563588860
avx512_add,2700,0x00,27,0.453742250,0.000753967,63.988789000,3.133232000,60.855557000,141.024533090,134.119220663
avx512_add,2700,0x00,28,0.453821629,0.000760808,64.057880000,3.132194000,60.925686000,141.152108983,134.250291613
avx512_add,2700,0x00,29,0.453694645,0.000719816,64.149738000,3.142753000,61.006985000,141.394082312,134.467059845
avx512_add,2700,0x00,30,0.453589887,0.000806234,64.385334000,3.134758000,61.250576000,141.946140820,135.035144591
avx512_add,2700,0x00,31,0.453523318,0.000742688,64.004536000,3.135795000,60.868741000,141.127332344,134.213035159
avx512_add,2700,0x00,32,0.453366967,0.001030148,64.331439000,3.135551000,61.195888000,141.897058561,134.980915058
avx512_add,2700,0x00,33,0.453410925,0.000908748,64.222553000,3.137931000,61.084622000,141.643152963,134.722430883
avx512_add,2700,0x00,34,0.453413421,0.001063724,64.142963000,3.132621000,61.010342000,141.466837931,134.557865121
avx512_add,2700,0x00,35,0.453551107,0.000694834,64.347614000,3.135734000,61.211880000,141.875111862,134.961372806
avx512_add,2700,0x00,36,0.453510308,0.001088283,63.981708000,3.134574000,60.847134000,141.081044468,134.169241271
avx512_add,2700,0x00,37,0.453689902,0.000619371,64.203877000,3.114800000,61.089077000,141.514890958,134.649408639
avx512_add,2700,0x00,38,0.453849121,0.000743563,64.248920000,3.135185000,61.113735000,141.564491340,134.656501762
avx512_add,2700,0x00,39,0.453599437,0.000858220,64.337116000,3.139884000,61.197232000,141.836851385,134.914699943
avx512_add,2700,0x00,40,0.453592136,0.000810286,64.313129000,3.137810000,61.175319000,141.786252310,134.868561827
avx512_add,2700,0x00,41,0.453628674,0.000711727,64.138691000,3.133537000,61.005154000,141.390292847,134.482579154
avx512_add,2700,0x00,42,0.453875261,0.000660463,64.242328000,3.144768000,61.097560000,141.541814548,134.613109083
avx512_add,2700,0x00,43,0.453591711,0.000742697,64.063923000,3.144707000,60.919216000,141.236979041,134.304076780
avx512_add,2700,0x00,44,0.453756718,0.000510822,63.981159000,3.144828000,60.836331000,141.003221333,134.072573538
avx512_add,2700,0x00,45,0.453741027,0.000565552,64.109699000,3.133049000,60.976650000,141.291386826,134.386459099
avx512_add,2700,0x00,46,0.453698114,0.000710306,64.085225000,3.114555000,60.970670000,141.250807613,134.385989567
avx512_add,2700,0x00,47,0.453746436,0.000877416,64.339679000,3.147148000,61.192531000,141.796549649,134.860631806
avx512_add,2700,0x00,48,0.453661569,0.000760827,64.268207000,3.132194000,61.136013000,141.665530965,134.761278507
avx512_add,2700,0x00,49,0.453732868,0.000845728,64.041768000,3.146293000,60.895475000,141.144211663,134.209970792
avx512_add,2700,0x00,50,0.454124413,0.000532586,64.378070000,3.141655000,61.236415000,141.763067978,134.845018845
avx512_add,2700,0x00,51,0.453786866,0.000714206,64.212544000,3.129447000,61.083097000,141.503751686,134.607459099
avx512_add,2700,0x00,52,0.453919859,0.000673927,64.052875000,3.132865000,60.920010000,141.110536771,134.208734756
avx512_add,2700,0x00,53,0.453818760,0.000667625,64.198078000,3.133720000,61.064358000,141.461930705,134.556707133
avx512_add,2700,0x00,54,0.453460945,0.000894753,64.135456000,3.141959000,60.993497000,141.435457060,134.506615590
avx512_add,2700,0x00,55,0.453487590,0.000894179,64.250202000,3.118400000,61.131802000,141.680176993,134.803693337
avx512_add,2700,0x00,56,0.453529778,0.000731451,64.201801000,3.144645000,61.057156000,141.560277019,134.626564718
avx512_add,2700,0x00,57,0.453549161,0.000867094,64.277607000,3.134941000,61.142666000,141.721366771,134.809346489
avx512_add,2700,0x00,58,0.453434841,0.000906047,64.161762000,3.132927000,61.028835000,141.501614386,134.592293095
avx512_add,2700,0x00,59,0.453290634,0.000763669,64.127216000,3.142936000,60.984280000,141.470419264,134.536819127
avx512_add,2700,0x00,60,0.453419895,0.000822218,64.086689000,3.138054000,60.948635000,141.340708054,134.419851614
avx512_add,2700,0x00,61,0.453441216,0.000911227,64.299762000,3.132682000,61.167080000,141.803964142,134.895280312
avx512_add,2700,0x00,62,0.453350802,0.000868892,64.141071000,3.133476000,61.007595000,141.482204812,134.570391737
avx512_add,2700,0x00,63,0.453378275,0.000803636,64.470905000,3.148368000,61.322537000,142.201134239,135.256893257
avx512_add,2700,0x00,64,0.453391267,0.000863648,64.251666000,3.113761000,61.137905000,141.713505976,134.845793190
avx512_add,2700,0x00,65,0.453596203,0.000777205,64.380572000,3.141166000,61.239406000,141.933665965,135.008638865
avx512_add,2700,0x00,66,0.453370590,0.000894400,64.269672000,3.140251000,61.129421000,141.759684908,134.833229887
avx512_add,2700,0x00,67,0.453488468,0.000941215,64.306049000,3.137931000,61.168118000,141.803052387,134.883513698
avx512_add,2700,0x00,68,0.453601608,0.000993090,64.445574000,3.139885000,61.305689000,142.075276904,135.153156375
avx512_add,2700,0x00,69,0.453654101,0.000830392,64.440997000,3.143913000,61.297084000,142.048747852,135.118549286
avx512_add,2700,0x00,70,0.453659574,0.000740774,64.361103000,3.133659000,61.227444000,141.870924010,134.963411908
avx512_add,2700,0x00,71,0.453581007,0.000708530,64.137531000,3.128959000,61.008572000,141.402594058,134.504247451
avx512_add,2700,0x00,72,0.453375980,0.000855475,64.071309000,3.136711000,60.934598000,141.320475359,134.401910771
avx512_add,2700,0x00,73,0.453340950,0.000844116,64.437151000,3.110099000,61.327052000,142.138386254,135.277989013
avx512_add,2700,0x00,74,0.453389206,0.000976183,64.332905000,3.131096000,61.201809000,141.893331854,134.987353587
avx512_add,2700,0x00,75,0.453181367,0.000789744,64.333393000,3.132622000,61.200771000,141.959484062,135.046971257
avx512_add,2700,0x00,76,0.453523465,0.000733267,64.280659000,3.137626000,61.143033000,141.736126135,134.817793912
avx512_add,2700,0x00,77,0.453581207,0.000745111,64.195575000,3.127860000,61.067715000,141.530500096,134.634579465
avx512_add,2700,0x00,78,0.453346747,0.000913580,64.299335000,3.132011000,61.167324000,141.832571725,134.923928349
avx512_add,2700,0x00,79,0.453353768,0.000824773,64.269000000,3.140495000,61.128505000,141.763462778,134.836212532
avx512_add,2700,0x00,80,0.453544503,0.000825517,64.404010000,3.137565000,61.266445000,142.001522739,135.083645922
avx512_add,2700,0x00,81,0.453458086,0.000830439,64.615741000,3.142631000,61.473110000,142.495509553,135.565142451
avx512_add,2700,0x00,82,0.453579290,0.000948841,64.446429000,3.127738000,61.318691000,142.084152341,135.188471551
avx512_add,2700,0x00,83,0.453609498,0.000795054,64.500445000,3.140007000,61.360438000,142.193770965,135.271501883
avx512_add,2700,0x00,84,0.453406408,0.000755901,64.505267000,3.132499000,61.372768000,142.268097445,135.359286836
avx512_add,2700,0x00,85,0.453572812,0.000747743,64.497028000,3.143913000,61.353115000,142.197738153,135.266297568
avx512_add,2700,0x00,86,0.453369491,0.000911056,64.381305000,3.130119000,61.251186000,142.006258247,135.102134650
avx512_add,2700,0x00,87,0.453219310,0.000768235,64.306415000,3.134880000,61.171535000,141.888074077,134.971157846
avx512_add,2700,0x00,88,0.453356102,0.001020302,64.456561000,3.142997000,61.313564000,142.176449595,135.243716176
avx512_add,2700,0x00,89,0.453499372,0.000895243,64.336688000,3.137810000,61.198878000,141.867204106,134.948098607
avx512_add,2700,0x00,90,0.453291997,0.000923398,64.238910000,3.123893000,61.115017000,141.716399980,134.824831149
avx512_add,2700,0x00,91,0.453515985,0.000990640,64.540606000,3.140678000,61.399928000,142.311645221,135.386469258
avx512_add,2700,0x00,92,0.453525095,0.000741476,64.394855000,3.138542000,61.256313000,141.987413000,135.067085915
avx512_add,2700,0x00,93,0.453545283,0.000770693,64.566485000,3.146720000,61.419765000,142.359511540,135.421461216
avx512_add,2700,0x00,94,0.453528938,0.000789557,64.392230000,3.136955000,61.255275000,141.980422120,135.063652891
avx512_add,2700,0x00,95,0.453329566,0.000861649,64.181232000,3.126579000,61.054653000,141.577423553,134.680500799
avx512_add,2700,0x00,96,0.453535563,0.000936706,64.600421000,3.137016000,61.463405000,142.437388057,135.520585374
avx512_add,2700,0x00,97,0.453662320,0.000754198,64.414508000,3.140251000,61.274257000,141.987784988,135.065784065
avx512_add,2700,0x00,98,0.453467633,0.000743245,64.434344000,3.136954000,61.297390000,142.092487580,135.174785473
avx512_add,2700,0x00,99,0.453779627,0.000683653,64.272724000,3.127372000,61.145352000,141.638628524,134.746798624
avx512_add,2700,0xAA,0,0.453433236,0.000932413,64.555193000,3.117302000,61.437891000,142.369786598,135.494900166
avx512_add,2700,0xAA,1,0.453346316,0.000836367,64.331378000,3.129020000,61.202358000,141.903387474,135.001335143
avx512_add,2700,0xAA,2,0.453531778,0.001022890,64.627947000,3.132133000,61.495814000,142.499269491,135.593175685
avx512_add,2700,0xAA,3,0.453188582,0.001070376,64.594745000,3.132622000,61.462123000,142.533919741,135.621516995
avx512_add,2700,0xAA,4,0.453775265,0.000914634,64.593584000,3.124137000,61.469447000,142.347080168,135.462313099
avx512_add,2700,0xAA,5,0.453330677,0.000854064,64.498797000,3.132072000,61.366725000,142.277591638,135.368568807
avx512_add,2700,0xAA,6,0.453533138,0.000778681,64.600970000,3.150505000,61.450465000,142.439360276,135.492778565
avx512_add,2700,0xAA,7,0.453422714,0.000736365,64.642047000,3.142814000,61.499233000,142.564642139,135.633330802
avx512_add,2700,0xAA,8,0.453448206,0.000779059,64.530413000,3.145561000,61.384852000,142.310438360,135.373458664
avx512_add,2700,0xAA,9,0.453377094,0.000878668,64.513629000,3.100273000,61.413356000,142.295739656,135.457562259
avx512_add,2700,0xAA,10,0.453438539,0.000812703,64.685381000,3.138237000,61.547144000,142.655234230,135.734258773
avx512_add,2700,0xAA,11,0.453236161,0.000957024,64.499408000,3.124687000,61.374721000,142.308609725,135.414440049
avx512_add,2700,0xAA,12,0.453518188,0.000704734,64.639239000,3.126517000,61.512722000,142.528438222,135.634520657
avx512_add,2700,0xAA,13,0.453539357,0.000864840,64.482196000,3.134757000,61.347439000,142.175524604,135.263760604
avx512_add,2700,0xAA,14,0.453467426,0.000845522,64.619280000,3.137321000,61.481959000,142.500378780,135.581864200
avx512_add,2700,0xAA,15,0.453687590,0.000775710,64.691424000,3.142937000,61.548487000,142.590243674,135.662707921
avx512_add,2700,0xAA,16,0.453405530,0.000801981,64.484576000,3.137565000,61.347011000,142.222738263,135.302741057
avx512_add,2700,0xAA,17,0.453304508,0.001072997,64.471576000,3.135856000,61.335720000,142.225755164,135.307985887
avx512_add,2700,0xAA,18,0.453238149,0.000850984,64.603777000,3.128471000,61.475306000,142.538259749,135.635771493
avx512_add,2700,0xAA,19,0.453286234,0.000864995,64.635394000,3.138603000,61.496791000,142.592889918,135.668781556
avx512_add,2700,0xAA,20,0.453300266,0.001024796,64.578204000,3.139335000,61.438869000,142.462312144,135.536803304
avx512_add,2700,0xAA,21,0.453205903,0.000943330,64.431353000,3.140311000,61.291042000,142.167947345,135.238842987
avx512_add,2700,0xAA,22,0.453175963,0.000884017,64.511187000,3.134575000,61.376612000,142.353505742,135.436600922
avx512_add,2700,0xAA,23,0.453130525,0.001048947,64.508624000,3.134574000,61.374050000,142.362123869,135.444527672
avx512_add,2700,0xAA,24,0.453594521,0.000833914,64.481830000,3.129142000,61.352688000,142.157426941,135.258882416
avx512_add,2700,0xAA,25,0.453594554,0.000681276,64.559650000,3.132011000,61.427639000,142.328979572,135.424110515
avx512_add,2700,0xAA,26,0.453735495,0.000651530,64.527423000,3.131644000,61.395779000,142.213742877,135.311827476
avx512_add,2700,0xAA,27,0.453486619,0.000825893,64.566363000,3.117851000,61.448512000,142.377658445,135.502370692
avx512_add,2700,0xAA,28,0.453505110,0.000858757,64.542803000,3.134148000,61.408655000,142.319902460,135.408959382
avx512_add,2700,0xAA,29,0.453590591,0.000711926,64.463885000,3.133720000,61.330165000,142.119096558,135.210399459
avx512_add,2700,0xAA,30,0.453287061,0.000864932,64.573322000,3.134513000,61.438809000,142.455692224,135.540619476
avx512_add,2700,0xAA,31,0.453375828,0.000973423,64.614031000,3.139152000,61.474879000,142.517591433,135.593640469
avx512_add,2700,0xAA,32,0.453386452,0.000923312,64.566363000,3.142082000,61.424281000,142.409114280,135.478863081
avx512_add,2700,0xAA,33,0.453590455,0.000626253,64.604571000,3.128776000,61.475795000,142.429300107,135.531500632
avx512_add,2700,0xAA,34,0.453478575,0.000836144,64.566730000,3.137077000,61.429653000,142.380993480,135.463187051
avx512_add,2700,0xAA,35,0.453512687,0.000769380,64.566729000,3.133232000,61.433497000,142.370281817,135.461473988
avx512_add,2700,0xAA,36,0.453497192,0.000893997,64.501117000,3.114860000,61.386257000,142.230465981,135.361933932
avx512_add,2700,0xAA,37,0.453554038,0.000883656,64.587298000,3.128776000,61.458522000,142.402652506,135.504299188
avx512_add,2700,0xAA,38,0.453210730,0.000770518,64.605365000,3.131706000,61.473659000,142.550387034,135.640343226
avx512_add,2700,0xAA,39,0.453311683,0.000970794,64.527545000,3.124076000,61.403469000,142.346971159,135.455297901
avx512_add,2700,0xAA,40,0.453201314,0.001096361,64.682329000,3.131096000,61.551233000,142.723171748,135.814330352
avx512_add,2700,0xAA,41,0.453356670,0.000839078,64.693011000,3.142936000,61.550075000,142.697825657,135.765235468
avx512_add,2700,0xAA,42,0.453500860,0.000736846,64.680376000,3.138664000,61.541712000,142.624594055,135.703628121
avx512_add,2700,0xAA,43,0.453207629,0.000971985,64.690630000,3.143302000,61.547328000,142.739499240,135.803821640
avx512_add,2700,0xAA,44,0.453370782,0.000843472,64.624591000,3.143303000,61.481288000,142.542469842,135.609285954
avx512_add,2700,0xAA,45,0.453494601,0.000768547,64.718157000,3.124687000,61.593470000,142.709873176,135.819632382
avx512_add,2700,0xAA,46,0.453384159,0.000851757,64.644915000,3.137260000,61.507655000,142.583091440,135.663440769
avx512_add,2700,0xAA,47,0.453362840,0.000995489,64.756853000,3.142204000,61.614649000,142.836702253,135.905821020
avx512_add,2700,0xAA,48,0.453472888,0.001043511,64.673907000,3.129875000,61.544032000,142.619126152,135.717114844
avx512_add,2700,0xAA,49,0.453278903,0.000965202,64.497943000,3.127921000,61.370022000,142.291958866,135.391304588
avx512_add,2700,0xAA,50,0.453785032,0.000670890,64.650530000,3.134392000,61.516138000,142.469507400,135.562289714
avx512_add,2700,0xAA,51,0.453500787,0.000765522,64.667498000,3.141776000,61.525722000,142.596219959,135.668390749
avx512_add,2700,0xAA,52,0.453432703,0.000864298,64.638873000,3.143730000,61.495143000,142.554501621,135.621322830
avx512_add,2700,0xAA,53,0.453713492,0.000770531,64.546527000,3.133964000,61.412563000,142.262745429,135.355381959
avx512_add,2700,0xAA,54,0.453638640,0.000866141,64.670305000,3.133110000,61.537195000,142.559075372,135.652454711
avx512_add,2700,0xAA,55,0.453499191,0.000783014,64.606158000,3.137565000,61.468593000,142.461462550,135.542894529
avx512_add,2700,0xAA,56,0.453477753,0.000820106,64.636126000,3.137260000,61.498866000,142.534282105,135.616059595
avx512_add,2700,0xAA,57,0.453378038,0.000983370,64.585345000,3.133293000,61.452052000,142.453624959,135.542630740
avx512_add,2700,0xAA,58,0.453491896,0.000751441,64.580035000,3.133964000,61.446071000,142.406150076,135.495411367
avx512_add,2700,0xAA,59,0.453590459,0.000923224,64.497393000,3.133049000,61.364344000,142.193010655,135.285790857
avx512_add,2700,0xAA,60,0.453125083,0.000844908,64.530108000,3.125785000,61.404323000,142.411246764,135.512963889
avx512_add,2700,0xAA,61,0.453798075,0.000801482,64.583942000,3.143424000,61.440518000,142.318677673,135.391755388
avx512_add,2700,0xAA,62,0.453522046,0.000836527,64.513506000,3.140495000,61.373011000,142.249988722,135.325308822
avx512_add,2700,0xAA,63,0.453598127,0.000776134,64.565142000,3.114799000,61.450343000,142.339966011,135.473096829
avx512_add,2700,0xAA,64,0.453360195,0.000996104,64.539630000,3.137931000,61.401699000,142.358395602,135.436899109
avx512_add,2700,0xAA,65,0.453669504,0.000649051,64.645464000,3.145256000,61.500208000,142.494621020,135.561697439
avx512_add,2700,0xAA,66,0.453330514,0.000790308,64.528888000,3.137504000,61.391384000,142.344020414,135.423012672
avx512_add,2700,0xAA,67,0.453398935,0.000870488,64.485186000,3.139030000,61.346156000,142.226152317,135.302823308
avx512_add,2700,0xAA,68,0.453431347,0.000707315,64.613848000,3.129936000,61.483912000,142.499737740,135.596959575
avx512_add,2700,0xAA,69,0.453610778,0.000767469,64.602130000,3.149589000,61.452541000,142.417537385,135.474164014
avx512_add,2700,0xAA,70,0.453660344,0.000862337,64.734881000,3.145316000,61.589565000,142.694599153,135.761403341
avx512_add,2700,0xAA,71,0.453497419,0.000944798,64.540606000,3.144707000,61.395899000,142.317471491,135.383127726
avx512_add,2700,0xAA,72,0.453516661,0.000742424,64.523211000,3.106742000,61.416469000,142.273077428,135.422740344
avx512_add,2700,0xAA,73,0.453376787,0.000781718,64.628070000,3.136589000,61.491481000,142.548255388,135.629972205
avx512_add,2700,0xAA,74,0.453309966,0.001012144,64.527911000,3.139762000,61.388149000,142.348317586,135.422014977
avx512_add,2700,0xAA,75,0.453361616,0.000774550,64.531817000,3.142082000,61.389735000,142.340715937,135.410085092
avx512_add,2700,0xAA,76,0.453272282,0.000839618,64.513262000,3.140129000,61.373133000,142.327833905,135.400145784
avx512_add,2700,0xAA,77,0.453463999,0.000907710,64.610614000,3.148613000,61.462001000,142.482344997,135.538876487
avx512_add,2700,0xAA,78,0.453499601,0.000875851,64.638506000,3.138663000,61.499843000,142.532663385,135.611680452
avx512_add,2700,0xAA,79,0.453687517,0.000909652,64.538164000,3.128715000,61.409449000,142.252456936,135.356267640
avx512_add,2700,0xAA,80,0.453366446,0.000931536,64.660052000,3.134391000,61.525661000,142.622050301,135.708457487
avx512_add,2700,0xAA,81,0.453368687,0.000987013,64.508746000,3.103752000,61.404994000,142.287608056,135.441630177
avx512_add,2700,0xAA,82,0.453610657,0.000702143,64.479388000,3.140678000,61.338710000,142.146986572,135.223255945
avx512_add,2700,0xAA,83,0.453478726,0.001057864,64.508074000,3.135124000,61.372950000,142.251599106,135.338101698
avx512_add,2700,0xAA,84,0.453565708,0.000656307,64.540118000,3.133232000,61.406886000,142.294968286,135.386968086
avx512_add,2700,0xAA,85,0.453229783,0.000851797,64.512409000,3.128471000,61.383938000,142.339297523,135.436681866
avx512_add,2700,0xAA,86,0.453548664,0.000748882,64.564470000,3.124869000,61.439601000,142.354007706,135.464186947
avx512_add,2700,0xAA,87,0.453231923,0.000940020,64.346759000,3.129021000,61.217738000,141.973139445,135.069342865
avx512_add,2700,0xAA,88,0.453205003,0.000921654,64.447650000,3.128044000,61.319606000,142.204189294,135.302138388
avx512_add,2700,0xAA,89,0.453481342,0.000767905,64.493060000,3.132255000,61.360805000,142.217670470,135.310539541
avx512_add,2700,0xAA,90,0.453296992,0.000813389,64.468829000,3.098503000,61.370326000,142.222053328,135.386572278
avx512_add,2700,0xAA,91,0.453512010,0.000904061,64.844317000,3.139518000,61.704799000,142.982579447,136.059900597
avx512_add,2700,0xAA,92,0.453363996,0.000926156,64.570391000,3.137321000,61.433070000,142.425052661,135.504959694
avx512_add,2700,0xAA,93,0.453358052,0.000759469,64.558307000,3.138420000,61.419887000,142.400265630,135.477657798
avx512_add,2700,0xAA,94,0.453586612,0.000901997,64.687517000,3.154228000,61.533289000,142.613373784,135.659403102
avx512_add,2700,0xAA,95,0.453346515,0.000801483,64.488177000,3.131950000,61.356227000,142.249195375,135.340683021
avx512_add,2700,0xAA,96,0.453636000,0.000692884,64.666094000,3.144524000,61.521570000,142.550622107,135.618800117
avx512_add,2700,0xAA,97,0.453622432,0.000771114,64.472125000,3.127555000,61.344570000,142.127285638,135.232664081
avx512_add,2700,0xAA,98,0.453499082,0.000999729,64.589984000,3.139885000,61.450099000,142.425831969,135.502146504
avx512_add,2700,0xAA,99,0.453710691,0.000706489,64.473651000,3.105827000,61.367824000,142.103001425,135.257610606
avx512_add,2900,0x00,0,0.422895233,0.000474080,61.722865000,2.924247000,58.798618000,145.953087654,139.038261540
avx512_add,2900,0x00,1,0.423087467,0.000540108,61.739039000,2.925347000,58.813692000,145.925000758,139.010716537
avx512_add,2900,0x00,2,0.422916454,0.000759931,61.664026000,2.919609000,58.744417000,145.806637224,138.903124789
avx512_add,2900,0x00,3,0.422674585,0.000829854,61.765223000,2.926323000,58.838900000,146.129493511,139.206146082
avx512_add,2900,0x00,4,0.422761129,0.000658601,61.637110000,2.914726000,58.722384000,145.796540442,138.902041866
avx512_add,2900,0x00,5,0.422981000,0.000847125,62.068811000,2.929131000,59.139680000,146.741368923,139.816398302
avx512_add,2900,0x00,6,0.422672692,0.000672013,62.174829000,2.936882000,59.237947000,147.099233466,140.150873527
avx512_add,2900,0x00,7,0.423028017,0.000728597,61.640589000,2.914421000,58.726168000,145.712781564,138.823353713
avx512_add,2900,0x00,8,0.422959339,0.000688801,61.903345000,2.930535000,58.972810000,146.357673789,139.429029052
avx512_add,2900,0x00,9,0.422838159,0.000685636,61.794154000,2.918877000,58.875277000,146.141384644,139.238325070
avx512_add,2900,0x00,10,0.422695827,0.000785910,61.652736000,2.923454000,58.729282000,145.856031972,138.939819850
avx512_add,2900,0x00,11,0.422792105,0.000712863,61.825830000,2.932610000,58.893220000,146.232224291,139.295931106
avx512_add,2900,0x00,12,0.422720239,0.000604336,61.778406000,2.926628000,58.851778000,146.144897649,139.221576423
avx512_add,2900,0x00,13,0.422454667,0.000983299,61.695338000,2.908196000,58.787142000,146.040138166,139.156095393
avx512_add,2900,0x00,14,0.422841626,0.000765374,61.916468000,2.923088000,58.993380000,146.429453060,139.516491276
avx512_add,2900,0x00,15,0.422218509,0.001042921,61.954492000,2.936333000,59.018159000,146.735613509,139.781079458
avx512_add,2900,0x00,16,0.422704072,0.000592731,62.210290000,2.927910000,59.282380000,147.172204286,140.245585415
avx512_add,2900,0x00,17,0.422528209,0.000842617,61.912806000,2.924858000,58.987948000,146.529402490,139.607123841
avx512_add,2900,0x00,18,0.422600309,0.001026997,61.830225000,2.930596000,58.899629000,146.308991607,139.374316122
avx512_add,2900,0x00,19,0.422646059,0.000860069,61.950464000,2.929619000,59.020845000,146.577645020,139.646031823
avx512_add,2900,0x00,20,0.422732986,0.000745040,61.873072000,2.930107000,58.942965000,146.364428777,139.433086539
avx512_add,2900,0x00,21,0.422695670,0.000678603,61.730616000,2.927055000,58.803561000,146.040332216,139.115598392
avx512_add,2900,0x00,22,0.422603338,0.000655548,61.751917000,2.920586000,58.831331000,146.122643612,139.211704358
avx512_add,2900,0x00,23,0.422952095,0.000741181,61.865259000,2.921074000,58.944185000,146.270132394,139.363737955
avx512_add,2900,0x00,24,0.422566391,0.000834483,61.814722000,2.933891000,58.880831000,146.284047506,139.341017812
avx512_add,2900,0x00,25,0.422734040,0.000825167,62.361901000,2.925225000,59.436676000,147.520415026,140.600638702
avx512_add,2900,0x00,26,0.422668883,0.000858752,61.874963000,2.929314000,58.945649000,146.391100654,139.460583369
avx512_add,2900,0x00,27,0.422575080,0.001045915,62.080835000,2.937675000,59.143160000,146.910781031,139.958939474
avx512_add,2900,0x00,28,0.422656391,0.000688447,62.061914000,2.925530000,59.136384000,146.837751199,139.915981976
avx512_add,2900,0x00,29,0.422348572,0.000781140,62.085168000,2.933037000,59.152131000,146.999829214,140.055240805
avx512_add,2900,0x00,30,0.422813725,0.000864043,61.969812000,2.925652000,59.044160000,146.565280067,139.645797969
avx512_add,2900,0x00,31,0.422747649,0.000827690,62.129114000,2.931572000,59.197542000,146.965013723,140.030446473
avx512_add,2900,0x00,32,0.422800302,0.000669514,62.039331000,2.917473000,59.121858000,146.734358169,139.834001230
avx512_add,2900,0x00,33,0.422555140,0.000875904,62.173241000,2.927116000,59.246125000,147.136397382,140.209216234
avx512_add,2900,0x00,34,0.422763693,0.000719532,61.899073000,2.924676000,58.974397000,146.415300068,139.497307708
avx512_add,2900,0x00,35,0.422773129,0.000669042,62.395409000,2.924553000,59.470856000,147.586033075,140.668486052
avx512_add,2900,0x00,36,0.422633160,0.000856818,62.168970000,2.935723000,59.233247000,147.099129818,140.152862272
avx512_add,2900,0x00,37,0.422596041,0.000958543,61.824731000,2.934929000,58.889802000,146.297468521,139.352469715
avx512_add,2900,0x00,38,0.422432695,0.000802051,61.966517000,2.924431000,59.042086000,146.689680340,139.766847344
avx512_add,2900,0x00,39,0.422597064,0.000900489,62.119287000,2.923271000,59.196016000,146.994128219,140.076732786
avx512_add,2900,0x00,40,0.422546253,0.000781766,62.827171000,2.932183000,59.894988000,148.687085861,141.747767433
avx512_add,2900,0x00,41,0.422586579,0.000796757,62.250390000,2.931694000,59.318696000,147.308014870,140.370515790
avx512_add,2900,0x00,42,0.422765442,0.000781821,61.885400000,2.903862000,58.981538000,146.382352741,139.513621964
avx512_add,2900,0x00,43,0.422784760,0.000698627,61.944544000,2.921441000,59.023103000,146.515555563,139.605559564
avx512_add,2900,0x00,44,0.423319332,0.003674897,64.114337000,3.040642000,61.073695000,151.456199207,144.273342735
avx512_add,2900,0x00,45,0.422679357,0.000635047,61.578212000,2.916374000,58.661838000,145.685401852,138.785670529
avx512_add,2900,0x00,46,0.422859571,0.000877221,62.046106000,2.937493000,59.108613000,146.729813624,139.783079522
avx512_add,2900,0x00,47,0.422678637,0.000728688,61.988550000,2.934929000,59.053621000,146.656453690,139.712812018
avx512_add,2900,0x00,48,0.422144271,0.001010150,61.821375000,2.933343000,58.888032000,146.446083282,139.497409085
avx512_add,2900,0x00,49,0.422495011,0.000807214,62.010950000,2.928947000,59.082003000,146.773212268,139.840711480
avx512_add,2900,0x00,50,0.422663922,0.000764283,61.951868000,2.928703000,59.023165000,146.574772001,139.645618961
avx512_add,2900,0x00,51,0.422306192,0.000701612,62.149499000,2.934380000,59.215119000,147.166913968,140.218448478
avx512_add,2900,0x00,52,0.422791685,0.000835979,62.476708000,2.924003000,59.552705000,147.771846616,140.855904073
avx512_add,2900,0x00,53,0.422516987,0.000976146,62.050012000,2.934624000,59.115388000,146.858029166,139.912452798
avx512_add,2900,0x00,54,0.422561032,0.000726683,61.935816000,2.934136000,59.001680000,146.572474231,139.628776690
avx512_add,2900,0x00,55,0.422450375,0.000897920,61.892420000,2.921502000,58.970918000,146.508143091,139.592533182
avx512_add,2900,0x00,56,0.422588719,0.000799058,61.833276000,2.916619000,58.916657000,146.320224067,139.418433103
avx512_add,2900,0x00,57,0.422513767,0.000748653,61.958704000,2.928215000,59.030489000,146.643041737,139.712581176
avx512_add,2900,0x00,58,0.422627860,0.000935712,62.117761000,2.932549000,59.185212000,146.979806189,140.040961699
avx512_add,2900,0x00,59,0.422536836,0.000678052,61.942530000,2.922661000,59.019869000,146.596757182,139.679819418
avx512_add,2900,0x00,60,0.422780670,0.000732630,61.928736000,2.918449000,59.010287000,146.479582267,139.576596383
avx512_add,2900,0x00,61,0.422578770,0.000861385,61.833154000,2.909721000,58.923433000,146.323380148,139.437750280
avx512_add,2900,0x00,62,0.422620425,0.000879797,62.423607000,2.923088000,59.500519000,147.706081795,140.789501739
avx512_add,2900,0x00,63,0.422707314,0.000759969,62.726341000,2.925469000,59.800872000,148.391898804,141.471107748
avx512_add,2900,0x00,64,0.422747112,0.000910117,61.997705000,2.916069000,59.081636000,146.654354835,139.756450826
avx512_add,2900,0x00,65,0.422591499,0.000805504,62.105309000,2.929314000,59.175995000,146.962987025,140.031200639
avx512_add,2900,0x00,66,0.422789512,0.000778700,62.263208000,2.921502000,59.341706000,147.267626726,140.357564109
avx512_add,2900,0x00,67,0.422538278,0.000734781,62.016870000,2.923088000,59.093782000,146.772193898,139.854269167
avx512_add,2900,0x00,68,0.422569530,0.000733658,61.887964000,2.921379000,58.966585000,146.456286277,139.542917481
avx512_add,2900,0x00,69,0.422502940,0.000667883,61.993188000,2.922966000,59.070222000,146.728418032,139.810203451
avx512_add,2900,0x00,70,0.422816268,0.000812141,61.877894000,2.910149000,58.967745000,146.347003848,139.464229413
avx512_add,2900,0x00,71,0.422551004,0.000749527,62.026880000,2.931084000,59.095796000,146.791462762,139.854823230
avx512_add,2900,0x00,72,0.422663976,0.000841732,62.339135000,2.925224000,59.413911000,147.491006052,140.570085018
avx512_add,2900,0x00,73,0.422573871,0.000840797,61.989343000,2.923271000,59.066072000,146.694689918,139.776914827
avx512_add,2900,0x00,74,0.422577352,0.000834187,62.263695000,2.930657000,59.333038000,147.342716721,140.407520148
avx512_add,2900,0x00,75,0.422683041,0.000710362,61.757288000,2.908074000,58.849214000,146.107797094,139.227762370
avx512_add,2900,0x00,76,0.422762801,0.000879208,62.239464000,2.922416000,59.317048000,147.220767570,140.308106389
avx512_add,2900,0x00,77,0.422835894,0.000615877,62.456627000,2.931267000,59.525360000,147.708905355,140.776506654
avx512_add,2900,0x00,78,0.422585877,0.000878005,62.046350000,2.926384000,59.119966000,146.825422547,139.900477448
avx512_add,2900,0x00,79,0.422694354,0.000824373,62.286828000,2.922539000,59.364289000,147.356659512,140.442587979
avx512_add,2900,0x00,80,0.422786652,0.000679751,62.161462000,2.912956000,59.248506000,147.027967069,140.138071223
avx512_add,2900,0x00,81,0.422393268,0.000921755,62.295922000,2.920219000,59.375703000,147.483226448,140.569719011
avx512_add,2900,0x00,82,0.422254668,0.000880333,62.815880000,2.929253000,59.886627000,148.763020760,141.825849381
avx512_add,2900,0x00,83,0.422339266,0.000903249,62.737022000,2.933708000,59.803314000,148.546505302,141.600175095
avx512_add,2900,0x00,84,0.422661668,0.000816315,62.336998000,2.929131000,59.407867000,147.486755193,140.556552575
avx512_add,2900,0x00,85,0.422446486,0.000721605,62.564904000,2.927056000,59.637848000,148.101371603,141.172550800
avx512_add,2900,0x00,86,0.422547416,0.000932684,62.409875000,2.921867000,59.488008000,147.699104626,140.784219125
avx512_add,2900,0x00,87,0.422667195,0.000752878,62.301476000,2.928948000,59.372528000,147.400784104,140.471105073
avx512_add,2900,0x00,88,0.422768147,0.000707781,62.530785000,2.937187000,59.593598000,147.907985628,140.960473094
avx512_add,2900,0x00,89,0.422358854,0.000858119,62.101647000,2.920098000,59.181549000,147.035267226,140.121482963
avx512_add,2900,0x00,90,0.422595291,0.000792051,62.433189000,2.910210000,59.522979000,147.737540779,140.851022959
avx512_add,2900,0x00,91,0.422298850,0.000837818,62.754112000,2.931328000,59.822784000,148.601190864,141.659831681
avx512_add,2900,0x00,92,0.422537076,0.000802275,61.921594000,2.925774000,58.995820000,146.547125638,139.622824401
avx512_add,2900,0x00,93,0.422592472,0.000883600,62.359581000,2.928459000,59.431122000,147.564344063,140.634596869
avx512_add,2900,0x00,94,0.422753781,0.000862097,62.127953000,2.926933000,59.201020000,146.960135682,140.036642310
avx512_add,2900,0x00,95,0.422340471,0.000845263,62.369286000,2.922356000,59.446930000,147.675371758,140.755940153
avx512_add,2900,0x00,96,0.422692526,0.000782004,62.644005000,2.922600000,59.721405000,148.202301049,141.288055304
avx512_add,2900,0x00,97,0.422430930,0.000748240,62.124597000,2.921990000,59.202607000,147.064508311,140.147424847
avx512_add,2900,0x00,98,0.422478145,0.000832374,62.703148000,2.929924000,59.773224000,148.417495101,141.482405001
avx512_add,2900,0x00,99,0.422870154,0.000866822,62.545189000,2.932366000,59.612823000,147.906369038,140.971933078
avx512_add,2900,0xAA,0,0.422770958,0.000886530,63.114584000,2.915947000,60.198637000,149.287889190,142.390662828
avx512_add,2900,0xAA,1,0.422610841,0.000769734,63.132407000,2.922722000,60.209685000,149.386624454,142.470753596
avx512_add,2900,0xAA,2,0.422525902,0.000961725,63.111045000,2.933770000,60.177275000,149.366097160,142.422688524
avx512_add,2900,0xAA,3,0.422261128,0.000940336,63.140220000,2.918755000,60.221465000,149.528847915,142.616644054
avx512_add,2900,0xAA,4,0.422480640,0.000859666,63.058554000,2.916923000,60.141631000,149.257854687,142.353578556
avx512_add,2900,0xAA,5,0.422298160,0.001064085,63.140646000,2.927178000,60.213468000,149.516744245,142.585200903
avx512_add,2900,0xAA,6,0.422308040,0.001014400,63.082725000,2.926750000,60.155975000,149.376092724,142.445725031
avx512_add,2900,0xAA,7,0.422061419,0.001022741,63.221701000,2.921441000,60.300260000,149.792656138,142.870817589
avx512_add,2900,0xAA,8,0.422566291,0.000755635,63.206382000,2.923943000,60.282439000,149.577435164,142.657945697
avx512_add,2900,0xAA,9,0.422466609,0.000831195,63.102377000,2.920464000,60.181913000,149.366543128,142.453655964
avx512_add,2900,0xAA,10,0.422647226,0.000919884,63.306845000,2.920219000,60.386626000,149.786491116,142.877137834
avx512_add,2900,0xAA,11,0.422330882,0.000862222,63.016928000,2.925896000,60.091032000,149.212218755,142.284248004
avx512_add,2900,0xAA,12,0.422625797,0.000798652,63.216940000,2.933281000,60.283659000,149.581356584,142.640746184
avx512_add,2900,0xAA,13,0.422662326,0.000891824,63.270773000,2.927117000,60.343656000,149.695795296,142.770368492
avx512_add,2900,0xAA,14,0.422497545,0.000738609,63.263449000,2.925835000,60.337614000,149.736844058,142.811750563
avx512_add,2900,0xAA,15,0.422554284,0.000789286,63.225118000,2.926445000,60.298673000,149.626025214,142.700417999
avx512_add,2900,0xAA,16,0.422742734,0.000854711,63.305563000,2.927239000,60.378324000,149.749618042,142.825219910
avx512_add,2900,0xAA,17,0.422520300,0.000828940,63.240683000,2.928947000,60.311736000,149.674898435,142.742812570
avx512_add,2900,0xAA,18,0.422530895,0.000728722,63.050375000,2.926506000,60.123869000,149.220745047,142.294610100
avx512_add,2900,0xAA,19,0.422483110,0.000938002,63.333150000,2.914239000,60.418911000,149.906939551,143.009056695
avx512_add,2900,0xAA,20,0.422396763,0.001045695,63.049582000,2.924736000,60.124846000,149.266252668,142.342108702
avx512_add,2900,0xAA,21,0.422415937,0.000931727,63.231833000,2.927605000,60.304228000,149.690926476,142.760304921
avx512_add,2900,0xAA,22,0.422560342,0.000945082,63.119712000,2.918510000,60.201202000,149.374434146,142.467704600
avx512_add,2900,0xAA,23,0.422282329,0.000910634,63.298422000,2.926384000,60.372038000,149.895976488,142.966053538
avx512_add,2900,0xAA,24,0.422093086,0.000993721,63.314047000,2.923333000,60.390714000,150.000199194,143.074397527
avx512_add,2900,0xAA,25,0.422533648,0.000963004,63.219320000,2.929802000,60.289518000,149.619611025,142.685720632
avx512_add,2900,0xAA,26,0.422412296,0.001039612,63.152060000,2.921074000,60.230986000,149.503365947,142.588145839
avx512_add,2900,0xAA,27,0.422317952,0.000981969,63.272788000,2.925713000,60.347075000,149.822634223,142.894884672
avx512_add,2900,0xAA,28,0.422565973,0.000804221,63.168539000,2.931328000,60.237211000,149.487992595,142.551021354
avx512_add,2900,0xAA,29,0.422565766,0.000721100,63.181539000,2.904717000,60.276822000,149.518830038,142.644830223
avx512_add,2900,0xAA,30,0.422511097,0.001021508,63.379721000,2.939385000,60.440336000,150.007234011,143.050292476
avx512_add,2900,0xAA,31,0.422631285,0.000691518,63.244406000,2.928581000,60.315825000,149.644402263,142.715002796
avx512_add,2900,0xAA,32,0.422335728,0.000899898,63.114646000,2.913689000,60.200957000,149.441882098,142.542894373
avx512_add,2900,0xAA,33,0.422676140,0.000841131,63.205283000,2.919487000,60.285796000,149.535961378,142.628812568
avx512_add,2900,0xAA,34,0.422647691,0.000658116,62.975547000,2.919365000,60.056182000,149.002463242,142.095138148
avx512_add,2900,0xAA,35,0.422724881,0.000857344,63.256552000,2.933464000,60.323088000,149.640001960,142.700585491
avx512_add,2900,0xAA,36,0.422807939,0.000857799,63.279318000,2.921135000,60.358183000,149.664450926,142.755557472
avx512_add,2900,0xAA,37,0.422617187,0.000841431,63.340353000,2.934624000,60.405729000,149.876424766,142.932495149
avx512_add,2900,0xAA,38,0.422630932,0.000793356,63.362081000,2.919731000,60.442350000,149.922961676,143.014496678
avx512_add,2900,0xAA,39,0.422620128,0.000795331,63.153769000,2.914788000,60.238981000,149.433888222,142.536942702
avx512_add,2900,0xAA,40,0.422608107,0.000811458,63.300742000,2.925774000,60.374968000,149.785915104,142.862777679
avx512_add,2900,0xAA,41,0.422524831,0.000698346,63.225119000,2.919609000,60.305510000,149.636457596,142.726546548
avx512_add,2900,0xAA,42,0.422558359,0.000855944,63.232382000,2.919914000,60.312468000,149.641772938,142.731688359
avx512_add,2900,0xAA,43,0.422403032,0.000774264,63.282492000,2.922539000,60.359953000,149.815430454,142.896590433
avx512_add,2900,0xAA,44,0.422614378,0.000850838,63.267477000,2.925896000,60.341581000,149.704980087,142.781656711
avx512_add,2900,0xAA,45,0.422826656,0.000640337,63.290426000,2.924248000,60.366178000,149.684096473,142.768146504
avx512_add,2900,0xAA,46,0.422689922,0.001020036,63.279135000,2.924065000,60.355070000,149.705804884,142.788050645
avx512_add,2900,0xAA,47,0.422783512,0.000840457,63.222372000,2.929558000,60.292814000,149.538404945,142.609189595
avx512_add,2900,0xAA,48,0.422606977,0.000915693,63.251180000,2.895622000,60.355558000,149.669038736,142.817230417
avx512_add,2900,0xAA,49,0.422380087,0.000918907,63.416403000,2.928642000,60.487761000,150.140607925,143.206942982
avx512_add,2900,0xAA,50,0.422835055,0.000701285,63.179099000,2.924859000,60.254240000,149.417836154,142.500578552
avx512_add,2900,0xAA,51,0.422658738,0.000708816,63.305563000,2.923882000,60.381681000,149.779378097,142.861546444
avx512_add,2900,0xAA,52,0.422614660,0.000809155,63.243247000,2.923027000,60.320220000,149.647546437,142.731016381
avx512_add,2900,0xAA,53,0.422627318,0.000911116,63.129599000,2.923882000,60.205717000,149.374156055,142.455810096
avx512_add,2900,0xAA,54,0.422601419,0.000826182,63.397237000,2.932976000,60.464261000,150.016621382,143.076332326
avx512_add,2900,0xAA,55,0.422334637,0.000629296,63.220664000,2.923088000,60.297576000,149.693296573,142.772036162
avx512_add,2900,0xAA,56,0.422546551,0.000874633,63.252402000,2.921867000,60.330535000,149.693333962,142.778434309
avx512_add,2900,0xAA,57,0.422699920,0.000763526,63.312521000,2.924797000,60.387724000,149.781246592,142.861924256
avx512_add,2900,0xAA,58,0.422435789,0.000924021,63.213828000,2.913200000,60.300628000,149.641270197,142.745074189
avx512_add,2900,0xAA,59,0.422582552,0.001045890,63.351827000,2.932793000,60.419034000,149.915860865,142.975694998
avx512_add,2900,0xAA,60,0.422790411,0.000930962,63.365255000,2.925469000,60.439786000,149.873917003,142.954486187
avx512_add,2900,0xAA,61,0.422288667,0.000985312,63.233298000,2.919731000,60.313567000,149.739509936,142.825445623
avx512_add,2900,0xAA,62,0.422169125,0.000933305,63.278707000,2.918754000,60.359953000,149.889471581,142.975763709
avx512_add,2900,0xAA,63,0.422688096,0.000832702,63.200034000,2.924309000,60.275725000,149.519313544,142.600952167
avx512_add,2900,0xAA,64,0.422745833,0.000735441,63.182822000,2.917717000,60.265105000,149.458178152,142.556354944
avx512_add,2900,0xAA,65,0.422332231,0.000865581,63.178611000,2.910271000,60.268340000,149.594575935,142.703624247
avx512_add,2900,0xAA,66,0.422585203,0.000910009,63.326010000,2.932488000,60.393522000,149.853827217,142.914426644
avx512_add,2900,0xAA,67,0.422585782,0.000757769,63.119162000,2.904350000,60.214812000,149.364140402,142.491334626
avx512_add,2900,0xAA,68,0.422683958,0.000809276,63.272970000,2.917839000,60.355131000,149.693331716,142.790209556
avx512_add,2900,0xAA,69,0.422415190,0.000730943,63.143149000,2.914239000,60.228910000,149.481246253,142.582254288
avx512_add,2900,0xAA,70,0.422647570,0.000856828,63.288595000,2.920281000,60.368314000,149.743189005,142.833694653
avx512_add,2900,0xAA,71,0.422473041,0.000801662,63.324484000,2.924187000,60.400297000,149.889999562,142.968405252
avx512_add,2900,0xAA,72,0.422467279,0.000868666,63.403402000,2.923150000,60.480252000,150.078846673,143.159612581
avx512_add,2900,0xAA,73,0.422543602,0.000922239,63.434347000,2.921379000,60.512968000,150.124973527,143.211180515
avx512_add,2900,0xAA,74,0.422606790,0.000847347,63.279501000,2.921135000,60.358366000,149.736119965,142.823938075
avx512_add,2900,0xAA,75,0.422364667,0.000935322,63.414205000,2.926079000,60.488126000,150.140885411,143.213035541
avx512_add,2900,0xAA,76,0.422522471,0.000668583,63.363058000,2.921379000,60.441679000,149.963758956,143.049620182
avx512_add,2900,0xAA,77,0.422463908,0.000878857,63.303244000,2.914055000,60.389189000,149.842963538,142.945202704
avx512_add,2900,0xAA,78,0.422736408,0.000643887,63.144431000,2.928643000,60.215788000,149.370694683,142.442871715
avx512_add,2900,0xAA,79,0.422624611,0.000785200,63.301352000,2.933037000,60.368315000,149.781508917,142.841456396
avx512_add,2900,0xAA,80,0.422487679,0.000695485,63.183921000,2.926873000,60.257048000,149.552103105,142.624391027
avx512_add,2900,0xAA,81,0.422530025,0.000763450,63.176962000,2.920891000,60.256071000,149.520645460,142.607785236
avx512_add,2900,0xAA,82,0.422494762,0.000837971,63.297262000,2.937614000,60.359648000,149.817862083,142.864843339
avx512_add,2900,0xAA,83,0.422500987,0.000926662,63.150107000,2.926079000,60.224028000,149.467359706,142.541745115
avx512_add,2900,0xAA,84,0.422523567,0.000791923,63.269186000,2.928460000,60.340726000,149.741200002,142.810320339
avx512_add,2900,0xAA,85,0.422696023,0.000791816,63.224936000,2.909172000,60.315764000,149.575422033,142.693000995
avx512_add,2900,0xAA,86,0.422571122,0.000760400,63.206381000,2.922417000,60.283964000,149.575722618,142.659923490
avx512_add,2900,0xAA,87,0.422436289,0.001088177,63.432272000,2.902702000,60.529570000,150.158198226,143.286861467
avx512_add,2900,0xAA,88,0.422718240,0.000644050,63.241354000,2.932915000,60.308439000,149.606399875,142.668173121
avx512_add,2900,0xAA,89,0.422790587,0.000842143,63.311117000,2.928093000,60.383024000,149.745805569,142.820171244
avx512_add,2900,0xAA,90,0.422448773,0.000834990,63.226279000,2.914299000,60.311980000,149.666144141,142.767558598
avx512_add,2900,0xAA,91,0.422671161,0.000742954,63.109214000,2.915703000,60.193511000,149.310432908,142.412155310
avx512_add,2900,0xAA,92,0.422390787,0.000855628,63.265707000,2.926445000,60.339262000,149.780035419,142.851747464
avx512_add,2900,0xAA,93,0.422647305,0.000695152,63.119101000,2.919976000,60.199125000,149.342253710,142.433476657
avx512_add,2900,0xAA,94,0.422903770,0.001928380,63.847309000,2.973015000,60.874294000,150.973610532,143.943606986
avx512_add,2900,0xAA,95,0.422684191,0.000769570,63.342062000,2.911797000,60.430265000,149.856709362,142.967885364
avx512_add,2900,0xAA,96,0.422432169,0.000993087,63.424826000,2.892022000,60.532804000,150.142036151,143.295914544
avx512_add,2900,0xAA,97,0.422344803,0.000947728,63.254110000,2.928764000,60.325346000,149.768884555,142.834351488
avx512_add,2900,0xAA,98,0.422424297,0.000822572,63.300009000,2.920464000,60.379545000,149.849356410,142.935776811
avx512_add,2900,0xAA,99,0.422567574,0.000791012,63.250876000,2.927177000,60.323699000,149.682275558,142.755153880
avx512_add,3100,0x00,0,0.408818584,0.000819419,61.037930000,2.820549000,58.217381000,149.303217455,142.403949399
avx512_add,3100,0x00,1,0.409018177,0.000877264,61.307277000,2.820366000,58.486911000,149.888881514,142.993427567
avx512_add,3100,0x00,2,0.409026029,0.001052887,61.283779000,2.829156000,58.454623000,149.828555222,142.911743581
avx512_add,3100,0x00,3,0.408927770,0.001078515,61.309108000,2.832756000,58.476352000,149.926496825,142.999219667
avx512_add,3100,0x00,4,0.409015622,0.000835747,61.139919000,2.817559000,58.322360000,149.480645164,142.592010962
avx512_add,3100,0x00,5,0.408892213,0.000840691,61.262966000,2.819268000,58.443698000,149.826687997,142.931795134
avx512_add,3100,0x00,6,0.408886032,0.000661013,61.062221000,2.809807000,58.252414000,149.337997120,142.466138501
avx512_add,3100,0x00,7,0.408614160,0.000929057,61.010769000,2.797234000,58.213535000,149.311440791,142.465779843
avx512_add,3100,0x00,8,0.408973139,0.000744543,61.196437000,2.810661000,58.385776000,149.634367565,142.761884431
avx512_add,3100,0x00,9,0.408746046,0.000772265,61.044826000,2.816460000,58.228366000,149.346584684,142.456096015
avx512_add,3100,0x00,10,0.408899938,0.000932961,61.274319000,2.827630000,58.446689000,149.851621964,142.936409381
avx512_add,3100,0x00,11,0.409051985,0.000865923,61.472133000,2.816705000,58.655428000,150.279512617,143.393578554
avx512_add,3100,0x00,12,0.408767778,0.000892563,61.055690000,2.814080000,58.241610000,149.365222174,142.480922211
avx512_add,3100,0x00,13,0.408651104,0.001196453,61.443325000,2.837395000,58.605930000,150.356439367,143.413120312
avx512_add,3100,0x00,14,0.408662112,0.001125013,61.241664000,2.815422000,58.426242000,149.858922930,142.969559040
avx512_add,3100,0x00,15,0.408557150,0.000770210,61.176784000,2.819451000,58.357333000,149.738620306,142.837624942
avx512_add,3100,0x00,16,0.408523758,0.000734921,61.207241000,2.823906000,58.383335000,149.825413476,142.912948919
avx512_add,3100,0x00,17,0.408284514,0.001082828,61.086025000,2.815911000,58.270114000,149.616316227,142.719383080
avx512_add,3100,0x00,18,0.408315985,0.000976926,61.254177000,2.822808000,58.431369000,150.016603042,143.103310138
avx512_add,3100,0x00,19,0.408532961,0.000774297,61.104092000,2.819023000,58.285069000,149.569552113,142.669195791
avx512_add,3100,0x00,20,0.408530720,0.000993180,61.140957000,2.829766000,58.311191000,149.660610695,142.733919840
avx512_add,3100,0x00,21,0.408582191,0.000829056,61.199855000,2.823845000,58.376010000,149.785909464,142.874582770
avx512_add,3100,0x00,22,0.408608360,0.001136031,61.291224000,2.823602000,58.467622000,149.999926593,143.089637239
avx512_add,3100,0x00,23,0.408355110,0.001034041,61.055935000,2.814507000,58.241428000,149.516765086,142.624462446
avx512_add,3100,0x00,24,0.408763968,0.000767999,61.170253000,2.816827000,58.353426000,149.646881172,142.755796785
avx512_add,3100,0x00,25,0.408539886,0.001118835,61.170498000,2.827935000,58.342563000,149.729561573,142.807507944
avx512_add,3100,0x00,26,0.408502145,0.001015890,61.156094000,2.816277000,58.339817000,149.708134362,142.813979619
avx512_add,3100,0x00,27,0.408488628,0.001306890,61.414516000,2.812065000,58.602451000,150.345717799,143.461646109
avx512_add,3100,0x00,28,0.408664066,0.000875973,61.153652000,2.820183000,58.333469000,149.642841378,142.741860267
avx512_add,3100,0x00,29,0.408432310,0.001072947,61.163357000,2.814079000,58.349278000,149.751514438,142.861562469
avx512_add,3100,0x00,30,0.408574496,0.000907344,61.686793000,2.819939000,58.866854000,150.980527779,144.078630990
avx512_add,3100,0x00,31,0.408545408,0.000953334,61.081326000,2.819329000,58.261997000,149.509270653,142.608375566
avx512_add,3100,0x00,32,0.408599698,0.000960225,61.324184000,2.835076000,58.489108000,150.083772355,143.145255228
avx512_add,3100,0x00,33,0.408600307,0.000951615,61.245815000,2.819878000,58.425937000,149.891749823,142.990438318
avx512_add,3100,0x00,34,0.408524129,0.000942426,61.116909000,2.823967000,58.292942000,149.604159481,142.691551884
avx512_add,3100,0x00,35,0.408461789,0.000919567,61.178432000,2.817254000,58.361178000,149.777613461,142.880385683
avx512_add,3100,0x00,36,0.408338908,0.001101882,61.173367000,2.819268000,58.354099000,149.810281969,142.906046438
avx512_add,3100,0x00,37,0.408574190,0.000899538,61.059475000,2.797478000,58.261997000,149.445257460,142.598329609
avx512_add,3100,0x00,38,0.408643216,0.000990561,61.264797000,2.815117000,58.449680000,149.922461775,143.033525690
avx512_add,3100,0x00,39,0.408402178,0.001062782,61.681544000,2.836602000,58.844942000,151.031378708,144.085769323
avx512_add,3100,0x00,40,0.408641344,0.000881921,61.407435000,2.834221000,58.573214000,150.272202987,143.336485294
avx512_add,3100,0x00,41,0.408493946,0.000974690,61.320278000,2.831230000,58.489048000,150.113064239,143.182165934
avx512_add,3100,0x00,42,0.408847053,0.001032768,61.363857000,2.830743000,58.533114000,150.090006978,143.166285794
avx512_add,3100,0x00,43,0.408535122,0.000981935,61.103725000,2.820305000,58.283420000,149.567862718,142.664404851
avx512_add,3100,0x00,44,0.408672240,0.000828847,61.248867000,2.828301000,58.420566000,149.872834616,142.952127200
avx512_add,3100,0x00,45,0.408717957,0.000801949,61.295864000,2.815667000,58.480197000,149.971056988,143.082034980
avx512_add,3100,0x00,46,0.408550250,0.000935392,61.167995000,2.821709000,58.346286000,149.719636626,142.812997849
avx512_add,3100,0x00,47,0.408537316,0.001010759,61.261256000,2.795037000,58.466219000,149.952656891,143.111086025
avx512_add,3100,0x00,48,0.408536815,0.001002697,61.096706000,2.820977000,58.275729000,149.550062139,142.644987983
avx512_add,3100,0x00,49,0.408691379,0.000924790,61.333279000,2.832329000,58.500950000,150.072357987,143.142118833
avx512_add,3100,0x00,50,0.408639672,0.001032621,61.763209000,2.813958000,58.949251000,151.143448107,144.257288501
avx512_add,3100,0x00,51,0.408841553,0.000848475,61.288417000,2.813042000,58.475375000,149.907504697,143.026985874
avx512_add,3100,0x00,52,0.408778183,0.001014363,61.523463000,2.832451000,58.691012000,150.505740005,143.576674035
avx512_add,3100,0x00,53,0.408619897,0.000851585,61.574794000,2.816338000,58.758456000,150.689661595,143.797344259
avx512_add,3100,0x00,54,0.408617787,0.000994158,61.307216000,2.824638000,58.482578000,150.035602700,143.122937399
avx512_add,3100,0x00,55,0.408500057,0.000923487,61.260768000,2.820062000,58.440706000,149.965139260,143.061683682
avx512_add,3100,0x00,56,0.408453515,0.001145988,61.658534000,2.837578000,58.820956000,150.956061644,144.008935728
avx512_add,3100,0x00,57,0.408642537,0.000765667,61.271511000,2.834404000,58.437107000,149.939141077,143.002995807
avx512_add,3100,0x00,58,0.408801433,0.000777259,61.172023000,2.820244000,58.351779000,149.637496658,142.738685217
avx512_add,3100,0x00,59,0.408444043,0.001023692,61.576807000,2.823906000,58.752901000,150.759468958,143.845655304
avx512_add,3100,0x00,60,0.408665119,0.000840165,61.199551000,2.813591000,58.385960000,149.754770316,142.869937551
avx512_add,3100,0x00,61,0.408805109,0.001118606,61.428675000,2.834771000,58.593904000,150.263960965,143.329676302
avx512_add,3100,0x00,62,0.408630679,0.000751205,61.351955000,2.815361000,58.536594000,150.140354489,143.250609923
avx512_add,3100,0x00,63,0.408823430,0.000895373,61.715541000,2.819390000,58.896151000,150.958913961,144.062562644
avx512_add,3100,0x00,64,0.408616610,0.000877848,61.451198000,2.825188000,58.626010000,150.388399558,143.474368333
avx512_add,3100,0x00,65,0.409099135,0.000741093,61.281337000,2.802056000,58.479281000,149.795811547,142.946479057
avx512_add,3100,0x00,66,0.408835553,0.000826235,61.569971000,2.819512000,58.750459000,150.598377684,143.701932450
avx512_add,3100,0x00,67,0.408875452,0.000773084,61.563502000,2.801079000,58.762423000,150.567860481,143.717170407
avx512_add,3100,0x00,68,0.408987809,0.000488996,61.310878000,2.817498000,58.493380000,149.908815576,143.019862068
avx512_add,3100,0x00,69,0.409017904,0.000785728,62.118798000,2.827447000,59.291351000,151.873053380,144.960282641
avx512_add,3100,0x00,70,0.408829360,0.000947098,61.417262000,2.806328000,58.610934000,150.227131332,143.362829810
avx512_add,3100,0x00,71,0.408685950,0.001097147,61.485560000,2.833488000,58.652072000,150.446962978,143.513795837
avx512_add,3100,0x00,72,0.409009018,0.000826495,61.327114000,2.819512000,58.507602000,149.940737811,143.047217442
avx512_add,3100,0x00,73,0.408907691,0.000738672,61.852014000,2.820305000,59.031709000,151.261556844,144.364388951
avx512_add,3100,0x00,74,0.408844530,0.000865122,61.311184000,2.800225000,58.510959000,149.962099167,143.112979777
avx512_add,3100,0x00,75,0.409002924,0.000868587,61.804346000,2.801018000,59.003328000,151.109790004,144.261384202
avx512_add,3100,0x00,76,0.409166243,0.000734515,61.337978000,2.805412000,58.532566000,149.909673651,143.053262483
avx512_add,3100,0x00,77,0.408919116,0.000687776,61.636866000,2.784478000,58.852388000,150.731192483,143.921831193
avx512_add,3100,0x00,78,0.409129125,0.000584950,61.670985000,2.822563000,58.848422000,150.737215430,143.838261457
avx512_add,3100,0x00,79,0.408899453,0.000723108,61.959803000,2.814873000,59.144930000,151.528211852,144.644189444
avx512_add,3100,0x00,80,0.408810268,0.000895721,61.803065000,2.826836000,58.976229000,151.177868535,144.263081361
avx512_add,3100,0x00,81,0.409194128,0.000912897,61.604945000,2.824944000,58.780001000,150.551879337,143.648202558
avx512_add,3100,0x00,82,0.408865722,0.000802566,61.421107000,2.821770000,58.599337000,150.223175305,143.321716343
avx512_add,3100,0x00,83,0.408893803,0.000698115,61.402614000,2.827019000,58.575595000,150.167631733,143.253809659
avx512_add,3100,0x00,84,0.408899096,0.000721812,61.694972000,2.822747000,58.872225000,150.880675871,143.977390865
avx512_add,3100,0x00,85,0.408990018,0.000840177,61.077176000,2.808342000,58.268834000,149.336593384,142.470063940
avx512_add,3100,0x00,86,0.409050819,0.000774700,61.603541000,2.822686000,58.780855000,150.601192171,143.700616817
avx512_add,3100,0x00,87,0.408808990,0.000953831,62.038538000,2.803887000,59.234651000,151.754338826,144.895666273
avx512_add,3100,0x00,88,0.408725262,0.000807848,61.640040000,2.825188000,58.814852000,150.810448131,143.898254882
avx512_add,3100,0x00,89,0.408836568,0.000854533,61.679652000,2.805474000,58.874178000,150.866279652,144.004188001
avx512_add,3100,0x00,90,0.408848341,0.001133090,61.892237000,2.825005000,59.067232000,151.381895764,144.472230947
avx512_add,3100,0x00,91,0.409041656,0.000811981,61.509486000,2.792046000,58.717440000,150.374625930,143.548802791
avx512_add,3100,0x00,92,0.408873722,0.000793306,61.635462000,2.787042000,58.848420000,150.744493370,143.928105196
avx512_add,3100,0x00,93,0.408976175,0.000647051,61.496974000,2.804192000,58.692782000,150.368108970,143.511494395
avx512_add,3100,0x00,94,0.408952626,0.000895288,61.253505000,2.803399000,58.450106000,149.781420032,142.926349728
avx512_add,3100,0x00,95,0.408796035,0.000815909,61.510646000,2.806207000,58.704439000,150.467814670,143.603249554
avx512_add,3100,0x00,96,0.409022406,0.000670252,61.423915000,2.814079000,58.609836000,150.172494318,143.292482475
avx512_add,3100,0x00,97,0.408884834,0.000822267,61.656031000,2.766533000,58.889498000,150.790701790,144.024657238
avx512_add,3100,0x00,98,0.408889733,0.000781777,62.006006000,2.804802000,59.201204000,151.644810261,144.785254315
avx512_add,3100,0x00,99,0.408916233,0.000864662,61.570582000,2.802605000,58.767977000,150.570158421,143.716419750
avx512_add,3100,0xAA,0,0.408689660,0.000889003,62.523522000,2.823479000,59.700043000,152.985328837,146.076715095
avx512_add,3100,0xAA,1,0.408469138,0.000912864,62.349877000,2.819207000,59.530670000,152.642810078,145.740925113
avx512_add,3100,0xAA,2,0.408659117,0.000748138,62.675926000,2.828789000,59.847137000,153.369699501,146.447575704
avx512_add,3100,0xAA,3,0.408615727,0.000897876,62.526391000,2.814568000,59.711823000,153.020030466,146.131974491
avx512_add,3100,0xAA,4,0.408580498,0.001188478,62.507592000,2.822014000,59.685578000,152.987213701,146.080339751
avx512_add,3100,0xAA,5,0.408701486,0.000758127,62.620690000,2.830193000,59.790497000,153.218650313,146.293808833
avx512_add,3100,0xAA,6,0.408681990,0.000979870,62.156213000,2.814629000,59.341584000,152.089435286,145.202346860
avx512_add,3100,0xAA,7,0.408653449,0.000813709,62.484887000,2.797539000,59.687348000,152.904342538,146.058593397
avx512_add,3100,0xAA,8,0.408611833,0.000998904,62.466698000,2.826287000,59.640411000,152.875401419,145.958599772
avx512_add,3100,0xAA,9,0.408307814,0.001058130,62.509179000,2.822747000,59.686432000,153.093271548,146.179989692
avx512_add,3100,0xAA,10,0.408526602,0.001286195,62.808250000,2.842339000,59.965911000,153.743354092,146.785816964
avx512_add,3100,0xAA,11,0.408428267,0.001028154,62.588951000,2.822929000,59.766022000,153.243436201,146.331747585
avx512_add,3100,0xAA,12,0.408455400,0.000713387,62.507592000,2.822564000,59.685028000,153.034069406,146.123733537
avx512_add,3100,0xAA,13,0.408544927,0.000917708,62.657676000,2.823174000,59.834502000,153.367896157,146.457581500
avx512_add,3100,0xAA,14,0.408901953,0.000833355,62.676964000,2.824212000,59.852752000,153.281155726,146.374336190
avx512_add,3100,0xAA,15,0.408594228,0.001018503,62.471093000,2.819878000,59.651215000,152.892744610,145.991330433
avx512_add,3100,0xAA,16,0.408690520,0.000941800,62.591148000,2.821831000,59.769317000,153.150476983,146.245910165
avx512_add,3100,0xAA,17,0.408370071,0.000968015,62.750816000,2.806755000,59.944061000,153.661642929,146.788575580
avx512_add,3100,0xAA,18,0.408645066,0.000770287,62.558189000,2.815788000,59.742401000,153.086857546,146.196310627
avx512_add,3100,0xAA,19,0.408732122,0.001132339,62.821555000,2.818291000,60.003264000,153.698600180,146.803397067
avx512_add,3100,0xAA,20,0.408587476,0.000916986,62.659081000,2.817375000,59.841706000,153.355363615,146.459961374
avx512_add,3100,0xAA,21,0.408562984,0.000743409,62.490502000,2.816644000,59.673858000,152.951942291,146.057915891
avx512_add,3100,0xAA,22,0.408494086,0.000831434,62.546898000,2.811577000,59.735321000,153.115798121,146.233013041
avx512_add,3100,0xAA,23,0.408484146,0.000870836,62.323998000,2.813042000,59.510956000,152.573848155,145.687309153
avx512_add,3100,0xAA,24,0.408419394,0.001115009,62.613732000,2.821953000,59.791779000,153.307440729,146.397991660
avx512_add,3100,0xAA,25,0.408412641,0.000961214,62.638634000,2.841362000,59.797272000,153.370948183,146.413861857
avx512_add,3100,0xAA,26,0.408521904,0.000760864,62.761924000,2.821038000,59.940886000,153.631722999,146.726247498
avx512_add,3100,0xAA,27,0.408819872,0.000790180,62.620506000,2.805901000,59.814605000,153.173830921,146.310414561
avx512_add,3100,0xAA,28,0.408774199,0.000986595,62.499474000,2.812432000,59.687042000,152.894860083,146.014699826
avx512_add,3100,0xAA,29,0.408401392,0.001151568,62.642906000,2.830987000,59.811919000,153.385633020,146.453758994
avx512_add,3100,0xAA,30,0.408536680,0.000745538,62.752830000,2.821526000,59.931304000,153.603906616,146.697486360
avx512_add,3100,0xAA,31,0.408313207,0.000907707,62.584007000,2.820854000,59.763153000,153.274510663,146.365956269
avx512_add,3100,0xAA,32,0.408366038,0.001008400,62.516502000,2.825188000,59.691314000,153.089376007,146.171102364
avx512_add,3100,0xAA,33,0.408459270,0.000812708,62.647484000,2.820245000,59.827239000,153.375106516,146.470513552
avx512_add,3100,0xAA,34,0.408505271,0.000900858,62.361291000,2.820183000,59.541108000,152.657249258,145.753585586
avx512_add,3100,0xAA,35,0.408814159,0.000859474,62.608116000,2.816827000,59.791289000,153.145664396,146.255426038
avx512_add,3100,0xAA,36,0.408666116,0.000917207,62.531700000,2.817192000,59.714508000,153.014153833,146.120526280
avx512_add,3100,0xAA,37,0.408731369,0.000884633,62.623985000,2.794670000,59.829315000,153.215509609,146.378084807
avx512_add,3100,0xAA,38,0.408836423,0.000883339,62.634849000,2.823845000,59.811004000,153.202712661,146.295683730
avx512_add,3100,0xAA,39,0.408760230,0.001503204,62.877708000,2.849785000,60.027923000,153.825405365,146.853628773
avx512_add,3100,0xAA,40,0.408479172,0.000955208,62.652183000,2.839592000,59.812591000,153.379137405,146.427517355
avx512_add,3100,0xAA,41,0.408555631,0.000933887,62.698448000,2.829156000,59.869292000,153.463673565,146.538898125
avx512_add,3100,0xAA,42,0.408467026,0.000776412,62.554894000,2.811699000,59.743195000,153.145517361,146.261977634
avx512_add,3100,0xAA,43,0.408733020,0.000750046,62.579552000,2.816521000,59.763031000,153.106181648,146.215324138
avx512_add,3100,0xAA,44,0.408707972,0.001102377,62.740379000,2.818230000,59.922149000,153.509066016,146.613604719
avx512_add,3100,0xAA,45,0.408461601,0.000908682,62.621910000,2.817803000,59.804107000,153.311620420,146.413045402
avx512_add,3100,0xAA,46,0.408342575,0.000888632,62.717124000,2.841240000,59.875884000,153.589480517,146.631499222
avx512_add,3100,0xAA,47,0.408694101,0.000883758,62.657493000,2.774468000,59.883025000,153.311468903,146.522851227
avx512_add,3100,0xAA,48,0.408350168,0.000940001,62.539757000,2.813958000,59.725799000,153.152274353,146.261232745
avx512_add,3100,0xAA,49,0.408674268,0.001117850,62.796898000,2.837151000,59.959747000,153.660024244,146.717695796
avx512_add,3100,0xAA,50,0.408748034,0.000856433,62.742637000,2.818047000,59.924590000,153.499544389,146.605206643
avx512_add,3100,0xAA,51,0.408296725,0.000891511,62.598350000,2.827019000,59.771331000,153.315826866,146.391894277
avx512_add,3100,0xAA,52,0.408669877,0.001031992,62.559654000,2.802422000,59.757232000,153.081148105,146.223725632
avx512_add,3100,0xAA,53,0.408569237,0.000954339,62.629966000,2.817497000,59.812469000,153.290948945,146.394940271
avx512_add,3100,0xAA,54,0.408556602,0.000809239,62.449914000,2.817864000,59.632050000,152.854986866,145.957866644
avx512_add,3100,0xAA,55,0.408488254,0.000978538,62.584678000,2.817131000,59.767547000,153.210471519,146.313991700
avx512_add,3100,0xAA,56,0.408429701,0.000971129,62.682640000,2.835076000,59.847564000,153.472286287,146.530881210
avx512_add,3100,0xAA,57,0.408533474,0.000909119,62.553795000,2.809258000,59.744537000,153.117917894,146.241472815
avx512_add,3100,0xAA,58,0.408401108,0.001209233,62.952903000,2.840324000,60.112579000,154.144789742,147.190048579
avx512_add,3100,0xAA,59,0.408411255,0.001171984,62.566674000,2.819207000,59.747467000,153.195273706,146.292410562
avx512_add,3100,0xAA,60,0.408486021,0.000855368,62.514306000,2.809685000,59.704621000,153.039034009,146.160744770
avx512_add,3100,0xAA,61,0.408742217,0.000865198,62.710106000,2.819451000,59.890655000,153.422140880,146.524270088
avx512_add,3100,0xAA,62,0.408698465,0.000893551,62.678062000,2.819878000,59.858184000,153.360160146,146.460506138
avx512_add,3100,0xAA,63,0.408625364,0.000907516,62.598046000,2.827935000,59.770111000,153.191777992,146.271172344
avx512_add,3100,0xAA,64,0.408670456,0.000776394,62.760642000,2.817497000,59.943145000,153.572740811,146.678440136
avx512_add,3100,0xAA,65,0.408804875,0.000739950,62.558556000,2.820733000,59.737823000,153.027911039,146.127961516
avx512_add,3100,0xAA,66,0.408489525,0.001061414,62.767784000,2.822075000,59.945709000,153.658246127,146.749684643
avx512_add,3100,0xAA,67,0.408279189,0.001140001,62.567284000,2.790886000,59.776398000,153.246322006,146.410592735
avx512_add,3100,0xAA,68,0.408656939,0.001273753,62.811363000,2.837761000,59.973602000,153.701936854,146.757821311
avx512_add,3100,0xAA,69,0.408587263,0.000890475,62.656761000,2.826165000,59.830596000,153.349765754,146.432846753
avx512_add,3100,0xAA,70,0.408572930,0.000767491,62.711571000,2.820976000,59.890595000,153.489295018,146.584833678
avx512_add,3100,0xAA,71,0.408614585,0.000950612,62.620506000,2.826103000,59.794403000,153.250785292,146.334480526
avx512_add,3100,0xAA,72,0.408599021,0.000905670,62.590355000,2.821709000,59.768646000,153.182831684,146.277017285
avx512_add,3100,0xAA,73,0.408458607,0.000787482,62.634911000,2.826165000,59.808746000,153.344573653,146.425475979
avx512_add,3100,0xAA,74,0.408844643,0.000882377,62.672203000,2.822259000,59.849944000,153.290997071,146.387986240
avx512_add,3100,0xAA,75,0.408796809,0.000845070,62.795188000,2.819756000,59.975432000,153.609780417,146.712084690
avx512_add,3100,0xAA,76,0.408547588,0.001032788,62.610314000,2.821160000,59.789154000,153.250969695,146.345629695
avx512_add,3100,0xAA,77,0.408362976,0.001041465,62.624961000,2.828057000,59.796904000,153.356118798,146.430767655
avx512_add,3100,0xAA,78,0.408587100,0.001330032,62.915794000,2.843437000,60.072357000,153.983799225,147.024604971
avx512_add,3100,0xAA,79,0.408768006,0.000752392,62.614098000,2.806389000,59.807709000,153.177589891,146.312108840
avx512_add,3100,0xAA,80,0.408640338,0.000912086,62.756370000,2.829461000,59.926909000,153.573605475,146.649519087
avx512_add,3100,0xAA,81,0.408467649,0.001027017,62.499718000,2.817558000,59.682160000,153.010203089,146.112330018
avx512_add,3100,0xAA,82,0.408266824,0.001023773,62.557152000,2.812066000,59.745086000,153.226146180,146.338332042
avx512_add,3100,0xAA,83,0.408292650,0.001041386,62.622398000,2.810662000,59.811736000,153.376255856,146.492316119
avx512_add,3100,0xAA,84,0.408387191,0.000955176,62.697288000,2.813591000,59.883697000,153.524129493,146.634611257
avx512_add,3100,0xAA,85,0.408555335,0.001096473,62.653344000,2.816704000,59.836640000,153.353385902,146.459083573
avx512_add,3100,0xAA,86,0.408646551,0.000725706,62.695640000,2.800774000,59.894866000,153.422657735,146.568876662
avx512_add,3100,0xAA,87,0.408596217,0.000881392,62.659690000,2.784051000,59.875639000,153.353573431,146.539875989
avx512_add,3100,0xAA,88,0.408528219,0.001296581,62.862266000,2.835808000,60.026458000,153.874966468,146.933443538
avx512_add,3100,0xAA,89,0.408643482,0.000757979,62.653282000,2.807976000,59.845306000,153.320155013,146.448698294
avx512_add,3100,0xAA,90,0.408708078,0.000959530,62.734825000,2.814080000,59.920745000,153.495436746,146.610131198
avx512_add,3100,0xAA,91,0.408718122,0.000739238,62.359825000,2.800835000,59.558990000,152.574161995,145.721431844
avx512_add,3100,0xAA,92,0.408535013,0.000925931,62.787620000,2.821954000,59.965666000,153.689691165,146.782195089
avx512_add,3100,0xAA,93,0.408687966,0.001017736,62.595543000,2.806206000,59.789337000,153.162187960,146.295810097
avx512_add,3100,0xAA,94,0.409061430,0.000685567,62.594993000,2.812371000,59.782622000,153.021009757,146.145829657
avx512_add,3100,0xAA,95,0.409035659,0.000637115,62.681663000,2.821892000,59.859771000,153.242539166,146.343649209
avx512_add,3100,0xAA,96,0.408862932,0.000699008,62.446800000,2.814995000,59.631805000,152.732847834,145.847912129
avx512_add,3100,0xAA,97,0.408826941,0.001128706,62.885460000,2.805169000,60.080291000,153.819265901,146.957758705
avx512_add,3100,0xAA,98,0.408979364,0.000790664,62.740440000,2.813469000,59.926971000,153.407348827,146.528104431
avx512_add,3100,0xAA,99,0.408831424,0.000968010,62.621361000,2.808648000,59.812713000,153.171594226,146.301652645
avx512_add,3300,0x00,0,0.408550971,0.000853295,61.207668000,2.824395000,58.383273000,149.816479041,142.903277997
avx512_add,3300,0x00,1,0.408810747,0.000874445,61.023952000,2.817497000,58.206455000,149.271887891,142.379953125
avx512_add,3300,0x00,2,0.408727020,0.000689294,61.300502000,2.791496000,58.509006000,149.979078789,143.149346815
avx512_add,3300,0x00,3,0.408730149,0.000738440,61.155361000,2.827934000,58.327427000,149.622828716,142.703999727
avx512_add,3300,0x00,4,0.408730963,0.000672662,61.204495000,2.820672000,58.383823000,149.742741488,142.841693483
avx512_add,3300,0x00,5,0.408664522,0.000694914,61.293178000,2.813896000,58.479282000,149.984093969,143.098504808
avx512_add,3300,0x00,6,0.408571662,0.000966791,61.176723000,2.824760000,58.351963000,149.733152434,142.819408138
avx512_add,3300,0x00,7,0.408459400,0.000814530,61.187953000,2.814202000,58.373751000,149.801799229,142.912003079
avx512_add,3300,0x00,8,0.408339208,0.000993635,61.481533000,2.834770000,58.646763000,150.564853319,143.622659323
avx512_add,3300,0x00,9,0.408132221,0.001020843,61.553187000,2.821404000,58.731783000,150.816779135,143.903813541
avx512_add,3300,0x00,10,0.408177962,0.000829230,61.124477000,2.823113000,58.301364000,149.749576540,142.833198732
avx512_add,3300,0x00,11,0.408269425,0.000796083,61.287868000,2.826347000,58.461521000,150.116232786,143.193483178
avx512_add,3300,0x00,12,0.408360221,0.000901791,61.160732000,2.790581000,58.370151000,149.771522485,142.937896540
avx512_add,3300,0x00,13,0.408714736,0.000769049,61.249355000,2.830864000,58.418491000,149.858445354,142.932186653
avx512_add,3300,0x00,14,0.408489001,0.000892718,61.261012000,2.830315000,58.430697000,149.969795677,143.041053424
avx512_add,3300,0x00,15,0.408624612,0.000852471,61.180751000,2.818047000,58.362704000,149.723607276,142.827187154
avx512_add,3300,0x00,16,0.408833482,0.001080674,61.600367000,2.846367000,58.754000000,150.673488771,143.711321707
avx512_add,3300,0x00,17,0.408612593,0.000916659,61.119716000,2.825920000,58.293796000,149.578640298,142.662749668
avx512_add,3300,0x00,18,0.408774440,0.000736111,61.322475000,2.821831000,58.500644000,150.015433769,143.112284451
avx512_add,3300,0x00,19,0.408722115,0.000896749,61.425869000,2.827324000,58.598545000,150.287608157,143.370135627
avx512_add,3300,0x00,20,0.408764269,0.000779945,61.334804000,2.831170000,58.503634000,150.049328361,143.123160357
avx512_add,3300,0x00,21,0.408770348,0.000744674,61.213955000,2.822319000,58.391636000,149.751456623,142.847044365
avx512_add,3300,0x00,22,0.408482540,0.000880792,61.274867000,2.809746000,58.465121000,150.006085874,143.127588696
avx512_add,3300,0x00,23,0.408564033,0.000985305,61.243190000,2.823723000,58.419467000,149.898632785,142.987297548
avx512_add,3300,0x00,24,0.408491779,0.000827526,61.225552000,2.829766000,58.395786000,149.881968668,142.954617504
avx512_add,3300,0x00,25,0.408774912,0.000833954,61.555872000,2.832635000,58.723237000,150.586227613,143.656656071
avx512_add,3300,0x00,26,0.408311313,0.000974588,61.177761000,2.829765000,58.347996000,149.831168265,142.900757787
avx512_add,3300,0x00,27,0.408463169,0.001014785,61.384914000,2.821648000,58.563266000,150.282617167,143.374655283
avx512_add,3300,0x00,28,0.408583324,0.001036762,62.158837000,2.829949000,59.328888000,152.132584384,145.206337436
avx512_add,3300,0x00,29,0.408343923,0.000994253,61.163357000,2.818536000,58.344821000,149.783928662,142.881570520
avx512_add,3300,0x00,30,0.408462888,0.000902397,61.379542000,2.816582000,58.562960000,150.269568768,143.374004729
avx512_add,3300,0x00,31,0.408505824,0.000983494,61.301539000,2.788018000,58.513521000,150.062827461,143.237911302
avx512_add,3300,0x00,32,0.408125654,0.000899375,61.447535000,2.785942000,58.661593000,150.560334657,143.734147734
avx512_add,3300,0x00,33,0.408413895,0.000931389,61.467799000,2.821099000,58.646700000,150.503691862,143.596240782
avx512_add,3300,0x00,34,0.408451416,0.000905794,61.326198000,2.826287000,58.499911000,150.143188659,143.223670475
avx512_add,3300,0x00,35,0.408494487,0.001013708,61.545009000,2.833183000,58.711826000,150.663010207,143.727340099
avx512_add,3300,0x00,36,0.408692111,0.000788879,61.321010000,2.824029000,58.496981000,150.042069318,143.132151249
avx512_add,3300,0x00,37,0.408708644,0.000812126,61.177394000,2.822563000,58.354831000,149.684609916,142.778558285
avx512_add,3300,0x00,38,0.408566513,0.000961905,61.803430000,2.830987000,58.972443000,151.268956404,144.339883874
avx512_add,3300,0x00,39,0.408396599,0.000974291,61.595057000,2.823113000,58.771944000,150.821669967,143.908994861
avx512_add,3300,0x00,40,0.408697985,0.001432017,61.842738000,2.851982000,58.990756000,151.316473975,144.338259975
avx512_add,3300,0x00,41,0.408492799,0.000800187,61.215115000,2.802300000,58.412815000,149.856044249,142.995947804
avx512_add,3300,0x00,42,0.408435480,0.000872666,61.495753000,2.799920000,58.695833000,150.564179723,143.708947654
avx512_add,3300,0x00,43,0.408360656,0.000765575,61.223842000,2.820183000,58.403659000,149.925907730,143.019799220
avx512_add,3300,0x00,44,0.408223730,0.001025102,61.299892000,2.823174000,58.476718000,150.162490698,143.246738881
avx512_add,3300,0x00,45,0.408797775,0.001069308,61.744288000,2.847221000,58.897067000,151.038708525,144.073844298
avx512_add,3300,0x00,46,0.408455233,0.000980230,61.234462000,2.819695000,58.414767000,149.917192823,143.013878166
avx512_add,3300,0x00,47,0.408415749,0.001020132,61.767236000,2.826470000,58.940766000,151.236175882,144.315605338
avx512_add,3300,0x00,48,0.408370156,0.000855313,61.701869000,2.818474000,58.883395000,151.092992728,144.191229807
avx512_add,3300,0x00,49,0.408332542,0.000974243,61.312282000,2.813104000,58.499178000,150.152818258,143.263570625
avx512_add,3300,0x00,50,0.408267639,0.000932863,61.818568000,2.809868000,59.008700000,151.416771977,144.534355318
avx512_add,3300,0x00,51,0.408364697,0.000944051,61.672083000,2.805718000,58.866365000,151.022072789,144.151454392
avx512_add,3300,0x00,52,0.408457629,0.001059277,61.947352000,2.805046000,59.142306000,151.661635306,144.794225325
avx512_add,3300,0x00,53,0.408357806,0.000673264,62.549156000,2.827020000,59.722136000,153.172426572,146.249527191
avx512_add,3300,0x00,54,0.408627195,0.000925091,61.892725000,2.817132000,59.075593000,151.465016895,144.570879564
avx512_add,3300,0x00,55,0.408044420,0.001233910,61.706324000,2.829583000,58.876741000,151.224525851,144.290028383
avx512_add,3300,0x00,56,0.408423896,0.000817247,61.753138000,2.824333000,58.928805000,151.198640894,144.283440714
avx512_add,3300,0x00,57,0.408463055,0.000884546,61.837549000,2.838188000,58.999361000,151.390800643,144.442343587
avx512_add,3300,0x00,58,0.408354410,0.000946010,61.660608000,2.821892000,58.838716000,150.997776688,144.087377458
avx512_add,3300,0x00,59,0.408345194,0.000837703,61.467494000,2.814385000,58.653109000,150.528266201,143.636094959
avx512_add,3300,0x00,60,0.408582707,0.000811981,61.072475000,2.802666000,58.269809000,149.473959634,142.614476953
avx512_add,3300,0x00,61,0.408525914,0.000956885,61.591029000,2.795952000,58.795077000,150.764068630,143.920067059
avx512_add,3300,0x00,62,0.408770517,0.000752657,61.572169000,2.807915000,58.764254000,150.627715040,143.758543021
avx512_add,3300,0x00,63,0.408583530,0.000839180,61.545435000,2.823662000,58.721773000,150.631218371,143.720362231
avx512_add,3300,0x00,64,0.408462726,0.000862226,62.050867000,2.813836000,59.237031000,151.913168614,145.024324616
avx512_add,3300,0x00,65,0.408031085,0.000872001,61.572352000,2.800286000,58.772066000,150.901130539,144.038207336
avx512_add,3300,0x00,66,0.408374618,0.000952809,61.707545000,2.804558000,58.902987000,151.105240786,144.237629834
avx512_add,3300,0x00,67,0.408354278,0.000926772,62.201623000,2.797234000,59.404389000,152.322692196,145.472674575
avx512_add,3300,0x00,68,0.408268604,0.000895540,61.545619000,2.801873000,58.743746000,150.747861401,143.885043713
avx512_add,3300,0x00,69,0.408301475,0.000943286,61.644191000,2.796440000,58.847751000,150.977145132,144.128186278
avx512_add,3300,0x00,70,0.408385002,0.000888120,61.855128000,2.800408000,59.054720000,151.462780609,144.605506262
avx512_add,3300,0x00,71,0.408449498,0.000888488,61.270778000,2.776787000,58.493991000,150.008209946,143.209849277
avx512_add,3300,0x00,72,0.408465650,0.000898427,61.610194000,2.795342000,58.814852000,150.833231671,143.989713738
avx512_add,3300,0x00,73,0.408532058,0.000796500,61.788478000,2.799798000,58.988680000,151.245114917,144.391802067
avx512_add,3300,0x00,74,0.408634461,0.001182769,61.557765000,2.822319000,58.735446000,150.642618094,143.735909846
avx512_add,3300,0x00,75,0.408644933,0.000860320,61.575343000,2.806694000,58.768649000,150.681772817,143.813477699
avx512_add,3300,0x00,76,0.408565304,0.001219618,62.271569000,2.827080000,59.444489000,152.415215668,145.495685378
avx512_add,3300,0x00,77,0.408485462,0.000774201,62.096032000,2.805229000,59.290803000,152.015280329,145.147890271
avx512_add,3300,0x00,78,0.408418703,0.000814230,61.869714000,2.797356000,59.072358000,151.485995859,144.636760069
avx512_add,3300,0x00,79,0.408614586,0.000830754,61.801843000,2.816338000,58.985505000,151.247275732,144.354868817
avx512_add,3300,0x00,80,0.408655451,0.000794743,61.801295000,2.803887000,58.997408000,151.230810302,144.369560825
avx512_add,3300,0x00,81,0.408523458,0.000784468,62.041650000,2.809319000,59.232331000,151.868023246,144.991260246
avx512_add,3300,0x00,82,0.408122598,0.000995802,61.731837000,2.806084000,58.925753000,151.258071392,144.382480536
avx512_add,3300,0x00,83,0.408484256,0.000850896,61.478419000,2.799675000,58.678744000,150.503766176,143.649952457
avx512_add,3300,0x00,84,0.408851727,0.000856716,61.931787000,2.815666000,59.116121000,151.477376593,144.590611013
avx512_add,3300,0x00,85,0.408612041,0.000934447,61.767847000,2.797540000,58.970307000,151.165019025,144.318573700
avx512_add,3300,0x00,86,0.408727597,0.000808743,62.222070000,2.807305000,59.414765000,152.233591397,145.365190486
avx512_add,3300,0x00,87,0.408457446,0.000732901,62.363610000,2.807854000,59.555756000,152.680800754,145.806513054
avx512_add,3300,0x00,88,0.408705843,0.001044607,62.169214000,2.795464000,59.373750000,152.112368953,145.272574399
avx512_add,3300,0x00,89,0.408889472,0.001267294,62.423363000,2.849724000,59.573639000,152.665615643,145.696191889
avx512_add,3300,0x00,90,0.408402256,0.000834485,61.816798000,2.807122000,59.009676000,151.362528342,144.489104013
avx512_add,3300,0x00,91,0.408615855,0.000712302,61.947412000,2.789604000,59.157808000,151.603055294,144.776095526
avx512_add,3300,0x00,92,0.408623463,0.000810513,61.835901000,2.803521000,59.032380000,151.327338430,144.466447518
avx512_add,3300,0x00,93,0.408492801,0.001064826,62.352562000,2.827202000,59.525360000,152.640540779,145.719483675
avx512_add,3300,0x00,94,0.408250234,0.000917845,61.679407000,2.808892000,58.870515000,151.082355600,144.202036209
avx512_add,3300,0x00,95,0.408441570,0.000803344,61.978296000,2.805108000,59.173188000,151.743359535,144.875527741
avx512_add,3300,0x00,96,0.408345720,0.001006146,62.354882000,2.815789000,59.539093000,152.701201272,145.805600654
avx512_add,3300,0x00,97,0.408098994,0.000977876,61.878870000,2.812249000,59.066621000,151.627107523,144.736012364
avx512_add,3300,0x00,98,0.408296103,0.001021459,61.746546000,2.804619000,58.941927000,151.229819653,144.360738659
avx512_add,3300,0x00,99,0.408477168,0.000991118,62.040125000,2.811883000,59.228242000,151.881500007,144.997680739
avx512_add,3300,0xAA,0,0.408387960,0.000761270,62.520531000,2.808953000,59.711578000,153.091024169,146.212875747
avx512_add,3300,0xAA,1,0.408463247,0.000833562,62.528160000,2.797539000,59.730621000,153.081484122,146.232547227
avx512_add,3300,0xAA,2,0.408448482,0.000774101,62.718163000,2.801019000,59.917144000,153.552199938,146.694495424
avx512_add,3300,0xAA,3,0.408515024,0.001270586,62.939536000,2.831108000,60.108428000,154.069084932,147.138842883
avx512_add,3300,0xAA,4,0.408464157,0.001007373,62.446007000,2.815117000,59.630890000,152.880016188,145.988060190
avx512_add,3300,0xAA,5,0.408861162,0.000851851,62.839438000,2.812615000,60.026823000,153.693830100,146.814685638
avx512_add,3300,0xAA,6,0.408556955,0.000827045,62.738121000,2.796868000,59.941253000,153.560281441,146.714557814
avx512_add,3300,0xAA,7,0.408250322,0.000924108,62.517418000,2.797906000,59.719512000,153.135012048,146.281604106
avx512_add,3300,0xAA,8,0.408402134,0.000859748,62.599144000,2.781304000,59.817840000,153.278200113,146.467990838
avx512_add,3300,0xAA,9,0.408542807,0.000848625,62.561119000,2.790825000,59.770294000,153.132347293,146.301178190
avx512_add,3300,0xAA,10,0.408599500,0.000915291,62.606285000,2.799920000,59.806365000,153.221638806,146.369158565
avx512_add,3300,0xAA,11,0.408534060,0.000827760,62.709068000,2.772270000,59.936798000,153.497772144,146.711875265
avx512_add,3300,0xAA,12,0.408614100,0.000827237,62.609886000,2.788933000,59.820953000,153.224976778,146.399629832
avx512_add,3300,0xAA,13,0.408707586,0.001007689,62.768272000,2.828850000,59.939422000,153.577457752,146.656005599
avx512_add,3300,0xAA,14,0.408767681,0.000742775,62.690758000,2.803216000,59.887542000,153.365251074,146.507526915
avx512_add,3300,0xAA,15,0.408663814,0.000968724,62.719505000,2.813225000,59.906280000,153.474574768,146.590615614
avx512_add,3300,0xAA,16,0.408568185,0.000762820,62.526512000,2.786859000,59.739653000,153.038132316,146.217094604
avx512_add,3300,0xAA,17,0.408830269,0.000824805,62.606591000,2.794670000,59.811921000,153.135899494,146.300128732
avx512_add,3300,0xAA,18,0.408702227,0.000854855,62.606712000,2.782281000,59.824431000,153.184171593,146.376572271
avx512_add,3300,0xAA,19,0.408897867,0.000809510,62.651634000,2.801628000,59.850006000,153.220740719,146.369083548
avx512_add,3300,0xAA,20,0.409242130,0.003074274,63.951862000,2.906548000,61.045314000,156.269008765,149.166739016
avx512_add,3300,0xAA,21,0.408937665,0.000581741,62.536155000,2.762505000,59.773650000,152.923441385,146.168120860
avx512_add,3300,0xAA,22,0.408741298,0.000852827,62.662377000,2.791924000,59.870453000,153.305715227,146.475174699
avx512_add,3300,0xAA,23,0.408939976,0.000627072,62.560204000,2.792900000,59.767304000,152.981385179,146.151776525
avx512_add,3300,0xAA,24,0.408853472,0.000714512,62.587304000,2.772332000,59.814972000,153.080035467,146.299288354
avx512_add,3300,0xAA,25,0.408805621,0.001015886,62.866844000,2.809685000,60.057159000,153.781750458,146.908838601
avx512_add,3300,0xAA,26,0.408811464,0.000702822,62.757957000,2.806573000,59.951384000,153.513202547,146.648001225
avx512_add,3300,0xAA,27,0.408974883,0.001539180,63.081931000,2.844414000,60.237517000,154.244022324,147.289037758
avx512_add,3300,0xAA,28,0.408785626,0.000823357,62.759422000,2.811821000,59.947601000,153.526489024,146.648015766
avx512_add,3300,0xAA,29,0.408735826,0.000802109,62.661094000,2.824639000,59.836455000,153.304628706,146.393957259
avx512_add,3300,0xAA,30,0.409015301,0.000746747,62.687950000,2.823662000,59.864288000,153.265537654,146.361976849
avx512_add,3300,0xAA,31,0.408777182,0.000656269,62.747337000,2.826470000,59.920867000,153.500096904,146.585645397
avx512_add,3300,0xAA,32,0.408644506,0.000864307,62.519799000,2.818108000,59.701691000,152.993122745,146.096889071
avx512_add,3300,0xAA,33,0.408741494,0.001013886,62.574364000,2.815484000,59.758880000,153.090314775,146.202137185
avx512_add,3300,0xAA,34,0.408610131,0.000675968,62.596398000,2.816338000,59.780060000,153.193455548,146.300973488
avx512_add,3300,0xAA,35,0.408836817,0.000750270,62.641258000,2.812004000,59.829254000,153.218241052,146.340181440
avx512_add,3300,0xAA,36,0.408934170,0.000659121,62.703025000,2.812737000,59.890288000,153.332809111,146.454594455
avx512_add,3300,0xAA,37,0.408626136,0.000970037,62.565819000,2.799920000,59.765899000,153.112621593,146.260588034
avx512_add,3300,0xAA,38,0.408746272,0.000789400,62.514793000,2.797417000,59.717376000,152.942784489,146.098888431
avx512_add,3300,0xAA,39,0.408777262,0.000834618,62.698021000,2.809197000,59.888824000,153.379423864,146.507229008
avx512_add,3300,0xAA,40,0.408597560,0.000767530,62.551414000,2.809685000,59.741729000,153.088075113,146.211663521
avx512_add,3300,0xAA,41,0.408881621,0.000802448,62.671227000,2.804131000,59.867096000,153.274747025,146.416696046
avx512_add,3300,0xAA,42,0.408836002,0.000852746,62.854393000,2.784600000,60.069793000,153.739867925,146.928823927
avx512_add,3300,0xAA,43,0.408759335,0.000800831,62.522057000,2.776788000,59.745269000,152.955667694,146.162457698
avx512_add,3300,0xAA,44,0.408815648,0.000940008,62.659507000,2.798333000,59.861174000,153.270813485,146.425838223
avx512_add,3300,0xAA,45,0.408768513,0.000822419,62.812034000,2.798028000,60.014006000,153.661625254,146.816606830
avx512_add,3300,0xAA,46,0.408693506,0.000792808,62.533654000,2.791314000,59.742340000,153.008680259,146.178833545
avx512_add,3300,0xAA,47,0.408805997,0.000708213,62.736411000,2.813469000,59.922942000,153.462550546,146.580388788
avx512_add,3300,0xAA,48,0.408902660,0.000831145,62.846946000,2.806146000,60.040800000,153.696593520,146.833967592
avx512_add,3300,0xAA,49,0.408633867,0.000825313,62.617577000,2.809563000,59.808014000,153.236386071,146.360883997
avx512_add,3300,0xAA,50,0.408817845,0.000653987,62.527184000,2.803094000,59.724090000,152.946317613,146.089733360
avx512_add,3300,0xAA,51,0.408904432,0.000830552,62.765586000,2.790947000,59.974639000,153.496956867,146.671530729
avx512_add,3300,0xAA,52,0.408778601,0.000862069,62.539879000,2.787529000,59.752350000,152.992057033,146.172891366
avx512_add,3300,0xAA,53,0.408820707,0.000794256,62.614403000,2.795952000,59.818451000,153.158589912,146.319523415
avx512_add,3300,0xAA,54,0.408835082,0.000692085,62.724022000,2.802361000,59.921661000,153.421330004,146.566827725
avx512_add,3300,0xAA,55,0.408809295,0.000779778,62.527977000,2.790765000,59.737212000,152.951456413,146.124887064
avx512_add,3300,0xAA,56,0.408916526,0.000823038,62.845481000,2.792473000,60.053008000,153.687799272,146.858843187
avx512_add,3300,0xAA,57,0.408804895,0.000675942,62.503258000,2.801079000,59.702179000,152.892635864,146.040763414
avx512_add,3300,0xAA,58,0.408683518,0.000905040,62.530784000,2.782830000,59.747954000,153.005397332,146.196143032
avx512_add,3300,0xAA,59,0.408839408,0.000673848,62.709190000,2.798028000,59.911162000,153.383428417,146.539596956
avx512_add,3300,0xAA,60,0.408904629,0.000670837,62.708274000,2.815605000,59.892669000,153.356723041,146.470997623
avx512_add,3300,0xAA,61,0.408746210,0.000710304,62.585899000,2.805047000,59.780852000,153.116768987,146.254205049
avx512_add,3300,0xAA,62,0.409192839,0.000619500,62.548363000,2.793023000,59.755340000,152.857912048,146.032223195
avx512_add,3300,0xAA,63,0.408761417,0.000867015,62.745261000,2.819634000,59.925627000,153.500938070,146.602943590
avx512_add,3300,0xAA,64,0.408823275,0.000825549,62.862144000,2.828667000,60.033477000,153.763613305,146.844567420
avx512_add,3300,0xAA,65,0.409035908,0.000697948,62.798118000,2.820123000,59.977995000,153.527151801,146.632590854
avx512_add,3300,0xAA,66,0.408713809,0.000858163,62.668907000,2.820061000,59.848846000,153.332002963,146.432160245
avx512_add,3300,0xAA,67,0.408733211,0.000914435,62.725669000,2.809929000,59.915740000,153.463597434,146.588871030
avx512_add,3300,0xAA,68,0.408684901,0.000785880,62.779259000,2.825859000,59.953400000,153.612866163,146.698348418
avx512_add,3300,0xAA,69,0.408725958,0.000864689,62.781577000,2.813653000,59.967924000,153.603106866,146.719147222
avx512_add,3300,0xAA,70,0.408614453,0.000910971,62.681968000,2.784966000,59.897002000,153.401250186,146.585617561
avx512_add,3300,0xAA,71,0.408890583,0.000931916,62.877769000,2.792962000,60.084807000,153.776515425,146.945930134
avx512_add,3300,0xAA,72,0.408889624,0.000678809,62.429589000,2.755059000,59.674530000,152.680785614,145.942881693
avx512_add,3300,0xAA,73,0.408714599,0.000922834,62.896384000,2.821403000,60.074981000,153.888273675,146.985160819
avx512_add,3300,0xAA,74,0.408696994,0.000898521,62.638634000,2.807244000,59.831390000,153.264239758,146.395473790
avx512_add,3300,0xAA,75,0.408698749,0.000942761,62.607444000,2.803520000,59.803924000,153.187266177,146.327641553
avx512_add,3300,0xAA,76,0.408549959,0.000873701,62.840477000,2.810723000,60.029754000,153.813445713,146.933692245
avx512_add,3300,0xAA,77,0.408759576,0.000820107,62.491478000,2.813530000,59.677948000,152.880768283,145.997675712
avx512_add,3300,0xAA,78,0.408684397,0.000826071,62.653954000,2.820611000,59.833343000,153.306449670,146.404764610
avx512_add,3300,0xAA,79,0.408580097,0.000811162,62.668236000,2.811882000,59.856354000,153.380540097,146.498457444
avx512_add,3300,0xAA,80,0.408620677,0.000765095,62.647362000,2.815789000,59.831573000,153.314223828,146.423263200
avx512_add,3300,0xAA,81,0.408788782,0.000741985,62.688011000,2.789666000,59.898345000,153.350614601,146.526391136
avx512_add,3300,0xAA,82,0.408690337,0.001124847,62.620506000,2.799798000,59.820708000,153.222379564,146.371720901
avx512_add,3300,0xAA,83,0.408851803,0.002096480,63.605550000,2.872918000,60.732632000,155.571161794,148.544366318
avx512_add,3300,0xAA,84,0.408956681,0.000706512,62.558983000,2.801689000,59.757294000,152.972150546,146.121329594
avx512_add,3300,0xAA,85,0.408611902,0.001023287,62.670433000,2.800591000,59.869842000,153.373978203,146.520063806
avx512_add,3300,0xAA,86,0.408936423,0.001256800,63.116599000,2.812920000,60.303679000,154.343304932,147.464680669
avx512_add,3300,0xAA,87,0.408867466,0.000728472,62.878684000,2.799981000,60.078703000,153.787447593,146.939309179
avx512_add,3300,0xAA,88,0.408829581,0.000848868,62.742759000,2.794061000,59.948698000,153.469224940,146.634932299
avx512_add,3300,0xAA,89,0.408698821,0.000819337,62.668235000,2.798089000,59.870146000,153.335981973,146.489647072
avx512_add,3300,0xAA,90,0.408840617,0.000852698,62.764122000,2.798699000,59.965423000,153.517335054,146.671882614
avx512_add,3300,0xAA,91,0.408908260,0.000776539,62.741722000,2.772271000,59.969451000,153.437159907,146.657470488
avx512_add,3300,0xAA,92,0.408801882,0.000798914,62.703209000,2.808159000,59.895050000,153.382877528,146.513635669
avx512_add,3300,0xAA,93,0.408785178,0.000914879,62.788596000,2.812615000,59.975981000,153.598025051,146.717601905
avx512_add,3300,0xAA,94,0.408705484,0.000736580,62.516258000,2.791435000,59.724823000,152.961632512,146.131689897
avx512_add,3300,0xAA,95,0.408791516,0.001466351,63.116476000,2.831963000,60.284513000,154.397714869,147.470068658
avx512_add,3300,0xAA,96,0.408563416,0.000815630,62.780235000,2.798272000,59.981963000,153.660931131,146.811879338
avx512_add,3300,0xAA,97,0.408611750,0.000977104,62.700950000,2.804558000,59.896392000,153.448719938,146.585094505
avx512_add,3300,0xAA,98,0.408858075,0.000851844,62.764915000,2.794365000,59.970550000,153.512719636,146.678159742
avx512_add,3300,0xAA,99,0.408725268,0.000717089,62.809653000,2.816765000,59.992888000,153.672057847,146.780472663
avx512_add,3500,0x00,0,0.408309122,0.000821750,61.152431000,2.814812000,58.337619000,149.769935959,142.876110054
avx512_add,3500,0x00,1,0.408378537,0.000877272,61.193935000,2.810906000,58.383029000,149.846109685,142.963020228
avx512_add,3500,0x00,2,0.408334203,0.000903290,61.129543000,2.815239000,58.314304000,149.704684543,142.810236364
avx512_add,3500,0x00,3,0.408576415,0.000984220,61.242702000,2.808892000,58.433810000,149.892895708,143.018069127
avx512_add,3500,0x00,4,0.408621085,0.001125972,61.213588000,2.800408000,58.413180000,149.805260359,142.951947831
avx512_add,3500,0x00,5,0.408560330,0.000869428,61.225002000,2.811882000,58.413120000,149.855474313,142.973058681
avx512_add,3500,0x00,6,0.408511257,0.000840251,61.106045000,2.797661000,58.308384000,149.582279534,142.733848912
avx512_add,3500,0x00,7,0.408461831,0.001023959,61.264126000,2.828118000,58.436008000,149.987394897,143.063570483
avx512_add,3500,0x00,8,0.408432657,0.000872835,61.273341000,2.804009000,58.469332000,150.020670216,143.155379330
avx512_add,3500,0x00,9,0.408497594,0.000877036,61.263942000,2.755547000,58.508395000,149.973813541,143.228248720
avx512_add,3500,0x00,10,0.408373769,0.001068907,61.300502000,2.813652000,58.486850000,150.108813569,143.218919526
avx512_add,3500,0x00,11,0.408553100,0.000893013,61.285121000,2.812066000,58.473055000,150.005277265,143.122289467
avx512_add,3500,0x00,12,0.408511609,0.000956035,61.319057000,2.804437000,58.514620000,150.103584978,143.238573216
avx512_add,3500,0x00,13,0.408459973,0.000880802,61.122891000,2.804924000,58.317967000,149.642302934,142.775231039
avx512_add,3500,0x00,14,0.408461319,0.000841955,61.140041000,2.816705000,58.323336000,149.683796580,142.787904929
avx512_add,3500,0x00,15,0.408240278,0.001131734,61.202236000,2.821892000,58.380344000,149.917191804,143.004860623
avx512_add,3500,0x00,16,0.408703013,0.000916447,61.262416000,2.819634000,58.442782000,149.894701063,142.995720854
avx512_add,3500,0x00,17,0.408136601,0.001103436,61.140286000,2.812187000,58.328099000,149.803486864,142.913178593
avx512_add,3500,0x00,18,0.408486501,0.000749412,61.698450000,2.802605000,58.895845000,151.041588414,144.180639543
avx512_add,3500,0x00,19,0.408630484,0.000742674,61.308009000,2.779412000,58.528597000,150.032881580,143.231108072
avx512_add,3500,0x00,20,0.408303404,0.000959394,61.228542000,2.817498000,58.411044000,149.958441343,143.057940453
avx512_add,3500,0x00,21,0.408144310,0.000934131,61.302150000,2.806999000,58.495151000,150.197242617,143.319775679
avx512_add,3500,0x00,22,0.408533881,0.000885596,61.401088000,2.802788000,58.598300000,150.296195529,143.435594406
avx512_add,3500,0x00,23,0.408407135,0.000988746,61.307460000,2.822747000,58.484713000,150.113587035,143.201986432
avx512_add,3500,0x00,24,0.408298450,0.000868674,61.083767000,2.809502000,58.274265000,149.605679231,142.724678342
avx512_add,3500,0x00,25,0.408338287,0.001008672,61.340114000,2.810417000,58.529697000,150.218864872,143.336294495
avx512_add,3500,0x00,26,0.408725536,0.000756940,61.332058000,2.815301000,58.516757000,150.056829452,143.168830650
avx512_add,3500,0x00,27,0.408332571,0.000845773,61.188625000,2.820122000,58.368503000,149.849973494,142.943539382
avx512_add,3500,0x00,28,0.408500665,0.000821422,61.880762000,2.815117000,59.065645000,151.482646860,144.591306796
avx512_add,3500,0x00,29,0.408113318,0.000993948,61.319423000,2.778130000,58.541293000,150.250972552,143.443721049
avx512_add,3500,0x00,30,0.408490015,0.000987419,61.338466000,2.820610000,58.517856000,150.159033993,143.254067167
avx512_add,3500,0x00,31,0.408610598,0.001036915,61.424403000,2.802300000,58.622103000,150.325036370,143.466917628
avx512_add,3500,0x00,32,0.408244823,0.001078222,61.407923000,2.816582000,58.591341000,150.419354985,143.520107673
avx512_add,3500,0x00,33,0.408370854,0.001003013,61.156154000,2.809380000,58.346774000,149.756412407,142.876930256
avx512_add,3500,0x00,34,0.408415184,0.000906571,61.133327000,2.819207000,58.314120000,149.684265784,142.781469051
avx512_add,3500,0x00,35,0.408539855,0.000903984,61.260036000,2.819328000,58.440708000,149.948738941,143.047752492
avx512_add,3500,0x00,36,0.408342340,0.000987267,61.565638000,2.823540000,58.742098000,150.769665367,143.855026052
avx512_add,3500,0x00,37,0.408378409,0.000924444,61.448085000,2.820671000,58.627414000,150.468496010,143.561492755
avx512_add,3500,0x00,38,0.408638602,0.000850312,61.750635000,2.798272000,58.952363000,151.113073324,144.265281687
avx512_add,3500,0x00,39,0.408340801,0.000956598,61.216518000,2.780937000,58.435581000,149.915261433,143.104928030
avx512_add,3500,0x00,40,0.408400430,0.000905449,61.551234000,2.802850000,58.748384000,150.712951039,143.849956305
avx512_add,3500,0x00,41,0.408586817,0.000917558,61.505336000,2.805474000,58.699862000,150.531866047,143.665579903
avx512_add,3500,0x00,42,0.408343956,0.001047454,61.288967000,2.816704000,58.472263000,150.091524750,143.193653586
avx512_add,3500,0x00,43,0.408621654,0.000898993,61.176418000,2.818657000,58.357761000,149.714087520,142.816124635
avx512_add,3500,0x00,44,0.408336469,0.000921444,61.212185000,2.811822000,58.400363000,149.906240719,143.020198902
avx512_add,3500,0x00,45,0.408664810,0.001049112,61.359034000,2.806450000,58.552584000,150.145137309,143.277773318
avx512_add,3500,0x00,46,0.408784019,0.000658142,61.316127000,2.810418000,58.505709000,149.996389684,143.121321507
avx512_add,3500,0x00,47,0.408337003,0.000882601,61.619166000,2.806145000,58.813021000,150.902723886,144.030593807
avx512_add,3500,0x00,48,0.408459017,0.000797786,61.256557000,2.815362000,58.441195000,149.969897832,143.077255278
avx512_add,3500,0x00,49,0.408677316,0.000767734,61.306362000,2.804009000,58.502353000,150.011658600,143.150477687
avx512_add,3500,0x00,50,0.408550734,0.000814846,61.692347000,2.817985000,58.874362000,151.002903430,144.105387976
avx512_add,3500,0x00,51,0.408231144,0.000961758,61.453456000,2.812005000,58.641451000,150.535932600,143.647665891
avx512_add,3500,0x00,52,0.408451573,0.000858005,61.801416000,2.824821000,58.976595000,151.306593179,144.390666821
avx512_add,3500,0x00,53,0.408736772,0.000816467,61.702052000,2.798760000,58.903292000,150.957917728,144.110576868
avx512_add,3500,0x00,54,0.408589076,0.000964530,61.466396000,2.808343000,58.658053000,150.435730266,143.562460357
avx512_add,3500,0x00,55,0.408823974,0.000846162,61.852930000,2.804375000,59.048555000,151.294772002,144.435157166
avx512_add,3500,0x00,56,0.408299078,0.000909754,61.417934000,2.805779000,58.612155000,150.423886156,143.552014158
avx512_add,3500,0x00,57,0.408439433,0.000862910,62.140893000,2.800896000,59.339997000,152.142246782,145.284691477
avx512_add,3500,0x00,58,0.408466550,0.000818481,61.422084000,2.805412000,58.616672000,150.372371945,143.504215913
avx512_add,3500,0x00,59,0.408326449,0.000927549,61.591151000,2.805962000,58.785189000,150.838014983,143.966155449
avx512_add,3500,0x00,60,0.408471211,0.000815231,61.688440000,2.797784000,58.890656000,151.022736191,144.173333046
avx512_add,3500,0x00,61,0.408497792,0.000946948,61.780909000,2.805718000,58.975191000,151.239272728,144.370892889
avx512_add,3500,0x00,62,0.408305188,0.000982126,61.917078000,2.818657000,59.098421000,151.644112755,144.740803462
avx512_add,3500,0x00,63,0.408505895,0.000697431,61.593592000,2.808404000,58.785188000,150.777731034,143.902912255
avx512_add,3500,0x00,64,0.408618882,0.000872330,61.702784000,2.805779000,58.897005000,151.003261882,144.136768125
avx512_add,3500,0x00,65,0.408468246,0.001005618,61.977991000,2.797784000,59.180207000,151.732703037,144.883250159
avx512_add,3500,0x00,66,0.408481201,0.000957395,61.776820000,2.817254000,58.959566000,151.235405164,144.338505160
avx512_add,3500,0x00,67,0.408488865,0.000976216,62.190942000,2.816704000,59.374238000,152.246358049,145.350933862
avx512_add,3500,0x00,68,0.408327431,0.000866057,61.722682000,2.819756000,58.902926000,151.159773394,144.254148684
avx512_add,3500,0x00,69,0.408438655,0.000791769,61.421717000,2.792047000,58.629670000,150.381743387,143.545840452
avx512_add,3500,0x00,70,0.408467218,0.000945703,61.878076000,2.817314000,59.060762000,151.488475128,144.591192126
avx512_add,3500,0x00,71,0.408429466,0.000852735,61.575099000,2.816644000,58.758455000,150.760667786,143.864387679
avx512_add,3500,0x00,72,0.408169717,0.000924292,61.624964000,2.812615000,58.812349000,150.978775265,144.087977439
avx512_add,3500,0x00,73,0.408654138,0.000820608,61.707972000,2.811882000,58.896090000,151.002929497,144.122093754
avx512_add,3500,0x00,74,0.408911637,0.000700925,61.730677000,2.826103000,58.904574000,150.963365606,144.052085167
avx512_add,3500,0x00,75,0.408526592,0.000881450,61.894251000,2.823846000,59.070405000,151.506051791,144.593782050
avx512_add,3500,0x00,76,0.408644565,0.000703565,62.466881000,2.825249000,59.641632000,152.863603989,145.949896479
avx512_add,3500,0x00,77,0.408633625,0.000851371,62.308800000,2.806756000,59.502044000,152.480843775,145.612206870
avx512_add,3500,0x00,78,0.408451011,0.000883982,61.613490000,2.822746000,58.790744000,150.846706890,143.935851191
avx512_add,3500,0x00,79,0.408365853,0.000947503,61.920984000,2.812370000,59.108614000,151.631150112,144.744261853
avx512_add,3500,0x00,80,0.408566003,0.000778759,62.081140000,2.827813000,59.253327000,151.948864032,145.027551488
avx512_add,3500,0x00,81,0.408425022,0.000928910,61.601954000,2.823723000,58.778231000,150.828060676,143.914373101
avx512_add,3500,0x00,82,0.408634394,0.000892878,61.891810000,2.821709000,59.070101000,151.460109338,144.554892741
avx512_add,3500,0x00,83,0.408761775,0.000844441,61.990320000,2.809990000,59.180330000,151.653906616,144.779511371
avx512_add,3500,0x00,84,0.408378951,0.000915818,61.672328000,2.815422000,58.856906000,151.017401627,144.123260791
avx512_add,3500,0x00,85,0.408353183,0.000934769,61.524378000,2.816460000,58.707918000,150.664622179,143.767504393
avx512_add,3500,0x00,86,0.408562785,0.000940485,61.989893000,2.827263000,59.162630000,151.726724364,144.806703484
avx512_add,3500,0x00,87,0.408508658,0.000788138,61.992029000,2.802239000,59.189790000,151.752056663,144.892375856
avx512_add,3500,0x00,88,0.408433928,0.000887469,61.612879000,2.809136000,58.803743000,150.851520254,143.973697905
avx512_add,3500,0x00,89,0.408594356,0.000936297,62.066613000,2.797479000,59.269134000,151.902766318,145.056173951
avx512_add,3500,0x00,90,0.408315720,0.000749152,61.791712000,2.802849000,58.988863000,151.333169356,144.468753261
avx512_add,3500,0x00,91,0.408638593,0.000860823,61.806177000,2.811638000,58.994539000,151.248996319,144.368495920
avx512_add,3500,0x00,92,0.408547819,0.000892559,62.139489000,2.816521000,59.322968000,152.098447462,145.204466223
avx512_add,3500,0x00,93,0.408523388,0.000994395,61.862330000,2.814751000,59.047579000,151.429102380,144.539041540
avx512_add,3500,0x00,94,0.408523167,0.000824778,61.740931000,2.818352000,58.922579000,151.132019094,144.233139836
avx512_add,3500,0x00,95,0.408277497,0.001049655,61.711268000,2.822075000,58.889193000,151.150304665,144.238155395
avx512_add,3500,0x00,96,0.408439703,0.000793486,62.348168000,2.815117000,59.533051000,152.649626069,145.757257437
avx512_add,3500,0x00,97,0.408629118,0.000886297,62.043664000,2.825676000,59.217988000,151.833682922,144.918669104
avx512_add,3500,0x00,98,0.408631672,0.000757218,61.897730000,2.836663000,59.061067000,151.475605720,144.533747817
avx512_add,3500,0x00,99,0.408486987,0.000767842,61.785364000,2.790642000,58.994722000,151.254179471,144.422524875
avx512_add,3500,0xAA,0,0.408151535,0.001017757,62.525353000,2.824028000,59.701325000,153.191517365,146.272449921
avx512_add,3500,0xAA,1,0.408280001,0.000925789,62.476464000,2.818963000,59.657501000,153.023571724,146.119087071
avx512_add,3500,0xAA,2,0.408250516,0.000947704,62.325280000,2.804864000,59.520416000,152.664301758,145.793853617
avx512_add,3500,0xAA,3,0.408396253,0.000904363,62.683250000,2.821526000,59.861724000,153.486349620,146.577554589
avx512_add,3500,0xAA,4,0.408521048,0.000874957,62.585960000,2.813347000,59.772613000,153.201310521,146.314647005
avx512_add,3500,0xAA,5,0.408422443,0.000805901,62.486779000,2.814568000,59.672211000,152.995458862,146.104143139
avx512_add,3500,0xAA,6,0.408429312,0.000770661,62.511681000,2.809441000,59.702240000,153.053855850,146.175208996
avx512_add,3500,0xAA,7,0.408420155,0.000867882,62.619102000,2.817681000,59.801421000,153.320303273,146.421326896
avx512_add,3500,0xAA,8,0.408284111,0.000739463,62.418602000,2.817620000,59.600982000,152.880311515,145.979185737
avx512_add,3500,0xAA,9,0.408321823,0.000955062,62.508507000,2.782463000,59.726044000,153.086373245,146.271986055
avx512_add,3500,0xAA,10,0.408440499,0.000833091,62.694237000,2.804498000,59.889739000,153.496622283,146.630265967
avx512_add,3500,0xAA,11,0.408411836,0.001037059,62.647362000,2.804619000,59.842743000,153.392621177,146.525486695
avx512_add,3500,0xAA,12,0.408252676,0.000931789,62.634483000,2.810784000,59.823699000,153.420875623,146.535963003
avx512_add,3500,0xAA,13,0.408347516,0.000888104,62.515037000,2.826897000,59.688140000,153.092732604,146.169959984
avx512_add,3500,0xAA,14,0.408395367,0.000973808,62.724937000,2.830254000,59.894683000,153.588757359,146.658575909
avx512_add,3500,0xAA,15,0.408279626,0.000990929,62.761802000,2.822136000,59.939666000,153.722590987,146.810328366
avx512_add,3500,0xAA,16,0.408428573,0.000946082,62.643272000,2.817559000,59.825713000,153.376321295,146.477785815
avx512_add,3500,0xAA,17,0.408282978,0.000973935,62.622521000,2.812798000,59.809723000,153.380190585,146.490856102
avx512_add,3500,0xAA,18,0.408191650,0.001060783,62.647544000,2.810174000,59.837370000,153.475809843,146.591362298
avx512_add,3500,0xAA,19,0.408414534,0.000838348,62.600731000,2.788384000,59.812347000,153.277432144,146.450094308
avx512_add,3500,0xAA,20,0.408676944,0.001023835,62.702172000,2.812432000,59.889740000,153.427231306,146.545433734
avx512_add,3500,0xAA,21,0.408314668,0.000810052,62.595910000,2.815056000,59.780854000,153.303113925,146.408784077
avx512_add,3500,0xAA,22,0.408390234,0.001140646,62.643822000,2.826836000,59.816986000,153.392066801,146.470167679
avx512_add,3500,0xAA,23,0.408384107,0.000894571,62.723960000,2.821892000,59.902068000,153.590599899,146.680703185
avx512_add,3500,0xAA,24,0.408416946,0.000834724,62.633689000,2.814813000,59.818876000,153.357223982,146.465215630
avx512_add,3500,0xAA,25,0.408503362,0.001363953,62.950888000,2.823784000,60.127104000,154.101272868,147.188761821
avx512_add,3500,0xAA,26,0.408573669,0.000873487,62.779014000,2.802117000,59.976897000,153.654086677,146.795795969
avx512_add,3500,0xAA,27,0.408446455,0.001094686,62.754173000,2.813653000,59.940520000,153.641125384,146.752454995
avx512_add,3500,0xAA,28,0.408319605,0.001045030,62.651573000,2.807305000,59.844268000,153.437582334,146.562318531
avx512_add,3500,0xAA,29,0.408465363,0.000971200,62.686119000,2.784600000,59.901519000,153.467404460,146.650180148
avx512_add,3500,0xAA,30,0.408406443,0.000766106,62.752769000,2.807000000,59.945769000,153.652739864,146.779684736
avx512_add,3500,0xAA,31,0.408374024,0.000825517,62.757163000,2.810479000,59.946684000,153.675697484,146.793577580
avx512_add,3500,0xAA,32,0.408425905,0.000917747,62.709495000,2.807060000,59.902435000,153.539465159,146.666590628
avx512_add,3500,0xAA,33,0.408463125,0.000955395,62.585228000,2.803460000,59.781768000,153.221243549,146.357808819
avx512_add,3500,0xAA,34,0.408439540,0.001236182,62.924644000,2.815362000,60.109282000,154.061097868,147.168126640
avx512_add,3500,0xAA,35,0.408381935,0.001015326,62.661094000,2.809258000,59.851836000,153.437477765,146.558481016
avx512_add,3500,0xAA,36,0.408414215,0.000941955,62.562096000,2.813103000,59.748993000,153.182954075,146.295086577
avx512_add,3500,0xAA,37,0.408358106,0.000937953,62.684104000,2.823541000,59.860563000,153.502778598,146.588403800
avx512_add,3500,0xAA,38,0.408571228,0.000956801,62.611534000,2.807060000,59.804474000,153.245088382,146.374658442
avx512_add,3500,0xAA,39,0.408501015,0.001025546,62.673362000,2.794365000,59.878997000,153.422781420,146.582247628
avx512_add,3500,0xAA,40,0.408397118,0.000997245,62.689598000,2.827446000,59.862152000,153.501568157,146.578292068
avx512_add,3500,0xAA,41,0.408400975,0.000783045,62.630821000,2.815240000,59.815581000,153.356198351,146.462874953
avx512_add,3500,0xAA,42,0.408218672,0.001046779,62.721946000,2.805779000,59.916167000,153.647910737,146.774685195
avx512_add,3500,0xAA,43,0.408287392,0.000725573,62.663048000,2.810601000,59.852447000,153.477793393,146.593914403
avx512_add,3500,0xAA,44,0.408336184,0.000795682,62.680747000,2.818169000,59.862578000,153.502798728,146.601208535
avx512_add,3500,0xAA,45,0.408273814,0.000793893,62.534630000,2.808709000,59.725921000,153.168358790,146.288885003
avx512_add,3500,0xAA,46,0.408083316,0.001207705,62.679283000,2.814201000,59.865082000,153.594328816,146.698185576
avx512_add,3500,0xAA,47,0.408239770,0.000786750,62.581505000,2.809625000,59.771880000,153.295954154,146.413662889
avx512_add,3500,0xAA,48,0.408092361,0.000976737,62.703514000,2.811883000,59.891631000,153.650300679,146.759990378
avx512_add,3500,0xAA,49,0.408399896,0.000965069,62.735923000,2.795403000,59.940520000,153.613954263,146.769185141
avx512_add,3500,0xAA,50,0.408444431,0.000834757,62.581627000,2.817680000,59.763947000,153.219440107,146.320876221
avx512_add,3500,0xAA,51,0.408530854,0.000957559,62.825461000,2.822075000,60.003386000,153.783882802,146.876020223
avx512_add,3500,0xAA,52,0.408751581,0.000967261,62.739158000,2.810906000,59.928252000,153.489701026,146.612893378
avx512_add,3500,0xAA,53,0.408189714,0.000904324,62.727318000,2.818780000,59.908538000,153.671971345,146.766407817
avx512_add,3500,0xAA,54,0.408728899,0.000829189,62.713645000,2.810051000,59.903594000,153.435798636,146.560701209
avx512_add,3500,0xAA,55,0.408350646,0.001003819,62.618248000,2.806023000,59.812225000,153.344309907,146.472708189
avx512_add,3500,0xAA,56,0.408630868,0.000822876,62.710960000,2.825920000,59.885040000,153.466037346,146.550456015
avx512_add,3500,0xAA,57,0.408633445,0.000812364,62.627769000,2.815423000,59.812346000,153.261486109,146.371636449
avx512_add,3500,0xAA,58,0.408628430,0.001071246,62.730491000,2.820793000,59.909698000,153.514749449,146.611673708
avx512_add,3500,0xAA,59,0.408835027,0.000848009,62.840598000,2.805474000,60.035124000,153.706492566,146.844375046
avx512_add,3500,0xAA,60,0.408694658,0.000724275,62.735557000,2.813287000,59.922270000,153.502268297,146.618676973
avx512_add,3500,0xAA,61,0.408676614,0.000904211,62.792320000,2.823357000,59.968963000,153.647940311,146.739404557
avx512_add,3500,0xAA,62,0.408722100,0.000678036,62.680259000,2.817376000,59.862883000,153.356667009,146.463533510
avx512_add,3500,0xAA,63,0.408583292,0.001263831,63.036765000,2.836846000,60.199919000,154.281308774,147.338181003
avx512_add,3500,0xAA,64,0.408555124,0.000912874,62.687645000,2.821099000,59.866546000,153.437421989,146.532358675
avx512_add,3500,0xAA,65,0.408566614,0.000852037,62.721092000,2.825799000,59.895293000,153.514971218,146.598598459
avx512_add,3500,0xAA,66,0.408734301,0.000839291,62.793784000,2.824578000,59.969206000,153.629836958,146.719288971
avx512_add,3500,0xAA,67,0.408474426,0.000874011,62.727195000,2.814873000,59.912322000,153.564558803,146.673373403
avx512_add,3500,0xAA,68,0.408594807,0.000804207,62.868369000,2.813775000,60.054594000,153.864826164,146.978358324
avx512_add,3500,0xAA,69,0.408564425,0.000873607,62.766380000,2.789360000,59.977020000,153.626640240,146.799418322
avx512_add,3500,0xAA,70,0.408595547,0.000560963,62.780357000,2.823235000,59.957122000,153.649146393,146.739538539
avx512_add,3500,0xAA,71,0.408939143,0.000787488,62.812644000,2.826592000,59.986052000,153.599001311,146.686989960
avx512_add,3500,0xAA,72,0.408326013,0.001143553,62.789451000,2.819878000,59.969573000,153.772840794,146.866893316
avx512_add,3500,0xAA,73,0.408079180,0.001078848,62.729453000,2.808831000,59.920622000,153.718827218,146.835773301
avx512_add,3500,0xAA,74,0.408613636,0.000704504,62.719749000,2.814995000,59.904754000,153.494018666,146.604882437
avx512_add,3500,0xAA,75,0.408147607,0.000965443,62.697227000,2.806634000,59.890593000,153.614099225,146.737582122
avx512_add,3500,0xAA,76,0.408456107,0.000788202,62.853355000,2.814690000,60.038665000,153.880316447,146.989270012
avx512_add,3500,0xAA,77,0.408772051,0.000733799,62.728416000,2.803643000,59.924773000,153.455735993,146.597040565
avx512_add,3500,0xAA,78,0.408663295,0.000807374,62.714622000,2.798516000,59.916106000,153.462820914,146.614845976
avx512_add,3500,0xAA,79,0.408571190,0.000914809,62.760703000,2.784050000,59.976653000,153.610201812,146.796089447
avx512_add,3500,0xAA,80,0.408415700,0.001171088,62.752769000,2.806999000,59.945770000,153.649257523,146.776360612
avx512_add,3500,0xAA,81,0.408251732,0.000995350,62.706627000,2.816277000,59.890350000,153.597944729,146.699561261
avx512_add,3500,0xAA,82,0.408323732,0.001036768,62.807334000,2.818962000,59.988372000,153.817495832,146.913753099
avx512_add,3500,0xAA,83,0.408275319,0.001016195,62.809227000,2.818535000,59.990692000,153.840372195,146.936856674
avx512_add,3500,0xAA,84,0.408519607,0.000784752,62.793784000,2.825188000,59.968596000,153.710575784,146.794902822
avx512_add,3500,0xAA,85,0.408305602,0.000951440,62.730797000,2.814873000,59.915924000,153.636875525,146.742840802
avx512_add,3500,0xAA,86,0.408396337,0.000932986,62.777244000,2.817742000,59.959502000,153.716471738,146.816943646
avx512_add,3500,0xAA,87,0.408194522,0.000767105,62.839072000,2.830376000,60.008696000,153.943937368,147.010047165
avx512_add,3500,0xAA,88,0.408395933,0.001145917,62.937888000,2.828545000,60.109343000,154.109977253,147.183990070
avx512_add,3500,0xAA,89,0.408265725,0.000894227,62.668845000,2.784417000,59.884428000,153.500137834,146.680028204
avx512_add,3500,0xAA,90,0.408476786,0.000938980,62.862754000,2.823784000,60.038970000,153.895536237,146.982575458
avx512_add,3500,0xAA,91,0.408355173,0.001026634,62.860862000,2.825981000,60.034881000,153.936734859,147.016335201
avx512_add,3500,0xAA,92,0.408412282,0.000897653,62.823875000,2.821282000,60.002593000,153.824646800,146.916720360
avx512_add,3500,0xAA,93,0.408446141,0.000800881,62.834434000,2.827630000,60.006804000,153.837746709,146.914851092
avx512_add,3500,0xAA,94,0.408422156,0.000848101,62.862754000,2.819634000,60.043120000,153.916120883,147.012396499
avx512_add,3500,0xAA,95,0.408496068,0.000803559,62.778098000,2.819451000,59.958647000,153.681033758,146.779006489
avx512_add,3500,0xAA,96,0.408475962,0.000720220,62.790305000,2.816277000,59.974028000,153.718482500,146.823885847
avx512_add,3500,0xAA,97,0.408356795,0.000994320,62.799766000,2.823845000,59.975921000,153.786509280,146.871367824
avx512_add,3500,0xAA,98,0.408690686,0.000962591,62.743309000,2.806633000,59.936676000,153.522728092,146.655351127
avx512_add,3500,0xAA,99,0.408403473,0.000880529,62.835593000,2.791680000,60.043913000,153.856656805,147.021063614
avx512_add,3700,0x00,0,0.408419811,0.000836321,61.082730000,2.806999000,58.275731000,149.558685340,142.685857616
avx512_add,3700,0x00,1,0.408654108,0.000709472,61.182156000,2.815971000,58.366185000,149.716238581,142.825396322
avx512_add,3700,0x00,2,0.408671680,0.000851870,61.157803000,2.793694000,58.364109000,149.650210536,142.814175316
avx512_add,3700,0x00,3,0.408556908,0.000782068,61.207180000,2.791619000,58.415561000,149.813107619,142.980230861
avx512_add,3700,0x00,4,0.408750803,0.000983963,61.458156000,2.819573000,58.638583000,150.356049589,143.458025219
avx512_add,3700,0x00,5,0.408536628,0.000894587,61.187466000,2.800225000,58.387241000,149.772289075,142.918007707
avx512_add,3700,0x00,6,0.408676780,0.001309921,61.728845000,2.840813000,58.888032000,151.045638203,144.094391787
avx512_add,3700,0x00,7,0.408384641,0.000971979,61.233669000,2.806023000,58.427646000,149.941165380,143.070135674
avx512_add,3700,0x00,8,0.408388847,0.000990242,61.207668000,2.793816000,58.413852000,149.875953767,143.034885461
avx512_add,3700,0x00,9,0.408389815,0.000794385,61.496608000,2.816399000,58.680209000,150.583108803,143.686759056
avx512_add,3700,0x00,10,0.408271135,0.000816683,61.231960000,2.812981000,58.418979000,149.978665605,143.088683041
avx512_add,3700,0x00,11,0.408465674,0.000855812,61.217861000,2.807671000,58.410190000,149.872718375,142.999017167
avx512_add,3700,0x00,12,0.408537047,0.000831603,61.407924000,2.796380000,58.611544000,150.311763644,143.466900925
avx512_add,3700,0x00,13,0.408547830,0.000938978,61.439051000,2.819451000,58.619600000,150.383985666,143.482832867
avx512_add,3700,0x00,14,0.408211667,0.000775491,61.230434000,2.811944000,58.418490000,149.996775889,143.108329958
avx512_add,3700,0x00,15,0.408144640,0.000846615,61.356289000,2.816216000,58.540073000,150.329767832,143.429723772
avx512_add,3700,0x00,16,0.408635417,0.001293771,61.374904000,2.834465000,58.540439000,150.194773809,143.258358405
avx512_add,3700,0x00,17,0.408729386,0.000913278,61.544521000,2.809075000,58.735446000,150.575229215,143.702527874
avx512_add,3700,0x00,18,0.408768765,0.000782151,61.540736000,2.806755000,58.733981000,150.551464006,143.685100329
avx512_add,3700,0x00,19,0.408445731,0.000896196,61.538112000,2.818596000,58.719516000,150.664108825,143.763324243
avx512_add,3700,0x00,20,0.408308675,0.000956887,61.301662000,2.797478000,58.504184000,150.135585430,143.284205164
avx512_add,3700,0x00,21,0.408612662,0.000770900,61.236294000,2.815239000,58.421055000,149.863916688,142.974166911
avx512_add,3700,0x00,22,0.408612788,0.000715948,61.133937000,2.807244000,58.326693000,149.613371892,142.743190431
avx512_add,3700,0x00,23,0.408586758,0.001326886,61.584559000,2.839104000,58.745455000,150.725782983,143.777187746
avx512_add,3700,0x00,24,0.408538318,0.000726845,61.536159000,2.809746000,58.726413000,150.625183296,143.747625237
avx512_add,3700,0x00,25,0.408573350,0.001266461,61.784815000,2.828545000,58.956270000,151.220863895,144.297884220
avx512_add,3700,0x00,26,0.408594464,0.000702294,61.371791000,2.808220000,58.563571000,150.202208744,143.329330508
avx512_add,3700,0x00,27,0.408355004,0.000855719,61.354274000,2.819939000,58.534335000,150.247391129,143.341784554
avx512_add,3700,0x00,28,0.408766820,0.000780630,61.848352000,2.796013000,59.052339000,151.304726831,144.464609520
avx512_add,3700,0x00,29,0.408870376,0.000740692,61.740199000,2.809075000,58.931124000,151.001888664,144.131557222
avx512_add,3700,0x00,30,0.408412283,0.000787486,61.378810000,2.827386000,58.551424000,150.286395638,143.363523542
avx512_add,3700,0x00,31,0.408530537,0.000793245,61.505214000,2.808343000,58.696871000,150.552304875,143.678050091
avx512_add,3700,0x00,32,0.408607032,0.000871199,61.588038000,2.798882000,58.789156000,150.726818622,143.877005034
avx512_add,3700,0x00,33,0.408306907,0.000919841,61.475124000,2.811394000,58.663730000,150.561068091,143.675575945
avx512_add,3700,0x00,34,0.408463937,0.000851546,61.412807000,2.787652000,58.625155000,150.350622123,143.525902119
avx512_add,3700,0x00,35,0.408687357,0.000725774,61.367824000,2.796135000,58.571689000,150.158361788,143.316616007
avx512_add,3700,0x00,36,0.408755788,0.000787401,61.277614000,2.786187000,58.491427000,149.912529019,143.096265914
avx512_add,3700,0x00,37,0.408463874,0.000839500,61.868861000,2.783867000,59.084994000,151.467155128,144.651700505
avx512_add,3700,0x00,38,0.408583738,0.000753070,61.810205000,2.767999000,59.042206000,151.279160652,144.504542036
avx512_add,3700,0x00,39,0.408586493,0.000742706,61.303249000,2.811761000,58.491488000,150.037385213,143.155706424
avx512_add,3700,0x00,40,0.408594561,0.000945023,61.458461000,2.810784000,58.647677000,150.414290631,143.535138849
avx512_add,3700,0x00,41,0.408708554,0.000706878,61.666407000,2.810052000,58.856355000,150.881126566,144.005684456
avx512_add,3700,0x00,42,0.408359042,0.000805636,62.323022000,2.817925000,59.505097000,152.618200098,145.717593745
avx512_add,3700,0x00,43,0.408431734,0.000761788,61.620448000,2.818718000,58.801730000,150.870862533,143.969542765
avx512_add,3700,0x00,44,0.408670091,0.000774147,61.875696000,2.822564000,59.053132000,151.407449215,144.500743624
avx512_add,3700,0x00,45,0.408759021,0.000928360,61.871607000,2.828300000,59.043307000,151.364505378,144.445269701
avx512_add,3700,0x00,46,0.408366949,0.001035503,61.605250000,2.818963000,58.786287000,150.857580709,143.954566140
avx512_add,3700,0x00,47,0.408563970,0.000778595,61.488185000,2.825432000,58.662753000,150.498304970,143.582785724
avx512_add,3700,0x00,48,0.408429653,0.000757081,61.996484000,2.787224000,59.209260000,151.792318420,144.968073469
avx512_add,3700,0x00,49,0.408509969,0.000872746,61.433253000,2.817314000,58.615939000,150.383730319,143.487169123
avx512_add,3700,0x00,50,0.408622686,0.000774047,61.377773000,2.819511000,58.558262000,150.206474446,143.306439038
avx512_add,3700,0x00,51,0.408364605,0.000790390,61.558314000,2.809258000,58.749056000,150.743510189,143.864221521
avx512_add,3700,0x00,52,0.408800226,0.000930770,61.589137000,2.815301000,58.773836000,150.658275150,143.771534836
avx512_add,3700,0x00,53,0.408478346,0.000907219,61.594019000,2.809075000,58.784944000,150.788945436,143.912020310
avx512_add,3700,0x00,54,0.408663940,0.000711478,61.822230000,2.814568000,59.007662000,151.278896906,144.391653559
avx512_add,3700,0x00,55,0.408580120,0.000636635,61.447169000,2.813957000,58.633212000,150.391969739,143.504808900
avx512_add,3700,0x00,56,0.408472235,0.000715904,61.609889000,2.821526000,58.788363000,150.830053291,143.922543412
avx512_add,3700,0x00,57,0.408530158,0.000756291,61.867274000,2.820793000,59.046481000,151.438694918,144.533958651
avx512_add,3700,0x00,58,0.408588833,0.000760794,61.390773000,2.805779000,58.584994000,150.250736413,143.383737671
avx512_add,3700,0x00,59,0.408011950,0.000911674,61.671412000,2.829888000,58.841524000,151.150994382,144.215197530
avx512_add,3700,0x00,60,0.408367304,0.000810418,61.507227000,2.818352000,58.688875000,150.617413104,143.715900742
avx512_add,3700,0x00,61,0.408273287,0.000999210,61.278529000,2.810905000,58.467624000,150.091938387,143.207076969
avx512_add,3700,0x00,62,0.408568341,0.000968821,61.402186000,2.814690000,58.587496000,150.286206354,143.397052894
avx512_add,3700,0x00,63,0.408562975,0.000813296,61.549586000,2.803094000,58.746492000,150.648956713,143.788095185
avx512_add,3700,0x00,64,0.408353850,0.000920197,61.546656000,2.816948000,58.729708000,150.718931553,143.820629998
avx512_add,3700,0x00,65,0.408195536,0.000964648,61.760584000,2.814019000,58.946565000,151.301468541,144.407667031
avx512_add,3700,0x00,66,0.408431396,0.000950257,61.673670000,2.814201000,58.859469000,151.001295593,144.111029503
avx512_add,3700,0x00,67,0.408187966,0.000982192,62.006739000,2.827691000,59.179048000,151.907317807,144.979894073
avx512_add,3700,0x00,68,0.408515117,0.000792509,61.950097000,2.791314000,59.158783000,151.647012394,144.814183242
avx512_add,3700,0x00,69,0.408593226,0.000772427,61.698145000,2.818413000,58.879732000,151.001389933,144.103544294
avx512_add,3700,0x00,70,0.408572010,0.000750051,61.482753000,2.820732000,58.662021000,150.482048466,143.578168779
avx512_add,3700,0x00,71,0.408457168,0.000891273,61.821070000,2.807305000,59.013765000,151.352638132,144.479689834
avx512_add,3700,0x00,72,0.408628715,0.000801049,62.017419000,2.827691000,59.189728000,151.769605722,144.849653955
avx512_add,3700,0x00,73,0.408339937,0.000729482,61.691798000,2.815850000,58.875948000,151.079511044,144.183663379
avx512_add,3700,0x00,74,0.408452888,0.000934292,61.955713000,2.816216000,59.139497000,151.683865667,144.789028875
avx512_add,3700,0x00,75,0.408640293,0.000811797,61.257655000,2.806145000,58.451510000,149.906056957,143.039027323
avx512_add,3700,0x00,76,0.408433563,0.000801908,61.640345000,2.819023000,58.821322000,150.918902284,144.016866666
avx512_add,3700,0x00,77,0.408365527,0.000859292,62.072717000,2.803581000,59.269136000,152.002832991,145.137461615
avx512_add,3700,0x00,78,0.408402539,0.000840799,61.804408000,2.780267000,59.024141000,151.332085727,144.524422365
avx512_add,3700,0x00,79,0.408247988,0.001036411,61.745203000,2.817803000,58.927400000,151.244353614,144.342168948
avx512_add,3700,0x00,80,0.408495867,0.000986705,61.783961000,2.824029000,58.959932000,151.247456807,144.334219176
avx512_add,3700,0x00,81,0.408146476,0.000931819,61.718958000,2.808769000,58.910189000,151.217667257,144.335900134
avx512_add,3700,0x00,82,0.408132080,0.000837466,62.024561000,2.808891000,59.215670000,151.971785609,145.089476828
avx512_add,3700,0x00,83,0.408373735,0.000901127,61.713099000,2.825555000,58.887544000,151.119167772,144.200125834
avx512_add,3700,0x00,84,0.408406936,0.000901801,61.948938000,2.829644000,59.119294000,151.684343631,144.755852091
avx512_add,3700,0x00,85,0.408358545,0.000884840,62.079248000,2.823784000,59.255464000,152.021425258,145.106462817
avx512_add,3700,0x00,86,0.408370398,0.000814838,62.145653000,2.814507000,59.331146000,152.179622374,145.287577770
avx512_add,3700,0x00,87,0.408401077,0.000985802,62.203393000,2.817254000,59.386139000,152.309571527,145.411318410
avx512_add,3700,0x00,88,0.408262002,0.000744540,62.082849000,2.796562000,59.286287000,152.066194625,145.216274749
avx512_add,3700,0x00,89,0.408435342,0.000813707,61.892481000,2.820611000,59.071870000,151.535566516,144.629672958
avx512_add,3700,0x00,90,0.408824213,0.000788937,62.235192000,2.817620000,59.417572000,152.229711382,145.337702768
avx512_add,3700,0x00,91,0.408937699,0.001970055,62.857750000,2.875725000,59.982025000,153.709844185,146.677660537
avx512_add,3700,0x00,92,0.408611393,0.000766244,61.945642000,2.831292000,59.114350000,151.600379015,144.671321111
avx512_add,3700,0x00,93,0.408527736,0.000824253,61.967615000,2.818352000,59.149263000,151.685208971,144.786406877
avx512_add,3700,0x00,94,0.408585447,0.000973547,62.055200000,2.824700000,59.230500000,151.878145524,144.964781331
avx512_add,3700,0x00,95,0.408405888,0.000862311,61.873804000,2.823296000,59.050508000,151.500763748,144.587797798
avx512_add,3700,0x00,96,0.408550072,0.000950783,62.169885000,2.822259000,59.347626000,152.172008522,145.264020505
avx512_add,3700,0x00,97,0.408620676,0.000840621,62.177453000,2.827385000,59.350068000,152.164235896,145.244896853
avx512_add,3700,0x00,98,0.408285766,0.001021645,61.821680000,2.807061000,59.014619000,151.417671514,144.542435506
avx512_add,3700,0x00,99,0.408267314,0.000896129,62.002710000,2.822991000,59.179719000,151.867925554,144.953360255
avx512_add,3700,0xAA,0,0.408359590,0.000863259,62.492638000,2.831475000,59.661163000,153.033354799,146.099576162
avx512_add,3700,0xAA,1,0.408077758,0.001091269,62.583092000,2.825005000,59.758087000,153.360703338,146.437990831
avx512_add,3700,0xAA,2,0.408240761,0.000739840,62.324181000,2.820611000,59.503570000,152.665257838,145.756072693
avx512_add,3700,0xAA,3,0.408309855,0.001015864,62.367577000,2.820916000,59.546661000,152.745705979,145.836943018
avx512_add,3700,0xAA,4,0.408587086,0.000825254,62.515465000,2.822624000,59.692841000,153.004015839,146.095760303
avx512_add,3700,0xAA,5,0.408354066,0.000766550,62.572960000,2.832635000,59.740325000,153.232121986,146.295408877
avx512_add,3700,0xAA,6,0.408419500,0.000928351,62.620018000,2.823235000,59.796783000,153.322792032,146.410205824
avx512_add,3700,0xAA,7,0.408579036,0.000870425,62.419396000,2.824639000,59.594757000,152.771900986,145.858577608
avx512_add,3700,0xAA,8,0.408395188,0.000870792,62.487144000,2.799065000,59.688079000,153.006562822,146.152747984
avx512_add,3700,0xAA,9,0.408633631,0.000704264,62.386437000,2.814751000,59.571686000,152.670833533,145.782631513
avx512_add,3700,0xAA,10,0.408492432,0.000704265,62.618614000,2.828301000,59.790313000,153.291980735,146.368227002
avx512_add,3700,0xAA,11,0.408435599,0.000761947,62.427696000,2.817315000,59.610381000,152.845873630,145.948054232
avx512_add,3700,0xAA,12,0.408519033,0.000800099,62.502892000,2.819145000,59.683747000,152.998726976,146.097836756
avx512_add,3700,0xAA,13,0.408582212,0.000767978,62.555687000,2.820977000,59.734710000,153.104283956,146.199977020
avx512_add,3700,0xAA,14,0.408468465,0.000715276,62.397179000,2.819573000,59.577606000,152.758864644,145.856072288
avx512_add,3700,0xAA,15,0.408426065,0.000943484,62.573326000,2.822259000,59.751067000,153.206005422,146.295920002
avx512_add,3700,0xAA,16,0.408610633,0.000701089,62.663780000,2.826592000,59.837188000,153.358172738,146.440604341
avx512_add,3700,0xAA,17,0.408649723,0.000776611,62.541954000,2.819329000,59.722625000,153.045384704,146.146251181
avx512_add,3700,0xAA,18,0.408444964,0.000749109,62.705161000,2.792962000,59.912199000,153.521689524,146.683651981
avx512_add,3700,0xAA,19,0.408448209,0.000903868,62.437584000,2.826470000,59.611114000,152.865363781,145.945343225
avx512_add,3700,0xAA,20,0.408513702,0.000833324,62.747825000,2.834405000,59.913420000,153.600294553,146.661959354
avx512_add,3700,0xAA,21,0.408434927,0.000768187,62.517846000,2.828545000,59.689301000,153.066845690,146.141519743
avx512_add,3700,0xAA,22,0.408495250,0.000761103,62.415917000,2.818352000,59.597565000,152.794718982,145.895368263
avx512_add,3700,0xAA,23,0.408316806,0.000937973,62.699180000,2.826165000,59.873015000,153.555227301,146.633726749
avx512_add,3700,0xAA,24,0.408327289,0.000869146,62.544152000,2.821771000,59.722381000,153.171619152,146.261057267
avx512_add,3700,0xAA,25,0.408141647,0.000819284,62.521080000,2.831353000,59.689727000,153.184759421,146.247577144
avx512_add,3700,0xAA,26,0.408183787,0.000984831,62.638450000,2.824395000,59.814055000,153.456487166,146.537067304
avx512_add,3700,0xAA,27,0.408435501,0.000940782,62.558312000,2.834282000,59.724030000,153.165706381,146.226343877
avx512_add,3700,0xAA,28,0.408312041,0.000791685,62.576316000,2.810784000,59.765532000,153.256112292,146.372200680
avx512_add,3700,0xAA,29,0.408652604,0.000951128,62.730064000,2.824516000,59.905548000,153.504623235,146.592845424
avx512_add,3700,0xAA,30,0.408314971,0.000896734,62.603660000,2.825005000,59.778655000,153.321980367,146.403289652
avx512_add,3700,0xAA,31,0.408559509,0.000719028,62.636497000,2.827630000,59.808867000,153.310584201,146.389609562
avx512_add,3700,0xAA,32,0.408812758,0.001936061,63.376791000,2.872246000,60.504545000,155.026451090,148.000628277
avx512_add,3700,0xAA,33,0.408631653,0.000701750,62.575524000,2.828728000,59.746796000,153.134304458,146.211864707
avx512_add,3700,0xAA,34,0.408463769,0.000853373,62.552574000,2.830742000,59.721832000,153.141058518,146.210842884
avx512_add,3700,0xAA,35,0.408698221,0.000761054,62.671776000,2.822441000,59.849335000,153.344870895,146.438941649
avx512_add,3700,0xAA,36,0.408532762,0.000740586,62.475426000,2.821649000,59.653777000,152.926354520,146.019566957
avx512_add,3700,0xAA,37,0.408357931,0.000878859,62.593590000,2.826348000,59.767242000,153.281190996,146.359939354
avx512_add,3700,0xAA,38,0.408462192,0.000658928,62.615562000,2.805291000,59.810271000,153.295857659,146.427924575
avx512_add,3700,0xAA,39,0.408186553,0.001033041,62.598961000,2.825859000,59.773102000,153.358704485,146.435744928
avx512_add,3700,0xAA,40,0.408160140,0.000933014,62.894798000,2.828179000,60.066619000,154.093434993,147.164343387
avx512_add,3700,0xAA,41,0.408577212,0.000884990,62.635155000,2.826348000,59.808807000,153.300656794,146.383119754
avx512_add,3700,0xAA,42,0.408450449,0.000858963,62.555992000,2.813347000,59.742645000,153.154420995,146.266567137
avx512_add,3700,0xAA,43,0.408429152,0.000900494,62.620872000,2.815545000,59.805327000,153.321259323,146.427664723
avx512_add,3700,0xAA,44,0.408399552,0.000701541,62.648704000,2.826653000,59.822051000,153.400520723,146.479227633
avx512_add,3700,0xAA,45,0.408536550,0.000697910,62.788109000,2.840080000,59.948029000,153.690309975,146.738471760
avx512_add,3700,0xAA,46,0.408526021,0.000822418,62.592491000,2.828240000,59.764251000,153.215432579,146.292397434
avx512_add,3700,0xAA,47,0.408584672,0.000770520,62.626183000,2.827080000,59.799103000,153.275899200,146.356696905
avx512_add,3700,0xAA,48,0.408195976,0.000948184,62.458153000,2.826409000,59.631744000,153.010212267,146.086065134
avx512_add,3700,0xAA,49,0.408371216,0.000970161,62.792747000,2.827446000,59.965301000,153.763890606,146.840175396
avx512_add,3700,0xAA,50,0.408457529,0.000703792,62.437340000,2.814751000,59.622589000,152.861278145,145.970106363
avx512_add,3700,0xAA,51,0.408494187,0.000716503,62.719261000,2.829704000,59.889557000,153.537707583,146.610549029
avx512_add,3700,0xAA,52,0.408472050,0.000766873,62.729087000,2.832635000,59.896452000,153.570083752,146.635374273
avx512_add,3700,0xAA,53,0.408414008,0.000933624,62.715721000,2.827691000,59.888030000,153.559182156,146.635592497
avx512_add,3700,0xAA,54,0.408405241,0.000822437,62.699424000,2.827446000,59.871978000,153.522574247,146.599435871
avx512_add,3700,0xAA,55,0.408566649,0.000980446,62.781822000,2.833001000,59.948821000,153.663599532,146.729599892
avx512_add,3700,0xAA,56,0.408284385,0.000763383,62.674279000,2.824760000,59.849519000,153.506431687,146.587822731
avx512_add,3700,0xAA,57,0.408336509,0.000820445,62.770469000,2.826287000,59.944182000,153.722401963,146.800936611
avx512_add,3700,0xAA,58,0.408513512,0.000715990,62.681419000,2.801324000,59.880095000,153.437810876,146.580451407
avx512_add,3700,0xAA,59,0.408350656,0.000678426,62.557030000,2.818230000,59.738800000,153.194390705,146.292895737
avx512_add,3700,0xAA,60,0.408366081,0.000720535,62.625084000,2.814874000,59.810210000,153.355254000,146.462237820
avx512_add,3700,0xAA,61,0.408352076,0.000764307,62.601464000,2.825738000,59.775726000,153.302670939,146.382813877
avx512_add,3700,0xAA,62,0.408588468,0.000694315,62.763572000,2.834831000,59.928741000,153.610728000,146.672619798
avx512_add,3700,0xAA,63,0.408231414,0.000759946,62.693321000,2.834038000,59.859283000,153.572995202,146.630761209
avx512_add,3700,0xAA,64,0.408445939,0.000773834,62.689658000,2.829277000,59.860381000,153.483367150,146.556435748
avx512_add,3700,0xAA,65,0.408571476,0.000898636,62.593834000,2.816338000,59.777496000,153.201673971,146.308539800
avx512_add,3700,0xAA,66,0.408401857,0.000869691,62.721824000,2.826408000,59.895416000,153.578694522,146.658040384
avx512_add,3700,0xAA,67,0.408618797,0.000865248,62.463952000,2.810357000,59.653595000,152.866075664,145.988376895
avx512_add,3700,0xAA,68,0.408123317,0.000981184,62.549400000,2.807671000,59.741729000,153.261030331,146.381563058
avx512_add,3700,0xAA,69,0.408326652,0.001063031,62.731895000,2.830193000,59.901702000,153.631644510,146.700446195
avx512_add,3700,0xAA,70,0.408433700,0.000903326,62.665916000,2.828423000,59.837493000,153.429836799,146.504788751
avx512_add,3700,0xAA,71,0.408434161,0.000850391,62.731284000,2.829460000,59.901824000,153.589709350,146.662130138
avx512_add,3700,0xAA,72,0.408760280,0.000778753,62.273950000,2.808526000,59.465424000,152.348339889,145.477501061
avx512_add,3700,0xAA,73,0.408405956,0.000770938,62.607322000,2.822502000,59.784820000,153.296789798,146.385769138
avx512_add,3700,0xAA,74,0.408237995,0.000797197,62.813865000,2.829644000,59.984221000,153.865798240,146.934439490
avx512_add,3700,0xAA,75,0.408574867,0.000751319,62.650414000,2.825616000,59.824798000,153.338883707,146.423098550
avx512_add,3700,0xAA,76,0.408412872,0.000763219,62.608055000,2.830254000,59.777801000,153.295988512,146.366104096
avx512_add,3700,0xAA,77,0.408369569,0.000991286,62.743736000,2.818963000,59.924773000,153.644494598,146.741524310
avx512_add,3700,0xAA,78,0.408288058,0.000733685,62.579246000,2.813286000,59.765960000,153.272290935,146.381846932
avx512_add,3700,0xAA,79,0.408250439,0.000897804,62.672325000,2.828728000,59.843597000,153.514409326,146.585505570
avx512_add,3700,0xAA,80,0.408329817,0.000880896,62.706993000,2.823479000,59.883514000,153.569468656,146.654766657
avx512_add,3700,0xAA,81,0.408250749,0.000976179,62.536705000,2.819146000,59.717559000,153.182094931,146.276667308
avx512_add,3700,0xAA,82,0.408842455,0.000809971,62.568383000,2.817010000,59.751373000,153.037881139,146.147672045
avx512_add,3700,0xAA,83,0.408496279,0.000761520,62.697105000,2.831475000,59.865630000,153.482683415,146.551224920
avx512_add,3700,0xAA,84,0.408407153,0.000806729,62.712425000,2.825981000,59.886444000,153.553689118,146.634170252
avx512_add,3700,0xAA,85,0.408204197,0.001064896,62.698265000,2.823357000,59.874908000,153.595346154,146.678815119
avx512_add,3700,0xAA,86,0.408382166,0.000877578,62.693748000,2.822686000,59.871062000,153.517350149,146.605476337
avx512_add,3700,0xAA,87,0.408430548,0.000764756,62.545372000,2.819756000,59.725616000,153.135881528,146.232000282
avx512_add,3700,0xAA,88,0.408511231,0.000850434,62.755638000,2.816216000,59.939422000,153.620349221,146.726497144
avx512_add,3700,0xAA,89,0.408489253,0.000937145,62.763267000,2.825798000,59.937469000,153.647290866,146.729610701
avx512_add,3700,0xAA,90,0.408392630,0.000940552,62.608360000,2.826775000,59.781585000,153.304333506,146.382624370
avx512_add,3700,0xAA,91,0.408350559,0.000831475,62.757346000,2.826714000,59.930632000,153.684976492,146.762703605
avx512_add,3700,0xAA,92,0.408447087,0.000775111,62.683738000,2.818352000,59.865386000,153.468441989,146.568277700
avx512_add,3700,0xAA,93,0.408488144,0.000832344,62.630394000,2.821343000,59.809051000,153.322427777,146.415634913
avx512_add,3700,0xAA,94,0.408197833,0.000909141,62.717307000,2.830010000,59.887297000,153.644389822,146.711452481
avx512_add,3700,0xAA,95,0.408082448,0.000812707,62.677146000,2.822319000,59.854827000,153.589418733,146.673367790
avx512_add,3700,0xAA,96,0.409451385,0.005496992,65.215531000,3.011467000,62.204064000,159.275394626,151.920511710
avx512_add,3700,0xAA,97,0.408086784,0.000770669,62.731712000,2.822075000,59.909637000,153.721498679,146.806119127
avx512_add,3700,0xAA,98,0.408517963,0.000993934,62.603294000,2.820245000,59.783049000,153.244899077,146.341298119
avx512_add,3700,0xAA,99,0.408444149,0.000971357,62.689964000,2.819023000,59.870941000,153.484789094,146.582932353
