kernel,freq_mhz,operand,trial,mean_time_s,std_time_s,pkg_J,dram_J,cores_J,pkg_W,cores_W
avx2_add,800,0x00,0,0.878439117,0.000602482,85.237697000,6.090500000,79.147197000,97.033129990,90.099809417
avx2_add,800,0x00,1,0.878264364,0.000186832,84.266325000,6.064682000,78.201643000,95.946423909,89.041120396
avx2_add,800,0x00,2,0.878276895,0.000303724,84.230253000,6.078049000,78.152204000,95.903983651,88.983559087
avx2_add,800,0x00,3,0.878345118,0.000390314,84.227568000,6.077987000,78.149581000,95.893477693,88.973661240
avx2_add,800,0x00,4,0.878731171,0.002690252,85.453883000,6.169540000,79.284343000,97.246900738,90.225936647
avx2_add,800,0x00,5,0.878464072,0.000771859,84.633999000,6.093124000,78.540875000,96.343153604,89.407042958
avx2_add,800,0x00,6,0.878355295,0.000331658,84.319181000,6.062668000,78.256513000,95.996667322,89.094371591
avx2_add,800,0x00,7,0.878542056,0.001435436,84.761990000,6.109543000,78.652447000,96.480287313,89.526103439
avx2_add,800,0x00,8,0.878292058,0.000288510,84.389860000,6.057358000,78.332502000,96.084052248,89.187305381
avx2_add,800,0x00,9,0.878376304,0.000273341,84.273344000,6.058273000,78.215071000,95.942187415,89.045060329
avx2_add,800,0x00,10,0.878309035,0.000211613,84.218962000,6.055466000,78.163496000,95.887618907,88.993159485
avx2_add,800,0x00,11,0.878536215,0.000812659,84.616849000,6.084518000,78.532331000,96.315721024,89.389975795
avx2_add,800,0x00,12,0.878321200,0.000309242,84.549955000,6.071761000,78.478194000,96.263138093,89.350221728
avx2_add,800,0x00,13,0.878299085,0.000300219,84.373502000,6.069015000,78.304487000,96.064658843,89.154694912
avx2_add,800,0x00,14,0.878307368,0.000283568,84.259123000,6.073654000,78.185469000,95.933526365,89.018345843
avx2_add,800,0x00,15,0.878406489,0.000406521,84.346220000,6.081344000,78.264876000,96.021854368,89.098699685
avx2_add,800,0x00,16,0.878334303,0.000277778,84.216093000,6.068466000,78.147627000,95.881593919,88.972532100
avx2_add,800,0x00,17,0.878354100,0.000330572,84.331328000,6.081894000,78.249434000,96.010627161,89.086433375
avx2_add,800,0x00,18,0.878305193,0.000283971,84.311857000,6.073471000,78.238386000,95.993804463,89.078815180
avx2_add,800,0x00,19,0.878295354,0.000192015,84.102568000,6.068282000,78.034286000,95.756589877,88.847431161
avx2_add,800,0x00,20,0.878316913,0.000307988,84.185392000,6.055404000,78.129988000,95.848538037,88.954211043
avx2_add,800,0x00,21,0.878573490,0.000899323,84.808987000,6.099105000,78.709882000,96.530327769,89.588273329
avx2_add,800,0x00,22,0.878363732,0.000342553,84.355619000,6.073593000,78.282026000,96.037229161,89.122561832
avx2_add,800,0x00,23,0.878272971,0.000260643,84.306180000,6.064499000,78.241681000,95.990862539,89.085835056
avx2_add,800,0x00,24,0.878326306,0.000301075,84.305082000,6.083786000,78.221296000,95.983783452,89.057216463
avx2_add,800,0x00,25,0.878319244,0.000277971,84.242460000,6.075180000,78.167280000,95.913257689,88.996433265
avx2_add,800,0x00,26,0.878389849,0.000412443,84.583707000,6.075668000,78.508039000,96.294039659,89.377215650
avx2_add,800,0x00,27,0.878254770,0.000197442,84.196257000,6.066329000,78.129928000,95.867691146,88.960436884
avx2_add,800,0x00,28,0.878321088,0.000295903,84.113799000,6.055954000,78.057845000,95.766571157,88.871650745
avx2_add,800,0x00,29,0.878292992,0.000284258,84.330290000,6.051560000,78.278730000,96.016125338,89.125987246
avx2_add,800,0x00,30,0.878326926,0.000272817,84.235990000,6.058761000,78.177229000,95.905052506,89.006982075
avx2_add,800,0x00,31,0.878547976,0.000802199,84.711941000,6.077805000,78.634136000,96.422669305,89.504657810
avx2_add,800,0x00,32,0.878385561,0.000300994,84.114470000,6.068283000,78.046187000,95.760305823,88.851855519
avx2_add,800,0x00,33,0.878798351,0.002710180,85.406153000,6.146957000,79.259196000,97.185153881,90.190424099
avx2_add,800,0x00,34,0.878330252,0.000276631,84.313627000,6.062240000,78.251387000,95.993080952,89.091075715
avx2_add,800,0x00,35,0.878309896,0.000186154,84.248929000,6.071274000,78.177655000,95.921643768,89.009192907
avx2_add,800,0x00,36,0.878337585,0.000295950,84.092009000,6.065658000,78.026351000,95.739964268,88.834125211
avx2_add,800,0x00,37,0.878336119,0.000373499,84.394010000,6.077560000,78.316450000,96.083957087,89.164555885
avx2_add,800,0x00,38,0.878281931,0.000288563,84.283720000,6.058823000,78.224897000,95.964310611,89.065816189
avx2_add,800,0x00,39,0.878275837,0.000269434,84.209013000,6.075363000,78.133650000,95.879915461,88.962540823
avx2_add,800,0x00,40,0.878340359,0.000331126,84.241971000,6.080856000,78.161115000,95.910395243,88.987274910
avx2_add,800,0x00,41,0.878582483,0.000812569,84.674221000,6.090682000,78.583539000,96.375949465,89.443553115
avx2_add,800,0x00,42,0.878340618,0.000316355,84.359525000,6.060775000,78.298750000,96.044203442,89.143947578
avx2_add,800,0x00,43,0.878273262,0.000256696,84.292570000,6.050522000,78.242048000,95.975334398,89.086223386
avx2_add,800,0x00,44,0.878311752,0.000196629,84.243619000,6.054245000,78.189374000,95.915395437,89.022347511
avx2_add,800,0x00,45,0.878332966,0.000304443,84.196256000,6.056076000,78.140180000,95.859155073,88.964189002
avx2_add,800,0x00,46,0.878302638,0.000283345,84.332487000,6.055404000,78.277083000,96.017572240,89.123133197
avx2_add,800,0x00,47,0.878329175,0.000303553,84.647671000,6.087570000,78.560101000,96.373516275,89.442663724
avx2_add,800,0x00,48,0.878346084,0.000267194,84.362943000,6.071396000,78.291547000,96.047497111,89.135192146
avx2_add,800,0x00,49,0.878514894,0.000423108,84.847317000,6.098495000,78.748822000,96.580396743,89.638573625
avx2_add,800,0x00,50,0.878302202,0.000277057,84.644253000,6.075362000,78.568891000,96.372584257,89.455418407
avx2_add,800,0x00,51,0.878538065,0.000808979,85.279017000,6.100876000,79.178141000,97.069233974,90.124883760
avx2_add,800,0x00,52,0.878322420,0.000223993,84.495999000,6.075973000,78.420026000,96.201573654,89.283871384
avx2_add,800,0x00,53,0.878321809,0.000263312,84.238249000,6.079330000,78.158919000,95.908183274,88.986654126
avx2_add,800,0x00,54,0.878297692,0.000287852,84.559842000,6.070786000,78.489056000,96.276971619,89.364980328
avx2_add,800,0x00,55,0.878277696,0.000260115,84.600675000,6.074081000,78.526594000,96.325655803,89.409755478
avx2_add,800,0x00,56,0.878297528,0.000273868,84.508939000,6.069198000,78.439741000,96.219033162,89.308848623
avx2_add,800,0x00,57,0.878303211,0.000250812,84.285368000,6.058274000,78.227094000,95.963861874,89.066159662
avx2_add,800,0x00,58,0.878293325,0.000287241,84.315946000,6.044235000,78.271711000,95.999757229,89.117961790
avx2_add,800,0x00,59,0.878268397,0.000248644,84.279936000,6.044784000,78.235152000,95.961480880,89.078865020
avx2_add,800,0x00,60,0.878355693,0.000387295,84.385038000,6.059616000,78.325422000,96.071601395,89.172783467
avx2_add,800,0x00,61,0.878501095,0.000759022,84.733609000,6.076034000,78.657575000,96.452479640,89.536114899
avx2_add,800,0x00,62,0.878388239,0.000302688,84.444792000,6.056075000,78.388717000,96.136068551,89.241537490
avx2_add,800,0x00,63,0.878277599,0.000281684,84.497403000,6.051681000,78.445722000,96.208081751,89.317685127
avx2_add,800,0x00,64,0.878267729,0.000247637,84.465116000,6.038986000,78.426130000,96.172400704,89.296381242
avx2_add,800,0x00,65,0.878316778,0.000281146,84.433011000,6.055770000,78.377241000,96.130477163,89.235732408
avx2_add,800,0x00,66,0.878321333,0.000262363,84.198820000,6.045334000,78.153486000,95.863343865,88.980516623
avx2_add,800,0x00,67,0.878310681,0.000288747,84.313810000,6.035507000,78.278303000,95.995428297,89.123706102
avx2_add,800,0x00,68,0.878327858,0.000267807,84.408719000,6.062179000,78.346540000,96.101607425,89.199652825
avx2_add,800,0x00,69,0.878319463,0.000194507,84.199492000,6.040878000,78.158614000,95.864313128,88.986544552
avx2_add,800,0x00,70,0.878288576,0.000298641,84.278959000,6.060654000,78.218305000,95.958163786,89.057636821
avx2_add,800,0x00,71,0.878604575,0.000920455,84.855556000,6.075302000,78.780254000,96.579915970,89.665198958
avx2_add,800,0x00,72,0.878331807,0.000294562,84.558377000,6.046066000,78.512311000,96.271564210,89.387985648
avx2_add,800,0x00,73,0.878300479,0.000272245,84.402250000,6.067306000,78.334944000,96.097237838,89.189230674
avx2_add,800,0x00,74,0.878344187,0.000310489,84.446683000,6.068893000,78.377790000,96.143043100,89.233572881
avx2_add,800,0x00,75,0.878345649,0.000263921,84.386259000,6.060958000,78.325301000,96.074090100,89.173665411
avx2_add,800,0x00,76,0.878295966,0.000281933,84.358854000,6.055709000,78.303145000,96.048322265,89.153483585
avx2_add,800,0x00,77,0.878274577,0.000267181,84.378812000,6.066452000,78.312360000,96.073385464,89.166146934
avx2_add,800,0x00,78,0.878280018,0.000177568,84.192839000,6.050888000,78.141951000,95.861043531,88.971568786
avx2_add,800,0x00,79,0.878292500,0.000273879,84.346952000,6.040695000,78.306257000,96.035150064,89.157378704
avx2_add,800,0x00,80,0.878302971,0.000253895,84.438199000,6.059738000,78.378461000,96.137895270,89.238524320
avx2_add,800,0x00,81,0.878564027,0.000814372,84.775662000,6.055649000,78.720013000,96.493436289,89.600769607
avx2_add,800,0x00,82,0.878327385,0.000291031,84.405423000,6.043686000,78.361737000,96.097906544,89.217003022
avx2_add,800,0x00,83,0.878420229,0.000499261,84.582608000,6.062240000,78.520368000,96.289458312,89.388160048
avx2_add,800,0x00,84,0.878357144,0.000259414,84.532193000,6.054550000,78.477643000,96.238976996,89.345938055
avx2_add,800,0x00,85,0.878348853,0.000304985,84.441251000,6.032821000,78.408430000,96.136348038,89.267982489
avx2_add,800,0x00,86,0.878253332,0.000168816,84.069181000,6.055771000,78.013410000,95.723156299,88.827912322
avx2_add,800,0x00,87,0.878247640,0.000243165,84.356046000,6.054611000,78.301435000,96.050410157,89.156442297
avx2_add,800,0x00,88,0.878255727,0.000272988,84.333158000,6.061630000,78.271528000,96.023464925,89.121568571
avx2_add,800,0x00,89,0.878240778,0.000247066,84.371243000,6.051742000,78.319501000,96.068464527,89.177709561
avx2_add,800,0x00,90,0.878220462,0.000264946,84.261259000,6.045944000,78.215315000,95.945451781,89.061139400
avx2_add,800,0x00,91,0.878503047,0.000776606,84.749966000,6.078292000,78.671674000,96.470884491,89.551964837
avx2_add,800,0x00,92,0.878460268,0.000345530,84.576078000,6.094650000,78.481428000,96.277636139,89.339758325
avx2_add,800,0x00,93,0.878273706,0.000237652,84.380094000,6.029953000,78.350141000,96.074940455,89.209252732
avx2_add,800,0x00,94,0.878341004,0.000397245,84.564420000,6.059372000,78.505048000,96.277436229,89.378780727
avx2_add,800,0x00,95,0.878260639,0.000197576,84.272123000,6.038864000,78.233259000,95.953432516,89.077496457
avx2_add,800,0x00,96,0.878344066,0.000324073,84.357267000,6.048934000,78.308333000,96.041255636,89.154507911
avx2_add,800,0x00,97,0.878298491,0.000292866,84.487150000,6.067734000,78.419416000,96.194119524,89.285609417
avx2_add,800,0x00,98,0.878339171,0.000259188,84.319547000,6.062363000,78.257184000,95.998846209,89.096771020
avx2_add,800,0x00,99,0.878328055,0.000290619,84.173369000,6.043991000,78.129378000,95.833633549,88.952388025
avx2_add,800,0xAA,0,0.878419695,0.000467600,84.701810000,6.077377000,78.624433000,96.425217333,89.506682794
avx2_add,800,0xAA,1,0.878271656,0.000342756,84.513029000,6.040695000,78.472334000,96.226524426,89.348589842
avx2_add,800,0xAA,2,0.878260692,0.000251418,84.329557000,6.057175000,78.272382000,96.018821977,89.122037164
avx2_add,800,0xAA,3,0.878286792,0.000281802,84.290983000,6.058578000,78.232405000,95.972048949,89.073871663
avx2_add,800,0xAA,4,0.878331635,0.000255261,84.225737000,6.058273000,78.167464000,95.892865075,88.995387224
avx2_add,800,0xAA,5,0.878574261,0.000810902,84.462308000,6.091110000,78.371198000,96.135650342,89.202701966
avx2_add,800,0xAA,6,0.878332403,0.000324623,84.572049000,6.048080000,78.523969000,96.287064835,89.401197956
avx2_add,800,0xAA,7,0.878236980,0.000166726,84.360807000,6.048934000,78.311873000,96.056997046,89.169409598
avx2_add,800,0xAA,8,0.878260853,0.000266330,84.392606000,6.065597000,78.327009000,96.090592787,89.184219836
avx2_add,800,0xAA,9,0.878296265,0.000263011,84.213530000,6.067184000,78.146346000,95.882828311,88.974926910
avx2_add,800,0xAA,10,0.878347603,0.000311105,84.326017000,6.065536000,78.260481000,96.005290728,89.099669334
avx2_add,800,0xAA,11,0.878515015,0.000784694,84.660733000,6.080001000,78.580732000,96.367997716,89.447226991
avx2_add,800,0xAA,12,0.878392206,0.000312594,84.399747000,6.066635000,78.333112000,96.084353204,89.177831314
avx2_add,800,0xAA,13,0.878273367,0.000241920,84.121000000,6.073776000,78.047224000,95.779973689,88.864386553
avx2_add,800,0xAA,14,0.878262113,0.000262871,84.166654000,6.065781000,78.100873000,95.833183223,88.926610675
avx2_add,800,0xAA,15,0.878289117,0.000170746,84.240446000,6.040390000,78.200056000,95.914254657,89.036804072
avx2_add,800,0xAA,16,0.878305767,0.000248582,84.218962000,6.056991000,78.161971000,95.887975686,88.991754313
avx2_add,800,0xAA,17,0.878286054,0.000282854,84.184355000,6.049606000,78.134749000,95.850724954,88.962757222
avx2_add,800,0xAA,18,0.878306126,0.000265110,84.070586000,6.042404000,78.028182000,95.719002145,88.839391702
avx2_add,800,0xAA,19,0.878278896,0.000267619,84.254850000,6.068405000,78.186445000,95.931771034,89.022342806
avx2_add,800,0xAA,20,0.878303413,0.000243294,84.218351000,6.052963000,78.165388000,95.887536979,88.995883241
avx2_add,800,0xAA,21,0.878560399,0.001079982,84.628202000,6.082077000,78.546125000,96.325992090,89.403215910
avx2_add,800,0xAA,22,0.878377958,0.000291552,84.200834000,6.068955000,78.131879000,95.859456896,88.950181743
avx2_add,800,0xAA,23,0.878338347,0.000293476,84.166411000,6.067123000,78.099288000,95.824588893,88.917087904
avx2_add,800,0xAA,24,0.878244614,0.000161322,84.228055000,6.060104000,78.167951000,95.905006071,89.004759937
avx2_add,800,0xAA,25,0.878230366,0.000241566,84.223662000,6.054794000,78.168868000,95.901559815,89.007247989
avx2_add,800,0xAA,26,0.878265758,0.000274649,84.027067000,6.067673000,77.959394000,95.673850670,88.765152542
avx2_add,800,0xAA,27,0.878287772,0.000243398,84.230559000,6.052719000,78.177840000,95.903144374,89.011645718
avx2_add,800,0xAA,28,0.878317390,0.000279973,84.275114000,6.048813000,78.226301000,95.950638044,89.063818921
avx2_add,800,0xAA,29,0.878312685,0.000247709,84.072905000,6.044968000,78.027937000,95.720927706,88.838449398
avx2_add,800,0xAA,30,0.878327373,0.000278188,83.943144000,6.054733000,77.888411000,95.571590535,88.678109596
avx2_add,800,0xAA,31,0.878563223,0.000784054,84.755032000,6.077316000,78.677716000,96.470043077,89.552708230
avx2_add,800,0xAA,32,0.878390938,0.000341443,84.347074000,6.060959000,78.286115000,96.024526633,89.124456586
avx2_add,800,0xAA,33,0.878290593,0.000298145,84.343778000,6.048385000,78.295393000,96.031744716,89.145202780
avx2_add,800,0xAA,34,0.878315840,0.000299614,84.081022000,6.046920000,78.034102000,95.729825351,88.845149335
avx2_add,800,0xAA,35,0.878287865,0.000311375,84.291349000,6.067489000,78.223860000,95.972348405,89.064033671
avx2_add,800,0xAA,36,0.878320275,0.000283005,84.220305000,6.056442000,78.163863000,95.887920866,88.992438461
avx2_add,800,0xAA,37,0.878337002,0.000316736,84.269560000,6.060043000,78.209517000,95.942172319,89.042721441
avx2_add,800,0xAA,38,0.878393559,0.000321858,84.255766000,6.046555000,78.209211000,95.920291292,89.036639947
avx2_add,800,0xAA,39,0.878320941,0.000298595,84.169584000,6.036117000,78.133467000,95.830100423,88.957763995
avx2_add,800,0xAA,40,0.878332937,0.000192278,84.212858000,6.046859000,78.165999000,95.878059923,88.993587369
avx2_add,800,0xAA,41,0.878551834,0.001051365,84.805325000,6.090133000,78.715192000,96.528539009,89.596525708
avx2_add,800,0xAA,42,0.878382349,0.000383531,84.406766000,6.065597000,78.341169000,96.093422284,89.188004608
avx2_add,800,0xAA,43,0.878303346,0.000275930,84.193082000,6.046005000,78.147077000,95.858774009,88.975041840
avx2_add,800,0xAA,44,0.878337074,0.000393699,84.411222000,6.074752000,78.336470000,96.103448769,89.187252039
avx2_add,800,0xAA,45,0.878245251,0.000267420,84.200224000,6.048263000,78.151961000,95.873247196,88.986488632
avx2_add,800,0xAA,46,0.878305286,0.000307619,84.253691000,6.035690000,78.218001000,95.927569077,89.055596318
avx2_add,800,0xAA,47,0.878261619,0.000259252,84.183928000,6.058090000,78.125838000,95.852905499,88.955086140
avx2_add,800,0xAA,48,0.878268988,0.000276957,84.258817000,6.038071000,78.220746000,95.937370189,89.062402401
avx2_add,800,0xAA,49,0.878297822,0.000177365,84.325407000,6.075058000,78.250349000,96.010037725,89.093183499
avx2_add,800,0xAA,50,0.878292233,0.000256030,84.200162000,6.060592000,78.139570000,95.868048075,88.967620434
avx2_add,800,0xAA,51,0.878524871,0.000775202,84.391081000,6.078293000,78.312788000,96.059979439,89.141230518
avx2_add,800,0xAA,52,0.878331849,0.000340050,84.320036000,6.054367000,78.265669000,96.000203245,89.107174137
avx2_add,800,0xAA,53,0.878306709,0.000282772,84.161771000,6.055527000,78.106244000,95.822757793,88.928210659
avx2_add,800,0xAA,54,0.878310256,0.000261721,84.370329000,6.051376000,78.318953000,96.059824410,89.170031246
avx2_add,800,0xAA,55,0.878392303,0.000400809,84.113676000,6.060959000,78.052717000,95.758666914,88.858607593
avx2_add,800,0xAA,56,0.878297566,0.000270233,84.208159000,6.046616000,78.161543000,95.876571077,88.992097939
avx2_add,800,0xAA,57,0.878295506,0.000211979,84.421475000,6.048935000,78.372540000,96.119670892,89.232541267
avx2_add,800,0xAA,58,0.878315103,0.000302154,84.272184000,6.060775000,78.211409000,95.947551953,89.047095639
avx2_add,800,0xAA,59,0.878347331,0.000281616,84.101348000,6.044113000,78.057235000,95.749534394,88.868300985
avx2_add,800,0xAA,60,0.878324653,0.000300138,84.351590000,6.044418000,78.307172000,96.036914967,89.155156633
avx2_add,800,0xAA,61,0.878557720,0.000824805,84.801907000,6.077988000,78.723919000,96.524001869,89.605858800
avx2_add,800,0xAA,62,0.878363319,0.000315603,84.421720000,6.044113000,78.377607000,96.112529054,89.231420894
avx2_add,800,0xAA,63,0.878284899,0.000262270,84.274869000,6.063278000,78.211591000,95.953908691,89.050365197
avx2_add,800,0xAA,64,0.878343002,0.000311046,84.308988000,6.050888000,78.258100000,95.986406046,89.097425330
avx2_add,800,0xAA,65,0.878318116,0.000255906,84.277922000,6.049301000,78.228621000,95.953755749,89.066386711
avx2_add,800,0xAA,66,0.878371083,0.000332724,84.370878000,6.053512000,78.317366000,96.053797321,89.162049499
avx2_add,800,0xAA,67,0.878273812,0.000298436,84.224637000,6.036545000,78.188092000,95.897926000,89.024733472
avx2_add,800,0xAA,68,0.878313712,0.000269509,84.336698000,6.061142000,78.275556000,96.021156045,89.120270955
avx2_add,800,0xAA,69,0.878320948,0.000316081,84.359770000,6.055466000,78.304304000,96.046633274,89.152267367
avx2_add,800,0xAA,70,0.878286064,0.000252372,84.279081000,6.066086000,78.212995000,95.958577168,89.051845692
avx2_add,800,0xAA,71,0.878487187,0.000782551,84.712674000,6.066513000,78.646161000,96.430175991,89.524539696
avx2_add,800,0xAA,72,0.878301547,0.000263352,84.192412000,6.048569000,78.143843000,95.858207568,88.971542026
avx2_add,800,0xAA,73,0.878307529,0.000279393,84.346952000,6.044296000,78.302656000,96.033506710,89.151753111
avx2_add,800,0xAA,74,0.878266419,0.000189284,84.258451000,6.039475000,78.218976000,95.937234002,89.060647506
avx2_add,800,0xAA,75,0.878309849,0.000260893,84.227140000,6.051437000,78.175703000,95.896841055,89.006975245
avx2_add,800,0xAA,76,0.878304525,0.000270485,84.223845000,6.049911000,78.173934000,95.893670843,89.005500705
avx2_add,800,0xAA,77,0.878411615,0.000257008,84.346647000,6.057846000,78.288801000,96.021780231,89.125416499
avx2_add,800,0xAA,78,0.878357622,0.000383346,84.417814000,6.072678000,78.345136000,96.108705493,89.195031781
avx2_add,800,0xAA,79,0.878390229,0.000468531,84.623746000,6.079147000,78.544599000,96.339580310,89.418798635
avx2_add,800,0xAA,80,0.878504540,0.001302160,84.577237000,6.077682000,78.499555000,96.274103490,89.355889954
avx2_add,800,0xAA,81,0.878583636,0.000858790,85.182765000,6.076462000,79.106303000,96.954645490,90.038443380
avx2_add,800,0xAA,82,0.878333182,0.000287630,84.386929000,6.051987000,78.334942000,96.076216514,89.185907550
avx2_add,800,0xAA,83,0.878178590,0.000154792,84.183439000,6.041549000,78.141890000,95.861411295,88.981775343
avx2_add,800,0xAA,84,0.878188343,0.000232324,84.130095000,6.048324000,78.081771000,95.799603380,88.912329090
avx2_add,800,0xAA,85,0.878226611,0.000275187,84.345060000,6.061142000,78.283918000,96.040200699,89.138631192
avx2_add,800,0xAA,86,0.878249122,0.000240628,84.145598000,6.049484000,78.096114000,95.810625768,88.922507300
avx2_add,800,0xAA,87,0.878319186,0.000280714,84.374540000,6.049178000,78.325362000,96.063642168,89.176421558
avx2_add,800,0xAA,88,0.878240409,0.000246024,84.178007000,6.065659000,78.112348000,95.848478557,88.941874240
avx2_add,800,0xAA,89,0.878305890,0.000379671,84.119047000,6.052109000,78.066938000,95.774203489,88.883541509
avx2_add,800,0xAA,90,0.878264490,0.000249755,84.232695000,6.058701000,78.173994000,95.908118730,89.009626228
avx2_add,800,0xAA,91,0.878483426,0.000765556,84.795071000,6.093430000,78.701641000,96.524383344,89.588077185
avx2_add,800,0xAA,92,0.878316528,0.000282401,84.412687000,6.054977000,78.357710000,96.107364795,89.213520943
avx2_add,800,0xAA,93,0.878275713,0.000249543,84.223662000,6.057114000,78.166548000,95.896608267,89.000010866
avx2_add,800,0xAA,94,0.878262078,0.000272359,84.172636000,6.041549000,78.131087000,95.839998260,88.961016287
avx2_add,800,0xAA,95,0.878215700,0.000235947,84.330595000,6.068527000,78.262068000,96.024923069,89.114858717
avx2_add,800,0xAA,96,0.878258033,0.000269128,84.129973000,6.051864000,78.078109000,95.791862796,88.901104303
avx2_add,800,0xAA,97,0.878272315,0.000252302,84.095244000,6.053207000,78.042037000,95.750762732,88.858587151
avx2_add,800,0xAA,98,0.878246888,0.000257737,84.272551000,6.053696000,78.218855000,95.955422330,89.062490415
avx2_add,800,0xAA,99,0.878233433,0.000236847,84.414762000,6.061325000,78.353437000,96.118820869,89.217096596
avx2_add,1000,0x00,0,0.702618361,0.000616794,70.221866000,4.868945000,65.352921000,99.943112584,93.013397582
avx2_add,1000,0x00,1,0.702438018,0.000184831,70.053165000,4.856372000,65.196793000,99.728606985,92.815011938
avx2_add,1000,0x00,2,0.702616581,0.000474171,70.302982000,4.860339000,65.442643000,100.058814246,93.141330188
avx2_add,1000,0x00,3,0.702454494,0.000121961,69.914921000,4.844531000,65.070390000,99.529466460,92.632890181
avx2_add,1000,0x00,4,0.702452991,0.000198760,69.922245000,4.846362000,65.075883000,99.540105763,92.640908147
avx2_add,1000,0x00,5,0.702466328,0.000215949,70.015263000,4.827380000,65.187883000,99.670632179,92.798587489
avx2_add,1000,0x00,6,0.702502933,0.000206642,69.963200000,4.850085000,65.113115000,99.591328025,92.687321259
avx2_add,1000,0x00,7,0.702619015,0.000657966,70.196170000,4.855273000,65.340897000,99.906447817,92.996197890
avx2_add,1000,0x00,8,0.702450628,0.000236401,69.937260000,4.850696000,65.086564000,99.561815732,92.656425082
avx2_add,1000,0x00,9,0.702526137,0.000287468,69.923894000,4.843982000,65.079912000,99.532088970,92.636997467
avx2_add,1000,0x00,10,0.702431488,0.000111619,69.876286000,4.827991000,65.048295000,99.477724428,92.604469054
avx2_add,1000,0x00,11,0.702447610,0.000216682,69.869572000,4.828845000,65.040727000,99.465883259,92.591569887
avx2_add,1000,0x00,12,0.702463148,0.000201173,70.005253000,4.836535000,65.168718000,99.656833589,92.771725072
avx2_add,1000,0x00,13,0.702481731,0.000257482,69.868840000,4.845569000,65.023271000,99.460009948,92.562223454
avx2_add,1000,0x00,14,0.702592611,0.000667836,70.063297000,4.856982000,65.206315000,99.721084319,92.808142275
avx2_add,1000,0x00,15,0.702434230,0.000195163,70.022404000,4.839770000,65.182634000,99.685352693,92.795355323
avx2_add,1000,0x00,16,0.702549064,0.000425604,70.026737000,4.832752000,65.193985000,99.675226389,92.796344546
avx2_add,1000,0x00,17,0.702404076,0.000112687,70.039371000,4.849719000,65.189652000,99.713787818,92.809330447
avx2_add,1000,0x00,18,0.702434501,0.000187366,70.017277000,4.838366000,65.178911000,99.678015414,92.790019459
avx2_add,1000,0x00,19,0.702432770,0.000214555,69.978275000,4.849048000,65.129227000,99.622736824,92.719516750
avx2_add,1000,0x00,20,0.702421556,0.000115778,70.040592000,4.838672000,65.201920000,99.713044623,92.824486099
avx2_add,1000,0x00,21,0.702582748,0.000659821,70.151981000,4.855456000,65.296525000,99.848709854,92.937842756
avx2_add,1000,0x00,22,0.702458835,0.000220311,69.932378000,4.830065000,65.102313000,99.553702653,92.677762373
avx2_add,1000,0x00,23,0.702463285,0.000201525,70.007633000,4.843067000,65.164566000,99.660202165,92.765796289
avx2_add,1000,0x00,24,0.702394695,0.000195640,69.994755000,4.836962000,65.157793000,99.651599707,92.765212276
avx2_add,1000,0x00,25,0.702420328,0.000212328,70.043522000,4.831653000,65.211869000,99.717390262,92.838812286
avx2_add,1000,0x00,26,0.702443429,0.000191803,69.982182000,4.853137000,65.129045000,99.626787109,92.717850679
avx2_add,1000,0x00,27,0.702458014,0.000248749,70.005558000,4.850878000,65.154680000,99.657996087,92.752418951
avx2_add,1000,0x00,28,0.702432809,0.000215406,69.877568000,4.824023000,65.053545000,99.479362476,92.611768964
avx2_add,1000,0x00,29,0.702463331,0.000193887,69.909428000,4.843982000,65.065446000,99.520394702,92.624686721
avx2_add,1000,0x00,30,0.702460845,0.000210402,69.999150000,4.839709000,65.159441000,99.648472252,92.758822764
avx2_add,1000,0x00,31,0.702662936,0.000629003,70.150272000,4.863451000,65.286821000,99.834883010,92.913426431
avx2_add,1000,0x00,32,0.702484758,0.000214543,69.983830000,4.849597000,65.134233000,99.623271781,92.719781075
avx2_add,1000,0x00,33,0.702466967,0.000216215,69.952884000,4.852954000,65.099930000,99.581741614,92.673297191
avx2_add,1000,0x00,34,0.702360986,0.000110881,69.846317000,4.850451000,64.995866000,99.445040859,92.539117703
avx2_add,1000,0x00,35,0.702416989,0.000187020,69.994023000,4.838794000,65.155229000,99.647394740,92.758617740
avx2_add,1000,0x00,36,0.702426068,0.000216337,69.858281000,4.849963000,65.008318000,99.452859485,92.548270911
avx2_add,1000,0x00,37,0.702415473,0.000106210,69.925969000,4.849597000,65.076372000,99.550724203,92.646552543
avx2_add,1000,0x00,38,0.702447875,0.000185667,69.902226000,4.842822000,65.059404000,99.512331858,92.618123510
avx2_add,1000,0x00,39,0.702455072,0.000201019,69.937016000,4.834399000,65.102617000,99.560838467,92.678691566
avx2_add,1000,0x00,40,0.702418369,0.000110353,69.959415000,4.844592000,65.114823000,99.597929161,92.700911357
avx2_add,1000,0x00,41,0.702654446,0.000791319,70.132022000,4.853686000,65.278336000,99.810116337,92.902473430
avx2_add,1000,0x00,42,0.702490033,0.000239763,69.896671000,4.843005000,65.053666000,99.498452203,92.604397098
avx2_add,1000,0x00,43,0.702455855,0.000197481,70.025639000,4.849353000,65.176286000,99.686889155,92.783461755
avx2_add,1000,0x00,44,0.702427398,0.000202484,69.920841000,4.840503000,65.080338000,99.541733646,92.650625738
avx2_add,1000,0x00,45,0.702462920,0.000217327,70.062625000,4.839953000,65.222672000,99.738538558,92.848562070
avx2_add,1000,0x00,46,0.702456953,0.000194526,69.976872000,4.838916000,65.137956000,99.617309916,92.728751152
avx2_add,1000,0x00,47,0.702395618,0.000116229,69.983524000,4.842273000,65.141251000,99.635479182,92.741539536
avx2_add,1000,0x00,48,0.702439781,0.000203999,70.128056000,4.844836000,65.283220000,99.834972163,92.937817232
avx2_add,1000,0x00,49,0.702425909,0.000187858,69.913944000,4.838611000,65.075333000,99.532125906,92.643696907
avx2_add,1000,0x00,50,0.702460434,0.000214668,70.051884000,4.846729000,65.205155000,99.723600884,92.823953926
avx2_add,1000,0x00,51,0.702598310,0.000700723,70.174503000,4.841175000,65.333328000,99.878553635,92.988165585
avx2_add,1000,0x00,52,0.702479837,0.000225759,70.063175000,4.853808000,65.209367000,99.736919516,92.827385972
avx2_add,1000,0x00,53,0.703277342,0.004480592,71.957397000,5.007311000,66.950086000,102.317240529,95.197274197
avx2_add,1000,0x00,54,0.702410605,0.000118660,69.866887000,4.829516000,65.037371000,99.467300936,92.591670119
avx2_add,1000,0x00,55,0.702483042,0.000182104,70.019657000,4.823840000,65.195817000,99.674515671,92.807673755
avx2_add,1000,0x00,56,0.702618481,0.000344041,70.070255000,4.860034000,65.210221000,99.727315659,92.810284391
avx2_add,1000,0x00,57,0.702432496,0.000118379,69.915287000,4.828662000,65.086625000,99.533104419,92.658903659
avx2_add,1000,0x00,58,0.702421212,0.000193508,70.060672000,4.834033000,65.226639000,99.741680352,92.859722750
avx2_add,1000,0x00,59,0.702482682,0.000320293,69.943180000,4.840259000,65.102921000,99.565700112,92.675481851
avx2_add,1000,0x00,60,0.702462459,0.000189771,70.003727000,4.850208000,65.153519000,99.654758877,92.750179228
avx2_add,1000,0x00,61,0.702597268,0.000609851,70.270023000,4.861011000,65.409012000,100.014654417,93.096023762
avx2_add,1000,0x00,62,0.702470259,0.000244383,70.018803000,4.840808000,65.177995000,99.675113745,92.783992112
avx2_add,1000,0x00,63,0.702421235,0.000188329,70.099674000,4.831958000,65.267716000,99.797202117,92.918198812
avx2_add,1000,0x00,64,0.702379981,0.000101659,69.942509000,4.840198000,65.102311000,99.579303108,92.688164219
avx2_add,1000,0x00,65,0.702400946,0.000207481,70.063358000,4.843249000,65.220109000,99.748382188,92.853105312
avx2_add,1000,0x00,66,0.702465228,0.000201907,70.042484000,4.841906000,65.200578000,99.709538943,92.816804886
avx2_add,1000,0x00,67,0.702491246,0.000219061,69.928593000,4.850207000,65.078386000,99.543721620,92.639426328
avx2_add,1000,0x00,68,0.702424139,0.000120057,69.951725000,4.824329000,65.127396000,99.586163308,92.718049396
avx2_add,1000,0x00,69,0.702450231,0.000201308,69.984745000,4.827014000,65.157731000,99.629471157,92.757790020
avx2_add,1000,0x00,70,0.702521226,0.000320747,69.985966000,4.842212000,65.143754000,99.621140873,92.728520661
avx2_add,1000,0x00,71,0.702633725,0.000635112,70.185917000,4.851611000,65.334306000,99.889764070,92.984870626
avx2_add,1000,0x00,72,0.702482637,0.000217382,69.892155000,4.829028000,65.063127000,99.493071212,92.618840096
avx2_add,1000,0x00,73,0.702497788,0.000296041,70.047794000,4.840564000,65.207230000,99.712476263,92.821972003
avx2_add,1000,0x00,74,0.702417391,0.000105736,69.862736000,4.826648000,65.036088000,99.460430303,92.588948960
avx2_add,1000,0x00,75,0.702424350,0.000182540,69.887455000,4.823901000,65.063554000,99.494635935,92.627133409
avx2_add,1000,0x00,76,0.702448974,0.000213905,70.103458000,4.834338000,65.269120000,99.798648176,92.916528364
avx2_add,1000,0x00,77,0.702468921,0.000187357,70.099735000,4.839831000,65.259904000,99.790514372,92.900770425
avx2_add,1000,0x00,78,0.702463530,0.000115904,70.020024000,4.832202000,65.187822000,99.677806720,92.798870247
avx2_add,1000,0x00,79,0.702478047,0.000231603,70.052616000,4.828723000,65.223893000,99.722142664,92.848300809
avx2_add,1000,0x00,80,0.702458469,0.000197937,69.978581000,4.834522000,65.144059000,99.619527807,92.737239085
avx2_add,1000,0x00,81,0.702638555,0.000607419,70.214786000,4.839892000,65.374894000,99.930163896,93.041996483
avx2_add,1000,0x00,82,0.702483871,0.000238696,69.963627000,4.827503000,65.136124000,99.594638283,92.722590110
avx2_add,1000,0x00,83,0.702477591,0.000201306,69.875614000,4.825000000,65.050614000,99.470239202,92.601692699
avx2_add,1000,0x00,84,0.702532584,0.000319117,69.902531000,4.822985000,65.079546000,99.500767050,92.635626402
avx2_add,1000,0x00,85,0.702403124,0.000116704,69.899601000,4.817248000,65.082353000,99.514934634,92.656696347
avx2_add,1000,0x00,86,0.702420838,0.000196727,69.950199000,4.805896000,65.144303000,99.584458802,92.742554718
avx2_add,1000,0x00,87,0.702484836,0.000295297,70.036564000,4.839648000,65.196916000,99.698328547,92.809001190
avx2_add,1000,0x00,88,0.702415854,0.000125618,69.849187000,4.829699000,65.019488000,99.441358815,92.565518854
avx2_add,1000,0x00,89,0.702454274,0.000194527,69.989140000,4.841967000,65.147173000,99.635154310,92.742225933
avx2_add,1000,0x00,90,0.702469161,0.000221441,69.874700000,4.826403000,65.048297000,99.470131762,92.599505594
avx2_add,1000,0x00,91,0.702629347,0.000597503,70.228397000,4.859484000,65.368913000,99.950845080,93.034703559
avx2_add,1000,0x00,92,0.702458539,0.000223810,69.916996000,4.823352000,65.093644000,99.531847185,92.665460445
avx2_add,1000,0x00,93,0.702459820,0.000210050,69.985965000,4.828540000,65.157425000,99.629847817,92.756088123
avx2_add,1000,0x00,94,0.702430979,0.000186870,70.060063000,4.809375000,65.250688000,99.739426468,92.892668363
avx2_add,1000,0x00,95,0.702394155,0.000113995,69.817266000,4.835254000,64.982012000,99.398984921,92.515023875
avx2_add,1000,0x00,96,0.702447669,0.000214521,69.924382000,4.828296000,65.096086000,99.543902175,92.670370927
avx2_add,1000,0x00,97,0.702450357,0.000185464,69.876713000,4.827441000,65.049272000,99.475660222,92.603372445
avx2_add,1000,0x00,98,0.702473260,0.000267060,69.970158000,4.815783000,65.154375000,99.605439735,92.749971674
avx2_add,1000,0x00,99,0.702456159,0.000224170,70.080875000,4.842212000,65.238663000,99.765478796,92.872220134
avx2_add,1000,0xAA,0,0.702618797,0.000675183,70.247623000,4.843067000,65.404556000,99.979709232,93.086829306
avx2_add,1000,0xAA,1,0.702424972,0.000192769,70.164921000,4.756457000,65.408464000,99.889559450,93.118078951
avx2_add,1000,0xAA,2,0.702673973,0.000517173,70.155643000,4.847217000,65.308426000,99.840958553,92.942713866
avx2_add,1000,0xAA,3,0.702355184,0.000116950,69.868290000,4.796740000,65.071550000,99.477147103,92.647639603
avx2_add,1000,0xAA,4,0.702397663,0.000188138,69.839604000,4.784350000,65.055254000,99.430290983,92.618836086
avx2_add,1000,0xAA,5,0.702501561,0.000359481,70.092838000,4.826342000,65.266496000,99.776060106,92.905837652
avx2_add,1000,0xAA,6,0.702421939,0.000218075,70.003911000,4.818286000,65.185625000,99.660769580,92.801237249
avx2_add,1000,0xAA,7,0.702577269,0.000637962,70.087956000,4.824694000,65.263262000,99.758359812,92.891223323
avx2_add,1000,0xAA,8,0.702418783,0.000214698,69.938786000,4.817005000,65.121781000,99.568501934,92.710762487
avx2_add,1000,0xAA,9,0.702490172,0.000277806,69.947086000,4.828174000,65.118912000,99.570198730,92.697257023
avx2_add,1000,0xAA,10,0.702400305,0.000118524,69.924626000,4.794543000,65.130083000,99.550961964,92.725021016
avx2_add,1000,0xAA,11,0.702419395,0.000211412,70.122440000,4.816577000,65.305863000,99.829874394,92.972750242
avx2_add,1000,0xAA,12,0.702408239,0.000180448,69.913395000,4.831286000,65.082109000,99.533848130,92.655674255
avx2_add,1000,0xAA,13,0.702385929,0.000108721,69.745854000,4.808154000,64.937700000,99.298478386,92.453019500
avx2_add,1000,0xAA,14,0.702585345,0.000618600,70.171512000,4.840747000,65.330765000,99.876139674,92.986233646
avx2_add,1000,0xAA,15,0.702433754,0.000184920,69.761113000,4.824390000,64.936723000,99.313440692,92.445333956
avx2_add,1000,0xAA,16,0.702497949,0.000298774,70.027836000,4.811999000,65.215837000,99.684043302,92.834202666
avx2_add,1000,0xAA,17,0.702366384,0.000127658,69.860661000,4.800830000,65.059831000,99.464699095,92.629477319
avx2_add,1000,0xAA,18,0.702398219,0.000195977,69.955387000,4.817920000,65.137467000,99.595051848,92.735808939
avx2_add,1000,0xAA,19,0.702454244,0.000328156,69.936955000,4.798510000,65.138445000,99.560869039,92.729804894
avx2_add,1000,0xAA,20,0.702374477,0.000119502,69.784794000,4.835925000,64.948869000,99.355537979,92.470428738
avx2_add,1000,0xAA,21,0.702546812,0.000661818,70.342655000,4.847339000,65.495316000,100.125221269,93.225554347
avx2_add,1000,0xAA,22,0.702434103,0.000294898,69.979008000,4.797962000,65.181046000,99.623591306,92.793111437
avx2_add,1000,0xAA,23,0.702475549,0.000185684,69.876530000,4.802234000,65.074296000,99.471832252,92.635674033
avx2_add,1000,0xAA,24,0.702358147,0.000091738,69.935979000,4.805407000,65.130572000,99.573101383,92.731282834
avx2_add,1000,0xAA,25,0.702388078,0.000204153,69.949772000,4.814258000,65.135514000,99.588495568,92.734367273
avx2_add,1000,0xAA,26,0.702406457,0.000178230,69.992496000,4.827747000,65.164749000,99.646714885,92.773561956
avx2_add,1000,0xAA,27,0.702374847,0.000098859,69.804081000,4.796496000,65.007585000,99.382945336,92.553976414
avx2_add,1000,0xAA,28,0.702406539,0.000200722,69.947331000,4.821948000,65.125383000,99.582403009,92.717506777
avx2_add,1000,0xAA,29,0.702406641,0.000180869,70.046207000,4.809375000,65.236832000,99.723156015,92.876160667
avx2_add,1000,0xAA,30,0.702374896,0.000094463,69.828618000,4.792163000,65.036455000,99.417872677,92.595073306
avx2_add,1000,0xAA,31,0.702598624,0.000637117,70.283450000,4.832995000,65.450455000,100.033571992,93.154829511
avx2_add,1000,0xAA,32,0.702456150,0.000221152,69.961063000,4.811328000,65.149735000,99.594918553,92.745625536
avx2_add,1000,0xAA,33,0.702513856,0.000295196,70.017460000,4.859851000,65.157609000,99.667016430,92.749215507
avx2_add,1000,0xAA,34,0.702383548,0.000113959,69.995305000,4.821216000,65.174089000,99.653964346,92.789885572
avx2_add,1000,0xAA,35,0.702503405,0.000207044,69.896855000,4.841907000,65.054948000,99.496820248,92.604459348
avx2_add,1000,0xAA,36,0.702470940,0.000285256,69.858708000,4.819690000,65.039018000,99.447114425,92.586061928
avx2_add,1000,0xAA,37,0.702398325,0.000101316,69.875187000,4.842212000,65.032975000,99.480856490,92.587030258
avx2_add,1000,0xAA,38,0.702392311,0.000190192,69.852727000,4.809191000,65.043536000,99.449731850,92.602858780
avx2_add,1000,0xAA,39,0.702492422,0.000219756,70.078434000,4.825855000,65.252579000,99.756854032,92.887235444
avx2_add,1000,0xAA,40,0.702488243,0.000189910,69.969792000,4.835498000,65.134294000,99.602794349,92.719407974
avx2_add,1000,0xAA,41,0.702626839,0.000637254,70.173527000,4.855639000,65.317888000,99.873109204,92.962415317
avx2_add,1000,0xAA,42,0.702477186,0.000235126,70.178653000,4.824573000,65.354080000,99.901682725,93.033740117
avx2_add,1000,0xAA,43,0.702422999,0.000174153,69.953129000,4.839953000,65.113176000,99.588323717,92.697955652
avx2_add,1000,0xAA,44,0.702396411,0.000106006,70.091191000,4.846668000,65.244523000,99.788652007,92.888462989
avx2_add,1000,0xAA,45,0.702399345,0.000205860,70.026921000,4.827258000,65.199663000,99.696734545,92.824208200
avx2_add,1000,0xAA,46,0.702440493,0.000180715,69.993229000,4.833423000,65.159806000,99.642930246,92.762029940
avx2_add,1000,0xAA,47,0.702429159,0.000255478,70.106510000,4.820606000,65.285904000,99.805808308,92.943043661
avx2_add,1000,0xAA,48,0.702402482,0.000214201,69.950627000,4.831409000,65.119218000,99.587670652,92.709265284
avx2_add,1000,0xAA,49,0.702418357,0.000178308,70.111942000,4.819873000,65.292069000,99.815076455,92.953249806
avx2_add,1000,0xAA,50,0.702468880,0.000288833,69.927494000,4.807971000,65.119523000,99.545326447,92.700936417
avx2_add,1000,0xAA,51,0.702562790,0.000611962,70.197818000,4.830920000,65.366898000,99.916788861,93.040649012
avx2_add,1000,0xAA,52,0.702461538,0.000209630,70.128727000,4.836108000,65.292619000,99.832835255,92.948318826
avx2_add,1000,0xAA,53,0.702455196,0.000226232,69.896000000,4.825366000,65.070634000,99.502431520,92.633145009
avx2_add,1000,0xAA,54,0.702378424,0.000113645,70.107487000,4.806689000,65.300798000,99.814408522,92.970962265
avx2_add,1000,0xAA,55,0.702395384,0.000212178,70.065616000,4.835986000,65.229630000,99.752386806,92.867395656
avx2_add,1000,0xAA,56,0.702441812,0.000233528,69.994266000,4.854785000,65.139481000,99.644219372,92.732920930
avx2_add,1000,0xAA,57,0.702402476,0.000200977,70.059330000,4.835865000,65.223465000,99.742430273,92.857680910
avx2_add,1000,0xAA,58,0.702383008,0.000129700,69.924992000,4.836414000,65.088578000,99.553934489,92.668212678
avx2_add,1000,0xAA,59,0.702414115,0.000225128,70.005314000,4.851794000,65.153520000,99.663877051,92.756564262
avx2_add,1000,0xAA,60,0.702401868,0.000174963,70.077945000,4.841540000,65.236405000,99.769018563,92.876183818
avx2_add,1000,0xAA,61,0.702642494,0.000674813,70.101871000,4.847156000,65.254715000,99.768903210,92.870436294
avx2_add,1000,0xAA,62,0.702418823,0.000231373,70.071293000,4.835742000,65.235551000,99.757140188,92.872726158
avx2_add,1000,0xAA,63,0.702402862,0.000179214,69.832158000,4.834705000,64.997453000,99.418954176,92.535860074
avx2_add,1000,0xAA,64,0.702400859,0.000190866,69.878606000,4.836230000,65.042376000,99.485365247,92.600080386
avx2_add,1000,0xAA,65,0.702374139,0.000197024,69.973454000,4.797290000,65.176164000,99.624189105,92.794082846
avx2_add,1000,0xAA,66,0.702453653,0.000192216,69.957097000,4.813403000,65.143694000,99.589626647,92.737355352
avx2_add,1000,0xAA,67,0.702450574,0.000231528,70.188236000,4.832813000,65.355423000,99.919109708,93.039176547
avx2_add,1000,0xAA,68,0.702376904,0.000127772,70.013920000,4.817004000,65.196916000,99.681409813,92.823262893
avx2_add,1000,0xAA,69,0.702422122,0.000183038,69.909367000,4.822314000,65.087053000,99.526146508,92.660881519
avx2_add,1000,0xAA,70,0.702444497,0.000229319,70.045719000,4.823047000,65.222672000,99.717086946,92.850997142
avx2_add,1000,0xAA,71,0.702662288,0.000658084,70.210880000,4.838977000,65.371903000,99.921229809,93.034597240
avx2_add,1000,0xAA,72,0.702435890,0.000227260,70.113651000,4.824572000,65.289079000,99.815017933,92.946672984
avx2_add,1000,0xAA,73,0.702474949,0.000223243,70.065067000,4.832690000,65.232377000,99.740306962,92.860787614
avx2_add,1000,0xAA,74,0.702439723,0.000205373,69.932133000,4.817981000,65.114152000,99.556062574,92.697138110
avx2_add,1000,0xAA,75,0.702437310,0.000263784,70.139224000,4.817615000,65.321609000,99.851222300,92.992795319
avx2_add,1000,0xAA,76,0.702432560,0.000213080,69.954777000,4.834827000,65.119950000,99.589314351,92.706337569
avx2_add,1000,0xAA,77,0.702412058,0.000198098,70.143985000,4.816821000,65.327164000,99.861590106,93.004046949
avx2_add,1000,0xAA,78,0.702421883,0.000198444,70.013676000,4.833057000,65.180619000,99.674679453,92.794117900
avx2_add,1000,0xAA,79,0.702822236,0.002410832,70.990113000,4.910876000,66.079237000,101.007209681,94.019843964
avx2_add,1000,0xAA,80,0.702448429,0.000181968,70.057926000,4.831470000,65.226456000,99.733906531,92.855864247
avx2_add,1000,0xAA,81,0.702592809,0.000599146,70.057927000,4.843310000,65.214617000,99.713413098,92.819932353
avx2_add,1000,0xAA,82,0.702476575,0.000208065,70.031376000,4.813525000,65.217851000,99.692115758,92.839894383
avx2_add,1000,0xAA,83,0.702452513,0.000165378,69.979069000,4.826709000,65.152360000,99.621067262,92.749842640
avx2_add,1000,0xAA,84,0.702438534,0.000202790,70.013431000,4.818652000,65.194779000,99.671967862,92.812076546
avx2_add,1000,0xAA,85,0.702410118,0.000101940,69.914800000,4.801868000,65.112932000,99.535582145,92.699308184
avx2_add,1000,0xAA,86,0.702450638,0.000182128,69.892582000,4.821521000,65.071061000,99.498211239,92.634353856
avx2_add,1000,0xAA,87,0.702444264,0.000206378,69.928777000,4.824694000,65.104083000,99.550641313,92.682204563
avx2_add,1000,0xAA,88,0.702418668,0.000099824,69.925663000,4.818530000,65.107133000,99.549835651,92.689924010
avx2_add,1000,0xAA,89,0.702414160,0.000179766,69.925236000,4.798267000,65.126969000,99.549866640,92.718758627
avx2_add,1000,0xAA,90,0.702475912,0.000321026,70.061710000,4.835254000,65.226456000,99.735391323,92.852231466
avx2_add,1000,0xAA,91,0.702623519,0.000618374,70.222172000,4.841236000,65.380936000,99.942814402,93.052586754
avx2_add,1000,0xAA,92,0.702466473,0.000216784,69.925907000,4.823413000,65.102494000,99.543408321,92.677012298
avx2_add,1000,0xAA,93,0.702470498,0.000225458,70.012272000,4.815722000,65.196550000,99.665782711,92.810374527
avx2_add,1000,0xAA,94,0.702481479,0.000188311,69.801396000,4.800769000,65.000627000,99.364037423,92.530022376
avx2_add,1000,0xAA,95,0.702443497,0.000120371,69.928044000,4.822192000,65.105852000,99.549706563,92.684824162
avx2_add,1000,0xAA,96,0.702425879,0.000212567,69.860051000,4.813220000,65.046831000,99.455406088,92.603124378
avx2_add,1000,0xAA,97,0.702441795,0.000173574,69.932744000,4.830066000,65.102678000,99.556638766,92.680530259
avx2_add,1000,0xAA,98,0.702396415,0.000110962,70.011540000,4.832019000,65.179521000,99.675252436,92.795919206
avx2_add,1000,0xAA,99,0.702428350,0.000208199,69.933964000,4.835071000,65.098893000,99.560281075,92.676915679
avx2_add,1200,0x00,0,0.585403092,0.000199551,60.718900000,4.033010000,56.685890000,103.721522606,96.832235451
avx2_add,1200,0x00,1,0.585564995,0.000510444,60.820217000,4.036184000,56.784033000,103.865868926,96.973066188
avx2_add,1200,0x00,2,0.585498204,0.000385948,60.663846000,4.034658000,56.629188000,103.610644051,96.719661341
avx2_add,1200,0x00,3,0.585487379,0.000217636,60.592008000,4.007497000,56.584511000,103.489861956,96.645142248
avx2_add,1200,0x00,4,0.585414538,0.000095957,60.452543000,3.998525000,56.454018000,103.264505802,96.434260330
avx2_add,1200,0x00,5,0.585465816,0.000290139,60.612333000,3.997792000,56.614541000,103.528389391,96.699994139
avx2_add,1200,0x00,6,0.585425213,0.000084131,60.487760000,3.988637000,56.499123000,103.322779253,96.509548604
avx2_add,1200,0x00,7,0.585449793,0.000190951,60.580411000,4.021779000,56.558632000,103.476697231,96.607143178
avx2_add,1200,0x00,8,0.585434642,0.000168312,60.487943000,4.006826000,56.481117000,103.321427701,96.477237564
avx2_add,1200,0x00,9,0.585411945,0.000087761,60.432828000,4.013479000,56.419349000,103.231286108,96.375465974
avx2_add,1200,0x00,10,0.585480348,0.000271465,60.621122000,4.017079000,56.604043000,103.540831463,96.679663507
avx2_add,1200,0x00,11,0.585560904,0.000498574,60.635037000,4.024038000,56.610999000,103.550350696,96.678242312
avx2_add,1200,0x00,12,0.585413386,0.000170494,60.511502000,4.042164000,56.469338000,103.365422450,96.460619633
avx2_add,1200,0x00,13,0.585462371,0.000150064,60.402190000,4.018911000,56.383279000,103.170063462,96.305555686
avx2_add,1200,0x00,14,0.585410567,0.000189828,60.549588000,4.030202000,56.519386000,103.430978844,96.546576298
avx2_add,1200,0x00,15,0.585405562,0.000161992,60.392424000,4.044484000,56.347940000,103.163392846,96.254534679
avx2_add,1200,0x00,16,0.585414179,0.000090851,60.336271000,4.032338000,56.303933000,103.065954210,96.177945442
avx2_add,1200,0x00,17,0.585435181,0.000176490,60.573637000,4.045217000,56.528420000,103.467709105,96.557948414
avx2_add,1200,0x00,18,0.585394999,0.000080978,60.288237000,4.034596000,56.253641000,102.987277118,96.095185443
avx2_add,1200,0x00,19,0.585407413,0.000156262,60.565336000,4.042531000,56.522805000,103.458437048,96.552936862
avx2_add,1200,0x00,20,0.585419444,0.000174379,60.502531000,4.040029000,56.462502000,103.349028800,96.447944389
avx2_add,1200,0x00,21,0.585550695,0.000499103,60.734524000,4.054006000,56.680518000,103.722059416,96.798652044
avx2_add,1200,0x00,22,0.585412318,0.000165294,60.470427000,4.042103000,56.428324000,103.295446879,96.390735660
avx2_add,1200,0x00,23,0.585433853,0.000133081,60.549405000,4.039907000,56.509498000,103.426552330,96.525846159
avx2_add,1200,0x00,24,0.585412373,0.000182289,60.467619000,4.043263000,56.424356000,103.290640486,96.383948412
avx2_add,1200,0x00,25,0.585473029,0.000373302,60.787443000,4.032338000,56.755105000,103.826205504,96.938889091
avx2_add,1200,0x00,26,0.585382206,0.000081089,60.349455000,4.018178000,56.331277000,103.094105722,96.229910055
avx2_add,1200,0x00,27,0.585547039,0.000423362,60.760831000,4.025380000,56.735451000,103.767634355,96.893071366
avx2_add,1200,0x00,28,0.585419656,0.000090949,60.450407000,4.012075000,56.438332000,103.259954447,96.406622893
avx2_add,1200,0x00,29,0.585413199,0.000170306,60.659574000,4.003835000,56.655739000,103.618391376,96.779059763
avx2_add,1200,0x00,30,0.585455736,0.000207432,60.400663000,3.966664000,56.433999000,103.168624481,96.393280498
avx2_add,1200,0x00,31,0.585557693,0.000507623,60.794339000,4.019887000,56.774452000,103.822970346,96.957913243
avx2_add,1200,0x00,32,0.585457238,0.000276161,60.552335000,4.013784000,56.538551000,103.427425759,96.571615051
avx2_add,1200,0x00,33,0.585439700,0.000141714,60.634427000,4.023793000,56.610634000,103.570746885,96.697634250
avx2_add,1200,0x00,34,0.585430265,0.000178153,60.446989000,4.004384000,56.442605000,103.252244790,96.412174775
avx2_add,1200,0x00,35,0.585403918,0.000077877,60.452909000,3.999563000,56.453346000,103.267004523,96.434861997
avx2_add,1200,0x00,36,0.585403325,0.000155527,60.443021000,4.018788000,56.424233000,103.250218048,96.385228005
avx2_add,1200,0x00,37,0.585424919,0.000180419,60.666959000,3.983388000,56.683571000,103.628931874,96.824663941
avx2_add,1200,0x00,38,0.585407482,0.000085263,60.361662000,4.009816000,56.351846000,103.110506588,96.260891362
avx2_add,1200,0x00,39,0.585430223,0.000159395,60.540861000,3.993215000,56.547646000,103.412599100,96.591606879
avx2_add,1200,0x00,40,0.585425164,0.000089664,60.309660000,4.009267000,56.300393000,103.018564476,96.170093917
avx2_add,1200,0x00,41,0.585590074,0.000532432,60.761441000,4.022756000,56.738685000,103.761050013,96.891473195
avx2_add,1200,0x00,42,0.585432882,0.000153923,60.479643000,4.033193000,56.446450000,103.307560750,96.418311571
avx2_add,1200,0x00,43,0.585447407,0.000135954,60.652799000,4.007558000,56.645241000,103.600764609,96.755473380
avx2_add,1200,0x00,44,0.585476949,0.000257860,60.490751000,3.983327000,56.507424000,103.318757562,96.515198509
avx2_add,1200,0x00,45,0.585398125,0.000085669,60.602506000,4.020803000,56.581703000,103.523573776,96.655080647
avx2_add,1200,0x00,46,0.585455994,0.000388905,60.541898000,4.040640000,56.501258000,103.409818295,96.508121090
avx2_add,1200,0x00,47,0.585430639,0.000107469,60.574368000,4.021779000,56.552589000,103.469760564,96.599981747
avx2_add,1200,0x00,48,0.585424557,0.000181635,60.498502000,4.022878000,56.475624000,103.341243938,96.469516490
avx2_add,1200,0x00,49,0.585416685,0.000151988,60.602018000,4.023549000,56.578469000,103.519458180,96.646492127
avx2_add,1200,0x00,50,0.585397509,0.000106978,60.429594000,4.020071000,56.409523000,103.228307433,96.361057504
avx2_add,1200,0x00,51,0.585574851,0.000655633,60.933255000,4.055592000,56.877663000,104.057158350,97.131328129
avx2_add,1200,0x00,52,0.585419790,0.000085095,60.371488000,4.012807000,56.358681000,103.125123174,96.270542810
avx2_add,1200,0x00,53,0.585480266,0.000191417,60.613248000,4.016530000,56.596718000,103.527397138,96.667165916
avx2_add,1200,0x00,54,0.585448075,0.000184452,60.580228000,4.030080000,56.550148000,103.476688372,96.592935272
avx2_add,1200,0x00,55,0.585412934,0.000104211,60.658659000,4.021780000,56.636879000,103.616875345,96.746887056
avx2_add,1200,0x00,56,0.585445634,0.000157005,60.467070000,4.027090000,56.439980000,103.283834625,96.405160041
avx2_add,1200,0x00,57,0.585435538,0.000096595,60.694425000,4.025319000,56.669106000,103.673967628,96.798199521
avx2_add,1200,0x00,58,0.585434092,0.000185723,60.581632000,4.026296000,56.555336000,103.481558148,96.604104209
avx2_add,1200,0x00,59,0.585438526,0.000162757,60.686979000,4.037832000,56.649147000,103.660719876,96.763613136
avx2_add,1200,0x00,60,0.585410687,0.000094803,60.459074000,4.029592000,56.429482000,103.276341445,96.392982311
avx2_add,1200,0x00,61,0.585626168,0.000693106,60.852506000,4.059926000,56.792580000,103.910155190,96.977531236
avx2_add,1200,0x00,62,0.585419174,0.000092531,60.553006000,4.037526000,56.515480000,103.435296856,96.538484824
avx2_add,1200,0x00,63,0.585475931,0.000220218,60.672269000,4.031667000,56.640602000,103.628972239,96.742836043
avx2_add,1200,0x00,64,0.585450330,0.000118562,60.300566000,4.018667000,56.281899000,102.998602783,96.134370596
avx2_add,1200,0x00,65,0.585440074,0.000186952,60.622281000,4.008657000,56.613624000,103.549933966,96.702679775
avx2_add,1200,0x00,66,0.585431392,0.000248780,60.508696000,4.024770000,56.483926000,103.357450346,96.482571313
avx2_add,1200,0x00,67,0.585394820,0.000082475,60.511380000,4.022816000,56.488564000,103.368492384,96.496521772
avx2_add,1200,0x00,68,0.585434209,0.000185536,60.542326000,4.018911000,56.523415000,103.414397469,96.549559479
avx2_add,1200,0x00,69,0.585417655,0.000086766,60.465910000,4.012746000,56.453164000,103.286789327,96.432288158
avx2_add,1200,0x00,70,0.585423084,0.000155902,60.487883000,4.003042000,56.484841000,103.323365059,96.485503501
avx2_add,1200,0x00,71,0.585589783,0.000532799,60.676786000,4.021535000,56.655251000,103.616537939,96.749042783
avx2_add,1200,0x00,72,0.585403424,0.000088825,60.547513000,4.001089000,56.546424000,103.428696429,96.593941390
avx2_add,1200,0x00,73,0.585467764,0.000209627,60.471098000,4.010792000,56.460306000,103.286810535,96.436233531
avx2_add,1200,0x00,74,0.585390799,0.000081855,60.389494000,4.003469000,56.386025000,103.160989313,96.322021218
avx2_add,1200,0x00,75,0.585404470,0.000183030,60.527738000,4.007131000,56.520607000,103.394731497,96.549667605
avx2_add,1200,0x00,76,0.585410282,0.000155976,60.587919000,4.019948000,56.567971000,103.496506461,96.629616476
avx2_add,1200,0x00,77,0.585394469,0.000081012,60.400908000,4.005971000,56.394937000,103.179840645,96.336641377
avx2_add,1200,0x00,78,0.585458138,0.000250662,60.568754000,4.004079000,56.564675000,103.455311367,96.616087967
avx2_add,1200,0x00,79,0.585390226,0.000084028,60.471220000,3.956289000,56.514931000,103.300699759,96.542320779
avx2_add,1200,0x00,80,0.585420138,0.000158225,60.548429000,4.005300000,56.543129000,103.427308183,96.585555155
avx2_add,1200,0x00,81,0.585571725,0.000542630,60.798978000,4.035146000,56.763832000,103.828404631,96.937453740
avx2_add,1200,0x00,82,0.585423713,0.000195114,60.589140000,4.023793000,56.565347000,103.496217562,96.622917236
avx2_add,1200,0x00,83,0.585480916,0.000208711,60.648343000,4.023061000,56.625282000,103.587224359,96.715845822
avx2_add,1200,0x00,84,0.585408410,0.000081688,60.578458000,4.007924000,56.570534000,103.480675938,96.634303509
avx2_add,1200,0x00,85,0.585426067,0.000184480,60.749845000,4.021169000,56.728676000,103.770310900,96.901520415
avx2_add,1200,0x00,86,0.585435665,0.000086082,60.539030000,3.987356000,56.551674000,103.408510241,96.597589356
avx2_add,1200,0x00,87,0.585470479,0.000416144,60.926296000,4.027822000,56.898474000,104.063822528,97.184189574
avx2_add,1200,0x00,88,0.585443137,0.000179608,60.671842000,4.030324000,56.641518000,103.634047756,96.749819816
avx2_add,1200,0x00,89,0.585413580,0.000089206,60.534696000,4.020009000,56.514687000,103.405008087,96.538052595
avx2_add,1200,0x00,90,0.585417519,0.000157214,60.681607000,4.029531000,56.652076000,103.655263214,96.772088607
avx2_add,1200,0x00,91,0.585566304,0.000532140,60.806302000,4.033498000,56.772804000,103.841873343,96.953673031
avx2_add,1200,0x00,92,0.585429514,0.000190693,60.737210000,4.008779000,56.728431000,103.748117432,96.900531340
avx2_add,1200,0x00,93,0.585527054,0.000366866,60.694303000,4.004140000,56.690163000,103.657555297,96.819032685
avx2_add,1200,0x00,94,0.585413251,0.000084631,60.565641000,4.003225000,56.562416000,103.457926289,96.619637283
avx2_add,1200,0x00,95,0.585461892,0.000257262,60.563505000,4.019948000,56.543557000,103.445682501,96.579397855
avx2_add,1200,0x00,96,0.585412988,0.000098035,60.717984000,4.007009000,56.710975000,103.718204527,96.873448631
avx2_add,1200,0x00,97,0.585439498,0.000162884,60.672330000,4.028127000,56.644203000,103.635525441,96.755007448
avx2_add,1200,0x00,98,0.585440618,0.000125696,60.526334000,4.017263000,56.509071000,103.385949258,96.524001388
avx2_add,1200,0x00,99,0.585420587,0.000183637,60.544339000,4.031240000,56.513099000,103.420242453,96.534184647
avx2_add,1200,0xAA,0,0.585445041,0.000187144,60.705716000,4.015919000,56.689797000,103.691570933,96.831970597
avx2_add,1200,0xAA,1,0.585628439,0.000605988,60.697110000,4.031484000,56.665626000,103.644403153,96.760372711
avx2_add,1200,0xAA,2,0.585433391,0.000165870,60.483366000,4.018666000,56.464700000,103.313830365,96.449401269
avx2_add,1200,0xAA,3,0.585499833,0.000226718,60.549711000,4.006276000,56.543435000,103.415419831,96.572931111
avx2_add,1200,0xAA,4,0.585512686,0.000209326,60.709867000,4.038198000,56.671669000,103.686680889,96.789822634
avx2_add,1200,0xAA,5,0.585494688,0.000362722,60.698026000,4.013784000,56.684242000,103.669644243,96.814272054
avx2_add,1200,0xAA,6,0.585430501,0.000099394,60.540616000,4.012501000,56.528115000,103.412131529,96.558199267
avx2_add,1200,0xAA,7,0.585522530,0.000206002,60.535307000,4.033071000,56.502236000,103.386810727,96.498824710
avx2_add,1200,0xAA,8,0.585431470,0.000094465,60.545683000,4.025685000,56.519998000,103.420615561,96.544174498
avx2_add,1200,0xAA,9,0.585429194,0.000157773,60.580289000,4.037831000,56.542458000,103.480129758,96.582914794
avx2_add,1200,0xAA,10,0.585444102,0.000091184,60.440030000,4.034536000,56.405494000,103.237917640,96.346506513
avx2_add,1200,0xAA,11,0.585598501,0.000539885,60.704861000,4.043874000,56.660987000,103.662937876,96.757397655
avx2_add,1200,0xAA,12,0.585445517,0.000159928,60.448453000,4.012563000,56.435890000,103.252055553,96.398193175
avx2_add,1200,0xAA,13,0.585441189,0.000114266,60.617460000,4.013234000,56.604226000,103.541501992,96.686442803
avx2_add,1200,0xAA,14,0.585455505,0.000191109,60.586636000,4.023915000,56.562721000,103.486320425,96.613184953
avx2_add,1200,0xAA,15,0.585441680,0.000097901,60.469633000,4.019033000,56.450600000,103.288910064,96.423951282
avx2_add,1200,0xAA,16,0.585437593,0.000157541,60.711575000,4.036062000,56.675513000,103.702898051,96.808803702
avx2_add,1200,0xAA,17,0.585460612,0.000192946,60.613187000,4.023122000,56.590065000,103.530768371,96.659047339
avx2_add,1200,0xAA,18,0.585430183,0.000093014,60.399809000,4.025807000,56.374002000,103.171668924,96.295004348
avx2_add,1200,0xAA,19,0.585454259,0.000353900,60.637357000,4.036123000,56.601234000,103.573175899,96.679173619
avx2_add,1200,0xAA,20,0.585432969,0.000206698,60.621183000,4.023489000,56.597694000,103.549315177,96.676642789
avx2_add,1200,0xAA,21,0.585557246,0.000539259,60.678495000,4.044851000,56.633644000,103.625214120,96.717518882
avx2_add,1200,0xAA,22,0.585416949,0.000161662,60.535794000,4.038319000,56.497475000,103.406288673,96.508095840
avx2_add,1200,0xAA,23,0.585443640,0.000127829,60.435392000,4.034108000,56.401284000,103.230076988,96.339391487
avx2_add,1200,0xAA,24,0.585451593,0.000196432,60.666776000,4.028127000,56.638649000,103.623897700,96.743521855
avx2_add,1200,0xAA,25,0.585412884,0.000088503,60.503629000,3.995534000,56.508095000,103.352062618,96.526907053
avx2_add,1200,0xAA,26,0.585442538,0.000206235,60.778653000,4.023550000,56.755103000,103.816598700,96.943934449
avx2_add,1200,0xAA,27,0.585423554,0.000085721,60.570096000,4.013479000,56.556617000,103.463715422,96.608031239
avx2_add,1200,0xAA,28,0.585431161,0.000179311,60.495511000,4.004323000,56.491188000,103.334969292,96.495013940
avx2_add,1200,0xAA,29,0.585426594,0.000156088,60.545988000,4.023183000,56.522805000,103.421997930,96.549773400
avx2_add,1200,0xAA,30,0.585415598,0.000084041,60.458952000,4.011465000,56.447487000,103.275266670,96.422929607
avx2_add,1200,0xAA,31,0.585581470,0.000534304,60.845975000,4.047780000,56.798195000,103.906933716,96.994522367
avx2_add,1200,0xAA,32,0.585407435,0.000087100,60.597440000,4.032522000,56.564918000,103.513273610,96.624871177
avx2_add,1200,0xAA,33,0.585452917,0.000199450,60.694730000,4.027333000,56.667397000,103.671411067,96.792406993
avx2_add,1200,0xAA,34,0.585422317,0.000182117,60.560941000,4.024709000,56.536232000,103.448295708,96.573414309
avx2_add,1200,0xAA,35,0.585411615,0.000078396,60.577482000,4.020071000,56.557411000,103.478442258,96.611357805
avx2_add,1200,0xAA,36,0.585418755,0.000158795,60.592740000,4.030507000,56.562233000,103.503243652,96.618416392
avx2_add,1200,0xAA,37,0.585432953,0.000201264,60.562956000,4.035879000,56.527077000,103.449858201,96.556021806
avx2_add,1200,0xAA,38,0.585416868,0.000184628,60.592496000,4.026479000,56.566017000,103.503160399,96.625191520
avx2_add,1200,0xAA,39,0.585476424,0.000409284,60.789640000,4.039724000,56.749916000,103.829355877,96.929464040
avx2_add,1200,0xAA,40,0.585391151,0.000088852,60.446683000,4.014028000,56.432655000,103.258621023,96.401619522
avx2_add,1200,0xAA,41,0.585607302,0.000539656,60.775052000,4.012197000,56.762855000,103.781240141,96.929896265
avx2_add,1200,0xAA,42,0.585407023,0.000080782,60.583097000,4.005483000,56.577614000,103.488845515,96.646626614
avx2_add,1200,0xAA,43,0.585468552,0.000181850,60.652127000,4.031118000,56.621009000,103.595875095,96.710589822
avx2_add,1200,0xAA,44,0.585407328,0.000078905,60.513334000,4.037221000,56.476113000,103.369621702,96.473191115
avx2_add,1200,0xAA,45,0.585421669,0.000176556,60.724454000,4.020071000,56.704383000,103.727718290,96.860751776
avx2_add,1200,0xAA,46,0.585479566,0.000329716,60.799832000,4.042409000,56.757423000,103.846206681,96.941765884
avx2_add,1200,0xAA,47,0.585397578,0.000077983,60.598599000,4.017629000,56.580970000,103.516996400,96.653918810
avx2_add,1200,0xAA,48,0.585427450,0.000173584,60.590727000,4.032277000,56.558450000,103.498267722,96.610519297
avx2_add,1200,0xAA,49,0.585413600,0.000079973,60.557646000,4.032094000,56.525552000,103.444207663,96.556608878
avx2_add,1200,0xAA,50,0.585415821,0.000152680,60.584684000,4.026052000,56.558632000,103.490001233,96.612749443
avx2_add,1200,0xAA,51,0.585587334,0.000539458,60.766629000,4.038381000,56.728248000,103.770395094,96.874103514
avx2_add,1200,0xAA,52,0.585406770,0.000096472,60.475615000,4.019582000,56.456033000,103.305288092,96.438982119
avx2_add,1200,0xAA,53,0.585452368,0.000169645,60.622281000,4.021047000,56.601234000,103.547759474,96.679485950
avx2_add,1200,0xAA,54,0.585426438,0.000202672,60.674771000,4.020314000,56.654457000,103.642006937,96.774681282
avx2_add,1200,0xAA,55,0.585406665,0.000177791,60.560758000,4.022633000,56.538125000,103.450748999,96.579230039
avx2_add,1200,0xAA,56,0.585406851,0.000081240,60.457914000,4.026173000,56.431741000,103.275036689,96.397472830
avx2_add,1200,0xAA,57,0.585438210,0.000162724,60.663663000,4.018361000,56.645302000,103.620949112,96.757097506
avx2_add,1200,0xAA,58,0.585466612,0.000187663,60.532926000,4.029042000,56.503884000,103.392618393,96.510856193
avx2_add,1200,0xAA,59,0.585413053,0.000089927,60.657804000,4.015249000,56.642555000,103.615393705,96.756563043
avx2_add,1200,0xAA,60,0.585477625,0.000482265,60.693936000,4.028554000,56.665382000,103.665679845,96.784880597
avx2_add,1200,0xAA,61,0.585576434,0.000527341,60.860074000,4.044545000,56.815529000,103.931904384,97.024958063
avx2_add,1200,0xAA,62,0.585425248,0.000187383,60.646756000,4.037710000,56.609046000,103.594363628,96.697308855
avx2_add,1200,0xAA,63,0.585549270,0.000569244,60.857083000,4.044057000,56.813026000,103.931617845,97.025184511
avx2_add,1200,0xAA,64,0.585407639,0.000085660,60.559720000,4.030202000,56.529518000,103.448803773,96.564366793
avx2_add,1200,0xAA,65,0.585424848,0.000180874,60.800320000,4.054677000,56.745643000,103.856746449,96.930704594
avx2_add,1200,0xAA,66,0.585424007,0.000080817,60.582487000,4.033193000,56.549294000,103.484801237,96.595447620
avx2_add,1200,0xAA,67,0.585468275,0.000406910,60.800992000,4.036550000,56.764442000,103.850190687,96.955624111
avx2_add,1200,0xAA,68,0.585440215,0.000176114,60.627774000,4.024098000,56.603676000,103.559291640,96.685664078
avx2_add,1200,0xAA,69,0.585511215,0.000141952,60.772671000,4.050405000,56.722266000,103.794204896,96.876480867
avx2_add,1200,0xAA,70,0.585437388,0.000150598,60.551908000,4.036916000,56.514992000,103.430203166,96.534647669
avx2_add,1200,0xAA,71,0.585588226,0.000570056,60.912442000,4.060170000,56.852272000,104.019239603,97.085749790
avx2_add,1200,0xAA,72,0.585444386,0.000186900,60.736600000,4.043630000,56.692970000,103.744440090,96.837498802
avx2_add,1200,0xAA,73,0.585474733,0.000205405,60.702970000,4.032338000,56.670632000,103.681622142,96.794325773
avx2_add,1200,0xAA,74,0.585403154,0.000087779,60.460356000,4.030812000,56.429544000,103.279860411,96.394328664
avx2_add,1200,0xAA,75,0.585451735,0.000191184,60.632230000,4.011952000,56.620278000,103.564865216,96.712119273
avx2_add,1200,0xAA,76,0.585410411,0.000086571,60.484952000,4.031789000,56.453163000,103.320595072,96.433479766
avx2_add,1200,0xAA,77,0.585433718,0.000152701,60.610807000,4.040944000,56.569863000,103.531459073,96.628979976
avx2_add,1200,0xAA,78,0.585425449,0.000080370,60.406706000,4.025075000,56.381631000,103.184284282,96.308814478
avx2_add,1200,0xAA,79,0.585446390,0.000179193,60.531034000,4.040334000,56.490700000,103.392957909,96.491670163
avx2_add,1200,0xAA,80,0.585428567,0.000157140,60.589689000,4.031789000,56.557900000,103.496297244,96.609395534
avx2_add,1200,0xAA,81,0.585544815,0.000503108,60.773099000,4.045278000,56.727821000,103.788979847,96.880408724
avx2_add,1200,0xAA,82,0.585432863,0.000176020,60.607023000,4.006521000,56.600502000,103.525146701,96.681456750
avx2_add,1200,0xAA,83,0.585453345,0.000113936,60.415067000,4.024098000,56.390969000,103.193649043,96.320175630
avx2_add,1200,0xAA,84,0.585404128,0.000164121,60.502286000,4.030629000,56.471657000,103.351314332,96.466106644
avx2_add,1200,0xAA,85,0.585437878,0.000182063,60.688749000,4.033681000,56.655068000,103.663857872,96.773833925
avx2_add,1200,0xAA,86,0.585423522,0.000080758,60.463163000,4.011037000,56.452126000,103.281061852,96.429548634
avx2_add,1200,0xAA,87,0.585444329,0.000261185,60.618192000,4.029043000,56.589149000,103.542196859,96.660171023
avx2_add,1200,0xAA,88,0.585440164,0.000195644,60.569791000,4.020864000,56.548927000,103.460259094,96.592154973
avx2_add,1200,0xAA,89,0.585419667,0.000175566,60.535734000,4.024465000,56.511269000,103.405706123,96.531210390
avx2_add,1200,0xAA,90,0.585418906,0.000080467,60.552152000,4.036245000,56.515907000,103.433885379,96.539258369
avx2_add,1200,0xAA,91,0.585558782,0.000558141,60.715787000,4.055166000,56.660621000,103.688628505,96.763335733
avx2_add,1200,0xAA,92,0.585469147,0.000192406,60.577055000,4.025991000,56.551064000,103.467544471,96.591023273
avx2_add,1200,0xAA,93,0.585455509,0.000101011,60.528714000,4.016591000,56.512123000,103.387384832,96.526759321
avx2_add,1200,0xAA,94,0.585417145,0.000164683,60.616422000,4.029714000,56.586708000,103.543981364,96.660489769
avx2_add,1200,0xAA,95,0.585406096,0.000081108,60.522794000,4.036306000,56.486488000,103.385998968,96.491116885
avx2_add,1200,0xAA,96,0.585421421,0.000170366,60.567410000,4.005971000,56.561439000,103.459504273,96.616620059
avx2_add,1200,0xAA,97,0.585424721,0.000151813,60.623990000,4.022817000,56.601173000,103.555568840,96.683947511
avx2_add,1200,0xAA,98,0.585403883,0.000080342,60.516874000,4.033436000,56.483438000,103.376277090,96.486271543
avx2_add,1200,0xAA,99,0.585447786,0.000184109,60.574003000,4.031972000,56.542031000,103.466106502,96.579118294
avx2_add,1400,0x00,0,0.501566512,0.000146449,54.030379000,3.468192000,50.562187000,107.723258507,100.808538487
avx2_add,1400,0x00,1,0.501577495,0.000063602,53.920455000,3.459891000,50.460564000,107.501743007,100.603724192
avx2_add,1400,0x00,2,0.501866320,0.001134369,54.265730000,3.462942000,50.802788000,108.127857672,101.227729364
avx2_add,1400,0x00,3,0.501628238,0.000320356,53.871200000,3.444511000,50.426689000,107.392678397,100.526017508
avx2_add,1400,0x00,4,0.501591118,0.000173173,53.985702000,3.433646000,50.552056000,107.628903375,100.783395401
avx2_add,1400,0x00,5,0.501613503,0.000170364,53.947372000,3.435783000,50.511589000,107.547686900,100.698224162
avx2_add,1400,0x00,6,0.501555106,0.000164716,53.890426000,3.422233000,50.468193000,107.446670031,100.623425771
avx2_add,1400,0x00,7,0.501549553,0.000052560,53.742843000,3.404471000,50.338372000,107.153605534,100.365699978
avx2_add,1400,0x00,8,0.501569754,0.000144421,53.907088000,3.437492000,50.469596000,107.476751839,100.623284358
avx2_add,1400,0x00,9,0.501604669,0.000092004,53.690598000,3.426933000,50.263665000,107.037675980,100.205735981
avx2_add,1400,0x00,10,0.501561094,0.000164036,53.809859000,3.438651000,50.371208000,107.284754925,100.428858317
avx2_add,1400,0x00,11,0.501551734,0.000048489,53.778365000,3.429495000,50.348870000,107.223963913,100.386194707
avx2_add,1400,0x00,12,0.501706324,0.000508474,53.966415000,3.454093000,50.512322000,107.565746056,100.681055078
avx2_add,1400,0x00,13,0.501565163,0.000063584,53.790695000,3.439322000,50.351373000,107.245675980,100.388497191
avx2_add,1400,0x00,14,0.501581950,0.000183880,53.831405000,3.439078000,50.392327000,107.323250069,100.466787225
avx2_add,1400,0x00,15,0.501582107,0.000061337,53.687240000,3.408195000,50.279045000,107.035795943,100.240906421
avx2_add,1400,0x00,16,0.501565334,0.000139054,53.803940000,3.447989000,50.355951000,107.272046782,100.397590426
avx2_add,1400,0x00,17,0.501591733,0.000064641,53.712876000,3.427848000,50.285028000,107.084851071,100.250910684
avx2_add,1400,0x00,18,0.501582230,0.000169416,53.953414000,3.448233000,50.505181000,107.566438232,100.691726986
avx2_add,1400,0x00,19,0.501593902,0.000142287,53.775924000,3.437735000,50.338189000,107.210083314,100.356461314
avx2_add,1400,0x00,20,0.501550562,0.000068009,53.797714000,3.434745000,50.362969000,107.262792741,100.414540024
avx2_add,1400,0x00,21,0.501581698,0.000063389,53.744797000,3.434684000,50.310113000,107.150634181,100.302928183
avx2_add,1400,0x00,22,0.501708906,0.000456192,53.979477000,3.470939000,50.508538000,107.591227473,100.672994688
avx2_add,1400,0x00,23,0.501586744,0.000131059,53.676621000,3.410392000,50.266229000,107.013635580,100.214428777
avx2_add,1400,0x00,24,0.501584432,0.000098814,53.824142000,3.435477000,50.388665000,107.308238785,100.458989126
avx2_add,1400,0x00,25,0.501633617,0.000218619,53.932906000,3.447257000,50.485649000,107.514536926,100.642475554
avx2_add,1400,0x00,26,0.501537316,0.000058130,53.704757000,3.431510000,50.273247000,107.080281486,100.238298071
avx2_add,1400,0x00,27,0.501582751,0.000137045,53.796249000,3.443839000,50.352410000,107.252988557,100.387044710
avx2_add,1400,0x00,28,0.501555041,0.000064697,53.716049000,3.445365000,50.270684000,107.099011346,100.229645633
avx2_add,1400,0x00,29,0.501601287,0.000166539,53.940230000,3.456778000,50.483452000,107.536067862,100.644582349
avx2_add,1400,0x00,30,0.501579829,0.000188949,53.861251000,3.449210000,50.412041000,107.383207834,100.506515826
avx2_add,1400,0x00,31,0.501572870,0.000136227,53.907028000,3.444938000,50.462090000,107.475964536,100.607694330
avx2_add,1400,0x00,32,0.501681151,0.000430056,53.972029000,3.455252000,50.516777000,107.582333689,100.694987029
avx2_add,1400,0x00,33,0.501588989,0.000159759,53.837020000,3.452322000,50.384698000,107.332938283,100.450167577
avx2_add,1400,0x00,34,0.501571467,0.000105044,53.906356000,3.458915000,50.447441000,107.474925334,100.578769501
avx2_add,1400,0x00,35,0.501634827,0.000248110,53.853500000,3.461234000,50.392266000,107.355982989,100.456075305
avx2_add,1400,0x00,36,0.501565854,0.000100212,53.839584000,3.443412000,50.396172000,107.343001095,100.477677283
avx2_add,1400,0x00,37,0.501571842,0.000164321,53.823226000,3.445975000,50.377251000,107.309106126,100.438754338
avx2_add,1400,0x00,38,0.501560157,0.000067783,53.813278000,3.416129000,50.397149000,107.291772089,100.480766558
avx2_add,1400,0x00,39,0.501586174,0.000136614,53.772079000,3.420828000,50.351251000,107.204069393,100.384048871
avx2_add,1400,0x00,40,0.501559867,0.000068585,53.714646000,3.430899000,50.283747000,107.095183522,100.254725930
avx2_add,1400,0x00,41,0.501600680,0.000158718,53.883651000,3.445670000,50.437981000,107.423401067,100.554052322
avx2_add,1400,0x00,42,0.501688728,0.000472071,53.859360000,3.458243000,50.401117000,107.356129412,100.462924906
avx2_add,1400,0x00,43,0.501577387,0.000139470,53.811507000,3.451408000,50.360099000,107.284555504,100.403447842
avx2_add,1400,0x00,44,0.501589720,0.000103649,53.750107000,3.429008000,50.321099000,107.159506694,100.323226243
avx2_add,1400,0x00,45,0.501637526,0.000246165,53.862716000,3.447318000,50.415398000,107.373777365,100.501647942
avx2_add,1400,0x00,46,0.501595671,0.000200175,53.918014000,3.446219000,50.471795000,107.492981127,100.622469280
avx2_add,1400,0x00,47,0.501577484,0.000142115,53.813095000,3.424918000,50.388177000,107.287700684,100.459407733
avx2_add,1400,0x00,48,0.501560995,0.000066005,53.942367000,3.449393000,50.492974000,107.548967131,100.671652044
avx2_add,1400,0x00,49,0.501624012,0.000178079,53.791427000,3.449821000,50.341606000,107.234553505,100.357249160
avx2_add,1400,0x00,50,0.501576875,0.000063759,53.766402000,3.439322000,50.327080000,107.194738647,100.337719966
avx2_add,1400,0x00,51,0.501588116,0.000144700,53.771713000,3.454764000,50.316949000,107.202924633,100.315273411
avx2_add,1400,0x00,52,0.501695823,0.000428951,54.006759000,3.466666000,50.540093000,107.648412730,100.738516649
avx2_add,1400,0x00,53,0.501589708,0.000161598,53.906051000,3.452872000,50.453179000,107.470408870,100.586551516
avx2_add,1400,0x00,54,0.501570436,0.000110466,53.880111000,3.458060000,50.422051000,107.422820716,100.528355347
avx2_add,1400,0x00,55,0.501579827,0.000179029,53.756515000,3.454704000,50.301811000,107.174396060,100.286750632
avx2_add,1400,0x00,56,0.501561606,0.000064873,53.586411000,3.435660000,50.150751000,106.839140645,99.989214421
avx2_add,1400,0x00,57,0.501588013,0.000165477,53.868270000,3.452627000,50.415643000,107.395449253,100.512057086
avx2_add,1400,0x00,58,0.501566034,0.000067283,53.715256000,3.454398000,50.260858000,107.095082971,100.207858224
avx2_add,1400,0x00,59,0.501580958,0.000141106,53.874191000,3.467703000,50.406488000,107.408764524,100.495218575
avx2_add,1400,0x00,60,0.501556754,0.000063497,53.680100000,3.449454000,50.230646000,107.026970671,100.149475806
avx2_add,1400,0x00,61,0.501593993,0.000162243,53.831955000,3.459708000,50.372247000,107.321769762,100.424342659
avx2_add,1400,0x00,62,0.501692555,0.000433253,53.970138000,3.467460000,50.502678000,107.576119011,100.664595279
avx2_add,1400,0x00,63,0.501559482,0.000138481,53.804001000,3.463492000,50.340509000,107.273420042,100.367973881
avx2_add,1400,0x00,64,0.501578155,0.000108361,53.725693000,3.434989000,50.290704000,107.113303286,100.264940836
avx2_add,1400,0x00,65,0.501600268,0.000233372,53.753463000,3.466788000,50.286675000,107.163943993,100.252488352
avx2_add,1400,0x00,66,0.501526677,0.000061740,53.753525000,3.446219000,50.307306000,107.179792214,100.308335201
avx2_add,1400,0x00,67,0.501569986,0.000135261,53.735641000,3.467276000,50.268365000,107.134881533,100.222035671
avx2_add,1400,0x00,68,0.501540217,0.000060318,53.857956000,3.449027000,50.408929000,107.385119121,100.508248872
avx2_add,1400,0x00,69,0.501600684,0.000169606,53.856613000,3.455558000,50.401055000,107.369496828,100.480435243
avx2_add,1400,0x00,70,0.501539437,0.000052175,53.737717000,3.458793000,50.278924000,107.145546470,100.249193465
avx2_add,1400,0x00,71,0.501564356,0.000132245,53.861862000,3.460562000,50.401300000,107.387738693,100.488201359
avx2_add,1400,0x00,72,0.501664913,0.000452031,53.969894000,3.463614000,50.506280000,107.581560147,100.677322057
avx2_add,1400,0x00,73,0.501571589,0.000164114,53.840377000,3.466361000,50.374016000,107.343354744,100.432355245
avx2_add,1400,0x00,74,0.501576051,0.000098109,53.894394000,3.467094000,50.427300000,107.450094419,100.537695002
avx2_add,1400,0x00,75,0.501638991,0.000237716,53.865706000,3.457998000,50.407708000,107.379424134,100.486024577
avx2_add,1400,0x00,76,0.501551263,0.000061054,53.862350000,3.450980000,50.411370000,107.391514994,100.510902277
avx2_add,1400,0x00,77,0.501604756,0.000166703,53.832138000,3.453177000,50.378961000,107.319831621,100.435572738
avx2_add,1400,0x00,78,0.501547791,0.000054192,53.859664000,3.450980000,50.408684000,107.386903097,100.506242742
avx2_add,1400,0x00,79,0.501555316,0.000141965,53.726242000,3.450309000,50.275933000,107.119275362,100.240056081
avx2_add,1400,0x00,80,0.501555475,0.000060111,53.826035000,3.431998000,50.394037000,107.318208381,100.475499708
avx2_add,1400,0x00,81,0.501611563,0.000351765,53.987533000,3.467704000,50.519829000,107.628166865,100.715040741
avx2_add,1400,0x00,82,0.501697074,0.000434098,54.047102000,3.463858000,50.583244000,107.728557379,100.824275530
avx2_add,1400,0x00,83,0.501571979,0.000146827,53.817123000,3.453971000,50.363152000,107.296909032,100.410617244
avx2_add,1400,0x00,84,0.501623190,0.000176112,53.905562000,3.460501000,50.445061000,107.462260766,100.563654257
avx2_add,1400,0x00,85,0.501561527,0.000164053,53.790390000,3.451529000,50.338861000,107.245845502,100.364279002
avx2_add,1400,0x00,86,0.501532706,0.000058697,53.647201000,3.455253000,50.191948000,106.966505666,100.077118472
avx2_add,1400,0x00,87,0.501560558,0.000138838,53.973068000,3.457205000,50.515863000,107.610271889,100.717375417
avx2_add,1400,0x00,88,0.501568696,0.000079314,53.690903000,3.447318000,50.243585000,107.045960874,100.172888396
avx2_add,1400,0x00,89,0.501563368,0.000165530,53.741989000,3.450980000,50.291009000,107.148951531,100.268504870
avx2_add,1400,0x00,90,0.501553143,0.000059040,53.852340000,3.450369000,50.401971000,107.371154455,100.491785744
avx2_add,1400,0x00,91,0.501561416,0.000141721,53.810409000,3.458060000,50.352349000,107.285782426,100.391193077
avx2_add,1400,0x00,92,0.501685673,0.000496031,53.949020000,3.460379000,50.488641000,107.535500666,100.637996536
avx2_add,1400,0x00,93,0.501557952,0.000161109,53.858504000,3.443717000,50.414787000,107.382414643,100.516374569
avx2_add,1400,0x00,94,0.501570893,0.000099416,53.942550000,3.437674000,50.504876000,107.547209705,100.693394923
avx2_add,1400,0x00,95,0.501551691,0.000137886,53.790389000,3.437735000,50.352654000,107.247946668,100.393747864
avx2_add,1400,0x00,96,0.501554455,0.000057674,53.808762000,3.440787000,50.367975000,107.283987753,100.423741640
avx2_add,1400,0x00,97,0.501570736,0.000160830,53.856551000,3.444266000,50.412285000,107.375784019,100.508824378
avx2_add,1400,0x00,98,0.501554452,0.000062390,53.892196000,3.455496000,50.436700000,107.450339165,100.560766189
avx2_add,1400,0x00,99,0.501570717,0.000138355,53.970870000,3.452689000,50.518181000,107.603710100,100.719956953
avx2_add,1400,0xAA,0,0.501557198,0.000168743,53.737899000,3.450004000,50.287895000,107.142115033,100.263529671
avx2_add,1400,0xAA,1,0.501537843,0.000048939,53.831466000,3.454948000,50.376518000,107.332809948,100.444101455
avx2_add,1400,0xAA,2,0.501551629,0.000132536,53.803329000,3.446646000,50.356683000,107.273759770,100.401793260
avx2_add,1400,0xAA,3,0.501858089,0.000592945,53.971908000,3.465750000,50.506158000,107.544162679,100.638326002
avx2_add,1400,0xAA,4,0.501569572,0.000169173,53.837874000,3.426566000,50.411308000,107.338796017,100.507109667
avx2_add,1400,0xAA,5,0.501574733,0.000121525,53.914840000,3.455985000,50.458855000,107.491140370,100.600871035
avx2_add,1400,0xAA,6,0.501548265,0.000139348,53.831466000,3.453421000,50.378045000,107.330579656,100.445058876
avx2_add,1400,0xAA,7,0.501555328,0.000055978,53.793319000,3.447013000,50.346306000,107.253010824,100.380363264
avx2_add,1400,0xAA,8,0.501572442,0.000162459,54.026534000,3.458853000,50.567681000,107.714319023,100.818300198
avx2_add,1400,0xAA,9,0.501544846,0.000057006,53.766464000,3.453116000,50.313348000,107.201707764,100.316748167
avx2_add,1400,0xAA,10,0.501565011,0.000140058,53.792343000,3.458853000,50.333490000,107.248994258,100.352873270
avx2_add,1400,0xAA,11,0.501562815,0.000061719,53.736923000,3.438284000,50.298639000,107.138969254,100.283827888
avx2_add,1400,0xAA,12,0.501576733,0.000160415,53.881759000,3.422416000,50.459343000,107.424757717,100.601442806
avx2_add,1400,0xAA,13,0.501685351,0.000469919,54.036849000,3.466422000,50.570427000,107.710637493,100.801083543
avx2_add,1400,0xAA,14,0.501546622,0.000135141,53.872421000,3.449393000,50.423028000,107.412588586,100.535076413
avx2_add,1400,0xAA,15,0.501628196,0.000187548,54.076277000,3.448721000,50.627556000,107.801509941,100.926455817
avx2_add,1400,0xAA,16,0.501574872,0.000161620,53.955184000,3.438773000,50.516411000,107.571545186,100.715593677
avx2_add,1400,0xAA,17,0.501537795,0.000060816,53.870407000,3.447867000,50.422540000,107.410463407,100.535872832
avx2_add,1400,0xAA,18,0.501549296,0.000126811,53.996138000,3.455497000,50.540641000,107.658685681,100.769039881
avx2_add,1400,0xAA,19,0.501572349,0.000095822,53.962325000,3.453543000,50.508782000,107.586323565,100.700890170
avx2_add,1400,0xAA,20,0.501565648,0.000192030,53.933761000,3.437796000,50.495965000,107.530811239,100.676681546
avx2_add,1400,0xAA,21,0.501541360,0.000058695,53.857162000,3.443961000,50.413201000,107.383291326,100.516537609
avx2_add,1400,0xAA,22,0.501553172,0.000128474,53.993025000,3.448782000,50.544243000,107.651647006,100.775442858
avx2_add,1400,0xAA,23,0.501691564,0.000448119,54.121749000,3.465384000,50.656365000,107.878531136,100.971131751
avx2_add,1400,0xAA,24,0.501820517,0.001530516,54.590498000,3.503592000,51.086906000,108.784906395,101.803143236
avx2_add,1400,0xAA,25,0.501594302,0.000110224,54.048446000,3.457450000,50.590996000,107.753309466,100.860388256
avx2_add,1400,0xAA,26,0.501551653,0.000151304,54.062300000,3.451102000,50.611198000,107.790094438,100.909243817
avx2_add,1400,0xAA,27,0.501551141,0.000058157,53.933334000,3.450919000,50.482415000,107.533070039,100.652577271
avx2_add,1400,0xAA,28,0.501541328,0.000158649,53.969832000,3.436758000,50.533074000,107.607945743,100.755553311
avx2_add,1400,0xAA,29,0.501533035,0.000054277,53.684677000,3.453727000,50.230950000,107.041158361,100.154818359
avx2_add,1400,0xAA,30,0.501559925,0.000126028,53.859115000,3.452323000,50.406792000,107.383210399,100.500038868
avx2_add,1400,0xAA,31,0.501553827,0.000053312,53.767868000,3.461112000,50.306756000,107.202587443,100.301808676
avx2_add,1400,0xAA,32,0.501665389,0.000454340,54.003463000,3.466177000,50.537286000,107.648373144,100.739032625
avx2_add,1400,0xAA,33,0.501551513,0.000051196,53.816025000,3.447135000,50.368890000,107.299098208,100.426155123
avx2_add,1400,0xAA,34,0.501540022,0.000127513,53.861312000,3.443168000,50.418144000,107.391852308,100.526661402
avx2_add,1400,0xAA,35,0.501609955,0.000174606,53.968307000,3.459403000,50.508904000,107.590183331,100.693583759
avx2_add,1400,0xAA,36,0.501536631,0.000155514,53.853134000,3.441276000,50.411858000,107.376272551,100.514807633
avx2_add,1400,0xAA,37,0.501605646,0.000068816,53.758895000,3.444510000,50.314385000,107.173624213,100.306656052
avx2_add,1400,0xAA,38,0.501548714,0.000128607,53.933822000,3.456290000,50.477532000,107.534563440,100.643328543
avx2_add,1400,0xAA,39,0.501575902,0.000085047,53.686142000,3.459403000,50.226739000,107.034930922,100.137863125
avx2_add,1400,0xAA,40,0.501542778,0.000155781,53.857650000,3.450248000,50.407402000,107.383960776,100.504691147
avx2_add,1400,0xAA,41,0.501541290,0.000053253,53.792953000,3.458182000,50.334771000,107.255282987,100.360173714
avx2_add,1400,0xAA,42,0.501658492,0.000440134,54.042769000,3.459708000,50.583061000,107.728205251,100.831664966
avx2_add,1400,0xAA,43,0.501561087,0.000057078,53.770737000,3.455130000,50.315607000,107.206755892,100.318003773
avx2_add,1400,0xAA,44,0.501566749,0.000175853,53.925216000,3.459159000,50.466057000,107.513538580,100.616831396
avx2_add,1400,0xAA,45,0.501560615,0.000054546,53.751755000,3.435782000,50.315973000,107.169010899,100.318827893
avx2_add,1400,0xAA,46,0.501547416,0.000127469,53.807357000,3.453238000,50.354119000,107.282692000,100.397524443
avx2_add,1400,0xAA,47,0.501565555,0.000061765,53.864365000,3.447440000,50.416925000,107.392472249,100.519113498
avx2_add,1400,0xAA,48,0.501551304,0.000150371,53.885848000,3.457206000,50.428642000,107.438356917,100.545331272
avx2_add,1400,0xAA,49,0.501549650,0.000055859,53.897262000,3.441275000,50.455987000,107.461468693,100.600183872
avx2_add,1400,0xAA,50,0.501560957,0.000123167,53.970260000,3.466116000,50.504144000,107.604587800,100.693930274
avx2_add,1400,0xAA,51,0.501595236,0.000162267,53.918808000,3.467826000,50.450982000,107.494657329,100.581062956
avx2_add,1400,0xAA,52,0.501659839,0.000429956,54.005538000,3.469290000,50.536248000,107.653700387,100.738078026
avx2_add,1400,0xAA,53,0.501564793,0.000130507,53.764938000,3.428763000,50.336175000,107.194401939,100.358270198
avx2_add,1400,0xAA,54,0.501585997,0.000102677,53.726120000,3.434012000,50.292108000,107.112479887,100.266172332
avx2_add,1400,0xAA,55,0.501615601,0.000219465,53.803085000,3.441459000,50.361626000,107.259592620,100.398843086
avx2_add,1400,0xAA,56,0.501519943,0.000058209,53.744675000,3.442129000,50.302546000,107.163584873,100.300190811
avx2_add,1400,0xAA,57,0.501549365,0.000129924,53.827255000,3.455801000,50.371454000,107.321948259,100.431697287
avx2_add,1400,0xAA,58,0.501504057,0.000049513,53.820053000,3.441642000,50.378411000,107.317283446,100.454643046
avx2_add,1400,0xAA,59,0.501639575,0.000430095,53.971481000,3.450248000,50.521233000,107.590157704,100.712215510
avx2_add,1400,0xAA,60,0.501538115,0.000056100,53.663193000,3.439749000,50.223444000,106.997237803,100.138837824
avx2_add,1400,0xAA,61,0.501564643,0.000136630,53.923812000,3.436637000,50.487175000,107.511190659,100.659358008
avx2_add,1400,0xAA,62,0.501658171,0.000434255,53.828598000,3.463981000,50.364617000,107.301347964,100.396285517
avx2_add,1400,0xAA,63,0.501566394,0.000151641,54.028610000,3.455436000,50.573174000,107.719756800,100.830467485
avx2_add,1400,0xAA,64,0.501542099,0.000101916,53.796371000,3.446463000,50.349908000,107.261925077,100.390192854
avx2_add,1400,0xAA,65,0.501558482,0.000205254,53.797469000,3.445914000,50.351555000,107.260610577,100.390197405
avx2_add,1400,0xAA,66,0.501519239,0.000055080,53.788131000,3.437675000,50.350456000,107.250384098,100.395861412
avx2_add,1400,0xAA,67,0.501568861,0.000153640,53.820785000,3.436576000,50.384209000,107.304877042,100.453223631
avx2_add,1400,0xAA,68,0.501536908,0.000056323,53.867721000,3.448356000,50.419365000,107.405297862,100.529720123
avx2_add,1400,0xAA,69,0.501562280,0.000127814,53.745651000,3.439933000,50.305718000,107.156485072,100.298048672
avx2_add,1400,0xAA,70,0.501531355,0.000051066,53.786117000,3.447807000,50.338310000,107.243777479,100.369218256
avx2_add,1400,0xAA,71,0.501561882,0.000152575,53.880660000,3.450553000,50.430107000,107.425747280,100.546131578
avx2_add,1400,0xAA,72,0.501661765,0.000444396,53.949936000,3.471610000,50.478326000,107.542451413,100.622230975
avx2_add,1400,0xAA,73,0.501548409,0.000147321,53.868027000,3.451041000,50.416986000,107.403444979,100.522671488
avx2_add,1400,0xAA,74,0.501550530,0.000099904,53.722640000,3.439323000,50.283317000,107.113115755,100.255734908
avx2_add,1400,0xAA,75,0.501684782,0.000697457,54.091048000,3.465750000,50.625298000,107.818793667,100.910571364
avx2_add,1400,0xAA,76,0.501526074,0.000054095,53.642440000,3.436331000,50.206109000,106.958426959,100.106677519
avx2_add,1400,0xAA,77,0.501567366,0.000127340,53.730453000,3.420219000,50.310234000,107.125097552,100.306035482
avx2_add,1400,0xAA,78,0.501518982,0.000056249,53.791245000,3.447867000,50.343378000,107.256648195,100.381799735
avx2_add,1400,0xAA,79,0.501591980,0.000164663,53.790085000,3.447928000,50.342157000,107.238726224,100.364756665
avx2_add,1400,0xAA,80,0.501542496,0.000051996,53.845992000,3.449942000,50.396050000,107.360776900,100.482113520
avx2_add,1400,0xAA,81,0.501563985,0.000125038,53.885665000,3.453422000,50.432243000,107.435275780,100.549968807
avx2_add,1400,0xAA,82,0.501673144,0.000461321,54.100875000,3.473074000,50.627801000,107.840883438,100.917901723
avx2_add,1400,0xAA,83,0.501582447,0.000161097,53.816329000,3.442618000,50.373711000,107.293086685,100.429572982
avx2_add,1400,0xAA,84,0.501576863,0.000087164,53.799850000,3.452445000,50.347405000,107.261426903,100.378244570
avx2_add,1400,0xAA,85,0.501567790,0.000130118,53.834823000,3.427726000,50.407097000,107.333094404,100.499071037
avx2_add,1400,0xAA,86,0.501533618,0.000058576,53.715439000,3.431693000,50.283746000,107.102369657,100.259970915
avx2_add,1400,0xAA,87,0.501575554,0.000156641,53.838730000,3.434134000,50.404596000,107.339222418,100.492529094
avx2_add,1400,0xAA,88,0.501532651,0.000058486,53.821152000,3.445548000,50.375604000,107.313356201,100.443318937
avx2_add,1400,0xAA,89,0.501591984,0.000272441,54.037581000,3.454642000,50.582939000,107.732146347,100.844791461
avx2_add,1400,0xAA,90,0.501539983,0.000056907,53.882858000,3.444144000,50.438714000,107.434820429,100.567682977
avx2_add,1400,0xAA,91,0.501574179,0.000152666,53.938094000,3.452628000,50.485466000,107.537620994,100.654036986
avx2_add,1400,0xAA,92,0.501674714,0.000471518,54.001998000,3.461234000,50.540764000,107.643451985,100.744092893
avx2_add,1400,0xAA,93,0.501577955,0.000136203,53.942733000,3.439261000,50.503472000,107.546060213,100.689177923
avx2_add,1400,0xAA,94,0.501558665,0.000106706,53.886153000,3.428153000,50.458000000,107.437388168,100.602389118
avx2_add,1400,0xAA,95,0.501605620,0.000220905,53.951583000,3.433524000,50.518059000,107.557772226,100.712705375
avx2_add,1400,0xAA,96,0.501549154,0.000063351,53.762985000,3.434561000,50.328424000,107.193850481,100.345945398
avx2_add,1400,0xAA,97,0.501601433,0.000209577,53.860580000,3.439078000,50.421502000,107.377245050,100.521048530
avx2_add,1400,0xAA,98,0.501547567,0.000066904,53.804733000,3.443412000,50.361321000,107.277427901,100.411853778
avx2_add,1400,0xAA,99,0.501595909,0.000170867,53.781540000,3.434378000,50.347162000,107.220850552,100.373948617
avx2_add,1600,0x00,0,0.438832521,0.000056191,48.046569000,3.003593000,45.042976000,109.487257074,102.642748386
avx2_add,1600,0x00,1,0.438964942,0.000654806,48.781003000,3.034355000,45.746648000,111.127332450,104.214810031
avx2_add,1600,0x00,2,0.438833195,0.000054507,48.338255000,2.991386000,45.346869000,110.151774157,103.335092936
avx2_add,1600,0x00,3,0.438913589,0.000103533,48.198974000,3.024651000,45.174323000,109.814266773,102.923044736
avx2_add,1600,0x00,4,0.438959787,0.000418558,48.732724000,3.019890000,45.712834000,111.018652295,104.139001613
avx2_add,1600,0x00,5,0.438912016,0.000316120,48.440611000,3.025749000,45.414862000,110.365196629,103.471448255
avx2_add,1600,0x00,6,0.438851486,0.000172733,48.541197000,3.029716000,45.511481000,110.609622089,103.705883358
avx2_add,1600,0x00,7,0.438816347,0.000047516,48.210631000,3.010124000,45.200507000,109.865166432,103.005522254
avx2_add,1600,0x00,8,0.438832068,0.000119426,48.421568000,3.020073000,45.401495000,110.341908759,103.459838781
avx2_add,1600,0x00,9,0.438814245,0.000052448,48.277403000,3.011406000,45.265997000,110.017857355,103.155258807
avx2_add,1600,0x00,10,0.438957661,0.000654448,48.604612000,3.041252000,45.563360000,110.727335171,103.798985871
avx2_add,1600,0x00,11,0.438820125,0.000054847,48.058593000,3.011283000,45.047310000,109.517750564,102.655524271
avx2_add,1600,0x00,12,0.438824958,0.000059311,48.361571000,3.024041000,45.337530000,110.206974591,103.315750779
avx2_add,1600,0x00,13,0.438826600,0.000132344,48.079650000,3.020989000,45.058661000,109.564119306,102.679876196
avx2_add,1600,0x00,14,0.438825768,0.000050042,48.201598000,3.015862000,45.185736000,109.842223348,102.969650630
avx2_add,1600,0x00,15,0.438965985,0.000404498,48.446226000,3.027031000,45.419195000,110.364419265,103.468597940
avx2_add,1600,0x00,16,0.438807333,0.000050553,48.195189000,3.017326000,45.177863000,109.832232515,102.956034752
avx2_add,1600,0x00,17,0.438865673,0.000136424,48.439268000,3.019889000,45.419379000,110.373790718,103.492666988
avx2_add,1600,0x00,18,0.438821721,0.000054122,48.471067000,3.012199000,45.458868000,110.457310329,103.593021583
avx2_add,1600,0x00,19,0.438953570,0.000725620,48.498044000,3.036430000,45.461614000,110.485589590,103.568160945
avx2_add,1600,0x00,20,0.438822419,0.000053339,48.251341000,3.008354000,45.242987000,109.956417343,103.100901598
avx2_add,1600,0x00,21,0.438833666,0.000048884,48.324644000,3.024772000,45.299872000,110.120639597,103.227886754
avx2_add,1600,0x00,22,0.438830998,0.000129334,48.397948000,3.022271000,45.375677000,110.288352930,103.401257414
avx2_add,1600,0x00,23,0.438837441,0.000054526,48.550840000,3.010917000,45.539923000,110.635136165,103.774014663
avx2_add,1600,0x00,24,0.438833446,0.000153261,48.267210000,3.010124000,45.257086000,109.989816036,103.130439142
avx2_add,1600,0x00,25,0.438828215,0.000060289,48.293273000,3.012321000,45.280952000,110.050519517,103.186054335
avx2_add,1600,0x00,26,0.438970318,0.000409008,48.567747000,3.025688000,45.542059000,110.640161663,103.747467845
avx2_add,1600,0x00,27,0.438829429,0.000057513,48.483031000,3.008781000,45.474250000,110.482633660,103.626254384
avx2_add,1600,0x00,28,0.438986859,0.000740006,48.463988000,3.043693000,45.420295000,110.399632831,103.466183820
avx2_add,1600,0x00,29,0.438850582,0.000104914,48.414244000,3.007744000,45.406500000,110.320564723,103.466878923
avx2_add,1600,0x00,30,0.438831679,0.000056376,48.305784000,3.008232000,45.297552000,110.078160443,103.223067381
avx2_add,1600,0x00,31,0.438832117,0.000127935,48.489866000,3.016106000,45.473760000,110.497532186,103.624502885
avx2_add,1600,0x00,32,0.438841851,0.000086572,48.240721000,3.012200000,45.228521000,109.927348382,103.063372223
avx2_add,1600,0x00,33,0.438837914,0.000157105,48.292051000,3.018303000,45.273748000,110.045302459,103.167357545
avx2_add,1600,0x00,34,0.438834198,0.000056275,48.111999000,3.015557000,45.096442000,109.635938289,102.764192611
avx2_add,1600,0x00,35,0.438847386,0.000131114,48.284239000,3.021050000,45.263189000,110.025126066,103.141070027
avx2_add,1600,0x00,36,0.438815784,0.000054952,48.033873000,3.017937000,45.015936000,109.462500672,102.585042947
avx2_add,1600,0x00,37,0.438823218,0.000055658,48.280699000,3.018547000,45.262152000,110.023118677,103.144387389
avx2_add,1600,0x00,38,0.439078064,0.000810098,49.009579000,3.045036000,45.964543000,111.619283836,104.684216355
avx2_add,1600,0x00,39,0.438826937,0.000058004,48.399413000,3.013848000,45.385565000,110.292712081,103.424747179
avx2_add,1600,0x00,40,0.438880222,0.000148373,48.297118000,3.025077000,45.272041000,110.046239477,103.153522856
avx2_add,1600,0x00,41,0.438824030,0.000057334,48.183654000,3.008110000,45.175544000,109.801767255,102.946832714
avx2_add,1600,0x00,42,0.438834151,0.000158738,48.530637000,3.021537000,45.509100000,110.589927592,103.704554173
avx2_add,1600,0x00,43,0.438816236,0.000048714,48.280150000,3.014336000,45.265814000,110.023618115,103.154373655
avx2_add,1600,0x00,44,0.438829646,0.000129068,48.218138000,3.009209000,45.208929000,109.878943776,103.021592575
avx2_add,1600,0x00,45,0.438822536,0.000054756,48.182311000,3.020256000,45.162055000,109.799080601,102.916444109
avx2_add,1600,0x00,46,0.438832445,0.000058601,48.468626000,3.003472000,45.465154000,110.449048533,103.604814395
avx2_add,1600,0x00,47,0.438952741,0.000744706,48.692564000,3.039910000,45.652654000,110.928944051,104.003574372
avx2_add,1600,0x00,48,0.438817936,0.000055617,48.269163000,2.987786000,45.281377000,109.998154348,103.189439940
avx2_add,1600,0x00,49,0.438946410,0.000399446,48.237609000,3.019219000,45.218390000,109.894073303,103.015741624
avx2_add,1600,0x00,50,0.438859308,0.000152593,48.380370000,2.997001000,45.383369000,110.241184595,103.412114447
avx2_add,1600,0x00,51,0.438860297,0.000175607,48.521055000,3.006157000,45.514898000,110.561505144,103.711587255
avx2_add,1600,0x00,52,0.438811899,0.000054347,48.415037000,3.002494000,45.412543000,110.332096889,103.489771045
avx2_add,1600,0x00,53,0.438829792,0.000133020,48.101257000,2.986503000,45.114754000,109.612560091,102.806953336
avx2_add,1600,0x00,54,0.438786977,0.000045637,48.044311000,2.998467000,45.045844000,109.493475298,102.659938391
avx2_add,1600,0x00,55,0.438823883,0.000077353,48.620542000,2.998344000,45.622198000,110.797392484,103.964710590
avx2_add,1600,0x00,56,0.438928352,0.000747327,48.591733000,3.021415000,45.570318000,110.705386851,103.821769088
avx2_add,1600,0x00,57,0.438868781,0.000178845,48.624387000,3.009086000,45.615301000,110.794818528,103.938359087
avx2_add,1600,0x00,58,0.438866603,0.000145650,48.371825000,3.021904000,45.349921000,110.219881445,103.334180924
avx2_add,1600,0x00,59,0.438850186,0.000060931,48.526731000,3.006279000,45.520452000,110.576986180,103.726632477
avx2_add,1600,0x00,60,0.438948768,0.000428013,48.691892000,3.019829000,45.672063000,110.928417067,104.048732647
avx2_add,1600,0x00,61,0.438831042,0.000045660,48.562314000,3.022819000,45.539495000,110.662896032,103.774552434
avx2_add,1600,0x00,62,0.438845655,0.000144188,48.642576000,3.027825000,45.614751000,110.842104693,103.942583261
avx2_add,1600,0x00,63,0.438854768,0.000115195,48.591612000,3.017510000,45.574102000,110.723673476,103.847799674
avx2_add,1600,0x00,64,0.438822529,0.000055913,48.543883000,3.010430000,45.533453000,110.623041971,103.762797103
avx2_add,1600,0x00,65,0.438954948,0.000718570,48.234069000,3.036430000,45.197639000,109.883871298,102.966464365
avx2_add,1600,0x00,66,0.438825448,0.000055893,47.842468000,3.017143000,44.825325000,109.023914113,102.148417236
avx2_add,1600,0x00,67,0.438834528,0.000140323,48.568662000,3.003044000,45.565618000,110.676482612,103.833256273
avx2_add,1600,0x00,68,0.438823652,0.000056325,48.097228000,3.007865000,45.089363000,109.604912589,102.750530453
avx2_add,1600,0x00,69,0.438854089,0.000159676,48.358397000,3.029167000,45.329230000,110.192426721,103.289979920
avx2_add,1600,0x00,70,0.438825574,0.000052355,48.314086000,3.009575000,45.304511000,110.098610660,103.240361781
avx2_add,1600,0x00,71,0.438834608,0.000053096,48.173461000,3.012566000,45.160895000,109.775892947,102.910969484
avx2_add,1600,0x00,72,0.438960950,0.000396895,48.480039000,3.014030000,45.466009000,110.442714689,103.576431942
avx2_add,1600,0x00,73,0.438829740,0.000145974,48.239073000,3.005790000,45.233283000,109.926626704,103.077068147
avx2_add,1600,0x00,74,0.438964734,0.000705970,48.720945000,3.033012000,45.687933000,110.990567584,104.081101371
avx2_add,1600,0x00,75,0.438796656,0.000047641,48.297667000,3.006767000,45.290900000,110.068448116,103.216146585
avx2_add,1600,0x00,76,0.438809822,0.000125376,48.349058000,3.010918000,45.338140000,110.182260196,103.320704579
avx2_add,1600,0x00,77,0.438810478,0.000049046,48.401061000,3.007560000,45.393501000,110.300604491,103.446711638
avx2_add,1600,0x00,78,0.438868555,0.000161575,48.347288000,3.021659000,45.325629000,110.163481557,103.278369914
avx2_add,1600,0x00,79,0.438826720,0.000055275,48.392210000,3.002616000,45.389594000,110.276352406,103.433979632
avx2_add,1600,0x00,80,0.438839564,0.000054435,48.317808000,3.012932000,45.304876000,110.103582066,103.237902114
avx2_add,1600,0x00,81,0.438844419,0.000132292,48.261779000,3.017876000,45.243903000,109.974690133,103.097820178
avx2_add,1600,0x00,82,0.438830383,0.000055762,48.100829000,3.011528000,45.089301000,109.611437202,102.748813021
avx2_add,1600,0x00,83,0.439070351,0.000793875,48.981564000,3.042229000,45.939335000,111.557439186,104.628642942
avx2_add,1600,0x00,84,0.438822079,0.000050115,48.338255000,3.004142000,45.334113000,110.154564389,103.308641768
avx2_add,1600,0x00,85,0.438859203,0.000152340,48.311644000,3.011589000,45.300055000,110.084609600,103.222297083
avx2_add,1600,0x00,86,0.438821149,0.000052558,48.417356000,3.010308000,45.407048000,110.335055960,103.475067537
avx2_add,1600,0x00,87,0.438841091,0.000153419,48.372801000,3.027275000,45.345526000,110.228513218,103.330173336
avx2_add,1600,0x00,88,0.438819021,0.000052768,48.480284000,3.008721000,45.471563000,110.478994126,103.622588960
avx2_add,1600,0x00,89,0.438818821,0.000054195,48.228148000,3.023857000,45.204291000,109.904465552,103.013564672
avx2_add,1600,0x00,90,0.438838631,0.000140077,48.286192000,3.015862000,45.270330000,110.031771592,103.159400320
avx2_add,1600,0x00,91,0.438822340,0.000053531,48.112303000,3.015496000,45.096807000,109.639593652,102.767801294
avx2_add,1600,0x00,92,0.438942370,0.000718427,48.514525000,3.049065000,45.465460000,110.525955725,103.579565481
avx2_add,1600,0x00,93,0.438806553,0.000049961,48.383360000,3.023979000,45.359381000,110.261252237,103.369880673
avx2_add,1600,0x00,94,0.438935241,0.000492289,48.479734000,3.039665000,45.440069000,110.448488570,103.523400966
avx2_add,1600,0x00,95,0.438819724,0.000043258,48.214049000,3.004265000,45.209784000,109.872110033,103.025870369
avx2_add,1600,0x00,96,0.438858509,0.000147810,48.440001000,3.021049000,45.418952000,110.377262900,103.493383609
avx2_add,1600,0x00,97,0.438868447,0.000173225,48.578245000,3.007439000,45.570806000,110.689764380,103.837052548
avx2_add,1600,0x00,98,0.438824640,0.000050735,48.144286000,3.004814000,45.139472000,109.711902347,102.864488302
avx2_add,1600,0x00,99,0.438836491,0.000128297,48.085326000,3.021477000,45.063849000,109.574584125,102.689384142
avx2_add,1600,0xAA,0,0.438820552,0.000045925,48.215575000,3.016228000,45.199347000,109.875380123,103.001891670
avx2_add,1600,0xAA,1,0.438960991,0.000724342,48.545469000,3.042839000,45.502630000,110.591761079,103.659848984
avx2_add,1600,0xAA,2,0.438829023,0.000045131,47.694641000,3.007500000,44.687141000,108.686158977,101.832692502
avx2_add,1600,0xAA,3,0.438845854,0.000122819,48.380736000,3.018913000,45.361823000,110.245398466,103.366187976
avx2_add,1600,0xAA,4,0.438885441,0.000245336,48.157470000,3.010063000,45.147407000,109.726743003,102.868317732
avx2_add,1600,0xAA,5,0.438857081,0.000149418,48.637571000,3.016777000,45.620794000,110.827814115,103.953646805
avx2_add,1600,0xAA,6,0.438808710,0.000046011,48.484129000,3.013176000,45.470953000,110.490352472,103.623633709
avx2_add,1600,0xAA,7,0.438915222,0.000384281,48.308958000,3.035453000,45.273505000,110.064439608,103.148632536
avx2_add,1600,0xAA,8,0.438846983,0.000074649,48.530455000,3.020561000,45.509894000,110.586279299,103.703331212
avx2_add,1600,0xAA,9,0.438853351,0.000141621,48.393675000,3.030571000,45.363104000,110.272998565,103.367340924
avx2_add,1600,0xAA,10,0.438997329,0.000812454,48.648190000,3.043083000,45.605107000,110.816596890,103.884702772
avx2_add,1600,0xAA,11,0.438832759,0.000056956,48.347227000,3.017815000,45.329412000,110.172328735,103.295415065
avx2_add,1600,0xAA,12,0.438839334,0.000134081,48.163023000,3.007194000,45.155829000,109.750925488,102.898317324
avx2_add,1600,0xAA,13,0.438824324,0.000070482,48.611326000,2.989251000,45.622075000,110.776279494,103.964325748
avx2_add,1600,0xAA,14,0.438850422,0.000155507,48.553709000,3.018913000,45.534796000,110.638401180,103.759262295
avx2_add,1600,0xAA,15,0.438821782,0.000058933,48.270934000,3.013664000,45.257270000,110.001226009,103.133599732
avx2_add,1600,0xAA,16,0.438846500,0.000147621,48.283445000,3.015984000,45.267461000,110.023539045,103.151012998
avx2_add,1600,0xAA,17,0.438819149,0.000062660,48.336485000,3.014579000,45.321906000,110.151266538,103.281513908
avx2_add,1600,0xAA,18,0.438830929,0.000066271,48.224608000,3.015252000,45.209356000,109.893366182,103.022264354
avx2_add,1600,0xAA,19,0.439092322,0.000889687,48.705503000,3.040276000,45.665227000,110.923148886,103.999147148
avx2_add,1600,0xAA,20,0.438829670,0.000063424,47.973266000,3.014946000,44.958320000,109.320926343,102.450502103
avx2_add,1600,0xAA,21,0.438865499,0.000158462,48.333556000,3.018791000,45.314765000,110.132959000,103.254334439
avx2_add,1600,0xAA,22,0.438824821,0.000064010,48.216185000,2.990593000,45.225592000,109.875701402,103.060697198
avx2_add,1600,0xAA,23,0.438844747,0.000160169,48.027160000,3.023064000,45.004096000,109.439979148,102.551292390
avx2_add,1600,0xAA,24,0.438818713,0.000059582,48.798276000,3.023857000,45.774419000,111.203726227,104.312823647
avx2_add,1600,0xAA,25,0.438839726,0.000134699,48.158629000,3.018730000,45.139899000,109.740814666,102.861925123
avx2_add,1600,0xAA,26,0.438819462,0.000040698,48.357726000,3.010369000,45.347357000,110.199592644,103.339438850
avx2_add,1600,0xAA,27,0.438818953,0.000050883,48.477170000,3.015862000,45.461308000,110.471914808,103.599235361
avx2_add,1600,0xAA,28,0.438959473,0.000796988,48.602048000,3.054314000,45.547734000,110.721036946,103.762959516
avx2_add,1600,0xAA,29,0.438826576,0.000050353,48.352049000,3.013237000,45.338812000,110.184869397,103.318291203
avx2_add,1600,0xAA,30,0.438967344,0.000521404,48.605467000,3.033988000,45.571479000,110.726840228,103.815191698
avx2_add,1600,0xAA,31,0.438813758,0.000062462,48.173217000,3.005974000,45.167243000,109.780553077,102.930325735
avx2_add,1600,0xAA,32,0.438885069,0.000241507,48.831601000,3.002922000,45.828679000,111.262844050,104.420683741
avx2_add,1600,0xAA,33,0.438823838,0.000050242,48.441160000,3.019584000,45.421576000,110.388624822,103.507540114
avx2_add,1600,0xAA,34,0.438821732,0.000058755,48.464598000,3.023979000,45.440619000,110.442565658,103.551432480
avx2_add,1600,0xAA,35,0.438830858,0.000133790,48.320555000,2.999138000,45.321417000,110.112026396,103.277643749
avx2_add,1600,0xAA,36,0.438842871,0.000087042,48.138000000,2.997124000,45.140876000,109.693020407,102.863414189
avx2_add,1600,0xAA,37,0.438943630,0.000822284,48.772336000,3.037895000,45.734441000,111.112982695,104.192059847
avx2_add,1600,0xAA,38,0.438822536,0.000056578,48.236510000,3.008476000,45.228034000,109.922590720,103.066798789
avx2_add,1600,0xAA,39,0.438849608,0.000141413,48.273497000,3.010429000,45.263068000,110.000091430,103.140272154
avx2_add,1600,0xAA,40,0.438824197,0.000063700,48.355284000,3.012993000,45.342291000,110.192838904,103.326779504
avx2_add,1600,0xAA,41,0.438907643,0.000443498,48.474302000,3.023491000,45.450811000,110.443057388,103.554384911
avx2_add,1600,0xAA,42,0.438878629,0.000109627,48.687192000,3.012993000,45.674199000,110.935435982,104.070228146
avx2_add,1600,0xAA,43,0.438842565,0.000055952,48.095519000,3.013237000,45.082282000,109.596294579,102.729966556
avx2_add,1600,0xAA,44,0.438881748,0.000138758,47.972961000,3.000969000,44.971992000,109.307259212,102.469497074
avx2_add,1600,0xAA,45,0.438834465,0.000055207,48.494627000,3.002189000,45.492438000,110.507790320,103.666511336
avx2_add,1600,0xAA,46,0.438977352,0.000817382,48.577818000,3.029350000,45.548468000,110.661330757,103.760405271
avx2_add,1600,0xAA,47,0.438834053,0.000052166,48.356687000,2.999382000,45.357305000,110.193561081,103.358672172
avx2_add,1600,0xAA,48,0.438856806,0.000135615,48.380187000,3.012443000,45.367744000,110.241396115,103.377100158
avx2_add,1600,0xAA,49,0.438829376,0.000056888,48.029784000,3.003898000,45.025886000,109.449792149,102.604539384
avx2_add,1600,0xAA,50,0.438859750,0.000156524,48.129638000,2.980156000,45.149482000,109.669747496,102.879067790
avx2_add,1600,0xAA,51,0.438819943,0.000052250,48.563169000,3.011650000,45.551519000,110.667643534,103.804578057
avx2_add,1600,0xAA,52,0.438828711,0.000056952,48.194213000,3.012688000,45.181525000,109.824657740,102.959364007
avx2_add,1600,0xAA,53,0.438951373,0.000435409,48.905697000,3.024467000,45.881230000,111.414839994,104.524630314
avx2_add,1600,0xAA,54,0.438841155,0.000144467,48.270933000,3.008782000,45.262151000,109.996367539,103.140169198
avx2_add,1600,0xAA,55,0.438968785,0.000772098,48.610532000,3.035759000,45.574773000,110.738015215,103.822354914
avx2_add,1600,0xAA,56,0.438814113,0.000050104,48.233397000,3.005485000,45.227912000,109.917606448,103.068499025
avx2_add,1600,0xAA,57,0.438833393,0.000130929,48.168761000,3.021050000,45.147711000,109.765486758,102.881211205
avx2_add,1600,0xAA,58,0.438820573,0.000107829,48.473936000,3.020317000,45.453619000,110.464137187,103.581330900
avx2_add,1600,0xAA,59,0.438842345,0.000084816,48.673276000,3.012626000,45.660650000,110.912897351,104.047958195
avx2_add,1600,0xAA,60,0.438852864,0.000163235,48.543882000,3.010307000,45.533575000,110.615393079,103.755902689
avx2_add,1600,0xAA,61,0.438834940,0.000057199,48.229795000,3.015861000,45.213934000,109.904181651,103.031754863
avx2_add,1600,0xAA,62,0.438835172,0.000132372,48.233275000,3.007744000,45.225531000,109.912053686,103.058127222
avx2_add,1600,0xAA,63,0.438815560,0.000053714,48.295836000,3.005668000,45.290168000,110.059533869,103.210031998
avx2_add,1600,0xAA,64,0.439069824,0.000836817,48.764585000,3.042534000,45.722051000,111.063394336,104.133895122
avx2_add,1600,0xAA,65,0.438811214,0.000046743,48.074157000,3.016960000,45.057197000,109.555443228,102.680140349
avx2_add,1600,0xAA,66,0.438836217,0.000154535,48.227232000,3.011527000,45.215705000,109.898021547,103.035490868
avx2_add,1600,0xAA,67,0.438818547,0.000062217,48.105163000,3.021721000,45.083442000,109.624270315,102.738232745
avx2_add,1600,0xAA,68,0.438810527,0.000049330,47.806762000,2.998344000,44.808418000,108.946251455,102.113361594
avx2_add,1600,0xAA,69,0.438822674,0.000156876,48.462461000,2.988273000,45.474188000,110.437458800,103.627708129
avx2_add,1600,0xAA,70,0.438809515,0.000048591,48.007445000,2.991814000,45.015631000,109.403837782,102.585813337
avx2_add,1600,0xAA,71,0.438828204,0.000127586,48.325011000,3.016350000,45.308661000,110.122846589,103.249199974
avx2_add,1600,0xAA,72,0.438817907,0.000054864,48.574033000,2.998283000,45.575750000,110.692914389,103.860278453
avx2_add,1600,0xAA,73,0.438959115,0.000778181,48.596800000,3.049248000,45.547552000,110.709171610,103.762629448
avx2_add,1600,0xAA,74,0.438820580,0.000056811,48.513547000,3.029411000,45.484136000,110.554402349,103.650872443
avx2_add,1600,0xAA,75,0.438861994,0.000156492,47.892273000,3.022636000,44.869637000,109.128322012,102.240881219
avx2_add,1600,0xAA,76,0.438909180,0.000272334,48.797543000,3.021416000,45.776127000,111.179135136,104.295214408
avx2_add,1600,0xAA,77,0.438841667,0.000146465,48.399046000,3.025139000,45.373907000,110.288173743,103.394710272
avx2_add,1600,0xAA,78,0.438843861,0.000180356,48.198485000,3.017387000,45.181098000,109.830601030,102.954836620
avx2_add,1600,0xAA,79,0.438815729,0.000056901,48.141417000,3.002983000,45.138434000,109.707592028,102.864211539
avx2_add,1600,0xAA,80,0.438879994,0.000129716,48.549558000,3.024955000,45.524603000,110.621488077,103.729045854
avx2_add,1600,0xAA,81,0.438809337,0.000049030,48.139342000,3.017998000,45.121344000,109.704461417,102.826763647
avx2_add,1600,0xAA,82,0.438962189,0.000786281,48.583921000,3.051079000,45.532842000,110.679056805,103.728392078
avx2_add,1600,0xAA,83,0.438800237,0.000063992,48.041320000,3.020622000,45.020698000,109.483350085,102.599529742
avx2_add,1600,0xAA,84,0.438823803,0.000054261,48.281614000,3.019158000,45.262456000,110.025057177,103.144942698
avx2_add,1600,0xAA,85,0.438819893,0.000134656,48.200316000,3.013725000,45.186591000,109.840772482,102.972977631
avx2_add,1600,0xAA,86,0.438810290,0.000059044,47.919921000,2.998344000,44.921577000,109.204187014,102.371293468
avx2_add,1600,0xAA,87,0.438950814,0.000440335,48.712400000,3.012932000,45.699468000,110.974620460,104.110680576
avx2_add,1600,0xAA,88,0.438799815,0.000056254,48.050536000,2.991631000,45.058905000,109.504458200,102.686700084
avx2_add,1600,0xAA,89,0.438849642,0.000152043,48.329466000,3.012932000,45.316534000,110.127618688,103.262096391
avx2_add,1600,0xAA,90,0.438813408,0.000063620,48.320982000,3.015922000,45.305060000,110.117378182,103.244475155
avx2_add,1600,0xAA,91,0.438945638,0.000807047,48.319151000,3.032341000,45.286810000,110.080034531,103.171796388
avx2_add,1600,0xAA,92,0.438807308,0.000056419,48.183410000,3.007561000,45.175849000,109.805395618,102.951450962
avx2_add,1600,0xAA,93,0.438813895,0.000052494,47.919860000,3.019401000,44.900459000,109.203150863,102.322327277
avx2_add,1600,0xAA,94,0.438825125,0.000128459,47.797912000,3.017570000,44.780342000,108.922459627,102.045984636
avx2_add,1600,0xAA,95,0.438831608,0.000048947,48.254332000,3.022392000,45.231940000,109.960930698,103.073569015
avx2_add,1600,0xAA,96,0.438851333,0.000154702,48.229064000,3.014641000,45.214423000,109.898410613,103.029020519
avx2_add,1600,0xAA,97,0.438828736,0.000065253,48.167662000,2.996391000,45.171271000,109.764147295,102.935991445
avx2_add,1600,0xAA,98,0.438966954,0.000404792,48.496458000,3.028984000,45.467474000,110.478608017,103.578352827
avx2_add,1600,0xAA,99,0.438832586,0.000058120,47.803893000,3.003715000,44.800178000,108.934237185,102.089451505
avx2_add,1800,0x00,0,0.390039093,0.000042332,43.417735000,2.660638000,40.757097000,111.316367531,104.494902582
avx2_add,1800,0x00,1,0.390038064,0.000034736,43.436230000,2.671929000,40.764301000,111.364079472,104.513648081
avx2_add,1800,0x00,2,0.390052696,0.000139242,43.366833000,2.668877000,40.697956000,111.181985102,104.339635262
avx2_add,1800,0x00,3,0.390033539,0.000035085,43.377941000,2.652093000,40.725848000,111.215925408,104.416271703
avx2_add,1800,0x00,4,0.390044953,0.000105303,43.430492000,2.676812000,40.753680000,111.347401427,104.484571959
avx2_add,1800,0x00,5,0.390141112,0.000337060,43.670664000,2.677423000,40.993241000,111.935560454,105.072856373
avx2_add,1800,0x00,6,0.390052576,0.000127139,43.553966000,2.668267000,40.885699000,111.661782652,104.820994609
avx2_add,1800,0x00,7,0.390060475,0.000147734,43.515025000,2.664177000,40.850848000,111.559688144,104.729524188
avx2_add,1800,0x00,8,0.390017020,0.000031411,43.300243000,2.657403000,40.642840000,111.021419146,104.207862642
avx2_add,1800,0x00,9,0.390031562,0.000101346,43.290660000,2.650994000,40.639666000,110.992709735,104.195839289
avx2_add,1800,0x00,10,0.390011351,0.000039203,43.286816000,2.652886000,40.633930000,110.988605509,104.186531692
avx2_add,1800,0x00,11,0.390027842,0.000061014,43.401012000,2.653558000,40.747454000,111.276702118,104.473192948
avx2_add,1800,0x00,12,0.390049419,0.000135474,43.284069000,2.656671000,40.627398000,110.970730710,104.159616854
avx2_add,1800,0x00,13,0.390011561,0.000036932,43.310924000,2.650384000,40.660540000,111.050359330,104.254704369
avx2_add,1800,0x00,14,0.390018546,0.000031363,43.276257000,2.654900000,40.621357000,110.959485059,104.152372862
avx2_add,1800,0x00,15,0.390021620,0.000109717,43.479381000,2.663751000,40.815630000,111.479412479,104.649660315
avx2_add,1800,0x00,16,0.390023045,0.000033389,43.357310000,2.661310000,40.696000000,111.166020992,104.342552393
avx2_add,1800,0x00,17,0.390071817,0.000147057,43.394054000,2.653497000,40.740557000,111.246319577,104.443733783
avx2_add,1800,0x00,18,0.390087453,0.000239247,43.615611000,2.645013000,40.970598000,111.809827875,105.029263726
avx2_add,1800,0x00,19,0.390030227,0.000035793,43.323986000,2.653863000,40.670123000,111.078534576,104.274285009
avx2_add,1800,0x00,20,0.390636434,0.002870382,44.834663000,2.734612000,42.100051000,114.773377744,107.772975933
avx2_add,1800,0x00,21,0.390042852,0.000030063,43.428660000,2.633722000,40.794938000,111.343304330,104.590912933
avx2_add,1800,0x00,22,0.390050377,0.000129863,43.390697000,2.663262000,40.727435000,111.243827800,104.415832865
avx2_add,1800,0x00,23,0.390022267,0.000032217,43.282543000,2.646721000,40.635822000,110.974543369,104.188466719
avx2_add,1800,0x00,24,0.390034198,0.000035160,43.489817000,2.644586000,40.845231000,111.502573895,104.722178708
avx2_add,1800,0x00,25,0.390044961,0.000104704,43.451427000,2.630242000,40.821185000,111.401072667,104.657639818
avx2_add,1800,0x00,26,0.390125793,0.000106744,43.502208000,2.662835000,40.839373000,111.508156427,104.682575948
avx2_add,1800,0x00,27,0.390064382,0.000128955,43.646251000,2.685418000,40.960833000,111.894992330,105.010441661
avx2_add,1800,0x00,28,0.390018499,0.000035036,43.465770000,2.677667000,40.788103000,111.445406172,104.579918999
avx2_add,1800,0x00,29,0.390049640,0.000051523,43.395641000,2.664116000,40.731525000,111.256713458,104.426516148
avx2_add,1800,0x00,30,0.390166487,0.000350151,43.699900000,2.665032000,41.034868000,112.003212731,105.172713210
avx2_add,1800,0x00,31,0.390059271,0.000051973,43.461376000,2.629998000,40.831378000,111.422492085,104.679932178
avx2_add,1800,0x00,32,0.390095410,0.000180447,43.426097000,2.672967000,40.753130000,111.321732692,104.469647461
avx2_add,1800,0x00,33,0.390066166,0.000068932,43.539439000,2.681145000,40.858294000,111.620650133,104.747085501
avx2_add,1800,0x00,34,0.390229601,0.000432126,43.755259000,2.681206000,41.074053000,112.126960497,105.256118314
avx2_add,1800,0x00,35,0.390103530,0.000329977,43.670664000,2.688958000,40.981706000,111.946344213,105.053409912
avx2_add,1800,0x00,36,0.390014634,0.000045583,43.402965000,2.660760000,40.742205000,111.285477961,104.463272419
avx2_add,1800,0x00,37,0.390130860,0.000268152,43.485545000,2.676629000,40.808916000,111.463996866,104.603147669
avx2_add,1800,0x00,38,0.390019258,0.000033296,43.263133000,2.664483000,40.598650000,110.925632806,104.093962458
avx2_add,1800,0x00,39,0.390028565,0.000037856,43.378429000,2.653436000,40.724993000,111.218594854,104.415411100
avx2_add,1800,0x00,40,0.390037800,0.000105954,43.425975000,2.668267000,40.757708000,111.337862658,104.496815456
avx2_add,1800,0x00,41,0.390058586,0.000079725,43.401623000,2.648003000,40.753620000,111.269497819,104.480766346
avx2_add,1800,0x00,42,0.390047267,0.000038498,43.523814000,2.635430000,40.888384000,111.585999273,104.829305338
avx2_add,1800,0x00,43,0.390150097,0.000465096,43.843638000,2.677911000,41.165727000,112.376335122,105.512538281
avx2_add,1800,0x00,44,0.390036722,0.000042882,43.300670000,2.646355000,40.654315000,111.016905696,104.232018915
avx2_add,1800,0x00,45,0.390049721,0.000110908,43.542613000,2.645623000,40.896990000,111.633493372,104.850709399
avx2_add,1800,0x00,46,0.390226112,0.000857613,43.947702000,2.671685000,41.276017000,112.621120608,105.774615674
avx2_add,1800,0x00,47,0.390052198,0.000042138,43.333202000,2.647638000,40.685564000,111.095905057,104.307998180
avx2_add,1800,0x00,48,0.390057691,0.000137617,43.548778000,2.656487000,40.892291000,111.647017887,104.836520205
avx2_add,1800,0x00,49,0.390035775,0.000037896,43.387340000,2.652459000,40.734881000,111.239385598,104.438832499
avx2_add,1800,0x00,50,0.390056388,0.000111573,43.435375000,2.644280000,40.791095000,111.356655941,104.577430985
avx2_add,1800,0x00,51,0.390063929,0.000147271,43.595469000,2.660821000,40.934648000,111.764933342,104.943433574
avx2_add,1800,0x00,52,0.390042567,0.000041982,43.282543000,2.644097000,40.638446000,110.968767622,104.189771629
avx2_add,1800,0x00,53,0.390041895,0.000136273,43.369762000,2.656976000,40.712786000,111.192573260,104.380546057
avx2_add,1800,0x00,54,0.390041401,0.000044757,43.506358000,2.655084000,40.851274000,111.542923198,104.735738127
avx2_add,1800,0x00,55,0.390052666,0.000108904,43.300609000,2.658074000,40.642535000,111.012211392,104.197557289
avx2_add,1800,0x00,56,0.390134955,0.000396342,43.635020000,2.658624000,40.976396000,111.845963631,105.031337140
avx2_add,1800,0x00,57,0.390067928,0.000128042,43.380931000,2.648736000,40.732195000,111.213785831,104.423337783
avx2_add,1800,0x00,58,0.390078328,0.000153546,43.363964000,2.664422000,40.699542000,111.167324414,104.336844967
avx2_add,1800,0x00,59,0.390042510,0.000032949,43.304882000,2.655572000,40.649310000,111.026057022,104.217640172
avx2_add,1800,0x00,60,0.390053216,0.000112669,43.484813000,2.673882000,40.810931000,111.484308275,104.629135983
avx2_add,1800,0x00,61,0.390031529,0.000035679,43.259350000,2.660027000,40.599323000,110.912443686,104.092412991
avx2_add,1800,0x00,62,0.390050130,0.000071127,43.351757000,2.670037000,40.681720000,111.144065005,104.298696180
avx2_add,1800,0x00,63,0.390057971,0.000133685,43.455150000,2.652764000,40.802386000,111.406901739,104.605953675
avx2_add,1800,0x00,64,0.390018098,0.000037292,43.279613000,2.658135000,40.621478000,110.968217111,104.152802616
avx2_add,1800,0x00,65,0.390043082,0.000034891,43.341502000,2.669365000,40.672137000,111.119781328,104.276011698
avx2_add,1800,0x00,66,0.390047879,0.000113043,43.413646000,2.664605000,40.749041000,111.303376681,104.471894847
avx2_add,1800,0x00,67,0.390040210,0.000044836,43.268688000,2.664239000,40.604449000,110.933916285,104.103238494
avx2_add,1800,0x00,68,0.390067122,0.000133335,43.486705000,2.655572000,40.831133000,111.485184449,104.677197175
avx2_add,1800,0x00,69,0.390132030,0.000336389,43.718028000,2.676568000,41.041460000,112.059571351,105.198899072
avx2_add,1800,0x00,70,0.390041967,0.000039877,43.365490000,2.671868000,40.693622000,111.181600138,104.331393681
avx2_add,1800,0x00,71,0.390121086,0.000252832,43.580394000,2.659356000,40.921038000,111.709916618,104.893171524
avx2_add,1800,0x00,72,0.390046355,0.000037663,43.319835000,2.639458000,40.680377000,111.063299191,104.296262485
avx2_add,1800,0x00,73,0.390120519,0.000285727,43.541698000,2.648064000,40.893634000,111.610889218,104.823079112
avx2_add,1800,0x00,74,0.390148790,0.000674948,43.869639000,2.696344000,41.173295000,112.443355316,105.532289409
avx2_add,1800,0x00,75,0.390042322,0.000056932,43.475292000,2.673577000,40.801715000,111.463011832,104.608430044
avx2_add,1800,0x00,76,0.390047356,0.000100857,43.441417000,2.677483000,40.763934000,111.374725083,104.510217577
avx2_add,1800,0x00,77,0.390026678,0.000040546,43.329967000,2.667778000,40.662189000,111.094880017,104.254891498
avx2_add,1800,0x00,78,0.390043224,0.000133006,43.524669000,2.677483000,40.847186000,111.589347882,104.724767661
avx2_add,1800,0x00,79,0.390016087,0.000030269,43.241833000,2.674127000,40.567706000,110.871921456,104.015468384
avx2_add,1800,0x00,80,0.390026168,0.000033407,43.353771000,2.675286000,40.678485000,111.156057169,104.296809711
avx2_add,1800,0x00,81,0.390155261,0.000354326,43.684825000,2.684075000,41.000750000,111.967796851,105.088292027
avx2_add,1800,0x00,82,0.390018501,0.000039956,43.221447000,2.665582000,40.555865000,110.818965904,103.984464487
avx2_add,1800,0x00,83,0.390087507,0.000180338,43.477916000,2.668328000,40.809588000,111.456827588,104.616495732
avx2_add,1800,0x00,84,0.390381486,0.001667004,44.568917000,2.719537000,41.849380000,114.167599147,107.201241628
avx2_add,1800,0x00,85,0.390213226,0.000924237,43.930002000,2.701714000,41.228288000,112.579479918,105.655793527
avx2_add,1800,0x00,86,0.390050857,0.000118342,43.383128000,2.668267000,40.714861000,111.224285730,104.383467539
avx2_add,1800,0x00,87,0.390012836,0.000032771,43.349865000,2.648492000,40.701373000,111.149841704,104.359060083
avx2_add,1800,0x00,88,0.390064947,0.000144504,43.359996000,2.663018000,40.696978000,111.160965294,104.333850931
avx2_add,1800,0x00,89,0.390172143,0.000769062,43.885997000,2.695245000,41.190752000,112.478550156,105.570714613
avx2_add,1800,0x00,90,0.390034391,0.000082187,43.511485000,2.641838000,40.869647000,111.558072898,104.784726592
avx2_add,1800,0x00,91,0.390028790,0.000111457,43.315746000,2.661187000,40.654559000,111.057817050,104.234764320
avx2_add,1800,0x00,92,0.390016356,0.000035305,43.348277000,2.649591000,40.698686000,111.144767056,104.351228884
avx2_add,1800,0x00,93,0.390011695,0.000025477,43.345226000,2.664361000,40.680865000,111.138272425,104.306782409
avx2_add,1800,0x00,94,0.390149901,0.000485333,43.592417000,2.660150000,40.932267000,111.732482403,104.914205659
avx2_add,1800,0x00,95,0.390028718,0.000028755,43.271618000,2.668756000,40.602862000,110.944697225,104.102236969
avx2_add,1800,0x00,96,0.390192892,0.000775171,43.965708000,2.718316000,41.247392000,112.676855190,105.710259808
avx2_add,1800,0x00,97,0.390060492,0.000172271,43.414134000,2.694085000,40.720049000,111.301028764,104.394189805
avx2_add,1800,0x00,98,0.390027240,0.000032862,43.268871000,2.684869000,40.584002000,110.938074489,104.054275808
avx2_add,1800,0x00,99,0.390027975,0.000135295,43.422618000,2.688591000,40.734027000,111.332060311,104.438731692
avx2_add,1800,0xAA,0,0.390008426,0.000025843,43.318248000,2.668755000,40.649493000,111.070031168,104.227217465
avx2_add,1800,0xAA,1,0.390022850,0.000097808,43.367016000,2.669854000,40.697162000,111.190962344,104.345583922
avx2_add,1800,0xAA,2,0.390053359,0.000068936,43.299755000,2.670160000,40.629595000,111.009824765,104.164197262
avx2_add,1800,0xAA,3,0.390030492,0.000067966,43.527598000,2.676873000,40.850725000,111.600500321,104.737259991
avx2_add,1800,0xAA,4,0.390038261,0.000138115,43.312389000,2.670769000,40.641620000,111.046513511,104.199059637
avx2_add,1800,0xAA,5,0.390017412,0.000034081,43.223888000,2.634454000,40.589434000,110.825534006,104.070825328
avx2_add,1800,0xAA,6,0.390038905,0.000104617,43.485118000,2.678644000,40.806474000,111.489180906,104.621548041
avx2_add,1800,0xAA,7,0.390017248,0.000034768,43.373729000,2.664360000,40.709369000,111.209771278,104.378381101
avx2_add,1800,0xAA,8,0.390027050,0.000027351,43.204785000,2.666253000,40.538532000,110.773816740,103.937744736
avx2_add,1800,0xAA,9,0.390149591,0.000469972,43.839121000,2.695794000,41.143327000,112.364903205,105.455261201
avx2_add,1800,0xAA,10,0.390019044,0.000031554,43.240246000,2.660882000,40.579364000,110.867011828,104.044570620
avx2_add,1800,0xAA,11,0.390024945,0.000032921,43.232922000,2.663507000,40.569415000,110.846556349,104.017488012
avx2_add,1800,0xAA,12,0.390065492,0.000129477,43.515635000,2.671319000,40.844316000,111.559817181,104.711431324
avx2_add,1800,0xAA,13,0.390032465,0.000030790,43.232006000,2.670403000,40.561603000,110.842070564,103.995453321
avx2_add,1800,0xAA,14,0.390053600,0.000129200,43.338696000,2.685784000,40.652912000,111.109591062,104.223911762
avx2_add,1800,0xAA,15,0.390021162,0.000036473,43.393871000,2.660455000,40.733416000,111.260298844,104.438989486
avx2_add,1800,0xAA,16,0.390031305,0.000029426,43.241650000,2.675225000,40.566425000,110.867126402,104.008125688
avx2_add,1800,0xAA,17,0.390038295,0.000112714,43.333690000,2.668084000,40.665606000,111.101116427,104.260547089
avx2_add,1800,0xAA,18,0.390022842,0.000036105,43.447398000,2.670831000,40.776567000,111.397060247,104.549176702
avx2_add,1800,0xAA,19,0.390057931,0.000133890,43.208569000,2.665155000,40.543414000,110.774748091,103.942032253
avx2_add,1800,0xAA,20,0.390018603,0.000033684,43.221813000,2.676690000,40.545123000,110.819875542,103.956895207
avx2_add,1800,0xAA,21,0.390032978,0.000036240,43.466991000,2.676324000,40.790667000,111.444399565,104.582610553
avx2_add,1800,0xAA,22,0.390140751,0.000443618,43.581126000,2.673822000,40.907304000,111.706162138,104.852681715
avx2_add,1800,0xAA,23,0.390046050,0.000126092,43.347667000,2.668999000,40.678668000,111.134741563,104.291962363
avx2_add,1800,0xAA,24,0.390048058,0.000139522,43.529857000,2.681694000,40.848163000,111.601265903,104.725974648
avx2_add,1800,0xAA,25,0.390061709,0.000077863,43.400890000,2.675470000,40.725420000,111.266727717,104.407633537
avx2_add,1800,0xAA,26,0.390036329,0.000039390,43.226208000,2.639153000,40.587055000,110.826107216,104.059678541
avx2_add,1800,0xAA,27,0.390034637,0.000114317,43.544749000,2.662957000,40.881792000,111.643287076,104.815798581
avx2_add,1800,0xAA,28,0.390025025,0.000041708,43.378856000,2.669304000,40.709552000,111.220699297,104.376769215
avx2_add,1800,0xAA,29,0.390654299,0.003185183,44.734870000,2.789787000,41.945083000,114.512678105,107.371359024
avx2_add,1800,0xAA,30,0.390043723,0.000039554,43.453563000,2.684258000,40.769305000,111.406902492,104.524961205
avx2_add,1800,0xAA,31,0.390048027,0.000038648,43.265697000,2.675042000,40.590655000,110.924024616,104.065787139
avx2_add,1800,0xAA,32,0.390061124,0.000112131,43.424266000,2.688286000,40.735980000,111.326823823,104.434862957
avx2_add,1800,0xAA,33,0.390037882,0.000040938,43.394726000,2.676751000,40.717975000,111.257721484,104.394923981
avx2_add,1800,0xAA,34,0.390041429,0.000034394,43.315807000,2.672234000,40.643573000,111.054374556,104.203220298
avx2_add,1800,0xAA,35,0.390177077,0.000368671,43.623180000,2.686822000,40.936358000,111.803543928,104.917383371
avx2_add,1800,0xAA,36,0.390032303,0.000043149,43.434215000,2.659417000,40.774798000,111.360558215,104.542105029
avx2_add,1800,0xAA,37,0.390052372,0.000110348,43.412059000,2.699456000,40.712603000,111.298025856,104.377273176
avx2_add,1800,0xAA,38,0.390048137,0.000098977,43.312145000,2.675469000,40.636676000,111.043076082,104.183745801
avx2_add,1800,0xAA,39,0.390035385,0.000033920,43.429821000,2.670830000,40.758991000,111.348412678,104.500751919
avx2_add,1800,0xAA,40,0.390055783,0.000134168,43.408580000,2.673150000,40.735430000,111.288133349,104.434882824
avx2_add,1800,0xAA,41,0.390023084,0.000037692,43.287364000,2.671563000,40.615801000,110.986671631,104.136915535
avx2_add,1800,0xAA,42,0.390045822,0.000107798,43.424022000,2.664544000,40.759478000,111.330565608,104.499204141
avx2_add,1800,0xAA,43,0.390014246,0.000033574,43.240063000,2.669000000,40.571063000,110.867906554,104.024566788
avx2_add,1800,0xAA,44,0.390026409,0.000035545,43.259350000,2.675225000,40.584125000,110.913899557,104.054812748
avx2_add,1800,0xAA,45,0.390040730,0.000126964,43.496532000,2.670220000,40.826312000,111.517922889,104.671919901
avx2_add,1800,0xAA,46,0.390020719,0.000035657,43.295787000,2.667596000,40.628191000,111.008941071,104.169314685
avx2_add,1800,0xAA,47,0.390039381,0.000102728,43.414378000,2.677605000,40.736773000,111.307678574,104.442717923
avx2_add,1800,0xAA,48,0.390110148,0.000356917,43.799998000,2.685967000,41.114031000,112.275976968,105.390826676
avx2_add,1800,0xAA,49,0.390059952,0.000131294,43.420849000,2.686944000,40.733905000,111.318398182,104.429857102
avx2_add,1800,0xAA,50,0.390068209,0.000147607,43.343334000,2.681328000,40.662006000,111.117320119,104.243322338
avx2_add,1800,0xAA,51,0.390015702,0.000035420,43.359997000,2.665581000,40.694416000,111.175003288,104.340455388
avx2_add,1800,0xAA,52,0.390036701,0.000106489,43.322338000,2.678337000,40.644001000,111.072465521,104.205580957
avx2_add,1800,0xAA,53,0.390018438,0.000027833,43.296398000,2.674859000,40.621539000,111.011156872,104.152868290
avx2_add,1800,0xAA,54,0.390043370,0.000063189,43.363841000,2.667474000,40.696367000,111.176972479,104.338056076
avx2_add,1800,0xAA,55,0.390048584,0.000128034,43.237011000,2.669182000,40.567829000,110.850321611,104.007117691
avx2_add,1800,0xAA,56,0.390014275,0.000032152,43.304088000,2.661493000,40.642595000,111.032059121,104.207967868
avx2_add,1800,0xAA,57,0.390017619,0.000033101,43.360668000,2.669426000,40.691242000,111.176177392,104.331804549
avx2_add,1800,0xAA,58,0.390040877,0.000104276,43.294994000,2.665947000,40.629047000,111.001170752,104.166125616
avx2_add,1800,0xAA,59,0.390034305,0.000037917,43.279674000,2.668878000,40.610796000,110.963762463,104.121087436
avx2_add,1800,0xAA,60,0.390120581,0.000452577,43.687755000,2.694817000,40.992938000,111.985260660,105.077609210
avx2_add,1800,0xAA,61,0.390019900,0.000061614,43.310314000,2.684929000,40.625385000,111.046421077,104.162339001
avx2_add,1800,0xAA,62,0.390033269,0.000044170,43.381603000,2.686273000,40.695330000,111.225391299,104.338099339
avx2_add,1800,0xAA,63,0.390064764,0.000122686,43.476085000,2.680718000,40.795367000,111.458632013,104.586137374
avx2_add,1800,0xAA,64,0.390018569,0.000034863,43.281811000,2.682733000,40.599078000,110.973718853,104.095243789
avx2_add,1800,0xAA,65,0.390041214,0.000126379,43.474498000,2.689935000,40.784563000,111.461293010,104.564752579
avx2_add,1800,0xAA,66,0.390025525,0.000035293,43.217846000,2.686211000,40.531635000,110.807737651,103.920467893
avx2_add,1800,0xAA,67,0.390038063,0.000036932,43.229259000,2.669671000,40.559588000,110.833436696,103.988794464
avx2_add,1800,0xAA,68,0.390045467,0.000108031,43.389782000,2.670709000,40.719073000,111.242882440,104.395708898
avx2_add,1800,0xAA,69,0.390037633,0.000033611,43.243603000,2.676080000,40.567523000,110.870334813,104.009253289
avx2_add,1800,0xAA,70,0.390067041,0.000132549,43.336559000,2.688165000,40.648394000,111.100283862,104.208737752
avx2_add,1800,0xAA,71,0.390019740,0.000030445,43.409435000,2.679193000,40.730242000,111.300610046,104.431232103
avx2_add,1800,0xAA,72,0.390032155,0.000038199,43.275646000,2.677239000,40.598407000,110.954046731,104.089897294
avx2_add,1800,0xAA,73,0.390149014,0.000460998,43.646616000,2.697197000,40.949419000,111.871655295,104.958407014
avx2_add,1800,0xAA,74,0.390040415,0.000028210,43.402721000,2.680779000,40.721942000,111.277496799,104.404416732
avx2_add,1800,0xAA,75,0.390073410,0.000179866,43.501963000,2.691460000,40.810503000,111.522502895,104.622622178
avx2_add,1800,0xAA,76,0.390055764,0.000071758,43.286693000,2.684564000,40.602129000,110.975652702,104.093139359
avx2_add,1800,0xAA,77,0.390031187,0.000033369,43.435436000,2.682794000,40.752642000,111.364007392,104.485598462
avx2_add,1800,0xAA,78,0.390069469,0.000115435,43.380321000,2.679132000,40.701189000,111.211782536,104.343436740
avx2_add,1800,0xAA,79,0.390041742,0.000039175,43.232555000,2.682610000,40.549945000,110.840841829,103.963090775
avx2_add,1800,0xAA,80,0.390090870,0.000148401,43.405955000,2.685967000,40.719988000,111.271394166,104.385903620
avx2_add,1800,0xAA,81,0.390042262,0.000038315,43.268016000,2.683220000,40.584796000,110.931609643,104.052303838
avx2_add,1800,0xAA,82,0.390042602,0.000038223,43.275951000,2.677788000,40.598163000,110.951856967,104.086483837
avx2_add,1800,0xAA,83,0.390053299,0.000110613,43.474071000,2.682488000,40.791583000,111.456744889,104.579510395
avx2_add,1800,0xAA,84,0.390033590,0.000036707,43.349986000,2.679864000,40.670122000,111.144237643,104.273383261
avx2_add,1800,0xAA,85,0.390042599,0.000035960,43.204113000,2.674920000,40.529193000,110.767678090,103.909657941
avx2_add,1800,0xAA,86,0.390162388,0.000397945,43.750437000,2.675164000,41.075273000,112.133917573,105.277377615
avx2_add,1800,0xAA,87,0.390026777,0.000032535,43.218456000,2.671014000,40.547442000,110.808945960,103.960662301
avx2_add,1800,0xAA,88,0.390032153,0.000110837,43.355480000,2.662652000,40.692828000,111.158733080,104.331983084
avx2_add,1800,0xAA,89,0.390036933,0.000088346,43.477488000,2.658685000,40.818803000,111.470182317,104.653686808
avx2_add,1800,0xAA,90,0.390027283,0.000032161,43.282970000,2.687066000,40.595904000,110.974210981,104.084780122
avx2_add,1800,0xAA,91,0.390048030,0.000134691,43.379772000,2.680353000,40.699419000,111.216487979,104.344634268
avx2_add,1800,0xAA,92,0.390034333,0.000034429,43.464488000,2.688043000,40.776445000,111.437595048,104.545783800
avx2_add,1800,0xAA,93,0.390040665,0.000114259,43.342540000,2.685112000,40.657428000,111.123131093,104.238946346
avx2_add,1800,0xAA,94,0.390007030,0.000033665,43.416393000,2.667413000,40.748980000,111.322077882,104.482680659
avx2_add,1800,0xAA,95,0.390018056,0.000029240,43.408397000,2.679620000,40.728777000,111.298429179,104.427926755
avx2_add,1800,0xAA,96,0.390155014,0.000761675,43.699900000,2.709344000,40.990556000,112.006506224,105.062230480
avx2_add,1800,0xAA,97,0.390023429,0.000034240,43.335033000,2.675408000,40.659625000,111.108794319,104.249185900
avx2_add,1800,0xAA,98,0.390107561,0.000154123,43.644175000,2.694329000,40.949846000,111.877285547,104.970654481
avx2_add,1800,0xAA,99,0.390134911,0.000375695,43.627696000,2.673272000,40.954424000,111.827203364,104.975030112
avx2_add,2000,0x00,0,0.351308379,0.000522022,40.425007000,2.417474000,38.007533000,115.069862821,108.188518272
avx2_add,2000,0x00,1,0.351344975,0.000611776,40.495746000,2.422296000,38.073450000,115.259214999,108.364862801
avx2_add,2000,0x00,2,0.351357381,0.000562416,40.527545000,2.427667000,38.099878000,115.345648653,108.436253455
avx2_add,2000,0x00,3,0.351345236,0.000581429,40.369830000,2.416864000,37.952966000,114.900746844,108.021860343
avx2_add,2000,0x00,4,0.351349343,0.000558350,40.548236000,2.423822000,38.124414000,115.407177534,108.508567793
avx2_add,2000,0x00,5,0.351355073,0.000567773,40.416157000,2.423211000,37.992946000,115.029382304,108.132624046
avx2_add,2000,0x00,6,0.351433632,0.000718593,40.742022000,2.420526000,38.321496000,115.930913604,109.043337171
avx2_add,2000,0x00,7,0.351374739,0.000582674,40.451617000,2.411188000,38.040429000,115.123862070,108.261706851
avx2_add,2000,0x00,8,0.351381021,0.000570283,40.437274000,2.402887000,38.034387000,115.080985050,108.242576434
avx2_add,2000,0x00,9,0.351353234,0.000555186,40.585345000,2.420648000,38.164697000,115.511516952,108.622017245
avx2_add,2000,0x00,10,0.351299142,0.000483967,40.444110000,2.416925000,38.027185000,115.127266688,108.247303968
avx2_add,2000,0x00,11,0.351303401,0.000463152,40.378070000,2.405755000,37.972315000,114.937885331,108.089801895
avx2_add,2000,0x00,12,0.351316157,0.000485188,40.536579000,2.415277000,38.121302000,115.384898144,108.509959570
avx2_add,2000,0x00,13,0.351320092,0.000512060,40.443744000,2.421869000,38.021875000,115.119359514,108.225734430
avx2_add,2000,0x00,14,0.351320693,0.000500060,40.571490000,2.428033000,38.143457000,115.482779266,108.571620741
avx2_add,2000,0x00,15,0.351326884,0.000521114,40.441913000,2.420221000,38.021692000,115.111922377,108.223121348
avx2_add,2000,0x00,16,0.351356555,0.000521804,40.424701000,2.422662000,38.002039000,115.053214260,108.158047610
avx2_add,2000,0x00,17,0.351311775,0.000482955,40.453510000,2.412225000,38.041285000,115.149883604,108.283546716
avx2_add,2000,0x00,18,0.351326617,0.000534107,40.342365000,2.419000000,37.923365000,114.828661024,107.943330156
avx2_add,2000,0x00,19,0.351347127,0.000541789,40.579547000,2.415582000,38.163965000,115.497022255,108.621821603
avx2_add,2000,0x00,20,0.351423284,0.000601092,40.542743000,2.404779000,38.137964000,115.367264740,108.524294704
avx2_add,2000,0x00,21,0.351338227,0.000556655,40.466510000,2.423578000,38.042932000,115.178215353,108.280081840
avx2_add,2000,0x00,22,0.351341026,0.000509672,40.457111000,2.410028000,38.047083000,115.150546220,108.291034165
avx2_add,2000,0x00,23,0.351358314,0.000629186,40.451434000,2.421502000,38.029932000,115.128723006,108.236892347
avx2_add,2000,0x00,24,0.351349084,0.000559383,40.532245000,2.423212000,38.109033000,115.361749491,108.464870828
avx2_add,2000,0x00,25,0.351341486,0.000546274,40.562640000,2.418818000,38.143822000,115.450755649,108.566234181
avx2_add,2000,0x00,26,0.351329463,0.000564021,40.426044000,2.423822000,38.002222000,115.065909029,108.166908925
avx2_add,2000,0x00,27,0.351307669,0.000491309,40.539630000,2.422174000,38.117456000,115.396370824,108.501633771
avx2_add,2000,0x00,28,0.351349953,0.000528493,40.573565000,2.432794000,38.140771000,115.479067733,108.554934172
avx2_add,2000,0x00,29,0.351319418,0.000529630,40.453570000,2.413446000,38.040124000,115.147549429,108.277886440
avx2_add,2000,0x00,30,0.351345508,0.000529061,40.636554000,2.424127000,38.212427000,115.659808138,108.760254999
avx2_add,2000,0x00,31,0.351296170,0.000464196,40.372150000,2.418573000,37.953577000,114.923399204,108.038687084
avx2_add,2000,0x00,32,0.351285957,0.000476573,40.504230000,2.415338000,38.088892000,115.302730396,108.427027136
avx2_add,2000,0x00,33,0.351322233,0.000498012,40.431659000,2.401361000,38.030298000,115.084259401,108.249050085
avx2_add,2000,0x00,34,0.351375795,0.000631920,40.617389000,2.428338000,38.189051000,115.595296008,108.684353261
avx2_add,2000,0x00,35,0.351289510,0.000519032,40.596758000,2.436334000,38.160424000,115.564959394,108.629557316
avx2_add,2000,0x00,36,0.351307574,0.000477684,40.373676000,2.425714000,37.947962000,114.924012520,108.019196964
avx2_add,2000,0x00,37,0.351339555,0.000542900,40.587603000,2.435663000,38.151940000,115.522440880,108.589936516
avx2_add,2000,0x00,38,0.351318567,0.000541026,40.512653000,2.422784000,38.089869000,115.316003339,108.419743846
avx2_add,2000,0x00,39,0.351280897,0.000442113,40.445209000,2.436151000,38.009058000,115.136374623,108.201323448
avx2_add,2000,0x00,40,0.351323758,0.000544744,40.532794000,2.427301000,38.105493000,115.371628193,108.462613520
avx2_add,2000,0x00,41,0.351315602,0.000499681,40.485675000,2.426691000,38.058984000,115.240185068,108.332746327
avx2_add,2000,0x00,42,0.351395861,0.000600067,40.531269000,2.418207000,38.113062000,115.343615332,108.461897960
avx2_add,2000,0x00,43,0.351387674,0.000590545,40.625995000,2.424981000,38.201014000,115.615879595,108.714724034
avx2_add,2000,0x00,44,0.351371845,0.000555300,40.425068000,2.424676000,38.000392000,115.049252004,108.148653589
avx2_add,2000,0x00,45,0.351316973,0.000479808,40.539142000,2.423394000,38.115748000,115.391925664,108.493898560
avx2_add,2000,0x00,46,0.351369905,0.000580407,40.487690000,2.417169000,38.070521000,115.228109947,108.348838363
avx2_add,2000,0x00,47,0.351363876,0.000515892,40.592975000,2.429376000,38.163599000,115.529733532,108.615602160
avx2_add,2000,0x00,48,0.351376026,0.000527633,40.562579000,2.425287000,38.137292000,115.439233229,108.536978034
avx2_add,2000,0x00,49,0.351364580,0.000541771,40.295185000,2.415643000,37.879542000,114.681977776,107.806945019
avx2_add,2000,0x00,50,0.351389451,0.000605453,40.553058000,2.434198000,38.118860000,115.407727538,108.480376718
avx2_add,2000,0x00,51,0.351368456,0.000587733,40.464252000,2.418756000,38.045496000,115.161880191,108.278063615
avx2_add,2000,0x00,52,0.351340593,0.000552973,40.599200000,2.429560000,38.169640000,115.555107601,108.639994318
avx2_add,2000,0x00,53,0.351304572,0.000460501,40.563311000,2.423151000,38.140160000,115.464796846,108.567217949
avx2_add,2000,0x00,54,0.351301785,0.000537598,40.414447000,2.420465000,37.993982000,115.041963090,108.151975330
avx2_add,2000,0x00,55,0.351315855,0.000547504,40.509601000,2.416437000,38.093164000,115.308205977,108.429959624
avx2_add,2000,0x00,56,0.351354893,0.000554042,40.546649000,2.407281000,38.139368000,115.400837798,108.549414781
avx2_add,2000,0x00,57,0.351342396,0.000550564,40.458148000,2.420892000,38.037256000,115.153048595,108.262641893
avx2_add,2000,0x00,58,0.351329075,0.000492414,40.524982000,2.418756000,38.106226000,115.347646624,108.463058437
avx2_add,2000,0x00,59,0.351336336,0.000503539,40.385700000,2.419977000,37.965723000,114.948827709,108.060906509
avx2_add,2000,0x00,60,0.351311200,0.000499108,40.495746000,2.421808000,38.073938000,115.270295989,108.376670051
avx2_add,2000,0x00,61,0.351329082,0.000509044,40.565937000,2.423516000,38.142421000,115.464215968,108.566079366
avx2_add,2000,0x00,62,0.351442380,0.000612079,40.708269000,2.425836000,38.282433000,115.831986444,108.929472297
avx2_add,2000,0x00,63,0.351361254,0.000574083,40.550616000,2.415766000,38.134850000,115.410039028,108.534591110
avx2_add,2000,0x00,64,0.351425087,0.000597222,40.389667000,2.410577000,37.979090000,114.931086423,108.071652956
avx2_add,2000,0x00,65,0.351399118,0.000588394,40.557086000,2.422968000,38.134118000,115.416015394,108.520813110
avx2_add,2000,0x00,66,0.351365113,0.000578316,40.556415000,2.414605000,38.141810000,115.425275611,108.553207466
avx2_add,2000,0x00,67,0.351326651,0.000506268,40.492145000,2.405633000,38.086512000,115.254976865,108.407693873
avx2_add,2000,0x00,68,0.351344498,0.000535137,40.622394000,2.397638000,38.224756000,115.619838098,108.795658376
avx2_add,2000,0x00,69,0.351333543,0.000521808,40.542377000,2.424371000,38.118006000,115.395691167,108.495208564
avx2_add,2000,0x00,70,0.351402181,0.000584680,40.562640000,2.416498000,38.146142000,115.430814726,108.554084491
avx2_add,2000,0x00,71,0.351327552,0.000520076,40.588336000,2.412348000,38.175988000,115.528474041,108.662095402
avx2_add,2000,0x00,72,0.351358672,0.000579554,40.489520000,2.422479000,38.067041000,115.237002140,108.342397864
avx2_add,2000,0x00,73,0.352268862,0.004805615,42.669019000,2.575983000,40.093036000,121.126286169,113.813738064
avx2_add,2000,0x00,74,0.351387495,0.000560984,40.584308000,2.424615000,38.159693000,115.497303103,108.597185610
avx2_add,2000,0x00,75,0.351388005,0.000576221,40.478900000,2.428582000,38.050318000,115.197159229,108.285762245
avx2_add,2000,0x00,76,0.351441041,0.000576387,40.749834000,2.426874000,38.322960000,115.950697831,109.045203839
avx2_add,2000,0x00,77,0.351345531,0.000489066,40.498065000,2.417230000,38.080835000,115.265633025,108.385710586
avx2_add,2000,0x00,78,0.351312059,0.000467834,40.586199000,2.421198000,38.165001000,115.527485899,108.635613176
avx2_add,2000,0x00,79,0.351356986,0.000487904,40.529743000,2.412958000,38.116785000,115.352034049,108.484494490
avx2_add,2000,0x00,80,0.351408368,0.000625268,40.476337000,2.408930000,38.067407000,115.183190504,108.328117548
avx2_add,2000,0x00,81,0.351377229,0.000556935,40.566974000,2.432001000,38.134973000,115.451345822,108.530006595
avx2_add,2000,0x00,82,0.351292458,0.000508060,40.431598000,2.427362000,38.004236000,115.093840013,108.184036110
avx2_add,2000,0x00,83,0.351276585,0.000476980,40.522479000,2.419488000,38.102991000,115.357757169,108.470056415
avx2_add,2000,0x00,84,0.351330074,0.000521516,40.531573000,2.432001000,38.099572000,115.366078736,108.443810537
avx2_add,2000,0x00,85,0.351296352,0.000508667,40.356586000,2.422052000,37.934534000,114.879035295,107.984423417
avx2_add,2000,0x00,86,0.351321751,0.000518425,40.563861000,2.429742000,38.134119000,115.460716319,108.544714122
avx2_add,2000,0x00,87,0.351321264,0.000512641,40.485553000,2.435785000,38.049768000,115.237980573,108.304768015
avx2_add,2000,0x00,88,0.351289464,0.000495450,40.435199000,2.426751000,38.008448000,115.105071844,108.196948350
avx2_add,2000,0x00,89,0.351330462,0.000510435,40.479511000,2.422052000,38.057459000,115.217766010,108.323823527
avx2_add,2000,0x00,90,0.351348385,0.000548197,40.381427000,2.424920000,37.956507000,114.932724146,108.030970490
avx2_add,2000,0x00,91,0.351382699,0.000583828,40.627643000,2.433221000,38.194422000,115.622206627,108.697503138
avx2_add,2000,0x00,92,0.351374193,0.000541302,40.497577000,2.442071000,38.055506000,115.254841771,108.304783828
avx2_add,2000,0x00,93,0.351333316,0.000485580,40.507648000,2.436151000,38.071497000,115.296916481,108.362900011
avx2_add,2000,0x00,94,0.351276079,0.000459340,40.535968000,2.428155000,38.107813000,115.396323404,108.483939823
avx2_add,2000,0x00,95,0.351292497,0.000492836,40.423236000,2.434137000,37.989099000,115.070023698,108.140934640
avx2_add,2000,0x00,96,0.351280447,0.000520436,40.562580000,2.437127000,38.125453000,115.470645595,108.532807122
avx2_add,2000,0x00,97,0.351275003,0.000498549,40.652117000,2.436273000,38.215844000,115.727326722,108.791811864
avx2_add,2000,0x00,98,0.351277171,0.000478314,40.447834000,2.435846000,38.011988000,115.145068888,108.210812396
avx2_add,2000,0x00,99,0.351312174,0.000523418,40.515216000,2.430841000,38.084375000,115.325397143,108.406078146
avx2_add,2000,0xAA,0,0.351221613,0.000422240,40.579670000,2.422845000,38.156825000,115.538647258,108.640310386
avx2_add,2000,0xAA,1,0.351228443,0.000455952,40.457965000,2.427484000,38.030481000,115.189887897,108.278477255
avx2_add,2000,0xAA,2,0.351227491,0.000469434,40.468951000,2.421380000,38.047571000,115.221478991,108.327428666
avx2_add,2000,0xAA,3,0.351200103,0.000433453,40.531879000,2.413202000,38.118677000,115.409644457,108.538342369
avx2_add,2000,0xAA,4,0.351238686,0.000479639,40.361347000,2.404108000,37.957239000,114.911450748,108.066794696
avx2_add,2000,0xAA,5,0.351262516,0.000488852,40.351581000,2.416986000,37.934595000,114.875852449,107.994998708
avx2_add,2000,0xAA,6,0.351236264,0.000512639,40.507892000,2.419000000,38.088892000,115.329469464,108.442367399
avx2_add,2000,0xAA,7,0.351234477,0.000482190,40.355061000,2.428033000,37.927028000,114.894931071,107.982076097
avx2_add,2000,0xAA,8,0.351315877,0.000514317,40.428241000,2.427362000,38.000879000,115.076612531,108.167269224
avx2_add,2000,0xAA,9,0.351231318,0.000462620,40.541827000,2.419305000,38.122522000,115.427710770,108.539643348
avx2_add,2000,0xAA,10,0.351256527,0.000457154,40.511310000,2.422784000,38.088526000,115.332547411,108.435069878
avx2_add,2000,0xAA,11,0.351296206,0.000537234,40.425678000,2.422723000,38.002955000,115.075760370,108.179235557
avx2_add,2000,0xAA,12,0.351232650,0.000441038,40.490924000,2.423699000,38.067225000,115.282346319,108.381794791
avx2_add,2000,0xAA,13,0.351240520,0.000420586,40.435565000,2.428643000,38.006922000,115.122153391,108.207680649
avx2_add,2000,0xAA,14,0.351281260,0.000521010,40.366718000,2.420159000,37.946559000,114.912813831,108.023294584
avx2_add,2000,0xAA,15,0.351277435,0.000461325,40.446979000,2.400568000,38.046411000,115.142548132,108.308724610
avx2_add,2000,0xAA,16,0.351287616,0.000493214,40.533405000,2.420404000,38.113001000,115.385237574,108.495145548
avx2_add,2000,0xAA,17,0.351242294,0.000493130,40.380878000,2.419549000,37.961329000,114.965875984,108.077329126
avx2_add,2000,0xAA,18,0.351227692,0.000409788,40.320636000,2.422846000,37.897790000,114.799137333,107.900917010
avx2_add,2000,0xAA,19,0.351263573,0.000456323,40.582416000,2.417108000,38.165308000,115.532663060,108.651482695
avx2_add,2000,0xAA,20,0.351242881,0.000448361,40.416217000,2.417169000,37.999048000,115.066295167,108.184535758
avx2_add,2000,0xAA,21,0.351231230,0.000407604,40.239215000,2.412226000,37.826989000,114.566164801,107.698250468
avx2_add,2000,0xAA,22,0.351432937,0.000803658,40.722491000,2.424311000,38.298180000,115.875567604,108.977207355
avx2_add,2000,0xAA,23,0.351244943,0.000428659,40.462848000,2.407830000,38.055018000,115.198378884,108.343248157
avx2_add,2000,0xAA,24,0.351278536,0.000464416,40.398090000,2.409173000,37.988917000,115.003012810,108.144714475
avx2_add,2000,0xAA,25,0.351268142,0.000447695,40.515155000,2.424127000,38.091028000,115.339679866,108.438607116
avx2_add,2000,0xAA,26,0.351259335,0.000431396,40.544940000,2.417535000,38.127405000,115.427366425,108.544887420
avx2_add,2000,0xAA,27,0.351324337,0.000534962,40.350177000,2.404901000,37.945276000,114.851641943,108.006397409
avx2_add,2000,0xAA,28,0.351233997,0.000418518,40.315693000,2.415338000,37.900355000,114.783003195,107.906282774
avx2_add,2000,0xAA,29,0.351235171,0.000446036,40.633868000,2.424738000,38.209130000,115.688494066,108.785033934
avx2_add,2000,0xAA,30,0.351242232,0.000469156,40.450152000,2.425287000,38.024865000,115.163121851,108.258237481
avx2_add,2000,0xAA,31,0.351237929,0.000438894,40.352619000,2.420343000,37.932276000,114.886849145,107.995956112
avx2_add,2000,0xAA,32,0.351252480,0.000485307,40.637592000,2.433343000,38.204249000,115.693395388,108.765777388
avx2_add,2000,0xAA,33,0.351265794,0.000486295,40.502093000,2.417414000,38.084679000,115.303265044,108.421257066
avx2_add,2000,0xAA,34,0.351239539,0.000464437,40.311360000,2.418695000,37.892665000,114.768855781,107.882686283
avx2_add,2000,0xAA,35,0.351246546,0.000423558,40.426594000,2.413996000,38.012598000,115.094637745,108.221983692
avx2_add,2000,0xAA,36,0.351294790,0.000473327,40.513874000,2.413568000,38.100306000,115.327283995,108.456792119
avx2_add,2000,0xAA,37,0.351319264,0.000475517,40.440204000,2.420343000,38.019861000,115.109554444,108.220256746
avx2_add,2000,0xAA,38,0.351267515,0.000452058,40.537799000,2.422662000,38.115137000,115.404349174,108.507434732
avx2_add,2000,0xAA,39,0.351307536,0.000471952,40.723528000,2.428277000,38.295251000,115.919881697,109.007769795
avx2_add,2000,0xAA,40,0.351284404,0.000529886,40.416644000,2.419733000,37.996911000,115.053909366,108.165664482
avx2_add,2000,0xAA,41,0.351319277,0.000529713,40.426533000,2.428643000,37.997890000,115.070637155,108.157714461
avx2_add,2000,0xAA,42,0.351264254,0.000450909,40.513507000,2.413995000,38.099512000,115.336264877,108.463960124
avx2_add,2000,0xAA,43,0.351248997,0.000456090,40.379718000,2.413690000,37.966028000,114.960379376,108.088644460
avx2_add,2000,0xAA,44,0.351312972,0.000510243,40.423175000,2.412103000,38.011072000,115.063143848,108.197177618
avx2_add,2000,0xAA,45,0.351268010,0.000479757,40.518268000,2.416559000,38.101709000,115.348585364,108.469054825
avx2_add,2000,0xAA,46,0.351250559,0.000471762,40.555744000,2.409784000,38.145960000,115.461009260,108.600425153
avx2_add,2000,0xAA,47,0.351290785,0.000501695,40.428607000,2.413690000,38.014917000,115.085873791,108.214956307
avx2_add,2000,0xAA,48,0.351300943,0.000551845,40.498493000,2.410638000,38.087855000,115.281481170,108.419450051
avx2_add,2000,0xAA,49,0.351263957,0.000418375,40.507831000,2.421136000,38.086695000,115.320203455,108.427563459
avx2_add,2000,0xAA,50,0.351244776,0.000390837,40.359394000,2.401361000,37.958033000,114.903898103,108.067181485
avx2_add,2000,0xAA,51,0.351334870,0.000549763,40.452716000,2.413690000,38.039026000,115.140054379,108.269999032
avx2_add,2000,0xAA,52,0.351284728,0.000512446,40.574604000,2.406122000,38.168482000,115.503467128,108.653974935
avx2_add,2000,0xAA,53,0.351289087,0.000511782,40.429156000,2.407464000,38.021692000,115.087992947,108.234765542
avx2_add,2000,0xAA,54,0.351319437,0.000560678,40.438129000,2.409418000,38.028711000,115.103591572,108.245394314
avx2_add,2000,0xAA,55,0.351326172,0.000547576,40.570819000,2.414972000,38.155847000,115.479068360,108.605193897
avx2_add,2000,0xAA,56,0.351274262,0.000496081,40.465533000,2.404474000,38.061059000,115.196407322,108.351402555
avx2_add,2000,0xAA,57,0.351303369,0.000558115,40.429340000,2.411126000,38.018214000,115.083837887,108.220465056
avx2_add,2000,0xAA,58,0.351327918,0.000541300,40.560321000,2.431635000,38.128686000,115.448613546,108.527344619
avx2_add,2000,0xAA,59,0.351259547,0.000498229,40.481159000,2.427056000,38.054103000,115.245718906,108.336138734
avx2_add,2000,0xAA,60,0.351343901,0.000567723,40.485736000,2.417352000,38.068384000,115.231076524,108.350774946
avx2_add,2000,0xAA,61,0.351298291,0.000505497,40.419147000,2.406427000,38.012720000,115.056486120,108.206390181
avx2_add,2000,0xAA,62,0.351295778,0.000545486,40.570635000,2.391474000,38.179161000,115.488535586,108.680955913
avx2_add,2000,0xAA,63,0.351283851,0.000512747,40.476337000,2.400506000,38.075831000,115.224018735,108.390496514
avx2_add,2000,0xAA,64,0.351300236,0.000517499,40.436970000,2.422235000,38.014735000,115.106583681,108.211527110
avx2_add,2000,0xAA,65,0.351380727,0.000585078,40.656146000,2.410456000,38.245690000,115.703972704,108.844017625
avx2_add,2000,0xAA,66,0.351285773,0.000506832,40.363239000,2.413813000,37.949426000,114.901433778,108.030068114
avx2_add,2000,0xAA,67,0.351281740,0.000467191,40.406268000,2.411066000,37.995202000,115.025244550,108.161619919
avx2_add,2000,0xAA,68,0.351342154,0.000557344,40.542010000,2.413629000,38.128381000,115.391818219,108.522078933
avx2_add,2000,0xAA,69,0.351330849,0.000568045,40.487079000,2.411982000,38.075097000,115.239180032,108.373907585
avx2_add,2000,0xAA,70,0.351304796,0.000515176,40.471759000,2.410028000,38.061731000,115.204117392,108.343897933
avx2_add,2000,0xAA,71,0.351293059,0.000507475,40.476398000,2.415216000,38.061182000,115.221171923,108.345954964
avx2_add,2000,0xAA,72,0.351308418,0.000498352,40.552143000,2.420465000,38.131678000,115.431742860,108.541885190
avx2_add,2000,0xAA,73,0.351305161,0.000539016,40.402179000,2.393854000,38.008325000,115.005936473,108.191763875
avx2_add,2000,0xAA,74,0.351286761,0.000537198,40.588580000,2.417840000,38.170740000,115.542583812,108.659773897
avx2_add,2000,0xAA,75,0.351306609,0.000512113,40.605731000,2.421930000,38.183801000,115.584876305,108.690813014
avx2_add,2000,0xAA,76,0.351252559,0.000456376,40.481342000,2.410699000,38.070643000,115.248532539,108.385382544
avx2_add,2000,0xAA,77,0.351269447,0.000494766,40.396076000,2.415887000,37.980189000,115.000255189,108.122665853
avx2_add,2000,0xAA,78,0.351300753,0.000499205,40.683734000,2.414056000,38.269678000,115.808843794,108.937079413
avx2_add,2000,0xAA,79,0.351371579,0.000715974,40.667377000,2.415643000,38.251734000,115.738948266,108.864052445
avx2_add,2000,0xAA,80,0.351312286,0.000525622,40.458880000,2.405390000,38.053490000,115.165001659,108.318130383
avx2_add,2000,0xAA,81,0.351410576,0.000570783,40.607745000,2.418573000,38.189172000,115.556411271,108.673940544
avx2_add,2000,0xAA,82,0.351352066,0.000549873,40.623614000,2.401850000,38.221764000,115.620820070,108.784799358
avx2_add,2000,0xAA,83,0.351341284,0.000513224,40.387958000,2.410577000,37.977381000,114.953635653,108.092566069
avx2_add,2000,0xAA,84,0.351360573,0.000560946,40.529010000,2.404901000,38.124109000,115.348770222,108.504231634
avx2_add,2000,0xAA,85,0.351331431,0.000574601,40.524554000,2.396051000,38.128503000,115.345654807,108.525738379
avx2_add,2000,0xAA,86,0.351359120,0.000608964,40.490863000,2.429132000,38.061731000,115.240677355,108.327146836
avx2_add,2000,0xAA,87,0.351328022,0.000550929,40.453937000,2.411737000,38.042200000,115.145773800,108.281143465
avx2_add,2000,0xAA,88,0.351305231,0.000545093,40.694415000,2.414362000,38.280053000,115.837771380,108.965223553
avx2_add,2000,0xAA,89,0.351345497,0.000593537,40.471515000,2.422662000,38.048853000,115.190077407,108.294693745
avx2_add,2000,0xAA,90,0.351283757,0.000513574,40.443988000,2.418695000,38.025293000,115.131961492,108.246658796
avx2_add,2000,0xAA,91,0.351327578,0.000568814,40.598590000,2.422418000,38.176172000,115.557652092,108.662611243
avx2_add,2000,0xAA,92,0.351357822,0.000579948,40.562518000,2.422174000,38.140344000,115.445040444,108.551287561
avx2_add,2000,0xAA,93,0.351403206,0.000580343,40.578571000,2.432123000,38.146448000,115.475813333,108.554638569
avx2_add,2000,0xAA,94,0.351308316,0.000539714,40.495624000,2.411798000,38.083826000,115.270895006,108.405705966
avx2_add,2000,0xAA,95,0.351312584,0.000513917,40.576556000,2.422846000,38.153710000,115.499864800,108.603311396
avx2_add,2000,0xAA,96,0.351349267,0.000597030,40.396869000,2.396051000,38.000818000,114.976386044,108.156815826
avx2_add,2000,0xAA,97,0.351279894,0.000486918,40.536700000,2.421014000,38.115686000,115.397153976,108.505173984
avx2_add,2000,0xAA,98,0.351318953,0.000497237,40.557941000,2.416009000,38.141932000,115.444784872,108.567817443
avx2_add,2000,0xAA,99,0.351302204,0.000537231,40.333698000,2.418024000,37.915674000,114.811969615,107.928938507
avx2_add,2100,0x00,0,0.334380409,0.000316445,39.801473000,2.318109000,37.483364000,119.030517202,112.097966912
avx2_add,2100,0x00,1,0.334434700,0.000361833,39.884297000,2.320245000,37.564052000,119.258847879,112.321036101
avx2_add,2100,0x00,2,0.334363096,0.000314990,39.987812000,2.309931000,37.677881000,119.593975804,112.685524996
avx2_add,2100,0x00,3,0.334395472,0.000381893,39.776144000,2.317377000,37.458767000,118.949409850,112.019360860
avx2_add,2100,0x00,4,0.334393228,0.000387332,39.895405000,2.313775000,37.581630000,119.306856972,112.387533231
avx2_add,2100,0x00,5,0.334383609,0.000393673,40.063435000,2.316950000,37.746485000,119.812795506,112.883777649
avx2_add,2100,0x00,6,0.334494323,0.000482894,39.817709000,2.319879000,37.497830000,119.038519692,112.103038747
avx2_add,2100,0x00,7,0.334386116,0.000334845,39.782003000,2.298517000,37.483486000,118.970259379,112.096418369
avx2_add,2100,0x00,8,0.334383307,0.000359155,39.857320000,2.312372000,37.544948000,119.196500440,112.281167194
avx2_add,2100,0x00,9,0.334397845,0.000326263,39.880574000,2.306207000,37.574367000,119.260858428,112.364261941
avx2_add,2100,0x00,10,0.334412693,0.000454750,39.824544000,2.308283000,37.516261000,119.088015763,112.185517588
avx2_add,2100,0x00,11,0.334367730,0.000341941,39.817159000,2.310052000,37.507107000,119.081943080,112.173226142
avx2_add,2100,0x00,12,0.334366599,0.000304725,40.058369000,2.316034000,37.742335000,119.803739727,112.877108877
avx2_add,2100,0x00,13,0.334405426,0.000382706,39.787862000,2.304864000,37.482998000,118.980910341,112.088486292
avx2_add,2100,0x00,14,0.334399823,0.000324493,39.807332000,2.302180000,37.505152000,119.041127552,112.156614341
avx2_add,2100,0x00,15,0.334392815,0.000314246,39.874715000,2.303949000,37.570766000,119.245130872,112.355183194
avx2_add,2100,0x00,16,0.334406071,0.000396130,39.943928000,2.305414000,37.638514000,119.447377014,112.553321546
avx2_add,2100,0x00,17,0.334425285,0.000446956,39.772969000,2.312677000,37.460292000,118.929311730,112.013934509
avx2_add,2100,0x00,18,0.334425028,0.000387509,39.886434000,2.312494000,37.573940000,119.268687184,112.353851842
avx2_add,2100,0x00,19,0.334407649,0.000400184,40.041524000,2.300897000,37.740627000,119.738660771,112.858145300
avx2_add,2100,0x00,20,0.334416866,0.000368064,39.775167000,2.304377000,37.470790000,118.938878367,112.048146375
avx2_add,2100,0x00,21,0.334520629,0.000477170,39.760579000,2.313226000,37.447353000,118.858377007,111.943329617
avx2_add,2100,0x00,22,0.334440802,0.000407634,39.988423000,2.317194000,37.671229000,119.568015508,112.639453005
avx2_add,2100,0x00,23,0.334358599,0.000251828,39.962056000,2.312372000,37.649684000,119.518553231,112.602708962
avx2_add,2100,0x00,24,0.334416792,0.000330787,39.904500000,2.307672000,37.596828000,119.325646794,112.425060294
avx2_add,2100,0x00,25,0.334438072,0.000394171,39.868306000,2.307306000,37.561000000,119.209830935,112.310777883
avx2_add,2100,0x00,26,0.334372414,0.000286942,40.050313000,2.300043000,37.750270000,119.777563298,112.898876831
avx2_add,2100,0x00,27,0.334451537,0.000421693,39.881795000,2.304987000,37.576808000,119.245363180,112.353521628
avx2_add,2100,0x00,28,0.334412160,0.000433432,39.761434000,2.300775000,37.460659000,118.899486229,112.019428396
avx2_add,2100,0x00,29,0.334402197,0.000350255,39.954487000,2.305109000,37.649378000,119.480336556,112.587113296
avx2_add,2100,0x00,30,0.334438846,0.000378417,39.918782000,2.308283000,37.610499000,119.360482577,112.458524176
avx2_add,2100,0x00,31,0.334430894,0.000398109,39.835897000,2.306573000,37.529324000,119.115481509,112.218472172
avx2_add,2100,0x00,32,0.334429048,0.000391143,39.825338000,2.317865000,37.507473000,119.084565769,112.153753354
avx2_add,2100,0x00,33,0.334398712,0.000329521,40.084370000,2.315607000,37.768763000,119.869989327,112.945300568
avx2_add,2100,0x00,34,0.334387387,0.000335094,39.751302000,2.311457000,37.439845000,118.877994629,111.965482107
avx2_add,2100,0x00,35,0.334409997,0.000371850,39.825520000,2.310602000,37.514918000,119.091894342,112.182405923
avx2_add,2100,0x00,36,0.334542596,0.000513678,39.993916000,2.310113000,37.683803000,119.548053072,112.642764989
avx2_add,2100,0x00,37,0.334405199,0.000339154,39.996540000,2.309320000,37.687220000,119.605018372,112.699264499
avx2_add,2100,0x00,38,0.334368896,0.000313497,39.867269000,2.309076000,37.558193000,119.231392213,112.325618301
avx2_add,2100,0x00,39,0.334430166,0.000353191,39.876180000,2.308161000,37.568019000,119.236193404,112.334420681
avx2_add,2100,0x00,40,0.334419384,0.000347555,39.978109000,2.308771000,37.669338000,119.544831780,112.641012472
avx2_add,2100,0x00,41,0.334408013,0.000314084,39.814778000,2.311090000,37.503688000,119.060478438,112.149489731
avx2_add,2100,0x00,42,0.334469270,0.000389943,39.766683000,2.313165000,37.453518000,118.894877745,111.978950915
avx2_add,2100,0x00,43,0.334389838,0.000331192,40.033588000,2.311273000,37.722315000,119.721305518,112.809393926
avx2_add,2100,0x00,44,0.334377053,0.000304118,39.820577000,2.302363000,37.518214000,119.088844955,112.203315639
avx2_add,2100,0x00,45,0.334449730,0.000435042,39.829305000,2.301385000,37.527920000,119.089062923,112.207954074
avx2_add,2100,0x00,46,0.334356202,0.000272901,39.848470000,2.296564000,37.551906000,119.179694576,112.311079643
avx2_add,2100,0x00,47,0.334436021,0.000374035,39.926777000,2.308466000,37.618311000,119.385396485,112.482832607
avx2_add,2100,0x00,48,0.334422132,0.000372605,39.901693000,2.301203000,37.600490000,119.315347659,112.434215173
avx2_add,2100,0x00,49,0.334398499,0.000333624,39.934285000,2.309320000,37.624965000,119.421244630,112.515352396
avx2_add,2100,0x00,50,0.334385484,0.000343529,40.049519000,2.299128000,37.750391000,119.770507041,112.894825805
avx2_add,2100,0x00,51,0.334529740,0.000514028,39.866658000,2.304864000,37.561794000,119.172238770,112.282375995
avx2_add,2100,0x00,52,0.334370522,0.000319003,39.764546000,2.301569000,37.462977000,118.923599283,112.040310096
avx2_add,2100,0x00,53,0.334394456,0.000288522,39.987386000,2.308465000,37.678921000,119.581486098,112.678067222
avx2_add,2100,0x00,54,0.334453398,0.000379985,39.963337000,2.306818000,37.656519000,119.488506297,112.591228497
avx2_add,2100,0x00,55,0.334395872,0.000341609,39.943379000,2.301263000,37.642116000,119.449378238,112.567525941
avx2_add,2100,0x00,56,0.334389274,0.000358010,40.028401000,2.316645000,37.711756000,119.705995854,112.778007480
avx2_add,2100,0x00,57,0.334410053,0.000383122,40.065816000,2.302545000,37.763271000,119.810441097,112.925047022
avx2_add,2100,0x00,58,0.334408708,0.000340922,39.888020000,2.292109000,37.595911000,119.279250399,112.425035942
avx2_add,2100,0x00,59,0.334413621,0.000338396,39.891377000,2.301386000,37.589991000,119.287536284,112.405681442
avx2_add,2100,0x00,60,0.334798090,0.002306749,40.978777000,2.370661000,38.608116000,122.398478905,115.317611157
avx2_add,2100,0x00,61,0.334414279,0.000362633,40.033101000,2.312616000,37.720485000,119.711099558,112.795677138
avx2_add,2100,0x00,62,0.334404150,0.000290932,39.797201000,2.299921000,37.497280000,119.009291627,112.131622792
avx2_add,2100,0x00,63,0.334446569,0.000419446,39.943318000,2.311396000,37.631922000,119.431089066,112.519982144
avx2_add,2100,0x00,64,0.334410336,0.000336922,39.931721000,2.304071000,37.627650000,119.409350370,112.519398862
avx2_add,2100,0x00,65,0.334384781,0.000326024,39.852376000,2.309198000,37.543178000,119.181189725,112.275379016
avx2_add,2100,0x00,66,0.334539890,0.000669235,40.027486000,2.322077000,37.705409000,119.649366840,112.708260352
avx2_add,2100,0x00,67,0.334363901,0.000248114,39.903768000,2.296564000,37.607204000,119.342333130,112.473876348
avx2_add,2100,0x00,68,0.334400076,0.000343826,39.880330000,2.290522000,37.589808000,119.259332829,112.409687263
avx2_add,2100,0x00,69,0.334464507,0.000431008,39.904072000,2.303338000,37.600734000,119.307343857,112.420699838
avx2_add,2100,0x00,70,0.334421101,0.000433033,39.958943000,2.308039000,37.650904000,119.486907120,112.585312110
avx2_add,2100,0x00,71,0.334396622,0.000301219,39.899678000,2.308343000,37.591335000,119.318424075,112.415414758
avx2_add,2100,0x00,72,0.334418728,0.000332686,39.919576000,2.305658000,37.613918000,119.370037297,112.475513130
avx2_add,2100,0x00,73,0.334424953,0.000411044,39.884541000,2.305964000,37.578577000,119.263053304,112.367742475
avx2_add,2100,0x00,74,0.334414960,0.000326915,39.923726000,2.296625000,37.627101000,119.383792074,112.516201573
avx2_add,2100,0x00,75,0.334439096,0.000427391,39.867879000,2.311457000,37.556422000,119.208189270,112.296745510
avx2_add,2100,0x00,76,0.334417041,0.000392177,39.919270000,2.303461000,37.615809000,119.369724318,112.481735020
avx2_add,2100,0x00,77,0.334431682,0.000369084,39.974385000,2.316766000,37.657619000,119.529300278,112.601828626
avx2_add,2100,0x00,78,0.334404124,0.000349309,39.943745000,2.311701000,37.632044000,119.447524987,112.534628789
avx2_add,2100,0x00,79,0.334409692,0.000399142,39.897054000,2.305353000,37.591701000,119.305914263,112.412115855
avx2_add,2100,0x00,80,0.334432024,0.000393664,39.946187000,2.278680000,37.667507000,119.444862211,112.631280263
avx2_add,2100,0x00,81,0.334539605,0.000504744,40.042805000,2.305231000,37.737574000,119.695259921,112.804503299
avx2_add,2100,0x00,82,0.334404585,0.000388520,39.893819000,2.301202000,37.592617000,119.298062141,112.416571573
avx2_add,2100,0x00,83,0.334433885,0.000423600,39.879720000,2.299372000,37.580348000,119.245452604,112.370036858
avx2_add,2100,0x00,84,0.334484286,0.000503092,40.017293000,2.298395000,37.718898000,119.638783104,112.767324285
avx2_add,2100,0x00,85,0.334393713,0.000361025,39.911458000,2.304315000,37.607143000,119.354690242,112.463666541
avx2_add,2100,0x00,86,0.334429624,0.000415085,39.940999000,2.300287000,37.640712000,119.430206377,112.551967023
avx2_add,2100,0x00,87,0.334448953,0.000448294,39.921041000,2.293574000,37.627467000,119.363629634,112.505859631
avx2_add,2100,0x00,88,0.334427486,0.000428503,40.027424000,2.299982000,37.727442000,119.689396506,112.812025193
avx2_add,2100,0x00,89,0.334423057,0.000392583,39.863606000,2.305536000,37.558070000,119.201129227,112.307059116
avx2_add,2100,0x00,90,0.334460344,0.000439872,39.850423000,2.292047000,37.558376000,119.148424237,112.295453358
avx2_add,2100,0x00,91,0.334378667,0.000310561,40.031575000,2.294123000,37.737452000,119.719285355,112.858431990
avx2_add,2100,0x00,92,0.334403106,0.000358378,39.994771000,2.295709000,37.699062000,119.600477075,112.735382344
avx2_add,2100,0x00,93,0.334404380,0.000360956,39.755026000,2.295832000,37.459194000,118.883090153,112.017653752
avx2_add,2100,0x00,94,0.334389080,0.000320285,39.906086000,2.284968000,37.621118000,119.340278555,112.507017142
avx2_add,2100,0x00,95,0.334475524,0.000422489,39.986897000,2.296076000,37.690821000,119.551040675,112.686335087
avx2_add,2100,0x00,96,0.334465981,0.000427292,39.980000000,2.311884000,37.668116000,119.533830818,112.621665962
avx2_add,2100,0x00,97,0.334399584,0.000366695,39.868733000,2.317071000,37.551662000,119.224828367,112.295779674
avx2_add,2100,0x00,98,0.334402809,0.000301588,39.907857000,2.300959000,37.606898000,119.340675321,112.459874858
avx2_add,2100,0x00,99,0.334377598,0.000278590,39.922017000,2.292475000,37.629542000,119.392020369,112.536073640
avx2_add,2100,0xAA,0,0.334404450,0.000373615,39.870992000,2.287225000,37.583767000,119.229848880,112.390152213
avx2_add,2100,0xAA,1,0.334375436,0.000348310,40.016865000,2.304011000,37.712854000,119.676449686,112.785958477
avx2_add,2100,0xAA,2,0.334417855,0.000378986,39.914693000,2.302362000,37.612331000,119.355747203,112.471060984
avx2_add,2100,0xAA,3,0.334405810,0.000345865,39.826009000,2.295282000,37.530727000,119.094847512,112.231085195
avx2_add,2100,0xAA,4,0.334398469,0.000345605,39.975972000,2.308526000,37.667446000,119.545918290,112.642399832
avx2_add,2100,0xAA,5,0.334378759,0.000315362,39.909200000,2.297479000,37.611721000,119.353275171,112.482387173
avx2_add,2100,0xAA,6,0.334381925,0.000352130,39.900350000,2.281549000,37.618801000,119.325678264,112.502495462
avx2_add,2100,0xAA,7,0.334374959,0.000342708,39.809590000,2.308100000,37.501490000,119.056732444,112.154002621
avx2_add,2100,0xAA,8,0.334376913,0.000302405,39.926594000,2.304560000,37.622034000,119.405953151,112.513850524
avx2_add,2100,0xAA,9,0.334400140,0.000368690,39.755025000,2.292170000,37.462855000,118.884594341,112.030021853
avx2_add,2100,0xAA,10,0.334396017,0.000381481,39.818806000,2.304926000,37.513880000,119.076795041,112.183991653
avx2_add,2100,0xAA,11,0.334407602,0.000375223,39.935140000,2.307184000,37.627956000,119.420550733,112.521233892
avx2_add,2100,0xAA,12,0.334411537,0.000457400,39.897054000,2.292475000,37.604579000,119.305255843,112.450004917
avx2_add,2100,0xAA,13,0.334385656,0.000384723,39.791402000,2.292779000,37.498623000,118.998531546,112.141840893
avx2_add,2100,0xAA,14,0.334488934,0.000469681,39.834188000,2.308466000,37.525722000,119.089703590,112.188231626
avx2_add,2100,0xAA,15,0.334446192,0.000476278,40.077717000,2.310297000,37.767420000,119.833079209,112.925250517
avx2_add,2100,0xAA,16,0.334405037,0.000437163,39.880391000,2.309259000,37.571132000,119.257746160,112.352171346
avx2_add,2100,0xAA,17,0.334413447,0.000360226,39.862325000,2.315912000,37.546413000,119.200724007,112.275428326
avx2_add,2100,0xAA,18,0.334394909,0.000375700,39.932881000,2.292475000,37.640406000,119.418328226,112.562736414
avx2_add,2100,0xAA,19,0.334379602,0.000345704,39.967244000,2.307001000,37.660243000,119.526561210,112.627213929
avx2_add,2100,0xAA,20,0.334409027,0.000373116,39.787435000,2.294428000,37.493007000,118.978352106,112.117209575
avx2_add,2100,0xAA,21,0.334356940,0.000325849,39.908284000,2.300836000,37.607448000,119.358324237,112.476947696
avx2_add,2100,0xAA,22,0.334362812,0.000323735,39.994954000,2.306085000,37.688869000,119.615437300,112.718483106
avx2_add,2100,0xAA,23,0.334392457,0.000368174,39.909932000,2.304804000,37.605128000,119.350574779,112.458062856
avx2_add,2100,0xAA,24,0.334357051,0.000324002,39.860738000,2.285089000,37.575649000,119.216083347,112.381805450
avx2_add,2100,0xAA,25,0.334393331,0.000361966,39.940023000,2.308100000,37.631923000,119.440249816,112.537899244
avx2_add,2100,0xAA,26,0.334408583,0.000393775,39.819417000,2.306024000,37.513393000,119.074147738,112.178319945
avx2_add,2100,0xAA,27,0.334372363,0.000346733,39.856404000,2.303034000,37.553370000,119.197662253,112.310029618
avx2_add,2100,0xAA,28,0.334374109,0.000341472,39.953755000,2.309748000,37.644007000,119.488183817,112.580507841
avx2_add,2100,0xAA,29,0.334497230,0.000478236,39.846761000,2.303888000,37.542873000,119.124337639,112.236723060
avx2_add,2100,0xAA,30,0.334395005,0.000386155,39.864216000,2.290155000,37.574061000,119.212952918,112.364300980
avx2_add,2100,0xAA,31,0.334375088,0.000315038,39.807821000,2.302850000,37.504971000,119.051396060,112.164369829
avx2_add,2100,0xAA,32,0.334446930,0.000433272,39.942341000,2.299982000,37.642359000,119.428038900,112.551067423
avx2_add,2100,0xAA,33,0.334363882,0.000301858,39.901509000,2.297907000,37.603602000,119.335583442,112.463109708
avx2_add,2100,0xAA,34,0.334386823,0.000390405,39.890157000,2.302240000,37.587917000,119.293447782,112.408487484
avx2_add,2100,0xAA,35,0.334406748,0.000361856,39.825521000,2.299189000,37.526332000,119.093054230,112.217627785
avx2_add,2100,0xAA,36,0.334369923,0.000300102,39.933370000,2.305292000,37.628078000,119.428714121,112.534278233
avx2_add,2100,0xAA,37,0.334372573,0.000338690,39.809713000,2.312189000,37.497524000,119.057949590,112.142941652
avx2_add,2100,0xAA,38,0.334405638,0.000331239,39.846761000,2.311030000,37.535731000,119.156965341,112.246106975
avx2_add,2100,0xAA,39,0.334357458,0.000279161,40.020772000,2.300409000,37.720363000,119.694569376,112.814480590
avx2_add,2100,0xAA,40,0.334356593,0.000285677,39.893025000,2.305414000,37.587611000,119.312810949,112.417735313
avx2_add,2100,0xAA,41,0.334409351,0.000409442,39.811848000,2.306940000,37.504908000,119.051240134,112.152689032
avx2_add,2100,0xAA,42,0.334376098,0.000366045,39.916096000,2.275018000,37.641078000,119.374848391,112.571078582
avx2_add,2100,0xAA,43,0.334385114,0.000347182,40.025655000,2.310724000,37.714931000,119.699273010,112.788905574
avx2_add,2100,0xAA,44,0.334501973,0.000454169,39.836446000,2.308405000,37.528041000,119.091811920,112.190791329
avx2_add,2100,0xAA,45,0.334391058,0.000374287,39.842793000,2.304377000,37.538416000,119.150294257,112.259030443
avx2_add,2100,0xAA,46,0.334364193,0.000338441,39.984029000,2.307367000,37.676662000,119.582269551,112.681509686
avx2_add,2100,0xAA,47,0.334422480,0.000345965,39.709982000,2.301874000,37.408108000,118.741963745,111.858831966
avx2_add,2100,0xAA,48,0.334368156,0.000296059,39.851826000,2.306147000,37.545679000,119.185470406,112.288441020
avx2_add,2100,0xAA,49,0.334375245,0.000336242,39.929830000,2.313288000,37.616542000,119.416226534,112.497987116
avx2_add,2100,0xAA,50,0.334437681,0.000409090,39.940999000,2.313043000,37.627956000,119.427329251,112.511113962
avx2_add,2100,0xAA,51,0.334354702,0.000281946,39.866169000,2.310846000,37.555323000,119.233164036,112.321803173
avx2_add,2100,0xAA,52,0.334359321,0.000259739,39.769186000,2.305963000,37.463223000,118.941460458,112.044799134
avx2_add,2100,0xAA,53,0.334397176,0.000337821,39.908834000,2.304437000,37.604397000,119.345607153,112.454289985
avx2_add,2100,0xAA,54,0.334391698,0.000330028,39.849629000,2.286066000,37.563563000,119.170509329,112.334017838
avx2_add,2100,0xAA,55,0.334446363,0.000372109,39.737874000,2.300958000,37.436916000,118.816881781,111.936980388
avx2_add,2100,0xAA,56,0.334460667,0.000452724,39.990498000,2.318720000,37.671778000,119.567117773,112.634404224
avx2_add,2100,0xAA,57,0.334406472,0.000361956,39.873189000,2.308771000,37.564418000,119.235697534,112.331611668
avx2_add,2100,0xAA,58,0.334374718,0.000325716,39.842427000,2.314387000,37.528040000,119.155022246,112.233485200
avx2_add,2100,0xAA,59,0.334511333,0.000618763,40.081074000,2.322748000,37.758326000,119.819779008,112.876074055
avx2_add,2100,0xAA,60,0.334400298,0.000365024,40.036946000,2.307428000,37.729518000,119.727602776,112.827405567
avx2_add,2100,0xAA,61,0.334413860,0.000306130,39.837422000,2.308343000,37.529079000,119.126109111,112.223455619
avx2_add,2100,0xAA,62,0.334451155,0.000378675,39.874653000,2.312799000,37.561854000,119.224145117,112.308938015
avx2_add,2100,0xAA,63,0.334362321,0.000261513,39.936848000,2.307733000,37.629115000,119.441831460,112.539938350
avx2_add,2100,0xAA,64,0.334362120,0.000240974,39.886861000,2.308222000,37.578639000,119.292403684,112.389043938
avx2_add,2100,0xAA,65,0.334393428,0.000305436,39.730978000,2.307489000,37.423489000,118.815068288,111.914546909
avx2_add,2100,0xAA,66,0.334388648,0.000319031,39.924764000,2.301812000,37.622952000,119.396290070,112.512647296
avx2_add,2100,0xAA,67,0.334432389,0.000379245,39.942219000,2.302728000,37.639491000,119.432866752,112.547385342
avx2_add,2100,0xAA,68,0.334457725,0.000430263,39.780965000,2.306391000,37.474574000,118.941683809,112.045771931
avx2_add,2100,0xAA,69,0.334436284,0.000397935,39.804036000,2.299372000,37.504664000,119.018294232,112.142927793
avx2_add,2100,0xAA,70,0.334427052,0.000389535,40.014241000,2.305597000,37.708644000,119.650132187,112.755962038
avx2_add,2100,0xAA,71,0.334398118,0.000329956,39.712240000,2.302485000,37.409755000,118.757366803,111.871906408
avx2_add,2100,0xAA,72,0.334365637,0.000314868,39.820332000,2.306634000,37.513698000,119.092178302,112.193640449
avx2_add,2100,0xAA,73,0.334420260,0.000382456,39.893635000,2.304316000,37.589319000,119.291920445,112.401440774
avx2_add,2100,0xAA,74,0.334533940,0.000494966,39.839802000,2.303095000,37.536707000,119.090463637,112.205975322
avx2_add,2100,0xAA,75,0.334401662,0.000340635,39.718282000,2.299860000,37.418422000,118.774176262,111.896638684
avx2_add,2100,0xAA,76,0.334393450,0.000329521,39.840108000,2.306208000,37.533900000,119.141412456,112.244722353
avx2_add,2100,0xAA,77,0.334435021,0.000384994,40.003743000,2.301508000,37.702235000,119.615890906,112.734111623
avx2_add,2100,0xAA,78,0.334377933,0.000329042,39.728230000,2.304194000,37.424036000,118.812356059,111.921369022
avx2_add,2100,0xAA,79,0.334419093,0.000394357,39.823141000,2.292291000,37.530850000,119.081541057,112.226995233
avx2_add,2100,0xAA,80,0.334451214,0.000447713,39.950154000,2.306513000,37.643641000,119.449869746,112.553458848
avx2_add,2100,0xAA,81,0.334401896,0.000370519,39.922261000,2.303094000,37.619167000,119.384074929,112.496871154
avx2_add,2100,0xAA,82,0.334431941,0.000390318,39.803792000,2.298151000,37.505641000,119.019110143,112.147305392
avx2_add,2100,0xAA,83,0.334408611,0.000328225,39.795126000,2.293573000,37.501553000,119.001498885,112.142904574
avx2_add,2100,0xAA,84,0.334402592,0.000373332,39.955403000,2.298945000,37.656458000,119.482934395,112.608152163
avx2_add,2100,0xAA,85,0.334431070,0.000370836,39.874837000,2.311579000,37.563258000,119.231855410,112.319880997
avx2_add,2100,0xAA,86,0.334444062,0.000409433,39.758321000,2.302057000,37.456264000,118.878836503,111.995601728
avx2_add,2100,0xAA,87,0.334410365,0.000366295,39.913289000,2.303949000,37.609340000,119.354222322,112.464636221
avx2_add,2100,0xAA,88,0.334476231,0.000399738,39.837850000,2.304926000,37.532924000,119.105175048,112.214024679
avx2_add,2100,0xAA,89,0.334413595,0.000364986,39.835652000,2.308282000,37.527370000,119.120910727,112.218434170
avx2_add,2100,0xAA,90,0.334388176,0.000335583,39.852986000,2.300104000,37.552882000,119.181803896,112.303259240
avx2_add,2100,0xAA,91,0.334441254,0.000409462,39.875142000,2.290399000,37.584743000,119.229136662,112.380702232
avx2_add,2100,0xAA,92,0.334452868,0.000460985,39.858540000,2.301203000,37.557337000,119.175357334,112.294857200
avx2_add,2100,0xAA,93,0.334374645,0.000352577,39.814534000,2.289239000,37.525295000,119.071629790,112.225300288
avx2_add,2100,0xAA,94,0.334382459,0.000384319,39.993123000,2.305658000,37.687465000,119.602933440,112.707661462
avx2_add,2100,0xAA,95,0.334397831,0.000331286,39.793599000,2.301386000,37.492213000,119.000768903,112.118589095
avx2_add,2100,0xAA,96,0.334409058,0.000369468,39.816182000,2.306208000,37.509974000,119.064304644,112.167936432
avx2_add,2100,0xAA,97,0.334409191,0.000380383,39.915242000,2.301081000,37.614161000,119.360481384,112.479447421
avx2_add,2100,0xAA,98,0.334415456,0.000374278,39.909871000,2.298395000,37.611476000,119.342184466,112.469311335
avx2_add,2100,0xAA,99,0.334381939,0.000349540,39.833394000,2.311517000,37.521877000,119.125435015,112.212630443
avx2_add,2300,0x00,0,0.305241394,0.000139890,36.399748000,2.090266000,34.309482000,119.249055730,112.401144401
avx2_add,2300,0x00,1,0.305245169,0.000148199,36.633939000,2.098993000,34.534946000,120.014803618,113.138386842
avx2_add,2300,0x00,2,0.305261580,0.000210721,36.442777000,2.096430000,34.346347000,119.382127804,112.514476797
avx2_add,2300,0x00,3,0.305270212,0.000265796,36.468413000,2.094782000,34.373631000,119.462730410,112.600672077
avx2_add,2300,0x00,4,0.305245031,0.000165222,36.664701000,2.095575000,34.569126000,120.115635747,113.250413434
avx2_add,2300,0x00,5,0.305258470,0.000172887,36.505766000,2.105830000,34.399936000,119.589690832,112.691176262
avx2_add,2300,0x00,6,0.305259722,0.000217932,36.686796000,2.106501000,34.580295000,120.182236147,113.281551753
avx2_add,2300,0x00,7,0.305240488,0.000177640,36.359099000,2.101679000,34.257420000,119.116239175,112.230917335
avx2_add,2300,0x00,8,0.305337285,0.000386591,36.617643000,2.109187000,34.508456000,119.925226436,113.017498143
avx2_add,2300,0x00,9,0.305253299,0.000207328,36.650785000,2.081537000,34.569248000,120.066794102,113.247745768
avx2_add,2300,0x00,10,0.305246801,0.000209443,36.601285000,2.107111000,34.494174000,119.907186199,113.004211317
avx2_add,2300,0x00,11,0.305285008,0.000253100,36.440763000,2.113581000,34.327182000,119.366369264,112.443064993
avx2_add,2300,0x00,12,0.305278472,0.000215942,36.426177000,2.101008000,34.325169000,119.321145413,112.438878270
avx2_add,2300,0x00,13,0.305255222,0.000194399,36.563077000,2.101008000,34.462069000,119.778710902,112.895919559
avx2_add,2300,0x00,14,0.305257018,0.000187120,36.541044000,2.094294000,34.446750000,119.705827753,112.845071480
avx2_add,2300,0x00,15,0.305254140,0.000143467,36.514127000,2.105159000,34.408968000,119.618777352,112.722363104
avx2_add,2300,0x00,16,0.305264550,0.000214980,36.528715000,2.093195000,34.435520000,119.662486320,112.805499480
avx2_add,2300,0x00,17,0.305266016,0.000256652,36.473478000,2.092647000,34.380831000,119.480964600,112.625805842
avx2_add,2300,0x00,18,0.305302789,0.000288633,36.960782000,2.105952000,34.854830000,121.062706617,114.164793875
avx2_add,2300,0x00,19,0.305292282,0.000264518,36.544096000,2.098810000,34.445286000,119.701997632,112.827241457
avx2_add,2300,0x00,20,0.305254038,0.000230057,36.578641000,2.097895000,34.480746000,119.830162448,112.957542477
avx2_add,2300,0x00,21,0.305266696,0.000242093,36.537321000,2.098688000,34.438633000,119.689836719,112.814903988
avx2_add,2300,0x00,22,0.305254035,0.000151474,36.280974000,2.049556000,34.231418000,118.855018561,112.140755145
avx2_add,2300,0x00,23,0.305248804,0.000222678,36.501005000,2.092829000,34.408176000,119.577880545,112.721739018
avx2_add,2300,0x00,24,0.305344154,0.000324098,36.687773000,2.096613000,34.591160000,120.152203662,113.285810541
avx2_add,2300,0x00,25,0.305271833,0.000192548,36.488066000,2.097162000,34.390904000,119.526474455,112.656656246
avx2_add,2300,0x00,26,0.305245774,0.000220031,36.454130000,2.094110000,34.360020000,119.425502859,112.565096650
avx2_add,2300,0x00,27,0.305280343,0.000272209,36.505460000,2.095209000,34.410251000,119.580119642,112.716890336
avx2_add,2300,0x00,28,0.305261742,0.000221099,36.555083000,2.096675000,34.458408000,119.749965401,112.881515432
avx2_add,2300,0x00,29,0.305247786,0.000213213,36.486967000,2.087885000,34.399082000,119.532290302,112.692322597
avx2_add,2300,0x00,30,0.305237467,0.000180585,36.410795000,2.096247000,34.314548000,119.286781396,112.419187386
avx2_add,2300,0x00,31,0.305252704,0.000203055,36.583891000,2.102168000,34.481723000,119.847885017,112.961236772
avx2_add,2300,0x00,32,0.305256251,0.000214160,36.467802000,2.092646000,34.375156000,119.466192412,112.610817644
avx2_add,2300,0x00,33,0.305237078,0.000212505,36.527982000,2.088434000,34.439548000,119.670854792,112.828848520
avx2_add,2300,0x00,34,0.305245217,0.000182684,36.525236000,2.085017000,34.440219000,119.658667711,112.828038160
avx2_add,2300,0x00,35,0.305256267,0.000206907,36.525785000,2.041132000,34.484653000,119.656134791,112.969516948
avx2_add,2300,0x00,36,0.305231657,0.000129038,36.466581000,2.091548000,34.375033000,119.471818284,112.619488405
avx2_add,2300,0x00,37,0.305230714,0.000159058,36.529265000,2.089167000,34.440098000,119.677553269,112.833002881
avx2_add,2300,0x00,38,0.305277320,0.000237579,36.504790000,2.096553000,34.408237000,119.579109279,112.711409443
avx2_add,2300,0x00,39,0.305251887,0.000223270,36.647794000,2.085260000,34.562534000,120.057550888,113.226274534
avx2_add,2300,0x00,40,0.305318180,0.000291768,36.863004000,2.090754000,34.772250000,120.736354604,113.888567149
avx2_add,2300,0x00,41,0.305253042,0.000159797,36.441984000,2.084346000,34.357638000,119.382869190,112.554612917
avx2_add,2300,0x00,42,0.305236963,0.000139034,36.548002000,2.090937000,34.457065000,119.736488069,112.886279044
avx2_add,2300,0x00,43,0.305248464,0.000150763,36.510282000,2.088984000,34.421298000,119.608405414,112.764852544
avx2_add,2300,0x00,44,0.305248075,0.000153441,36.600249000,2.094294000,34.505955000,119.903291942,113.042334660
avx2_add,2300,0x00,45,0.305263592,0.000237160,36.493803000,2.098261000,34.395542000,119.548494868,112.674891029
avx2_add,2300,0x00,46,0.305249399,0.000192830,36.387297000,2.085871000,34.301426000,119.205138961,112.371805273
avx2_add,2300,0x00,47,0.305245451,0.000213269,36.593717000,2.087336000,34.506381000,119.882923501,113.044702011
avx2_add,2300,0x00,48,0.305266292,0.000207639,36.551786000,2.088923000,34.462863000,119.737380175,112.894426799
avx2_add,2300,0x00,49,0.305242753,0.000181124,36.498930000,2.057734000,34.441196000,119.573453053,112.832149682
avx2_add,2300,0x00,50,0.305270899,0.000212300,36.573698000,2.080073000,34.493625000,119.807351816,112.993492367
avx2_add,2300,0x00,51,0.305275316,0.000233221,36.623014000,2.098566000,34.524448000,119.967164328,113.092825363
avx2_add,2300,0x00,52,0.305241026,0.000197531,36.469938000,2.097651000,34.372287000,119.479149067,112.607035478
avx2_add,2300,0x00,53,0.305242208,0.000180836,36.336516000,2.096857000,34.239659000,119.041584365,112.172098598
avx2_add,2300,0x00,54,0.305228399,0.000105275,36.372892000,2.085199000,34.287693000,119.166146066,112.334543877
avx2_add,2300,0x00,55,0.305259287,0.000158517,36.480070000,2.091547000,34.388523000,119.505193086,112.653486713
avx2_add,2300,0x00,56,0.305317791,0.000290745,36.691861000,2.099787000,34.592074000,120.175967636,113.298585904
avx2_add,2300,0x00,57,0.305285297,0.000191581,36.548979000,2.087030000,34.461949000,119.720731163,112.884404557
avx2_add,2300,0x00,58,0.305256529,0.000177418,36.570219000,2.084712000,34.485507000,119.801594921,112.972217647
avx2_add,2300,0x00,59,0.305241551,0.000178362,36.751492000,2.083246000,34.668246000,120.401340674,113.576431053
avx2_add,2300,0x00,60,0.305271047,0.000176230,36.652556000,2.090022000,34.562534000,120.065614959,113.219168105
avx2_add,2300,0x00,61,0.305267107,0.000231711,36.560820000,2.088373000,34.472447000,119.766653906,112.925520520
avx2_add,2300,0x00,62,0.305249335,0.000190090,36.530791000,2.039729000,34.491062000,119.675251863,112.993078410
avx2_add,2300,0x00,63,0.305244282,0.000197497,36.646695000,2.084406000,34.562289000,120.056941762,113.228292964
avx2_add,2300,0x00,64,0.305277989,0.000258933,36.423491000,2.086604000,34.336887000,119.312535800,112.477440986
avx2_add,2300,0x00,65,0.305254346,0.000212010,36.481169000,2.076960000,34.404209000,119.510727481,112.706696598
avx2_add,2300,0x00,66,0.305249016,0.000235990,36.460661000,2.057795000,34.402866000,119.445629855,112.704264966
avx2_add,2300,0x00,67,0.305254327,0.000187268,36.558440000,2.075312000,34.483128000,119.763871507,112.965238969
avx2_add,2300,0x00,68,0.305261461,0.000220055,36.445830000,2.068659000,34.377171000,119.392175927,112.615496695
avx2_add,2300,0x00,69,0.305244562,0.000177551,36.529874000,2.080439000,34.449435000,119.674119005,112.858472598
avx2_add,2300,0x00,70,0.305237698,0.000157964,36.402800000,2.089778000,34.313022000,119.260498573,112.414103071
avx2_add,2300,0x00,71,0.305259235,0.000205269,36.431730000,2.087214000,34.344516000,119.346856082,112.509343044
avx2_add,2300,0x00,72,0.305253811,0.000225326,36.368498000,2.083246000,34.285252000,119.141831221,112.317195699
avx2_add,2300,0x00,73,0.305329318,0.000336151,36.767423000,2.081049000,34.686374000,120.418907880,113.603155581
avx2_add,2300,0x00,74,0.305260189,0.000179138,36.501798000,2.071772000,34.430026000,119.576018630,112.789113304
avx2_add,2300,0x00,75,0.305254379,0.000236289,36.534514000,2.068781000,34.465733000,119.685470421,112.908234321
avx2_add,2300,0x00,76,0.305270258,0.000220089,36.620573000,2.093867000,34.526706000,119.961156016,113.102096060
avx2_add,2300,0x00,77,0.305284412,0.000213912,36.517667000,2.094538000,34.423129000,119.618511616,112.757571729
avx2_add,2300,0x00,78,0.305250358,0.000158248,36.492888000,2.094660000,34.398228000,119.550680485,112.688575507
avx2_add,2300,0x00,79,0.305250568,0.000184487,36.613431000,2.094843000,34.518588000,119.945496753,113.082796990
avx2_add,2300,0x00,80,0.305254951,0.000152030,36.427824000,2.084345000,34.343479000,119.335735336,112.507525030
avx2_add,2300,0x00,81,0.305273673,0.000237330,36.462736000,2.082026000,34.380710000,119.442779295,112.622584234
avx2_add,2300,0x00,82,0.305259845,0.000245754,36.469450000,2.096796000,34.372654000,119.470184394,112.601295371
avx2_add,2300,0x00,83,0.305382079,0.000510457,36.787687000,2.111872000,34.675815000,120.464459213,113.548951902
avx2_add,2300,0x00,84,0.305288811,0.000255697,36.575956000,2.084711000,34.491245000,119.807718885,112.979067040
avx2_add,2300,0x00,85,0.305261875,0.000228199,36.621916000,2.095271000,34.526645000,119.968849697,113.105002058
avx2_add,2300,0x00,86,0.305256380,0.000218419,36.630704000,2.102289000,34.528415000,119.999798385,113.112836667
avx2_add,2300,0x00,87,0.305272299,0.000216798,36.456510000,2.106623000,34.349887000,119.422922045,112.522122316
avx2_add,2300,0x00,88,0.305244013,0.000163025,36.673246000,2.103938000,34.569308000,120.144030531,113.251387559
avx2_add,2300,0x00,89,0.305363919,0.000369294,36.838040000,2.073969000,34.764071000,120.636518376,113.844723824
avx2_add,2300,0x00,90,0.305275684,0.000199849,36.451994000,2.096980000,34.355014000,119.406804894,112.537669512
avx2_add,2300,0x00,91,0.305260802,0.000214770,36.372100000,2.083918000,34.288182000,119.150902330,112.324221713
avx2_add,2300,0x00,92,0.305275177,0.000202848,36.703641000,2.080256000,34.623385000,120.231331457,113.416968036
avx2_add,2300,0x00,93,0.305274575,0.000232175,36.648771000,2.095148000,34.553623000,120.051828793,113.188669617
avx2_add,2300,0x00,94,0.305262332,0.000202810,36.411040000,2.097712000,34.313328000,119.277867717,112.406033943
avx2_add,2300,0x00,95,0.305258100,0.000226340,36.440641000,2.101069000,34.339572000,119.376491370,112.493565097
avx2_add,2300,0x00,96,0.305242080,0.000140417,36.475920000,2.098140000,34.377780000,119.498333773,112.624641923
avx2_add,2300,0x00,97,0.305250970,0.000148139,36.655363000,2.100641000,34.554722000,120.082707583,113.201022659
avx2_add,2300,0x00,98,0.305239820,0.000136496,36.415190000,2.096979000,34.318211000,119.300260296,112.430321116
avx2_add,2300,0x00,99,0.305272922,0.000145815,36.844876000,2.104487000,34.740389000,120.694871025,113.801082401
avx2_add,2300,0xAA,0,0.305213602,0.000032132,36.436247000,2.084895000,34.351352000,119.379499275,112.548561908
avx2_add,2300,0xAA,1,0.305216441,0.000046404,36.420805000,2.072688000,34.348117000,119.327795488,112.536916215
avx2_add,2300,0xAA,2,0.305229179,0.000104874,36.511625000,2.089105000,34.422520000,119.620362265,112.775980594
avx2_add,2300,0xAA,3,0.305217546,0.000031413,36.573453000,2.088007000,34.485446000,119.827491971,112.986446855
avx2_add,2300,0xAA,4,0.305247431,0.000105366,36.900235000,2.095820000,34.804415000,120.886307989,114.020337027
avx2_add,2300,0xAA,5,0.305250371,0.000133193,36.688199000,2.099909000,34.588290000,120.190513909,113.311213514
avx2_add,2300,0xAA,6,0.305242351,0.000043390,36.475004000,2.085322000,34.389682000,119.495226758,112.663533874
avx2_add,2300,0xAA,7,0.305233061,0.000035837,36.769743000,2.096064000,34.673679000,120.464483452,113.597389846
avx2_add,2300,0xAA,8,0.305263465,0.000114390,36.618131000,2.094843000,34.523288000,119.955825601,113.093415787
avx2_add,2300,0xAA,9,0.305226690,0.000033426,36.525175000,2.097041000,34.428134000,119.665730997,112.795293163
avx2_add,2300,0xAA,10,0.305310906,0.000298968,36.741300000,2.112299000,34.629001000,120.340607686,113.422089690
avx2_add,2300,0xAA,11,0.305274368,0.000126330,36.671171000,2.102656000,34.568515000,120.125286940,113.237528834
avx2_add,2300,0xAA,12,0.305231014,0.000051458,36.761502000,2.093867000,34.667635000,120.438291858,113.578350041
avx2_add,2300,0xAA,13,0.305244641,0.000099558,36.480436000,2.104303000,34.376133000,119.512125957,112.618301410
avx2_add,2300,0xAA,14,0.305241230,0.000090974,36.676481000,2.101252000,34.575229000,120.155723964,113.271817755
avx2_add,2300,0xAA,15,0.305232292,0.000126242,36.675687000,2.095759000,34.579928000,120.156641309,113.290529641
avx2_add,2300,0xAA,16,0.305212948,0.000040623,36.419096000,2.091425000,34.327671000,119.323561510,112.471214609
avx2_add,2300,0xAA,17,0.305218267,0.000050678,36.310637000,2.071100000,34.239537000,118.966133358,112.180497546
avx2_add,2300,0xAA,18,0.305242340,0.000134579,36.487761000,2.078546000,34.409215000,119.537024212,112.727529831
avx2_add,2300,0xAA,19,0.305231627,0.000088142,36.571379000,2.097711000,34.473668000,119.815169256,112.942647481
avx2_add,2300,0xAA,20,0.305261487,0.000200758,36.798612000,2.095027000,34.703585000,120.547837258,113.684780199
avx2_add,2300,0xAA,21,0.305252618,0.000163091,36.737393000,2.107721000,34.629672000,120.350787509,113.445945835
avx2_add,2300,0xAA,22,0.305234189,0.000148944,36.849454000,2.091975000,34.757479000,120.725185212,113.871513260
avx2_add,2300,0xAA,23,0.305240364,0.000190324,36.724394000,2.099543000,34.624851000,120.313032874,113.434706006
avx2_add,2300,0xAA,24,0.305247148,0.000167214,36.638273000,2.083918000,34.554355000,120.028223762,113.201237785
avx2_add,2300,0xAA,25,0.305238541,0.000129738,36.823820000,2.080744000,34.743076000,120.639483728,113.822703667
avx2_add,2300,0xAA,26,0.305320581,0.000309276,36.870145000,2.088251000,34.781894000,120.758793582,113.919257923
avx2_add,2300,0xAA,27,0.305233770,0.000111683,36.816190000,2.094783000,34.721407000,120.616372265,113.753491393
avx2_add,2300,0xAA,28,0.305245019,0.000119687,36.440458000,2.091242000,34.349216000,119.381007638,112.529980212
avx2_add,2300,0xAA,29,0.305245880,0.000168382,36.700712000,2.098140000,34.602572000,120.233275506,113.359669221
avx2_add,2300,0xAA,30,0.305287507,0.000216788,36.893582000,2.101191000,34.792391000,120.848646566,113.965983654
avx2_add,2300,0xAA,31,0.305277690,0.000252519,36.716276000,2.061396000,34.654880000,120.271730306,113.519202795
avx2_add,2300,0xAA,32,0.305231310,0.000133495,36.679227000,2.102289000,34.576938000,120.168625642,113.281098274
avx2_add,2300,0xAA,33,0.305229039,0.000141783,36.925138000,2.095636000,34.829502000,120.975180116,114.109398259
avx2_add,2300,0xAA,34,0.305272619,0.000229972,36.717680000,2.096064000,34.621616000,120.278327184,113.412123448
avx2_add,2300,0xAA,35,0.305242073,0.000182548,36.836393000,2.094600000,34.741793000,120.679278134,113.817183467
avx2_add,2300,0xAA,36,0.305245440,0.000123942,36.581938000,2.083247000,34.498691000,119.844339146,113.019513190
avx2_add,2300,0xAA,37,0.305252451,0.000156752,36.862882000,2.096369000,34.766513000,120.761952638,113.894296064
avx2_add,2300,0xAA,38,0.305254429,0.000145792,37.124600000,2.088679000,35.035921000,121.618546620,114.776126652
avx2_add,2300,0xAA,39,0.305238485,0.000090991,36.609342000,2.087397000,34.521945000,119.936848611,113.098271234
avx2_add,2300,0xAA,40,0.305235418,0.000098658,36.729520000,2.093378000,34.636142000,120.331776275,113.473535461
avx2_add,2300,0xAA,41,0.305239166,0.000125494,36.749296000,2.093500000,34.655796000,120.395087204,113.536530919
avx2_add,2300,0xAA,42,0.305207931,0.000039002,36.669706000,2.100519000,34.569187000,120.146635194,113.264379579
avx2_add,2300,0xAA,43,0.305303588,0.000270939,36.996366000,2.118342000,34.878024000,121.178942556,114.240465314
avx2_add,2300,0xAA,44,0.305244101,0.000123341,36.888333000,2.087641000,34.800692000,120.848635256,114.009384327
avx2_add,2300,0xAA,45,0.305217373,0.000028973,36.670927000,2.098994000,34.571933000,120.146919141,113.269872853
avx2_add,2300,0xAA,46,0.305262785,0.000074583,36.881680000,2.092036000,34.789644000,120.819443998,113.966214255
avx2_add,2300,0xAA,47,0.305238407,0.000097867,36.661650000,2.086298000,34.575352000,120.108247186,113.273268512
avx2_add,2300,0xAA,48,0.305228876,0.000048907,36.641935000,2.087703000,34.554232000,120.047406781,113.207611577
avx2_add,2300,0xAA,49,0.305221695,0.000057507,36.852323000,2.100032000,34.752291000,120.739526822,113.859177109
avx2_add,2300,0xAA,50,0.305237557,0.000139489,37.075162000,2.095941000,34.979221000,121.463303402,114.596713916
avx2_add,2300,0xAA,51,0.305244904,0.000145211,37.036038000,2.091182000,34.944856000,121.332207556,114.481374094
avx2_add,2300,0xAA,52,0.305209526,0.000032998,36.695951000,2.088068000,34.607883000,120.231997481,113.390572755
avx2_add,2300,0xAA,53,0.305204711,0.000030235,36.917203000,2.090266000,34.826937000,120.958824440,114.110090040
avx2_add,2300,0xAA,54,0.305233862,0.000106564,36.980130000,2.104365000,34.875765000,121.153432056,114.259160942
avx2_add,2300,0xAA,55,0.305235632,0.000095674,36.729154000,2.089045000,34.640109000,120.330492725,113.486452315
avx2_add,2300,0xAA,56,0.305216747,0.000036608,36.818021000,2.103205000,34.714816000,120.629098391,113.738241251
avx2_add,2300,0xAA,57,0.305240459,0.000121918,36.799589000,2.082392000,34.717197000,120.559342223,113.737205982
avx2_add,2300,0xAA,58,0.305211517,0.000036115,36.708035000,2.059931000,34.648104000,120.270805368,113.521613798
avx2_add,2300,0xAA,59,0.305313670,0.000286978,36.850614000,2.102717000,34.747897000,120.697556614,113.810485366
avx2_add,2300,0xAA,60,0.305235593,0.000102189,36.970181000,2.095210000,34.874971000,121.120150454,114.255911666
avx2_add,2300,0xAA,61,0.305197101,0.000031579,36.892789000,2.103266000,34.789523000,120.881846306,113.990345711
avx2_add,2300,0xAA,62,0.305239639,0.000054222,36.935940000,2.094660000,34.841280000,121.006367580,114.144021639
avx2_add,2300,0xAA,63,0.305233082,0.000034989,36.695280000,2.077326000,34.617954000,120.220520358,113.414816391
avx2_add,2300,0xAA,64,0.305232152,0.000125373,36.987393000,2.083673000,34.903720000,121.177905924,114.351387202
avx2_add,2300,0xAA,65,0.305229747,0.000089289,36.723172000,2.090693000,34.632479000,120.313214398,113.463642821
avx2_add,2300,0xAA,66,0.305215205,0.000054381,36.807889000,2.087214000,34.720675000,120.596511552,113.758012141
avx2_add,2300,0xAA,67,0.305231719,0.000107517,36.761808000,2.090388000,34.671420000,120.439016479,113.590488387
avx2_add,2300,0xAA,68,0.305209122,0.000032210,36.596952000,2.086298000,34.510654000,119.907792341,113.072157850
avx2_add,2300,0xAA,69,0.305232977,0.000103271,36.947233000,2.082453000,34.864780000,121.046006811,114.223503485
avx2_add,2300,0xAA,70,0.305231252,0.000120940,36.775052000,2.088678000,34.686374000,120.482590632,113.639654382
avx2_add,2300,0xAA,71,0.305210365,0.000029218,36.784635000,2.050105000,34.734530000,120.522234100,113.805211225
avx2_add,2300,0xAA,72,0.305229127,0.000069290,36.771512000,2.081415000,34.690097000,120.471831768,113.652643106
avx2_add,2300,0xAA,73,0.305273651,0.000176813,36.751248000,2.073847000,34.677401000,120.387881116,113.594477907
avx2_add,2300,0xAA,74,0.305215376,0.000061003,36.605131000,2.086237000,34.518894000,119.932132847,113.096838281
avx2_add,2300,0xAA,75,0.305323349,0.000312620,36.913113000,2.108576000,34.804537000,120.898428059,113.992385650
avx2_add,2300,0xAA,76,0.305267560,0.000196653,36.887845000,2.090876000,34.796969000,120.837749607,113.988427004
avx2_add,2300,0xAA,77,0.305274297,0.000241020,36.872281000,2.089838000,34.782443000,120.784099150,113.938327927
avx2_add,2300,0xAA,78,0.305245361,0.000183105,36.859098000,2.085200000,34.773898000,120.752361017,113.921135163
avx2_add,2300,0xAA,79,0.305280454,0.000194305,36.928067000,2.099238000,34.828829000,120.964400334,114.087975802
avx2_add,2300,0xAA,80,0.305266137,0.000171485,37.002103000,2.084894000,34.917209000,121.212602717,114.382844199
avx2_add,2300,0xAA,81,0.305239061,0.000170261,36.776273000,2.088740000,34.687533000,120.483508611,113.640544296
avx2_add,2300,0xAA,82,0.305252013,0.000217008,36.771390000,2.087275000,34.684115000,120.462399801,113.624525151
avx2_add,2300,0xAA,83,0.305279970,0.000215305,36.586149000,2.079096000,34.507053000,119.844577268,113.034120632
avx2_add,2300,0xAA,84,0.305240856,0.000169141,36.938077000,2.065547000,34.872530000,121.012886409,114.245944955
avx2_add,2300,0xAA,85,0.305240317,0.000129173,36.708158000,2.098322000,34.609836000,120.259860678,113.385532868
avx2_add,2300,0xAA,86,0.305248775,0.000151112,36.837735000,2.093257000,34.744478000,120.681024747,113.823480443
avx2_add,2300,0xAA,87,0.305252251,0.000148267,36.721341000,2.082758000,34.638583000,120.298346203,113.475274492
avx2_add,2300,0xAA,88,0.305239755,0.000107828,36.830228000,2.094904000,34.735324000,120.659997395,113.796854675
avx2_add,2300,0xAA,89,0.305235411,0.000094988,36.727872000,2.086482000,34.641390000,120.326379811,113.490731244
avx2_add,2300,0xAA,90,0.305984587,0.003846255,38.966026000,2.236810000,36.729216000,127.346368757,120.036163936
avx2_add,2300,0xAA,91,0.305291248,0.000235591,36.929959000,2.110102000,34.819857000,120.966320489,114.054553412
avx2_add,2300,0xAA,92,0.305275570,0.000152965,36.882230000,2.098139000,34.784091000,120.816185806,113.943251298
avx2_add,2300,0xAA,93,0.305243866,0.000129253,36.825407000,2.081965000,34.743442000,120.642578158,113.821916944
avx2_add,2300,0xAA,94,0.305222115,0.000107430,36.751798000,2.098689000,34.653109000,120.410010391,113.534070218
avx2_add,2300,0xAA,95,0.305255117,0.000107142,36.766690000,2.087519000,34.679171000,120.445777719,113.607173280
avx2_add,2300,0xAA,96,0.305259084,0.000168679,36.637113000,2.088373000,34.548740000,120.019730406,113.178417215
avx2_add,2300,0xAA,97,0.305234922,0.000135248,36.931302000,2.082270000,34.849032000,120.993042832,114.171182522
avx2_add,2300,0xAA,98,0.305231620,0.000148502,36.608000000,2.071101000,34.536899000,119.935149436,113.149807217
avx2_add,2300,0xAA,99,0.305258674,0.000186285,36.775052000,2.075068000,34.699984000,120.471767537,113.674031134
avx2_add,2500,0x00,0,0.280860124,0.000237349,36.651945000,1.945491000,34.706454000,130.498927445,123.572023870
avx2_add,2500,0x00,1,0.280965610,0.000389458,36.739347000,1.947565000,34.791782000,130.761010284,123.829325652
avx2_add,2500,0x00,2,0.280905203,0.000342150,36.603544000,1.942256000,34.661288000,130.305681840,123.391406206
avx2_add,2500,0x00,3,0.280902668,0.000299434,36.709256000,1.938838000,34.770418000,130.683187620,123.781017494
avx2_add,2500,0x00,4,0.280958510,0.000383427,36.753202000,1.943415000,34.809787000,130.813628129,123.896539187
avx2_add,2500,0x00,5,0.280913971,0.000354757,36.582976000,1.938410000,34.644566000,130.228396342,123.328027555
avx2_add,2500,0x00,6,0.280942968,0.000347039,36.562468000,1.937861000,34.624607000,130.141958190,123.244255737
avx2_add,2500,0x00,7,0.280924721,0.000347548,36.689054000,1.941096000,34.747958000,130.601015831,123.691349819
avx2_add,2500,0x00,8,0.280944190,0.000356887,36.732450000,1.941890000,34.790560000,130.746430290,123.834416920
avx2_add,2500,0x00,9,0.281015827,0.000533842,36.708585000,1.945186000,34.763399000,130.628176227,123.706195998
avx2_add,2500,0x00,10,0.280909237,0.000358190,36.560026000,1.918452000,34.641574000,130.148892301,123.319455070
avx2_add,2500,0x00,11,0.280935884,0.000339138,36.670072000,1.946894000,34.723178000,130.528259658,123.598230026
avx2_add,2500,0x00,12,0.280906049,0.000326665,36.744352000,1.938289000,34.806063000,130.806553181,123.906420525
avx2_add,2500,0x00,13,0.280905837,0.000330278,36.560819000,1.937617000,34.623202000,130.153290676,123.255545070
avx2_add,2500,0x00,14,0.280924472,0.000323726,36.624052000,1.943232000,34.680820000,130.369745688,123.452470077
avx2_add,2500,0x00,15,0.280922383,0.000315661,36.756986000,1.942316000,34.814670000,130.843920752,123.929854382
avx2_add,2500,0x00,16,0.280894799,0.000299052,36.567472000,1.932796000,34.634676000,130.182089837,123.301236205
avx2_add,2500,0x00,17,0.280883979,0.000266497,36.565031000,1.941829000,34.623202000,130.178414209,123.265136332
avx2_add,2500,0x00,18,0.280922224,0.000362489,36.574491000,1.936153000,34.638338000,130.194366422,123.302234604
avx2_add,2500,0x00,19,0.280906356,0.000372429,36.629667000,1.935420000,34.694247000,130.398142494,123.508230748
avx2_add,2500,0x00,20,0.280924729,0.000379073,36.869656000,1.941950000,34.927706000,131.243896330,124.331190541
avx2_add,2500,0x00,21,0.280934242,0.000424141,36.643400000,1.935237000,34.708163000,130.434082018,123.545505587
avx2_add,2500,0x00,22,0.280928071,0.000372939,36.639677000,1.937068000,34.702609000,130.423694776,123.528449340
avx2_add,2500,0x00,23,0.280903177,0.000365996,36.625700000,1.938898000,34.686802000,130.385495567,123.483124374
avx2_add,2500,0x00,24,0.280919932,0.000370956,36.820584000,1.939876000,34.880708000,131.071453980,124.166013049
avx2_add,2500,0x00,25,0.280947367,0.000407460,36.668363000,1.941645000,34.726718000,130.516841496,123.605778335
avx2_add,2500,0x00,26,0.280978964,0.000422028,36.736356000,1.947200000,34.789156000,130.744150871,123.814094700
avx2_add,2500,0x00,27,0.280942285,0.000387104,36.663420000,1.939204000,34.724216000,130.501608253,123.599108684
avx2_add,2500,0x00,28,0.280930385,0.000385892,36.947598000,1.950069000,34.997529000,131.518696566,124.577229543
avx2_add,2500,0x00,29,0.280943425,0.000365327,36.653105000,1.939082000,34.714023000,130.464363049,123.562325744
avx2_add,2500,0x00,30,0.280922079,0.000331351,36.848721000,1.949397000,34.899324000,131.170611921,124.231331794
avx2_add,2500,0x00,31,0.280900984,0.000309396,36.729704000,1.943721000,34.785983000,130.756764934,123.837170104
avx2_add,2500,0x00,32,0.280915891,0.000302689,36.831876000,1.939998000,34.891878000,131.113536923,124.207562342
avx2_add,2500,0x00,33,0.280898617,0.000339406,36.773954000,1.944698000,34.829256000,130.915397021,123.992265754
avx2_add,2500,0x00,34,0.280886465,0.000262009,36.700407000,1.938777000,34.761630000,130.659222012,123.756870916
avx2_add,2500,0x00,35,0.280890569,0.000282149,36.740628000,1.938166000,34.802462000,130.800503872,123.900428854
avx2_add,2500,0x00,36,0.280894223,0.000238926,36.803251000,1.946101000,34.857150000,131.021744032,124.093509701
avx2_add,2500,0x00,37,0.280868971,0.000283105,36.744352000,1.940058000,34.804294000,130.823821198,123.916479332
avx2_add,2500,0x00,38,0.280854246,0.000247103,36.540617000,1.933162000,34.607455000,130.105268346,123.222117994
avx2_add,2500,0x00,39,0.280932530,0.000316503,36.703214000,1.917353000,34.785861000,130.647789280,123.822830280
avx2_add,2500,0x00,40,0.280899872,0.000278016,36.818936000,1.936274000,34.882662000,131.074947405,124.181836406
avx2_add,2500,0x00,41,0.280898811,0.000303960,36.730680000,1.934993000,34.795687000,130.761251064,123.872674389
avx2_add,2500,0x00,42,0.280935137,0.000295789,36.682828000,1.945979000,34.736849000,130.574012228,123.647221149
avx2_add,2500,0x00,43,0.280910527,0.000292439,36.677641000,1.949275000,34.728366000,130.566986731,123.627855529
avx2_add,2500,0x00,44,0.280995969,0.000423562,36.747159000,1.943171000,34.803988000,130.774683651,123.859385171
avx2_add,2500,0x00,45,0.280905136,0.000339102,36.783170000,1.943782000,34.839388000,130.945167330,124.025457603
avx2_add,2500,0x00,46,0.280931376,0.000339586,36.616850000,1.948481000,34.668369000,130.340905894,123.405115987
avx2_add,2500,0x00,47,0.280909720,0.000317916,36.680876000,1.948847000,34.732029000,130.578877631,123.641250135
avx2_add,2500,0x00,48,0.280934352,0.000319973,36.767301000,1.943354000,34.823947000,130.875063023,123.957596407
avx2_add,2500,0x00,49,0.280919703,0.000306918,36.828092000,1.950374000,34.877718000,131.098287708,124.155471018
avx2_add,2500,0x00,50,0.280907871,0.000288990,36.566678000,1.938899000,34.627779000,130.173205501,123.270946073
avx2_add,2500,0x00,51,0.280868300,0.000262183,36.610258000,1.938472000,34.671786000,130.346706814,123.444995238
avx2_add,2500,0x00,52,0.280863913,0.000224955,36.697660000,1.944026000,34.753634000,130.659932888,123.738338795
avx2_add,2500,0x00,53,0.280922655,0.000303903,36.691190000,1.943537000,34.747653000,130.609580081,123.691174015
avx2_add,2500,0x00,54,0.280919407,0.000319813,36.601469000,1.919123000,34.682346000,130.291706660,123.460128098
avx2_add,2500,0x00,55,0.280896843,0.000294550,36.571867000,1.941157000,34.630710000,130.196788921,123.286219981
avx2_add,2500,0x00,56,0.280907719,0.000331986,36.685759000,1.939875000,34.745884000,130.597190721,123.691453120
avx2_add,2500,0x00,57,0.280917609,0.000297031,36.783109000,1.937373000,34.845736000,130.939135982,124.042548021
avx2_add,2500,0x00,58,0.280903205,0.000343628,36.649808000,1.945978000,34.703830000,130.471306076,123.543731141
avx2_add,2500,0x00,59,0.280904179,0.000299111,36.576017000,1.936030000,34.639987000,130.208162698,123.316025995
avx2_add,2500,0x00,60,0.280901956,0.000286145,36.696562000,1.943110000,34.753452000,130.638328468,123.720932707
avx2_add,2500,0x00,61,0.280897793,0.000258556,36.829373000,1.939387000,34.889986000,131.113073723,124.208829366
avx2_add,2500,0x00,62,0.280993319,0.000549630,36.845425000,1.954706000,34.890719000,131.125626364,124.169211867
avx2_add,2500,0x00,63,0.280916074,0.000328614,36.622220000,1.945369000,34.676851000,130.367121494,123.442031842
avx2_add,2500,0x00,64,0.280954729,0.000374205,36.721159000,1.953669000,34.767490000,130.701337775,123.747658784
avx2_add,2500,0x00,65,0.280930902,0.000322695,36.886014000,1.958064000,34.927950000,131.299240166,124.329326979
avx2_add,2500,0x00,66,0.280926996,0.000341027,36.623930000,1.947016000,34.676914000,130.368140082,123.437456930
avx2_add,2500,0x00,67,0.280894764,0.000330282,36.685575000,1.946894000,34.738681000,130.602559009,123.671514899
avx2_add,2500,0x00,68,0.280922499,0.000323263,36.619291000,1.922053000,34.697238000,130.353713776,123.511780473
avx2_add,2500,0x00,69,0.280894314,0.000344514,36.808622000,1.943904000,34.864718000,131.040822589,124.120411953
avx2_add,2500,0x00,70,0.280892771,0.000329895,36.714689000,1.942989000,34.771700000,130.707133558,123.789942384
avx2_add,2500,0x00,71,0.280924966,0.000351497,36.654447000,1.945796000,34.708651000,130.477712852,123.551322399
avx2_add,2500,0x00,72,0.280898098,0.000316730,36.646940000,1.949458000,34.697482000,130.463467947,123.523378234
avx2_add,2500,0x00,73,0.280902861,0.000326723,36.881192000,1.944392000,34.936800000,131.295181094,124.373243761
avx2_add,2500,0x00,74,0.280895053,0.000320081,36.658781000,1.943964000,34.714817000,130.507036816,123.586430773
avx2_add,2500,0x00,75,0.280905959,0.000307233,36.614713000,1.927058000,34.687655000,130.345091754,123.484938246
avx2_add,2500,0x00,76,0.280869832,0.000221387,36.610990000,1.943415000,34.667575000,130.348602361,123.429329513
avx2_add,2500,0x00,77,0.280901517,0.000283942,36.924893000,1.944697000,34.980196000,131.451383168,124.528326939
avx2_add,2500,0x00,78,0.280899481,0.000281336,36.729887000,1.947261000,34.782626000,130.758116481,123.825882231
avx2_add,2500,0x00,79,0.280929291,0.000329599,36.714750000,1.943659000,34.771091000,130.690359392,123.771682478
avx2_add,2500,0x00,80,0.280901836,0.000240680,36.649870000,1.939632000,34.710238000,130.472162690,123.567145514
avx2_add,2500,0x00,81,0.280896057,0.000305428,36.793118000,1.953364000,34.839754000,130.984814885,124.030769241
avx2_add,2500,0x00,82,0.280895524,0.000305227,36.735563000,1.942255000,34.793308000,130.780164917,123.865654605
avx2_add,2500,0x00,83,0.280904732,0.000339188,36.675199000,1.934626000,34.740573000,130.560986660,123.673861675
avx2_add,2500,0x00,84,0.280917090,0.000335089,36.650419000,1.944514000,34.705905000,130.467032321,123.545011296
avx2_add,2500,0x00,85,0.280915946,0.000362386,36.804227000,1.946590000,34.857637000,131.015086677,124.085647360
avx2_add,2500,0x00,86,0.280895836,0.000367973,36.768582000,1.940791000,34.827791000,130.897568917,123.988278163
avx2_add,2500,0x00,87,0.280910340,0.000381712,36.711881000,1.944209000,34.767672000,130.688962692,123.767861115
avx2_add,2500,0x00,88,0.280890482,0.000304712,36.649870000,1.941279000,34.708591000,130.477436382,123.566276609
avx2_add,2500,0x00,89,0.280935312,0.000402140,36.787869000,1.948848000,34.839021000,130.947828353,124.010829273
avx2_add,2500,0x00,90,0.280892591,0.000324650,36.753874000,1.942316000,34.811558000,130.846719405,123.931919712
avx2_add,2500,0x00,91,0.280916723,0.000364941,36.691739000,1.953181000,34.738558000,130.614292208,123.661409602
avx2_add,2500,0x00,92,0.280932322,0.000358835,36.759122000,1.946345000,34.812777000,130.846895011,123.918731714
avx2_add,2500,0x00,93,0.280918184,0.000343041,36.756986000,1.945857000,34.811129000,130.845876380,123.919101577
avx2_add,2500,0x00,94,0.280901854,0.000297942,36.725248000,1.937129000,34.788119000,130.740497049,123.844390907
avx2_add,2500,0x00,95,0.280954986,0.000294861,36.636258000,1.949763000,34.686495000,130.399031186,123.459261130
avx2_add,2500,0x00,96,0.280929993,0.000316582,36.656034000,1.948298000,34.707736000,130.481027143,123.545854499
avx2_add,2500,0x00,97,0.280977523,0.000396386,36.785794000,1.941218000,34.844576000,130.920771329,124.011969582
avx2_add,2500,0x00,98,0.280912947,0.000304473,36.818387000,1.942866000,34.875521000,131.066892573,124.150636049
avx2_add,2500,0x00,99,0.280935513,0.000337313,36.694303000,1.941340000,34.752963000,130.614682943,123.704413832
avx2_add,2500,0xAA,0,0.280944433,0.000324019,36.655302000,1.918940000,34.736362000,130.471714809,123.641396171
avx2_add,2500,0xAA,1,0.280961309,0.000388066,36.742581000,1.950801000,34.791780000,130.774522243,123.831213912
avx2_add,2500,0xAA,2,0.280974321,0.000404701,36.930509000,1.947810000,34.982699000,131.437310244,124.504968552
avx2_add,2500,0xAA,3,0.281031181,0.000405638,36.719022000,1.946162000,34.772860000,130.658177632,123.733102659
avx2_add,2500,0xAA,4,0.280952121,0.000347732,36.606290000,1.939387000,34.666903000,130.293695098,123.390785831
avx2_add,2500,0xAA,5,0.280949088,0.000358390,36.539763000,1.940059000,34.599704000,130.058307799,123.152932124
avx2_add,2500,0xAA,6,0.280938343,0.000337150,36.805021000,1.945369000,34.859652000,131.007468086,124.082927350
avx2_add,2500,0xAA,7,0.280937652,0.000328215,36.638822000,1.938960000,34.699862000,130.416203505,123.514458630
avx2_add,2500,0xAA,8,0.280901896,0.000306849,36.561979000,1.939570000,34.622409000,130.159246059,123.254451084
avx2_add,2500,0xAA,9,0.280923918,0.000321851,36.619413000,1.935175000,34.684238000,130.353489566,123.464880670
avx2_add,2500,0xAA,10,0.280913137,0.000347129,36.788663000,1.942378000,34.846285000,130.960991622,124.046476980
avx2_add,2500,0xAA,11,0.280910006,0.000341878,36.700346000,1.938410000,34.761936000,130.648055323,123.747589128
avx2_add,2500,0xAA,12,0.280945362,0.000363016,36.742032000,1.946895000,34.795137000,130.779991473,123.850192068
avx2_add,2500,0xAA,13,0.280909826,0.000358120,36.728910000,1.943659000,34.785251000,130.749822716,123.830666398
avx2_add,2500,0xAA,14,0.280913906,0.000339066,36.736173000,1.910700000,34.825473000,130.773778815,123.972050742
avx2_add,2500,0xAA,15,0.280871672,0.000233868,36.731290000,1.934565000,34.796725000,130.776057874,123.888339409
avx2_add,2500,0xAA,16,0.280918118,0.000297417,36.545316000,1.935298000,34.610018000,130.092413735,123.203224759
avx2_add,2500,0xAA,17,0.280878339,0.000301238,36.600065000,1.938349000,34.661716000,130.305758433,123.404731438
avx2_add,2500,0xAA,18,0.280902694,0.000293774,36.776090000,1.935298000,34.840792000,130.921100915,124.031533679
avx2_add,2500,0xAA,19,0.280939629,0.000307755,36.862394000,1.948298000,34.914096000,131.211086835,124.276152060
avx2_add,2500,0xAA,20,0.280967518,0.000327217,36.722928000,1.949336000,34.773592000,130.701685033,123.763744248
avx2_add,2500,0xAA,21,0.280932522,0.000304231,36.640287000,1.942195000,34.698092000,130.423799876,123.510413744
avx2_add,2500,0xAA,22,0.280937575,0.000338103,36.694181000,1.941218000,34.752963000,130.613289976,123.703505846
avx2_add,2500,0xAA,23,0.280938189,0.000348273,36.743315000,1.936518000,34.806797000,130.787897196,123.894857820
avx2_add,2500,0xAA,24,0.280954254,0.000353672,36.776151000,1.946956000,34.829195000,130.897291680,123.967494502
avx2_add,2500,0xAA,25,0.280935278,0.000348060,36.714811000,1.949092000,34.765719000,130.687791604,123.749923147
avx2_add,2500,0xAA,26,0.280933648,0.000306659,36.696073000,1.931879000,34.764194000,130.621850459,123.745212465
avx2_add,2500,0xAA,27,0.280880549,0.000270341,36.752103000,1.943416000,34.808687000,130.846023852,123.927011455
avx2_add,2500,0xAA,28,0.280895931,0.000266947,36.696073000,1.935542000,34.760531000,130.639389950,123.748788166
avx2_add,2500,0xAA,29,0.280916409,0.000319960,36.654508000,1.931026000,34.723482000,130.481904184,123.607880680
avx2_add,2500,0xAA,30,0.280939661,0.000350025,36.682767000,1.937984000,34.744783000,130.571692287,123.673470828
avx2_add,2500,0xAA,31,0.280894787,0.000286132,36.753630000,1.941340000,34.812290000,130.844827576,123.933556565
avx2_add,2500,0xAA,32,0.280897873,0.000289590,36.604826000,1.934077000,34.670749000,130.313645841,123.428307137
avx2_add,2500,0xAA,33,0.280943259,0.000326885,36.742276000,1.947078000,34.795198000,130.781838846,123.851336195
avx2_add,2500,0xAA,34,0.280890880,0.000295032,36.652738000,1.940608000,34.712130000,130.487462042,123.578700881
avx2_add,2500,0xAA,35,0.280879539,0.000263448,36.646817000,1.934321000,34.712496000,130.471650522,123.584993667
avx2_add,2500,0xAA,36,0.280917208,0.000286004,36.679288000,1.934199000,34.745089000,130.569744120,123.684445024
avx2_add,2500,0xAA,37,0.280930544,0.000359539,36.610501000,1.927913000,34.682588000,130.318691703,123.456095098
avx2_add,2500,0xAA,38,0.280989413,0.000370622,36.682706000,1.937190000,34.745516000,130.548356133,123.654181805
avx2_add,2500,0xAA,39,0.280918190,0.000340395,36.837491000,1.936091000,34.901400000,131.132451948,124.240441848
avx2_add,2500,0xAA,40,0.280935726,0.000314788,36.661893000,1.934687000,34.727206000,130.499219697,123.612637385
avx2_add,2500,0xAA,41,0.280868081,0.000215296,36.658048000,1.937129000,34.720919000,130.516959718,123.620024353
avx2_add,2500,0xAA,42,0.280891296,0.000238648,36.655973000,1.945307000,34.710666000,130.498785336,123.573305535
avx2_add,2500,0xAA,43,0.280880351,0.000166885,36.683317000,1.930354000,34.752963000,130.601221545,123.728708070
avx2_add,2500,0xAA,44,0.280931999,0.000282077,36.616667000,1.943476000,34.673191000,130.339965212,123.422006398
avx2_add,2500,0xAA,45,0.280886318,0.000311321,36.746122000,1.950313000,34.795809000,130.822043118,123.878618411
avx2_add,2500,0xAA,46,0.280875871,0.000271858,36.593412000,1.940425000,34.652987000,130.283216700,123.374737907
avx2_add,2500,0xAA,47,0.280906012,0.000260100,36.761869000,1.935237000,34.826632000,130.868929197,123.979660484
avx2_add,2500,0xAA,48,0.280875576,0.000248961,36.729947000,1.942927000,34.787020000,130.769458690,123.852064770
avx2_add,2500,0xAA,49,0.280892167,0.000284583,36.620146000,1.940608000,34.679538000,130.370833581,123.462104090
avx2_add,2500,0xAA,50,0.280903278,0.000285914,36.666654000,1.937495000,34.729159000,130.531242973,123.633868847
avx2_add,2500,0xAA,51,0.280911045,0.000252713,36.803617000,1.938838000,34.864779000,131.015200782,124.113236504
avx2_add,2500,0xAA,52,0.280880269,0.000212553,36.700407000,1.918879000,34.781528000,130.662104469,123.830442674
avx2_add,2500,0xAA,53,0.280901612,0.000288907,36.628507000,1.924068000,34.704439000,130.396215094,123.546599717
avx2_add,2500,0xAA,54,0.280934201,0.000342647,36.677823000,1.936762000,34.741061000,130.556631707,123.662625944
avx2_add,2500,0xAA,55,0.280892476,0.000275826,36.754972000,1.925105000,34.829867000,130.850682027,123.997152055
avx2_add,2500,0xAA,56,0.280993656,0.000420275,36.889126000,1.943538000,34.945588000,131.280992470,124.364330971
avx2_add,2500,0xAA,57,0.280913643,0.000310682,36.727445000,1.911738000,34.815707000,130.742831087,123.937401566
avx2_add,2500,0xAA,58,0.280929160,0.000367253,36.751615000,1.948176000,34.803439000,130.821645471,123.886886550
avx2_add,2500,0xAA,59,0.280938293,0.000357494,36.722562000,1.938960000,34.783602000,130.713978532,123.812249404
avx2_add,2500,0xAA,60,0.280914360,0.000328757,36.760465000,1.936397000,34.824068000,130.860042152,123.966848797
avx2_add,2500,0xAA,61,0.280898464,0.000317757,36.686979000,1.942072000,34.744907000,130.605837040,123.692050567
avx2_add,2500,0xAA,62,0.280908585,0.000339052,36.691739000,1.945064000,34.746675000,130.618076257,123.693887739
avx2_add,2500,0xAA,63,0.280874053,0.000285378,36.794584000,1.942744000,34.851840000,131.000295742,124.083515856
avx2_add,2500,0xAA,64,0.280903524,0.000342057,36.795315000,1.944270000,34.851045000,130.989154310,124.067667619
avx2_add,2500,0xAA,65,0.280923513,0.000313204,36.653776000,1.941280000,34.712496000,130.475999045,123.565648324
avx2_add,2500,0xAA,66,0.280907301,0.000312117,36.640287000,1.946650000,34.693637000,130.435509988,123.505643813
avx2_add,2500,0xAA,67,0.280871744,0.000326789,36.804838000,1.940913000,34.863925000,131.037880207,124.127562461
avx2_add,2500,0xAA,68,0.280909608,0.000354155,36.807584000,1.937800000,34.869784000,131.029993290,124.131688827
avx2_add,2500,0xAA,69,0.280912657,0.000304221,36.587980000,1.929500000,34.658480000,130.246818866,123.378135845
avx2_add,2500,0xAA,70,0.280882938,0.000288091,36.594023000,1.936641000,34.657382000,130.282114015,123.387280846
avx2_add,2500,0xAA,71,0.280924502,0.000342801,36.793057000,1.947016000,34.846041000,130.971334899,124.040590205
avx2_add,2500,0xAA,72,0.280928139,0.000329720,36.911283000,1.929988000,34.981295000,131.390480015,124.520438414
avx2_add,2500,0xAA,73,0.280989146,0.000376756,36.707975000,1.939448000,34.768527000,130.638408856,123.736192082
avx2_add,2500,0xAA,74,0.280923446,0.000356373,36.731657000,1.946467000,34.785190000,130.753262308,123.824445832
avx2_add,2500,0xAA,75,0.280934012,0.000328018,36.660917000,1.933345000,34.727572000,130.496541459,123.614694069
avx2_add,2500,0xAA,76,0.280939764,0.000341669,36.844876000,1.942622000,34.902254000,131.148668547,124.233940736
avx2_add,2500,0xAA,77,0.280965869,0.000327038,36.722196000,1.936580000,34.785616000,130.699846711,123.807265746
avx2_add,2500,0xAA,78,0.280917137,0.000278082,36.743376000,1.939082000,34.804294000,130.797915686,123.895232493
avx2_add,2500,0xAA,79,0.280923788,0.000306578,36.672087000,1.937434000,34.734653000,130.541052451,123.644399053
avx2_add,2500,0xAA,80,0.280884159,0.000323215,36.853726000,1.938471000,34.915255000,131.206138852,124.304820511
avx2_add,2500,0xAA,81,0.280903718,0.000330061,36.614530000,1.942622000,34.671908000,130.345479989,123.429864876
avx2_add,2500,0xAA,82,0.280896153,0.000317789,36.698087000,1.937495000,34.760592000,130.646456412,123.748907337
avx2_add,2500,0xAA,83,0.280920350,0.000358980,36.648343000,1.940241000,34.708102000,130.458128161,123.551398188
avx2_add,2500,0xAA,84,0.280886022,0.000314879,36.890042000,1.940730000,34.949312000,131.334559677,124.425244692
avx2_add,2500,0xAA,85,0.280905863,0.000320930,36.705838000,1.943354000,34.762484000,130.669533131,123.751364967
avx2_add,2500,0xAA,86,0.280890217,0.000257517,36.705289000,1.909968000,34.795321000,130.674857217,123.875161519
avx2_add,2500,0xAA,87,0.280873315,0.000244725,36.662260000,1.938533000,34.723727000,130.529523504,123.627717975
avx2_add,2500,0xAA,88,0.280904065,0.000364940,36.875211000,1.945734000,34.929477000,131.273326358,124.346641263
avx2_add,2500,0xAA,89,0.280887877,0.000273042,36.690092000,1.936274000,34.753818000,130.621842527,123.728437149
avx2_add,2500,0xAA,90,0.280926291,0.000384470,36.776518000,1.950007000,34.826511000,130.911627751,123.970280272
avx2_add,2500,0xAA,91,0.280994442,0.000409782,36.626493000,1.939082000,34.687411000,130.345969702,123.445185517
avx2_add,2500,0xAA,92,0.280898934,0.000314244,36.712552000,1.935847000,34.776705000,130.696658189,123.805044289
avx2_add,2500,0xAA,93,0.280923769,0.000346095,36.780118000,1.940913000,34.839205000,130.925617594,124.016579586
avx2_add,2500,0xAA,94,0.280889590,0.000317231,36.764127000,1.942378000,34.821749000,130.884619113,123.969524823
avx2_add,2500,0xAA,95,0.280917012,0.000320992,36.660490000,1.931269000,34.729221000,130.502918876,123.628045091
avx2_add,2500,0xAA,96,0.280884634,0.000240007,36.711637000,1.932490000,34.779147000,130.700054799,123.820041552
avx2_add,2500,0xAA,97,0.280890727,0.000250097,36.764432000,1.939082000,34.825350000,130.885175178,123.981842978
avx2_add,2500,0xAA,98,0.280896224,0.000305835,36.833158000,1.948664000,34.884494000,131.127280457,124.189971122
avx2_add,2500,0xAA,99,0.280874321,0.000285360,36.683072000,1.939692000,34.743380000,130.603153420,123.697246198
avx2_add,2700,0x00,0,0.260085455,0.000075443,35.030550000,1.794795000,33.235755000,134.688616130,127.787826540
avx2_add,2700,0x00,1,0.260128336,0.000138885,35.112642000,1.797297000,33.315345000,134.981995853,128.072725505
avx2_add,2700,0x00,2,0.259978678,0.000070168,34.946383000,1.786006000,33.160377000,134.420188782,127.550371562
avx2_add,2700,0x00,3,0.260007077,0.000130978,35.061983000,1.794063000,33.267920000,134.850110086,127.950055601
avx2_add,2700,0x00,4,0.260000958,0.000084943,34.958834000,1.778987000,33.179847000,134.456558666,127.614326172
avx2_add,2700,0x00,5,0.260024483,0.000139626,35.215181000,1.794368000,33.420813000,135.430251079,128.529485504
avx2_add,2700,0x00,6,0.260052462,0.000092967,35.001924000,1.777339000,33.224585000,134.595626121,127.761085953
avx2_add,2700,0x00,7,0.260045771,0.000069798,35.091341000,1.791683000,33.299658000,134.942940469,128.053064918
avx2_add,2700,0x00,8,0.260078347,0.000123001,35.133943000,1.797969000,33.335974000,135.089842828,128.176660621
avx2_add,2700,0x00,9,0.260080110,0.000145992,35.191011000,1.798030000,33.392981000,135.308351481,128.394981609
avx2_add,2700,0x00,10,0.260151226,0.000242713,35.435517000,1.803828000,33.631689000,136.211224145,129.277457099
avx2_add,2700,0x00,11,0.260062136,0.000059591,35.049898000,1.783748000,33.266150000,134.775090975,127.916160915
avx2_add,2700,0x00,12,0.260089451,0.000065128,35.038058000,1.789180000,33.248878000,134.715413552,127.836318722
avx2_add,2700,0x00,13,0.260105696,0.000128365,35.146455000,1.801631000,33.344824000,135.123742250,128.197208042
avx2_add,2700,0x00,14,0.260124763,0.000079784,35.151155000,1.787044000,33.364111000,135.131905804,128.261956254
avx2_add,2700,0x00,15,0.260028620,0.000134077,35.089204000,1.760737000,33.328467000,134.943622633,128.172302620
avx2_add,2700,0x00,16,0.260041462,0.000087537,34.897799000,1.780818000,33.116981000,134.200903153,127.352695220
avx2_add,2700,0x00,17,0.260064955,0.000155950,35.131807000,1.796260000,33.335547000,135.088585868,128.181619106
avx2_add,2700,0x00,18,0.260073952,0.000065635,35.027193000,1.782160000,33.245033000,134.681665560,127.829153082
avx2_add,2700,0x00,19,0.260076186,0.000066392,35.046907000,1.795955000,33.250952000,134.756309371,127.850813614
avx2_add,2700,0x00,20,0.260083774,0.000076843,34.976534000,1.777522000,33.199012000,134.481799939,127.647378953
avx2_add,2700,0x00,21,0.260076813,0.000122556,34.929965000,1.782955000,33.147010000,134.306340397,127.450846521
avx2_add,2700,0x00,22,0.260077492,0.000064971,34.988130000,1.780757000,33.207373000,134.529634618,127.682609969
avx2_add,2700,0x00,23,0.260073040,0.000080862,35.134859000,1.784358000,33.350501000,135.096121310,128.235133343
avx2_add,2700,0x00,24,0.260067874,0.000067703,35.024995000,1.796321000,33.228674000,134.676361597,127.769237797
avx2_add,2700,0x00,25,0.260065266,0.000062800,35.163302000,1.784969000,33.378333000,135.209528705,128.345986218
avx2_add,2700,0x00,26,0.260083472,0.000099303,34.952364000,1.791744000,33.160620000,134.389024207,127.499912850
avx2_add,2700,0x00,27,0.260087193,0.000068461,34.957491000,1.793147000,33.164344000,134.406814121,127.512406982
avx2_add,2700,0x00,28,0.260087178,0.000120642,35.025728000,1.788997000,33.236731000,134.669184051,127.790732695
avx2_add,2700,0x00,29,0.260154354,0.000239978,35.391145000,1.797786000,33.593359000,136.039026277,129.128567266
avx2_add,2700,0x00,30,0.260025873,0.000106054,34.939607000,1.784114000,33.155493000,134.369732507,127.508438362
avx2_add,2700,0x00,31,0.260076228,0.000067046,34.862337000,1.759578000,33.102759000,134.046611392,127.280987264
avx2_add,2700,0x00,32,0.260096730,0.000139380,35.264375000,1.803646000,33.460729000,135.581769738,128.647249655
avx2_add,2700,0x00,33,0.260104435,0.000076195,35.276155000,1.788264000,33.487891000,135.623042901,128.747866023
avx2_add,2700,0x00,34,0.260087941,0.000051354,35.042513000,1.788692000,33.253821000,134.733324939,127.856066437
avx2_add,2700,0x00,35,0.260052255,0.000083060,35.073823000,1.799128000,33.274695000,134.872212417,127.953879797
avx2_add,2700,0x00,36,0.260068828,0.000130750,35.144075000,1.793270000,33.350805000,135.133746210,128.238379265
avx2_add,2700,0x00,37,0.260078294,0.000062039,34.941316000,1.781611000,33.159705000,134.349220368,127.498933194
avx2_add,2700,0x00,38,0.260070673,0.000055595,35.063570000,1.792476000,33.271094000,134.823236826,127.930971827
avx2_add,2700,0x00,39,0.260082388,0.000057027,34.894015000,1.787227000,33.106788000,134.165236299,127.293463796
avx2_add,2700,0x00,40,0.260096831,0.000139021,35.177949000,1.801143000,33.376806000,135.249433130,128.324539080
avx2_add,2700,0x00,41,0.260086286,0.000058466,35.022982000,1.788020000,33.234962000,134.659087475,127.784368995
avx2_add,2700,0x00,42,0.260108505,0.000026026,35.049715000,1.794735000,33.254980000,134.750360960,127.850413583
avx2_add,2700,0x00,43,0.259993330,0.000083393,34.968600000,1.786373000,33.182227000,134.498065870,127.627224217
avx2_add,2700,0x00,44,0.260081116,0.000116236,34.909334000,1.781733000,33.127601000,134.224792976,127.374111062
avx2_add,2700,0x00,45,0.260037292,0.000071434,34.978609000,1.786799000,33.191810000,134.513818266,127.642499971
avx2_add,2700,0x00,46,0.260124786,0.000150457,35.100313000,1.790828000,33.309485000,134.936441879,128.051946053
avx2_add,2700,0x00,47,0.260097261,0.000138459,35.057955000,1.782466000,33.275489000,134.787867005,127.934792142
avx2_add,2700,0x00,48,0.260177012,0.000245645,35.318452000,1.796565000,33.521887000,135.747780711,128.842616474
avx2_add,2700,0x00,49,0.260039175,0.000117405,35.115571000,1.800655000,33.314916000,135.039541824,128.114989004
avx2_add,2700,0x00,50,0.260028245,0.000077251,35.120577000,1.791926000,33.328651000,135.064469390,128.173194956
avx2_add,2700,0x00,51,0.260067297,0.000146232,34.954134000,1.780391000,33.173743000,134.404188356,127.558302621
avx2_add,2700,0x00,52,0.260131165,0.000100082,34.932528000,1.785701000,33.146827000,134.288130904,127.423513214
avx2_add,2700,0x00,53,0.260029266,0.000124917,35.064486000,1.788447000,33.276039000,134.848229042,127.970360914
avx2_add,2700,0x00,54,0.260041027,0.000082513,35.066804000,1.787288000,33.279516000,134.851043953,127.977943894
avx2_add,2700,0x00,55,0.260074628,0.000168448,34.911775000,1.788997000,33.122778000,134.237527373,127.358744104
avx2_add,2700,0x00,56,0.260061979,0.000104724,35.035921000,1.783870000,33.252051000,134.721427144,127.862023840
avx2_add,2700,0x00,57,0.260055307,0.000081851,34.830905000,1.789363000,33.041542000,133.936528172,127.055826454
avx2_add,2700,0x00,58,0.260070984,0.000082881,35.084016000,1.793819000,33.290197000,134.901692969,128.004272218
avx2_add,2700,0x00,59,0.260090566,0.000120146,35.163607000,1.793818000,33.369789000,135.197548619,128.300651032
avx2_add,2700,0x00,60,0.260004984,0.000065894,35.078401000,1.792110000,33.286291000,134.914340793,128.021742146
avx2_add,2700,0x00,61,0.260012498,0.000076254,34.919833000,1.781002000,33.138831000,134.300594163,127.450915735
avx2_add,2700,0x00,62,0.260047488,0.000150925,35.046907000,1.770259000,33.276648000,134.771180901,127.963735784
avx2_add,2700,0x00,63,0.260059608,0.000166959,35.185396000,1.794185000,33.391211000,135.297427825,128.398297983
avx2_add,2700,0x00,64,0.260071931,0.000063918,34.880160000,1.775081000,33.105079000,134.117356940,127.292010609
avx2_add,2700,0x00,65,0.260091008,0.000075442,34.981844000,1.778377000,33.203467000,134.498475445,127.660957238
avx2_add,2700,0x00,66,0.260100289,0.000106380,34.848055000,1.782527000,33.065528000,133.979301180,127.126071587
avx2_add,2700,0x00,67,0.260206161,0.000274106,35.392854000,1.794978000,33.597876000,136.018508819,129.120217121
avx2_add,2700,0x00,68,0.260025283,0.000113369,34.936434000,1.779292000,33.157142000,134.357834605,127.515069249
avx2_add,2700,0x00,69,0.260043823,0.000081898,34.940585000,1.781368000,33.159217000,134.364218333,127.513957557
avx2_add,2700,0x00,70,0.260080716,0.000167718,34.945589000,1.783320000,33.162269000,134.364398757,127.507604339
avx2_add,2700,0x00,71,0.260111579,0.000130723,34.970553000,1.775691000,33.194862000,134.444429893,127.617778791
avx2_add,2700,0x00,72,0.260086776,0.000109836,34.982333000,1.780086000,33.202247000,134.502543985,127.658343642
avx2_add,2700,0x00,73,0.260079688,0.000086902,34.921297000,1.784419000,33.136878000,134.271527782,127.410480630
avx2_add,2700,0x00,74,0.260076365,0.000189843,35.024691000,1.792598000,33.232093000,134.670795430,127.778212179
avx2_add,2700,0x00,75,0.260008210,0.000137174,34.962801000,1.791072000,33.171729000,134.468065358,127.579544420
avx2_add,2700,0x00,76,0.260025543,0.000104236,35.118074000,1.799617000,33.318457000,135.056247184,128.135323264
avx2_add,2700,0x00,77,0.260029540,0.000094919,34.895907000,1.788203000,33.107704000,134.199779911,127.322857381
avx2_add,2700,0x00,78,0.260064818,0.000164055,35.136995000,1.770259000,33.366736000,135.108605979,128.301614496
avx2_add,2700,0x00,79,0.260057781,0.000097155,34.995760000,1.790767000,33.204993000,134.569171014,127.683135943
avx2_add,2700,0x00,80,0.260078390,0.000106782,34.907809000,1.784785000,33.123024000,134.220336212,127.357847570
avx2_add,2700,0x00,81,0.260091887,0.000113749,35.000460000,1.781733000,33.218727000,134.569595602,127.719197370
avx2_add,2700,0x00,82,0.260098284,0.000135181,35.042513000,1.785701000,33.256812000,134.727967058,127.862481540
avx2_add,2700,0x00,83,0.260105100,0.000066012,34.935275000,1.780818000,33.154457000,134.312149407,127.465616976
avx2_add,2700,0x00,84,0.260032141,0.000111096,34.905062000,1.779598000,33.125464000,134.233644731,127.389883052
avx2_add,2700,0x00,85,0.260058059,0.000098830,35.109590000,1.790340000,33.319250000,135.006737314,128.122351536
avx2_add,2700,0x00,86,0.260158946,0.000273087,35.312105000,1.802241000,33.509864000,135.732810743,128.805349563
avx2_add,2700,0x00,87,0.260083806,0.000065845,35.111849000,1.787165000,33.324684000,135.002057927,128.130561274
avx2_add,2700,0x00,88,0.260094272,0.000102414,35.150667000,1.801021000,33.349646000,135.145871412,128.221378273
avx2_add,2700,0x00,89,0.260129935,0.000140120,35.170930000,1.798885000,33.372045000,135.205238781,128.289906262
avx2_add,2700,0x00,90,0.260039060,0.000155283,35.085726000,1.787471000,33.298255000,134.924830343,128.050974536
avx2_add,2700,0x00,91,0.260073708,0.000143494,35.046968000,1.789790000,33.257178000,134.757827906,127.875971170
avx2_add,2700,0x00,92,0.260103832,0.000135673,35.121187000,1.795344000,33.325843000,135.027564480,128.125151765
avx2_add,2700,0x00,93,0.260152130,0.000222544,35.084078000,1.786372000,33.297706000,134.859852853,127.993209099
avx2_add,2700,0x00,94,0.260108117,0.000153111,35.262178000,1.782100000,33.480078000,135.567387982,128.716006251
avx2_add,2700,0x00,95,0.260120020,0.000143115,34.920504000,1.791560000,33.128944000,134.247659744,127.360223719
avx2_add,2700,0x00,96,0.260030388,0.000119197,35.100740000,1.795039000,33.305701000,134.987069243,128.083879915
avx2_add,2700,0x00,97,0.260055987,0.000151942,35.097688000,1.800044000,33.297644000,134.962045562,128.040289909
avx2_add,2700,0x00,98,0.260058128,0.000159554,35.104585000,1.790401000,33.314184000,134.987455314,128.102836824
avx2_add,2700,0x00,99,0.260058305,0.000094584,34.985934000,1.790645000,33.195289000,134.531115957,127.645563891
avx2_add,2700,0xAA,0,0.260116639,0.000161663,34.975374000,1.779903000,33.195471000,134.460348988,127.617637927
avx2_add,2700,0xAA,1,0.260103047,0.000180315,35.098299000,1.777583000,33.320716000,134.939976068,128.105826998
avx2_add,2700,0xAA,2,0.260102193,0.000132453,35.018160000,1.784968000,33.233192000,134.632313649,127.769749436
avx2_add,2700,0xAA,3,0.260111954,0.000137479,35.088167000,1.794551000,33.293616000,134.896403330,127.997254808
avx2_add,2700,0xAA,4,0.260095773,0.000234031,35.155244000,1.789180000,33.366064000,135.162688874,128.283761233
avx2_add,2700,0xAA,5,0.260073057,0.000155956,35.101534000,1.792720000,33.308814000,134.967975371,128.074835350
avx2_add,2700,0xAA,6,0.260091333,0.000209857,35.084138000,1.790095000,33.294043000,134.891607610,128.009044546
avx2_add,2700,0xAA,7,0.260129687,0.000205487,35.043978000,1.795528000,33.248450000,134.717334263,127.814900248
avx2_add,2700,0xAA,8,0.260111040,0.000188525,35.065218000,1.789913000,33.275305000,134.808649451,127.927307542
avx2_add,2700,0xAA,9,0.260023836,0.000213058,35.057711000,1.795772000,33.261939000,134.824989660,127.918807413
avx2_add,2700,0xAA,10,0.260074233,0.000219871,35.282808000,1.794734000,33.488074000,135.664373799,128.763521003
avx2_add,2700,0xAA,11,0.260097860,0.000239715,35.069735000,1.799739000,33.269996000,134.832846941,127.913378256
avx2_add,2700,0xAA,12,0.260152588,0.000401409,35.383210000,1.784541000,33.598669000,136.009448667,129.149855161
avx2_add,2700,0xAA,13,0.260136612,0.000189691,35.102205000,1.802120000,33.300085000,134.937580431,128.009989630
avx2_add,2700,0xAA,14,0.260041756,0.000226175,35.175996000,1.798152000,33.377844000,135.270567929,128.355709221
avx2_add,2700,0xAA,15,0.260076789,0.000227246,35.020967000,1.783260000,33.237707000,134.656257326,127.799590077
avx2_add,2700,0xAA,16,0.260103735,0.000257367,35.125032000,1.796565000,33.328467000,135.042397603,128.135288023
avx2_add,2700,0xAA,17,0.260086716,0.000209372,35.062410000,1.790401000,33.272009000,134.810460511,127.926598754
avx2_add,2700,0xAA,18,0.260097568,0.000173764,35.091402000,1.795101000,33.296301000,134.916302130,128.014657423
avx2_add,2700,0xAA,19,0.260151334,0.000254429,35.068758000,1.796931000,33.271827000,134.801376968,127.894124276
avx2_add,2700,0xAA,20,0.260073019,0.000167571,35.013948000,1.793147000,33.220801000,134.631220405,127.736437532
avx2_add,2700,0xAA,21,0.260114541,0.000174229,35.155001000,1.792293000,33.362708000,135.152002040,128.261602942
avx2_add,2700,0xAA,22,0.260102488,0.000157828,35.170503000,1.797481000,33.373022000,135.217864490,128.307200111
avx2_add,2700,0xAA,23,0.260124552,0.000201027,35.162691000,1.794490000,33.368201000,135.176363551,128.277783672
avx2_add,2700,0xAA,24,0.260103560,0.000155117,34.924471000,1.784237000,33.140234000,134.271407072,127.411689353
avx2_add,2700,0xAA,25,0.260072469,0.000188576,35.121798000,1.792842000,33.328956000,135.046197321,128.152572612
avx2_add,2700,0xAA,26,0.260098810,0.000210925,35.139985000,1.791377000,33.348608000,135.102444188,128.215150094
avx2_add,2700,0xAA,27,0.260115849,0.000184346,35.109041000,1.779842000,33.329199000,134.974632015,128.132134694
avx2_add,2700,0xAA,28,0.260095600,0.000128518,35.094209000,1.791560000,33.302649000,134.928114708,128.040032028
avx2_add,2700,0xAA,29,0.260109073,0.000167522,35.043795000,1.783931000,33.259864000,134.727307282,127.868911380
avx2_add,2700,0xAA,30,0.260136513,0.000223434,35.194307000,1.795345000,33.398962000,135.291684258,128.390134843
avx2_add,2700,0xAA,31,0.260165658,0.000261413,35.315705000,1.803096000,33.512609000,135.743146615,128.812577774
avx2_add,2700,0xAA,32,0.260119652,0.000149656,35.124055000,1.798335000,33.325720000,135.030378121,128.116886639
avx2_add,2700,0xAA,33,0.260105947,0.000195280,35.104525000,1.806820000,33.297705000,134.962408444,128.015931350
avx2_add,2700,0xAA,34,0.260128660,0.000203431,35.101228000,1.794856000,33.306372000,134.937949459,128.038071534
avx2_add,2700,0xAA,35,0.260137812,0.000256840,35.216279000,1.801753000,33.414526000,135.375471879,128.449323816
avx2_add,2700,0xAA,36,0.260079242,0.000161539,35.240266000,1.796504000,33.443762000,135.498188062,128.590662539
avx2_add,2700,0xAA,37,0.260094483,0.000178768,35.072909000,1.791316000,33.281593000,134.846800871,127.959626729
avx2_add,2700,0xAA,38,0.260108824,0.000177624,35.090303000,1.790889000,33.299414000,134.906238358,128.021085548
avx2_add,2700,0xAA,39,0.260105842,0.000200056,35.121676000,1.774775000,33.346901000,135.028401339,128.205121294
avx2_add,2700,0xAA,40,0.260105543,0.000143346,35.093172000,1.776424000,33.316748000,134.918970107,128.089342493
avx2_add,2700,0xAA,41,0.260030932,0.000167857,35.119112000,1.785335000,33.333777000,135.057439771,128.191583532
avx2_add,2700,0xAA,42,0.260063992,0.000214287,35.138094000,1.782161000,33.355933000,135.113261042,128.260482276
avx2_add,2700,0xAA,43,0.260053443,0.000189010,35.259493000,1.783198000,33.476295000,135.585564742,128.728520374
avx2_add,2700,0xAA,44,0.260061159,0.000156139,35.053682000,1.766109000,33.287573000,134.790147334,127.999017879
avx2_add,2700,0xAA,45,0.260061060,0.000148258,35.052157000,1.789302000,33.262855000,134.784334768,127.904019820
avx2_add,2700,0xAA,46,0.260070931,0.000154018,35.080721000,1.788570000,33.292151000,134.889050692,128.011811499
avx2_add,2700,0xAA,47,0.260082231,0.000201675,35.074007000,1.784175000,33.289832000,134.857375092,127.997333204
avx2_add,2700,0xAA,48,0.260099749,0.000176267,35.149019000,1.794612000,33.354407000,135.136689610,128.236982827
avx2_add,2700,0xAA,49,0.260083099,0.000105436,35.011263000,1.786799000,33.224464000,134.615679103,127.745571024
avx2_add,2700,0xAA,50,0.260153429,0.000223999,35.334993000,1.801204000,33.533789000,135.823668173,128.900046187
avx2_add,2700,0xAA,51,0.260123016,0.000208955,35.167451000,1.797908000,33.369543000,135.195460899,128.283700342
avx2_add,2700,0xAA,52,0.260106721,0.000182231,35.286836000,1.787959000,33.498877000,135.662915237,128.788971360
avx2_add,2700,0xAA,53,0.260123630,0.000217174,35.061678000,1.777584000,33.284094000,134.788515883,127.954903720
avx2_add,2700,0xAA,54,0.260112892,0.000232703,35.224764000,1.782710000,33.442054000,135.421061565,128.567460483
avx2_add,2700,0xAA,55,0.260099858,0.000155838,35.227387000,1.787593000,33.439794000,135.437932327,128.565214241
avx2_add,2700,0xAA,56,0.260111433,0.000174730,35.110384000,1.775447000,33.334937000,134.982086901,128.156370006
avx2_add,2700,0xAA,57,0.260121999,0.000177880,35.239168000,1.782527000,33.456641000,135.471694665,128.619037035
avx2_add,2700,0xAA,58,0.260095725,0.000094624,35.107882000,1.777339000,33.330543000,134.980619136,128.147215782
avx2_add,2700,0xAA,59,0.260108155,0.000204793,35.024446000,1.782466000,33.241980000,134.653394433,127.800606601
avx2_add,2700,0xAA,60,0.260121330,0.000157983,35.071016000,1.780452000,33.290564000,134.825606078,127.980907881
avx2_add,2700,0xAA,61,0.260101759,0.000227562,35.150545000,1.782039000,33.368506000,135.141511946,128.290197270
avx2_add,2700,0xAA,62,0.260111245,0.000216534,35.046297000,1.783748000,33.262549000,134.735801381,127.878166287
avx2_add,2700,0xAA,63,0.260101350,0.000205036,35.119112000,1.785762000,33.333350000,135.020875479,128.155236376
avx2_add,2700,0xAA,64,0.260097671,0.000123587,34.900729000,1.780758000,33.119971000,134.183166194,127.336668899
avx2_add,2700,0xAA,65,0.260131339,0.000217394,35.041659000,1.785151000,33.256508000,134.707563939,127.845065149
avx2_add,2700,0xAA,66,0.260099299,0.000156757,35.099458000,1.787777000,33.311681000,134.946376676,128.072936395
avx2_add,2700,0xAA,67,0.260117353,0.000151727,35.264924000,1.792048000,33.472876000,135.573130878,128.683748158
avx2_add,2700,0xAA,68,0.260003323,0.000063835,35.116427000,1.787288000,33.329139000,135.061454765,128.187357997
avx2_add,2700,0xAA,69,0.260124943,0.000306337,35.339692000,1.805476000,33.534216000,135.856606285,128.915803233
avx2_add,2700,0xAA,70,0.260077388,0.000154913,35.043794000,1.793392000,33.250402000,134.743717257,127.848108164
avx2_add,2700,0xAA,71,0.260081641,0.000102785,34.842074000,1.785030000,33.057044000,133.965910854,127.102565984
avx2_add,2700,0xAA,72,0.260136743,0.000192054,35.099276000,1.790889000,33.308387000,134.926252886,128.041839028
avx2_add,2700,0xAA,73,0.260043884,0.000115377,34.955355000,1.786677000,33.168678000,134.420984957,127.550310002
avx2_add,2700,0xAA,74,0.260045946,0.000119803,35.038729000,1.792476000,33.246253000,134.740531398,127.847611031
avx2_add,2700,0xAA,75,0.260068703,0.000136209,35.017793000,1.791072000,33.226721000,134.648239266,127.761320630
avx2_add,2700,0xAA,76,0.260112648,0.000209006,35.139193000,1.800411000,33.338782000,135.092211918,128.170553121
avx2_add,2700,0xAA,77,0.260105440,0.000204713,35.113740000,1.795100000,33.318640000,134.998099047,128.096667083
avx2_add,2700,0xAA,78,0.260109886,0.000237088,35.070955000,1.795894000,33.275061000,134.831303437,127.926936879
avx2_add,2700,0xAA,79,0.260115271,0.000161054,35.220858000,1.799311000,33.421547000,135.404806610,128.487446506
avx2_add,2700,0xAA,80,0.260140662,0.000215071,35.154695000,1.792415000,33.362280000,135.137255276,128.247079058
avx2_add,2700,0xAA,81,0.260091329,0.000218858,35.204317000,1.801570000,33.402747000,135.353674077,128.426991801
avx2_add,2700,0xAA,82,0.260098688,0.000171252,35.037874000,1.795955000,33.241919000,134.709922068,127.805023726
avx2_add,2700,0xAA,83,0.260111551,0.000221784,35.254121000,1.793818000,33.460303000,135.534623194,128.638282006
avx2_add,2700,0xAA,84,0.260116967,0.000212592,35.142488000,1.796687000,33.345801000,135.102636253,128.195409018
avx2_add,2700,0xAA,85,0.260102230,0.000167443,35.146882000,1.783504000,33.363378000,135.127184155,128.270249493
avx2_add,2700,0xAA,86,0.260108014,0.000205673,35.039705000,1.786860000,33.252845000,134.712131535,127.842447005
avx2_add,2700,0xAA,87,0.260099636,0.000217007,35.063326000,1.800288000,33.263038000,134.807285872,127.885753697
avx2_add,2700,0xAA,88,0.260182950,0.000287642,35.304780000,1.794123000,33.510657000,135.692134980,128.796514039
avx2_add,2700,0xAA,89,0.260096360,0.000094036,35.152070000,1.786067000,33.366003000,135.150180253,128.283236799
avx2_add,2700,0xAA,90,0.260067841,0.000105983,35.044344000,1.795466000,33.248878000,134.750778393,127.846941326
avx2_add,2700,0xAA,91,0.260094821,0.000211136,35.002230000,1.791073000,33.211157000,134.574882763,127.688651828
avx2_add,2700,0xAA,92,0.260107456,0.000204539,35.268525000,1.782832000,33.485693000,135.592133854,128.737920495
avx2_add,2700,0xAA,93,0.260133846,0.000181329,35.236055000,1.790584000,33.445471000,135.453557937,128.570239882
avx2_add,2700,0xAA,94,0.260054141,0.000166168,35.008455000,1.778987000,33.229468000,134.619871477,127.779038275
avx2_add,2700,0xAA,95,0.260078777,0.000175625,35.010653000,1.783626000,33.227027000,134.615570691,127.757548594
avx2_add,2700,0xAA,96,0.260085201,0.000128242,35.011263000,1.789119000,33.222144000,134.614591273,127.735618557
avx2_add,2700,0xAA,97,0.260112666,0.000189527,35.139132000,1.792049000,33.347083000,135.091968427,128.202457698
avx2_add,2700,0xAA,98,0.260084390,0.000130116,35.181368000,1.795040000,33.386328000,135.269048597,128.367288751
avx2_add,2700,0xAA,99,0.260109753,0.000129098,34.840487000,1.787349000,33.053138000,133.945331367,127.073812778
avx2_add,2900,0x00,0,0.242153190,0.000194119,34.353122000,1.665645000,32.687477000,141.865246248,134.986769873
avx2_add,2900,0x00,1,0.242172505,0.000223678,34.504001000,1.669673000,32.834328000,142.476954347,135.582393806
avx2_add,2900,0x00,2,0.242191427,0.000189978,34.453830000,1.659786000,32.794044000,142.258668696,135.405469888
avx2_add,2900,0x00,3,0.242174752,0.000172019,34.288670000,1.662166000,32.626504000,141.586477232,134.722978924
avx2_add,2900,0x00,4,0.242216339,0.000183125,34.245090000,1.656124000,32.588966000,141.382246040,134.544870789
avx2_add,2900,0x00,5,0.242256627,0.000236861,34.528110000,1.663997000,32.864113000,142.526998817,135.658262056
avx2_add,2900,0x00,6,0.242351369,0.000097652,34.480319000,1.650630000,32.829689000,142.274083853,135.463187729
avx2_add,2900,0x00,7,0.242367945,0.000122574,34.505649000,1.666744000,32.838905000,142.368863917,135.491947917
avx2_add,2900,0x00,8,0.242103755,0.000163095,34.415195000,1.667110000,32.748085000,142.150603858,135.264671839
avx2_add,2900,0x00,9,0.242105005,0.000182576,34.406589000,1.669185000,32.737404000,142.114323703,135.219856559
avx2_add,2900,0x00,10,0.242115218,0.000159668,34.360752000,1.662716000,32.698036000,141.919009649,135.051552032
avx2_add,2900,0x00,11,0.242229502,0.000310822,34.698641000,1.679927000,33.018714000,143.246964979,136.311694974
avx2_add,2900,0x00,12,0.242222175,0.000162885,34.330417000,1.661922000,32.668495000,141.731106884,134.869959680
avx2_add,2900,0x00,13,0.242295840,0.000222521,34.344211000,1.664485000,32.679726000,141.744947129,134.875307925
avx2_add,2900,0x00,14,0.242328259,0.000128441,34.382480000,1.667110000,32.715370000,141.883906263,135.004353683
avx2_add,2900,0x00,15,0.242151944,0.000180493,34.225315000,1.663265000,32.562050000,141.338179925,134.469496676
avx2_add,2900,0x00,16,0.242181355,0.000198912,34.364536000,1.659969000,32.704567000,141.895877988,135.041638527
avx2_add,2900,0x00,17,0.242189117,0.000207035,34.515537000,1.675472000,32.840065000,142.514814178,135.596782430
avx2_add,2900,0x00,18,0.242323100,0.000130825,34.404636000,1.671932000,32.732704000,141.978358813,135.078760707
avx2_add,2900,0x00,19,0.242149597,0.000189434,34.319492000,1.668453000,32.651039000,141.728470208,134.838295630
avx2_add,2900,0x00,20,0.242201860,0.000197771,34.394077000,1.668391000,32.725686000,142.005833460,135.117401638
avx2_add,2900,0x00,21,0.242426481,0.000112208,34.556369000,1.675472000,32.880897000,142.543706132,135.632447938
avx2_add,2900,0x00,22,0.242221280,0.000206259,34.340732000,1.650692000,32.690040000,141.774215458,134.959405475
avx2_add,2900,0x00,23,0.242188419,0.000168153,34.291111000,1.655758000,32.635353000,141.588566465,134.751914202
avx2_add,2900,0x00,24,0.242201372,0.000181108,34.323642000,1.665523000,32.658119000,141.715307851,134.838703536
avx2_add,2900,0x00,25,0.242335876,0.000550137,34.742892000,1.685237000,33.057655000,143.366688307,136.412550819
avx2_add,2900,0x00,26,0.242242903,0.000167139,34.384312000,1.663875000,32.720437000,141.941462655,135.072840384
avx2_add,2900,0x00,27,0.242270713,0.000160018,34.298923000,1.662288000,32.636635000,141.572716925,134.711433599
avx2_add,2900,0x00,28,0.242290792,0.000169574,34.347019000,1.661922000,32.685097000,141.759489272,134.900285160
avx2_add,2900,0x00,29,0.242296388,0.000167975,34.401401000,1.666804000,32.734597000,141.980659591,135.101465010
avx2_add,2900,0x00,30,0.242395401,0.000116628,34.444797000,1.666744000,32.778053000,142.101693525,135.225556468
avx2_add,2900,0x00,31,0.242250315,0.000221545,34.470859000,1.669002000,32.801857000,142.294382359,135.404806188
avx2_add,2900,0x00,32,0.242260875,0.000212410,34.411716000,1.662594000,32.749122000,142.044050926,135.181225870
avx2_add,2900,0x00,33,0.242311141,0.000170206,34.451694000,1.667415000,32.784279000,142.179570414,135.298273129
avx2_add,2900,0x00,34,0.242325307,0.000189129,34.562533000,1.673336000,32.889197000,142.628656904,135.723327766
avx2_add,2900,0x00,35,0.242133954,0.000173361,34.554050000,1.667293000,32.886757000,142.706338724,135.820509722
avx2_add,2900,0x00,36,0.242157442,0.000196181,34.360996000,1.665889000,32.695107000,141.895271799,135.015908568
avx2_add,2900,0x00,37,0.242170424,0.000175798,34.424533000,1.669186000,32.755347000,142.150030016,135.257421190
avx2_add,2900,0x00,38,0.242194661,0.000241183,34.529819000,1.672603000,32.857216000,142.570521012,135.664493466
avx2_add,2900,0x00,39,0.242194414,0.000195361,34.352207000,1.653743000,32.698464000,141.837321669,135.009158406
avx2_add,2900,0x00,40,0.242178885,0.000183377,34.303806000,1.659114000,32.644692000,141.646560333,134.795781405
avx2_add,2900,0x00,41,0.242205650,0.000178148,34.424351000,1.670650000,32.753701000,142.128604328,135.230953511
avx2_add,2900,0x00,42,0.242233132,0.000224454,34.413791000,1.670711000,32.743080000,142.068885257,135.171765165
avx2_add,2900,0x00,43,0.242232673,0.000178329,34.417942000,1.672909000,32.745033000,142.086290834,135.180083754
avx2_add,2900,0x00,44,0.242234480,0.000182321,34.340061000,1.672603000,32.667458000,141.763719761,134.858827456
avx2_add,2900,0x00,45,0.242402420,0.000019834,34.381748000,1.666927000,32.714821000,141.837478313,134.960785418
avx2_add,2900,0x00,46,0.242329129,0.000243278,34.466770000,1.671382000,32.795388000,142.231229408,135.334072620
avx2_add,2900,0x00,47,0.242253261,0.000153074,34.410861000,1.676449000,32.734412000,142.044985827,135.124752868
avx2_add,2900,0x00,48,0.242355809,0.000072474,34.401706000,1.675655000,32.726051000,141.947107239,135.033078616
avx2_add,2900,0x00,49,0.242038268,0.000069755,34.548496000,1.673457000,32.875039000,142.739808232,135.825789999
avx2_add,2900,0x00,50,0.242112537,0.000201930,34.458652000,1.670162000,32.788490000,142.324938880,135.426650909
avx2_add,2900,0x00,51,0.242119350,0.000155795,34.395176000,1.673397000,32.721779000,142.058765457,135.147310434
avx2_add,2900,0x00,52,0.242242771,0.000281957,34.670199000,1.679744000,32.990455000,143.121707543,136.187572856
avx2_add,2900,0x00,53,0.242224843,0.000144248,34.466098000,1.672420000,32.793678000,142.289691034,135.385279485
avx2_add,2900,0x00,54,0.242284604,0.000207419,34.531711000,1.670894000,32.860817000,142.525403719,135.628993578
avx2_add,2900,0x00,55,0.242292826,0.000159787,34.449070000,1.675777000,32.773293000,142.179488471,135.263159042
avx2_add,2900,0x00,56,0.242240566,0.000191955,34.495090000,1.665584000,32.829506000,142.400137634,135.524394134
avx2_add,2900,0x00,57,0.242280653,0.000179569,34.338291000,1.665950000,32.672341000,141.729397789,134.853281262
avx2_add,2900,0x00,58,0.242418109,0.000090654,34.405918000,1.673213000,32.732705000,141.928002289,135.025824050
avx2_add,2900,0x00,59,0.242100082,0.000161487,34.391880000,1.665462000,32.726418000,142.056457210,135.177227830
avx2_add,2900,0x00,60,0.242097388,0.000148167,34.388828000,1.673702000,32.715126000,142.045431629,135.132089801
avx2_add,2900,0x00,61,0.242128562,0.000165583,34.422397000,1.676265000,32.746132000,142.165784827,135.242747791
avx2_add,2900,0x00,62,0.242167836,0.000226284,34.313083000,1.665523000,32.647560000,141.691330903,134.813774301
avx2_add,2900,0x00,63,0.242150471,0.000169159,34.338901000,1.673763000,32.665138000,141.808111787,134.896033540
avx2_add,2900,0x00,64,0.242174586,0.000189948,34.367404000,1.670528000,32.696876000,141.911686782,135.013654964
avx2_add,2900,0x00,65,0.242413014,0.000017510,34.428928000,1.671809000,32.757119000,142.025906166,135.129374616
avx2_add,2900,0x00,66,0.242252290,0.000212140,34.419834000,1.678890000,32.740944000,142.082595051,135.152258083
avx2_add,2900,0x00,67,0.242385099,0.000086547,34.212193000,1.663814000,32.548379000,141.148086997,134.283745877
avx2_add,2900,0x00,68,0.242191098,0.000185301,34.440280000,1.669246000,32.771034000,142.202914536,135.310646346
avx2_add,2900,0x00,69,0.242227608,0.000200101,34.511203000,1.679805000,32.831398000,142.474275451,135.539454886
avx2_add,2900,0x00,70,0.242234243,0.000184409,34.324864000,1.669612000,32.655252000,141.701121980,134.808570457
avx2_add,2900,0x00,71,0.242434548,0.000118864,34.492771000,1.677059000,32.815712000,142.276632040,135.359057739
avx2_add,2900,0x00,72,0.242224302,0.000208159,34.298069000,1.667477000,32.630592000,141.596316852,134.712296599
avx2_add,2900,0x00,73,0.242443870,0.000242569,34.699619000,1.668575000,33.031044000,143.124340302,136.242025654
avx2_add,2900,0x00,74,0.242372493,0.000182552,34.529086000,1.682064000,32.847022000,142.462890619,135.522895171
avx2_add,2900,0x00,75,0.242199486,0.000245042,34.456699000,1.680598000,32.776101000,142.265781008,135.326881056
avx2_add,2900,0x00,76,0.242237488,0.000168549,34.358249000,1.666134000,32.692115000,141.837042826,134.958941456
avx2_add,2900,0x00,77,0.242267995,0.000183298,34.270969000,1.665340000,32.605629000,141.458920379,134.584962469
avx2_add,2900,0x00,78,0.242365055,0.000099279,34.499912000,1.676021000,32.823891000,142.346890789,135.431615810
avx2_add,2900,0x00,79,0.242227974,0.000240372,34.399265000,1.673335000,32.725930000,142.011942169,135.103842440
avx2_add,2900,0x00,80,0.242241012,0.000195612,34.385471000,1.672786000,32.712685000,141.947355097,135.041893533
avx2_add,2900,0x00,81,0.242238730,0.000193941,34.398289000,1.671932000,32.726357000,142.001607006,135.099605840
avx2_add,2900,0x00,82,0.242219327,0.000168315,34.292087000,1.665035000,32.627052000,141.574528465,134.700448593
avx2_add,2900,0x00,83,0.242396341,0.000091603,34.501316000,1.674251000,32.827065000,142.334310320,135.427229982
avx2_add,2900,0x00,84,0.242162307,0.000184013,34.232884000,1.665035000,32.567849000,141.363387429,134.487688970
avx2_add,2900,0x00,85,0.242012636,0.000017092,34.302036000,1.666256000,32.635780000,141.736549406,134.851553545
avx2_add,2900,0x00,86,0.242215870,0.000206849,34.235996000,1.665463000,32.570533000,141.344974859,134.469029849
avx2_add,2900,0x00,87,0.242200237,0.000221116,34.444736000,1.672603000,32.772133000,142.215946444,135.310077905
avx2_add,2900,0x00,88,0.242178946,0.000170012,34.396030000,1.675350000,32.720680000,142.027333746,135.109515219
avx2_add,2900,0x00,89,0.242221638,0.000173529,34.241001000,1.668452000,32.572549000,141.362271752,134.474150548
avx2_add,2900,0x00,90,0.242182846,0.000192027,34.374607000,1.656612000,32.717995000,141.936588730,135.096252893
avx2_add,2900,0x00,91,0.242208709,0.000222904,34.429599000,1.679561000,32.750038000,142.148476564,135.214122277
avx2_add,2900,0x00,92,0.242219635,0.000187066,34.520176000,1.671993000,32.848183000,142.516010167,135.613213050
avx2_add,2900,0x00,93,0.242489346,0.000231763,34.530185000,1.675777000,32.854408000,142.398771363,135.488047141
avx2_add,2900,0x00,94,0.242305135,0.000185193,34.268284000,1.666011000,32.602273000,141.426156963,134.550483434
avx2_add,2900,0x00,95,0.242391888,0.000115266,34.357517000,1.666316000,32.691201000,141.743674936,134.869203959
avx2_add,2900,0x00,96,0.242174394,0.000178373,34.263340000,1.663143000,32.600197000,141.482092530,134.614549791
avx2_add,2900,0x00,97,0.242186804,0.000173217,34.352756000,1.665035000,32.687721000,141.844045477,134.969042486
avx2_add,2900,0x00,98,0.242353207,0.000119578,34.416233000,1.677486000,32.738747000,142.008572365,135.086914436
avx2_add,2900,0x00,99,0.242163904,0.000224247,34.250523000,1.668636000,32.581887000,141.435294339,134.544771125
avx2_add,2900,0xAA,0,0.242248555,0.000316712,34.565280000,1.680598000,32.884682000,142.685185470,135.747691044
avx2_add,2900,0xAA,1,0.242265746,0.000171580,34.347813000,1.668636000,32.679177000,141.777422385,134.889795770
avx2_add,2900,0xAA,2,0.242303341,0.000179353,34.431004000,1.674068000,32.756936000,142.098758930,135.189782788
avx2_add,2900,0xAA,3,0.242381920,0.000100040,34.404575000,1.664363000,32.740212000,141.943652440,135.076956275
avx2_add,2900,0xAA,4,0.242281657,0.000213652,34.464267000,1.680843000,32.783424000,142.248767124,135.311209320
avx2_add,2900,0xAA,5,0.242315449,0.000191654,34.384739000,1.671443000,32.713296000,141.900729406,135.002931495
avx2_add,2900,0xAA,6,0.242222529,0.000186557,34.228245000,1.661495000,32.566750000,141.309089295,134.449714959
avx2_add,2900,0xAA,7,0.242407905,0.000117637,34.441135000,1.674801000,32.766334000,142.079256883,135.170237146
avx2_add,2900,0xAA,8,0.242205294,0.000187971,34.475071000,1.672114000,32.802957000,142.338222636,135.434517208
avx2_add,2900,0xAA,9,0.242203104,0.000189317,34.343173000,1.669612000,32.673561000,141.794933333,134.901495670
avx2_add,2900,0xAA,10,0.242420720,0.000079136,34.366245000,1.659420000,32.706825000,141.762820585,134.917613617
avx2_add,2900,0xAA,11,0.242141255,0.000235516,34.523471000,1.676021000,32.847450000,142.575750097,135.654083639
avx2_add,2900,0xAA,12,0.242160239,0.000179633,34.503452000,1.671443000,32.832009000,142.481904474,135.579685477
avx2_add,2900,0xAA,13,0.242226745,0.000173202,34.312962000,1.658992000,32.653970000,141.656372692,134.807451021
avx2_add,2900,0xAA,14,0.242238472,0.000177884,34.261326000,1.651729000,32.609597000,141.436352560,134.617745329
avx2_add,2900,0xAA,15,0.242269710,0.000227951,34.392917000,1.661251000,32.731666000,141.961275349,135.104243983
avx2_add,2900,0xAA,16,0.242236628,0.000177933,34.289525000,1.657466000,32.632059000,141.553840550,134.711497943
avx2_add,2900,0xAA,17,0.242397880,0.000023675,34.462375000,1.666744000,32.795631000,142.172757221,135.296690494
avx2_add,2900,0xAA,18,0.242309713,0.000187833,34.193394000,1.662655000,32.530739000,141.114417523,134.252723949
avx2_add,2900,0xAA,19,0.242318862,0.000211825,34.456943000,1.678035000,32.778908000,142.196702257,135.271797652
avx2_add,2900,0xAA,20,0.242275300,0.000139980,34.281651000,1.662349000,32.619302000,141.498745665,134.637340467
avx2_add,2900,0xAA,21,0.242339809,0.000310112,34.749972000,1.686397000,33.063575000,143.393576913,136.434765610
avx2_add,2900,0xAA,22,0.242298707,0.000106153,34.357150000,1.665096000,32.692054000,141.796670897,134.924591300
avx2_add,2900,0xAA,23,0.242196459,0.000249373,34.464512000,1.679744000,32.784768000,142.299817558,135.364356967
avx2_add,2900,0xAA,24,0.242165374,0.000178903,34.327854000,1.663387000,32.664467000,141.753767119,134.884961006
avx2_add,2900,0xAA,25,0.242199374,0.000204646,34.453891000,1.667598000,32.786293000,142.254252895,135.369024529
avx2_add,2900,0xAA,26,0.242207254,0.000196087,34.366062000,1.664058000,32.702004000,141.887005811,135.016617021
avx2_add,2900,0xAA,27,0.242227489,0.000200903,34.562960000,1.656856000,32.906104000,142.688016592,135.847934133
avx2_add,2900,0xAA,28,0.242243104,0.000171688,34.359288000,1.666561000,32.692727000,141.838043819,134.958339206
avx2_add,2900,0xAA,29,0.242358987,0.000025527,34.284763000,1.665523000,32.619240000,141.462726346,134.590594129
avx2_add,2900,0xAA,30,0.242047689,0.000084542,34.448521000,1.670344000,32.778177000,142.321214293,135.420326259
avx2_add,2900,0xAA,31,0.242115421,0.000222346,34.547641000,1.674984000,32.872657000,142.690791160,135.772669250
avx2_add,2900,0xAA,32,0.242143903,0.000175449,34.344150000,1.664730000,32.679420000,141.833635100,134.958673648
avx2_add,2900,0xAA,33,0.242149597,0.000171066,34.392856000,1.670956000,32.721900000,142.031440155,135.130928982
avx2_add,2900,0xAA,34,0.242181270,0.000213137,34.348667000,1.668941000,32.679726000,141.830402596,134.939114095
avx2_add,2900,0xAA,35,0.242309249,0.000189220,34.554355000,1.673030000,32.881325000,142.604358576,135.699834673
avx2_add,2900,0xAA,36,0.242245073,0.000187440,34.555697000,1.674434000,32.881263000,142.647677086,135.735528258
avx2_add,2900,0xAA,37,0.242238708,0.000181087,34.434360000,1.667110000,32.767250000,142.150527097,135.268431271
avx2_add,2900,0xAA,38,0.242286329,0.000186585,34.471836000,1.677181000,32.794655000,142.277264169,135.354954484
avx2_add,2900,0xAA,39,0.242291582,0.000162251,34.402683000,1.672176000,32.730507000,141.988766820,135.087264163
avx2_add,2900,0xAA,40,0.242275197,0.000192842,34.494114000,1.673275000,32.820839000,142.375754458,135.469248886
avx2_add,2900,0xAA,41,0.242306742,0.000183895,34.478061000,1.669551000,32.808510000,142.290968297,135.400730809
avx2_add,2900,0xAA,42,0.242233585,0.000257684,34.464939000,1.671993000,32.792946000,142.279771137,135.377371531
avx2_add,2900,0xAA,43,0.242237262,0.000161914,34.370640000,1.668880000,32.701760000,141.888327358,134.998883584
avx2_add,2900,0xAA,44,0.242302613,0.000214434,34.389744000,1.655330000,32.734414000,141.928902994,135.097239142
avx2_add,2900,0xAA,45,0.242286230,0.000175371,34.342807000,1.664729000,32.678078000,141.744774331,134.873855585
avx2_add,2900,0xAA,46,0.242301921,0.000188471,34.456943000,1.669857000,32.787086000,142.206644126,135.315006637
avx2_add,2900,0xAA,47,0.242296703,0.000170596,34.382541000,1.671078000,32.711463000,141.902636327,135.005811171
avx2_add,2900,0xAA,48,0.242392695,0.000122356,34.375218000,1.671748000,32.703470000,141.816229218,134.919371210
avx2_add,2900,0xAA,49,0.242214451,0.000187613,34.304112000,1.662837000,32.641275000,141.627024746,134.761881087
avx2_add,2900,0xAA,50,0.242213331,0.000168895,34.401645000,1.668026000,32.733619000,142.030353190,135.143754543
avx2_add,2900,0xAA,51,0.242201738,0.000196555,34.410495000,1.673946000,32.736549000,142.073691310,135.162320600
avx2_add,2900,0xAA,52,0.242201741,0.000225195,34.388706000,1.670833000,32.717873000,141.983727398,135.085209693
avx2_add,2900,0xAA,53,0.242205436,0.000180663,34.413059000,1.675838000,32.737221000,142.082108368,135.163031621
avx2_add,2900,0xAA,54,0.242251105,0.000179655,34.349094000,1.667476000,32.681618000,141.791279159,134.908024684
avx2_add,2900,0xAA,55,0.242253732,0.000159299,34.460727000,1.669551000,32.791176000,142.250551415,135.358806201
avx2_add,2900,0xAA,56,0.242310133,0.000219270,34.560703000,1.677242000,32.883461000,142.630035756,135.708154380
avx2_add,2900,0xAA,57,0.242240597,0.000186329,34.309543000,1.666256000,32.643287000,141.634158022,134.755641290
avx2_add,2900,0xAA,58,0.242367310,0.000019688,34.382663000,1.672359000,32.710304000,141.861800671,134.961699329
avx2_add,2900,0xAA,59,0.242119711,0.000177794,34.356053000,1.665096000,32.690957000,141.896968626,135.019808585
avx2_add,2900,0xAA,60,0.242152385,0.000246135,34.583102000,1.673641000,32.909461000,142.815450503,135.903930727
avx2_add,2900,0xAA,61,0.242160610,0.000186321,34.345982000,1.650569000,32.695413000,141.831415005,135.015405585
avx2_add,2900,0xAA,62,0.242262120,0.000309332,34.539340000,1.675228000,32.864112000,142.570122213,135.655182301
avx2_add,2900,0xAA,63,0.242267160,0.000155593,34.229283000,1.667171000,32.562112000,141.287341336,134.405801978
avx2_add,2900,0xAA,64,0.242301515,0.000211474,34.333591000,1.678157000,32.655434000,141.697797662,134.771893784
avx2_add,2900,0xAA,65,0.242309923,0.000157513,34.381687000,1.664485000,32.717202000,141.891370482,135.022130534
avx2_add,2900,0xAA,66,0.242235924,0.000210210,34.348789000,1.670039000,32.678750000,141.798906097,134.904639654
avx2_add,2900,0xAA,67,0.242249366,0.000187982,34.286473000,1.671871000,32.614602000,141.533798960,134.632352609
avx2_add,2900,0xAA,68,0.242263753,0.000217515,34.487704000,1.680477000,32.807227000,142.356021394,135.419461635
avx2_add,2900,0xAA,69,0.242253584,0.000159586,34.391635000,1.664120000,32.727515000,141.965433129,135.096102358
avx2_add,2900,0xAA,70,0.242255715,0.000154148,34.371189000,1.663447000,32.707742000,141.879786036,135.013293741
avx2_add,2900,0xAA,71,0.242297848,0.000199255,34.429721000,1.674678000,32.755043000,142.096685047,135.185034723
avx2_add,2900,0xAA,72,0.242302156,0.000210476,34.385593000,1.673275000,32.712318000,141.912039201,135.006302040
avx2_add,2900,0xAA,73,0.242165107,0.000179225,34.248325000,1.664119000,32.584206000,141.425515280,134.553678860
avx2_add,2900,0xAA,74,0.242230280,0.000186698,34.373142000,1.665950000,32.707192000,141.902746428,135.025199987
avx2_add,2900,0xAA,75,0.242400176,0.000022161,34.335788000,1.668636000,32.667152000,141.649187352,134.765380480
avx2_add,2900,0xAA,76,0.242134485,0.000244628,34.441745000,1.674129000,32.767616000,142.242212789,135.328166667
avx2_add,2900,0xAA,77,0.242106952,0.000150135,34.238071000,1.658505000,32.579566000,141.417132621,134.566833679
avx2_add,2900,0xAA,78,0.242146301,0.000167817,34.227391000,1.635067000,32.592324000,141.350046658,134.597653619
avx2_add,2900,0xAA,79,0.242025865,0.000034144,34.419956000,1.665035000,32.754921000,142.216023131,135.336448501
avx2_add,2900,0xAA,80,0.242127262,0.000172964,34.444858000,1.674312000,32.770546000,142.259313078,135.344304893
avx2_add,2900,0xAA,81,0.242162807,0.000237004,34.409457000,1.674374000,32.735083000,142.092245488,135.177996261
avx2_add,2900,0xAA,82,0.242124000,0.000152616,34.331578000,1.670284000,32.661294000,141.793370151,134.894904911
avx2_add,2900,0xAA,83,0.242285937,0.000462065,34.673800000,1.678951000,32.994849000,143.111071427,136.181445125
avx2_add,2900,0xAA,84,0.242175787,0.000149049,34.480869000,1.665889000,32.814980000,142.379506338,135.500664234
avx2_add,2900,0xAA,85,0.242257953,0.000198075,34.374607000,1.669673000,32.704934000,141.892584308,135.000455565
avx2_add,2900,0xAA,86,0.242167349,0.000187810,34.305088000,1.666195000,32.638893000,141.658601778,134.778256391
avx2_add,2900,0xAA,87,0.242259169,0.000186460,34.303623000,1.658016000,32.645607000,141.598863467,134.754887214
avx2_add,2900,0xAA,88,0.242319550,0.000154567,34.324497000,1.668575000,32.655922000,141.649722485,134.763876912
avx2_add,2900,0xAA,89,0.242203440,0.000253767,34.485935000,1.669856000,32.816079000,142.384166546,135.489731037
avx2_add,2900,0xAA,90,0.242286136,0.000166743,34.287083000,1.662106000,32.624977000,141.514836591,134.654741232
avx2_add,2900,0xAA,91,0.242290164,0.000180509,34.255345000,1.665950000,32.589395000,141.381492503,134.505645903
avx2_add,2900,0xAA,92,0.242262655,0.000155336,34.229954000,1.667415000,32.562539000,141.292738806,134.410064290
avx2_add,2900,0xAA,93,0.242486129,0.000570904,34.729831000,1.697506000,33.032325000,143.223990371,136.223565204
avx2_add,2900,0xAA,94,0.242061625,0.000063286,34.386020000,1.664486000,32.721534000,142.054817883,135.178527588
avx2_add,2900,0xAA,95,0.242165892,0.000194103,34.354344000,1.657467000,32.696877000,141.862851561,135.018506200
avx2_add,2900,0xAA,96,0.242184639,0.000197311,34.373630000,1.676204000,32.697426000,141.931503463,135.010321330
avx2_add,2900,0xAA,97,0.242210965,0.000239127,34.469394000,1.675350000,32.794044000,142.311451675,135.394547636
avx2_add,2900,0xAA,98,0.242203270,0.000182226,34.373264000,1.669917000,32.703347000,141.919074645,135.024382440
avx2_add,2900,0xAA,99,0.242395582,0.000025867,34.316685000,1.669490000,32.647195000,141.573062952,134.685602440
avx2_add,3100,0x00,0,0.234142106,0.000232067,34.196690000,1.615596000,32.581094000,146.051005163,139.150939111
avx2_add,3100,0x00,1,0.234156222,0.000272553,34.300999000,1.619991000,32.681008000,146.487668525,139.569248900
avx2_add,3100,0x00,2,0.234136526,0.000225408,34.114903000,1.609310000,32.505593000,145.705172798,138.831789877
avx2_add,3100,0x00,3,0.234176717,0.000244775,34.108860000,1.606014000,32.502846000,145.654360743,138.796232312
avx2_add,3100,0x00,4,0.234163198,0.000215790,34.064366000,1.607600000,32.456766000,145.472757240,138.607459804
avx2_add,3100,0x00,5,0.234204343,0.000267358,34.197728000,1.615901000,32.581827000,146.016626374,139.117091628
avx2_add,3100,0x00,6,0.234207884,0.000231009,34.120640000,1.611812000,32.508828000,145.685274808,138.803303246
avx2_add,3100,0x00,7,0.234218211,0.000235468,34.055760000,1.612545000,32.443215000,145.401844816,138.517047124
avx2_add,3100,0x00,8,0.234222571,0.000235931,34.034764000,1.603755000,32.431009000,145.309497337,138.462356194
avx2_add,3100,0x00,9,0.234202068,0.000213496,33.953526000,1.601925000,32.351601000,144.975346784,138.135419986
avx2_add,3100,0x00,10,0.234263136,0.000424909,34.375462000,1.598933000,32.776529000,146.738674307,139.913302514
avx2_add,3100,0x00,11,0.234175044,0.000200370,34.173740000,1.611813000,32.561927000,145.932458657,139.049517721
avx2_add,3100,0x00,12,0.234294869,0.000301231,34.513523000,1.634090000,32.879433000,147.308061845,140.333559973
avx2_add,3100,0x00,13,0.234229225,0.000197350,34.197422000,1.612422000,32.585000000,145.999808677,139.115859837
avx2_add,3100,0x00,14,0.234273901,0.000249687,34.175205000,1.610652000,32.564553000,145.877132960,139.002052153
avx2_add,3100,0x00,15,0.234256574,0.000219928,33.998936000,1.598202000,32.400734000,145.135461886,138.313019400
avx2_add,3100,0x00,16,0.234434622,0.000035980,34.212315000,1.612972000,32.599343000,145.935420053,139.055156430
avx2_add,3100,0x00,17,0.234127445,0.000236725,34.149632000,1.613826000,32.535806000,145.859157988,138.966219830
avx2_add,3100,0x00,18,0.234125607,0.000249290,34.271153000,1.622066000,32.649087000,146.379344686,139.451157644
avx2_add,3100,0x00,19,0.234129536,0.000215266,34.027013000,1.613338000,32.413675000,145.334132735,138.443340439
avx2_add,3100,0x00,20,0.234222576,0.000239519,34.008702000,1.611263000,32.397439000,145.198224027,138.319028048
avx2_add,3100,0x00,21,0.234211115,0.000231136,34.016331000,1.610531000,32.405800000,145.237902138,138.361494927
avx2_add,3100,0x00,22,0.234311738,0.000241534,34.045995000,1.616451000,32.429544000,145.302131464,138.403411785
avx2_add,3100,0x00,23,0.234281578,0.000216096,34.093235000,1.599239000,32.493996000,145.522474669,138.696334033
avx2_add,3100,0x00,24,0.234254959,0.000195183,34.031407000,1.608700000,32.422707000,145.275075986,138.407772065
avx2_add,3100,0x00,25,0.234411296,0.000117489,34.115819000,1.616146000,32.499673000,145.538289070,138.643800512
avx2_add,3100,0x00,26,0.234254205,0.000217504,34.024571000,1.607418000,32.417153000,145.246361790,138.384508444
avx2_add,3100,0x00,27,0.234336132,0.000524859,34.350070000,1.623408000,32.726662000,146.584608102,139.656918421
avx2_add,3100,0x00,28,0.234233259,0.000176147,34.160374000,1.596431000,32.563943000,145.839126748,139.023566036
avx2_add,3100,0x00,29,0.234427691,0.000093613,34.112706000,1.615108000,32.497598000,145.514831915,138.625253317
avx2_add,3100,0x00,30,0.234060298,0.000203962,34.071690000,1.612545000,32.459145000,145.568002066,138.678559426
avx2_add,3100,0x00,31,0.234104311,0.000267139,34.275669000,1.619747000,32.655922000,146.411951447,139.493039985
avx2_add,3100,0x00,32,0.234072199,0.000197633,34.095128000,1.609493000,32.485635000,145.660732742,138.784679080
avx2_add,3100,0x00,33,0.234141952,0.000316981,34.375217000,1.618771000,32.756446000,146.813574892,139.899944137
avx2_add,3100,0x00,34,0.234169112,0.000212753,34.069005000,1.605770000,32.463235000,145.488893225,138.631584065
avx2_add,3100,0x00,35,0.234190245,0.000257640,34.191319000,1.612728000,32.578591000,145.998049510,139.111648246
avx2_add,3100,0x00,36,0.234178212,0.000239085,34.080235000,1.612056000,32.468179000,145.531195093,138.647309573
avx2_add,3100,0x00,37,0.234189887,0.000229228,34.165074000,1.614559000,32.550515000,145.886205693,138.991975451
avx2_add,3100,0x00,38,0.234233716,0.000223662,34.086888000,1.606441000,32.480447000,145.525113157,138.666830632
avx2_add,3100,0x00,39,0.234266901,0.000253715,34.241672000,1.619014000,32.622658000,146.165215316,139.254234745
avx2_add,3100,0x00,40,0.234225843,0.000202329,34.134678000,1.613155000,32.521523000,145.734038408,138.846860720
avx2_add,3100,0x00,41,0.234220948,0.000195183,34.053685000,1.606868000,32.446817000,145.391286958,138.530807498
avx2_add,3100,0x00,42,0.234277516,0.000211517,34.068517000,1.605892000,32.462625000,145.419490736,138.564833786
avx2_add,3100,0x00,43,0.234272754,0.000209475,34.119969000,1.604610000,32.515359000,145.642070806,138.792746786
avx2_add,3100,0x00,44,0.234371560,0.000518937,34.340061000,1.622920000,32.717141000,146.519744186,139.595183882
avx2_add,3100,0x00,45,0.234212687,0.000193469,34.038731000,1.579768000,32.458963000,145.332566935,138.587552304
avx2_add,3100,0x00,46,0.234277877,0.000209349,34.222569000,1.607479000,32.615090000,146.076827168,139.215406798
avx2_add,3100,0x00,47,0.234318781,0.000231989,34.136509000,1.616817000,32.519692000,145.684050125,138.783975812
avx2_add,3100,0x00,48,0.234309953,0.000259114,34.155186000,1.606625000,32.548561000,145.769249615,138.912413272
avx2_add,3100,0x00,49,0.234250989,0.000196906,34.012303000,1.599422000,32.412881000,145.195984703,138.368171478
avx2_add,3100,0x00,50,0.234272423,0.000189185,34.119969000,1.612240000,32.507729000,145.642276759,138.760374133
avx2_add,3100,0x00,51,0.234067951,0.000213900,34.078953000,1.603328000,32.475625000,145.594272168,138.744432232
avx2_add,3100,0x00,52,0.234063382,0.000244355,34.072179000,1.606319000,32.465860000,145.568173629,138.705421379
avx2_add,3100,0x00,53,0.234077349,0.000197579,34.146397000,1.614192000,32.532205000,145.876553845,138.980576907
avx2_add,3100,0x00,54,0.234138733,0.000279950,34.246555000,1.617610000,32.628945000,146.266081687,139.357314472
avx2_add,3100,0x00,55,0.234159958,0.000231268,34.111546000,1.609432000,32.502114000,145.676256302,138.803040162
avx2_add,3100,0x00,56,0.234287605,0.000236546,34.089513000,1.607112000,32.482401000,145.502844433,138.643275412
avx2_add,3100,0x00,57,0.234217572,0.000179746,34.066990000,1.608028000,32.458962000,145.450188422,138.584657432
avx2_add,3100,0x00,58,0.234183670,0.000250920,34.166111000,1.617183000,32.548928000,145.894506494,138.988888360
avx2_add,3100,0x00,59,0.234197287,0.000225303,34.012303000,1.606319000,32.405984000,145.229278336,138.370449954
avx2_add,3100,0x00,60,0.234247241,0.000225063,34.132542000,1.616451000,32.516091000,145.711607180,138.810988025
avx2_add,3100,0x00,61,0.234247058,0.000270702,34.232395000,1.617122000,32.615273000,146.137993621,139.234504557
avx2_add,3100,0x00,62,0.234225131,0.000203782,34.012975000,1.605953000,32.407022000,145.214882938,138.358432513
avx2_add,3100,0x00,63,0.234224838,0.000206069,34.146702000,1.584835000,32.561867000,145.785999162,139.019701381
avx2_add,3100,0x00,64,0.234278413,0.000209756,34.023106000,1.607357000,32.415749000,145.225099945,138.364216022
avx2_add,3100,0x00,65,0.234311413,0.000277178,34.220066000,1.618099000,32.601967000,146.045237913,139.139475270
avx2_add,3100,0x00,66,0.234273380,0.000209547,33.915685000,1.600216000,32.315469000,144.769691430,137.939141596
avx2_add,3100,0x00,67,0.234285067,0.000214872,34.219883000,1.612240000,32.607643000,146.060879468,139.179348274
avx2_add,3100,0x00,68,0.234275076,0.000216014,34.026830000,1.605831000,32.420999000,145.243064854,138.388596892
avx2_add,3100,0x00,69,0.234268030,0.000232953,34.218418000,1.618587000,32.599831000,146.065248715,139.156124140
avx2_add,3100,0x00,70,0.234038628,0.000171986,34.125035000,1.617244000,32.507791000,145.809413292,138.899254847
avx2_add,3100,0x00,71,0.234265620,0.000203644,33.965306000,1.610409000,32.354897000,144.986302566,138.112016006
avx2_add,3100,0x00,72,0.234277673,0.000211672,34.061681000,1.606747000,32.454934000,145.390213967,138.531912108
avx2_add,3100,0x00,73,0.234301461,0.000237763,34.166050000,1.610469000,32.555581000,145.820900566,138.947409486
avx2_add,3100,0x00,74,0.234092275,0.000213576,33.990880000,1.598872000,32.392008000,145.202911794,138.372818840
avx2_add,3100,0x00,75,0.234195262,0.000330937,34.549533000,1.625973000,32.923560000,147.524474706,140.581665589
avx2_add,3100,0x00,76,0.234197739,0.000141422,34.053624000,1.611812000,32.441812000,145.405434796,138.523165095
avx2_add,3100,0x00,77,0.234336868,0.000386146,34.246067000,1.614314000,32.631753000,146.140329014,139.251468489
avx2_add,3100,0x00,78,0.234217604,0.000231368,34.064183000,1.603877000,32.460306000,145.438183858,138.590376646
avx2_add,3100,0x00,79,0.234236210,0.000197336,34.119786000,1.602840000,32.516946000,145.664011355,138.821175238
avx2_add,3100,0x00,80,0.234344788,0.000213991,34.182224000,1.593990000,32.588234000,145.862958108,139.061057313
avx2_add,3100,0x00,81,0.234155505,0.000244499,34.208835000,1.621517000,32.587318000,146.094515267,139.169557427
avx2_add,3100,0x00,82,0.234177895,0.000315348,34.363865000,1.628048000,32.735817000,146.742564800,139.790380023
avx2_add,3100,0x00,83,0.234140222,0.000228132,34.077733000,1.610897000,32.466836000,145.544122113,138.664069685
avx2_add,3100,0x00,84,0.234136129,0.000234898,34.043065000,1.609004000,32.434061000,145.398598370,138.526510726
avx2_add,3100,0x00,85,0.234160063,0.000201911,34.184849000,1.617855000,32.566994000,145.989237151,139.080052990
avx2_add,3100,0x00,86,0.234242432,0.000239640,34.266331000,1.618648000,32.647683000,146.285755079,139.375615067
avx2_add,3100,0x00,87,0.234268736,0.000214082,34.037693000,1.612239000,32.425454000,145.293364938,138.411358294
avx2_add,3100,0x00,88,0.234262734,0.000212838,34.009556000,1.614742000,32.394814000,145.176979138,138.284111567
avx2_add,3100,0x00,89,0.234270247,0.000209852,34.082005000,1.616329000,32.465676000,145.481577228,138.582156486
avx2_add,3100,0x00,90,0.234314058,0.000266616,34.202732000,1.621761000,32.580971000,145.969611212,139.048297949
avx2_add,3100,0x00,91,0.234202882,0.000174808,34.149449000,1.609249000,32.540200000,145.811395067,138.940220024
avx2_add,3100,0x00,92,0.234240107,0.000192368,34.251682000,1.621517000,32.630165000,146.224668430,139.302211726
avx2_add,3100,0x00,93,0.233959540,0.000096485,34.091099000,1.610897000,32.480202000,145.713652339,138.828286589
avx2_add,3100,0x00,94,0.233990701,0.000140921,34.043553000,1.610347000,32.433206000,145.491050768,138.608952500
avx2_add,3100,0x00,95,0.234026729,0.000212152,34.198338000,1.613033000,32.585305000,146.130051666,139.237535555
avx2_add,3100,0x00,96,0.234056667,0.000244892,34.293492000,1.621517000,32.671975000,146.517902863,139.590020736
avx2_add,3100,0x00,97,0.234129688,0.000227562,34.129613000,1.596248000,32.533365000,145.772256718,138.954462644
avx2_add,3100,0x00,98,0.234158095,0.000217814,33.907567000,1.592403000,32.315164000,144.806298629,138.005752180
avx2_add,3100,0x00,99,0.234256719,0.000311158,34.207005000,1.618465000,32.588540000,146.023580766,139.114643412
avx2_add,3100,0xAA,0,0.234242099,0.000209774,33.949193000,1.607296000,32.341897000,144.932072968,138.070385824
avx2_add,3100,0xAA,1,0.234073819,0.000218475,34.118748000,1.595943000,32.522805000,145.760633200,138.942514837
avx2_add,3100,0xAA,2,0.234178307,0.000404037,34.404880000,1.630977000,32.773903000,146.917451486,139.952771351
avx2_add,3100,0xAA,3,0.234152372,0.000212142,34.157872000,1.618465000,32.539407000,145.878821008,138.966804766
avx2_add,3100,0xAA,4,0.234232153,0.000360658,34.357273000,1.627316000,32.729957000,146.680430043,139.732980788
avx2_add,3100,0xAA,5,0.234206978,0.000204976,33.978185000,1.613277000,32.364908000,145.077594881,138.189341520
avx2_add,3100,0xAA,6,0.234259414,0.000218698,34.021580000,1.603878000,32.417702000,145.230363903,138.383774603
avx2_add,3100,0xAA,7,0.234428396,0.000111390,34.119115000,1.609249000,32.509866000,145.541733077,138.677167909
avx2_add,3100,0xAA,8,0.234181196,0.000256136,34.049107000,1.607234000,32.441873000,145.396417472,138.533210585
avx2_add,3100,0xAA,9,0.234155926,0.000204292,33.958043000,1.605404000,32.352639000,145.023205495,138.167073232
avx2_add,3100,0xAA,10,0.234207748,0.000211888,34.039037000,1.611813000,32.427224000,145.336938035,138.454958204
avx2_add,3100,0xAA,11,0.234266754,0.000247048,34.223057000,1.610226000,32.612831000,146.085846178,139.212374070
avx2_add,3100,0xAA,12,0.234255320,0.000204617,34.109654000,1.614986000,32.494668000,145.608876807,138.714749487
avx2_add,3100,0xAA,13,0.234271054,0.000207771,34.085423000,1.607906000,32.477517000,145.495665844,138.632222955
avx2_add,3100,0xAA,14,0.234290774,0.000216144,33.997472000,1.607906000,32.389566000,145.108027483,138.245162266
avx2_add,3100,0xAA,15,0.234350366,0.000388151,34.235813000,1.623776000,32.612037000,146.088156717,139.159317528
avx2_add,3100,0xAA,16,0.234255852,0.000229098,34.030187000,1.597469000,32.432718000,145.269314450,138.449980002
avx2_add,3100,0xAA,17,0.234239116,0.000189881,33.958226000,1.598080000,32.360146000,144.972482035,138.150051909
avx2_add,3100,0xAA,18,0.234256356,0.000197769,34.116673000,1.602840000,32.513833000,145.638195707,138.795948059
avx2_add,3100,0xAA,19,0.234281393,0.000237096,34.179966000,1.583492000,32.596474000,145.892789946,139.133857953
avx2_add,3100,0xAA,20,0.234251695,0.000204301,33.994481000,1.603817000,32.390664000,145.119466191,138.272911689
avx2_add,3100,0xAA,21,0.234269335,0.000212884,34.009007000,1.596004000,32.413003000,145.170544569,138.357856101
avx2_add,3100,0xAA,22,0.234239379,0.000192098,34.071568000,1.600826000,32.470742000,145.456191567,138.622046061
avx2_add,3100,0xAA,23,0.234399371,0.000017898,34.088718000,1.610714000,32.478004000,145.430074311,138.558409125
avx2_add,3100,0xAA,24,0.234251714,0.000234727,33.991429000,1.604182000,32.387247000,145.106426209,138.258314086
avx2_add,3100,0xAA,25,0.234297873,0.000297974,34.262425000,1.617366000,32.645059000,146.234469049,139.331435820
avx2_add,3100,0xAA,26,0.234256794,0.000209009,34.151157000,1.611568000,32.539589000,145.785129444,138.905636328
avx2_add,3100,0xAA,27,0.234282343,0.000213267,33.978490000,1.605953000,32.372537000,145.032227470,138.177451381
avx2_add,3100,0xAA,28,0.234445093,0.000131640,34.227329000,1.619747000,32.607582000,145.992942645,139.084088294
avx2_add,3100,0xAA,29,0.234051172,0.000187484,34.079075000,1.614009000,32.465066000,145.605231083,138.709264763
avx2_add,3100,0xAA,30,0.234123303,0.000215465,34.044835000,1.610653000,32.434182000,145.414124230,138.534616797
avx2_add,3100,0xAA,31,0.234219394,0.000241472,34.055577000,1.608089000,32.447488000,145.400329032,138.534591015
avx2_add,3100,0xAA,32,0.234232300,0.000260188,34.188755000,1.617367000,32.571388000,145.960889818,139.055919852
avx2_add,3100,0xAA,33,0.234221944,0.000216661,34.052036000,1.607478000,32.444558000,145.383628258,138.520573609
avx2_add,3100,0xAA,34,0.234237047,0.000228131,33.977208000,1.610287000,32.366921000,145.054799823,138.180195575
avx2_add,3100,0xAA,35,0.234199849,0.000196498,34.018529000,1.607906000,32.410623000,145.254273530,138.388743926
avx2_add,3100,0xAA,36,0.234220919,0.000229579,34.074803000,1.598263000,32.476540000,145.481467479,138.657725999
avx2_add,3100,0xAA,37,0.234234953,0.000209540,33.991613000,1.607418000,32.384195000,145.117594656,138.255177337
avx2_add,3100,0xAA,38,0.234241070,0.000214249,34.009435000,1.609981000,32.399454000,145.189888959,138.316709131
avx2_add,3100,0xAA,39,0.234276462,0.000229263,34.111913000,1.619991000,32.491922000,145.605379006,138.690510187
avx2_add,3100,0xAA,40,0.234257436,0.000207474,33.928014000,1.605220000,32.322794000,144.832175411,137.979799536
avx2_add,3100,0xAA,41,0.234304595,0.000204823,34.202488000,1.618221000,32.584267000,145.974465128,139.067980871
avx2_add,3100,0xAA,42,0.234244454,0.000218688,34.057774000,1.614681000,32.443093000,145.394153244,138.501008180
avx2_add,3100,0xAA,43,0.234326915,0.000161935,34.225437000,1.613765000,32.611672000,146.058497173,139.171686913
avx2_add,3100,0xAA,44,0.233931098,0.000012032,33.950963000,1.607906000,32.343057000,145.132320116,138.258903055
avx2_add,3100,0xAA,45,0.234074638,0.000253829,34.251499000,1.620968000,32.630531000,146.327253736,139.402248911
avx2_add,3100,0xAA,46,0.234193602,0.000174399,34.100621000,1.609493000,32.491128000,145.608678703,138.736189516
avx2_add,3100,0xAA,47,0.234003556,0.000209439,34.236911000,1.612179000,32.624732000,146.309362291,139.419813132
avx2_add,3100,0xAA,48,0.234277226,0.000217550,34.142125000,1.619076000,32.523049000,145.733862104,138.822921484
avx2_add,3100,0xAA,49,0.234424973,0.000112503,34.137059000,1.614803000,32.522256000,145.620403089,138.732045666
avx2_add,3100,0xAA,50,0.234227472,0.000216036,34.048925000,1.600887000,32.448038000,145.366915056,138.532161696
avx2_add,3100,0xAA,51,0.234249701,0.000230484,34.068822000,1.611629000,32.457193000,145.438059705,138.558097882
avx2_add,3100,0xAA,52,0.234248299,0.000210957,34.135350000,1.614559000,32.520791000,145.722936543,138.830425445
avx2_add,3100,0xAA,53,0.234424847,0.000225581,34.223911000,1.612118000,32.611793000,145.990970918,139.114063365
avx2_add,3100,0xAA,54,0.234300943,0.000228556,34.089329000,1.583614000,32.505715000,145.493776619,138.734887889
avx2_add,3100,0xAA,55,0.234365012,0.000091860,34.127415000,1.605526000,32.521889000,145.616509316,138.765973120
avx2_add,3100,0xAA,56,0.234193923,0.000240233,34.091526000,1.607967000,32.483559000,145.569644097,138.703680282
avx2_add,3100,0xAA,57,0.234160195,0.000247320,34.049535000,1.609432000,32.440103000,145.411285349,138.538076190
avx2_add,3100,0xAA,58,0.234157156,0.000262986,34.172337000,1.611324000,32.561013000,145.937615616,139.056237192
avx2_add,3100,0xAA,59,0.234157480,0.000226885,33.970616000,1.601742000,32.368874000,145.075937783,138.235490064
avx2_add,3100,0xAA,60,0.234179572,0.000212262,34.183994000,1.612118000,32.571876000,145.973424345,139.089314053
avx2_add,3100,0xAA,61,0.234237409,0.000196790,34.106968000,1.612179000,32.494789000,145.608543658,138.725872754
avx2_add,3100,0xAA,62,0.234262850,0.000268783,34.048069000,1.612972000,32.435097000,145.341308007,138.455999466
avx2_add,3100,0xAA,63,0.234209690,0.000188300,34.019383000,1.605098000,32.414285000,145.251816622,138.398564746
avx2_add,3100,0xAA,64,0.234276544,0.000208998,34.101475000,1.608516000,32.492959000,145.560773814,138.694887994
avx2_add,3100,0xAA,65,0.234223164,0.000249358,34.080113000,1.599910000,32.480203000,145.502743411,138.672035596
avx2_add,3100,0xAA,66,0.234277381,0.000557195,34.335666000,1.623348000,32.712318000,146.559884970,139.630714115
avx2_add,3100,0xAA,67,0.234153281,0.000216597,34.087376000,1.606685000,32.480691000,145.577187130,138.715506638
avx2_add,3100,0xAA,68,0.234314404,0.000330355,34.379673000,1.619014000,32.760659000,146.724539549,139.814960052
avx2_add,3100,0xAA,69,0.234244479,0.000211949,34.092381000,1.600337000,32.492044000,145.541876291,138.709967141
avx2_add,3100,0xAA,70,0.234284509,0.000281446,34.399387000,1.618893000,32.780494000,146.827407364,139.917462661
avx2_add,3100,0xAA,71,0.234237872,0.000190297,34.078282000,1.573360000,32.504922000,145.485790460,138.768857861
avx2_add,3100,0xAA,72,0.234407047,0.000052205,34.020359000,1.597835000,32.422524000,145.133687220,138.317189924
avx2_add,3100,0xAA,73,0.234150206,0.000235748,33.988927000,1.605526000,32.383401000,145.158646295,138.301825520
avx2_add,3100,0xAA,74,0.234289694,0.000266888,34.209263000,1.604122000,32.605141000,146.012666428,139.165920548
avx2_add,3100,0xAA,75,0.234240250,0.000198816,34.058751000,1.600703000,32.458048000,145.400933665,138.567338660
avx2_add,3100,0xAA,76,0.234401841,0.000131248,34.166539000,1.604366000,32.562173000,145.760540225,138.916029142
avx2_add,3100,0xAA,77,0.234033379,0.000199374,34.103916000,1.596066000,32.507850000,145.722444103,138.902622049
avx2_add,3100,0xAA,78,0.234110158,0.000208882,34.044163000,1.585323000,32.458840000,145.419418146,138.647721388
avx2_add,3100,0xAA,79,0.234251260,0.000236190,34.175328000,1.601619000,32.573709000,145.891757557,139.054573409
avx2_add,3100,0xAA,80,0.234056847,0.000203705,34.120701000,1.587337000,32.533364000,145.779546542,138.997702639
avx2_add,3100,0xAA,81,0.234064756,0.000199682,34.052525000,1.593563000,32.458962000,145.483350637,138.675136424
avx2_add,3100,0xAA,82,0.234108285,0.000244363,34.200291000,1.600887000,32.599404000,146.087486867,139.249253865
avx2_add,3100,0xAA,83,0.234108990,0.000262790,34.165134000,1.601498000,32.563636000,145.936873026,139.096050734
avx2_add,3100,0xAA,84,0.234071407,0.000186870,34.171178000,1.607112000,32.564066000,145.986126362,139.120221548
avx2_add,3100,0xAA,85,0.234108771,0.000214970,34.068639000,1.595821000,32.472818000,145.524829501,138.708250214
avx2_add,3100,0xAA,86,0.234171888,0.000232198,34.050694000,1.600154000,32.450540000,145.408974334,138.575728823
avx2_add,3100,0xAA,87,0.234229776,0.000347628,34.251377000,1.603023000,32.648354000,146.229816093,139.386010704
avx2_add,3100,0xAA,88,0.234155534,0.000217703,34.104283000,1.591854000,32.512429000,145.647990603,138.849714374
avx2_add,3100,0xAA,89,0.234251483,0.000333702,34.228306000,1.565060000,32.663246000,146.117776881,139.436666577
avx2_add,3100,0xAA,90,0.234221256,0.000211486,34.178684000,1.595272000,32.583412000,145.924774605,139.113812924
avx2_add,3100,0xAA,91,0.234294231,0.000322509,34.126805000,1.611141000,32.515664000,145.657897431,138.781326052
avx2_add,3100,0xAA,92,0.234234122,0.000213696,34.114293000,1.590389000,32.523904000,145.641859331,138.852118414
avx2_add,3100,0xAA,93,0.234265469,0.000224169,34.154820000,1.606075000,32.548745000,145.795366724,138.939576132
avx2_add,3100,0xAA,94,0.234240248,0.000191331,34.117710000,1.610714000,32.506996000,145.652638088,138.776304849
avx2_add,3100,0xAA,95,0.234407360,0.000095991,34.218541000,1.616146000,32.602395000,145.978953117,139.084348780
avx2_add,3100,0xAA,96,0.234286300,0.000242141,34.272800000,1.616451000,32.656349000,146.285975682,139.386506958
avx2_add,3100,0xAA,97,0.234243903,0.000202845,34.027684000,1.596553000,32.431131000,145.266039507,138.450267644
avx2_add,3100,0xAA,98,0.234264364,0.000209060,33.950413000,1.599483000,32.350930000,144.923506119,138.095822334
avx2_add,3100,0xAA,99,0.234272111,0.000247746,33.992467000,1.610775000,32.381692000,145.098223202,138.222564825
avx2_add,3300,0x00,0,0.234107385,0.000237692,34.295322000,1.608334000,32.686988000,146.493977562,139.623908084
avx2_add,3300,0x00,1,0.234114604,0.000246192,34.183446000,1.606136000,32.577310000,146.011591872,139.151122798
avx2_add,3300,0x00,2,0.234128969,0.000229254,34.139927000,1.600154000,32.539773000,145.816757066,138.982258941
avx2_add,3300,0x00,3,0.234134690,0.000225490,34.107762000,1.607723000,32.500039000,145.675815805,138.809157136
avx2_add,3300,0x00,4,0.234147045,0.000206097,34.054844000,1.603390000,32.451454000,145.442126153,138.594335258
avx2_add,3300,0x00,5,0.234210542,0.000316670,34.126865000,1.605342000,32.521523000,145.710200310,138.855931558
avx2_add,3300,0x00,6,0.234173802,0.000211982,33.999547000,1.597164000,32.402383000,145.189370728,138.368949382
avx2_add,3300,0x00,7,0.234207918,0.000231668,34.059972000,1.601620000,32.458352000,145.426219241,138.587765550
avx2_add,3300,0x00,8,0.234239645,0.000249314,33.905186000,1.595822000,32.309364000,144.745719842,137.932944825
avx2_add,3300,0x00,9,0.234221691,0.000251603,34.087315000,1.609188000,32.478127000,145.534407578,138.664044739
avx2_add,3300,0x00,10,0.234217889,0.000236935,33.950230000,1.600887000,32.349343000,144.951481570,138.116448568
avx2_add,3300,0x00,11,0.234191721,0.000213695,34.036107000,1.600032000,32.436075000,145.334373506,138.502227623
avx2_add,3300,0x00,12,0.234273652,0.000308231,34.268161000,1.607051000,32.661110000,146.274071805,139.414354607
avx2_add,3300,0x00,13,0.234203566,0.000246330,34.118870000,1.610347000,32.508523000,145.680403806,138.804560578
avx2_add,3300,0x00,14,0.234204152,0.000223963,34.000706000,1.615413000,32.385293000,145.175504985,138.278048267
avx2_add,3300,0x00,15,0.234193128,0.000222076,34.167942000,1.606869000,32.561073000,145.896432809,139.035134136
avx2_add,3300,0x00,16,0.234229059,0.000232890,34.169041000,1.601009000,32.568032000,145.878744121,139.043516224
avx2_add,3300,0x00,17,0.234216714,0.000236922,34.098301000,1.566768000,32.531533000,145.584405396,138.895010882
avx2_add,3300,0x00,18,0.234220949,0.000337645,34.195042000,1.601436000,32.593606000,145.994806134,139.157518484
avx2_add,3300,0x00,19,0.234208075,0.000233246,34.182347000,1.604488000,32.577859000,145.948627381,139.097932745
avx2_add,3300,0x00,20,0.234206179,0.000235410,33.996617000,1.599422000,32.397195000,145.156789682,138.327670101
avx2_add,3300,0x00,21,0.234183780,0.000239856,33.995458000,1.602657000,32.392801000,145.165724382,138.322137679
avx2_add,3300,0x00,22,0.234176847,0.000270052,34.275547000,1.615169000,32.660378000,146.366079188,139.468860195
avx2_add,3300,0x00,23,0.234170838,0.000222352,34.213292000,1.618770000,32.594522000,146.103982739,139.191209068
avx2_add,3300,0x00,24,0.234189732,0.000229354,34.100193000,1.606747000,32.493446000,145.609257851,138.748380605
avx2_add,3300,0x00,25,0.234396206,0.000128900,33.925023000,1.603694000,32.321329000,144.733669253,137.891860569
avx2_add,3300,0x00,26,0.234001711,0.000144280,34.068455000,1.600765000,32.467690000,145.590623325,138.749797284
avx2_add,3300,0x00,27,0.234091331,0.000218565,34.014257000,1.596920000,32.417337000,145.303360517,138.481578625
avx2_add,3300,0x00,28,0.235319813,0.000213270,34.196690000,1.608150000,32.588540000,145.320062720,138.486171520
avx2_add,3300,0x00,29,0.234169093,0.000234877,33.935826000,1.588192000,32.347634000,144.920175224,138.137930910
avx2_add,3300,0x00,30,0.234168411,0.000259962,34.158665000,1.605830000,32.552835000,145.872215762,139.014629839
avx2_add,3300,0x00,31,0.234151907,0.000225447,34.228001000,1.609127000,32.618874000,146.178612836,139.306462963
avx2_add,3300,0x00,32,0.234155325,0.000225001,34.175633000,1.619563000,32.556070000,145.952832827,139.036214551
avx2_add,3300,0x00,33,0.234204509,0.000306807,34.246006000,1.619198000,32.626808000,146.222658851,139.309051560
avx2_add,3300,0x00,34,0.234190975,0.000214067,34.001500000,1.611385000,32.390115000,145.187063877,138.306418701
avx2_add,3300,0x00,35,0.234230608,0.000273308,34.195531000,1.617794000,32.577737000,145.990873011,139.084030172
avx2_add,3300,0x00,36,0.234185015,0.000225522,34.021825000,1.600276000,32.421549000,145.277548858,138.444165441
avx2_add,3300,0x00,37,0.234220144,0.000252197,34.011754000,1.601497000,32.410257000,145.212761910,138.375190329
avx2_add,3300,0x00,38,0.234203008,0.000219350,34.073033000,1.606929000,32.466104000,145.485035919,138.623770493
avx2_add,3300,0x00,39,0.234322149,0.000521145,34.443272000,1.623776000,32.819496000,146.991106406,140.061432861
avx2_add,3300,0x00,40,0.234182872,0.000216109,33.985203000,1.600581000,32.384622000,145.122496494,138.287748131
avx2_add,3300,0x00,41,0.234199746,0.000227355,34.083226000,1.606319000,32.476907000,145.530584709,138.671828343
avx2_add,3300,0x00,42,0.234205535,0.000227277,33.991368000,1.601924000,32.389444000,145.134776309,138.294955052
avx2_add,3300,0x00,43,0.234193550,0.000233764,34.166050000,1.613277000,32.552773000,145.888091526,138.999443215
avx2_add,3300,0x00,44,0.234170813,0.000204420,34.008763000,1.608516000,32.400247000,145.230579817,138.361593981
avx2_add,3300,0x00,45,0.234031471,0.000194901,34.289158000,1.609982000,32.679176000,146.515158144,139.635818403
avx2_add,3300,0x00,46,0.234070939,0.000204895,34.136326000,1.606868000,32.529458000,145.837523391,138.972647261
avx2_add,3300,0x00,47,0.234134153,0.000261140,34.281651000,1.607967000,32.673684000,146.418839719,139.551123154
avx2_add,3300,0x00,48,0.234123622,0.000211768,34.164341000,1.612117000,32.552224000,145.924365280,139.038614140
avx2_add,3300,0x00,49,0.234130903,0.000209103,34.040318000,1.597347000,32.442971000,145.390111281,138.567658621
avx2_add,3300,0x00,50,0.234138670,0.000208548,33.997228000,1.598323000,32.398905000,145.201251691,138.374856898
avx2_add,3300,0x00,51,0.233940786,0.000016720,34.229832000,1.600643000,32.629189000,146.318359583,139.476273474
avx2_add,3300,0x00,52,0.234031259,0.000221393,34.143956000,1.566890000,32.577066000,145.894852492,139.199635763
avx2_add,3300,0x00,53,0.234054007,0.000197703,33.995274000,1.597958000,32.397316000,145.245426264,138.418121655
avx2_add,3300,0x00,54,0.234149616,0.000327089,34.284153000,1.617671000,32.666482000,146.419855555,139.511148953
avx2_add,3300,0x00,55,0.234152615,0.000188959,34.025792000,1.611569000,32.414223000,145.314593064,138.432034873
avx2_add,3300,0x00,56,0.234228355,0.000371376,34.303806000,1.617244000,32.686562000,146.454539857,139.549978717
avx2_add,3300,0x00,57,0.234204606,0.000238269,34.026768000,1.612239000,32.414529000,145.286502179,138.402611091
avx2_add,3300,0x00,58,0.234184429,0.000215325,34.016881000,1.602291000,32.414590000,145.256800754,138.414795911
avx2_add,3300,0x00,59,0.234067750,0.000208697,34.057408000,1.605221000,32.452187000,145.502351238,138.644418017
avx2_add,3300,0x00,60,0.234076439,0.000240393,34.001073000,1.604244000,32.396829000,145.256281071,138.402776261
avx2_add,3300,0x00,61,0.234075260,0.000206807,34.127537000,1.599117000,32.528420000,145.797283363,138.965647245
avx2_add,3300,0x00,62,0.234111838,0.000225119,34.132603000,1.610531000,32.522072000,145.796142997,138.916819789
avx2_add,3300,0x00,63,0.234110742,0.000222051,34.226353000,1.609676000,32.616677000,146.197276857,139.321573570
avx2_add,3300,0x00,64,0.234176303,0.000247260,34.245640000,1.614986000,32.630654000,146.238707799,139.342254243
avx2_add,3300,0x00,65,0.234175360,0.000204205,33.990880000,1.603756000,32.387124000,145.151394149,138.302868330
avx2_add,3300,0x00,66,0.234164393,0.000235773,34.087010000,1.596614000,32.490396000,145.568715707,138.750369085
avx2_add,3300,0x00,67,0.234177064,0.000222982,33.949742000,1.600154000,32.349588000,144.974667766,138.141573290
avx2_add,3300,0x00,68,0.234236546,0.000307715,34.158055000,1.613704000,32.544351000,145.827179898,138.937973135
avx2_add,3300,0x00,69,0.234097045,0.000204855,33.900060000,1.569209000,32.330851000,144.811994596,138.108753209
avx2_add,3300,0x00,70,0.234107639,0.000206328,34.093480000,1.604976000,32.488504000,145.631642345,138.775924161
avx2_add,3300,0x00,71,0.233948962,0.000038362,34.174839000,1.611385000,32.563454000,146.078181564,139.190418593
avx2_add,3300,0x00,72,0.233944709,0.000018858,34.045201000,1.607052000,32.438149000,145.526698068,138.657331334
avx2_add,3300,0x00,73,0.233989149,0.000247050,34.144444000,1.609554000,32.534890000,145.923194316,139.044439427
avx2_add,3300,0x00,74,0.233953556,0.000068684,34.112034000,1.611690000,32.500344000,145.806862490,138.917931088
avx2_add,3300,0x00,75,0.234048268,0.000292723,34.250645000,1.608883000,32.641762000,146.340091627,139.465941209
avx2_add,3300,0x00,76,0.234159779,0.000215017,34.110569000,1.599483000,32.511086000,145.672195275,138.841461964
avx2_add,3300,0x00,77,0.234194978,0.000240293,34.088352000,1.607295000,32.481057000,145.555435615,138.692372129
avx2_add,3300,0x00,78,0.234199738,0.000228646,34.035008000,1.602047000,32.432961000,145.324705634,138.484189872
avx2_add,3300,0x00,79,0.233935336,0.000014056,34.041050000,1.603939000,32.437111000,145.514784368,138.658449509
avx2_add,3300,0x00,80,0.234036295,0.000191233,34.149632000,1.617488000,32.532144000,145.915965682,139.004695789
avx2_add,3300,0x00,81,0.234089873,0.000245631,34.244297000,1.611995000,32.632302000,146.286964862,139.400742145
avx2_add,3300,0x00,82,0.234068967,0.000181626,34.016881000,1.599361000,32.417520000,145.328453802,138.495591577
avx2_add,3300,0x00,83,0.234142666,0.000219625,34.012303000,1.596126000,32.416177000,145.263157767,138.446262629
avx2_add,3300,0x00,84,0.233935835,0.000018068,34.024693000,1.601314000,32.423379000,145.444553337,138.599454118
avx2_add,3300,0x00,85,0.234087513,0.000221721,34.132359000,1.612484000,32.519875000,145.810250976,138.921869873
avx2_add,3300,0x00,86,0.233954063,0.000092357,34.172032000,1.601375000,32.570657000,146.062998968,139.218172328
avx2_add,3300,0x00,87,0.233935941,0.000015352,34.032140000,1.590084000,32.442056000,145.476321024,138.679229497
avx2_add,3300,0x00,88,0.233936889,0.000019240,34.154698000,1.607906000,32.546792000,145.999624978,139.126378053
avx2_add,3300,0x00,89,0.234105959,0.000225938,34.085362000,1.607113000,32.478249000,145.598010983,138.733115248
avx2_add,3300,0x00,90,0.234131124,0.000279230,34.180027000,1.611690000,32.568337000,145.986686191,139.102979450
avx2_add,3300,0x00,91,0.234134401,0.000200737,34.189060000,1.605464000,32.583596000,146.023223956,139.166205096
avx2_add,3300,0x00,92,0.233939727,0.000019942,34.025182000,1.601070000,32.424112000,145.444223493,138.600281177
avx2_add,3300,0x00,93,0.234004476,0.000151582,34.046055000,1.603146000,32.442909000,145.493178671,138.642258427
avx2_add,3300,0x00,94,0.234115412,0.000653635,34.419163000,1.628597000,32.790566000,147.017928671,140.061543428
avx2_add,3300,0x00,95,0.234157299,0.000196562,34.039219000,1.602718000,32.436501000,145.369028016,138.524406879
avx2_add,3300,0x00,96,0.234191880,0.000340389,34.272556000,1.617610000,32.654946000,146.343912298,139.436712965
avx2_add,3300,0x00,97,0.234165864,0.000219433,33.957494000,1.584957000,32.372537000,145.014706394,138.246183546
avx2_add,3300,0x00,98,0.234215266,0.000262969,34.104588000,1.604671000,32.499917000,145.612148255,138.760882626
avx2_add,3300,0x00,99,0.234189903,0.000221194,33.920629000,1.586788000,32.333841000,144.842406194,138.066759668
avx2_add,3300,0xAA,0,0.234093293,0.000213641,34.012181000,1.596188000,32.415993000,145.293274054,138.474676313
avx2_add,3300,0xAA,1,0.234159332,0.000226569,34.156467000,1.601620000,32.554847000,145.868484946,139.028612343
avx2_add,3300,0xAA,2,0.234181517,0.000260493,34.058629000,1.601863000,32.456766000,145.436879227,138.596616935
avx2_add,3300,0xAA,3,0.234174286,0.000226513,34.066746000,1.601009000,32.465737000,145.476032570,138.639205905
avx2_add,3300,0xAA,4,0.234198674,0.000249197,34.288548000,1.604366000,32.684182000,146.407950965,139.557502277
avx2_add,3300,0xAA,5,0.234183113,0.000211228,34.069126000,1.593380000,32.475746000,145.480711747,138.676719873
avx2_add,3300,0xAA,6,0.234197835,0.000234954,34.183079000,1.603756000,32.579323000,145.958133915,139.110265324
avx2_add,3300,0xAA,7,0.234208830,0.000217097,34.004063000,1.599422000,32.404641000,145.186938201,138.357895946
avx2_add,3300,0xAA,8,0.234226020,0.000241516,34.124790000,1.578853000,32.545937000,145.691712601,138.950988409
avx2_add,3300,0xAA,9,0.234023193,0.000163369,34.135654000,1.609737000,32.525917000,145.864405997,138.985869810
avx2_add,3300,0xAA,10,0.234164005,0.000334993,34.227086000,1.615902000,32.611184000,146.167153498,139.266425938
avx2_add,3300,0xAA,11,0.234150264,0.000214965,34.044102000,1.595821000,32.448281000,145.394249708,138.578878371
avx2_add,3300,0xAA,12,0.234180994,0.000227002,34.009252000,1.608821000,32.400431000,145.226354434,138.356364798
avx2_add,3300,0xAA,13,0.234017788,0.000124013,34.122105000,1.610774000,32.511331000,145.809877495,138.926751158
avx2_add,3300,0xAA,14,0.234176231,0.000511254,34.245335000,1.625363000,32.619972000,146.237450747,139.296682270
avx2_add,3300,0xAA,15,0.234163886,0.000224604,34.184910000,1.622005000,32.562905000,145.987114608,139.060320598
avx2_add,3300,0xAA,16,0.234188295,0.000231269,34.222385000,1.606990000,32.615395000,146.131919189,139.269962233
avx2_add,3300,0xAA,17,0.234169980,0.000203409,33.995274000,1.606258000,32.389016000,145.173493314,138.314125597
avx2_add,3300,0xAA,18,0.234179574,0.000206882,33.934422000,1.604366000,32.330056000,144.907694051,138.056686614
avx2_add,3300,0xAA,19,0.234261973,0.000275020,34.068028000,1.609310000,32.458718000,145.427051405,138.557349170
avx2_add,3300,0xAA,20,0.234217980,0.000236364,34.097141000,1.611263000,32.485878000,145.578665851,138.699334887
avx2_add,3300,0xAA,21,0.234196366,0.000219882,34.212376000,1.610347000,32.602029000,146.084145696,139.208091084
avx2_add,3300,0xAA,22,0.234215325,0.000221558,34.101902000,1.603939000,32.497963000,145.600643317,138.752504752
avx2_add,3300,0xAA,23,0.234196090,0.000237997,34.135471000,1.607234000,32.528237000,145.755938988,138.893168562
avx2_add,3300,0xAA,24,0.234168983,0.000199809,34.003880000,1.609249000,32.394631000,145.210862423,138.338692684
avx2_add,3300,0xAA,25,0.234274076,0.000281248,34.220738000,1.587337000,32.633401000,146.071381750,139.295826270
avx2_add,3300,0xAA,26,0.234011496,0.000146884,34.155491000,1.611324000,32.544167000,145.956466039,139.070804326
avx2_add,3300,0xAA,27,0.234163230,0.000286938,34.194370000,1.610531000,32.583839000,146.027922577,139.150109178
avx2_add,3300,0xAA,28,0.234147390,0.000218746,34.033421000,1.609127000,32.424294000,145.350417669,138.478135228
avx2_add,3300,0xAA,29,0.234156172,0.000224445,33.968724000,1.597042000,32.371682000,145.068667815,138.248253972
avx2_add,3300,0xAA,30,0.234184597,0.000233212,34.125706000,1.606929000,32.518777000,145.721394573,138.859589726
avx2_add,3300,0xAA,31,0.234230087,0.000496890,34.421970000,1.616512000,32.805458000,146.957935537,140.056550570
avx2_add,3300,0xAA,32,0.234176471,0.000213774,34.055699000,1.609920000,32.445779000,145.427500838,138.552685490
avx2_add,3300,0xAA,33,0.234188159,0.000233042,34.114536000,1.612300000,32.502236000,145.671481107,138.786846094
avx2_add,3300,0xAA,34,0.234071914,0.000231455,34.217991000,1.613705000,32.604286000,146.185804204,139.291747706
avx2_add,3300,0xAA,35,0.234078605,0.000192202,34.016759000,1.608699000,32.408060000,145.321948649,138.449475187
avx2_add,3300,0xAA,36,0.234134884,0.000264868,34.199986000,1.611690000,32.588296000,146.069587797,139.185991589
avx2_add,3300,0xAA,37,0.234100492,0.000204659,33.988256000,1.599727000,32.388529000,145.186606575,138.353101068
avx2_add,3300,0xAA,38,0.234137222,0.000227736,34.000279000,1.593441000,32.406838000,145.215180694,138.409594695
avx2_add,3300,0xAA,39,0.234166038,0.000228205,34.047886000,1.599789000,32.448097000,145.400615201,138.568757717
avx2_add,3300,0xAA,40,0.234186583,0.000225397,34.034093000,1.592648000,32.441445000,145.328961663,138.528196321
avx2_add,3300,0xAA,41,0.234095233,0.000205194,34.166599000,1.590145000,32.576454000,145.951707455,139.158980504
avx2_add,3300,0xAA,42,0.234210719,0.000228622,34.077488000,1.572322000,32.505166000,145.499267065,138.785987653
avx2_add,3300,0xAA,43,0.234204900,0.000229839,33.981725000,1.587765000,32.393960000,145.093996487,138.314612293
avx2_add,3300,0xAA,44,0.234246020,0.000274203,34.128087000,1.600033000,32.528054000,145.693348098,138.862781684
avx2_add,3300,0xAA,45,0.234225639,0.000236827,33.963780000,1.592586000,32.371194000,145.004535275,138.205168632
avx2_add,3300,0xAA,46,0.234198428,0.000223981,34.179234000,1.603329000,32.575905000,145.941346774,139.095318757
avx2_add,3300,0xAA,47,0.234250644,0.000331300,34.248447000,1.623409000,32.625038000,146.204281153,139.274059007
avx2_add,3300,0xAA,48,0.234239209,0.000431087,34.263279000,1.617427000,32.645852000,146.274738428,139.369715959
avx2_add,3300,0xAA,49,0.234164633,0.000224295,33.953587000,1.609309000,32.344278000,144.998783693,138.126230063
avx2_add,3300,0xAA,50,0.234173463,0.000217157,33.961522000,1.602718000,32.358804000,145.027201370,138.183052686
avx2_add,3300,0xAA,51,0.234211857,0.000230673,34.077306000,1.598384000,32.478922000,145.497783431,138.673261297
avx2_add,3300,0xAA,52,0.234175654,0.000234933,34.054966000,1.598019000,32.456947000,145.424878569,138.600860039
avx2_add,3300,0xAA,53,0.233956385,0.000113871,34.205295000,1.606868000,32.598427000,146.203725087,139.335487659
avx2_add,3300,0xAA,54,0.234036391,0.000183310,34.104649000,1.609554000,32.495095000,145.723700543,138.846334202
avx2_add,3300,0xAA,55,0.234036479,0.000186071,34.130283000,1.600033000,32.530250000,145.833175594,138.996493536
avx2_add,3300,0xAA,56,0.234052912,0.000175424,34.231480000,1.605708000,32.625772000,146.255304690,139.394855981
avx2_add,3300,0xAA,57,0.234169354,0.000249034,34.194737000,1.615535000,32.579202000,146.025670873,139.126668193
avx2_add,3300,0xAA,58,0.234070169,0.000205113,34.187900000,1.617062000,32.570838000,146.058338712,139.149888959
avx2_add,3300,0xAA,59,0.234102740,0.000211124,33.972447000,1.603878000,32.368569000,145.117682091,138.266510678
avx2_add,3300,0xAA,60,0.234152173,0.000222107,33.981603000,1.574459000,32.407144000,145.126148437,138.402063921
avx2_add,3300,0xAA,61,0.234258720,0.000371941,34.346775000,1.628109000,32.718666000,146.618981492,139.668934993
avx2_add,3300,0xAA,62,0.234188125,0.000212397,33.993687000,1.595577000,32.398110000,145.155468383,138.342240775
avx2_add,3300,0xAA,63,0.234236582,0.000239191,33.984288000,1.608761000,32.375527000,145.085314075,138.217210940
avx2_add,3300,0xAA,64,0.234197941,0.000220939,33.957798000,1.611507000,32.346291000,144.996142498,138.115181058
avx2_add,3300,0xAA,65,0.234052026,0.000227395,34.166356000,1.608822000,32.557534000,145.977612420,139.103833010
avx2_add,3300,0xAA,66,0.234103375,0.000208914,34.089085000,1.612544000,32.476541000,145.615521615,138.727350938
avx2_add,3300,0xAA,67,0.234117584,0.000217491,34.144871000,1.613216000,32.531655000,145.844965843,138.954342873
avx2_add,3300,0xAA,68,0.234191953,0.000332444,34.235508000,1.617854000,32.617654000,146.185671843,139.277432773
avx2_add,3300,0xAA,69,0.234138457,0.000216452,34.047521000,1.601803000,32.445718000,145.416184214,138.574920202
avx2_add,3300,0xAA,70,0.234174182,0.000270015,34.187962000,1.611568000,32.576394000,145.993728764,139.111808705
avx2_add,3300,0xAA,71,0.234151260,0.000201261,34.134129000,1.610225000,32.523904000,145.778113842,138.901255687
avx2_add,3300,0xAA,72,0.234191974,0.000225324,33.949315000,1.605038000,32.344277000,144.963614493,138.110100368
avx2_add,3300,0xAA,73,0.234209027,0.000230122,34.039220000,1.604671000,32.434549000,145.336926134,138.485477993
avx2_add,3300,0xAA,74,0.234122666,0.000235652,34.001683000,1.606868000,32.394815000,145.230206213,138.366846802
avx2_add,3300,0xAA,75,0.234132280,0.000225509,33.997227000,1.598140000,32.399087000,145.205210557,138.379411053
avx2_add,3300,0xAA,76,0.234200475,0.000229808,34.179783000,1.615413000,32.564370000,145.942415605,139.044850591
avx2_add,3300,0xAA,77,0.233996542,0.000141315,34.050145000,1.587764000,32.462381000,145.515590368,138.730173865
avx2_add,3300,0xAA,78,0.234164831,0.000374546,34.318272000,1.645381000,32.672891000,146.556047408,139.529454232
avx2_add,3300,0xAA,79,0.234174209,0.000205740,33.972630000,1.601925000,32.370705000,145.074174134,138.233433620
avx2_add,3300,0xAA,80,0.234219409,0.000240702,34.182346000,1.611263000,32.571083000,145.941560558,139.062271563
avx2_add,3300,0xAA,81,0.234192981,0.000216698,34.134740000,1.611873000,32.522867000,145.754752329,138.872082359
avx2_add,3300,0xAA,82,0.234220832,0.000246748,34.150975000,1.616878000,32.534097000,145.806735949,138.903515657
avx2_add,3300,0xAA,83,0.234202215,0.000223052,34.003881000,1.602169000,32.401712000,145.190261963,138.349297638
avx2_add,3300,0xAA,84,0.234176610,0.000201408,33.959203000,1.593074000,32.366129000,145.015349718,138.212475597
avx2_add,3300,0xAA,85,0.234215173,0.000224711,34.140965000,1.599545000,32.541420000,145.767520498,138.938138008
avx2_add,3300,0xAA,86,0.234188036,0.000239503,34.071934000,1.607296000,32.464638000,145.489643768,138.626372594
avx2_add,3300,0xAA,87,0.234185745,0.000253019,33.983677000,1.602108000,32.381569000,145.114199842,138.273014867
avx2_add,3300,0xAA,88,0.234187032,0.000225147,34.024632000,1.601070000,32.423562000,145.288284116,138.451569084
avx2_add,3300,0xAA,89,0.234237039,0.000328162,34.296909000,1.612484000,32.684425000,146.419666203,139.535682313
avx2_add,3300,0xAA,90,0.234201751,0.000213181,34.087437000,1.606136000,32.481301000,145.547319024,138.689402755
avx2_add,3300,0xAA,91,0.234234427,0.000269436,34.175511000,1.613949000,32.561562000,145.903022909,139.012707855
avx2_add,3300,0xAA,92,0.234142783,0.000204093,33.974889000,1.603329000,32.371560000,145.103293439,138.255638444
avx2_add,3300,0xAA,93,0.233944178,0.000043068,34.012058000,1.603695000,32.408363000,145.385357965,138.530325210
avx2_add,3300,0xAA,94,0.233945121,0.000015601,33.929051000,1.594417000,32.334634000,145.029957467,138.214611241
avx2_add,3300,0xAA,95,0.234036277,0.000251812,34.209874000,1.613948000,32.595926000,146.173381644,139.277237070
avx2_add,3300,0xAA,96,0.234003796,0.000151921,34.104649000,1.609066000,32.495583000,145.743998890,138.867760013
avx2_add,3300,0xAA,97,0.234016727,0.000164613,33.980199000,1.613522000,32.366677000,145.204146315,138.309246006
avx2_add,3300,0xAA,98,0.234048262,0.000184315,34.080357000,1.608151000,32.472206000,145.612518967,138.741495932
avx2_add,3300,0xAA,99,0.234036959,0.000218916,34.074314000,1.613338000,32.460976000,145.593731064,138.700213005
avx2_add,3500,0x00,0,0.234122735,0.000207600,34.110264000,1.609310000,32.500954000,145.693941546,138.820153730
avx2_add,3500,0x00,1,0.234166896,0.000219845,34.001439000,1.604366000,32.397073000,145.201732351,138.350354016
avx2_add,3500,0x00,2,0.234259632,0.000834761,34.526889000,1.638667000,32.888222000,147.387275931,140.392186820
avx2_add,3500,0x00,3,0.234177109,0.000211225,34.087071000,1.608333000,32.478738000,145.561072209,138.693052485
avx2_add,3500,0x00,4,0.234189676,0.000225334,34.037327000,1.611202000,32.426125000,145.340851743,138.460949834
avx2_add,3500,0x00,5,0.234108852,0.000215812,34.024632000,1.608394000,32.416238000,145.336802247,138.466519544
avx2_add,3500,0x00,6,0.234096685,0.000223344,34.017491000,1.608944000,32.408547000,145.313852082,138.440862819
avx2_add,3500,0x00,7,0.234145097,0.000214072,34.077916000,1.611202000,32.466714000,145.541873412,138.660661617
avx2_add,3500,0x00,8,0.234153458,0.000218632,34.072239000,1.607967000,32.464272000,145.512431291,138.645280952
avx2_add,3500,0x00,9,0.234157917,0.000222613,34.113194000,1.609554000,32.503640000,145.684563740,138.810766689
avx2_add,3500,0x00,10,0.234047674,0.000188498,34.041355000,1.593624000,32.447731000,145.446243749,138.637271993
avx2_add,3500,0x00,11,0.234154506,0.000274947,34.233982000,1.613033000,32.620949000,146.202533512,139.313778612
avx2_add,3500,0x00,12,0.234215379,0.000251030,34.173863000,1.612118000,32.561745000,145.907852551,139.024794717
avx2_add,3500,0x00,13,0.234200137,0.000223951,34.179844000,1.611629000,32.568215000,145.942886313,139.061468483
avx2_add,3500,0x00,14,0.234174049,0.000241546,34.116184000,1.610774000,32.505410000,145.687295767,138.808762454
avx2_add,3500,0x00,15,0.234706775,0.002778697,35.465608000,1.708980000,33.756628000,151.106025898,143.824685165
avx2_add,3500,0x00,16,0.234122215,0.000220762,34.321506000,1.620052000,32.701454000,146.596537220,139.676852130
avx2_add,3500,0x00,17,0.234142188,0.000218900,34.013279000,1.610958000,32.402321000,145.267622285,138.387367128
avx2_add,3500,0x00,18,0.234186935,0.000241501,34.241428000,1.619014000,32.622414000,146.214083497,139.300743078
avx2_add,3500,0x00,19,0.234236023,0.000267153,34.337864000,1.628841000,32.709023000,146.595145796,139.641300797
avx2_add,3500,0x00,20,0.234189211,0.000219175,34.076512000,1.599849000,32.476663000,145.508462652,138.677024961
avx2_add,3500,0x00,21,0.234167204,0.000197584,33.970861000,1.605159000,32.365702000,145.070959505,138.216203711
avx2_add,3500,0x00,22,0.233945821,0.000011079,34.000218000,1.610957000,32.389261000,145.333726649,138.447700675
avx2_add,3500,0x00,23,0.234065990,0.000237365,34.205235000,1.614559000,32.590676000,146.135006494,139.237126975
avx2_add,3500,0x00,24,0.234049129,0.000183308,34.128697000,1.610652000,32.518045000,145.818517311,138.936833942
avx2_add,3500,0x00,25,0.234055904,0.000195124,34.116551000,1.600582000,32.515969000,145.762402852,138.923942590
avx2_add,3500,0x00,26,0.234053026,0.000175775,34.030919000,1.598201000,32.432718000,145.398329700,138.569958244
avx2_add,3500,0x00,27,0.234141602,0.000364555,34.270298000,1.620907000,32.649391000,146.365693786,139.442930009
avx2_add,3500,0x00,28,0.234090964,0.000182713,34.090245000,1.574154000,32.516091000,145.628196687,138.903656915
avx2_add,3500,0x00,29,0.234173819,0.000218970,34.282810000,1.608272000,32.674538000,146.398987676,139.531131957
avx2_add,3500,0x00,30,0.234181157,0.000216885,34.027500000,1.603023000,32.424477000,145.304175487,138.458949264
avx2_add,3500,0x00,31,0.234192605,0.000217598,34.220249000,1.616756000,32.603493000,146.120108885,139.216577506
avx2_add,3500,0x00,32,0.234208727,0.000351466,34.428379000,1.618282000,32.810097000,146.998702639,140.089130902
avx2_add,3500,0x00,33,0.234232294,0.000329562,34.415195000,1.619747000,32.795448000,146.927626694,140.012495672
avx2_add,3500,0x00,34,0.234163251,0.000192478,34.064549000,1.601498000,32.463051000,145.473505731,138.634268597
avx2_add,3500,0x00,35,0.234161466,0.000240759,34.230443000,1.617062000,32.613381000,146.183074241,139.277318029
avx2_add,3500,0x00,36,0.234304520,0.000823823,34.598849000,1.639339000,32.959510000,147.666161226,140.669544169
avx2_add,3500,0x00,37,0.234180702,0.000231224,34.132420000,1.603512000,32.528908000,145.752488401,138.905160723
avx2_add,3500,0x00,38,0.234186933,0.000217937,34.176426000,1.615231000,32.561195000,145.936520021,139.039333312
avx2_add,3500,0x00,39,0.234191565,0.000217080,34.267918000,1.607661000,32.660257000,146.324305107,139.459578785
avx2_add,3500,0x00,40,0.234205156,0.000243272,34.124913000,1.609676000,32.515237000,145.705216447,138.832284932
avx2_add,3500,0x00,41,0.234161016,0.000195206,34.160923000,1.606990000,32.553933000,145.886465398,139.023709054
avx2_add,3500,0x00,42,0.234139409,0.000232067,34.190465000,1.613644000,32.576821000,146.026101146,139.134292510
avx2_add,3500,0x00,43,0.234210515,0.000236004,34.214939000,1.615840000,32.599099000,146.086263663,139.187171185
avx2_add,3500,0x00,44,0.233955426,0.000102495,34.057469000,1.606563000,32.450906000,145.572469250,138.705507324
avx2_add,3500,0x00,45,0.233987887,0.000133984,34.186680000,1.594479000,32.592201000,146.104486482,139.290120901
avx2_add,3500,0x00,46,0.233987801,0.000127381,34.226536000,1.617732000,32.608804000,146.274873736,139.361128680
avx2_add,3500,0x00,47,0.233990342,0.000142238,34.188267000,1.611263000,32.577004000,146.109735834,139.223712296
avx2_add,3500,0x00,48,0.233942118,0.000015287,33.936864000,1.599300000,32.337564000,145.065216672,138.228910258
avx2_add,3500,0x00,49,0.234128035,0.000488912,34.413486000,1.623653000,32.789833000,146.985754746,140.050861209
avx2_add,3500,0x00,50,0.234013451,0.000069756,34.231358000,1.611385000,32.619973000,146.279446379,139.393581503
avx2_add,3500,0x00,51,0.233938030,0.000015641,34.084385000,1.610225000,32.474160000,145.698349959,138.815223695
avx2_add,3500,0x00,52,0.233943158,0.000012633,34.066258000,1.604183000,32.462075000,145.617671905,138.760523292
avx2_add,3500,0x00,53,0.234227874,0.000281020,34.198033000,1.612789000,32.585244000,146.003259135,139.117703750
avx2_add,3500,0x00,54,0.234238509,0.000307111,34.431308000,1.615657000,32.815651000,146.992516796,140.095030104
avx2_add,3500,0x00,55,0.234176674,0.000216471,34.235203000,1.604733000,32.630470000,146.193907604,139.341248137
avx2_add,3500,0x00,56,0.234185706,0.000218176,34.195957000,1.613948000,32.582009000,146.020684360,139.128940067
avx2_add,3500,0x00,57,0.234038157,0.000228673,34.283543000,1.619381000,32.664162000,146.486980664,139.567677334
avx2_add,3500,0x00,58,0.234056900,0.000176946,34.145481000,1.606319000,32.539162000,145.885385269,139.022442961
avx2_add,3500,0x00,59,0.234120244,0.000219528,34.135349000,1.607113000,32.528236000,145.802637123,138.938160256
avx2_add,3500,0x00,60,0.234240446,0.000235668,34.055271000,1.600032000,32.455239000,145.385955117,138.555230425
avx2_add,3500,0x00,61,0.234241901,0.000250744,34.195896000,1.615230000,32.580666000,145.985393153,139.089829236
avx2_add,3500,0x00,62,0.234121433,0.000219832,34.152317000,1.587338000,32.564979000,145.874371977,139.094394681
avx2_add,3500,0x00,63,0.234141658,0.000223922,34.157749000,1.593502000,32.564247000,145.884970988,139.079253403
avx2_add,3500,0x00,64,0.234120356,0.000201287,34.146519000,1.610775000,32.535744000,145.850278166,138.970163042
avx2_add,3500,0x00,65,0.234164153,0.000211201,34.085851000,1.608516000,32.477335000,145.563915695,138.694734479
avx2_add,3500,0x00,66,0.234162478,0.000247515,34.212559000,1.612667000,32.599892000,146.106068417,139.219111056
avx2_add,3500,0x00,67,0.234168465,0.000204907,34.126377000,1.609188000,32.517189000,145.734298685,138.862374231
avx2_add,3500,0x00,68,0.233939618,0.000014137,34.066807000,1.603206000,32.463601000,145.622222145,138.769146062
avx2_add,3500,0x00,69,0.233969549,0.000091564,34.106968000,1.598385000,32.508583000,145.775243465,138.943649330
avx2_add,3500,0x00,70,0.234219414,0.000988999,34.613376000,1.641963000,32.971413000,147.781840128,140.771477615
avx2_add,3500,0x00,71,0.234139872,0.000197445,33.988438000,1.601680000,32.386758000,145.162964988,138.322267638
avx2_add,3500,0x00,72,0.234204642,0.000231736,34.269688000,1.603328000,32.666360000,146.323692691,139.477850570
avx2_add,3500,0x00,73,0.234194064,0.000215318,34.125523000,1.610897000,32.514626000,145.714722233,138.836251568
avx2_add,3500,0x00,74,0.234210690,0.000241897,34.102940000,1.605709000,32.497231000,145.607956643,138.752125255
avx2_add,3500,0x00,75,0.234265872,0.000323678,34.403293000,1.623042000,32.780251000,146.855761344,139.927556285
avx2_add,3500,0x00,76,0.234212185,0.000219762,34.098119000,1.608151000,32.489968000,145.586443114,138.720229054
avx2_add,3500,0x00,77,0.234179393,0.000220429,34.144871000,1.604976000,32.539895000,145.806471448,138.952853892
avx2_add,3500,0x00,78,0.234156306,0.000244201,34.095372000,1.609859000,32.485513000,145.609454522,138.734307630
avx2_add,3500,0x00,79,0.234192548,0.000211110,34.186009000,1.607906000,32.578103000,145.973940079,139.108196432
avx2_add,3500,0x00,80,0.234227084,0.000239967,34.086216000,1.568051000,32.518165000,145.526364248,138.831788323
avx2_add,3500,0x00,81,0.234201060,0.000224939,34.013096000,1.611507000,32.401589000,145.230324947,138.349455141
avx2_add,3500,0x00,82,0.233950506,0.000012230,34.141331000,1.609920000,32.531411000,145.933990842,139.052535326
avx2_add,3500,0x00,83,0.233971287,0.000175749,34.187046000,1.610897000,32.576149000,146.116416145,139.231396117
avx2_add,3500,0x00,84,0.233944314,0.000012897,34.125157000,1.605464000,32.519693000,145.868716999,139.006126627
avx2_add,3500,0x00,85,0.233946078,0.000020762,34.098667000,1.598079000,32.500588000,145.754386166,138.923414630
avx2_add,3500,0x00,86,0.234067708,0.000203014,34.253148000,1.611935000,32.641213000,146.338631035,139.452012578
avx2_add,3500,0x00,87,0.234297380,0.000998497,34.662020000,1.642391000,33.019629000,147.940279840,140.930423399
avx2_add,3500,0x00,88,0.234163852,0.000204239,34.155064000,1.611385000,32.543679000,145.859677800,138.978235654
avx2_add,3500,0x00,89,0.234177225,0.000222080,34.061375000,1.599056000,32.462319000,145.451270668,138.622869669
avx2_add,3500,0x00,90,0.234183872,0.000224528,34.030919000,1.600399000,32.430520000,145.317090815,138.483148810
avx2_add,3500,0x00,91,0.234190178,0.000231490,34.233494000,1.620723000,32.612771000,146.178180004,139.257637846
avx2_add,3500,0x00,92,0.234191063,0.000214047,34.220738000,1.614926000,32.605812000,146.123159388,139.227396670
avx2_add,3500,0x00,93,0.234116736,0.000232515,34.176731000,1.605160000,32.571571000,145.981579801,139.125342069
avx2_add,3500,0x00,94,0.233944048,0.000018756,34.118198000,1.599971000,32.518227000,145.839136804,139.000018585
avx2_add,3500,0x00,95,0.234066388,0.000204462,34.103002000,1.601131000,32.501871000,145.697988808,138.857489355
avx2_add,3500,0x00,96,0.234107792,0.000240295,34.334751000,1.611140000,32.723611000,146.662145386,139.780101915
avx2_add,3500,0x00,97,0.234139852,0.000208810,34.215062000,1.571224000,32.643838000,146.130877570,139.420255740
avx2_add,3500,0x00,98,0.234205103,0.000229761,34.229038000,1.598995000,32.630043000,146.149838588,139.322510834
avx2_add,3500,0x00,99,0.234016018,0.000159190,34.088291000,1.611263000,32.477028000,145.666485714,138.781217726
avx2_add,3500,0xAA,0,0.234168113,0.000218338,34.103550000,1.592403000,32.511147000,145.637036570,138.836781055
avx2_add,3500,0xAA,1,0.234182646,0.000233902,34.027623000,1.546505000,32.481118000,145.303777055,138.699935883
avx2_add,3500,0xAA,2,0.234216089,0.000231503,34.192478000,1.597897000,32.594581000,145.986888069,139.164568537
avx2_add,3500,0xAA,3,0.234055818,0.000222537,34.146214000,1.604427000,32.541787000,145.889191136,139.034300656
avx2_add,3500,0xAA,4,0.234137616,0.000321988,34.331821000,1.606868000,32.724953000,146.630949746,139.768028581
avx2_add,3500,0xAA,5,0.234120374,0.000194068,34.037327000,1.610287000,32.427040000,145.383874239,138.505844049
avx2_add,3500,0xAA,6,0.234173679,0.000228624,34.062291000,1.607174000,32.455117000,145.457384850,138.594213872
avx2_add,3500,0xAA,7,0.234341812,0.000987332,34.590000000,1.633418000,32.956582000,147.604900989,140.634663864
avx2_add,3500,0xAA,8,0.234170183,0.000207410,34.145908000,1.601436000,32.544472000,145.816634585,138.977864680
avx2_add,3500,0xAA,9,0.234206822,0.000229630,34.063389000,1.599361000,32.464028000,145.441489451,138.612649079
avx2_add,3500,0xAA,10,0.234176665,0.000198883,34.165074000,1.600277000,32.564797000,145.894442357,139.060811013
avx2_add,3500,0xAA,11,0.234206488,0.000227766,34.150669000,1.593257000,32.557412000,145.814359069,139.011571449
avx2_add,3500,0xAA,12,0.234207932,0.000239421,34.123020000,1.599849000,32.523171000,145.695407394,138.864515761
avx2_add,3500,0xAA,13,0.234182088,0.000214130,34.025791000,1.586178000,32.439613000,145.296300306,138.523032492
avx2_add,3500,0xAA,14,0.234198159,0.000221690,34.199497000,1.600154000,32.599343000,146.028035173,139.195556187
avx2_add,3500,0xAA,15,0.234378403,0.000155441,34.164708000,1.603145000,32.561563000,145.767304536,138.927318507
avx2_add,3500,0xAA,16,0.234393589,0.000162462,34.140110000,1.592586000,32.547524000,145.652917331,138.858422615
avx2_add,3500,0xAA,17,0.234044825,0.000185544,34.134067000,1.588802000,32.545265000,145.844143228,139.055691490
avx2_add,3500,0xAA,18,0.234078352,0.000211166,34.242711000,1.571224000,32.671487000,146.287389008,139.575004100
avx2_add,3500,0xAA,19,0.234168354,0.000221611,34.050572000,1.578243000,32.472329000,145.410647412,138.670868227
avx2_add,3500,0xAA,20,0.234233124,0.000300037,34.236363000,1.608150000,32.628213000,146.163627072,139.298031072
avx2_add,3500,0xAA,21,0.234197650,0.000218567,34.180271000,1.584285000,32.595986000,145.946259450,139.181524623
avx2_add,3500,0xAA,22,0.234167598,0.000205613,33.975376000,1.587032000,32.388344000,145.089996588,138.312662690
avx2_add,3500,0xAA,23,0.234171826,0.000203399,34.108006000,1.607601000,32.500405000,145.653755684,138.788706954
avx2_add,3500,0xAA,24,0.234326377,0.001011630,34.599764000,1.632320000,32.967444000,147.656292525,140.690282022
avx2_add,3500,0xAA,25,0.234201287,0.000257287,34.268467000,1.600581000,32.667886000,146.320575243,139.486364287
avx2_add,3500,0xAA,26,0.234213151,0.000212314,34.036778000,1.590450000,32.446328000,145.323940170,138.533330887
avx2_add,3500,0xAA,27,0.233992081,0.000168034,34.237645000,1.604732000,32.632913000,146.319674201,139.461613040
avx2_add,3500,0xAA,28,0.234021271,0.000175508,34.236484000,1.607479000,32.629005000,146.296461884,139.427517916
avx2_add,3500,0xAA,29,0.234027343,0.000189366,34.153660000,1.593135000,32.560525000,145.938759249,139.131285461
avx2_add,3500,0xAA,30,0.234068073,0.000189301,34.094274000,1.592769000,32.501505000,145.659651866,138.854926297
avx2_add,3500,0xAA,31,0.234220056,0.000240196,34.232396000,1.598263000,32.634133000,146.154844905,139.331078292
avx2_add,3500,0xAA,32,0.234202247,0.000233239,34.169529000,1.587460000,32.582069000,145.897528472,139.119369764
avx2_add,3500,0xAA,33,0.234213694,0.000253140,34.197301000,1.613155000,32.584146000,146.008973238,139.121438306
avx2_add,3500,0xAA,34,0.234173754,0.000231107,34.084325000,1.596980000,32.487345000,145.551431233,138.731794211
avx2_add,3500,0xAA,35,0.234155036,0.000223609,34.046299000,1.584835000,32.461464000,145.400669628,138.632354803
avx2_add,3500,0xAA,36,0.234169213,0.000203043,33.971165000,1.574215000,32.396950000,145.071013485,138.348460241
avx2_add,3500,0xAA,37,0.234098378,0.000510187,34.446323000,1.627498000,32.818825000,147.144646059,140.192449240
avx2_add,3500,0xAA,38,0.234114784,0.000138211,34.281406000,1.618099000,32.663307000,146.429906592,139.518343938
avx2_add,3500,0xAA,39,0.234043270,0.000187571,34.218114000,1.617916000,32.600198000,146.204221125,139.291328480
avx2_add,3500,0xAA,40,0.234079969,0.000206981,34.158970000,1.614437000,32.544533000,145.928633586,139.031687179
avx2_add,3500,0xAA,41,0.234146850,0.000300315,34.196629000,1.608638000,32.587991000,146.047785645,139.177575783
avx2_add,3500,0xAA,42,0.234114151,0.000210003,34.176975000,1.607235000,32.569740000,145.984234302,139.119057650
avx2_add,3500,0xAA,43,0.234162938,0.000222887,34.045750000,1.603450000,32.442300000,145.393418344,138.545835998
avx2_add,3500,0xAA,44,0.234147761,0.000205439,34.026036000,1.602535000,32.423501000,145.318647674,138.474529275
avx2_add,3500,0xAA,45,0.234385595,0.000026851,34.040928000,1.605343000,32.435585000,145.234727371,138.385573525
avx2_add,3500,0xAA,46,0.233950811,0.000091305,34.073216000,1.610348000,32.462868000,145.642649731,138.759373738
avx2_add,3500,0xAA,47,0.234043310,0.000279516,34.282749000,1.612727000,32.670022000,146.480363017,139.589642660
avx2_add,3500,0xAA,48,0.234047379,0.000189798,34.005162000,1.604549000,32.400613000,145.291787400,138.436128480
avx2_add,3500,0xAA,49,0.234052230,0.000192355,34.041966000,1.605953000,32.436013000,145.446022571,138.584507102
avx2_add,3500,0xAA,50,0.234063515,0.000227465,34.087254000,1.603694000,32.483560000,145.632496376,138.780962936
avx2_add,3500,0xAA,51,0.234056626,0.000196941,34.118992000,1.597042000,32.521950000,145.772382716,138.949068075
avx2_add,3500,0xAA,52,0.234061654,0.000196456,34.191685000,1.615413000,32.576272000,146.079823121,139.178167197
avx2_add,3500,0xAA,53,0.233941976,0.000014793,33.972386000,1.589901000,32.382485000,145.217145750,138.421011818
avx2_add,3500,0xAA,54,0.234113444,0.000333671,34.413792000,1.621333000,32.792459000,146.996222684,140.070806655
avx2_add,3500,0xAA,55,0.234046530,0.000171195,34.160068000,1.614071000,32.545997000,145.954174311,139.057806304
avx2_add,3500,0xAA,56,0.234170566,0.000219129,34.017064000,1.603146000,32.413918000,145.266181480,138.420120404
avx2_add,3500,0xAA,57,0.234196508,0.000221261,34.085301000,1.603573000,32.481728000,145.541456984,138.694330981
avx2_add,3500,0xAA,58,0.234236938,0.000305639,34.236363000,1.620113000,32.616250000,146.161247207,139.244690775
avx2_add,3500,0xAA,59,0.234190568,0.000210055,34.020543000,1.605526000,32.415017000,145.268630340,138.412991293
avx2_add,3500,0xAA,60,0.234140388,0.000233634,33.942602000,1.605892000,32.336710000,144.966882072,138.108210595
avx2_add,3500,0xAA,61,0.234142113,0.000223453,33.959874000,1.608944000,32.350930000,145.039580977,138.167925223
avx2_add,3500,0xAA,62,0.234150769,0.000212585,34.225743000,1.612544000,32.613199000,146.169680346,139.282903891
avx2_add,3500,0xAA,63,0.234153188,0.000223471,34.067906000,1.606686000,32.461220000,145.494094212,138.632406726
avx2_add,3500,0xAA,64,0.234190983,0.000232206,34.022862000,1.606625000,32.416237000,145.278275068,138.417955419
avx2_add,3500,0xAA,65,0.234174339,0.000216833,33.939733000,1.603572000,32.336161000,144.933612636,138.085842706
avx2_add,3500,0xAA,66,0.234199012,0.000221287,34.091099000,1.607662000,32.483437000,145.564657900,138.700145581
avx2_add,3500,0xAA,67,0.234215418,0.000260062,34.180150000,1.617611000,32.562539000,145.934671400,139.028161927
avx2_add,3500,0xAA,68,0.234278179,0.000341009,34.410983000,1.619991000,32.790992000,146.880871276,139.966053134
avx2_add,3500,0xAA,69,0.234208463,0.000236304,34.089512000,1.613094000,32.476418000,145.552007746,138.664579426
avx2_add,3500,0xAA,70,0.234204426,0.000225276,34.095189000,1.590328000,32.504861000,145.578756145,138.788414784
avx2_add,3500,0xAA,71,0.234266048,0.000431072,34.284275000,1.611752000,32.672523000,146.347604486,139.467597713
avx2_add,3500,0xAA,72,0.234199426,0.000190173,34.065403000,1.596981000,32.468422000,145.454681636,138.635787905
avx2_add,3500,0xAA,73,0.234200619,0.000239058,34.221958000,1.609188000,32.612770000,146.122406010,139.251425037
avx2_add,3500,0xAA,74,0.234192517,0.000208532,33.984227000,1.601192000,32.383035000,145.112352093,138.275276256
avx2_add,3500,0xAA,75,0.234286161,0.001289836,34.804781000,1.643917000,33.160864000,148.556708728,141.540003209
avx2_add,3500,0xAA,76,0.234041347,0.000165557,34.074681000,1.608150000,32.466531000,145.592568963,138.721347196
avx2_add,3500,0xAA,77,0.234084593,0.000210906,34.102940000,1.608883000,32.494057000,145.686393064,138.813309361
avx2_add,3500,0xAA,78,0.234097687,0.000213162,34.056981000,1.614559000,32.442422000,145.481920207,138.584974655
avx2_add,3500,0xAA,79,0.234120643,0.000243536,34.014012000,1.591488000,32.422524000,145.284121831,138.486395750
avx2_add,3500,0xAA,80,0.234105574,0.000193123,34.098790000,1.606319000,32.492471000,145.655609142,138.794093750
avx2_add,3500,0xAA,81,0.234129319,0.000208409,34.074498000,1.613155000,32.461343000,145.537082525,138.647065470
avx2_add,3500,0xAA,82,0.234148028,0.000231240,34.076695000,1.606868000,32.469827000,145.534836865,138.672220867
avx2_add,3500,0xAA,83,0.234153654,0.000216564,33.990758000,1.612362000,32.378396000,145.164328852,138.278414522
avx2_add,3500,0xAA,84,0.234195344,0.000256791,34.202244000,1.617854000,32.584390000,146.041519960,139.133380914
avx2_add,3500,0xAA,85,0.234174602,0.000222715,33.961156000,1.611080000,32.350076000,145.024933170,138.145109370
avx2_add,3500,0xAA,86,0.234155912,0.000202717,34.021215000,1.604061000,32.417154000,145.293000399,138.442603212
avx2_add,3500,0xAA,87,0.233994887,0.000154894,33.965367000,1.604488000,32.360879000,145.154312709,138.297376558
avx2_add,3500,0xAA,88,0.234017233,0.000455709,34.270542000,1.604366000,32.666176000,146.444522518,139.588762466
avx2_add,3500,0xAA,89,0.234109323,0.000293054,34.219029000,1.621883000,32.597146000,146.166878781,139.238991498
avx2_add,3500,0xAA,90,0.234025865,0.000163177,34.091404000,1.610653000,32.480751000,145.673658697,138.791286959
avx2_add,3500,0xAA,91,0.234066894,0.000205783,34.110081000,1.608333000,32.501748000,145.727917577,138.856663919
avx2_add,3500,0xAA,92,0.234126761,0.000308003,34.155003000,1.611996000,32.543007000,145.882524968,138.997382937
avx2_add,3500,0xAA,93,0.234103049,0.000200915,34.079808000,1.604000000,32.475808000,145.576096077,138.724412579
avx2_add,3500,0xAA,94,0.234143352,0.000227617,33.861852000,1.595699000,32.266153000,144.620172732,137.805121240
avx2_add,3500,0xAA,95,0.234113417,0.000202738,33.939549000,1.604976000,32.334573000,144.970542338,138.114993339
avx2_add,3500,0xAA,96,0.234138271,0.000233633,34.209385000,1.616695000,32.592690000,146.107618040,139.202745136
avx2_add,3500,0xAA,97,0.234207871,0.000214833,33.992467000,1.608822000,32.383645000,145.138021318,138.268815805
avx2_add,3500,0xAA,98,0.234237543,0.000266670,34.086765000,1.609065000,32.477700000,145.522210398,138.652837623
avx2_add,3500,0xAA,99,0.234194877,0.000216035,34.040867000,1.607235000,32.433632000,145.352739940,138.489929690
avx2_add,3700,0x00,0,0.234150376,0.000221759,34.092503000,1.599178000,32.493325000,145.600889560,138.771184526
avx2_add,3700,0x00,1,0.234134893,0.000199959,34.243259000,1.611752000,32.631507000,146.254403012,139.370542263
avx2_add,3700,0x00,2,0.234157608,0.000238095,34.243076000,1.602718000,32.640358000,146.239434031,139.394821904
avx2_add,3700,0x00,3,0.234190701,0.000222614,34.016820000,1.592403000,32.424417000,145.252650384,138.453050768
avx2_add,3700,0x00,4,0.233963976,0.000084969,34.140354000,1.594783000,32.545571000,145.921413132,139.105051797
avx2_add,3700,0x00,5,0.233989174,0.000116316,34.172458000,1.598934000,32.573524000,146.042901923,139.209534498
avx2_add,3700,0x00,6,0.234028829,0.000198327,34.149693000,1.554684000,32.595009000,145.920881464,139.277751182
avx2_add,3700,0x00,7,0.234008615,0.000148341,34.088658000,1.595516000,32.493142000,145.672662766,138.854469330
avx2_add,3700,0x00,8,0.234099959,0.000216754,34.135045000,1.604305000,32.530740000,145.813972858,138.960896036
avx2_add,3700,0x00,9,0.234102145,0.000203430,34.183018000,1.596431000,32.586587000,146.017534332,139.198156407
avx2_add,3700,0x00,10,0.234139486,0.000256363,34.221409000,1.606198000,32.615211000,146.158213436,139.298208633
avx2_add,3700,0x00,11,0.234130029,0.000208910,34.102818000,1.576900000,32.525918000,145.657599744,138.922453427
avx2_add,3700,0x00,12,0.234178595,0.000263637,34.149021000,1.598079000,32.550942000,145.824690113,139.000501069
avx2_add,3700,0x00,13,0.234142658,0.000203399,34.013340000,1.586361000,32.426979000,145.267591632,138.492401606
avx2_add,3700,0x00,14,0.234233739,0.000489816,34.299900000,1.618282000,32.681618000,146.434497997,139.525664085
avx2_add,3700,0x00,15,0.234132729,0.000192418,34.086216000,1.583797000,32.502419000,145.585011312,138.820485025
avx2_add,3700,0x00,16,0.234187348,0.000240668,34.087132000,1.599544000,32.487588000,145.554968239,138.724778591
avx2_add,3700,0x00,17,0.233970269,0.000074182,34.035435000,1.604122000,32.431313000,145.469059886,138.612966545
avx2_add,3700,0x00,18,0.234011339,0.000155345,34.029882000,1.593318000,32.436564000,145.419799464,138.611078116
avx2_add,3700,0x00,19,0.234038753,0.000206506,34.172886000,1.601131000,32.571755000,146.013792607,139.172485444
avx2_add,3700,0x00,20,0.234035029,0.000161419,34.085301000,1.596919000,32.488382000,145.641877352,138.818458625
avx2_add,3700,0x00,21,0.234025437,0.000170184,34.106664000,1.594295000,32.512369000,145.739131812,138.926645867
avx2_add,3700,0x00,22,0.234098412,0.000212333,33.981481000,1.594417000,32.387064000,145.158955716,138.348072262
avx2_add,3700,0x00,23,0.234140632,0.000244795,34.009556000,1.570919000,32.438637000,145.252687371,138.543390537
avx2_add,3700,0x00,24,0.234140711,0.000219043,34.129246000,1.597225000,32.532021000,145.763826474,138.942180671
avx2_add,3700,0x00,25,0.234125391,0.000204221,34.134861000,1.597774000,32.537087000,145.797347342,138.972910270
avx2_add,3700,0x00,26,0.234156528,0.000203714,34.049412000,1.594234000,32.455178000,145.413037822,138.604626301
avx2_add,3700,0x00,27,0.234175145,0.000302310,34.165806000,1.603877000,32.561929000,145.898515671,139.049466841
avx2_add,3700,0x00,28,0.234142025,0.000211407,34.119175000,1.605770000,32.513405000,145.719996095,138.861893632
avx2_add,3700,0x00,29,0.234136873,0.000215791,34.235325000,1.615413000,32.619912000,146.219280059,139.319841369
avx2_add,3700,0x00,30,0.234160444,0.000218917,34.108433000,1.594722000,32.513711000,145.662659270,138.852277587
avx2_add,3700,0x00,31,0.234219827,0.000524972,34.396580000,1.618831000,32.777749000,146.855970280,139.944382057
avx2_add,3700,0x00,32,0.234153119,0.000218994,34.159275000,1.602840000,32.556435000,145.884347539,139.039083182
avx2_add,3700,0x00,33,0.234206618,0.000330884,34.299412000,1.608943000,32.690469000,146.449371581,139.579612669
avx2_add,3700,0x00,34,0.234158727,0.000224399,34.044713000,1.596127000,32.448586000,145.391604499,138.575172664
avx2_add,3700,0x00,35,0.234200058,0.000265989,34.245213000,1.611019000,32.634194000,146.222051992,139.343236434
avx2_add,3700,0x00,36,0.234142610,0.000194703,34.054906000,1.598812000,32.456094000,145.445145345,138.616776953
avx2_add,3700,0x00,37,0.234173114,0.000213031,33.994176000,1.605282000,32.388894000,145.166861647,138.311753584
avx2_add,3700,0x00,38,0.234142529,0.000224862,33.941014000,1.597103000,32.343911000,144.958774544,138.137702737
avx2_add,3700,0x00,39,0.234161947,0.000216674,34.119359000,1.607967000,32.511392000,145.708384752,138.841483345
avx2_add,3700,0x00,40,0.234181720,0.000245259,34.109409000,1.590755000,32.518654000,145.653593220,138.860770111
avx2_add,3700,0x00,41,0.234162882,0.000222399,34.153660000,1.586361000,32.567299000,145.854286119,139.079681254
avx2_add,3700,0x00,42,0.234154042,0.000215417,34.048314000,1.598995000,32.449319000,145.409892110,138.581075552
avx2_add,3700,0x00,43,0.233948611,0.000019685,33.961522000,1.580806000,32.380716000,145.166589686,138.409524559
avx2_add,3700,0x00,44,0.233961851,0.000137186,34.258762000,1.600642000,32.658120000,146.428838384,139.587372579
avx2_add,3700,0x00,45,0.233956071,0.000081646,34.157933000,1.604244000,32.553689000,146.001481910,139.144451031
avx2_add,3700,0x00,46,0.233988250,0.000142344,34.089573000,1.608699000,32.480874000,145.689251557,138.814124277
avx2_add,3700,0x00,47,0.234031655,0.000175226,34.030186000,1.601314000,32.428872000,145.408474986,138.566178364
avx2_add,3700,0x00,48,0.234169306,0.000552217,34.290806000,1.627132000,32.663674000,146.435955278,139.487427186
avx2_add,3700,0x00,49,0.234101759,0.000154129,34.165745000,1.597775000,32.567970000,145.943990852,139.118860594
avx2_add,3700,0x00,50,0.234093716,0.000215015,34.176610000,1.601925000,32.574685000,145.995418236,139.152325538
avx2_add,3700,0x00,51,0.233949819,0.000016980,34.071262000,1.608333000,32.462929000,145.634915004,138.760222785
avx2_add,3700,0x00,52,0.234085035,0.000245146,34.179905000,1.609615000,32.570290000,146.014908909,139.138711108
avx2_add,3700,0x00,53,0.234057831,0.000188810,34.172642000,1.617977000,32.554665000,146.000848869,139.088125660
avx2_add,3700,0x00,54,0.234118216,0.000245297,34.222812000,1.611629000,32.611183000,146.177484789,139.293659064
avx2_add,3700,0x00,55,0.234118312,0.000199784,34.041539000,1.602718000,32.438821000,145.403145724,138.557384758
avx2_add,3700,0x00,56,0.234176311,0.000217558,34.038792000,1.608150000,32.430642000,145.355402928,138.488141269
avx2_add,3700,0x00,57,0.234086176,0.000216094,33.987340000,1.595516000,32.391824000,145.191572371,138.375638062
avx2_add,3700,0x00,58,0.234093074,0.000210265,34.045323000,1.548275000,32.497048000,145.434986190,138.821057069
avx2_add,3700,0x00,59,0.234109057,0.000208560,34.224766000,1.610348000,32.614418000,146.191550577,139.312927328
avx2_add,3700,0x00,60,0.234124303,0.000215798,34.278599000,1.604182000,32.674417000,146.411963904,139.560125033
avx2_add,3700,0x00,61,0.234155658,0.000248312,34.041783000,1.594295000,32.447488000,145.380996810,138.572299501
avx2_add,3700,0x00,62,0.234159289,0.000209408,34.107701000,1.609676000,32.498025000,145.660251635,138.785973852
avx2_add,3700,0x00,63,0.234078037,0.000206104,33.978795000,1.606929000,32.371866000,145.160115983,138.295187429
avx2_add,3700,0x00,64,0.234087062,0.000202588,34.113132000,1.611568000,32.501564000,145.728395969,138.843914661
avx2_add,3700,0x00,65,0.234221725,0.000546393,34.423557000,1.630550000,32.793007000,146.969957454,140.008391450
avx2_add,3700,0x00,66,0.234137779,0.000215146,34.070408000,1.611141000,32.459267000,145.514355149,138.633188840
avx2_add,3700,0x00,67,0.234177902,0.000241832,34.102635000,1.613888000,32.488747000,145.627041141,138.735323414
avx2_add,3700,0x00,68,0.234102998,0.000210972,34.062412000,1.612972000,32.449440000,145.501818952,138.611808934
avx2_add,3700,0x00,69,0.234121387,0.000242706,34.235996000,1.619137000,32.616859000,146.231817615,139.316016290
avx2_add,3700,0x00,70,0.234157246,0.000214399,34.072300000,1.609737000,32.462563000,145.510337932,138.635739656
avx2_add,3700,0x00,71,0.234181309,0.000231195,33.947728000,1.609798000,32.337930000,144.963439130,138.089286775
avx2_add,3700,0x00,72,0.234153041,0.000214347,34.001683000,1.608700000,32.392983000,145.211366448,138.341073433
avx2_add,3700,0x00,73,0.234173097,0.000218282,33.995091000,1.614742000,32.380349000,145.170779242,138.275273228
avx2_add,3700,0x00,74,0.234152238,0.000223337,34.194432000,1.616695000,32.577737000,146.035042604,139.130581574
avx2_add,3700,0x00,75,0.234209919,0.000234691,34.149022000,1.592159000,32.556863000,145.805191378,139.007191491
avx2_add,3700,0x00,76,0.233988426,0.000125371,34.027928000,1.596310000,32.431618000,145.425688483,138.603513451
avx2_add,3700,0x00,77,0.234076218,0.000204540,34.021947000,1.601741000,32.420206000,145.345594007,138.502775837
avx2_add,3700,0x00,78,0.234120307,0.000318839,34.220433000,1.611996000,32.608437000,146.166017769,139.280685956
avx2_add,3700,0x00,79,0.234083891,0.000201686,34.066685000,1.605464000,32.461221000,145.531949617,138.673451176
avx2_add,3700,0x00,80,0.234114890,0.000215351,34.078160000,1.605526000,32.472634000,145.561693779,138.703838661
avx2_add,3700,0x00,81,0.234120838,0.000218710,33.975377000,1.604427000,32.370950000,145.118979092,138.265992346
avx2_add,3700,0x00,82,0.234221519,0.000627472,34.341587000,1.622676000,32.718911000,146.620119185,139.692164792
avx2_add,3700,0x00,83,0.234115585,0.000210106,34.167454000,1.613033000,32.554421000,145.942671553,139.052771435
avx2_add,3700,0x00,84,0.234015538,0.000174656,34.183690000,1.614681000,32.569009000,146.074445840,139.174557844
avx2_add,3700,0x00,85,0.233952558,0.000015996,34.124119000,1.603694000,32.520425000,145.859140627,139.004357690
avx2_add,3700,0x00,86,0.233965733,0.000098307,34.102574000,1.604610000,32.497964000,145.758840543,138.900528524
avx2_add,3700,0x00,87,0.234057120,0.000192002,33.989476000,1.599849000,32.389627000,145.218722367,138.383429356
avx2_add,3700,0x00,88,0.234073875,0.000201523,34.200169000,1.613278000,32.586891000,146.108441014,139.216266489
avx2_add,3700,0x00,89,0.234070461,0.000199265,34.019505000,1.596492000,32.423013000,145.338736537,138.518174916
avx2_add,3700,0x00,90,0.234111197,0.000205644,33.988988000,1.609066000,32.379922000,145.183094561,138.310010219
avx2_add,3700,0x00,91,0.234122893,0.000226513,34.089940000,1.611080000,32.478860000,145.607033580,138.725690296
avx2_add,3700,0x00,92,0.234120715,0.000213720,34.034092000,1.589107000,32.444985000,145.369844783,138.582290764
avx2_add,3700,0x00,93,0.234146849,0.000222798,33.978184000,1.559078000,32.419106000,145.114846570,138.456298698
avx2_add,3700,0x00,94,0.234134912,0.000202088,34.100315000,1.594112000,32.506203000,145.643871586,138.835352562
avx2_add,3700,0x00,95,0.234184541,0.000346207,34.336215000,1.616390000,32.719825000,146.620331312,139.718125075
avx2_add,3700,0x00,96,0.234190799,0.000254682,34.088352000,1.597652000,32.490700000,145.558033057,138.736022927
avx2_add,3700,0x00,97,0.234171216,0.000209922,34.182835000,1.601863000,32.580972000,145.973683520,139.133120337
avx2_add,3700,0x00,98,0.234069678,0.000211719,34.204014000,1.597897000,32.606117000,146.127487775,139.300900862
avx2_add,3700,0x00,99,0.233960683,0.000124735,34.078770000,1.604977000,32.473793000,145.660243509,138.800214797
avx2_add,3700,0xAA,0,0.234167433,0.000224367,34.102024000,1.602840000,32.499184000,145.630942581,138.786096656
avx2_add,3700,0xAA,1,0.234154003,0.000233199,34.141453000,1.612972000,32.528481000,145.807684638,138.919175449
avx2_add,3700,0xAA,2,0.234173455,0.000223927,33.955052000,1.605831000,32.349221000,144.999577211,138.142134728
avx2_add,3700,0xAA,3,0.234278455,0.000674189,34.296237000,1.628963000,32.667274000,146.390913192,139.437806904
avx2_add,3700,0xAA,4,0.234205098,0.000253955,34.121861000,1.608333000,32.513528000,145.692221261,138.825022333
avx2_add,3700,0xAA,5,0.234208806,0.000229417,34.079563000,1.603817000,32.475746000,145.509315485,138.661507201
avx2_add,3700,0xAA,6,0.234046388,0.000181174,33.965795000,1.607174000,32.358621000,145.124200962,138.257297286
avx2_add,3700,0xAA,7,0.234084731,0.000238869,34.145238000,1.613521000,32.531717000,145.867002521,138.974109527
avx2_add,3700,0xAA,8,0.234066501,0.000191816,33.940038000,1.600155000,32.339883000,145.001689049,138.165362651
avx2_add,3700,0xAA,9,0.234129359,0.000208349,34.161167000,1.619991000,32.541176000,145.907233319,138.988019909
avx2_add,3700,0xAA,10,0.234190221,0.000232509,34.202671000,1.608821000,32.593850000,146.046538133,139.176819171
avx2_add,3700,0xAA,11,0.234111903,0.000227910,34.044224000,1.600643000,32.443581000,145.418594659,138.581509590
avx2_add,3700,0xAA,12,0.234136053,0.000213803,33.961949000,1.603512000,32.358437000,145.052197559,138.203564125
avx2_add,3700,0xAA,13,0.234138422,0.000220208,33.990879000,1.597470000,32.393409000,145.174289051,138.351530171
avx2_add,3700,0xAA,14,0.234139393,0.000201350,34.219883000,1.572689000,32.647194000,146.151754028,139.434862100
avx2_add,3700,0xAA,15,0.234228233,0.000385142,34.373386000,1.607173000,32.766213000,146.751677050,139.890108828
avx2_add,3700,0xAA,16,0.234165666,0.000216039,34.052220000,1.608578000,32.443642000,145.419354784,138.549953175
avx2_add,3700,0xAA,17,0.234174857,0.000233021,34.071935000,1.612484000,32.459451000,145.497836571,138.612024729
avx2_add,3700,0xAA,18,0.234180019,0.000218545,34.025121000,1.605404000,32.419717000,145.294723297,138.439296392
avx2_add,3700,0xAA,19,0.234192002,0.000236183,34.019322000,1.604793000,32.414529000,145.262526698,138.410059561
avx2_add,3700,0xAA,20,0.234288276,0.000686022,34.516574000,1.632869000,32.883705000,147.325229570,140.355742961
avx2_add,3700,0xAA,21,0.234201309,0.000203557,34.076146000,1.605891000,32.470255000,145.499382983,138.642499882
avx2_add,3700,0xAA,22,0.233933455,0.000018825,34.011021000,1.604915000,32.406106000,145.387589140,138.527027011
avx2_add,3700,0xAA,23,0.234021758,0.000168186,34.080113000,1.605526000,32.474587000,145.627967324,138.767383034
avx2_add,3700,0xAA,24,0.234020490,0.000198535,34.009862000,1.602962000,32.406900000,145.328565210,138.478900030
avx2_add,3700,0xAA,25,0.234077107,0.000225189,34.332310000,1.609554000,32.722756000,146.670943190,139.794773095
avx2_add,3700,0xAA,26,0.234133463,0.000215881,34.012730000,1.606625000,32.406105000,145.270691209,138.408686181
avx2_add,3700,0xAA,27,0.234160636,0.000217190,34.006505000,1.610164000,32.396341000,145.227248975,138.350926691
avx2_add,3700,0xAA,28,0.234166547,0.000243344,34.123326000,1.611935000,32.511391000,145.722463348,138.838751632
avx2_add,3700,0xAA,29,0.234175099,0.000219434,34.086339000,1.605221000,32.481118000,145.559195118,138.704405675
avx2_add,3700,0xAA,30,0.234173318,0.000235130,34.058628000,1.610348000,32.448280000,145.441967247,138.565231606
avx2_add,3700,0xAA,31,0.234168081,0.000218957,34.049596000,1.599606000,32.449990000,145.406648989,138.575632605
avx2_add,3700,0xAA,32,0.234205097,0.000388203,34.237094000,1.605038000,32.632056000,146.184239668,139.331109561
avx2_add,3700,0xAA,33,0.234138841,0.000200369,34.037755000,1.608028000,32.429727000,145.374235607,138.506396018
avx2_add,3700,0xAA,34,0.234164242,0.000226328,34.019627000,1.605953000,32.413674000,145.281050390,138.422817091
avx2_add,3700,0xAA,35,0.233945595,0.000017931,34.012181000,1.607356000,32.404825000,145.385003156,138.514362984
avx2_add,3700,0xAA,36,0.234015893,0.000165207,34.052952000,1.604549000,32.448403000,145.515552811,138.658971486
avx2_add,3700,0xAA,37,0.234140033,0.000709467,34.387363000,1.637691000,32.749672000,146.866652996,139.872159239
avx2_add,3700,0xAA,38,0.234107378,0.000196559,34.072788000,1.615596000,32.457192000,145.543417893,138.642328267
avx2_add,3700,0xAA,39,0.234138564,0.000219591,34.158543000,1.608272000,32.550271000,145.890290035,139.021400208
avx2_add,3700,0xAA,40,0.234177879,0.000229488,34.130894000,1.607723000,32.523171000,145.747728625,138.882336364
avx2_add,3700,0xAA,41,0.234162962,0.000243355,34.126072000,1.614437000,32.511635000,145.736421057,138.841919094
avx2_add,3700,0xAA,42,0.234147190,0.000203545,34.037022000,1.610836000,32.426186000,145.365921613,138.486334448
avx2_add,3700,0xAA,43,0.234143507,0.000210062,34.010777000,1.606868000,32.403909000,145.256118793,138.393370286
avx2_add,3700,0xAA,44,0.234008715,0.000173128,34.082982000,1.600765000,32.482217000,145.648344719,138.807723422
avx2_add,3700,0xAA,45,0.234235281,0.001102039,34.699313000,1.646602000,33.052711000,148.138712467,141.109019971
avx2_add,3700,0xAA,46,0.234066734,0.000191915,34.004613000,1.604427000,32.400186000,145.277427879,138.422857065
avx2_add,3700,0xAA,47,0.234142986,0.000317570,34.338230000,1.609798000,32.728432000,146.654958927,139.779681442
avx2_add,3700,0xAA,48,0.234080701,0.000195741,34.004246000,1.587093000,32.417153000,145.267191443,138.487081021
avx2_add,3700,0xAA,49,0.234105064,0.000246710,34.228916000,1.595822000,32.633094000,146.211771213,139.395079701
avx2_add,3700,0xAA,50,0.234130818,0.000186090,34.091161000,1.595394000,32.495767000,145.607320330,138.793206689
avx2_add,3700,0xAA,51,0.234160746,0.000256249,34.130467000,1.608700000,32.521767000,145.756569182,138.886502246
avx2_add,3700,0xAA,52,0.234090477,0.000206811,34.050877000,1.608699000,32.442178000,145.460325293,138.588200389
avx2_add,3700,0xAA,53,0.234079493,0.000194258,34.048008000,1.605343000,32.442665000,145.454894675,138.596784298
avx2_add,3700,0xAA,54,0.234135189,0.000323353,34.231540000,1.611080000,32.620460000,146.204166012,139.323184093
avx2_add,3700,0xAA,55,0.234091961,0.000201059,34.140721000,1.610896000,32.529825000,145.843201384,138.961734828
avx2_add,3700,0xAA,56,0.234171630,0.000215472,33.993932000,1.610165000,32.383767000,145.166739699,138.290735963
avx2_add,3700,0xAA,57,0.234104101,0.000209551,34.092686000,1.610592000,32.482094000,145.630451947,138.750640809
avx2_add,3700,0xAA,58,0.234166934,0.000253372,34.153111000,1.620358000,32.532753000,145.849417723,138.929747337
avx2_add,3700,0xAA,59,0.234155403,0.000210284,34.091649000,1.602840000,32.488809000,145.594116400,138.748918811
avx2_add,3700,0xAA,60,0.234178604,0.000234643,34.200718000,1.609310000,32.591408000,146.045443451,139.173295544
avx2_add,3700,0xAA,61,0.234163951,0.000215535,34.087925000,1.600582000,32.487343000,145.572898440,138.737593535
avx2_add,3700,0xAA,62,0.234105170,0.000223442,33.967137000,1.599483000,32.367654000,145.093493509,138.261166831
avx2_add,3700,0xAA,63,0.234087301,0.000199324,33.943883000,1.596249000,32.347634000,145.005230600,138.186197718
avx2_add,3700,0xAA,64,0.234068233,0.000208429,34.060887000,1.603328000,32.457559000,145.516914270,138.667082581
avx2_add,3700,0xAA,65,0.234108905,0.000208945,34.123936000,1.602901000,32.521035000,145.760948530,138.914130796
avx2_add,3700,0xAA,66,0.234135784,0.000264917,34.107212000,1.574276000,32.532936000,145.672786426,138.949012828
avx2_add,3700,0xAA,67,0.234110044,0.000213052,34.106908000,1.611996000,32.494912000,145.687504032,138.801870372
avx2_add,3700,0xAA,68,0.234151959,0.000259119,34.142308000,1.611080000,32.531228000,145.812608700,138.932119612
avx2_add,3700,0xAA,69,0.234075344,0.000199866,34.162388000,1.607418000,32.554970000,145.946119156,139.079022542
avx2_add,3700,0xAA,70,0.234103047,0.000211166,34.126988000,1.609371000,32.517617000,145.777632658,138.903006205
avx2_add,3700,0xAA,71,0.234164395,0.000312169,34.116978000,1.606319000,32.510659000,145.696693329,138.836901505
avx2_add,3700,0xAA,72,0.234120593,0.000193501,33.956456000,1.602962000,32.353494000,145.038313365,138.191576919
avx2_add,3700,0xAA,73,0.234178381,0.000247872,34.152378000,1.620723000,32.531655000,145.839158264,138.918267482
avx2_add,3700,0xAA,74,0.234155701,0.000224500,34.141087000,1.607968000,32.533119000,145.805063882,138.937975059
avx2_add,3700,0xAA,75,0.234141788,0.000229146,34.169651000,1.615718000,32.553933000,145.935722615,139.035126121
avx2_add,3700,0xAA,76,0.234002262,0.000146311,33.989842000,1.605831000,32.384011000,145.254330807,138.391871508
avx2_add,3700,0xAA,77,0.234109085,0.000213895,34.094945000,1.607356000,32.487589000,145.637000647,138.771158605
avx2_add,3700,0xAA,78,0.234120438,0.000205889,34.085423000,1.604671000,32.480752000,145.589267201,138.735226546
avx2_add,3700,0xAA,79,0.234138930,0.000243905,34.129490000,1.606625000,32.522865000,145.765977513,138.904132709
avx2_add,3700,0xAA,80,0.234123808,0.000214832,34.119907000,1.608699000,32.511208000,145.734461278,138.863314703
avx2_add,3700,0xAA,81,0.234101696,0.000197088,34.013036000,1.614437000,32.398599000,145.291710906,138.395404622
avx2_add,3700,0xAA,82,0.234156091,0.000243357,34.279026000,1.617550000,32.661476000,146.393911298,139.485912476
avx2_add,3700,0xAA,83,0.233972267,0.000168854,34.268589000,1.624141000,32.644448000,146.464319751,139.522723564
avx2_add,3700,0xAA,84,0.233991915,0.000131612,34.114597000,1.605404000,32.509193000,145.793913658,138.932975738
avx2_add,3700,0xAA,85,0.234010042,0.000158913,34.025792000,1.605892000,32.419900000,145.403127792,138.540635959
avx2_add,3700,0xAA,86,0.234030470,0.000164457,34.038915000,1.601498000,32.437417000,145.446509327,138.603391860
avx2_add,3700,0xAA,87,0.234072105,0.000196114,34.181858000,1.605952000,32.575906000,146.031317776,139.170389185
avx2_add,3700,0xAA,88,0.233951221,0.000092854,34.086888000,1.602108000,32.484780000,145.700833869,138.852790963
avx2_add,3700,0xAA,89,0.234005639,0.000231780,34.278721000,1.605221000,32.673500000,146.486730716,139.626977215
avx2_add,3700,0xAA,90,0.233948497,0.000015786,34.101658000,1.605587000,32.496071000,145.765664193,138.902670743
avx2_add,3700,0xAA,91,0.233951559,0.000014717,34.121922000,1.608333000,32.513589000,145.850372607,138.975731509
avx2_add,3700,0xAA,92,0.233998055,0.000193559,34.161046000,1.605709000,32.555337000,145.988589610,139.126528295
avx2_add,3700,0xAA,93,0.233995414,0.000133279,34.092076000,1.598324000,32.493752000,145.695488084,138.864909761
avx2_add,3700,0xAA,94,0.234045204,0.000184534,33.986241000,1.605343000,32.380898000,145.212294117,138.353178987
avx2_add,3700,0xAA,95,0.234042680,0.000184151,33.991429000,1.600826000,32.390603000,145.236027302,138.396138086
avx2_add,3700,0xAA,96,0.234075028,0.000220538,34.032200000,1.601192000,32.431008000,145.390135071,138.549627518
avx2_add,3700,0xAA,97,0.234150256,0.000214722,33.985325000,1.590145000,32.395180000,145.143232368,138.352101630
avx2_add,3700,0xAA,98,0.233937218,0.000014376,34.103367000,1.602169000,32.501198000,145.779997420,138.931283840
avx2_add,3700,0xAA,99,0.233986976,0.000123973,34.335483000,1.616450000,32.719033000,146.741000460,139.832709984
