kernel,freq_mhz,operand,trial,mean_time_s,std_time_s,pkg_J,dram_J,cores_J,pkg_W,cores_W
avx512_mul,800,0x00,0,1.756518918,0.000317492,168.800288000,12.039336000,156.760952000,96.099328188,89.245239755
avx512_mul,800,0x00,1,1.756458539,0.000311168,168.503292000,11.977569000,156.525723000,95.933543668,89.114385270
avx512_mul,800,0x00,2,1.756486222,0.000311267,168.488094000,12.019134000,156.468960000,95.923379262,89.080664612
avx512_mul,800,0x00,3,1.756459773,0.000249086,168.682247000,11.991363000,156.690884000,96.035360229,89.208353322
avx512_mul,800,0x00,4,1.756253590,0.000274779,168.419491000,12.031830000,156.387661000,95.897023033,89.046172982
avx512_mul,800,0x00,5,1.756458826,0.000295876,168.754329000,12.097747000,156.656582000,96.076450268,89.188872362
avx512_mul,800,0x00,6,1.756324292,0.000293515,168.512386000,12.066436000,156.445950000,95.946054375,89.075776456
avx512_mul,800,0x00,7,1.756167753,0.000181617,168.507075000,12.069549000,156.437526000,95.951582478,89.078919556
avx512_mul,800,0x00,8,1.756260049,0.000288260,168.380916000,12.074554000,156.306362000,95.874706068,88.999554517
avx512_mul,800,0x00,9,1.756219236,0.000281687,168.790889000,12.085540000,156.705349000,96.110374773,89.228807968
avx512_mul,800,0x00,10,1.756293110,0.000316394,169.217341000,12.009612000,157.207729000,96.349145840,89.511100453
avx512_mul,800,0x00,11,1.756378343,0.000238262,168.533505000,12.059235000,156.474270000,95.955125898,89.089159320
avx512_mul,800,0x00,12,1.756401433,0.000300613,168.684443000,12.053619000,156.630824000,96.039800351,89.177121484
avx512_mul,800,0x00,13,1.756445030,0.000309436,168.639216000,12.078460000,156.560756000,96.011667406,89.135016104
avx512_mul,800,0x00,14,1.756435635,0.000326435,168.608272000,11.990265000,156.618007000,95.994563454,89.168087856
avx512_mul,800,0x00,15,1.756475683,0.000200973,168.446224000,12.027191000,156.419033000,95.900117288,89.052774557
avx512_mul,800,0x00,16,1.756424092,0.000305914,169.260919000,12.014252000,157.246667000,96.366771451,89.526594265
avx512_mul,800,0x00,17,1.756393463,0.000313771,168.442317000,12.025665000,156.416652000,95.902382108,89.055587665
avx512_mul,800,0x00,18,1.756417493,0.000306412,168.941462000,12.003205000,156.938257000,96.185253605,89.351340228
avx512_mul,800,0x00,19,1.756403538,0.000224941,168.571407000,12.009613000,156.561794000,95.975328767,89.137712729
avx512_mul,800,0x00,20,1.756520147,0.000324014,169.470575000,12.036285000,157.434290000,96.480860324,89.628513644
avx512_mul,800,0x00,21,1.756472929,0.000321097,168.982416000,12.025482000,156.956934000,96.205533956,89.359153461
avx512_mul,800,0x00,22,1.756395762,0.000309092,169.089106000,12.017425000,157.071681000,96.270504448,89.428410393
avx512_mul,800,0x00,23,1.756392284,0.000206702,169.216607000,12.039825000,157.176782000,96.343287647,89.488426627
avx512_mul,800,0x00,24,1.756390973,0.000319401,169.096735000,12.018463000,157.078272000,96.275110475,89.432406782
avx512_mul,800,0x00,25,1.756400209,0.000317799,169.318841000,12.039276000,157.279565000,96.401059479,89.546541961
avx512_mul,800,0x00,26,1.756415043,0.000308897,168.845881000,12.030365000,156.815516000,96.130969523,89.281583300
avx512_mul,800,0x00,27,1.756375986,0.000303971,169.044794000,12.072478000,156.972316000,96.246359180,89.372843431
avx512_mul,800,0x00,28,1.756401452,0.000234628,168.638850000,12.012848000,156.626002000,96.013841169,89.174375175
avx512_mul,800,0x00,29,1.756385660,0.000312338,169.053766000,12.013336000,157.040430000,96.250937278,89.411131947
avx512_mul,800,0x00,30,1.756446442,0.000306319,168.976862000,12.048553000,156.928309000,96.203822626,89.344203848
avx512_mul,800,0x00,31,1.756441225,0.000323492,168.794002000,12.070709000,156.723293000,96.100000178,89.227746879
avx512_mul,800,0x00,32,1.756461958,0.000211700,168.614192000,12.034882000,156.579310000,95.996495244,89.144720319
avx512_mul,800,0x00,33,1.756471543,0.000308842,168.843257000,12.010406000,156.832851000,96.126383392,89.288580613
avx512_mul,800,0x00,34,1.756397493,0.000307206,169.161798000,12.028839000,157.132959000,96.311796523,89.463210684
avx512_mul,800,0x00,35,1.756424427,0.000312222,168.887569000,12.048247000,156.839322000,96.154190533,89.294659991
avx512_mul,800,0x00,36,1.756258193,0.000211335,168.697749000,12.070648000,156.627101000,96.055209664,89.182274895
avx512_mul,800,0x00,37,1.756382459,0.000314600,168.747066000,11.994476000,156.752590000,96.076492419,89.247412603
avx512_mul,800,0x00,38,1.756432236,0.000309487,168.827693000,12.027740000,156.799953000,96.119673472,89.271848800
avx512_mul,800,0x00,39,1.756457880,0.000311007,168.664607000,11.997467000,156.667140000,96.025420782,89.194931343
avx512_mul,800,0x00,40,1.756473803,0.000212655,168.882991000,11.967010000,156.915981000,96.148881166,89.335793503
avx512_mul,800,0x00,41,1.756478720,0.000309481,168.725398000,11.984588000,156.740810000,96.058891035,89.235814921
avx512_mul,800,0x00,42,1.756444177,0.000316763,168.565914000,12.002289000,156.563625000,95.969980848,89.136692800
avx512_mul,800,0x00,43,1.756470732,0.000309495,168.994380000,12.036163000,156.958217000,96.212465690,89.359995687
avx512_mul,800,0x00,44,1.756449540,0.000231509,168.725581000,12.050750000,156.674831000,96.060591060,89.199733561
avx512_mul,800,0x00,45,1.756476389,0.000310290,168.971430000,12.025421000,156.946009000,96.199089866,89.352757587
avx512_mul,800,0x00,46,1.756456548,0.000310500,168.819270000,12.055389000,156.763881000,96.113547589,89.250076349
avx512_mul,800,0x00,47,1.756496477,0.000310719,168.804133000,12.007294000,156.796839000,96.102744995,89.266810988
avx512_mul,800,0x00,48,1.756488186,0.000236109,168.479915000,12.026642000,156.453273000,95.918615536,89.071634101
avx512_mul,800,0x00,49,1.756447243,0.000318944,169.161554000,11.988006000,157.173548000,96.308929675,89.483785311
avx512_mul,800,0x00,50,1.756535531,0.000318707,168.873957000,12.008576000,156.865381000,96.140359242,89.303847378
avx512_mul,800,0x00,51,1.756502054,0.000327848,168.759212000,12.032379000,156.726833000,96.076865738,89.226672211
avx512_mul,800,0x00,52,1.756451620,0.000320532,168.812251000,12.049774000,156.762477000,96.109821102,89.249527393
avx512_mul,800,0x00,53,1.756460479,0.000227686,169.188898000,12.049103000,157.139795000,96.323771621,89.463894529
avx512_mul,800,0x00,54,1.756470095,0.000303234,169.084223000,12.065460000,157.018763000,96.263650323,89.394498359
avx512_mul,800,0x00,55,1.756453463,0.000313908,169.093011000,12.098663000,156.994348000,96.269565113,89.381444672
avx512_mul,800,0x00,56,1.756454878,0.000325769,169.044428000,12.029205000,157.015223000,96.241827841,89.393257377
avx512_mul,800,0x00,57,1.756421035,0.000209586,169.802239000,12.057891000,157.744348000,96.675134021,89.810099523
avx512_mul,800,0x00,58,1.756385452,0.000309658,169.191034000,12.047211000,157.143823000,96.329102360,89.470009451
avx512_mul,800,0x00,59,1.756381641,0.000310802,169.095881000,12.033600000,157.062281000,96.275135794,89.423777457
avx512_mul,800,0x00,60,1.756422193,0.000299851,169.061335000,12.051117000,157.010218000,96.253244625,89.392071355
avx512_mul,800,0x00,61,1.756449842,0.000222194,169.091059000,12.008881000,157.082178000,96.268652219,89.431633187
avx512_mul,800,0x00,62,1.756453294,0.000306739,169.014277000,12.030853000,156.983424000,96.224748811,89.375233915
avx512_mul,800,0x00,63,1.756405362,0.000310427,168.817805000,12.028717000,156.789088000,96.115514493,89.267028795
avx512_mul,800,0x00,64,1.756386979,0.000298038,169.367181000,12.047332000,157.319849000,96.429308010,89.570152173
avx512_mul,800,0x00,65,1.756402578,0.000205187,169.016657000,12.025421000,156.991236000,96.228882333,89.382262343
avx512_mul,800,0x00,66,1.756437171,0.000312717,169.254510000,11.989533000,157.264977000,96.362404980,89.536352105
avx512_mul,800,0x00,67,1.756360695,0.000310591,169.255548000,12.011443000,157.244105000,96.367191838,89.528367081
avx512_mul,800,0x00,68,1.756338452,0.000300602,169.287286000,12.014190000,157.273096000,96.386482821,89.546007405
avx512_mul,800,0x00,69,1.756322008,0.000232446,169.100824000,12.035187000,157.065637000,96.281219070,89.428724513
avx512_mul,800,0x00,70,1.756373812,0.000300147,169.096491000,11.993744000,157.102747000,96.275912253,89.447215583
avx512_mul,800,0x00,71,1.756399872,0.000324798,169.273675000,12.047698000,157.225977000,96.375362867,89.516048999
avx512_mul,800,0x00,72,1.756358399,0.000300530,168.505245000,12.016815000,156.488430000,95.940125385,89.098233087
avx512_mul,800,0x00,73,1.756420379,0.000208102,168.633785000,12.017425000,156.616360000,96.009922822,89.167924662
avx512_mul,800,0x00,74,1.756371592,0.000304224,168.684932000,12.018280000,156.666652000,96.041710508,89.199035499
avx512_mul,800,0x00,75,1.756300639,0.000287252,168.589351000,12.022735000,156.566616000,95.991168721,89.145680693
avx512_mul,800,0x00,76,1.756304438,0.000300086,168.608333000,12.048614000,156.559719000,96.001769038,89.141560898
avx512_mul,800,0x00,77,1.756392201,0.000305303,168.711849000,12.040191000,156.671658000,96.055908731,89.200839009
avx512_mul,800,0x00,78,1.756306575,0.000223363,168.582759000,12.004730000,156.578029000,95.987090988,89.151877722
avx512_mul,800,0x00,79,1.756326851,0.000270686,168.733210000,12.069366000,156.663844000,96.071645140,89.199708979
avx512_mul,800,0x00,80,1.756329587,0.000305146,169.232050000,12.057464000,157.174586000,96.355519653,89.490370827
avx512_mul,800,0x00,81,1.756410105,0.000340812,169.636285000,12.085663000,157.550622000,96.581250877,89.700361860
avx512_mul,800,0x00,82,1.756278987,0.000217022,169.560662000,12.064178000,157.496484000,96.545402675,89.676233204
avx512_mul,800,0x00,83,1.756433524,0.000310399,169.181390000,12.061676000,157.119714000,96.320975262,89.453834640
avx512_mul,800,0x00,84,1.756450542,0.000310204,169.089045000,12.067779000,157.021266000,96.267467214,89.396918509
avx512_mul,800,0x00,85,1.756477714,0.000311136,169.061762000,12.080719000,156.981043000,96.250445250,89.372635810
avx512_mul,800,0x00,86,1.756464307,0.000227932,169.045893000,12.082306000,156.963587000,96.242145276,89.363379820
avx512_mul,800,0x00,87,1.756372526,0.000312335,168.837092000,12.056121000,156.780971000,96.128292556,89.264076211
avx512_mul,800,0x00,88,1.756309110,0.000301731,169.272515000,12.065093000,157.207422000,96.379682839,89.510110205
avx512_mul,800,0x00,89,1.756373907,0.000316993,168.860651000,12.055206000,156.805445000,96.141630396,89.277940408
avx512_mul,800,0x00,90,1.756488862,0.000200462,169.631097000,12.066498000,157.564599000,96.573966789,89.704297267
avx512_mul,800,0x00,91,1.756430644,0.000312841,169.504082000,12.060699000,157.443383000,96.504853494,89.638257857
avx512_mul,800,0x00,92,1.756399401,0.000307188,168.802180000,11.936371000,156.865809000,96.106944632,89.311012572
avx512_mul,800,0x00,93,1.756472255,0.000307565,168.895625000,11.981659000,156.913966000,96.156158729,89.334725050
avx512_mul,800,0x00,94,1.756454979,0.000235319,169.136774000,11.996002000,157.140772000,96.294397531,89.464730877
avx512_mul,800,0x00,95,1.756433782,0.000320595,169.048151000,12.046173000,157.001978000,96.245103397,89.386790194
avx512_mul,800,0x00,96,1.756486147,0.000310685,169.234735000,11.966034000,157.268701000,96.348459820,89.535975692
avx512_mul,800,0x00,97,1.756459890,0.000320467,169.128900000,12.035614000,157.093286000,96.289645434,89.437445694
avx512_mul,800,0x00,98,1.756388370,0.000209921,169.275445000,12.034943000,157.240502000,96.377001766,89.524905039
avx512_mul,800,0x00,99,1.756405530,0.000309262,169.594232000,11.995330000,157.598902000,96.557559794,89.728083461
avx512_mul,800,0xAA,0,1.756280999,0.000294105,169.093317000,12.044464000,157.048853000,96.279192841,89.421256095
avx512_mul,800,0xAA,1,1.756319055,0.000307286,168.857966000,12.049957000,156.808009000,96.143104232,89.282188521
avx512_mul,800,0xAA,2,1.756260537,0.000205715,168.595332000,12.007903000,156.587429000,95.996766113,89.159566992
avx512_mul,800,0xAA,3,1.756396903,0.000303899,168.739131000,11.965179000,156.773952000,96.071184565,89.258841078
avx512_mul,800,0xAA,4,1.756347937,0.000302620,168.808406000,12.013336000,156.795070000,96.113305605,89.273353367
avx512_mul,800,0xAA,5,1.756359446,0.000297824,168.948908000,11.952911000,156.995997000,96.192671961,89.387168093
avx512_mul,800,0xAA,6,1.756365108,0.000228661,168.721431000,11.996124000,156.725307000,96.062846057,89.232760476
avx512_mul,800,0xAA,7,1.756410741,0.000302143,168.910945000,12.058746000,156.852199000,96.168248748,89.302687225
avx512_mul,800,0xAA,8,1.756346141,0.000306041,168.772700000,12.023956000,156.748744000,96.093074175,89.247068299
avx512_mul,800,0xAA,9,1.756500243,0.000307120,168.815424000,12.040740000,156.774684000,96.108967088,89.254006463
avx512_mul,800,0xAA,10,1.756439865,0.000210212,169.243951000,12.013946000,157.230005000,96.356245594,89.516304051
avx512_mul,800,0xAA,11,1.756407788,0.000333550,168.541378000,12.006683000,156.534695000,95.957999696,89.122068381
avx512_mul,800,0xAA,12,1.756349378,0.000308263,168.948359000,12.029693000,156.918666000,96.192910786,89.343651093
avx512_mul,800,0xAA,13,1.756353935,0.000302196,168.619807000,12.065888000,156.553919000,96.005596389,89.135746435
avx512_mul,800,0xAA,14,1.756362666,0.000228474,169.178217000,12.018952000,157.159265000,96.323054607,89.479962214
avx512_mul,800,0xAA,15,1.756450504,0.000314755,168.877803000,12.030243000,156.847560000,96.147202910,89.298024426
avx512_mul,800,0xAA,16,1.756452357,0.000311408,168.847346000,12.039092000,156.808254000,96.129761389,89.275552136
avx512_mul,800,0xAA,17,1.756444210,0.000331733,168.910151000,12.059905000,156.850246000,96.165964180,89.299873626
avx512_mul,800,0xAA,18,1.756445199,0.000216978,168.676815000,11.988739000,156.688076000,96.033064457,89.207494830
avx512_mul,800,0xAA,19,1.756482315,0.000319444,169.065608000,11.992828000,157.072780000,96.252382722,89.424629377
avx512_mul,800,0xAA,20,1.756440358,0.000333301,169.292535000,11.991425000,157.301110000,96.383879025,89.556761358
avx512_mul,800,0xAA,21,1.756447254,0.000330158,169.241510000,12.035064000,157.206446000,96.354450497,89.502514595
avx512_mul,800,0xAA,22,1.756394796,0.000240527,168.924617000,12.009247000,156.915370000,96.176905907,89.339464217
avx512_mul,800,0xAA,23,1.756465073,0.000315627,169.043574000,11.990692000,157.052882000,96.240783020,89.414178732
avx512_mul,800,0xAA,24,1.756440685,0.000311933,168.944635000,12.020782000,156.923853000,96.185790087,89.341959774
avx512_mul,800,0xAA,25,1.756482754,0.000326600,169.007258000,11.995819000,157.011439000,96.219138845,89.389684373
avx512_mul,800,0xAA,26,1.756387965,0.000320803,169.338800000,11.995453000,157.343347000,96.413095156,89.583480493
avx512_mul,800,0xAA,27,1.756387711,0.000207766,168.932489000,11.999542000,156.932947000,96.181775791,89.349832065
avx512_mul,800,0xAA,28,1.756450794,0.000314025,169.363092000,12.028595000,157.334497000,96.423476555,89.575237459
avx512_mul,800,0xAA,29,1.756447032,0.000306534,169.316400000,12.005096000,157.311304000,96.397099914,89.562224860
avx512_mul,800,0xAA,30,1.756464474,0.000309375,169.827752000,12.054779000,157.772973000,96.687268372,89.824175393
avx512_mul,800,0xAA,31,1.756297916,0.000238623,169.470880000,12.034088000,157.436792000,96.493242095,89.641279287
avx512_mul,800,0xAA,32,1.756357931,0.000300884,169.262140000,12.018157000,157.243983000,96.371096713,89.528438511
avx512_mul,800,0xAA,33,1.756447518,0.000314984,168.805964000,12.048797000,156.757167000,96.106466208,89.246712712
avx512_mul,800,0xAA,34,1.756450646,0.000315014,168.840144000,12.052154000,156.787990000,96.125754730,89.264102211
avx512_mul,800,0xAA,35,1.756404382,0.000209914,168.924677000,12.056610000,156.868067000,96.176415116,89.312044861
avx512_mul,800,0xAA,36,1.756569445,0.000828259,168.733333000,12.087432000,156.645901000,96.058447033,89.177175112
avx512_mul,800,0xAA,37,1.756436275,0.000294939,168.490658000,12.019684000,156.470974000,95.927566763,89.084344396
avx512_mul,800,0xAA,38,1.756348552,0.000307738,168.588313000,12.087127000,156.501186000,95.987959112,89.105995401
avx512_mul,800,0xAA,39,1.756361413,0.000224840,168.899348000,12.032562000,156.866786000,96.164346793,89.313500542
avx512_mul,800,0xAA,40,1.756380444,0.000302603,169.183344000,12.024505000,157.158839000,96.324998683,89.478813941
avx512_mul,800,0xAA,41,1.756428161,0.000307500,168.852717000,11.985382000,156.867335000,96.134143578,89.310419006
avx512_mul,800,0xAA,42,1.756489179,0.000309557,168.907649000,11.972443000,156.935206000,96.162077765,89.345956638
avx512_mul,800,0xAA,43,1.756443839,0.000209041,168.957820000,12.016998000,156.940822000,96.193123974,89.351460307
avx512_mul,800,0xAA,44,1.756587117,0.000445444,171.456897000,12.031158000,159.425739000,97.607966811,90.758800104
avx512_mul,800,0xAA,45,1.756431485,0.000324584,169.119501000,12.025238000,157.094263000,96.285851412,89.439448292
avx512_mul,800,0xAA,46,1.756413863,0.000343501,169.967277000,12.045685000,157.921592000,96.769491826,89.911378684
avx512_mul,800,0xAA,47,1.756417742,0.000230221,169.053645000,12.050140000,157.003505000,96.249110298,89.388475888
avx512_mul,800,0xAA,48,1.756365128,0.000294547,169.385614000,12.023833000,157.361781000,96.441002688,89.595140851
avx512_mul,800,0xAA,49,1.756321792,0.000304192,169.529901000,12.065277000,157.464624000,96.525535227,89.655907431
avx512_mul,800,0xAA,50,1.756349302,0.000306623,169.617669000,12.051605000,157.566064000,96.573995154,89.712259288
avx512_mul,800,0xAA,51,1.756373230,0.000322118,169.191340000,12.067535000,157.123805000,96.329946928,89.459234714
avx512_mul,800,0xAA,52,1.756455392,0.000205681,169.045893000,12.093841000,156.952052000,96.242633775,89.357266200
avx512_mul,800,0xAA,53,1.756325550,0.000304238,169.359491000,12.093658000,157.265833000,96.428302257,89.542529855
avx512_mul,800,0xAA,54,1.756274843,0.000284538,169.257257000,12.089263000,157.167994000,96.372875640,89.489406888
avx512_mul,800,0xAA,55,1.756301895,0.000285228,169.455072000,12.123016000,157.332056000,96.484022779,89.581441829
avx512_mul,800,0xAA,56,1.756238524,0.000221650,169.083063000,12.126190000,156.956873000,96.275682781,89.371045492
avx512_mul,800,0xAA,57,1.756307274,0.000285034,169.202509000,12.122161000,157.080348000,96.339923852,89.437850859
avx512_mul,800,0xAA,58,1.756365930,0.000301063,168.845515000,12.109283000,156.736232000,96.133449248,89.238938946
avx512_mul,800,0xAA,59,1.756302590,0.000306185,169.054743000,12.108856000,156.945887000,96.256046067,89.361530242
avx512_mul,800,0xAA,60,1.756233471,0.000197305,169.412103000,12.099456000,157.312647000,96.463315270,89.573880465
avx512_mul,800,0xAA,61,1.756352977,0.000299769,169.097834000,12.075958000,157.021876000,96.277819001,89.402231827
avx512_mul,800,0xAA,62,1.756374733,0.000293835,169.707024000,12.072417000,157.634607000,96.623471503,89.749985583
avx512_mul,800,0xAA,63,1.756837472,0.002381644,170.040885000,12.176849000,157.864036000,96.788056768,89.856938101
avx512_mul,800,0xAA,64,1.756456869,0.000229940,169.663445000,12.111724000,157.551721000,96.594142424,89.698599350
avx512_mul,800,0xAA,65,1.756410329,0.000314762,169.085444000,12.115508000,156.969936000,96.267621073,89.369740890
avx512_mul,800,0xAA,66,1.756342773,0.000298223,169.197870000,12.076934000,157.120936000,96.335335358,89.459152538
avx512_mul,800,0xAA,67,1.756363811,0.000306452,169.092463000,12.081939000,157.010524000,96.274167082,89.395216989
avx512_mul,800,0xAA,68,1.756311369,0.000199475,168.851557000,12.082977000,156.768580000,96.139875850,89.260129347
avx512_mul,800,0xAA,69,1.756445275,0.000309831,169.211908000,12.115875000,157.096033000,96.337705711,89.439753823
avx512_mul,800,0xAA,70,1.756455123,0.000326076,169.571161000,12.087799000,157.483362000,96.541698569,89.659769823
avx512_mul,800,0xAA,71,1.756452526,0.000313494,169.641350000,12.077422000,157.563928000,96.581801950,89.705770960
avx512_mul,800,0xAA,72,1.756400220,0.000226605,169.317682000,12.041046000,157.276636000,96.400398968,89.544873752
avx512_mul,800,0xAA,73,1.756477580,0.000299741,169.606072000,11.995636000,157.610436000,96.560339788,89.730969386
avx512_mul,800,0xAA,74,1.756422538,0.000315018,169.340509000,12.004059000,157.336450000,96.412170411,89.577790447
avx512_mul,800,0xAA,75,1.756457475,0.000307267,169.383966000,12.000458000,157.383508000,96.434993988,89.602800112
avx512_mul,800,0xAA,76,1.756483458,0.000312281,169.414300000,11.987152000,157.427148000,96.450837168,89.626319724
avx512_mul,800,0xAA,77,1.756434126,0.000202003,169.234247000,12.033843000,157.200404000,96.351035596,89.499743640
avx512_mul,800,0xAA,78,1.757256212,0.004456421,171.481861000,12.178070000,159.303791000,97.585007708,90.654845836
avx512_mul,800,0xAA,79,1.756470716,0.000303362,169.325434000,11.991546000,157.333888000,96.400943352,89.573874794
avx512_mul,800,0xAA,80,1.756482478,0.000299226,169.545220000,11.996185000,157.549035000,96.525426293,89.695762378
avx512_mul,800,0xAA,81,1.756439057,0.000229035,169.355645000,11.971466000,157.384179000,96.419881070,89.604121678
avx512_mul,800,0xAA,82,1.756445770,0.000313895,169.397820000,12.056427000,157.341393000,96.443524148,89.579419826
avx512_mul,800,0xAA,83,1.756452937,0.000308565,168.834162000,12.024811000,156.809351000,96.122223644,89.276147243
avx512_mul,800,0xAA,84,1.756425629,0.000316177,168.744625000,11.992706000,156.751919000,96.072741289,89.244837047
avx512_mul,800,0xAA,85,1.756431364,0.000208348,169.758110000,12.058929000,157.699181000,96.649441279,89.783856181
avx512_mul,800,0xAA,86,1.756483007,0.000316020,169.475275000,12.095489000,157.379786000,96.485576173,89.599378613
avx512_mul,800,0xAA,87,1.756468829,0.000305219,169.315302000,12.108917000,157.206385000,96.395278539,89.501380509
avx512_mul,800,0xAA,88,1.756490238,0.000311684,169.901848000,12.088653000,157.813195000,96.728034304,89.845756943
avx512_mul,800,0xAA,89,1.756382793,0.000226452,169.021417000,12.086211000,156.935206000,96.232676411,89.351368392
avx512_mul,800,0xAA,90,1.756344150,0.000292233,169.390680000,12.087372000,157.303308000,96.445038979,89.562918524
avx512_mul,800,0xAA,91,1.756379263,0.000316513,169.713677000,12.021942000,157.691735000,96.627010234,89.782280138
avx512_mul,800,0xAA,92,1.756343007,0.000304647,169.329523000,12.002899000,157.326624000,96.410281118,89.576252141
avx512_mul,800,0xAA,93,1.756312928,0.000201759,169.725273000,12.035919000,157.689354000,96.637262213,89.784315449
avx512_mul,800,0xAA,94,1.756286930,0.000287904,169.673394000,12.047759000,157.625635000,96.609153730,89.749364025
avx512_mul,800,0xAA,95,1.756243420,0.000288033,168.965388000,12.019135000,156.946253000,96.208410583,89.364749353
avx512_mul,800,0xAA,96,1.756342556,0.000311304,169.353082000,12.088531000,157.264551000,96.423719514,89.540932919
avx512_mul,800,0xAA,97,1.756344642,0.000216832,169.437555000,12.094940000,157.342615000,96.471700937,89.585273459
avx512_mul,800,0xAA,98,1.756314684,0.000292313,169.323541000,12.078887000,157.244654000,96.408429872,89.531025091
avx512_mul,800,0xAA,99,1.756358657,0.000295286,169.169916000,12.046844000,157.123072000,96.318548232,89.459559635
avx512_mul,1000,0x00,0,1.404768610,0.000258090,143.579650000,9.647192000,133.932458000,102.208754498,95.341294668
avx512_mul,1000,0x00,1,1.404745142,0.000158017,144.078367000,9.625098000,134.453269000,102.565485165,95.713638724
avx512_mul,1000,0x00,2,1.404905053,0.000265708,144.766475000,9.654150000,135.112325000,103.043600471,96.171854955
avx512_mul,1000,0x00,3,1.404901685,0.000193853,144.659481000,9.647986000,135.011495000,102.967689845,96.100315351
avx512_mul,1000,0x00,4,1.404808792,0.000155635,144.670955000,9.679297000,134.991658000,102.982666257,96.092549215
avx512_mul,1000,0x00,5,1.404889967,0.000272442,144.044370000,9.667395000,134.376975000,102.530713006,95.649465913
avx512_mul,1000,0x00,6,1.404844834,0.000191221,144.157163000,9.641272000,134.515891000,102.614295525,95.751422300
avx512_mul,1000,0x00,7,1.404808675,0.000250629,144.647945000,9.672949000,134.974996000,102.966295361,96.080696511
avx512_mul,1000,0x00,8,1.404772542,0.000162932,143.778196000,9.664220000,134.113976000,102.349805146,95.470243006
avx512_mul,1000,0x00,9,1.404767508,0.000262868,143.576903000,9.647742000,133.929161000,102.206879212,95.339022470
avx512_mul,1000,0x00,10,1.404812129,0.000193800,144.030759000,9.663427000,134.367332000,102.526705161,95.647901371
avx512_mul,1000,0x00,11,1.404788566,0.000156556,143.818235000,9.644689000,134.173546000,102.377139502,95.511558992
avx512_mul,1000,0x00,12,1.404901617,0.000274282,143.317321000,9.672827000,133.644494000,102.012353942,95.127297449
avx512_mul,1000,0x00,13,1.404876256,0.000190034,142.331057000,9.676062000,132.654995000,101.312166397,94.424682919
avx512_mul,1000,0x00,14,1.404843512,0.000262098,142.622255000,9.681616000,132.940639000,101.521809208,94.630211734
avx512_mul,1000,0x00,15,1.404818463,0.000156133,143.460570000,9.675451000,133.785119000,102.120362033,95.233030142
avx512_mul,1000,0x00,16,1.404781538,0.000189513,143.477294000,9.680884000,133.796410000,102.134951349,95.243570917
avx512_mul,1000,0x00,17,1.404910828,0.000266372,143.322326000,9.685156000,133.637170000,102.015247652,95.121460651
avx512_mul,1000,0x00,18,1.404859170,0.000166579,143.504027000,9.661108000,133.842919000,102.148336366,95.271413604
avx512_mul,1000,0x00,19,1.404887075,0.000269566,142.687684000,9.679845000,133.007839000,101.565233633,94.675110453
avx512_mul,1000,0x00,20,1.404839447,0.000194299,142.855226000,9.694067000,133.161159000,101.687937557,94.787457208
avx512_mul,1000,0x00,21,1.404833527,0.000152362,143.071533000,9.660070000,133.411463000,101.842339535,94.966030124
avx512_mul,1000,0x00,22,1.404849284,0.000267154,143.549376000,9.694434000,133.854942000,102.181335512,95.280642240
avx512_mul,1000,0x00,23,1.404834835,0.000196400,143.546020000,9.671789000,133.874231000,102.179997577,95.295352663
avx512_mul,1000,0x00,24,1.404833027,0.000266953,143.045960000,9.663122000,133.382838000,101.824172188,94.945687829
avx512_mul,1000,0x00,25,1.404796053,0.000159063,143.211853000,9.672399000,133.539454000,101.944942575,95.059673374
avx512_mul,1000,0x00,26,1.404786603,0.000176053,143.229675000,9.652197000,133.577478000,101.958315045,95.087380355
avx512_mul,1000,0x00,27,1.404847265,0.000266470,143.578978000,9.668860000,133.910118000,102.202553660,95.320054587
avx512_mul,1000,0x00,28,1.404819975,0.000153321,142.692628000,9.652258000,133.040370000,101.573604102,94.702789214
avx512_mul,1000,0x00,29,1.404819221,0.000249708,143.081970000,9.652502000,133.429468000,101.850806020,94.979813757
avx512_mul,1000,0x00,30,1.404825296,0.000198674,143.642455000,9.632482000,134.009973000,102.249336906,95.392625238
avx512_mul,1000,0x00,31,1.404821497,0.000261139,143.266296000,9.673193000,133.593103000,101.981850563,95.096140870
avx512_mul,1000,0x00,32,1.404793616,0.000162411,142.867493000,9.654089000,133.213404000,101.699987382,94.827740177
avx512_mul,1000,0x00,33,1.404770359,0.000166705,142.387391000,9.641455000,132.745936000,101.359905608,94.496538270
avx512_mul,1000,0x00,34,1.404782482,0.000243034,142.443666000,9.655065000,132.788601000,101.399090446,94.526094007
avx512_mul,1000,0x00,35,1.404709419,0.000150199,144.078550000,9.640234000,134.438316000,102.568223785,95.705427912
avx512_mul,1000,0x00,36,1.404714741,0.000238859,142.839844000,9.673438000,133.166406000,101.686014817,94.799607410
avx512_mul,1000,0x00,37,1.404852044,0.000189927,143.250121000,9.661474000,133.588647000,101.968119427,95.090901259
avx512_mul,1000,0x00,38,1.404747900,0.000148750,143.041016000,9.668188000,133.372828000,101.826823159,94.944315629
avx512_mul,1000,0x00,39,1.404776042,0.000256727,143.917967000,9.657812000,134.260155000,102.449047154,95.574063733
avx512_mul,1000,0x00,40,1.404745714,0.000175394,143.540465000,9.650549000,133.889916000,102.182525707,95.312564186
avx512_mul,1000,0x00,41,1.404860734,0.000255287,143.216369000,9.643469000,133.572900000,101.943463534,95.079104123
avx512_mul,1000,0x00,42,1.404695346,0.000149072,143.974546000,9.638953000,134.335593000,102.495211060,95.633258378
avx512_mul,1000,0x00,43,1.404744659,0.000162926,143.479064000,9.666845000,133.812219000,102.138892687,95.257325324
avx512_mul,1000,0x00,44,1.404738491,0.000248973,143.066223000,9.629369000,133.436854000,101.845449462,94.990530158
avx512_mul,1000,0x00,45,1.404705846,0.000137738,142.538392000,9.626868000,132.911524000,101.472057227,94.618759060
avx512_mul,1000,0x00,46,1.404733871,0.000244910,143.337523000,9.616004000,133.721519000,102.038917108,95.193489515
avx512_mul,1000,0x00,47,1.404699459,0.000163714,143.369079000,9.632483000,133.736596000,102.063881402,95.206554778
avx512_mul,1000,0x00,48,1.404728180,0.000148635,143.284424000,9.659765000,133.624659000,102.001530299,95.124922327
avx512_mul,1000,0x00,49,1.404724476,0.000244906,143.688963000,9.649999000,134.038964000,102.289783831,95.420109981
avx512_mul,1000,0x00,50,1.404783486,0.000191588,143.607421000,9.630774000,133.976647000,102.227441040,95.371741144
avx512_mul,1000,0x00,51,1.404871506,0.000277713,143.748961000,9.623511000,134.125450000,102.321785613,95.471685115
avx512_mul,1000,0x00,52,1.404739938,0.000146829,142.743836000,9.643896000,133.099940000,101.615845170,94.750591508
avx512_mul,1000,0x00,53,1.404731231,0.000162203,142.784363000,9.617712000,133.166651000,101.645325313,94.798668968
avx512_mul,1000,0x00,54,1.404760060,0.000266218,142.740480000,9.634436000,133.106044000,101.612000583,94.753579507
avx512_mul,1000,0x00,55,1.404768793,0.000145487,142.360842000,9.596838000,132.764004000,101.341119416,94.509505525
avx512_mul,1000,0x00,56,1.404785759,0.000250554,142.471437000,9.609534000,132.861903000,101.418622769,94.578053710
avx512_mul,1000,0x00,57,1.404738120,0.000168468,143.125854000,9.649084000,133.476770000,101.887926278,95.018970518
avx512_mul,1000,0x00,58,1.404699571,0.000145027,143.486083000,9.648718000,133.837365000,102.147167982,95.278284271
avx512_mul,1000,0x00,59,1.404795492,0.000267363,141.950321000,9.630957000,132.319364000,101.046965026,94.191193456
avx512_mul,1000,0x00,60,1.404747571,0.000177278,143.056579000,9.651831000,133.404748000,101.837925853,94.967060797
avx512_mul,1000,0x00,61,1.404780121,0.000256768,142.712830000,9.645056000,133.067774000,101.590866653,94.724983621
avx512_mul,1000,0x00,62,1.404866978,0.000168054,142.144778000,9.627111000,132.517667000,101.180239975,94.327554882
avx512_mul,1000,0x00,63,1.404820996,0.000252942,142.448915000,9.657385000,132.791530000,101.400046980,94.525587510
avx512_mul,1000,0x00,64,1.404773832,0.000175562,142.531373000,9.642797000,132.888576000,101.462149842,94.597844156
avx512_mul,1000,0x00,65,1.404763657,0.000153684,143.048584000,9.637488000,133.411096000,101.831068357,94.970492238
avx512_mul,1000,0x00,66,1.404816762,0.000253141,143.485045000,9.650855000,133.834190000,102.137907867,95.268075970
avx512_mul,1000,0x00,67,1.404855478,0.000189392,142.507387000,9.623816000,132.883571000,101.439179481,94.588783729
avx512_mul,1000,0x00,68,1.404828124,0.000253880,142.305422000,9.629126000,132.676296000,101.297389759,94.443080797
avx512_mul,1000,0x00,69,1.404758617,0.000155808,142.863526000,9.659338000,133.204188000,101.699697211,94.823542202
avx512_mul,1000,0x00,70,1.404807444,0.000182076,142.010013000,9.647680000,132.362333000,101.088596587,94.220979220
avx512_mul,1000,0x00,71,1.404841591,0.000259234,142.314944000,9.650915000,132.664029000,101.303196664,94.433443476
avx512_mul,1000,0x00,72,1.404768703,0.000160764,141.421757000,9.646093000,131.775664000,100.672627922,93.805950884
avx512_mul,1000,0x00,73,1.404803762,0.000260983,142.600954000,9.656714000,132.944240000,101.509518869,94.635452711
avx512_mul,1000,0x00,74,1.404872970,0.000186069,142.394471000,9.645239000,132.749232000,101.357541923,94.491982400
avx512_mul,1000,0x00,75,1.404772517,0.000155983,141.918032000,9.632788000,132.285244000,101.025632481,94.168445367
avx512_mul,1000,0x00,76,1.404750176,0.000249140,141.989017000,9.636206000,132.352811000,101.077771255,94.218041915
avx512_mul,1000,0x00,77,1.404736439,0.000171779,141.988650000,9.638830000,132.349820000,101.078498467,94.216834078
avx512_mul,1000,0x00,78,1.405018044,0.001401973,141.739566000,9.679663000,132.059903000,100.880957789,93.991606410
avx512_mul,1000,0x00,79,1.404854077,0.000170062,142.005191000,9.606177000,132.399014000,101.081808668,94.243961835
avx512_mul,1000,0x00,80,1.404890495,0.000199360,142.588624000,9.612585000,132.976039000,101.494475533,94.652244745
avx512_mul,1000,0x00,81,1.404866828,0.000261761,142.716981000,9.661962000,133.055019000,101.587551301,94.710058143
avx512_mul,1000,0x00,82,1.404796658,0.000157755,141.924930000,9.642309000,132.282621000,101.028806711,94.164959942
avx512_mul,1000,0x00,83,1.404830864,0.000264036,142.410768000,9.676001000,132.734767000,101.372180530,94.484517933
avx512_mul,1000,0x00,84,1.404778607,0.000185678,142.579530000,9.673559000,132.905971000,101.496085761,94.609905298
avx512_mul,1000,0x00,85,1.404790809,0.000253441,141.806461000,9.646521000,132.159940000,100.944895221,94.078021563
avx512_mul,1000,0x00,86,1.404771108,0.000165298,142.310793000,9.591223000,132.719570000,101.305324511,94.477718973
avx512_mul,1000,0x00,87,1.404738155,0.000180640,142.343386000,9.628576000,132.714810000,101.330903227,94.476546798
avx512_mul,1000,0x00,88,1.404780083,0.000247699,143.280700000,9.631018000,133.649682000,101.995110613,95.139220418
avx512_mul,1000,0x00,89,1.404735859,0.000153098,142.267763000,9.613623000,132.654140000,101.277234470,94.433511548
avx512_mul,1000,0x00,90,1.404796601,0.000245774,142.990357000,9.611365000,133.378992000,101.787231650,94.945411990
avx512_mul,1000,0x00,91,1.404796803,0.000172942,143.179321000,9.665503000,133.513818000,101.921730374,95.041373743
avx512_mul,1000,0x00,92,1.404697090,0.000137029,141.843570000,9.606298000,132.237272000,100.978047875,94.139350715
avx512_mul,1000,0x00,93,1.404740974,0.000239370,141.652408000,9.624670000,132.027738000,100.838809849,93.987247763
avx512_mul,1000,0x00,94,1.404745779,0.000180685,141.647404000,9.622229000,132.025175000,100.834902709,93.985101741
avx512_mul,1000,0x00,95,1.404754214,0.000246510,141.947329000,9.615943000,132.331386000,101.047804372,94.202519336
avx512_mul,1000,0x00,96,1.404844872,0.000166868,141.422185000,9.664221000,131.757964000,100.667474238,93.788265587
avx512_mul,1000,0x00,97,1.405804928,0.005486872,143.950254000,9.824132000,134.126122000,102.397033250,95.408772076
avx512_mul,1000,0x00,98,1.404824105,0.000243004,140.900945000,9.634924000,131.266021000,100.297926647,93.439470868
avx512_mul,1000,0x00,99,1.404776277,0.000157352,141.023381000,9.631567000,131.391814000,100.388498369,93.532198788
avx512_mul,1000,0xAA,0,1.404909548,0.000264475,142.271060000,9.658605000,132.612455000,101.267060326,94.392165774
avx512_mul,1000,0xAA,1,1.404908937,0.000174901,142.418337000,9.660619000,132.757718000,101.371934675,94.495603587
avx512_mul,1000,0xAA,2,1.404954887,0.000273317,142.532045000,9.665564000,132.866481000,101.449552828,94.569926947
avx512_mul,1000,0xAA,3,1.404887898,0.000195330,141.763187000,9.649267000,132.113920000,100.907116665,94.038762959
avx512_mul,1000,0xAA,4,1.404863482,0.000168155,141.806583000,9.659704000,132.146879000,100.939760189,94.063857924
avx512_mul,1000,0xAA,5,1.404903496,0.000267201,143.379150000,9.685400000,133.693750000,102.056226941,95.162230287
avx512_mul,1000,0xAA,6,1.404879175,0.000184348,141.845767000,9.648413000,132.197354000,100.966524056,94.098735585
avx512_mul,1000,0xAA,7,1.404897559,0.000262102,142.593079000,9.605750000,132.987329000,101.497136294,94.659805031
avx512_mul,1000,0xAA,8,1.404870757,0.000163779,141.836673000,9.615820000,132.220853000,100.960655855,94.116026231
avx512_mul,1000,0xAA,9,1.404880435,0.000182496,141.700382000,9.626745000,132.073637000,100.862947809,94.010588875
avx512_mul,1000,0xAA,10,1.404934976,0.000267646,142.289125000,9.650732000,132.638393000,101.278085780,94.408919473
avx512_mul,1000,0xAA,11,1.404902893,0.000181877,142.592164000,9.618017000,132.974147000,101.496099616,94.650062750
avx512_mul,1000,0xAA,12,1.404871998,0.000267153,142.050357000,9.646765000,132.403592000,101.112668756,94.246018262
avx512_mul,1000,0xAA,13,1.404887562,0.000191722,141.708866000,9.639014000,132.069852000,100.868475058,94.007417803
avx512_mul,1000,0xAA,14,1.404852299,0.000156146,141.366825000,9.569739000,131.797086000,100.627535787,93.815617547
avx512_mul,1000,0xAA,15,1.404900587,0.000270457,141.483280000,9.591895000,131.891385000,100.706969082,93.879514466
avx512_mul,1000,0xAA,16,1.404930275,0.000190527,141.172246000,9.618017000,131.554229000,100.483453509,93.637550072
avx512_mul,1000,0xAA,17,1.404790047,0.000251789,141.906924000,9.599218000,132.307706000,101.016464529,94.183259797
avx512_mul,1000,0xAA,18,1.404737908,0.000153102,141.515934000,9.629125000,131.886809000,100.741877355,93.887128901
avx512_mul,1000,0xAA,19,1.404862636,0.000181568,141.521427000,9.621801000,131.899626000,100.736843117,93.887916574
avx512_mul,1000,0xAA,20,1.404887236,0.000260263,141.941593000,9.640112000,132.301481000,101.034153773,94.172313367
avx512_mul,1000,0xAA,21,1.404743792,0.000153657,142.204409000,9.674170000,132.530239000,101.231562522,94.344776436
avx512_mul,1000,0xAA,22,1.404930762,0.000256144,142.555849000,9.656042000,132.899807000,101.468238025,94.595271571
avx512_mul,1000,0xAA,23,1.404912724,0.000202102,142.278444000,9.649877000,132.628567000,101.272087281,94.403420754
avx512_mul,1000,0xAA,24,1.405062132,0.001203675,142.601381000,9.694738000,132.906643000,101.491156712,94.591292442
avx512_mul,1000,0xAA,25,1.404901935,0.000264982,142.898865000,9.642798000,133.256067000,101.714476636,94.850796145
avx512_mul,1000,0xAA,26,1.404864925,0.000195095,142.228213000,9.641332000,132.586881000,101.239777928,94.376960136
avx512_mul,1000,0xAA,27,1.404858413,0.000260600,141.997561000,9.624792000,132.372769000,101.076065506,94.224989333
avx512_mul,1000,0xAA,28,1.404784292,0.000148210,141.565739000,9.632910000,131.932829000,100.774004806,93.916788324
avx512_mul,1000,0xAA,29,1.404833434,0.000179145,141.588321000,9.649328000,131.938993000,100.786554171,93.917890764
avx512_mul,1000,0xAA,30,1.404903949,0.000195462,141.933718000,9.649756000,132.283962000,101.027346438,94.158723138
avx512_mul,1000,0xAA,31,1.404816871,0.000167219,141.818485000,9.642492000,132.175993000,100.951581641,94.087703365
avx512_mul,1000,0xAA,32,1.404791019,0.000253322,141.454228000,9.659154000,131.795074000,100.694143189,93.818277761
avx512_mul,1000,0xAA,33,1.404887314,0.000182577,141.823185000,9.658483000,132.164702000,100.949865199,94.074948683
avx512_mul,1000,0xAA,34,1.404826263,0.000257690,141.539859000,9.668250000,131.871609000,100.752571863,93.870404113
avx512_mul,1000,0xAA,35,1.404808385,0.000154131,141.155705000,9.660376000,131.495329000,100.480397574,93.603747273
avx512_mul,1000,0xAA,36,1.404792673,0.000172276,141.779239000,9.678015000,132.101224000,100.925383315,94.036099802
avx512_mul,1000,0xAA,37,1.404799908,0.000269983,141.247625000,9.653173000,131.594452000,100.546436702,93.674872327
avx512_mul,1000,0xAA,38,1.404777032,0.000153541,140.554999000,9.642370000,130.912629000,100.055023562,93.191037475
avx512_mul,1000,0xAA,39,1.404835628,0.000258921,140.941839000,9.672582000,131.269257000,100.326213418,93.441007911
avx512_mul,1000,0xAA,40,1.404806509,0.000179121,141.343266000,9.647314000,131.695952000,100.614045456,93.746684054
avx512_mul,1000,0xAA,41,1.404809550,0.000158219,140.748725000,9.661047000,131.087678000,100.190609447,93.313487208
avx512_mul,1000,0xAA,42,1.405231711,0.002613074,142.885377000,9.748144000,133.137233000,101.681008142,94.743971405
avx512_mul,1000,0xAA,43,1.404759799,0.000175429,141.469121000,9.683630000,131.785491000,100.706982839,93.813540982
avx512_mul,1000,0xAA,44,1.404935667,0.000270134,140.951727000,9.687598000,131.264129000,100.326107708,93.430704430
avx512_mul,1000,0xAA,45,1.404898995,0.000176842,141.397160000,9.673742000,131.723418000,100.645783431,93.760062796
avx512_mul,1000,0xAA,46,1.404891462,0.000181172,141.474918000,9.665808000,131.809110000,100.701671170,93.821561024
avx512_mul,1000,0xAA,47,1.404914139,0.000277596,141.821110000,9.659704000,132.161406000,100.946460755,94.070806413
avx512_mul,1000,0xAA,48,1.404898404,0.000161959,141.642154000,9.673316000,131.968838000,100.820211343,93.934791036
avx512_mul,1000,0xAA,49,1.404829826,0.000256933,142.288516000,9.650061000,132.638455000,101.285232818,94.416030000
avx512_mul,1000,0xAA,50,1.404858667,0.000198642,142.658875000,9.666601000,132.992274000,101.546780704,94.665945482
avx512_mul,1000,0xAA,51,1.404906121,0.000161857,142.588319000,9.680640000,132.907679000,101.493129554,94.602533910
avx512_mul,1000,0xAA,52,1.404902178,0.000283751,142.623902000,9.652685000,132.971217000,101.518742146,94.648025346
avx512_mul,1000,0xAA,53,1.404849806,0.000188720,142.749390000,9.643469000,133.105921000,101.611851623,94.747438814
avx512_mul,1000,0xAA,54,1.404845009,0.000265272,142.461671000,9.632361000,132.829310000,101.407393776,94.550864451
avx512_mul,1000,0xAA,55,1.404848059,0.000168264,142.602845000,9.648901000,132.953944000,101.507664211,94.639376255
avx512_mul,1000,0xAA,56,1.404832916,0.000253073,142.423220000,9.658118000,132.765102000,101.380896167,94.505973257
avx512_mul,1000,0xAA,57,1.404849312,0.000192889,142.814942000,9.642676000,133.172266000,101.658548563,94.794697815
avx512_mul,1000,0xAA,58,1.404792505,0.000162500,142.392702000,9.666967000,132.725735000,101.362088318,94.480668491
avx512_mul,1000,0xAA,59,1.404813615,0.000288398,143.236755000,9.660375000,133.576380000,101.961394362,95.084770376
avx512_mul,1000,0xAA,60,1.404826923,0.000182912,142.693788000,9.630346000,133.063442000,101.573927514,94.718744256
avx512_mul,1000,0xAA,61,1.404827928,0.000262367,143.124573000,9.656530000,133.468043000,101.880500878,95.006683947
avx512_mul,1000,0xAA,62,1.404795583,0.000164807,142.739320000,9.639624000,133.099696000,101.608605323,94.746664616
avx512_mul,1000,0xAA,63,1.404777864,0.000180869,142.992310000,9.630957000,133.361353000,101.789979531,94.934121926
avx512_mul,1000,0xAA,64,1.404813348,0.000259025,143.468139000,9.629431000,133.838708000,102.126121709,95.271523544
avx512_mul,1000,0xAA,65,1.404768906,0.000154893,142.414125000,9.640966000,132.773159000,101.379041367,94.516015028
avx512_mul,1000,0xAA,66,1.404901506,0.000276778,142.708436000,9.645727000,133.062709000,101.578961526,94.713194096
avx512_mul,1000,0xAA,67,1.404869182,0.000195416,143.286377000,9.619177000,133.667200000,101.992682934,95.145656089
avx512_mul,1000,0xAA,68,1.404808828,0.000155684,142.991577000,9.595801000,133.395776000,101.787214123,94.956533103
avx512_mul,1000,0xAA,69,1.404776012,0.000256915,142.837769000,9.568213000,133.269556000,101.680102568,94.868900699
avx512_mul,1000,0xAA,70,1.404867613,0.000178089,142.996521000,9.625952000,133.370569000,101.786474199,94.934617189
avx512_mul,1000,0xAA,71,1.404845187,0.000252797,142.931885000,9.628272000,133.303613000,101.742089645,94.888471833
avx512_mul,1000,0xAA,72,1.404809488,0.000153977,143.351440000,9.622107000,133.729333000,102.043331271,95.193927790
avx512_mul,1000,0xAA,73,1.404828052,0.000194374,143.585265000,9.625952000,133.959313000,102.208426731,95.356376768
avx512_mul,1000,0xAA,74,1.404834076,0.000269820,142.393373000,9.624365000,132.769008000,101.359566573,94.508675662
avx512_mul,1000,0xAA,75,1.404846861,0.000155939,142.655518000,9.636816000,133.018702000,101.545244521,94.685553071
avx512_mul,1000,0xAA,76,1.404824767,0.000259486,143.195861000,9.647253000,133.548608000,101.931475244,95.064246517
avx512_mul,1000,0xAA,77,1.404785993,0.000200456,142.302920000,9.629492000,132.673428000,101.298646733,94.443871663
avx512_mul,1000,0xAA,78,1.404761290,0.000175683,142.253603000,9.611792000,132.641811000,101.265321008,94.423025405
avx512_mul,1000,0xAA,79,1.404774351,0.000283626,142.159426000,9.671117000,132.488309000,101.197338877,94.312875905
avx512_mul,1000,0xAA,80,1.404798764,0.000196935,142.315432000,9.652624000,132.662808000,101.306632386,94.435453221
avx512_mul,1000,0xAA,81,1.404788034,0.000250357,143.032776000,9.610022000,133.422754000,101.818048410,94.977143041
avx512_mul,1000,0xAA,82,1.404773120,0.000159886,142.423342000,9.661352000,132.761990000,101.385298465,94.507780761
avx512_mul,1000,0xAA,83,1.404778364,0.000252414,142.244204000,9.669592000,132.574612000,101.257399514,94.374041790
avx512_mul,1000,0xAA,84,1.404775534,0.000173771,142.607057000,9.665014000,132.942043000,101.515903140,94.635790433
avx512_mul,1000,0xAA,85,1.404769578,0.000151559,142.396608000,9.670203000,132.726405000,101.366523166,94.482687447
avx512_mul,1000,0xAA,86,1.404783069,0.000259704,142.982849000,9.664038000,133.318811000,101.782867547,94.903486512
avx512_mul,1000,0xAA,87,1.404828619,0.000194637,142.622926000,9.649389000,132.973537000,101.523363143,94.654632771
avx512_mul,1000,0xAA,88,1.404778856,0.000247585,143.096924000,9.687536000,133.409388000,101.864377745,94.968248891
avx512_mul,1000,0xAA,89,1.404799105,0.000159109,142.588929000,9.661719000,132.927210000,101.501295447,94.623643713
avx512_mul,1000,0xAA,90,1.404861282,0.000180497,143.195435000,9.660620000,133.534815000,101.928522620,95.051957566
avx512_mul,1000,0xAA,91,1.404829712,0.000259010,143.076477000,9.674718000,133.401759000,101.846135343,94.959380374
avx512_mul,1000,0xAA,92,1.404756062,0.000159622,142.586976000,9.649817000,132.937159000,101.503015267,94.633625441
avx512_mul,1000,0xAA,93,1.404907327,0.000265026,142.809876000,9.667883000,133.141993000,101.650744691,94.769235274
avx512_mul,1000,0xAA,94,1.404901567,0.000199708,142.780945000,9.666845000,133.114100000,101.630568522,94.749769735
avx512_mul,1000,0xAA,95,1.404879321,0.000159301,143.073242000,9.647802000,133.425440000,101.840236252,94.972883411
avx512_mul,1000,0xAA,96,1.404826002,0.000266830,142.327944000,9.662207000,132.665737000,101.313574615,94.435707189
avx512_mul,1000,0xAA,97,1.404843414,0.000183815,141.968509000,9.677832000,132.290677000,101.056464770,94.167560354
avx512_mul,1000,0xAA,98,1.404901765,0.000272506,142.032351000,9.644811000,132.387540000,101.097709851,94.232595691
avx512_mul,1000,0xAA,99,1.404875738,0.000167707,142.578554000,9.654150000,132.924404000,101.488373784,94.616484876
avx512_mul,1200,0x00,0,1.170637408,0.001184714,121.332881000,8.096537000,113.236344000,103.646851036,96.730501919
avx512_mul,1200,0x00,1,1.170435366,0.000176590,121.112910000,8.069071000,113.043839000,103.476803165,96.582726625
avx512_mul,1200,0x00,2,1.170463552,0.000152203,120.902156000,8.048197000,112.853959000,103.294251031,96.418174468
avx512_mul,1200,0x00,3,1.170531551,0.000204472,120.843928000,8.074076000,112.769852000,103.238505529,96.340719653
avx512_mul,1200,0x00,4,1.170694836,0.001102302,121.384699000,8.111979000,113.272720000,103.686029230,96.756828939
avx512_mul,1200,0x00,5,1.170542541,0.000195992,121.137446000,8.072794000,113.064652000,103.488290038,96.591664144
avx512_mul,1200,0x00,6,1.170542625,0.000272560,120.959590000,8.046671000,112.912919000,103.336339393,96.462030994
avx512_mul,1200,0x00,7,1.170663101,0.001108680,121.373713000,8.086649000,113.287064000,103.679455620,96.771704795
avx512_mul,1200,0x00,8,1.170492140,0.000188211,121.032649000,8.087077000,112.945572000,103.403213832,96.494088408
avx512_mul,1200,0x00,9,1.170488299,0.000165008,121.008296000,8.042338000,112.965958000,103.382747253,96.511821669
avx512_mul,1200,0x00,10,1.170520573,0.000186557,121.102107000,8.072977000,113.029130000,103.460041468,96.563129797
avx512_mul,1200,0x00,11,1.170741244,0.001328219,121.670465000,8.101603000,113.568862000,103.926008951,97.005946092
avx512_mul,1200,0x00,12,1.170533685,0.000275230,121.025142000,8.064432000,112.960710000,103.393130450,96.503596126
avx512_mul,1200,0x00,13,1.170533153,0.000202474,121.068050000,8.045634000,113.022416000,103.429834286,96.556356177
avx512_mul,1200,0x00,14,1.170513555,0.000144391,120.971615000,8.057170000,112.914445000,103.349179042,96.465730351
avx512_mul,1200,0x00,15,1.170507788,0.000169982,120.897334000,8.031779000,112.865555000,103.286227803,96.424437489
avx512_mul,1200,0x00,16,1.170502949,0.000143776,120.940425000,8.007121000,112.933304000,103.323468846,96.482716325
avx512_mul,1200,0x00,17,1.170523712,0.000268879,121.093623000,8.048441000,113.045182000,103.452515969,96.576584351
avx512_mul,1200,0x00,18,1.170505302,0.000161797,121.102901000,8.039164000,113.063737000,103.462069565,96.593955439
avx512_mul,1200,0x00,19,1.170476005,0.000124997,121.138484000,8.061441000,113.077043000,103.495059716,96.607741251
avx512_mul,1200,0x00,20,1.170518459,0.000162823,121.083125000,8.047647000,113.035478000,103.444011585,96.568727440
avx512_mul,1200,0x00,21,1.170499210,0.000152140,121.160701000,8.054118000,113.106583000,103.511988739,96.631063118
avx512_mul,1200,0x00,22,1.170490948,0.000196138,121.258356000,8.049235000,113.209121000,103.596150114,96.719347682
avx512_mul,1200,0x00,23,1.170543276,0.000268932,121.108211000,8.036723000,113.071488000,103.463249496,96.597443536
avx512_mul,1200,0x00,24,1.170511669,0.000170448,120.914730000,8.042948000,112.871782000,103.300747232,96.429437687
avx512_mul,1200,0x00,25,1.170512468,0.000188452,120.966243000,8.031840000,112.934403000,103.344685628,96.482870636
avx512_mul,1200,0x00,26,1.170493324,0.000158841,120.888179000,8.025492000,112.862687000,103.279682648,96.423178780
avx512_mul,1200,0x00,27,1.170476955,0.000197749,121.039790000,8.024455000,113.015335000,103.410656224,96.554942434
avx512_mul,1200,0x00,28,1.170531525,0.000168729,120.972164000,8.037516000,112.934648000,103.348061503,96.481509146
avx512_mul,1200,0x00,29,1.170528539,0.000266718,120.986690000,8.066447000,112.920243000,103.360734845,96.469448791
avx512_mul,1200,0x00,30,1.170538820,0.000196981,120.905696000,7.987223000,112.918473000,103.290633292,96.467089413
avx512_mul,1200,0x00,31,1.170521400,0.000169261,120.839657000,8.028605000,112.811052000,103.235752043,96.376753138
avx512_mul,1200,0x00,32,1.170489163,0.000181185,120.852474000,8.027079000,112.825395000,103.249545408,96.391661326
avx512_mul,1200,0x00,33,1.170502372,0.000160317,120.964473000,8.019571000,112.944902000,103.344064817,96.492672464
avx512_mul,1200,0x00,34,1.170496232,0.000192698,121.003719000,8.022807000,112.980912000,103.378136263,96.523943333
avx512_mul,1200,0x00,35,1.170501765,0.000270641,120.956783000,8.038432000,112.918351000,103.337548571,96.470039063
avx512_mul,1200,0x00,36,1.170472994,0.000164667,120.919552000,8.012491000,112.907061000,103.308280133,96.462764655
avx512_mul,1200,0x00,37,1.170473804,0.000181624,120.898006000,7.982951000,112.915055000,103.289800742,96.469527642
avx512_mul,1200,0x00,38,1.170463188,0.000161491,120.975764000,8.015787000,112.959977000,103.357171113,96.508782302
avx512_mul,1200,0x00,39,1.170480184,0.000184665,120.915462000,8.010905000,112.904557000,103.304151304,96.460032872
avx512_mul,1200,0x00,40,1.170523127,0.000158270,121.013423000,8.055521000,112.957902000,103.384051317,96.502067684
avx512_mul,1200,0x00,41,1.170551928,0.000276836,120.959102000,8.025492000,112.933610000,103.335101274,96.478940680
avx512_mul,1200,0x00,42,1.170468738,0.000188339,120.974788000,8.040140000,112.934648000,103.355847137,96.486684607
avx512_mul,1200,0x00,43,1.170465205,0.000166336,120.924556000,8.032755000,112.891801000,103.313242836,96.450369030
avx512_mul,1200,0x00,44,1.170511268,0.000241542,120.981990000,8.014689000,112.967301000,103.358244653,96.511075199
avx512_mul,1200,0x00,45,1.170542071,0.000160510,120.954708000,8.046244000,112.908464000,103.332217580,96.458270716
avx512_mul,1200,0x00,46,1.170460388,0.000229981,120.949886000,8.023966000,112.925920000,103.335309105,96.479916063
avx512_mul,1200,0x00,47,1.170421850,0.000147065,120.911006000,8.027079000,112.883927000,103.305492833,96.447214339
avx512_mul,1200,0x00,48,1.170412280,0.000124149,120.814999000,8.040690000,112.774309000,103.224309149,96.354345343
avx512_mul,1200,0x00,49,1.170424856,0.000147191,120.868587000,8.059306000,112.809281000,103.268985059,96.383189737
avx512_mul,1200,0x00,50,1.170454705,0.000123717,121.004695000,8.063578000,112.941117000,103.382637931,96.493368347
avx512_mul,1200,0x00,51,1.170475753,0.000268835,120.920894000,8.064432000,112.856462000,103.309183199,96.419307882
avx512_mul,1200,0x00,52,1.170469972,0.000238155,120.919246000,8.048868000,112.870378000,103.308285478,96.431673354
avx512_mul,1200,0x00,53,1.170459470,0.000157631,120.897640000,8.033793000,112.863847000,103.290752977,96.426958711
avx512_mul,1200,0x00,54,1.170429331,0.000197451,120.987728000,8.063395000,112.924333000,103.370382771,96.481120188
avx512_mul,1200,0x00,55,1.170440533,0.000147114,120.870052000,8.015849000,112.854203000,103.268853532,96.420279195
avx512_mul,1200,0x00,56,1.170438688,0.000155067,120.790523000,8.025920000,112.764603000,103.201068348,96.343878744
avx512_mul,1200,0x00,57,1.170458451,0.000132317,120.881221000,8.063395000,112.817826000,103.276815112,96.387723923
avx512_mul,1200,0x00,58,1.170452566,0.000259263,121.062190000,8.052408000,113.009782000,103.431948897,96.552210039
avx512_mul,1200,0x00,59,1.170446802,0.000177167,121.012080000,8.075114000,112.936966000,103.389645530,96.490473364
avx512_mul,1200,0x00,60,1.170453379,0.000151332,120.958186000,8.077127000,112.881059000,103.343019181,96.442165935
avx512_mul,1200,0x00,61,1.170467565,0.000174463,120.916988000,8.062235000,112.854753000,103.306568770,96.418522282
avx512_mul,1200,0x00,62,1.170417235,0.000145537,120.988826000,8.039774000,112.949052000,103.372389243,96.503237150
avx512_mul,1200,0x00,63,1.170453114,0.000164306,120.948421000,8.054606000,112.893815000,103.334699643,96.453086102
avx512_mul,1200,0x00,64,1.170469653,0.000272912,121.017696000,8.081095000,112.936601000,103.392425138,96.488277749
avx512_mul,1200,0x00,65,1.170436984,0.000154271,120.980648000,8.059122000,112.921526000,103.363657868,96.478091103
avx512_mul,1200,0x00,66,1.170441828,0.000173799,120.986750000,8.060954000,112.925796000,103.368443483,96.481339995
avx512_mul,1200,0x00,67,1.170436466,0.000129590,120.953182000,8.054667000,112.898515000,103.340237161,96.458473620
avx512_mul,1200,0x00,68,1.170440470,0.000147373,121.059565000,8.052226000,113.007339000,103.430775095,96.551120634
avx512_mul,1200,0x00,69,1.171114586,0.003534817,122.542594000,8.172282000,114.370312000,104.637578143,97.659369437
avx512_mul,1200,0x00,70,1.170561252,0.000244608,120.978633000,8.060770000,112.917863000,103.350963316,96.464719656
avx512_mul,1200,0x00,71,1.170538629,0.000162239,120.996395000,8.076457000,112.919938000,103.368134963,96.468356691
avx512_mul,1200,0x00,72,1.170523514,0.000133321,120.974422000,8.031534000,112.942888000,103.350697838,96.489209021
avx512_mul,1200,0x00,73,1.170541688,0.000165841,120.912776000,8.049357000,112.863419000,103.296428681,96.419820114
avx512_mul,1200,0x00,74,1.170546623,0.000143652,120.973689000,8.059733000,112.913956000,103.348031311,96.462587498
avx512_mul,1200,0x00,75,1.170564334,0.000390632,121.160945000,8.068094000,113.092851000,103.506438260,96.613955922
avx512_mul,1200,0x00,76,1.170514541,0.000200372,121.118647000,8.044779000,113.073868000,103.474705150,96.601848198
avx512_mul,1200,0x00,77,1.170540369,0.000169088,120.944331000,8.048990000,112.895341000,103.323502698,96.447199914
avx512_mul,1200,0x00,78,1.170557662,0.000228914,121.006527000,8.061503000,112.945024000,103.375109978,96.488218998
avx512_mul,1200,0x00,79,1.170524568,0.000165290,120.846188000,8.024332000,112.821856000,103.241052178,96.385722337
avx512_mul,1200,0x00,80,1.170530966,0.000199598,121.011531000,8.071451000,112.940080000,103.381742528,96.486195780
avx512_mul,1200,0x00,81,1.170552378,0.000272110,121.009517000,8.050273000,112.959244000,103.378130895,96.500802594
avx512_mul,1200,0x00,82,1.170499564,0.000175261,121.084163000,8.015055000,113.069108000,103.446568205,96.599017599
avx512_mul,1200,0x00,83,1.170478227,0.000184705,120.973750000,8.034342000,112.939408000,103.354122492,96.489969176
avx512_mul,1200,0x00,84,1.170490507,0.000170902,120.950618000,8.059061000,112.891557000,103.333275446,96.448075652
avx512_mul,1200,0x00,85,1.170521039,0.000318312,121.083858000,8.066508000,113.017350000,103.444409802,96.553027474
avx512_mul,1200,0x00,86,1.170515728,0.000164504,121.025081000,8.054606000,112.970475000,103.394664541,96.513419113
avx512_mul,1200,0x00,87,1.170518032,0.000274949,121.053279000,8.051554000,113.001725000,103.418551165,96.539926676
avx512_mul,1200,0x00,88,1.170498113,0.000211716,120.962459000,8.048747000,112.913712000,103.342720205,96.466376784
avx512_mul,1200,0x00,89,1.170470723,0.000163743,121.031733000,8.067972000,112.963761000,103.404323213,96.511393865
avx512_mul,1200,0x00,90,1.170486667,0.000170274,121.142695000,8.025614000,113.117081000,103.497714558,96.641067470
avx512_mul,1200,0x00,91,1.171571617,0.005731368,123.496449000,8.280435000,115.216014000,105.410925996,98.343125035
avx512_mul,1200,0x00,92,1.170522166,0.000250845,121.007991000,8.088541000,112.919450000,103.379495500,96.469296587
avx512_mul,1200,0x00,93,1.170504653,0.000178386,121.120295000,8.075236000,113.045059000,103.476987175,96.578051765
avx512_mul,1200,0x00,94,1.170525379,0.000162785,121.001887000,8.088053000,112.913834000,103.373996982,96.464233943
avx512_mul,1200,0x00,95,1.170558198,0.000280277,121.134516000,8.059976000,113.074540000,103.484402721,96.598819406
avx512_mul,1200,0x00,96,1.170506602,0.000160932,121.021053000,8.045206000,112.975847000,103.392029366,96.518761001
avx512_mul,1200,0x00,97,1.170490607,0.000191386,121.062862000,8.049967000,113.012895000,103.429161443,96.551731630
avx512_mul,1200,0x00,98,1.170520709,0.000256565,121.068049000,8.066447000,113.001602000,103.430933005,96.539600848
avx512_mul,1200,0x00,99,1.170532927,0.000165135,121.073359000,8.043314000,113.030045000,103.434389730,96.562892302
avx512_mul,1200,0xAA,0,1.170426196,0.000153206,121.076106000,8.048868000,113.027238000,103.446168972,96.569299648
avx512_mul,1200,0xAA,1,1.170420377,0.000123883,120.975948000,8.034769000,112.941179000,103.361108823,96.496251414
avx512_mul,1200,0xAA,2,1.170486158,0.000239550,121.148249000,8.065959000,113.082290000,103.502504640,96.611385984
avx512_mul,1200,0xAA,3,1.170451398,0.000136868,120.854977000,8.057597000,112.797380000,103.255015296,96.370836240
avx512_mul,1200,0xAA,4,1.170445222,0.000158044,120.938473000,8.049601000,112.888872000,103.326897050,96.449513259
avx512_mul,1200,0xAA,5,1.170496535,0.000263986,121.056148000,8.067789000,112.988359000,103.422901645,96.530280642
avx512_mul,1200,0xAA,6,1.170456310,0.000162907,121.111445000,8.069803000,113.041642000,103.473699925,96.579121348
avx512_mul,1200,0xAA,7,1.170465542,0.000184426,120.883052000,8.090312000,112.792740000,103.277753759,96.365707473
avx512_mul,1200,0xAA,8,1.170514263,0.000162017,120.866329000,8.084513000,112.781816000,103.259168051,96.352363704
avx512_mul,1200,0xAA,9,1.170540429,0.000368333,121.024653000,8.087870000,112.936783000,103.392116988,96.482599129
avx512_mul,1200,0xAA,10,1.170503020,0.000157361,121.009456000,8.095683000,112.913773000,103.382438056,96.466024464
avx512_mul,1200,0xAA,11,1.170502736,0.000267653,121.079463000,8.085184000,112.994279000,103.442272537,96.534826913
avx512_mul,1200,0xAA,12,1.170493574,0.000293719,121.023799000,8.086039000,112.937760000,103.395526231,96.487296077
avx512_mul,1200,0xAA,13,1.170481574,0.000165168,120.999019000,8.075297000,112.923722000,103.375415419,96.476291864
avx512_mul,1200,0xAA,14,1.170485089,0.000180019,120.988154000,8.082194000,112.905960000,103.365822547,96.460827280
avx512_mul,1200,0xAA,15,1.170494628,0.000154337,121.059992000,8.084880000,112.975112000,103.426354241,96.519120488
avx512_mul,1200,0xAA,16,1.170497087,0.000266919,121.088375000,8.061137000,113.027238000,103.450385586,96.563450892
avx512_mul,1200,0xAA,17,1.170454220,0.000179994,120.906978000,8.043924000,112.863054000,103.299194365,96.426713698
avx512_mul,1200,0xAA,18,1.170492867,0.000157095,121.109736000,8.057902000,113.051834000,103.469008110,96.584812380
avx512_mul,1200,0xAA,19,1.170554207,0.000314631,121.082942000,8.058390000,113.024552000,103.440696111,96.556444230
avx512_mul,1200,0xAA,20,1.170507140,0.000148784,121.136042000,8.072672000,113.063370000,103.490220496,96.593490246
avx512_mul,1200,0xAA,21,1.170479382,0.000183378,121.002254000,8.067546000,112.934708000,103.378372898,96.485858493
avx512_mul,1200,0xAA,22,1.170547807,0.000343413,120.953914000,8.040385000,112.913529000,103.331032941,96.462125108
avx512_mul,1200,0xAA,23,1.170508604,0.000171484,121.033015000,8.059855000,112.973160000,103.402072026,96.516300344
avx512_mul,1200,0xAA,24,1.171192097,0.003818162,122.665884000,8.202677000,114.463207000,104.735921924,97.732222853
avx512_mul,1200,0xAA,25,1.170461322,0.000154747,120.900691000,8.040751000,112.859940000,103.293196244,96.423468171
avx512_mul,1200,0xAA,26,1.170480956,0.000178967,120.968318000,8.062418000,112.905900000,103.349240649,96.461116619
avx512_mul,1200,0xAA,27,1.170521150,0.000169115,121.005611000,8.041971000,112.963640000,103.377551940,96.507132727
avx512_mul,1200,0xAA,28,1.170536976,0.000275339,120.985897000,8.054362000,112.931535000,103.359312425,96.478400360
avx512_mul,1200,0xAA,29,1.170505072,0.000353755,120.915035000,8.022257000,112.892778000,103.301589987,96.447918702
avx512_mul,1200,0xAA,30,1.170484768,0.000165047,120.989802000,8.053873000,112.935929000,103.367258817,96.486457617
avx512_mul,1200,0xAA,31,1.170491857,0.000180237,120.998409000,8.048136000,112.950273000,103.373986132,96.498127960
avx512_mul,1200,0xAA,32,1.170468016,0.000156977,120.807308000,8.029581000,112.777727000,103.212822877,96.352677284
avx512_mul,1200,0xAA,33,1.170500232,0.000355043,121.058711000,8.067362000,112.991349000,103.424764626,96.532530196
avx512_mul,1200,0xAA,34,1.170475047,0.000189499,120.966548000,8.059489000,112.907059000,103.348250160,96.462593760
avx512_mul,1200,0xAA,35,1.170472625,0.000158054,121.024226000,8.052958000,112.971268000,103.397741565,96.517650714
avx512_mul,1200,0xAA,36,1.170455865,0.000172763,120.927241000,8.037150000,112.890091000,103.316361284,96.449677762
avx512_mul,1200,0xAA,37,1.170458123,0.000155658,121.008296000,8.053751000,112.954545000,103.385412594,96.504558987
avx512_mul,1200,0xAA,38,1.170465116,0.000177116,121.002315000,8.048503000,112.953812000,103.379685013,96.503356201
avx512_mul,1200,0xAA,39,1.170543884,0.000502757,121.098017000,8.042887000,113.055130000,103.454486984,96.583418662
avx512_mul,1200,0xAA,40,1.170460287,0.000159539,121.094905000,8.050638000,113.044267000,103.459217139,96.581035890
avx512_mul,1200,0xAA,41,1.170440580,0.000179340,121.059749000,8.027263000,113.032486000,103.430922583,96.572596635
avx512_mul,1200,0xAA,42,1.170420847,0.000149523,120.920772000,8.039164000,112.881608000,103.313925343,96.445315628
avx512_mul,1200,0xAA,43,1.170473783,0.000337549,121.094783000,8.039530000,113.055253000,103.457920000,96.589308232
avx512_mul,1200,0xAA,44,1.170410653,0.000159994,120.987240000,8.059916000,112.927324000,103.371615520,96.485215451
avx512_mul,1200,0xAA,45,1.170458191,0.000261952,120.984614000,8.060832000,112.923782000,103.365173489,96.478270513
avx512_mul,1200,0xAA,46,1.170857667,0.002271166,122.023064000,8.109904000,113.913160000,104.216821049,97.290356607
avx512_mul,1200,0xAA,47,1.170417336,0.000157871,121.068232000,8.037821000,113.030411000,103.440224489,96.572741625
avx512_mul,1200,0xAA,48,1.170447784,0.000179840,121.141353000,8.039164000,113.102189000,103.500006275,96.631554637
avx512_mul,1200,0xAA,49,1.170467959,0.000151819,121.112300000,8.049112000,113.063188000,103.473400619,96.596568203
avx512_mul,1200,0xAA,50,1.170541693,0.000432832,121.099605000,8.059183000,113.040422000,103.456037300,96.571034355
avx512_mul,1200,0xAA,51,1.170492264,0.000233841,121.064449000,8.062235000,113.002214000,103.430370943,96.542469800
avx512_mul,1200,0xAA,52,1.170476776,0.000139239,120.980404000,8.060344000,112.920060000,103.359935436,96.473558734
avx512_mul,1200,0xAA,53,1.170521087,0.000333777,121.029293000,8.048380000,112.980913000,103.397789510,96.521894588
avx512_mul,1200,0xAA,54,1.170476426,0.000134408,121.014949000,8.042826000,112.972123000,103.389480013,96.518067805
avx512_mul,1200,0xAA,55,1.170488933,0.000152109,120.996578000,8.012491000,112.984087000,103.372680108,96.527257843
avx512_mul,1200,0xAA,56,1.170466314,0.000129965,120.954280000,8.002177000,112.952103000,103.338540018,96.501797341
avx512_mul,1200,0xAA,57,1.170514005,0.000545830,121.141780000,8.008463000,113.133317000,103.494515661,96.652681247
avx512_mul,1200,0xAA,58,1.170429026,0.000160807,121.104976000,8.030497000,113.074479000,103.470584969,96.609428230
avx512_mul,1200,0xAA,59,1.170415852,0.000122698,121.058405000,8.033121000,113.025284000,103.431959454,96.568483551
avx512_mul,1200,0xAA,60,1.170486028,0.000371606,121.186641000,8.054240000,113.132401000,103.535316211,96.654208868
avx512_mul,1200,0xAA,61,1.170447684,0.000127951,121.168208000,8.049296000,113.118912000,103.522959321,96.645850580
avx512_mul,1200,0xAA,62,1.170455764,0.000238990,121.422723000,8.078166000,113.344557000,103.739694173,96.837967300
avx512_mul,1200,0xAA,63,1.170482129,0.000328581,121.144343000,8.060038000,113.084305000,103.499523808,96.613440033
avx512_mul,1200,0xAA,64,1.170639307,0.001081031,121.629449000,8.072612000,113.556837000,103.900021330,97.004120987
avx512_mul,1200,0xAA,65,1.170538188,0.000176688,121.186396000,8.042276000,113.144120000,103.530493230,96.659913458
avx512_mul,1200,0xAA,66,1.170513401,0.000137062,121.076655000,8.044596000,113.032059000,103.438931046,96.566223744
avx512_mul,1200,0xAA,67,1.170535456,0.000528685,121.216120000,8.025675000,113.190445000,103.556128409,96.699714997
avx512_mul,1200,0xAA,68,1.170469735,0.000242966,121.169794000,8.040445000,113.129349000,103.522363995,96.652946738
avx512_mul,1200,0xAA,69,1.170468240,0.000160405,121.129450000,8.059916000,113.069534000,103.488028002,96.601966745
avx512_mul,1200,0xAA,70,1.170527277,0.000413732,121.189753000,8.081705000,113.108048000,103.534326225,96.629997590
avx512_mul,1200,0xAA,71,1.170454095,0.000149479,121.091487000,8.069133000,113.022354000,103.456844227,96.562825031
avx512_mul,1200,0xAA,72,1.170431875,0.000176612,121.082820000,8.085977000,112.996843000,103.451403361,96.542862016
avx512_mul,1200,0xAA,73,1.170467957,0.000158349,121.097041000,8.087259000,113.009782000,103.460364092,96.550940428
avx512_mul,1200,0xAA,74,1.170490581,0.000399827,121.364192000,8.100383000,113.263809000,103.686602799,96.766100295
avx512_mul,1200,0xAA,75,1.170458132,0.000159027,121.143611000,8.085795000,113.057816000,103.501020367,96.592789499
avx512_mul,1200,0xAA,76,1.170430853,0.000122571,121.056148000,8.066569000,112.989579000,103.428705510,96.536740060
avx512_mul,1200,0xAA,77,1.170435787,0.000163313,121.016170000,8.060283000,112.955887000,103.394113008,96.507547259
avx512_mul,1200,0xAA,78,1.170435523,0.000122573,121.095149000,8.031718000,113.063431000,103.461614563,96.599452711
avx512_mul,1200,0xAA,79,1.170470818,0.000160629,121.017940000,8.060953000,112.956987000,103.392530695,96.505598638
avx512_mul,1200,0xAA,80,1.170553259,0.000544856,121.265070000,8.069315000,113.195755000,103.596371245,96.702780597
avx512_mul,1200,0xAA,81,1.170458904,0.000134347,121.011043000,8.038675000,112.972368000,103.387690596,96.519721995
avx512_mul,1200,0xAA,82,1.170502571,0.000165311,121.033625000,8.054545000,112.979080000,103.403126149,96.521855488
avx512_mul,1200,0xAA,83,1.170536723,0.000181890,121.104121000,8.054118000,113.050003000,103.460334609,96.579629506
avx512_mul,1200,0xAA,84,1.170574235,0.000414946,121.411494000,8.086039000,113.325455000,103.719602210,96.811848084
avx512_mul,1200,0xAA,85,1.170444373,0.000129717,121.084712000,8.050578000,113.034134000,103.451915153,96.573691648
avx512_mul,1200,0xAA,86,1.170469264,0.000245067,121.058039000,8.062296000,112.995743000,103.426926857,96.538838254
avx512_mul,1200,0xAA,87,1.170443589,0.000177660,120.944941000,8.039958000,112.904983000,103.332567315,96.463412686
avx512_mul,1200,0xAA,88,1.170469678,0.000142428,121.036739000,8.024393000,113.012346000,103.408692527,96.552989083
avx512_mul,1200,0xAA,89,1.170455514,0.000178559,121.247432000,8.030497000,113.216935000,103.589953308,96.728951837
avx512_mul,1200,0xAA,90,1.170491417,0.000132001,121.163386000,8.035014000,113.128372000,103.514971796,96.650321715
avx512_mul,1200,0xAA,91,1.170562249,0.000563813,121.209529000,8.043009000,113.166520000,103.548127501,96.677062756
avx512_mul,1200,0xAA,92,1.170519475,0.000168503,121.111568000,8.052103000,113.059465000,103.468221198,96.589136168
avx512_mul,1200,0xAA,93,1.170505397,0.000137762,121.020992000,8.068827000,112.952165000,103.392083735,96.498628120
avx512_mul,1200,0xAA,94,1.170535409,0.000355200,121.158259000,8.061259000,113.097000000,103.506701345,96.619887894
avx512_mul,1200,0xAA,95,1.170526706,0.000133423,121.041805000,8.045512000,112.996293000,103.407982395,96.534570658
avx512_mul,1200,0xAA,96,1.170504110,0.000164017,121.186030000,8.070353000,113.115677000,103.533194732,96.638427830
avx512_mul,1200,0xAA,97,1.170510105,0.000233994,121.185114000,8.057413000,113.127701000,103.531881924,96.648205342
avx512_mul,1200,0xAA,98,1.170534845,0.000142018,121.230524000,8.066874000,113.163650000,103.568487984,96.676874261
avx512_mul,1200,0xAA,99,1.170527980,0.000161875,121.262568000,8.058390000,113.204178000,103.596471087,96.712064956
avx512_mul,1400,0x00,0,1.003024424,0.000131515,107.566802000,6.900251000,100.666551000,107.242455314,100.363010673
avx512_mul,1400,0x00,1,1.003006904,0.000139118,107.641753000,6.924726000,100.717027000,107.319054920,100.415088483
avx512_mul,1400,0x00,2,1.003138600,0.000811517,107.891265000,6.951521000,100.939744000,107.553696978,100.623925757
avx512_mul,1400,0x00,3,1.003006964,0.000139092,107.525726000,6.922773000,100.602953000,107.203369328,100.301350450
avx512_mul,1400,0x00,4,1.003069737,0.000133947,107.582183000,6.914594000,100.667589000,107.252944683,100.359511708
avx512_mul,1400,0x00,5,1.003036254,0.000137929,107.641692000,6.930097000,100.711595000,107.315853821,100.406734661
avx512_mul,1400,0x00,6,1.003140749,0.000818446,107.799773000,6.949811000,100.849962000,107.462261046,100.534209315
avx512_mul,1400,0x00,7,1.002996458,0.000139149,107.615996000,6.921003000,100.694993000,107.294492514,100.394166055
avx512_mul,1400,0x00,8,1.003020763,0.000117714,107.710418000,6.885480000,100.824938000,107.386030203,100.521286969
avx512_mul,1400,0x00,9,1.003028635,0.000143438,107.707304000,6.903974000,100.803330000,107.382082858,100.498955339
avx512_mul,1400,0x00,10,1.003146761,0.000834725,107.895109000,6.938215000,100.956894000,107.556653866,100.640203287
avx512_mul,1400,0x00,11,1.003269170,0.001217399,108.531704000,6.971784000,101.559920000,108.178051540,101.228985220
avx512_mul,1400,0x00,12,1.002975105,0.000040532,107.446564000,6.883344000,100.563220000,107.127847406,100.264921331
avx512_mul,1400,0x00,13,1.002972560,0.000132091,107.550445000,6.892805000,100.657640000,107.231692414,100.359315962
avx512_mul,1400,0x00,14,1.003333620,0.001985966,108.352811000,6.955487000,101.397324000,107.992804063,101.060426972
avx512_mul,1400,0x00,15,1.003004716,0.000112153,107.654265000,6.891462000,100.762803000,107.331763506,100.460946362
avx512_mul,1400,0x00,16,1.003004379,0.000136866,107.589812000,6.895978000,100.693834000,107.267539656,100.392217729
avx512_mul,1400,0x00,17,1.003125027,0.000792122,107.962492000,6.934430000,101.028062000,107.626157306,100.713330081
avx512_mul,1400,0x00,18,1.003002440,0.000129005,107.746733000,6.906354000,100.840379000,107.424198340,100.538518178
avx512_mul,1400,0x00,19,1.003010853,0.000112626,107.787078000,6.900067000,100.887011000,107.463521131,100.584166856
avx512_mul,1400,0x00,20,1.002993345,0.000133652,107.685393000,6.909895000,100.775498000,107.364015438,100.474742411
avx512_mul,1400,0x00,21,1.003161128,0.000788823,107.951140000,6.933637000,101.017503000,107.610967952,100.699179999
avx512_mul,1400,0x00,22,1.003012610,0.000141902,107.690703000,6.922345000,100.768358000,107.367247342,100.465694031
avx512_mul,1400,0x00,23,1.003005050,0.000109541,107.674041000,6.905073000,100.768968000,107.351444534,100.467059456
avx512_mul,1400,0x00,24,1.003071730,0.000145783,107.592498000,6.911176000,100.681322000,107.263014998,100.373003253
avx512_mul,1400,0x00,25,1.003162318,0.000797823,107.827971000,6.926435000,100.901536000,107.488059605,100.583459145
avx512_mul,1400,0x00,26,1.003051144,0.000140569,107.592559000,6.903790000,100.688769000,107.265277197,100.382487579
avx512_mul,1400,0x00,27,1.003063325,0.000121704,107.491119000,6.884504000,100.606615000,107.162844406,100.299365471
avx512_mul,1400,0x00,28,1.003015869,0.000137508,107.597991000,6.910932000,100.687059000,107.274465315,100.384313109
avx512_mul,1400,0x00,29,1.003135971,0.000790347,107.877226000,6.889265000,100.987961000,107.539983756,100.672255751
avx512_mul,1400,0x00,30,1.003006913,0.000131124,107.516509000,6.896711000,100.619798000,107.194185395,100.318150036
avx512_mul,1400,0x00,31,1.003038778,0.000123682,107.660064000,6.901410000,100.758654000,107.333900159,100.453398473
avx512_mul,1400,0x00,32,1.003019727,0.000136673,107.612762000,6.908185000,100.704577000,107.288779169,100.401392198
avx512_mul,1400,0x00,33,1.003146132,0.000813593,107.927458000,6.910261000,101.017197000,107.588968952,100.700380358
avx512_mul,1400,0x00,34,1.003035341,0.000139922,107.700347000,6.909529000,100.790818000,107.374428974,100.485809285
avx512_mul,1400,0x00,35,1.003925186,0.004932238,109.819543000,7.087567000,102.731976000,109.390166243,102.330310491
avx512_mul,1400,0x00,36,1.003007188,0.000134757,107.598846000,6.909101000,100.689745000,107.276246171,100.387859843
avx512_mul,1400,0x00,37,1.003160771,0.000817153,107.863555000,6.919538000,100.944017000,107.523697178,100.625961344
avx512_mul,1400,0x00,38,1.003031419,0.000143715,107.719023000,6.919171000,100.799852000,107.393468422,100.495208936
avx512_mul,1400,0x00,39,1.003007913,0.000110418,107.605621000,6.909589000,100.696032000,107.282923331,100.394055444
avx512_mul,1400,0x00,40,1.003002453,0.000127368,107.399017000,6.898115000,100.500902000,107.077521812,100.200056077
avx512_mul,1400,0x00,41,1.003149192,0.000883966,108.034208000,6.939191000,101.095017000,107.695055596,100.777648838
avx512_mul,1400,0x00,42,1.003040096,0.000132713,107.531402000,6.914960000,100.616442000,107.205487047,100.311485472
avx512_mul,1400,0x00,43,1.002994553,0.000116184,107.499725000,6.923567000,100.576158000,107.178772447,100.275876537
avx512_mul,1400,0x00,44,1.003011381,0.000134499,107.397308000,6.918806000,100.478502000,107.074864817,100.176831422
avx512_mul,1400,0x00,45,1.003144949,0.000885151,108.063016000,6.931501000,101.131515000,107.724228741,100.814458619
avx512_mul,1400,0x00,46,1.003028199,0.000137645,107.691619000,6.915265000,100.776354000,107.366491920,100.472104495
avx512_mul,1400,0x00,47,1.003017852,0.000109218,107.621917000,6.925885000,100.696032000,107.298107162,100.393060573
avx512_mul,1400,0x00,48,1.003123422,0.000183986,107.613799000,6.928693000,100.685106000,107.278722275,100.371603123
avx512_mul,1400,0x00,49,1.003155868,0.000880434,107.951140000,6.939985000,101.011155000,107.611532213,100.693379988
avx512_mul,1400,0x00,50,1.003057477,0.000142831,107.700835000,6.914106000,100.786729000,107.372545949,100.479515229
avx512_mul,1400,0x00,51,1.003535742,0.002504496,109.360926000,7.050702000,102.310224000,108.975616379,101.949756006
avx512_mul,1400,0x00,52,1.003015649,0.000138110,107.563873000,6.911482000,100.652391000,107.240473370,100.349771309
avx512_mul,1400,0x00,53,1.003219001,0.000920341,107.865935000,6.929914000,100.936021000,107.519828526,100.612150351
avx512_mul,1400,0x00,54,1.003058707,0.000151173,107.581817000,6.922529000,100.659288000,107.253759207,100.352339625
avx512_mul,1400,0x00,55,1.003038483,0.000123858,107.539031000,6.906110000,100.632921000,107.213265331,100.328075861
avx512_mul,1400,0x00,56,1.003070125,0.000154719,107.520904000,6.909101000,100.611803000,107.191811712,100.303857594
avx512_mul,1400,0x00,57,1.003186866,0.000908148,108.008452000,6.925519000,101.082933000,107.665337006,100.761818593
avx512_mul,1400,0x00,58,1.003054660,0.000142339,107.689666000,6.906782000,100.782884000,107.361712510,100.475964127
avx512_mul,1400,0x00,59,1.003055452,0.000126981,107.589995000,6.903791000,100.686204000,107.262260301,100.379499248
avx512_mul,1400,0x00,60,1.003045570,0.000145334,107.527252000,6.910566000,100.616686000,107.200764529,100.311181240
avx512_mul,1400,0x00,61,1.003749242,0.002699480,109.188747000,7.020978000,102.167769000,108.780901034,101.786148059
avx512_mul,1400,0x00,62,1.003060895,0.000142303,107.726775000,6.916486000,100.810289000,107.398040843,100.502660879
avx512_mul,1400,0x00,63,1.003050174,0.000122283,107.519866000,6.912275000,100.607591000,107.192908942,100.301653472
avx512_mul,1400,0x00,64,1.003078966,0.000149926,107.529937000,6.914960000,100.614977000,107.199872242,100.306137816
avx512_mul,1400,0x00,65,1.003219991,0.000878431,107.853606000,6.923871000,100.929735000,107.507433006,100.605785252
avx512_mul,1400,0x00,66,1.003040000,0.000134654,107.583709000,6.911176000,100.672533000,107.257645707,100.367416009
avx512_mul,1400,0x00,67,1.003029718,0.000119859,107.432159000,6.906782000,100.525377000,107.107653050,100.221733442
avx512_mul,1400,0x00,68,1.003051013,0.000137870,107.533416000,6.902204000,100.631212000,107.206328092,100.325118751
avx512_mul,1400,0x00,69,1.003190661,0.000882914,107.869963000,6.901105000,100.968858000,107.526881220,100.647725271
avx512_mul,1400,0x00,70,1.003079169,0.000146381,107.477020000,6.899884000,100.577136000,107.147095995,100.268392684
avx512_mul,1400,0x00,71,1.003080109,0.000139593,107.500152000,6.911360000,100.588792000,107.170056575,100.279918948
avx512_mul,1400,0x00,72,1.003087120,0.000149745,107.524993000,6.906049000,100.618944000,107.194072036,100.309277224
avx512_mul,1400,0x00,73,1.003330534,0.001555034,108.285917000,6.970685000,101.315232000,107.926464218,100.978918258
avx512_mul,1400,0x00,74,1.003046342,0.000143797,107.626616000,6.925886000,100.700730000,107.299744286,100.394892825
avx512_mul,1400,0x00,75,1.003043730,0.000133694,107.471465000,6.908124000,100.563341000,107.145343462,100.258182124
avx512_mul,1400,0x00,76,1.003074272,0.000142025,107.781157000,6.916181000,100.864976000,107.450823914,100.555839972
avx512_mul,1400,0x00,77,1.003189663,0.000897140,108.070097000,6.938459000,101.131638000,107.726485852,100.810087829
avx512_mul,1400,0x00,78,1.003054201,0.000144394,107.828032000,6.875044000,100.952988000,107.499706309,100.645596138
avx512_mul,1400,0x00,79,1.003039868,0.000121287,107.787017000,6.907025000,100.879992000,107.460351677,100.574259491
avx512_mul,1400,0x00,80,1.003039677,0.000146688,107.797820000,6.916669000,100.881151000,107.471142390,100.575434119
avx512_mul,1400,0x00,81,1.003523587,0.001754433,108.775173000,6.984235000,101.790938000,108.393240016,101.433528164
avx512_mul,1400,0x00,82,1.003046295,0.000140609,107.846525000,6.901899000,100.944626000,107.518990391,100.638052760
avx512_mul,1400,0x00,83,1.003025851,0.000118510,107.780241000,6.910505000,100.869736000,107.455097896,100.565439974
avx512_mul,1400,0x00,84,1.003028505,0.000139745,107.767059000,6.912518000,100.854541000,107.441671380,100.550024765
avx512_mul,1400,0x00,85,1.003243674,0.000980941,108.254911000,6.968610000,101.286301000,107.904902650,100.958823468
avx512_mul,1400,0x00,86,1.003048922,0.000144201,107.690642000,6.918622000,100.772020000,107.363299647,100.465707868
avx512_mul,1400,0x00,87,1.003102172,0.000343090,107.753630000,6.925885000,100.827745000,107.420393417,100.515927262
avx512_mul,1400,0x00,88,1.003066097,0.000143093,107.728789000,6.905561000,100.823228000,107.399491767,100.515039165
avx512_mul,1400,0x00,89,1.003176924,0.000970819,107.967070000,6.945722000,101.021348000,107.625153022,100.701427176
avx512_mul,1400,0x00,90,1.003039387,0.000134066,107.608062000,6.908124000,100.699938000,107.281990543,100.394799381
avx512_mul,1400,0x00,91,1.003068518,0.000130984,108.147489000,6.943646000,101.203843000,107.816651717,100.894247237
avx512_mul,1400,0x00,92,1.003069143,0.000144293,107.750884000,6.918989000,100.831895000,107.421192990,100.523374382
avx512_mul,1400,0x00,93,1.003173639,0.000968541,107.861540000,6.943586000,100.917954000,107.520309345,100.598690067
avx512_mul,1400,0x00,94,1.003061859,0.000140216,107.553436000,6.899518000,100.653918000,107.225127797,100.346670661
avx512_mul,1400,0x00,95,1.003041691,0.000122908,107.569305000,6.908857000,100.660448000,107.243104564,100.355198449
avx512_mul,1400,0x00,96,1.003044419,0.000145545,107.652068000,6.911726000,100.740342000,107.325324757,100.434577080
avx512_mul,1400,0x00,97,1.003211464,0.000990903,107.974761000,6.940656000,101.034105000,107.629113967,100.710676282
avx512_mul,1400,0x00,98,1.003062348,0.000144221,107.609038000,6.887006000,100.722032000,107.280507794,100.414527811
avx512_mul,1400,0x00,99,1.003031459,0.000122816,107.718901000,6.903119000,100.815782000,107.393342527,100.511086801
avx512_mul,1400,0xAA,0,1.003033473,0.000126977,107.430389000,6.914472000,100.515917000,107.105487407,100.211926836
avx512_mul,1400,0xAA,1,1.003014973,0.000135298,107.543242000,6.919416000,100.623826000,107.219976711,100.321359852
avx512_mul,1400,0xAA,2,1.003182337,0.000946047,108.097380000,6.960493000,101.136887000,107.754468974,100.816056341
avx512_mul,1400,0xAA,3,1.003030763,0.000132872,107.640593000,6.911298000,100.729295000,107.315345629,100.424930842
avx512_mul,1400,0xAA,4,1.003039538,0.000116203,107.483733000,6.898542000,100.585191000,107.158022097,100.280384938
avx512_mul,1400,0xAA,5,1.003022765,0.000135236,107.560088000,6.887068000,100.673020000,107.235938961,100.369626210
avx512_mul,1400,0xAA,6,1.003186232,0.000946686,108.118742000,6.930097000,101.188645000,107.775344744,100.867258510
avx512_mul,1400,0xAA,7,1.003039951,0.000140037,107.733916000,6.887799000,100.846117000,107.407402785,100.540478896
avx512_mul,1400,0xAA,8,1.003036409,0.000119908,107.721648000,6.903607000,100.818041000,107.395551147,100.512842867
avx512_mul,1400,0xAA,9,1.003046176,0.000155624,107.482757000,6.911115000,100.571642000,107.156339883,100.266213424
avx512_mul,1400,0xAA,10,1.003200620,0.000947066,107.997221000,6.939313000,101.057908000,107.652665756,100.735491998
avx512_mul,1400,0xAA,11,1.003384248,0.001651241,108.651882000,6.971540000,101.680342000,108.285417270,101.337391115
avx512_mul,1400,0xAA,12,1.003064684,0.000120953,107.733977000,6.915937000,100.818040000,107.404815185,100.510008588
avx512_mul,1400,0xAA,13,1.003077919,0.000145674,107.588836000,6.909040000,100.679796000,107.258702391,100.370862604
avx512_mul,1400,0xAA,14,1.003239631,0.000974067,107.998686000,6.934614000,101.064072000,107.649939940,100.737718984
avx512_mul,1400,0xAA,15,1.003059873,0.000146975,107.547149000,6.903242000,100.643907000,107.219072302,100.336888906
avx512_mul,1400,0xAA,16,1.003053207,0.000121084,107.590117000,6.904706000,100.685411000,107.262621996,100.378933324
avx512_mul,1400,0xAA,17,1.003062451,0.000146963,107.528289000,6.924299000,100.603990000,107.199994312,100.296835894
avx512_mul,1400,0xAA,18,1.003244052,0.001031940,107.988493000,6.940778000,101.047715000,107.639305503,100.720970940
avx512_mul,1400,0xAA,19,1.003058971,0.000143546,107.260163000,6.906354000,100.353809000,106.933057930,100.047765836
avx512_mul,1400,0xAA,20,1.003060964,0.000125201,107.500945000,6.896467000,100.604478000,107.172892600,100.297471020
avx512_mul,1400,0xAA,21,1.003073527,0.000154237,107.500640000,6.921979000,100.578661000,107.171246334,100.270477032
avx512_mul,1400,0xAA,22,1.003221079,0.001025990,107.932524000,6.952863000,100.979661000,107.585981060,100.655441874
avx512_mul,1400,0xAA,23,1.003034841,0.000138439,107.562407000,6.925580000,100.636827000,107.236959897,100.332334336
avx512_mul,1400,0xAA,24,1.003076670,0.000131013,107.337127000,6.896528000,100.440599000,107.007899034,100.132524292
avx512_mul,1400,0xAA,25,1.003040426,0.000145438,107.473968000,6.915570000,100.558398000,107.148191817,100.253584363
avx512_mul,1400,0xAA,26,1.003228703,0.001047303,107.966582000,6.937483000,101.029099000,107.619111889,100.703955872
avx512_mul,1400,0xAA,27,1.003287782,0.001344112,108.135465000,6.964948000,101.170517000,107.781104264,100.838980451
avx512_mul,1400,0xAA,28,1.003050413,0.000123379,107.522430000,6.913557000,100.608873000,107.195439588,100.302907660
avx512_mul,1400,0xAA,29,1.003041691,0.000141430,107.587799000,6.919782000,100.668017000,107.261542509,100.362744522
avx512_mul,1400,0xAA,30,1.003237215,0.001044991,108.031584000,6.937544000,101.094040000,107.682991002,100.767832856
avx512_mul,1400,0xAA,31,1.003084314,0.000160282,108.033170000,6.966779000,101.066391000,107.700986294,100.755628960
avx512_mul,1400,0xAA,32,1.003067006,0.000134124,107.455047000,6.894697000,100.560350000,107.126489388,100.252873809
avx512_mul,1400,0xAA,33,1.003073619,0.000148606,107.571380000,6.920453000,100.650927000,107.241759640,100.342512301
avx512_mul,1400,0xAA,34,1.003223923,0.001058419,108.075590000,6.941633000,101.133957000,107.728282328,100.808956700
avx512_mul,1400,0xAA,35,1.003070120,0.000140456,107.601653000,6.898115000,100.703538000,107.272314146,100.395312365
avx512_mul,1400,0xAA,36,1.003018408,0.000122315,107.667571000,6.910260000,100.757311000,107.343564323,100.454099539
avx512_mul,1400,0xAA,37,1.003034271,0.000142315,107.550567000,6.902448000,100.648119000,107.225216642,100.343649182
avx512_mul,1400,0xAA,38,1.003086763,0.000124498,107.575591000,6.891035000,100.684556000,107.244552438,100.374722976
avx512_mul,1400,0xAA,39,1.003062762,0.000143957,107.638762000,6.901044000,100.737718000,107.310096756,100.430124471
avx512_mul,1400,0xAA,40,1.003038827,0.000117357,107.515472000,6.875165000,100.640307000,107.189740868,100.335405012
avx512_mul,1400,0xAA,41,1.003293906,0.001288574,109.298975000,7.028546000,102.270429000,108.940136400,101.934665764
avx512_mul,1400,0xAA,42,1.003057129,0.000228142,107.572418000,6.902631000,100.669787000,107.244557561,100.362964478
avx512_mul,1400,0xAA,43,1.002996785,0.000136353,107.697478000,6.920637000,100.776841000,107.375696079,100.475736776
avx512_mul,1400,0xAA,44,1.003022805,0.000121825,107.711150000,6.912458000,100.798692000,107.386541437,100.494915478
avx512_mul,1400,0xAA,45,1.003025797,0.000141077,107.579864000,6.915326000,100.664538000,107.255331110,100.360866363
avx512_mul,1400,0xAA,46,1.003030126,0.000117127,107.542083000,6.900434000,100.641649000,107.217201332,100.337613353
avx512_mul,1400,0xAA,47,1.003049524,0.000143696,107.509735000,6.921552000,100.588183000,107.182878248,100.282369515
avx512_mul,1400,0xAA,48,1.003037494,0.000121899,107.667694000,6.904889000,100.762805000,107.341644449,100.457665490
avx512_mul,1400,0xAA,49,1.003029390,0.000139356,107.575530000,6.925703000,100.649827000,107.250625980,100.345840272
avx512_mul,1400,0xAA,50,1.003032976,0.000123826,107.440155000,6.917524000,100.522631000,107.115276974,100.218670214
avx512_mul,1400,0xAA,51,1.003078774,0.000228601,107.610382000,6.918928000,100.691454000,107.280090895,100.382399326
avx512_mul,1400,0xAA,52,1.003055888,0.000050842,107.468353000,6.909467000,100.558886000,107.140942322,100.252525550
avx512_mul,1400,0xAA,53,1.003058467,0.000147939,107.599700000,6.911664000,100.688036000,107.271613314,100.381023954
avx512_mul,1400,0xAA,54,1.003080871,0.000222346,107.640593000,6.925154000,100.715439000,107.309984784,100.406100760
avx512_mul,1400,0xAA,55,1.003021101,0.000127345,107.447296000,6.912946000,100.534350000,107.123664605,100.231540407
avx512_mul,1400,0xAA,56,1.003023720,0.000136556,107.559661000,6.920209000,100.639452000,107.235411143,100.336063837
avx512_mul,1400,0xAA,57,1.003033329,0.000118902,107.478729000,6.914045000,100.564684000,107.153696608,100.260560755
avx512_mul,1400,0xAA,58,1.003030241,0.000138205,107.568756000,6.911909000,100.656847000,107.243781519,100.352753992
avx512_mul,1400,0xAA,59,1.003025650,0.000107970,107.610320000,6.931135000,100.679185000,107.285710950,100.375483881
avx512_mul,1400,0xAA,60,1.003051902,0.000143823,107.684966000,6.921857000,100.763109000,107.357321951,100.456525507
avx512_mul,1400,0xAA,61,1.003089680,0.000138084,108.435331000,6.958479000,101.476852000,108.101332517,101.164286766
avx512_mul,1400,0xAA,62,1.003130157,0.000156064,107.584991000,6.919111000,100.665880000,107.249283930,100.351763251
avx512_mul,1400,0xAA,63,1.003038379,0.000115827,107.669280000,6.894758000,100.774522000,107.343130866,100.469258298
avx512_mul,1400,0xAA,64,1.003082896,0.000199787,107.524382000,6.895673000,100.628709000,107.193914265,100.319434573
avx512_mul,1400,0xAA,65,1.003056473,0.000121385,107.621611000,6.879438000,100.742173000,107.293670800,100.435195544
avx512_mul,1400,0xAA,66,1.003065387,0.000145639,107.767180000,6.914289000,100.852891000,107.437841418,100.544682619
avx512_mul,1400,0xAA,67,1.003053440,0.000121134,107.557098000,6.910504000,100.646594000,107.229678664,100.340211236
avx512_mul,1400,0xAA,68,1.003046924,0.000139010,107.548919000,6.904889000,100.644030000,107.222221007,100.338306773
avx512_mul,1400,0xAA,69,1.003029508,0.000114648,107.509429000,6.909956000,100.599473000,107.184712092,100.295626629
avx512_mul,1400,0xAA,70,1.003032632,0.000137631,107.547699000,6.902875000,100.644824000,107.222532536,100.340528121
avx512_mul,1400,0xAA,71,1.003074622,0.000125039,108.196745000,6.960249000,101.236496000,107.865100619,100.926186157
avx512_mul,1400,0xAA,72,1.003067441,0.000152061,107.600494000,6.910993000,100.689501000,107.271445140,100.381586378
avx512_mul,1400,0xAA,73,1.003044168,0.000124355,107.606963000,6.868329000,100.738634000,107.280383516,100.432899407
avx512_mul,1400,0xAA,74,1.003045520,0.000152202,107.689056000,6.904340000,100.784716000,107.362082630,100.478706091
avx512_mul,1400,0xAA,75,1.003049908,0.000124926,107.639007000,6.912153000,100.726854000,107.311716188,100.420580515
avx512_mul,1400,0xAA,76,1.003057029,0.000217807,107.726531000,6.925702000,100.800829000,107.398211518,100.493617066
avx512_mul,1400,0xAA,77,1.003022898,0.000117322,107.515716000,6.899396000,100.616320000,107.191686450,100.313083765
avx512_mul,1400,0xAA,78,1.003044775,0.000144776,107.569122000,6.903669000,100.665453000,107.242592466,100.359879776
avx512_mul,1400,0xAA,79,1.003046698,0.000114074,107.470245000,6.891584000,100.578661000,107.143810172,100.273158971
avx512_mul,1400,0xAA,80,1.003039976,0.000148475,107.662200000,6.903425000,100.758775000,107.335901386,100.453399031
avx512_mul,1400,0xAA,81,1.003094285,0.000142823,108.582791000,6.959028000,101.623763000,108.247841305,101.310280098
avx512_mul,1400,0xAA,82,1.003080673,0.000161647,107.799406000,6.910627000,100.888779000,107.468331233,100.578928229
avx512_mul,1400,0xAA,83,1.003065862,0.000127407,107.719024000,6.913617000,100.805407000,107.389781764,100.497296173
avx512_mul,1400,0xAA,84,1.003068428,0.000260148,107.634124000,6.919843000,100.714281000,107.304866754,100.406191840
avx512_mul,1400,0xAA,85,1.003044827,0.000121979,107.776030000,6.925581000,100.850449000,107.448866805,100.544308988
avx512_mul,1400,0xAA,86,1.003051297,0.000144009,107.759612000,6.902570000,100.857042000,107.431805700,100.550233418
avx512_mul,1400,0xAA,87,1.003048678,0.000118800,107.605254000,6.914533000,100.690721000,107.278197270,100.384680387
avx512_mul,1400,0xAA,88,1.003048010,0.000160515,107.615142000,6.908856000,100.706286000,107.288126713,100.400264985
avx512_mul,1400,0xAA,89,1.003029534,0.000120559,107.690520000,6.897139000,100.793381000,107.365253307,100.488946313
avx512_mul,1400,0xAA,90,1.003075112,0.000151947,107.627593000,6.922956000,100.704637000,107.297640741,100.395908341
avx512_mul,1400,0xAA,91,1.003365179,0.001605739,109.065395000,7.028668000,102.036727000,108.699601427,101.694506821
avx512_mul,1400,0xAA,92,1.003050250,0.000140824,107.790190000,6.919660000,100.870530000,107.462402771,100.563785282
avx512_mul,1400,0xAA,93,1.003040778,0.000121686,107.557708000,6.910383000,100.647325000,107.231640406,100.342206643
avx512_mul,1400,0xAA,94,1.003063594,0.000148558,107.545501000,6.911420000,100.634081000,107.217031515,100.326720632
avx512_mul,1400,0xAA,95,1.003052868,0.000121307,107.575591000,6.888959000,100.686632000,107.248176520,100.380184590
avx512_mul,1400,0xAA,96,1.003063883,0.000151202,107.746245000,6.911115000,100.835130000,107.417131435,100.527126606
avx512_mul,1400,0xAA,97,1.003061904,0.000127913,107.641998000,6.908857000,100.733141000,107.313414592,100.425647277
avx512_mul,1400,0xAA,98,1.003094851,0.000150617,107.687896000,6.895734000,100.792162000,107.355646263,100.481187689
avx512_mul,1400,0xAA,99,1.003059378,0.000122210,107.556487000,6.886640000,100.669847000,107.228434720,100.362799292
avx512_mul,1600,0x00,0,0.877615135,0.000114301,96.269651000,6.044968000,90.224683000,109.694611136,102.806662471
avx512_mul,1600,0x00,1,0.877590097,0.000126595,95.783263000,6.014999000,89.768264000,109.143509425,102.289513440
avx512_mul,1600,0x00,2,0.877568450,0.000107798,95.704772000,6.027633000,89.677139000,109.056760170,102.188198522
avx512_mul,1600,0x00,3,0.877568681,0.000129205,95.633483000,6.028854000,89.604629000,108.975496805,102.105545620
avx512_mul,1600,0x00,4,0.877559270,0.000103994,96.056578000,6.007614000,90.048964000,109.458792462,102.612971096
avx512_mul,1600,0x00,5,0.877577696,0.000043838,96.193358000,6.033859000,90.159499000,109.612355061,102.736771249
avx512_mul,1600,0x00,6,0.877583091,0.000136527,96.344602000,6.023605000,90.320997000,109.784022692,102.920165514
avx512_mul,1600,0x00,7,0.877563806,0.000102287,95.363770000,6.023056000,89.340714000,108.668759335,101.805376910
avx512_mul,1600,0x00,8,0.877570925,0.000127635,95.777404000,6.007431000,89.769973000,109.139217495,102.293695575
avx512_mul,1600,0x00,9,0.877599961,0.000112802,96.041502000,5.976669000,90.064833000,109.436538641,102.626295628
avx512_mul,1600,0x00,10,0.877597514,0.000134962,95.863585000,5.981124000,89.882461000,109.234111810,102.418773455
avx512_mul,1600,0x00,11,0.877584531,0.000112297,95.959837000,5.973190000,89.986647000,109.345406132,102.539007675
avx512_mul,1600,0x00,12,0.877599903,0.000128954,96.174803000,5.980881000,90.193922000,109.588438552,102.773395635
avx512_mul,1600,0x00,13,0.877567857,0.000039280,95.934263000,5.944198000,89.990065000,109.318341841,102.544850821
avx512_mul,1600,0x00,14,0.877608403,0.000108460,96.063841000,5.982590000,90.081251000,109.460940314,102.644016067
avx512_mul,1600,0x00,15,0.877558026,0.000126919,95.923461000,5.988937000,89.934524000,109.307257351,102.482709205
avx512_mul,1600,0x00,16,0.877579091,0.000103655,96.410703000,5.980820000,90.429883000,109.859845113,103.044710088
avx512_mul,1600,0x00,17,0.877571554,0.000124685,96.312864000,6.017684000,90.295180000,109.749300256,102.892099871
avx512_mul,1600,0x00,18,0.877562878,0.000103535,95.942564000,5.999924000,89.942640000,109.328421233,102.491390919
avx512_mul,1600,0x00,19,0.877574859,0.000127829,95.529845000,6.015610000,89.514235000,108.856633694,102.001822465
avx512_mul,1600,0x00,20,0.877552020,0.000104301,95.781066000,5.997421000,89.783645000,109.145741542,102.311478888
avx512_mul,1600,0x00,21,0.877570200,0.000043421,96.310849000,6.006149000,90.304700000,109.747173543,102.903106820
avx512_mul,1600,0x00,22,0.877564691,0.000127881,96.677060000,5.996017000,90.681043000,110.165166214,103.332602114
avx512_mul,1600,0x00,23,0.877551806,0.000101383,95.752318000,5.984726000,89.767592000,109.113008892,102.293210950
avx512_mul,1600,0x00,24,0.877558326,0.000124616,96.108092000,6.003463000,90.104629000,109.517611750,102.676513188
avx512_mul,1600,0x00,25,0.877555471,0.000102122,96.402891000,6.013107000,90.389784000,109.853900104,103.001789666
avx512_mul,1600,0x00,26,0.878771676,0.006399802,99.470448000,6.246444000,93.224004000,113.192596841,106.084443298
avx512_mul,1600,0x00,27,0.877554663,0.000104180,96.317137000,6.006515000,90.310622000,109.756281973,102.911677009
avx512_mul,1600,0x00,28,0.877570121,0.000126089,96.224302000,6.018356000,90.205946000,109.648562176,102.790584843
avx512_mul,1600,0x00,29,0.877587073,0.000111334,96.487301000,6.000351000,90.486950000,109.946128442,103.108800059
avx512_mul,1600,0x00,30,0.877523513,0.000033933,96.432736000,6.006576000,90.426160000,109.891911202,103.046993762
avx512_mul,1600,0x00,31,0.877557976,0.000135817,97.086788000,6.019272000,91.067516000,110.632904846,103.773788789
avx512_mul,1600,0x00,32,0.877580239,0.000110684,96.785214000,5.977951000,90.807263000,110.286455568,103.474598672
avx512_mul,1600,0x00,33,0.877564469,0.000132371,97.076106000,6.005294000,91.070812000,110.619913924,103.776776795
avx512_mul,1600,0x00,34,0.877552257,0.000099516,96.703732000,6.015305000,90.688427000,110.197120685,103.342480463
avx512_mul,1600,0x00,35,0.877548917,0.000125406,96.216307000,6.028183000,90.188124000,109.642101025,102.772759745
avx512_mul,1600,0x00,36,0.877541101,0.000094909,95.980040000,6.008652000,89.971388000,109.373840052,102.526694095
avx512_mul,1600,0x00,37,0.877608191,0.000136656,96.442624000,6.045761000,90.396863000,109.892574999,103.003668242
avx512_mul,1600,0x00,38,0.877555751,0.000044106,97.105403000,6.070846000,91.034557000,110.654397592,103.736494095
avx512_mul,1600,0x00,39,0.877558373,0.000105872,96.606869000,6.036239000,90.570630000,110.085974860,103.207527585
avx512_mul,1600,0x00,40,0.877554024,0.000132165,96.698483000,6.030930000,90.667553000,110.190917467,103.318485871
avx512_mul,1600,0x00,41,0.877584439,0.000116016,96.482725000,6.025193000,90.457532000,109.941244079,103.075587929
avx512_mul,1600,0x00,42,0.877597029,0.000136380,96.818111000,6.045944000,90.772167000,110.321830886,103.432627982
avx512_mul,1600,0x00,43,0.877605165,0.000109269,95.966857000,6.035018000,89.931839000,109.350834311,102.474145066
avx512_mul,1600,0x00,44,0.877580170,0.000132658,96.168089000,6.021957000,90.146132000,109.583252065,102.721249932
avx512_mul,1600,0x00,45,0.877554935,0.000107126,96.158873000,6.008957000,90.149916000,109.575901303,102.728515735
avx512_mul,1600,0x00,46,0.877557917,0.000126208,96.024230000,5.992050000,90.032180000,109.422099771,102.594003436
avx512_mul,1600,0x00,47,0.877543930,0.000036060,96.293211000,5.982650000,90.310561000,109.730359600,102.912866144
avx512_mul,1600,0x00,48,0.877562721,0.000100333,95.631469000,6.002243000,89.629226000,108.973941888,102.134267806
avx512_mul,1600,0x00,49,0.877550442,0.000121926,95.559325000,6.022690000,89.536635000,108.893256107,102.030186232
avx512_mul,1600,0x00,50,0.878319165,0.004126080,97.951593000,6.144516000,91.807077000,111.521639234,104.525872493
avx512_mul,1600,0x00,51,0.877583580,0.000123689,96.165952000,6.020797000,90.145155000,109.580391161,102.719737503
avx512_mul,1600,0x00,52,0.877581798,0.000118196,95.561767000,6.012863000,89.548904000,108.892147957,102.040521119
avx512_mul,1600,0x00,53,0.877562529,0.000126437,95.672728000,5.989120000,89.683608000,109.020981267,102.196259604
avx512_mul,1600,0x00,54,0.877546638,0.000101597,96.036925000,5.983750000,90.053175000,109.437972721,102.619246807
avx512_mul,1600,0x00,55,0.877542623,0.000037446,96.079405000,5.953415000,90.125990000,109.486881282,102.702692295
avx512_mul,1600,0x00,56,0.877521652,0.000120352,96.902157000,6.010605000,90.891552000,110.427083798,103.577560500
avx512_mul,1600,0x00,57,0.877528542,0.000095645,95.950316000,6.012008000,89.938308000,109.341532971,102.490464643
avx512_mul,1600,0x00,58,0.877562888,0.000122035,95.706176000,6.033127000,89.673049000,109.059051324,102.184185619
avx512_mul,1600,0x00,59,0.877552086,0.000098723,95.785948000,6.018845000,89.767103000,109.151296625,102.292621113
avx512_mul,1600,0x00,60,0.877555370,0.000127373,96.248045000,6.018845000,90.229200000,109.677461159,102.818811316
avx512_mul,1600,0x00,61,0.877590177,0.000117053,96.121641000,6.010971000,90.110670000,109.529075753,102.679670237
avx512_mul,1600,0x00,62,0.877630088,0.000141090,96.477781000,6.015793000,90.461988000,109.929892240,103.075303863
avx512_mul,1600,0x00,63,0.877550185,0.000032192,95.894896000,6.011337000,89.883559000,109.275683195,102.425548464
avx512_mul,1600,0x00,64,0.877564425,0.000102871,96.131407000,6.016830000,90.114577000,109.543418400,102.687135456
avx512_mul,1600,0x00,65,0.877559278,0.000125771,95.826476000,6.024765000,89.801711000,109.196584635,102.331219355
avx512_mul,1600,0x00,66,0.877557784,0.000097535,95.934507000,6.010178000,89.924329000,109.319874686,102.471119985
avx512_mul,1600,0x00,67,0.877567297,0.000127578,96.246458000,6.026413000,90.220045000,109.674162095,102.806981630
avx512_mul,1600,0x00,68,0.877582037,0.000105996,96.303465000,6.025620000,90.277845000,109.737279174,102.871117669
avx512_mul,1600,0x00,69,0.877571899,0.000132723,96.253965000,6.006027000,90.247938000,109.682141251,102.838226803
avx512_mul,1600,0x00,70,0.877578696,0.000106908,96.229368000,6.021835000,90.207533000,109.653263569,102.791388923
avx512_mul,1600,0x00,71,0.877595977,0.000049573,95.739196000,6.017624000,89.721572000,109.092564755,102.235623572
avx512_mul,1600,0x00,72,0.877623339,0.000132962,95.331605000,6.028244000,89.303361000,108.624737751,101.755909479
avx512_mul,1600,0x00,73,0.877617196,0.000111383,95.861754000,6.032456000,89.829298000,109.229575810,102.355900100
avx512_mul,1600,0x00,74,0.877572305,0.000130728,96.196897000,6.024704000,90.172193000,109.617061091,102.751867233
avx512_mul,1600,0x00,75,0.877560749,0.000108104,96.276548000,6.027695000,90.248853000,109.709268712,102.840576137
avx512_mul,1600,0x00,76,0.877565634,0.000126377,95.499634000,6.041854000,89.457780000,108.823352110,101.938563366
avx512_mul,1600,0x00,77,0.877566938,0.000107386,95.830565000,6.033432000,89.797133000,109.200291034,102.325109505
avx512_mul,1600,0x00,78,0.877571280,0.000125878,95.798278000,6.034347000,89.763931000,109.162959349,102.286769192
avx512_mul,1600,0x00,79,0.877556202,0.000102365,96.259519000,6.044540000,90.214979000,109.690432076,102.802508563
avx512_mul,1600,0x00,80,0.877596332,0.000044060,96.097105000,6.016891000,90.080214000,109.500349380,102.644246205
avx512_mul,1600,0x00,81,0.877619282,0.000141365,96.497068000,6.032150000,90.464918000,109.953222232,103.079911537
avx512_mul,1600,0x00,82,0.877611568,0.000114507,96.110411000,6.031906000,90.078505000,109.513610057,102.640516968
avx512_mul,1600,0x00,83,0.877567035,0.000128114,96.682247000,6.022812000,90.659435000,110.170782584,103.307703456
avx512_mul,1600,0x00,84,0.877549386,0.000103033,95.910033000,6.032517000,89.877516000,109.293031826,102.418755466
avx512_mul,1600,0x00,85,0.877569723,0.000126565,95.717406000,6.031296000,89.686110000,109.070998532,102.198272821
avx512_mul,1600,0x00,86,0.877577354,0.000104440,95.386169000,6.021041000,89.365128000,108.692605400,101.831625026
avx512_mul,1600,0x00,87,0.877575042,0.000129537,96.127257000,6.043624000,90.083633000,109.537364218,102.650632359
avx512_mul,1600,0x00,88,0.877540244,0.000033947,95.980528000,6.050766000,89.929762000,109.374502996,102.479359390
avx512_mul,1600,0x00,89,0.877553552,0.000102205,95.458069000,6.038620000,89.419449000,108.777485740,101.896287452
avx512_mul,1600,0x00,90,0.877578483,0.000126163,95.161805000,6.028854000,89.132951000,108.436802911,101.566928459
avx512_mul,1600,0x00,91,0.877635828,0.000118103,95.773498000,6.046310000,89.727188000,109.126695713,102.237380346
avx512_mul,1600,0x00,92,0.877624912,0.000136519,96.044798000,6.022629000,90.022169000,109.437182873,102.574764866
avx512_mul,1600,0x00,93,0.877573228,0.000113933,95.791197000,6.030930000,89.760267000,109.154648236,102.282367032
avx512_mul,1600,0x00,94,0.877579739,0.000144789,95.603820000,6.036728000,89.567092000,108.940322797,102.061485770
avx512_mul,1600,0x00,95,0.877568041,0.000121932,95.825804000,6.035079000,89.790725000,109.194728517,102.317678855
avx512_mul,1600,0x00,96,0.877565449,0.000053842,96.331784000,6.025864000,90.305920000,109.771623391,102.905054060
avx512_mul,1600,0x00,97,0.877565459,0.000147913,96.140501000,6.020004000,90.120497000,109.553652133,102.693760442
avx512_mul,1600,0x00,98,0.877567251,0.000124533,95.612060000,6.013962000,89.598098000,108.951262608,102.098269866
avx512_mul,1600,0x00,99,0.877546187,0.000147714,95.743408000,6.043747000,89.699661000,109.103554249,102.216455780
avx512_mul,1600,0xAA,0,0.877567975,0.000055388,96.761105000,6.012497000,90.748608000,110.260524223,103.409206525
avx512_mul,1600,0xAA,1,0.877510405,0.000138131,96.464170000,6.016159000,90.448011000,109.929374538,103.073434183
avx512_mul,1600,0xAA,2,0.877537753,0.000098709,96.525876000,6.025070000,90.500806000,109.996265841,103.130384599
avx512_mul,1600,0xAA,3,0.877560764,0.000128347,96.544309000,6.014633000,90.529676000,110.014386458,103.160578439
avx512_mul,1600,0xAA,4,0.877531620,0.000104150,96.900020000,6.011093000,90.888927000,110.423394216,103.573392616
avx512_mul,1600,0xAA,5,0.877570724,0.000137011,96.325743000,6.026107000,90.299636000,109.764079797,102.897274839
avx512_mul,1600,0xAA,6,0.877570885,0.000104102,96.460080000,6.032456000,90.427624000,109.917137955,103.043099509
avx512_mul,1600,0xAA,7,0.877576520,0.000129188,96.009459000,6.032089000,89.977370000,109.402948716,102.529372608
avx512_mul,1600,0xAA,8,0.877530412,0.000039160,96.387204000,6.022689000,90.364515000,109.839160788,102.975935401
avx512_mul,1600,0xAA,9,0.877544944,0.000094835,96.069212000,6.007981000,90.061231000,109.474976339,102.628625004
avx512_mul,1600,0xAA,10,0.877537834,0.000126540,96.159360000,6.027023000,90.132337000,109.578591712,102.710485554
avx512_mul,1600,0xAA,11,0.877563463,0.000114121,96.709714000,6.016525000,90.693189000,110.202530206,103.346587296
avx512_mul,1600,0xAA,12,0.877583368,0.000128770,96.781063000,6.034958000,90.746105000,110.281332318,103.404540639
avx512_mul,1600,0xAA,13,0.877542396,0.000102689,95.924681000,6.029709000,89.894972000,109.310594467,102.439463196
avx512_mul,1600,0xAA,14,0.877555101,0.000123279,95.999082000,6.047776000,89.951306000,109.393794101,102.502174424
avx512_mul,1600,0xAA,15,0.877552965,0.000100449,96.263486000,6.035385000,90.228101000,109.695357217,102.817840715
avx512_mul,1600,0xAA,16,0.877545700,0.000035401,95.825256000,6.017196000,89.808060000,109.196884022,102.340037705
avx512_mul,1600,0xAA,17,0.877563906,0.000131056,96.386899000,6.002121000,90.384778000,109.834621023,102.995095193
avx512_mul,1600,0xAA,18,0.877551474,0.000103437,95.859679000,6.026413000,89.833266000,109.235391719,102.368087430
avx512_mul,1600,0xAA,19,0.877570278,0.000131221,96.275938000,6.015915000,90.260023000,109.707382377,102.852187808
avx512_mul,1600,0xAA,20,0.877570598,0.000102099,96.060484000,6.039780000,90.020704000,109.461830385,102.579443930
avx512_mul,1600,0xAA,21,0.877606467,0.000143570,96.342038000,6.022873000,90.319165000,109.778176982,102.915336711
avx512_mul,1600,0xAA,22,0.877565001,0.000102685,96.362912000,6.026291000,90.336621000,109.807150302,102.940090892
avx512_mul,1600,0xAA,23,0.877586905,0.000126982,96.287962000,6.041427000,90.246535000,109.719004958,102.834869649
avx512_mul,1600,0xAA,24,0.877562252,0.000100323,96.624569000,6.029099000,90.595470000,110.105657785,103.235377088
avx512_mul,1600,0xAA,25,0.877565122,0.000039207,96.199644000,6.002426000,90.197218000,109.621088579,102.781224679
avx512_mul,1600,0xAA,26,0.877525640,0.000121673,96.517698000,5.998092000,90.519606000,109.988464847,103.153232089
avx512_mul,1600,0xAA,27,0.877559364,0.000096066,96.277097000,5.997666000,90.279431000,109.710067481,102.875582831
avx512_mul,1600,0xAA,28,0.877523639,0.000114296,96.452817000,5.985520000,90.467297000,109.914779124,103.093857463
avx512_mul,1600,0xAA,29,0.877518041,0.000094491,96.392209000,6.012253000,90.379956000,109.846412824,102.994983316
avx512_mul,1600,0xAA,30,0.877520794,0.000113792,96.558102000,5.988144000,90.569958000,110.035115648,103.211181623
avx512_mul,1600,0xAA,31,0.877536532,0.000112042,96.438535000,5.988205000,90.450330000,109.896889121,103.073007973
avx512_mul,1600,0xAA,32,0.877566807,0.000123917,96.004515000,6.021652000,89.982863000,109.398525880,102.536766804
avx512_mul,1600,0xAA,33,0.877570928,0.000033662,95.632507000,6.043197000,89.589310000,108.974105570,102.087828001
avx512_mul,1600,0xAA,34,0.877585200,0.000107203,96.009459000,6.056992000,89.952467000,109.401866658,102.499981802
avx512_mul,1600,0xAA,35,0.877584409,0.000131476,96.628903000,6.061508000,90.567395000,110.107816398,103.200779381
avx512_mul,1600,0xAA,36,0.877560769,0.000105173,96.414426000,6.042954000,90.371472000,109.866381217,102.980300831
avx512_mul,1600,0xAA,37,0.877574583,0.000124393,96.020567000,6.037094000,89.983473000,109.415847770,102.536553274
avx512_mul,1600,0xAA,38,0.877558863,0.000104220,95.696350000,6.018539000,89.677811000,109.048354466,102.190080621
avx512_mul,1600,0xAA,39,0.877573016,0.000123989,96.572262000,6.011276000,90.560986000,110.044703048,103.194816045
avx512_mul,1600,0xAA,40,0.877569459,0.000101865,96.193296000,6.018173000,90.175123000,109.613313210,102.755539233
avx512_mul,1600,0xAA,41,0.877528297,0.000039681,96.024718000,6.003220000,90.021498000,109.426349310,102.585293565
avx512_mul,1600,0xAA,42,0.877564063,0.000127991,95.645141000,5.997116000,89.648025000,108.989354762,102.155533446
avx512_mul,1600,0xAA,43,0.877536340,0.000097250,95.670165000,6.003036000,89.667129000,109.021314113,102.180530747
avx512_mul,1600,0xAA,44,0.877537723,0.000119408,95.992674000,6.030808000,89.961866000,109.388658200,102.516237968
avx512_mul,1600,0xAA,45,0.877527159,0.000098081,95.895750000,6.033493000,89.862257000,109.279523762,102.403961063
avx512_mul,1600,0xAA,46,0.877538064,0.000120776,96.145078000,6.016464000,90.128614000,109.562287901,102.706216070
avx512_mul,1600,0xAA,47,0.877514821,0.000093738,96.375547000,6.033432000,90.342115000,109.827828231,102.952238375
avx512_mul,1600,0xAA,48,0.877571036,0.000120668,96.178526000,6.035140000,90.143386000,109.596285754,102.719190050
avx512_mul,1600,0xAA,49,0.877544495,0.000037281,96.306027000,6.029648000,90.276379000,109.744893272,102.873847951
avx512_mul,1600,0xAA,50,0.877523483,0.000097537,95.951110000,6.034897000,89.916213000,109.343068153,102.465876696
avx512_mul,1600,0xAA,51,0.877548153,0.000124674,96.352658000,6.022385000,90.330273000,109.797573713,102.934833497
avx512_mul,1600,0xAA,52,0.877533626,0.000100269,96.083189000,6.018600000,90.064589000,109.492315875,102.633775279
avx512_mul,1600,0xAA,53,0.877518233,0.000119721,96.491208000,6.034348000,90.456860000,109.959205819,103.082598846
avx512_mul,1600,0xAA,54,0.877556276,0.000098525,95.707641000,6.029892000,89.677749000,109.061542423,102.190311293
avx512_mul,1600,0xAA,55,0.877587661,0.000126307,96.277341000,6.010055000,90.267286000,109.706807950,102.858426567
avx512_mul,1600,0xAA,56,0.877582013,0.000104004,96.597958000,6.003585000,90.594373000,110.072855347,103.231802421
avx512_mul,1600,0xAA,57,0.877603055,0.000135392,96.651547000,6.025985000,90.625562000,110.131279148,103.264866175
avx512_mul,1600,0xAA,58,0.877585922,0.000039054,96.287656000,5.986007000,90.301649000,109.718779248,102.897786736
avx512_mul,1600,0xAA,59,0.877550897,0.000100391,96.380491000,5.988815000,90.391676000,109.828947045,103.004482481
avx512_mul,1600,0xAA,60,0.877568138,0.000126453,95.851989000,5.973922000,89.878067000,109.224554653,102.417194923
avx512_mul,1600,0xAA,61,0.877596970,0.000115986,95.760009000,5.996811000,89.763198000,109.116157237,102.282939708
avx512_mul,1600,0xAA,62,0.877602270,0.000147766,96.260068000,5.998824000,90.261244000,109.685299657,102.849829647
avx512_mul,1600,0xAA,63,0.877590502,0.000114462,95.616455000,6.004746000,89.611709000,108.953384002,102.111074310
avx512_mul,1600,0xAA,64,0.877592219,0.000132478,96.268553000,5.991135000,90.277418000,109.696224455,102.869437626
avx512_mul,1600,0xAA,65,0.877574750,0.000108464,96.150327000,5.998825000,90.151502000,109.563689019,102.728003512
avx512_mul,1600,0xAA,66,0.877578151,0.000034038,96.121397000,5.979844000,90.141553000,109.530298660,102.716268489
avx512_mul,1600,0xAA,67,0.877581740,0.000135192,96.019469000,6.006149000,90.013320000,109.413704354,102.569727629
avx512_mul,1600,0xAA,68,0.877586815,0.000114644,96.577756000,5.999618000,90.578138000,110.049233135,103.212737990
avx512_mul,1600,0xAA,69,0.877602378,0.000135149,96.465146000,6.026656000,90.438490000,109.918966112,103.051783258
avx512_mul,1600,0xAA,70,0.877583104,0.000111777,96.810299000,6.005478000,90.804821000,110.314679682,103.471478196
avx512_mul,1600,0xAA,71,0.877602119,0.000144237,96.221922000,6.014267000,90.207655000,109.641852434,102.788784431
avx512_mul,1600,0xAA,72,0.877599751,0.000113752,96.309080000,6.018478000,90.290602000,109.741462371,102.883577559
avx512_mul,1600,0xAA,73,0.877584244,0.000128291,96.273191000,6.010727000,90.262464000,109.702506227,102.853332440
avx512_mul,1600,0xAA,74,0.877568392,0.000038050,96.051756000,5.966904000,90.084852000,109.452159963,102.652799303
avx512_mul,1600,0xAA,75,0.877597075,0.000114558,95.681640000,6.011947000,89.669693000,109.026844654,102.176380849
avx512_mul,1600,0xAA,76,0.877580762,0.000134743,96.166197000,6.031601000,90.134596000,109.581022189,102.708035384
avx512_mul,1600,0xAA,77,0.877571027,0.000111313,96.181700000,6.016464000,90.165236000,109.599903595,102.744089294
avx512_mul,1600,0xAA,78,0.877586410,0.000131619,96.158201000,6.000106000,90.158095000,109.571205626,102.734151256
avx512_mul,1600,0xAA,79,0.877596498,0.000116247,95.714843000,6.036789000,89.678054000,109.064750340,102.185975173
avx512_mul,1600,0xAA,80,0.877601082,0.000137156,96.159483000,6.024826000,90.134657000,109.570834559,102.705726800
avx512_mul,1600,0xAA,81,0.877624068,0.000123477,96.555112000,6.022263000,90.532849000,110.018760378,103.156752803
avx512_mul,1600,0xAA,82,0.877591132,0.000046187,96.301877000,6.014572000,90.287305000,109.734332411,102.880831070
avx512_mul,1600,0xAA,83,0.877607597,0.000136819,96.318662000,5.990036000,90.328626000,109.751399462,102.925984530
avx512_mul,1600,0xAA,84,0.877623500,0.000114610,96.231748000,6.006027000,90.225721000,109.650377402,102.806865350
avx512_mul,1600,0xAA,85,0.877600019,0.000135282,96.154355000,6.008285000,90.146070000,109.565124154,102.718856068
avx512_mul,1600,0xAA,86,0.877604062,0.000115499,95.888915000,6.014205000,89.874710000,109.262159451,102.409177272
avx512_mul,1600,0xAA,87,0.877603188,0.000135468,95.453857000,6.043625000,89.410232000,108.766533994,101.880021865
avx512_mul,1600,0xAA,88,0.877592310,0.000115265,95.617004000,6.000534000,89.616470000,108.953785176,102.116289071
avx512_mul,1600,0xAA,89,0.877597511,0.000132412,96.609555000,6.007370000,90.602185000,110.084125998,103.238880970
avx512_mul,1600,0xAA,90,0.877584861,0.000107539,96.824093000,6.021896000,90.802197000,110.330176893,103.468280950
avx512_mul,1600,0xAA,91,0.877592521,0.000048543,95.744628000,6.001999000,89.742629000,109.099184094,102.260020294
avx512_mul,1600,0xAA,92,0.877580051,0.000137317,96.360654000,6.009811000,90.350843000,109.802694263,102.954531528
avx512_mul,1600,0xAA,93,0.877568978,0.000108995,96.453366000,6.009811000,90.443555000,109.909726107,103.061476965
avx512_mul,1600,0xAA,94,0.877560869,0.000121437,96.514096000,5.949997000,90.564099000,109.979944838,103.199791793
avx512_mul,1600,0xAA,95,0.877591976,0.000113497,95.848388000,5.994187000,89.854201000,109.217484401,102.387217989
avx512_mul,1600,0xAA,96,0.877591432,0.000132348,95.759887000,6.009445000,89.750442000,109.116706885,102.269050010
avx512_mul,1600,0xAA,97,0.877554671,0.000105890,96.318296000,6.004196000,90.314100000,109.757601679,102.915639349
avx512_mul,1600,0xAA,98,0.877590063,0.000131568,95.735167000,6.015304000,89.719863000,109.088708982,102.234365191
avx512_mul,1600,0xAA,99,0.877581101,0.000042554,96.338682000,6.032578000,90.306104000,109.777525912,102.903428468
avx512_mul,1800,0x00,0,0.780032451,0.000110514,86.792441000,5.299792000,81.492649000,111.267731035,104.473408580
avx512_mul,1800,0x00,1,0.780044509,0.000129593,86.861838000,5.326646000,81.535192000,111.354976591,104.526332916
avx512_mul,1800,0x00,2,0.779996652,0.000033005,86.538841000,5.308459000,81.230382000,110.947708344,104.141962461
avx512_mul,1800,0x00,3,0.779993498,0.000092591,86.604087000,5.284715000,81.319372000,111.031806329,104.256474209
avx512_mul,1800,0x00,4,0.780007383,0.000119158,86.630516000,5.304796000,81.325720000,111.063712903,104.262756760
avx512_mul,1800,0x00,5,0.780028353,0.000098815,86.645164000,5.299120000,81.346044000,111.079505804,104.286009161
avx512_mul,1800,0x00,6,0.780053218,0.000036882,86.942160000,5.341111000,81.601049000,111.456703176,104.609592139
avx512_mul,1800,0x00,7,0.780038238,0.000129972,86.731101000,5.342515000,81.388586000,111.188268379,104.339225938
avx512_mul,1800,0x00,8,0.780049452,0.000104133,86.602256000,5.356065000,81.246191000,111.021494581,104.155179904
avx512_mul,1800,0x00,9,0.780056626,0.000127217,86.639488000,5.367784000,81.271704000,111.068203456,104.186928656
avx512_mul,1800,0x00,10,0.780044227,0.000105384,86.727500000,5.340624000,81.386876000,111.182798393,104.336232753
avx512_mul,1800,0x00,11,0.780017436,0.000033565,86.782675000,5.342759000,81.439916000,111.257352668,104.407814759
avx512_mul,1800,0x00,12,0.780034581,0.000125540,86.906333000,5.351976000,81.554357000,111.413436174,104.552232670
avx512_mul,1800,0x00,13,0.780028992,0.000100086,86.842856000,5.349596000,81.493260000,111.332856746,104.474655248
avx512_mul,1800,0x00,14,0.780032494,0.000128262,86.846091000,5.343798000,81.502293000,111.336504179,104.485766494
avx512_mul,1800,0x00,15,0.779998234,0.000028920,86.756248000,5.351487000,81.404761000,111.226210827,104.365314523
avx512_mul,1800,0x00,16,0.780003851,0.000096997,86.719627000,5.318834000,81.400793000,111.178460066,104.359475784
avx512_mul,1800,0x00,17,0.780021735,0.000126268,86.920859000,5.386278000,81.534581000,111.433893616,104.528601416
avx512_mul,1800,0x00,18,0.780018481,0.000093961,86.754844000,5.367112000,81.387732000,111.221523707,104.340773918
avx512_mul,1800,0x00,19,0.780049761,0.000124454,86.679099000,5.362902000,81.316197000,111.119961025,104.244884240
avx512_mul,1800,0x00,20,0.779989152,0.000028047,86.705100000,5.350023000,81.355077000,111.161930652,104.302831410
avx512_mul,1800,0x00,21,0.780011337,0.000092578,86.666709000,5.334826000,81.331883000,111.109550420,104.270129317
avx512_mul,1800,0x00,22,0.780016508,0.000112441,86.712607000,5.358079000,81.354528000,111.167656246,104.298469573
avx512_mul,1800,0x00,23,0.779980150,0.000087921,86.814780000,5.356859000,81.457921000,111.303832484,104.435889758
avx512_mul,1800,0x00,24,0.779989264,0.000111296,86.582420000,5.351122000,81.231298000,111.004630387,104.144123142
avx512_mul,1800,0x00,25,0.780005537,0.000031591,86.712303000,5.363024000,81.349279000,111.168830049,104.293207064
avx512_mul,1800,0x00,26,0.779990632,0.000101119,86.621970000,5.332567000,81.289403000,111.055141529,104.218435057
avx512_mul,1800,0x00,27,0.780017879,0.000120922,86.660240000,5.362963000,81.297277000,111.100325196,104.224889203
avx512_mul,1800,0x00,28,0.780022622,0.000091232,86.713950000,5.356615000,81.357335000,111.168506643,104.301250680
avx512_mul,1800,0x00,29,0.779983008,0.000025664,86.745811000,5.359666000,81.386145000,111.215000981,104.343484621
avx512_mul,1800,0x00,30,0.780003530,0.000122487,86.647483000,5.354784000,81.292699000,111.086013870,104.220937251
avx512_mul,1800,0x00,31,0.780030650,0.000107031,86.697959000,5.341539000,81.356420000,111.146862001,104.299004162
avx512_mul,1800,0x00,32,0.780051151,0.000125988,86.881125000,5.342760000,81.538365000,111.378753653,104.529510508
avx512_mul,1800,0x00,33,0.780017127,0.000096135,86.708213000,5.354295000,81.353918000,111.161934731,104.297604689
avx512_mul,1800,0x00,34,0.780021682,0.000032765,86.676780000,5.358019000,81.318761000,111.120988055,104.251923868
avx512_mul,1800,0x00,35,0.780016188,0.000127490,86.827964000,5.340135000,81.487829000,111.315592337,104.469407499
avx512_mul,1800,0x00,36,0.780014741,0.000099095,86.630882000,5.353379000,81.277503000,111.063134347,104.199957644
avx512_mul,1800,0x00,37,0.780020711,0.000117172,86.571494000,5.335192000,81.236302000,110.986147935,104.146339804
avx512_mul,1800,0x00,38,0.780016300,0.000044686,86.639732000,5.350389000,81.289343000,111.074258320,104.214928585
avx512_mul,1800,0x00,39,0.779989605,0.000101497,86.617393000,5.342393000,81.275000000,111.049419650,104.200106577
avx512_mul,1800,0x00,40,0.780024722,0.000125106,86.653098000,5.352952000,81.300146000,111.090194426,104.227652957
avx512_mul,1800,0x00,41,0.780035565,0.000094785,86.954550000,5.363390000,81.591160000,111.475109456,104.599281943
avx512_mul,1800,0x00,42,0.780044258,0.000125606,86.524314000,5.312548000,81.211766000,110.922313887,104.111741349
avx512_mul,1800,0x00,43,0.779996646,0.000036973,86.534630000,5.351670000,81.182960000,110.942310319,104.081165436
avx512_mul,1800,0x00,44,0.780010361,0.000101767,86.669578000,5.332872000,81.336706000,111.113367675,104.276443105
avx512_mul,1800,0x00,45,0.780022380,0.000118328,86.679099000,5.368273000,81.310826000,111.123861630,104.241657813
avx512_mul,1800,0x00,46,0.780022210,0.000104471,86.467430000,5.366014000,81.101416000,110.852523073,103.973213826
avx512_mul,1800,0x00,47,0.780033014,0.000122839,86.826255000,5.387133000,81.439122000,111.311000255,104.404711797
avx512_mul,1800,0x00,48,0.779995122,0.000031613,86.517112000,5.373461000,81.143651000,110.920068097,104.030972446
avx512_mul,1800,0x00,49,0.780020979,0.000098166,86.529076000,5.371691000,81.157385000,110.931729245,104.045131130
avx512_mul,1800,0x00,50,0.780033159,0.000125255,86.695396000,5.371812000,81.323584000,111.143218746,104.256573045
avx512_mul,1800,0x00,51,0.780051847,0.000110433,86.803610000,5.369981000,81.433629000,111.279282696,104.395149262
avx512_mul,1800,0x00,52,0.780013144,0.000033319,86.748619000,5.385302000,81.363317000,111.214304163,104.310187169
avx512_mul,1800,0x00,53,0.780020072,0.000127175,86.612755000,5.353685000,81.259070000,111.039136152,104.175614057
avx512_mul,1800,0x00,54,0.780043891,0.000101819,86.694724000,5.358690000,81.336034000,111.140828130,104.271099307
avx512_mul,1800,0x00,55,0.780020026,0.000122709,86.584740000,5.356554000,81.228186000,111.003227012,104.136026398
avx512_mul,1800,0x00,56,0.780021315,0.000102752,86.660606000,5.354051000,81.306555000,111.100305011,104.236324633
avx512_mul,1800,0x00,57,0.779991438,0.000027951,86.648704000,5.347765000,81.300939000,111.089301470,104.233117236
avx512_mul,1800,0x00,58,0.780011893,0.000117388,86.766684000,5.359300000,81.407384000,111.237642322,104.366849651
avx512_mul,1800,0x00,59,0.780022539,0.000097591,86.577842000,5.352037000,81.225805000,110.994026079,104.132638446
avx512_mul,1800,0x00,60,0.780016968,0.000119041,86.726707000,5.353685000,81.373022000,111.185667217,104.322117806
avx512_mul,1800,0x00,61,0.780025888,0.000039497,86.815330000,5.359483000,81.455847000,111.298011125,104.427107120
avx512_mul,1800,0x00,62,0.780026535,0.000097172,86.557151000,5.353380000,81.203771000,110.966931411,104.103857194
avx512_mul,1800,0x00,63,0.780025596,0.000123462,86.657737000,5.340929000,81.316808000,111.096017223,104.248897038
avx512_mul,1800,0x00,64,0.780023932,0.000098793,86.517051000,5.363633000,81.153418000,110.915893093,104.039651502
avx512_mul,1800,0x00,65,0.780011644,0.000120514,86.543175000,5.349718000,81.193457000,110.951132104,104.092621673
avx512_mul,1800,0x00,66,0.779994196,0.000031801,86.637168000,5.339037000,81.298131000,111.074118864,104.229148696
avx512_mul,1800,0x00,67,0.780012238,0.000101465,86.636924000,5.342943000,81.293981000,111.071236828,104.221417376
avx512_mul,1800,0x00,68,0.780023786,0.000121391,86.530967000,5.349229000,81.181738000,110.933754330,104.075977556
avx512_mul,1800,0x00,69,0.780042865,0.000106288,86.721031000,5.341417000,81.379614000,111.174699421,104.327105214
avx512_mul,1800,0x00,70,0.780027581,0.000033544,86.650046000,5.335374000,81.314672000,111.085874529,104.245893316
avx512_mul,1800,0x00,71,0.780042804,0.000132461,86.807151000,5.339830000,81.467321000,111.285112200,104.439551969
avx512_mul,1800,0x00,72,0.780038895,0.000106034,86.842429000,5.339830000,81.502599000,111.330895807,104.485301272
avx512_mul,1800,0x00,73,0.780035031,0.000131294,86.703269000,5.321825000,81.381444000,111.153045156,104.330499001
avx512_mul,1800,0x00,74,0.780031206,0.000102441,86.624351000,5.341295000,81.283056000,111.052417321,104.204877171
avx512_mul,1800,0x00,75,0.779988477,0.000027797,86.659019000,5.337083000,81.321936000,111.102947682,104.260432498
avx512_mul,1800,0x00,76,0.780011240,0.000127525,86.730430000,5.349474000,81.380956000,111.191256721,104.333055546
avx512_mul,1800,0x00,77,0.780017779,0.000096941,86.543846000,5.329393000,81.214453000,110.951119718,104.118720327
avx512_mul,1800,0x00,78,0.780020632,0.000125485,86.726951000,5.343064000,81.383887000,111.185457725,104.335556862
avx512_mul,1800,0x00,79,0.780013671,0.000094397,86.649253000,5.341845000,81.307408000,111.086838862,104.238439664
avx512_mul,1800,0x00,80,0.779985371,0.000032012,86.480309000,5.365831000,81.114478000,110.874270507,103.994870969
avx512_mul,1800,0x00,81,0.780046357,0.000121646,86.917258000,5.385484000,81.531774000,111.425759820,104.521703474
avx512_mul,1800,0x00,82,0.780021963,0.000101216,86.695579000,5.382310000,81.313269000,111.145048556,104.244845418
avx512_mul,1800,0x00,83,0.780023254,0.000120925,86.755271000,5.377733000,81.377538000,111.221390628,104.327066677
avx512_mul,1800,0x00,84,0.780034926,0.000041757,86.699180000,5.377977000,81.321203000,111.147818086,104.253284490
avx512_mul,1800,0x00,85,0.779990791,0.000101387,86.776573000,5.380540000,81.396033000,111.253330200,104.355120550
avx512_mul,1800,0x00,86,0.779999459,0.000116235,86.713096000,5.375902000,81.337194000,111.170713004,104.278526173
avx512_mul,1800,0x00,87,0.779993065,0.000089282,86.723655000,5.372605000,81.351050000,111.185161586,104.297145219
avx512_mul,1800,0x00,88,0.780026379,0.000125126,86.790732000,5.380602000,81.410130000,111.266406327,104.368431917
avx512_mul,1800,0x00,89,0.779999007,0.000028513,86.711143000,5.327501000,81.383642000,111.168273638,104.338135452
avx512_mul,1800,0x00,90,0.780020747,0.000100415,86.758812000,5.351427000,81.407385000,111.226287698,104.365666334
avx512_mul,1800,0x00,91,0.780037140,0.000122060,86.833335000,5.358080000,81.475255000,111.319487926,104.450481664
avx512_mul,1800,0x00,92,0.780031613,0.000095967,86.655052000,5.357165000,81.297887000,111.091718007,104.223836103
avx512_mul,1800,0x00,93,0.780008237,0.000031964,86.656577000,5.346605000,81.309972000,111.097002382,104.242452976
avx512_mul,1800,0x00,94,0.780012991,0.000125101,86.656273000,5.316271000,81.340002000,111.095935626,104.280317087
avx512_mul,1800,0x00,95,0.780016859,0.000100358,86.705284000,5.342333000,81.362951000,111.158217943,104.309221105
avx512_mul,1800,0x00,96,0.780013773,0.000119574,86.732138000,5.363756000,81.368382000,111.193085335,104.316596500
avx512_mul,1800,0x00,97,0.780010149,0.000098074,86.512596000,5.363206000,81.149390000,110.912141447,104.036325786
avx512_mul,1800,0x00,98,0.779999855,0.000033370,86.536705000,5.348985000,81.187720000,110.944514285,104.086839929
avx512_mul,1800,0x00,99,0.779979160,0.000125120,86.886679000,5.360399000,81.526280000,111.396154421,104.523664395
avx512_mul,1800,0xAA,0,0.780026833,0.000096119,86.794089000,5.324938000,81.469151000,111.270645158,104.444036416
avx512_mul,1800,0xAA,1,0.780028038,0.000116002,86.852683000,5.302659000,81.550024000,111.345591154,104.547554748
avx512_mul,1800,0xAA,2,0.779984681,0.000026744,86.583214000,5.278490000,81.304724000,111.006300663,104.238872880
avx512_mul,1800,0xAA,3,0.780001058,0.000090768,86.671531000,5.299059000,81.372472000,111.117196787,104.323540613
avx512_mul,1800,0xAA,4,0.780003108,0.000115967,86.697898000,5.297594000,81.400304000,111.150708323,104.358948210
avx512_mul,1800,0xAA,5,0.780009215,0.000095188,86.596153000,5.321215000,81.274938000,111.019397441,104.197407520
avx512_mul,1800,0xAA,6,0.780035891,0.000118919,86.803061000,5.297594000,81.505467000,111.280855178,104.489380500
avx512_mul,1800,0xAA,7,0.779993852,0.000032449,86.745139000,5.284227000,81.460912000,111.212593311,104.437889909
avx512_mul,1800,0xAA,8,0.779975427,0.000090632,86.566429000,5.286852000,81.279577000,110.986097801,104.207868875
avx512_mul,1800,0xAA,9,0.780008589,0.000118308,86.751976000,5.294725000,81.457251000,111.219257377,104.431223148
avx512_mul,1800,0xAA,10,0.780012303,0.000095129,86.783347000,5.347887000,81.435460000,111.258946335,104.402789096
avx512_mul,1800,0xAA,11,0.779991193,0.000028005,86.582114000,5.313951000,81.268163000,111.003963580,104.191128965
avx512_mul,1800,0xAA,12,0.780022339,0.000119604,86.827353000,5.304552000,81.522801000,111.313931274,104.513418344
avx512_mul,1800,0xAA,13,0.780024560,0.000096072,86.737144000,5.312365000,81.424779000,111.197965402,104.387455484
avx512_mul,1800,0xAA,14,0.780040198,0.000123491,86.747702000,5.319445000,81.428257000,111.209271340,104.389821502
avx512_mul,1800,0xAA,15,0.780043183,0.000105532,86.591942000,5.318834000,81.273108000,111.009164445,104.190523998
avx512_mul,1800,0xAA,16,0.780012880,0.000029499,86.643271000,5.313829000,81.329442000,111.079282480,104.266793689
avx512_mul,1800,0xAA,17,0.779994079,0.000125782,86.688559000,5.317125000,81.371434000,111.140021806,104.323143140
avx512_mul,1800,0xAA,18,0.779992752,0.000092871,86.617210000,5.331895000,81.285315000,111.048736966,104.212910629
avx512_mul,1800,0xAA,19,0.779992313,0.000115238,86.825462000,5.347948000,81.477514000,111.315791954,104.459380790
avx512_mul,1800,0xAA,20,0.779965547,0.000024316,86.517906000,5.325426000,81.192480000,110.925291914,104.097521099
avx512_mul,1800,0xAA,21,0.779999106,0.000104975,86.828086000,5.331529000,81.496557000,111.318186577,104.482885152
avx512_mul,1800,0xAA,22,0.780009784,0.000122703,87.034201000,5.329210000,81.704991000,111.580909319,104.748674508
avx512_mul,1800,0xAA,23,0.779989496,0.000095122,86.579612000,5.283373000,81.296239000,111.000997398,104.227351050
avx512_mul,1800,0xAA,24,0.779998903,0.000118408,86.606895000,5.278185000,81.328710000,111.034636919,104.267723557
avx512_mul,1800,0xAA,25,0.779987820,0.000030863,86.596031000,5.311205000,81.284826000,111.022286159,104.212942653
avx512_mul,1800,0xAA,26,0.780011773,0.000101845,86.855612000,5.291002000,81.564610000,111.351668011,104.568434498
avx512_mul,1800,0xAA,27,0.780015138,0.000120466,86.713340000,5.257982000,81.455358000,111.168791198,104.427919458
avx512_mul,1800,0xAA,28,0.780014061,0.000098495,86.726646000,5.238451000,81.488195000,111.186003366,104.470161611
avx512_mul,1800,0xAA,29,0.779991357,0.000025398,86.672813000,5.261034000,81.411779000,111.120222379,104.375232251
avx512_mul,1800,0xAA,30,0.779995395,0.000126079,86.693381000,5.274095000,81.419286000,111.146016445,104.384316269
avx512_mul,1800,0xAA,31,0.780003456,0.000097827,86.902304000,5.290636000,81.611668000,111.412716587,104.629879975
avx512_mul,1800,0xAA,32,0.780023789,0.000113790,86.832053000,5.300524000,81.531529000,111.319749747,104.524413407
avx512_mul,1800,0xAA,33,0.780021340,0.000095035,86.549766000,5.318102000,81.231664000,110.958202764,104.140309807
avx512_mul,1800,0xAA,34,0.779984995,0.000028674,86.547875000,5.259508000,81.288367000,110.960948627,104.217859938
avx512_mul,1800,0xAA,35,0.780016965,0.000124607,86.729697000,5.300523000,81.429174000,111.189500788,104.394106284
avx512_mul,1800,0xAA,36,0.780028838,0.000099950,86.624840000,5.322252000,81.302588000,111.053381311,104.230233577
avx512_mul,1800,0xAA,37,0.780050882,0.000121242,86.870993000,5.320481000,81.550512000,111.365803242,104.545118688
avx512_mul,1800,0xAA,38,0.780022212,0.000100335,86.960776000,5.333910000,81.626866000,111.484999568,104.646848147
avx512_mul,1800,0xAA,39,0.780013086,0.000027217,86.760886000,5.300707000,81.460179000,111.230039020,104.434374826
avx512_mul,1800,0xAA,40,0.780016127,0.000124784,86.729453000,5.291002000,81.438451000,111.189307449,104.406111802
avx512_mul,1800,0xAA,41,0.780039567,0.000103454,87.167258000,5.316392000,81.850866000,111.747226345,104.931684893
avx512_mul,1800,0xAA,42,0.780052808,0.000128985,86.614159000,5.299242000,81.314917000,111.036276215,104.242836144
avx512_mul,1800,0xAA,43,0.780006259,0.000035019,86.788779000,5.289415000,81.499364000,111.266772479,104.485525616
avx512_mul,1800,0xAA,44,0.780005810,0.000101114,86.865683000,5.262194000,81.603489000,111.365430696,104.619078386
avx512_mul,1800,0xAA,45,0.780025870,0.000121799,86.767478000,5.310412000,81.457066000,111.236667102,104.428672385
avx512_mul,1800,0xAA,46,0.780028765,0.000099216,86.628196000,5.289720000,81.338476000,111.057694191,104.276251967
avx512_mul,1800,0xAA,47,0.780022278,0.000123003,86.914756000,5.278185000,81.636571000,111.425991887,104.659281307
avx512_mul,1800,0xAA,48,0.779994169,0.000031682,86.709556000,5.276110000,81.433446000,111.166928465,104.402634308
avx512_mul,1800,0xAA,49,0.780030841,0.000101900,86.849204000,5.272264000,81.576940000,111.340731016,104.581685442
avx512_mul,1800,0xAA,50,0.780019272,0.000116666,86.872641000,5.294176000,81.578465000,111.372428978,104.585191549
avx512_mul,1800,0xAA,51,0.780042216,0.000110474,86.965049000,5.330735000,81.634314000,111.487618557,104.653712785
avx512_mul,1800,0xAA,52,0.780014704,0.000035484,86.856039000,5.344286000,81.511753000,111.351796984,104.500277429
avx512_mul,1800,0xAA,53,0.780014585,0.000127437,86.838828000,5.347764000,81.491064000,111.329749107,104.473769609
avx512_mul,1800,0xAA,54,0.780022526,0.000095761,86.631676000,5.341844000,81.289832000,111.063043823,104.214723651
avx512_mul,1800,0xAA,55,0.780030961,0.000122641,86.611717000,5.316393000,81.295324000,111.036255368,104.220637444
avx512_mul,1800,0xAA,56,0.780029058,0.000104352,86.814963000,5.314440000,81.500523000,111.297088355,104.483957556
avx512_mul,1800,0xAA,57,0.780025671,0.000033246,86.589744000,5.318467000,81.271277000,111.008838867,104.190515830
avx512_mul,1800,0xAA,58,0.780054224,0.000125371,86.741233000,5.303148000,81.438085000,111.198978680,104.400543599
avx512_mul,1800,0xAA,59,0.780045885,0.000108242,86.816306000,5.319933000,81.496373000,111.296409210,104.476383487
avx512_mul,1800,0xAA,60,0.780050743,0.000127816,86.794944000,5.335314000,81.459630000,111.268330711,104.428629512
avx512_mul,1800,0xAA,61,0.780047067,0.000041950,86.737388000,5.315050000,81.422338000,111.195069776,104.381314264
avx512_mul,1800,0xAA,62,0.780047575,0.000110703,87.036093000,5.312243000,81.723850000,111.577929082,104.767776509
avx512_mul,1800,0xAA,63,0.780051461,0.000125617,86.811240000,5.317430000,81.493810000,111.289119183,104.472350974
avx512_mul,1800,0xAA,64,0.780049844,0.000108188,86.545127000,5.339281000,81.205846000,110.948201116,104.103406466
avx512_mul,1800,0xAA,65,0.780051506,0.000128754,86.767417000,5.317980000,81.449437000,111.232933093,104.415460199
avx512_mul,1800,0xAA,66,0.780028990,0.000033426,86.593467000,5.330492000,81.262975000,111.013139340,104.179429227
avx512_mul,1800,0xAA,67,0.780046239,0.000103783,86.689354000,5.323839000,81.365515000,111.133609299,104.308579280
avx512_mul,1800,0xAA,68,0.780057891,0.000128415,87.005942000,5.337266000,81.668676000,111.537801242,104.695660343
avx512_mul,1800,0xAA,69,0.780059468,0.000105306,86.733481000,5.320543000,81.412938000,111.188293454,104.367604493
avx512_mul,1800,0xAA,70,0.780046941,0.000128501,86.665244000,5.284044000,81.381200000,111.102600899,104.328593182
avx512_mul,1800,0xAA,71,0.780033515,0.000037133,87.041037000,5.268358000,81.772679000,111.586278500,104.832263574
avx512_mul,1800,0xAA,72,0.780068927,0.000106039,86.695029000,5.317979000,81.377050000,111.137652040,104.320332680
avx512_mul,1800,0xAA,73,0.780055432,0.000126321,86.637107000,5.327134000,81.309973000,111.065321091,104.236147441
avx512_mul,1800,0xAA,74,0.780058594,0.000107059,86.728049000,5.329454000,81.398595000,111.181454362,104.349334263
avx512_mul,1800,0xAA,75,0.780024492,0.000031582,86.790672000,5.324266000,81.466406000,111.266598587,104.440830862
avx512_mul,1800,0xAA,76,0.780052393,0.000131916,86.616416000,5.298875000,81.317541000,111.039228638,104.246255437
avx512_mul,1800,0xAA,77,0.780047663,0.000107135,86.942344000,5.346849000,81.595495000,111.457732864,104.603217100
avx512_mul,1800,0xAA,78,0.780065482,0.000127313,86.929038000,5.342515000,81.586523000,111.438129201,104.589325964
avx512_mul,1800,0xAA,79,0.780053400,0.000104740,86.653770000,5.331712000,81.322058000,111.086971713,104.251911448
avx512_mul,1800,0xAA,80,0.780021344,0.000033867,86.735923000,5.339220000,81.396703000,111.196858485,104.351891945
avx512_mul,1800,0xAA,81,0.780064820,0.000126759,87.321188000,5.333483000,81.987705000,111.940938503,105.103707973
avx512_mul,1800,0xAA,82,0.780065571,0.000106369,86.790305000,5.334703000,81.455602000,111.260268658,104.421480742
avx512_mul,1800,0xAA,83,0.780048174,0.000129300,86.935508000,5.363207000,81.572301000,111.448896247,104.573414476
avx512_mul,1800,0xAA,84,0.780032473,0.000035963,87.011862000,5.351182000,81.660680000,111.549025242,104.688821101
avx512_mul,1800,0xAA,85,0.780041660,0.000107137,86.679710000,5.330004000,81.349706000,111.121898274,104.288924764
avx512_mul,1800,0xAA,86,0.780053442,0.000128678,86.696555000,5.311693000,81.384862000,111.141814527,104.332418257
avx512_mul,1800,0xAA,87,0.780043694,0.000106550,86.876670000,5.338365000,81.538305000,111.374107220,104.530432895
avx512_mul,1800,0xAA,88,0.780054729,0.000127109,86.692710000,5.350939000,81.341771000,111.136702071,104.277005178
avx512_mul,1800,0xAA,89,0.780020508,0.000033713,86.823996000,5.353930000,81.470066000,111.309888745,104.446056393
avx512_mul,1800,0xAA,90,0.780044517,0.000107687,86.851584000,5.334215000,81.517369000,111.341829928,104.503483038
avx512_mul,1800,0xAA,91,0.780055630,0.000133805,87.096151000,5.320055000,81.776096000,111.653768878,104.833671956
avx512_mul,1800,0xAA,92,0.780075031,0.000102608,86.772117000,5.279467000,81.492650000,111.235603679,104.467707272
avx512_mul,1800,0xAA,93,0.780054727,0.000130447,86.937704000,5.340929000,81.596775000,111.450775171,104.603910695
avx512_mul,1800,0xAA,94,0.780015640,0.000035022,86.759360000,5.347033000,81.412327000,111.227718449,104.372685389
avx512_mul,1800,0xAA,95,0.780049074,0.000107813,86.808921000,5.327135000,81.481786000,111.286486870,104.457256275
avx512_mul,1800,0xAA,96,0.780052982,0.000125721,86.967612000,5.327806000,81.639806000,111.489365409,104.659308836
avx512_mul,1800,0xAA,97,0.780053378,0.000106516,86.789451000,5.283068000,81.506383000,111.260912922,104.488212301
avx512_mul,1800,0xAA,98,0.780023588,0.000034363,86.622458000,5.346482000,81.275976000,111.051075055,104.196818231
avx512_mul,1800,0xAA,99,0.780045094,0.000129749,87.114890000,5.317613000,81.797277000,111.679299854,104.862241407
avx512_mul,2000,0x00,0,0.702044308,0.000101585,82.118503000,4.831775000,77.286728000,116.970541718,110.088105744
avx512_mul,2000,0x00,1,0.702031194,0.000130285,82.312412000,4.817371000,77.495041000,117.248938027,110.386891100
avx512_mul,2000,0x00,2,0.702069197,0.000109068,82.313998000,4.823962000,77.490036000,117.244850403,110.373786954
avx512_mul,2000,0x00,3,0.702065363,0.000085118,82.001926000,4.797779000,77.204147000,116.800985042,109.967178319
avx512_mul,2000,0x00,4,0.702078775,0.000164395,82.070224000,4.820728000,77.249496000,116.896033420,110.029670031
avx512_mul,2000,0x00,5,0.702056820,0.000123348,81.971470000,4.813098000,77.158372000,116.759025252,109.903315200
avx512_mul,2000,0x00,6,0.702041168,0.000034048,82.089389000,4.810352000,77.279037000,116.929594398,110.077642945
avx512_mul,2000,0x00,7,0.702079187,0.000130752,82.715059000,4.820361000,77.894698000,117.814429611,110.948592983
avx512_mul,2000,0x00,8,0.702078651,0.000123237,82.222934000,4.804797000,77.418137000,117.113565374,110.269891958
avx512_mul,2000,0x00,9,0.702060083,0.000047133,81.996738000,4.822802000,77.173936000,116.794473896,109.924973523
avx512_mul,2000,0x00,10,0.702044059,0.000163997,81.864475000,4.832263000,77.032212000,116.608742679,109.725609149
avx512_mul,2000,0x00,11,0.702068465,0.000201996,82.411532000,4.836108000,77.575424000,117.383896455,110.495525533
avx512_mul,2000,0x00,12,0.702083074,0.000200619,82.035618000,4.832752000,77.202866000,116.846027332,109.962579800
avx512_mul,2000,0x00,13,0.702081154,0.000254204,81.730198000,4.840320000,76.889878000,116.411325898,109.517080163
avx512_mul,2000,0x00,14,0.702115567,0.000261719,82.582858000,4.831347000,77.751511000,117.620035602,110.738907728
avx512_mul,2000,0x00,15,0.702095697,0.000197225,82.060336000,4.823535000,77.236801000,116.879132474,110.008936546
avx512_mul,2000,0x00,16,0.702051140,0.000133798,81.945896000,4.812548000,77.133348000,116.723542438,109.868560332
avx512_mul,2000,0x00,17,0.702049250,0.000185008,82.311556000,4.820361000,77.491195000,117.244703226,110.378573823
avx512_mul,2000,0x00,18,0.702054464,0.000195521,82.141452000,4.830798000,77.310654000,117.001537914,110.120593134
avx512_mul,2000,0x00,19,0.702038019,0.000177239,82.244663000,4.833178000,77.411485000,117.151294895,110.266798802
avx512_mul,2000,0x00,20,0.702037636,0.000142931,82.298251000,4.812488000,77.485763000,117.227690868,110.372662374
avx512_mul,2000,0x00,21,0.702021245,0.000143866,81.867466000,4.825915000,77.041551000,116.616792766,109.742478012
avx512_mul,2000,0x00,22,0.702050838,0.000124743,82.049961000,4.826770000,77.223191000,116.871822572,109.996579730
avx512_mul,2000,0x00,23,0.702041861,0.000093199,82.647127000,4.818224000,77.828903000,117.723930086,110.860772395
avx512_mul,2000,0x00,24,0.702108906,0.000305020,82.160617000,4.839587000,77.321030000,117.019761865,110.126832637
avx512_mul,2000,0x00,25,0.702093031,0.000194322,82.054111000,4.826770000,77.227341000,116.870709955,109.995880287
avx512_mul,2000,0x00,26,0.702087471,0.000228811,81.971897000,4.822619000,77.149278000,116.754536161,109.885564415
avx512_mul,2000,0x00,27,0.702107155,0.000271735,82.185214000,4.847827000,77.337387000,117.055086865,110.150404344
avx512_mul,2000,0x00,28,0.702042495,0.000198146,82.264316000,4.842455000,77.421861000,117.178541936,110.280875440
avx512_mul,2000,0x00,29,0.702053930,0.000209888,81.560582000,4.839770000,76.720812000,116.174240388,109.280510726
avx512_mul,2000,0x00,30,0.702027518,0.000140512,82.145663000,4.820361000,77.325302000,117.012027179,110.145685223
avx512_mul,2000,0x00,31,0.702057561,0.000167115,81.721898000,4.830371000,76.891527000,116.403415602,109.523109384
avx512_mul,2000,0x00,32,0.702062185,0.000179231,82.462069000,4.817615000,77.644454000,117.456930181,110.594838609
avx512_mul,2000,0x00,33,0.702018103,0.000089168,81.764989000,4.834582000,76.930407000,116.471339854,109.584648496
avx512_mul,2000,0x00,34,0.702030147,0.000114563,82.042148000,4.827746000,77.214402000,116.864138006,109.987302275
avx512_mul,2000,0x00,35,0.702057302,0.000129141,82.295993000,4.835987000,77.460006000,117.221190913,110.332882810
avx512_mul,2000,0x00,36,0.702059589,0.000069342,82.238986000,4.820483000,77.418503000,117.139609427,110.273407358
avx512_mul,2000,0x00,37,0.702067324,0.000130050,82.144870000,4.840930000,77.303940000,117.004263297,110.109012889
avx512_mul,2000,0x00,38,0.702080252,0.000168910,82.168552000,4.819202000,77.349350000,117.035839955,110.171664546
avx512_mul,2000,0x00,39,0.702056697,0.000133277,82.416293000,4.831286000,77.585007000,117.392645497,110.511027506
avx512_mul,2000,0x00,40,0.702058224,0.000191894,82.611178000,4.821582000,77.789596000,117.669981226,110.802200411
avx512_mul,2000,0x00,41,0.702090011,0.000183926,82.170749000,4.838366000,77.332383000,117.037342370,110.145966729
avx512_mul,2000,0x00,42,0.702055784,0.000149585,81.915196000,4.832935000,77.082261000,116.679041585,109.795065823
avx512_mul,2000,0x00,43,0.702050503,0.000122313,81.823521000,4.811145000,77.012376000,116.549337554,109.696347659
avx512_mul,2000,0x00,44,0.702086192,0.000222141,81.970432000,4.821216000,77.149216000,116.752662233,109.885676304
avx512_mul,2000,0x00,45,0.702051381,0.000176739,82.181308000,4.815906000,77.365402000,117.058822562,110.199059683
avx512_mul,2000,0x00,46,0.702042407,0.000167597,82.431368000,4.802051000,77.629317000,117.416508074,110.576392791
avx512_mul,2000,0x00,47,0.702074170,0.000201024,82.235569000,4.799365000,77.436204000,117.132309521,110.296329501
avx512_mul,2000,0x00,48,0.702068229,0.000223217,82.048374000,4.825916000,77.222458000,116.866667124,109.992810992
avx512_mul,2000,0x00,49,0.702088657,0.000264730,82.428316000,4.823840000,77.604476000,117.404426325,110.533727087
avx512_mul,2000,0x00,50,0.702057836,0.000272405,82.085910000,4.833544000,77.252366000,116.921862837,110.037039746
avx512_mul,2000,0x00,51,0.702068779,0.000200761,82.317538000,4.827442000,77.490096000,117.249962444,110.373938124
avx512_mul,2000,0x00,52,0.702089892,0.000261354,82.275241000,4.837390000,77.437851000,117.186192199,110.296205523
avx512_mul,2000,0x00,53,0.702058899,0.000235913,82.060703000,4.831286000,77.229417000,116.885781420,110.004185008
avx512_mul,2000,0x00,54,0.702047995,0.000209720,82.104831000,4.845446000,77.259385000,116.950453004,110.048580145
avx512_mul,2000,0x00,55,0.702069881,0.000222785,82.032138000,4.855335000,77.176803000,116.843266163,109.927522973
avx512_mul,2000,0x00,56,0.702065963,0.000244962,82.024631000,4.853381000,77.171250000,116.833225553,109.920226980
avx512_mul,2000,0x00,57,0.702020543,0.000177870,82.185885000,4.835010000,77.350875000,117.070484337,110.183207252
avx512_mul,2000,0x00,58,0.702037840,0.000228054,81.738255000,4.839465000,76.898790000,116.429984772,109.536531563
avx512_mul,2000,0x00,59,0.702048518,0.000247609,82.092503000,4.833544000,77.258959000,116.932805745,110.047891277
avx512_mul,2000,0x00,60,0.702021889,0.000214082,82.457980000,4.843677000,77.614303000,117.457847481,110.558237834
avx512_mul,2000,0x00,61,0.702103799,0.000395700,82.279941000,4.858630000,77.421311000,117.190565211,110.270463071
avx512_mul,2000,0x00,62,0.702097478,0.000451595,82.271395000,4.861987000,77.409408000,117.179448074,110.254502251
avx512_mul,2000,0x00,63,0.702064113,0.000362542,81.844456000,4.856860000,76.987596000,116.576897349,109.658925169
avx512_mul,2000,0x00,64,0.702059591,0.000336804,82.201328000,4.840625000,77.360703000,117.085969784,110.191077861
avx512_mul,2000,0x00,65,0.702055035,0.000353958,82.185337000,4.855518000,77.329819000,117.063952187,110.147802084
avx512_mul,2000,0x00,66,0.702862224,0.004136806,84.025969000,4.995043000,79.030926000,119.548278670,112.441561549
avx512_mul,2000,0x00,67,0.702043624,0.000256899,82.081882000,4.823779000,77.258103000,116.918492209,110.047439138
avx512_mul,2000,0x00,68,0.702061341,0.000369671,82.205722000,4.833117000,77.372605000,117.091936611,110.207756099
avx512_mul,2000,0x00,69,0.702071981,0.000434695,82.446689000,4.821154000,77.625535000,117.433384643,110.566348028
avx512_mul,2000,0x00,70,0.702029005,0.000388556,81.722386000,4.843005000,76.879381000,116.408845547,109.510263058
avx512_mul,2000,0x00,71,0.702123122,0.000516292,82.494357000,4.834643000,77.659714000,117.492722357,110.606974188
avx512_mul,2000,0x00,72,0.702108605,0.000426872,82.387362000,4.787707000,77.599655000,117.342760717,110.523720232
avx512_mul,2000,0x00,73,0.702063495,0.000377961,81.653233000,4.799915000,76.853318000,116.304627066,109.467759700
avx512_mul,2000,0x00,74,0.702040040,0.000433592,82.600435000,4.821887000,77.778548000,117.657726558,110.789333405
avx512_mul,2000,0x00,75,0.702094769,0.000423784,81.282018000,4.840747000,76.441271000,115.770721486,108.876001270
avx512_mul,2000,0x00,76,0.702115333,0.000433570,81.948947000,4.831897000,77.117050000,116.717215947,109.835302436
avx512_mul,2000,0x00,77,0.702034742,0.000334849,82.121250000,4.808154000,77.313096000,116.976048447,110.127165177
avx512_mul,2000,0x00,78,0.702049958,0.000303823,81.914646000,4.798022000,77.116624000,116.679226421,109.844923611
avx512_mul,2000,0x00,79,0.702060861,0.000191148,81.698705000,4.820606000,76.878099000,116.369832833,109.503468007
avx512_mul,2000,0x00,80,0.702077170,0.000313070,81.861485000,4.827746000,77.033739000,116.598984411,109.722609268
avx512_mul,2000,0x00,81,0.702101685,0.000272502,82.165561000,4.828296000,77.337265000,117.028007168,110.151088761
avx512_mul,2000,0x00,82,0.702101210,0.000313657,81.980198000,4.832141000,77.148057000,116.764074465,109.881674992
avx512_mul,2000,0x00,83,0.702123655,0.000316311,82.158115000,4.833667000,77.324448000,117.013740289,110.129387416
avx512_mul,2000,0x00,84,0.702079562,0.000349293,82.250400000,4.848315000,77.402085000,117.152534398,110.246885431
avx512_mul,2000,0x00,85,0.702149329,0.000526082,81.884373000,4.857044000,77.027329000,116.619598741,109.702204108
avx512_mul,2000,0x00,86,0.702119347,0.000408574,81.823948000,4.842028000,76.981920000,116.538517851,109.642214504
avx512_mul,2000,0x00,87,0.702068743,0.000306345,82.039463000,4.838428000,77.201035000,116.853888997,109.962216285
avx512_mul,2000,0x00,88,0.702142962,0.000433544,82.096103000,4.849047000,77.247056000,116.922204572,110.016136627
avx512_mul,2000,0x00,89,0.702155890,0.000482330,81.842931000,4.843981000,76.998950000,116.559487921,109.660762057
avx512_mul,2000,0x00,90,0.702108881,0.000430013,82.145908000,4.816882000,77.329026000,116.998816301,110.138225117
avx512_mul,2000,0x00,91,0.702143366,0.000537518,82.505526000,4.839587000,77.665939000,117.505241830,110.612650892
avx512_mul,2000,0x00,92,0.702118727,0.000424709,81.964878000,4.844897000,77.119981000,116.739341650,109.838946018
avx512_mul,2000,0x00,93,0.702097643,0.000392834,82.014561000,4.838062000,77.176499000,116.813611126,109.922743380
avx512_mul,2000,0x00,94,0.702114973,0.000362554,81.710667000,4.827258000,76.883409000,116.377901217,109.502591355
avx512_mul,2000,0x00,95,0.702116694,0.000387572,82.149875000,4.827808000,77.322067000,117.003164488,110.127088127
avx512_mul,2000,0x00,96,0.702144009,0.000505687,82.133823000,4.821643000,77.312180000,116.975751272,110.108722663
avx512_mul,2000,0x00,97,0.702105027,0.000384022,82.192477000,4.839038000,77.353439000,117.065786156,110.173600783
avx512_mul,2000,0x00,98,0.702132617,0.000503528,82.112339000,4.828052000,77.284287000,116.947051062,110.070783126
avx512_mul,2000,0x00,99,0.702083235,0.000383574,82.051303000,4.817981000,77.233322000,116.868341057,110.005933927
avx512_mul,2000,0xAA,0,0.702006023,0.000138962,81.840183000,4.852039000,76.988144000,116.580457061,109.668779892
avx512_mul,2000,0xAA,1,0.701995140,0.000154738,81.922337000,4.844775000,77.077562000,116.699293685,109.797857016
avx512_mul,2000,0xAA,2,0.701964473,0.000032387,81.914951000,4.831958000,77.082993000,116.693870002,109.810390590
avx512_mul,2000,0xAA,3,0.701977420,0.000112299,82.215793000,4.823474000,77.392319000,117.120281447,110.249014847
avx512_mul,2000,0xAA,4,0.702006346,0.000148334,82.018406000,4.819385000,77.199021000,116.834280091,109.969121349
avx512_mul,2000,0xAA,5,0.702013063,0.000241579,82.076572000,4.829211000,77.247361000,116.916018152,110.036928210
avx512_mul,2000,0xAA,6,0.701975143,0.000119875,81.979282000,4.826953000,77.152329000,116.783739188,109.907494282
avx512_mul,2000,0xAA,7,0.702024503,0.000194731,81.968052000,4.816272000,77.151780000,116.759531374,109.898984515
avx512_mul,2000,0xAA,8,0.702018062,0.000179126,82.433322000,4.843798000,77.589524000,117.423363353,110.523543732
avx512_mul,2000,0xAA,9,0.701977525,0.000065783,82.387423000,4.826098000,77.561325000,117.364759007,110.489755420
avx512_mul,2000,0xAA,10,0.701989841,0.000156250,82.263339000,4.832202000,77.431137000,117.185939513,110.302361261
avx512_mul,2000,0xAA,11,0.701998207,0.000134963,82.205661000,4.796924000,77.408737000,117.102380232,110.269137711
avx512_mul,2000,0xAA,12,0.702000345,0.000145527,81.867405000,4.796558000,77.070847000,116.620177795,109.787477445
avx512_mul,2000,0xAA,13,0.701970418,0.000153842,82.005222000,4.822315000,77.182907000,116.821478402,109.951794327
avx512_mul,2000,0xAA,14,0.702028750,0.000207979,82.262484000,4.833057000,77.429427000,117.178226651,110.293812019
avx512_mul,2000,0xAA,15,0.702067240,0.000226601,82.313144000,4.823230000,77.489914000,117.243960819,110.373920852
avx512_mul,2000,0xAA,16,0.702011826,0.000192535,82.202671000,4.815601000,77.387070000,117.095849329,110.236134404
avx512_mul,2000,0xAA,17,0.702038220,0.000258420,82.209384000,4.791492000,77.417892000,117.101009146,110.275893554
avx512_mul,2000,0xAA,18,0.702055128,0.000251461,82.137241000,4.820361000,77.316880000,116.995429109,110.129357193
avx512_mul,2000,0xAA,19,0.701998227,0.000154854,82.268771000,4.833362000,77.435409000,117.192277402,110.307128962
avx512_mul,2000,0xAA,20,0.702056306,0.000187259,82.347507000,4.813708000,77.533799000,117.294732975,110.438149029
avx512_mul,2000,0xAA,21,0.702074588,0.000298931,82.473849000,4.850818000,77.623031000,117.471634012,110.562370970
avx512_mul,2000,0xAA,22,0.702071772,0.000268951,82.501070000,4.839709000,77.661361000,117.510877500,110.617409919
avx512_mul,2000,0xAA,23,0.702050914,0.000239856,82.266574000,4.811817000,77.454757000,117.180353188,110.326410109
avx512_mul,2000,0xAA,24,0.702104864,0.000293361,82.169223000,4.822681000,77.346542000,117.032693032,110.163803143
avx512_mul,2000,0xAA,25,0.702927728,0.004550343,84.237944000,4.999437000,79.238507000,119.838698349,112.726392492
avx512_mul,2000,0xAA,26,0.702048359,0.000216579,82.012425000,4.847156000,77.165269000,116.818768962,109.914463951
avx512_mul,2000,0xAA,27,0.702038507,0.000252696,82.419283000,4.837634000,77.581649000,117.399946298,110.509107757
avx512_mul,2000,0xAA,28,0.702058051,0.000276903,82.093845000,4.845325000,77.248520000,116.933129550,110.031527902
avx512_mul,2000,0xAA,29,0.702077470,0.000244837,82.550997000,4.809497000,77.741500000,117.581037027,110.730657681
avx512_mul,2000,0xAA,30,0.702037568,0.000233937,82.219699000,4.832263000,77.387436000,117.115810870,110.232613699
avx512_mul,2000,0xAA,31,0.702112170,0.000346042,82.306064000,4.842456000,77.463608000,117.226374188,110.329390765
avx512_mul,2000,0xAA,32,0.702126082,0.000368229,82.771090000,4.837451000,77.933639000,117.886362752,110.996644332
avx512_mul,2000,0xAA,33,0.702083525,0.000239596,82.589022000,4.819629000,77.769393000,117.634183234,110.769431634
avx512_mul,2000,0xAA,34,0.702115529,0.000434862,82.345919000,4.839404000,77.506515000,117.282577568,110.389974001
avx512_mul,2000,0xAA,35,0.702119433,0.000351700,82.221591000,4.824145000,77.397446000,117.104850214,110.234017738
avx512_mul,2000,0xAA,36,0.702054137,0.000193222,82.395663000,4.838061000,77.557602000,117.363688514,110.472395167
avx512_mul,2000,0xAA,37,0.702093883,0.000279619,82.682222000,4.844226000,77.837996000,117.765193477,110.865509381
avx512_mul,2000,0xAA,38,0.702115248,0.000390593,82.351046000,4.830920000,77.520126000,117.289926727,110.409403888
avx512_mul,2000,0xAA,39,0.702101979,0.000442203,82.480624000,4.846790000,77.633834000,117.476700560,110.573444136
avx512_mul,2000,0xAA,40,0.702064135,0.000259587,82.456149000,4.823657000,77.632492000,117.448171669,110.577493105
avx512_mul,2000,0xAA,41,0.702092123,0.000255854,82.629488000,4.837512000,77.791976000,117.690378960,110.800240412
avx512_mul,2000,0xAA,42,0.702126813,0.000474776,82.592806000,4.851489000,77.741317000,117.632320087,110.722615300
avx512_mul,2000,0xAA,43,0.702111741,0.000455543,82.399447000,4.840198000,77.559249000,117.359448974,110.465677342
avx512_mul,2000,0xAA,44,0.702122744,0.000411910,82.589450000,4.840442000,77.749008000,117.628222050,110.734210934
avx512_mul,2000,0xAA,45,0.702130844,0.000467644,82.507723000,4.856738000,77.650985000,117.510466390,110.593325464
avx512_mul,2000,0xAA,46,0.702073146,0.000350929,82.750277000,4.846179000,77.904098000,117.865606337,110.962936679
avx512_mul,2000,0xAA,47,0.702182961,0.000567825,82.303378000,4.846118000,77.457260000,117.210730786,110.309227518
avx512_mul,2000,0xAA,48,0.702157794,0.000468943,82.233127000,4.843493000,77.389634000,117.114881795,110.216869633
avx512_mul,2000,0xAA,49,0.702126063,0.000438132,82.337924000,4.866870000,77.471054000,117.269431199,110.337812706
avx512_mul,2000,0xAA,50,0.702141533,0.000546668,82.675203000,4.849231000,77.825972000,117.747204880,110.840860833
avx512_mul,2000,0xAA,51,0.702166485,0.000478601,82.087314000,4.844776000,77.242538000,116.905770526,110.006016548
avx512_mul,2000,0xAA,52,0.702185571,0.000575852,82.423190000,4.819811000,77.603379000,117.380922324,110.516909167
avx512_mul,2000,0xAA,53,0.702157755,0.000484952,82.611544000,4.834644000,77.776900000,117.653822728,110.768412765
avx512_mul,2000,0xAA,54,0.702151117,0.000516692,82.747103000,4.823230000,77.923873000,117.847997397,110.978778102
avx512_mul,2000,0xAA,55,0.702853097,0.003773657,83.922271000,4.960253000,78.962018000,119.402292373,112.344981222
avx512_mul,2000,0xAA,56,0.702153262,0.000413345,81.848851000,4.836902000,77.011949000,116.568355408,109.679685567
avx512_mul,2000,0xAA,57,0.702157387,0.000499380,82.260592000,4.823352000,77.437240000,117.154064848,110.284733140
avx512_mul,2000,0xAA,58,0.702142056,0.000456379,82.092868000,4.808886000,77.283982000,116.917747969,110.068868948
avx512_mul,2000,0xAA,59,0.702185297,0.000610810,82.323093000,4.846728000,77.476365000,117.238417447,110.336068424
avx512_mul,2000,0xAA,60,0.702182675,0.000577293,82.547884000,4.824451000,77.723433000,117.558987072,110.688337635
avx512_mul,2000,0xAA,61,0.702185504,0.000532322,82.709261000,4.822741000,77.886520000,117.788334397,110.920147899
avx512_mul,2000,0xAA,62,0.702201627,0.000606035,82.546114000,4.835925000,77.710189000,117.553293612,110.666489572
avx512_mul,2000,0xAA,63,0.702205722,0.000686832,82.489840000,4.829639000,77.660201000,117.472469052,110.594656972
avx512_mul,2000,0xAA,64,0.702170624,0.000565971,82.411837000,4.825122000,77.586715000,117.367252666,110.495529701
avx512_mul,2000,0xAA,65,0.702202314,0.000627020,82.189182000,4.833301000,77.355881000,117.044874893,110.161814409
avx512_mul,2000,0xAA,66,0.702187450,0.000578725,82.062900000,4.841662000,77.221238000,116.867511636,109.972398374
avx512_mul,2000,0xAA,67,0.702152152,0.000514398,82.575289000,4.820545000,77.754744000,117.603127504,110.737742288
avx512_mul,2000,0xAA,68,0.702167926,0.000542316,81.762120000,4.810473000,76.951647000,116.442402121,109.591515287
avx512_mul,2000,0xAA,69,0.702159737,0.000556557,82.140536000,4.826709000,77.313827000,116.982691700,110.108602019
avx512_mul,2000,0xAA,70,0.702128584,0.000489046,82.065769000,4.821033000,77.244736000,116.881395925,110.015085236
avx512_mul,2000,0xAA,71,0.702137325,0.000415679,82.299961000,4.827991000,77.471970000,117.213482414,110.337347464
avx512_mul,2000,0xAA,72,0.702134097,0.000378203,82.319492000,4.832446000,77.487046000,117.241837952,110.359326446
avx512_mul,2000,0xAA,73,0.702134236,0.000389212,82.416171000,4.841296000,77.574875000,117.379507827,110.484393254
avx512_mul,2000,0xAA,74,0.702143932,0.000486695,82.340732000,4.831165000,77.509567000,117.270445989,110.389855297
avx512_mul,2000,0xAA,75,0.702152491,0.000505839,82.600497000,4.816150000,77.784347000,117.638971633,110.779849063
avx512_mul,2000,0xAA,76,0.702140986,0.000449484,82.194003000,4.809252000,77.384751000,117.061964206,110.212553483
avx512_mul,2000,0xAA,77,0.702167527,0.000507443,81.810887000,4.828235000,76.982652000,116.511920452,109.635733763
avx512_mul,2000,0xAA,78,0.702193019,0.000605263,82.642061000,4.838061000,77.804000000,117.691373652,110.801443294
avx512_mul,2000,0xAA,79,0.702196467,0.000566163,82.127415000,4.824267000,77.303148000,116.957886873,110.087634424
avx512_mul,2000,0xAA,80,0.702175048,0.000624731,81.925816000,4.814990000,77.110826000,116.674348114,109.817097899
avx512_mul,2000,0xAA,81,0.702213059,0.000610151,82.195224000,4.809864000,77.385360000,117.051688154,110.202108902
avx512_mul,2000,0xAA,82,0.702222452,0.000647138,82.474703000,4.822009000,77.652694000,117.448114540,110.581331820
avx512_mul,2000,0xAA,83,0.702215024,0.000671347,82.757357000,4.829273000,77.928084000,117.851874664,110.974674897
avx512_mul,2000,0xAA,84,0.702160934,0.000556668,82.469759000,4.820422000,77.649337000,117.451363443,110.586239267
avx512_mul,2000,0xAA,85,0.702179417,0.000570598,82.031162000,4.820667000,77.210495000,116.823649408,109.958357027
avx512_mul,2000,0xAA,86,0.702172510,0.000578823,82.791231000,4.822315000,77.968916000,117.907251904,111.039544991
avx512_mul,2000,0xAA,87,0.702192290,0.000674624,82.284457000,4.792590000,77.491867000,117.182227944,110.357046199
avx512_mul,2000,0xAA,88,0.702203728,0.000696496,82.470554000,4.830310000,77.640244000,117.445337708,110.566550533
avx512_mul,2000,0xAA,89,0.702181475,0.000618277,82.752657000,4.831835000,77.920822000,117.850811994,110.969635016
avx512_mul,2000,0xAA,90,0.702178120,0.000634974,82.438998000,4.822376000,77.616622000,117.404680780,110.536941863
avx512_mul,2000,0xAA,91,0.702221807,0.000690253,82.717562000,4.831531000,77.886031000,117.794066104,110.913717261
avx512_mul,2000,0xAA,92,0.702239009,0.000717313,82.469393000,4.841235000,77.628158000,117.437783885,110.543784924
avx512_mul,2000,0xAA,93,0.702212906,0.000640739,82.820101000,4.817004000,78.003097000,117.941581993,111.081833389
avx512_mul,2000,0xAA,94,0.702182090,0.000607879,82.336520000,4.822437000,77.514083000,117.258074813,110.390287852
avx512_mul,2000,0xAA,95,0.702210932,0.000696454,83.020173000,4.836352000,78.183821000,118.226830714,111.339509856
avx512_mul,2000,0xAA,96,0.702180365,0.000559965,82.526888000,4.830371000,77.696517000,117.529472669,110.650369746
avx512_mul,2000,0xAA,97,0.702177797,0.000592530,82.570712000,4.829639000,77.741073000,117.592314082,110.714228470
avx512_mul,2000,0xAA,98,0.702191430,0.000619122,82.528964000,4.841663000,77.687301000,117.530577144,110.635501535
avx512_mul,2000,0xAA,99,0.702240118,0.000757227,82.398165000,4.834765000,77.563400000,117.336168790,110.451394085
avx512_mul,2100,0x00,0,0.668598201,0.000101129,79.756266000,4.574818000,75.181448000,119.288783435,112.446380938
avx512_mul,2100,0x00,1,0.668585371,0.000036410,79.699320000,4.595447000,75.103873000,119.205898669,112.332510171
avx512_mul,2100,0x00,2,0.668586399,0.000123990,79.882303000,4.604359000,75.277944000,119.479401851,112.592694301
avx512_mul,2100,0x00,3,0.668582131,0.000095567,79.547709000,4.587329000,74.960380000,118.979711327,112.118431637
avx512_mul,2100,0x00,4,0.668565313,0.000038403,79.415019000,4.600452000,74.814567000,118.784234629,111.903153737
avx512_mul,2100,0x00,5,0.668550699,0.000121015,79.510112000,4.602649000,74.907463000,118.929068614,112.044551098
avx512_mul,2100,0x00,6,0.668603581,0.000102811,79.545023000,4.564441000,74.980582000,118.971877069,112.145050034
avx512_mul,2100,0x00,7,0.668580574,0.000036473,79.394816000,4.579639000,74.815177000,118.751305572,111.901511874
avx512_mul,2100,0x00,8,0.668617998,0.000128509,79.610453000,4.591907000,75.018546000,119.067170326,112.199411731
avx512_mul,2100,0x00,9,0.668586486,0.000104591,79.642619000,4.594410000,75.048209000,119.120892598,112.249066596
avx512_mul,2100,0x00,10,0.668574194,0.000036783,79.412150000,4.608081000,74.804069000,118.778365468,111.885965135
avx512_mul,2100,0x00,11,0.669262912,0.003690390,81.347631000,4.729968000,76.617663000,121.548093559,114.480664724
avx512_mul,2100,0x00,12,0.668580435,0.000099106,79.561503000,4.571766000,74.989737000,119.000645058,112.162625632
avx512_mul,2100,0x00,13,0.668603614,0.000127844,79.551738000,4.595752000,74.955986000,118.981914504,112.108257369
avx512_mul,2100,0x00,14,0.668576768,0.000063076,79.451884000,4.596485000,74.855399000,118.837338923,111.962309429
avx512_mul,2100,0x00,15,0.668559566,0.000093230,79.628947000,4.597095000,75.031852000,119.105239120,112.229120323
avx512_mul,2100,0x00,16,0.668590886,0.000123653,79.698526000,4.601551000,75.096975000,119.203727843,112.321266390
avx512_mul,2100,0x00,17,0.668574994,0.000031532,79.520121000,4.600208000,74.919913000,118.939717565,112.059101271
avx512_mul,2100,0x00,18,0.668568693,0.000094563,79.483256000,4.579883000,74.903373000,118.885698476,112.035418093
avx512_mul,2100,0x00,19,0.668585254,0.000123360,79.551432000,4.597949000,74.953483000,118.984724193,112.107592256
avx512_mul,2100,0x00,20,0.668561532,0.000026168,79.518840000,4.602527000,74.916313000,118.940196555,112.055973068
avx512_mul,2100,0x00,21,0.668575981,0.000095627,79.598063000,4.593128000,75.004935000,119.056121168,112.186104699
avx512_mul,2100,0x00,22,0.668575417,0.000125378,79.676615000,4.595692000,75.080923000,119.173713152,112.299855871
avx512_mul,2100,0x00,23,0.668579106,0.000027320,79.589274000,4.579029000,75.010245000,119.042418849,112.193522500
avx512_mul,2100,0x00,24,0.668583865,0.000096403,79.700419000,4.583911000,75.116508000,119.207810918,112.351661319
avx512_mul,2100,0x00,25,0.668596159,0.000127460,79.737466000,4.600391000,75.137075000,119.261029081,112.380356890
avx512_mul,2100,0x00,26,0.668594876,0.000029704,79.618266000,4.574391000,75.043875000,119.082973642,112.241175770
avx512_mul,2100,0x00,27,0.668604398,0.000106938,79.638285000,4.577503000,75.060782000,119.111219181,112.264864276
avx512_mul,2100,0x00,28,0.668621436,0.000129789,79.700052000,4.574695000,75.125357000,119.200563610,112.358582850
avx512_mul,2100,0x00,29,0.668587859,0.000030308,79.660807000,4.570606000,75.090201000,119.147851528,112.311643039
avx512_mul,2100,0x00,30,0.668607781,0.000105688,79.661661000,4.540516000,75.121145000,119.145578790,112.354577950
avx512_mul,2100,0x00,31,0.668631296,0.000137294,79.746378000,4.585620000,75.160758000,119.268090705,112.409871488
avx512_mul,2100,0x00,32,0.668576983,0.000032422,79.635782000,4.573414000,75.062368000,119.112359488,112.271839828
avx512_mul,2100,0x00,33,0.668609596,0.000109474,79.740885000,4.587085000,75.153800000,119.263746012,112.403113096
avx512_mul,2100,0x00,34,0.668610950,0.000129572,79.623698000,4.586353000,75.037345000,119.088235119,112.228710906
avx512_mul,2100,0x00,35,0.668596123,0.000031378,79.549723000,4.581653000,74.968070000,118.980233752,112.127587075
avx512_mul,2100,0x00,36,0.668617820,0.000103816,79.686014000,4.573109000,75.112905000,119.180212677,112.340566974
avx512_mul,2100,0x00,37,0.668608416,0.000127898,79.621562000,4.590930000,75.030632000,119.085491745,112.219095974
avx512_mul,2100,0x00,38,0.668584407,0.000027397,79.411845000,4.590077000,74.821768000,118.776094995,111.910728477
avx512_mul,2100,0x00,39,0.668596741,0.000098886,79.592020000,4.588306000,75.003714000,119.043386098,112.180795066
avx512_mul,2100,0x00,40,0.668593062,0.000123797,79.548624000,4.588855000,74.959769000,118.979134757,112.115684832
avx512_mul,2100,0x00,41,0.668593756,0.000033760,79.566142000,4.596423000,74.969719000,119.005212480,112.130450402
avx512_mul,2100,0x00,42,0.668582254,0.000101191,79.696146000,4.588917000,75.107229000,119.201707054,112.338053448
avx512_mul,2100,0x00,43,0.668626460,0.000141191,79.582865000,4.591418000,74.991447000,119.024402730,112.157462401
avx512_mul,2100,0x00,44,0.668576534,0.000028401,79.531657000,4.590686000,74.940971000,118.956698194,112.090339946
avx512_mul,2100,0x00,45,0.668598920,0.000107620,79.455547000,4.581104000,74.874443000,118.838880342,111.987083449
avx512_mul,2100,0x00,46,0.668607053,0.000129639,79.626200000,4.595874000,75.030326000,119.092671236,112.218866994
avx512_mul,2100,0x00,47,0.668569374,0.000027467,79.618204000,4.576283000,75.041921000,119.087423192,112.242534424
avx512_mul,2100,0x00,48,0.668585290,0.000100613,79.748941000,4.590077000,75.158864000,119.280131113,112.414773661
avx512_mul,2100,0x00,49,0.668590675,0.000125049,79.784891000,4.587451000,75.197440000,119.332940079,112.471565596
avx512_mul,2100,0x00,50,0.668572183,0.000034142,79.658915000,4.591236000,75.067679000,119.147815420,112.280589831
avx512_mul,2100,0x00,51,0.668606003,0.000102164,79.691752000,4.594226000,75.097526000,119.190901158,112.319550945
avx512_mul,2100,0x00,52,0.668591596,0.000122616,79.571330000,4.593433000,74.977897000,119.013356625,112.143044418
avx512_mul,2100,0x00,53,0.668570275,0.000035899,79.563029000,4.591602000,74.971427000,119.004735839,112.136943223
avx512_mul,2100,0x00,54,0.668583460,0.000104037,79.648722000,4.575061000,75.073661000,119.130560018,112.287643203
avx512_mul,2100,0x00,55,0.668581490,0.000124056,79.583475000,4.554248000,75.029227000,119.033320823,112.221513934
avx512_mul,2100,0x00,56,0.668566348,0.000031010,79.527995000,4.592578000,74.935417000,118.953033189,112.083740392
avx512_mul,2100,0x00,57,0.668570651,0.000099217,79.717630000,4.585926000,75.131704000,119.235910062,112.376611058
avx512_mul,2100,0x00,58,0.668583202,0.000121215,79.608073000,4.563892000,75.044181000,119.069807318,112.243593335
avx512_mul,2100,0x00,59,0.668562138,0.000026115,79.660013000,4.584155000,75.075858000,119.151247851,112.294510474
avx512_mul,2100,0x00,60,0.668572618,0.000098944,79.662638000,4.598926000,75.063712000,119.153306414,112.274583181
avx512_mul,2100,0x00,61,0.668601776,0.000119857,79.770975000,4.557789000,75.213186000,119.310145256,112.493248914
avx512_mul,2100,0x00,62,0.668563422,0.000027482,79.643351000,4.575855000,75.067496000,119.126096987,112.281787453
avx512_mul,2100,0x00,63,0.668589683,0.000099529,79.823343000,4.612049000,75.211294000,119.390629349,112.492453803
avx512_mul,2100,0x00,64,0.668573371,0.000119453,79.685221000,4.587146000,75.098075000,119.186950070,112.325854193
avx512_mul,2100,0x00,65,0.668547936,0.000027393,79.590189000,4.605884000,74.984305000,119.049337730,112.159952910
avx512_mul,2100,0x00,66,0.668574649,0.000099168,79.692728000,4.599049000,75.093679000,119.197950579,112.319064272
avx512_mul,2100,0x00,67,0.668588525,0.000120573,79.645426000,4.565662000,75.079764000,119.124727775,112.295920771
avx512_mul,2100,0x00,68,0.668552537,0.000028315,79.666239000,4.590381000,75.075858000,119.162271649,112.296123145
avx512_mul,2100,0x00,69,0.668577269,0.000101514,79.796244000,4.590259000,75.205985000,119.352313716,112.486601688
avx512_mul,2100,0x00,70,0.668593907,0.000116597,79.608377000,4.593006000,75.015371000,119.068355532,112.198705730
avx512_mul,2100,0x00,71,0.668577273,0.000032488,79.667765000,4.593677000,75.074088000,119.160145231,112.289320896
avx512_mul,2100,0x00,72,0.668570754,0.000100856,79.689737000,4.604786000,75.084951000,119.194171339,112.306663962
avx512_mul,2100,0x00,73,0.668854773,0.001418314,80.326577000,4.620472000,75.706105000,120.095692353,113.187657621
avx512_mul,2100,0x00,74,0.668566463,0.000032139,79.674357000,4.597156000,75.077201000,119.171931831,112.295792731
avx512_mul,2100,0x00,75,0.668605923,0.000103777,79.669229000,4.598560000,75.070669000,119.157228973,112.279395790
avx512_mul,2100,0x00,76,0.668606923,0.000126576,79.555887000,4.595691000,74.960196000,118.987531040,112.113999161
avx512_mul,2100,0x00,77,0.668560447,0.000029527,79.614421000,4.591053000,75.023368000,119.083354920,112.216282511
avx512_mul,2100,0x00,78,0.668590078,0.000102556,79.555521000,4.589832000,74.965689000,118.989981513,112.125039672
avx512_mul,2100,0x00,79,0.668602151,0.000121631,79.745951000,4.574207000,75.171744000,119.272650941,112.431202717
avx512_mul,2100,0x00,80,0.668572736,0.000025529,79.563029000,4.560962000,75.002067000,119.004297849,112.182359479
avx512_mul,2100,0x00,81,0.668624081,0.000106716,79.796671000,4.598561000,75.198110000,119.344596220,112.466948333
avx512_mul,2100,0x00,82,0.668610153,0.000131350,79.773355000,4.604114000,75.169241000,119.312210032,112.426113583
avx512_mul,2100,0x00,83,0.668598641,0.000039967,79.621256000,4.594104000,75.027152000,119.086775028,112.215531631
avx512_mul,2100,0x00,84,0.668615895,0.000106134,79.727824000,4.580128000,75.147696000,119.243087921,112.392924724
avx512_mul,2100,0x00,85,0.668625455,0.000128067,79.719950000,4.545887000,75.174063000,119.229606701,112.430752473
avx512_mul,2100,0x00,86,0.668588367,0.000033044,79.625895000,4.580372000,75.045523000,119.095543651,112.244733454
avx512_mul,2100,0x00,87,0.668599720,0.000103677,79.699137000,4.588856000,75.110281000,119.203066678,112.339683606
avx512_mul,2100,0x00,88,0.668617843,0.000127463,79.590372000,4.592212000,74.998160000,119.037164241,112.168947893
avx512_mul,2100,0x00,89,0.668592335,0.000032346,79.561625000,4.600696000,74.960929000,118.998709405,112.117541677
avx512_mul,2100,0x00,90,0.668609111,0.000103443,79.432597000,4.589161000,74.843436000,118.802743861,111.939001023
avx512_mul,2100,0x00,91,0.668634514,0.000125570,79.768473000,4.571766000,75.196707000,119.300561486,112.463095125
avx512_mul,2100,0x00,92,0.668591992,0.000033222,79.591593000,4.589710000,75.001883000,119.043592987,112.178853276
avx512_mul,2100,0x00,93,0.668594448,0.000101587,79.526103000,4.597339000,74.928764000,118.945204016,112.069079012
avx512_mul,2100,0x00,94,0.668598290,0.000124083,79.796610000,4.584949000,75.211661000,119.349108702,112.491554521
avx512_mul,2100,0x00,95,0.668566216,0.000029114,79.683512000,4.586658000,75.096854000,119.185669463,112.325230074
avx512_mul,2100,0x00,96,0.668567232,0.000099139,79.591837000,4.574329000,75.017508000,119.048366715,112.206378682
avx512_mul,2100,0x00,97,0.668586392,0.000122236,79.661417000,4.549060000,75.112357000,119.149025320,112.345028033
avx512_mul,2100,0x00,98,0.668560378,0.000028457,79.513712000,4.578845000,74.934867000,118.932731665,112.083918673
avx512_mul,2100,0x00,99,0.668578179,0.000097234,79.667520000,4.572803000,75.094717000,119.159617344,112.320023798
avx512_mul,2100,0xAA,0,0.668570362,0.000101807,79.742228000,4.605030000,75.137198000,119.272753530,112.384877157
avx512_mul,2100,0xAA,1,0.668592582,0.000116672,79.746011000,4.608448000,75.137563000,119.274447768,112.381688076
avx512_mul,2100,0xAA,2,0.668585181,0.000093188,79.774882000,4.597339000,75.177543000,119.318950300,112.442729992
avx512_mul,2100,0xAA,3,0.668551754,0.000026649,79.669595000,4.582630000,75.086965000,119.167430959,112.312868134
avx512_mul,2100,0xAA,4,0.668576616,0.000117606,79.686869000,4.581837000,75.105032000,119.188836529,112.335714703
avx512_mul,2100,0xAA,5,0.668554721,0.000094027,79.696147000,4.594104000,75.102043000,119.206617669,112.334922867
avx512_mul,2100,0xAA,6,0.668545412,0.000024922,79.664407000,4.584705000,75.079702000,119.160801288,112.303069686
avx512_mul,2100,0xAA,7,0.668583101,0.000118818,79.561381000,4.575183000,74.986198000,118.999988089,112.156885120
avx512_mul,2100,0xAA,8,0.668599983,0.000091036,79.494608000,4.566699000,74.927909000,118.897113447,112.066872470
avx512_mul,2100,0xAA,9,0.668546960,0.000026581,79.582682000,4.586842000,74.995840000,119.038282717,112.177370505
avx512_mul,2100,0xAA,10,0.668582741,0.000115472,79.712198000,4.606311000,75.105887000,119.225629292,112.335964455
avx512_mul,2100,0xAA,11,0.668563009,0.000092249,79.683145000,4.594226000,75.088919000,119.185692215,112.313900119
avx512_mul,2100,0xAA,12,0.668545987,0.000030026,79.730326000,4.601612000,75.128714000,119.259299431,112.376284512
avx512_mul,2100,0xAA,13,0.668575245,0.000117478,79.823892000,4.612903000,75.210989000,119.394028626,112.494426777
avx512_mul,2100,0xAA,14,0.668564487,0.000090886,79.683939000,4.586231000,75.097708000,119.186616292,112.326797849
avx512_mul,2100,0xAA,15,0.668558101,0.000027774,79.808267000,4.588367000,75.219900000,119.373719231,112.510640322
avx512_mul,2100,0xAA,16,0.668583577,0.000116246,79.779336000,4.610950000,75.168386000,119.325898377,112.429303611
avx512_mul,2100,0xAA,17,0.668583970,0.000091668,79.688822000,4.593250000,75.095572000,119.190446614,112.320329762
avx512_mul,2100,0xAA,18,0.668545354,0.000025571,79.557657000,4.589832000,74.967825000,119.001136595,112.135735509
avx512_mul,2100,0xAA,19,0.668581064,0.000115952,79.590739000,4.598377000,74.992362000,119.044261449,112.166446258
avx512_mul,2100,0xAA,20,0.668557042,0.000092128,79.749307000,4.571400000,75.177907000,119.285718414,112.448007170
avx512_mul,2100,0xAA,21,0.668538391,0.000024510,79.748759000,4.585437000,75.163322000,119.288226486,112.429327937
avx512_mul,2100,0xAA,22,0.668567665,0.000114385,79.659525000,4.590199000,75.069326000,119.149532841,112.283811931
avx512_mul,2100,0xAA,23,0.668594069,0.000096513,79.711954000,4.580616000,75.131338000,119.223244331,112.372127615
avx512_mul,2100,0xAA,24,0.668572905,0.000035233,79.552408000,4.565846000,74.986562000,118.988381761,112.159140000
avx512_mul,2100,0xAA,25,0.668553836,0.000112591,79.648294000,4.587757000,75.060537000,119.135198516,112.272988247
avx512_mul,2100,0xAA,26,0.668534582,0.000089903,79.548503000,4.551441000,74.997062000,118.989361415,112.181275308
avx512_mul,2100,0xAA,27,0.668502130,0.000024055,79.525187000,4.586963000,74.938224000,118.960259771,112.098706462
avx512_mul,2100,0xAA,28,0.668573713,0.000114332,79.699442000,4.601246000,75.098196000,119.208159755,112.325977716
avx512_mul,2100,0xAA,29,0.668575646,0.000096119,79.618875000,4.592213000,75.026662000,119.087309655,112.218658327
avx512_mul,2100,0xAA,30,0.668531658,0.000030468,79.566691000,4.590748000,74.975943000,119.017087757,112.150175853
avx512_mul,2100,0xAA,31,0.668583569,0.000118848,79.824137000,4.602100000,75.222037000,119.392908771,112.509550854
avx512_mul,2100,0xAA,32,0.668529232,0.000091715,79.564066000,4.577502000,74.986564000,119.013593162,112.166469980
avx512_mul,2100,0xAA,33,0.668557557,0.000034370,79.696451000,4.588123000,75.108328000,119.206566753,112.343847224
avx512_mul,2100,0xAA,34,0.668556810,0.000110234,79.539408000,4.593372000,74.946036000,118.971801396,112.101222961
avx512_mul,2100,0xAA,35,0.668536262,0.000089866,79.483317000,4.602039000,74.881278000,118.891556914,112.007803161
avx512_mul,2100,0xAA,36,0.668556283,0.000027573,79.529703000,4.579151000,74.950552000,118.957378842,112.108066199
avx512_mul,2100,0xAA,37,0.668582942,0.000116775,79.534159000,4.573109000,74.961050000,118.959300391,112.119297881
avx512_mul,2100,0xAA,38,0.668549723,0.000096275,79.638529000,4.561939000,75.076590000,119.121325283,112.297690714
avx512_mul,2100,0xAA,39,0.668549034,0.000026165,79.718241000,4.571888000,75.146353000,119.240679418,112.402156333
avx512_mul,2100,0xAA,40,0.668572166,0.000115712,79.487834000,4.567981000,74.919853000,118.891928284,112.059485605
avx512_mul,2100,0xAA,41,0.668591880,0.000095882,79.559305000,4.570362000,74.988943000,118.995320402,112.159517971
avx512_mul,2100,0xAA,42,0.668547422,0.000027631,79.539774000,4.576770000,74.963004000,118.974019436,112.128177468
avx512_mul,2100,0xAA,43,0.668597053,0.000129684,79.800760000,4.595997000,75.204763000,119.355536498,112.481445478
avx512_mul,2100,0xAA,44,0.668568833,0.000098079,79.595805000,4.587269000,75.008536000,119.054016674,112.192690251
avx512_mul,2100,0xAA,45,0.668557995,0.000027833,79.671793000,4.560657000,75.111136000,119.169606265,112.347973683
avx512_mul,2100,0xAA,46,0.668619022,0.000125949,79.696695000,4.590503000,75.106192000,119.195973229,112.330325003
avx512_mul,2100,0xAA,47,0.668610375,0.000107024,79.594584000,4.558582000,75.036002000,119.044793420,112.226798712
avx512_mul,2100,0xAA,48,0.668602664,0.000031810,79.477641000,4.575123000,74.902518000,118.871259799,112.028446803
avx512_mul,2100,0xAA,49,0.668609866,0.000129815,79.704630000,4.573840000,75.130790000,119.209473404,112.368653017
avx512_mul,2100,0xAA,50,0.668608264,0.000106972,79.653361000,4.575488000,75.077873000,119.133078772,112.289777178
avx512_mul,2100,0xAA,51,0.668614018,0.000030326,79.611185000,4.539417000,75.071768000,119.068973832,112.279680041
avx512_mul,2100,0xAA,52,0.668608316,0.000131248,79.732035000,4.601490000,75.130545000,119.250737846,112.368547046
avx512_mul,2100,0xAA,53,0.668614856,0.000112112,79.663798000,4.582447000,75.081351000,119.147514069,112.293871861
avx512_mul,2100,0xAA,54,0.668600884,0.000030367,79.689371000,4.561023000,75.128348000,119.188252581,112.366510177
avx512_mul,2100,0xAA,55,0.668611685,0.000131107,79.482829000,4.568470000,74.914359000,118.877415410,112.044645202
avx512_mul,2100,0xAA,56,0.668595740,0.000106116,79.499552000,4.570728000,74.928824000,118.905262518,112.068952135
avx512_mul,2100,0xAA,57,0.668584904,0.000033839,79.560404000,4.501576000,75.058828000,118.998205868,112.265215076
avx512_mul,2100,0xAA,58,0.668605640,0.000130040,79.593485000,4.567981000,75.025504000,119.043992783,112.211892176
avx512_mul,2100,0xAA,59,0.668590582,0.000107767,79.565836000,4.586292000,74.979544000,119.005319735,112.145677792
avx512_mul,2100,0xAA,60,0.668575563,0.000030920,79.483378000,4.567982000,74.915396000,118.884659258,112.052249801
avx512_mul,2100,0xAA,61,0.668578352,0.000124021,79.468608000,4.570667000,74.897941000,118.862071605,112.025674669
avx512_mul,2100,0xAA,62,0.668592313,0.000103316,79.520914000,4.590015000,74.930899000,118.937822758,112.072630156
avx512_mul,2100,0xAA,63,0.668568484,0.000031293,79.472696000,4.548267000,74.924429000,118.869940566,112.066947146
avx512_mul,2100,0xAA,64,0.668588804,0.000126140,79.555155000,4.604236000,74.950919000,118.989660809,112.103162003
avx512_mul,2100,0xAA,65,0.668592566,0.000105136,79.545207000,4.567615000,74.977592000,118.974112210,112.142425424
avx512_mul,2100,0xAA,66,0.668587763,0.000036332,79.437357000,4.566150000,74.871207000,118.813656697,111.984112022
avx512_mul,2100,0xAA,67,0.668577845,0.000125000,79.540385000,4.586414000,74.953971000,118.969519516,112.109564414
avx512_mul,2100,0xAA,68,0.668583471,0.000098699,79.461101000,4.584827000,74.876274000,118.849933399,111.992409696
avx512_mul,2100,0xAA,69,0.668559366,0.000023967,79.587320000,4.554309000,75.033011000,119.043011141,112.230887589
avx512_mul,2100,0xAA,70,0.668580284,0.000123497,79.710856000,4.603748000,75.107108000,119.224060094,112.338203440
avx512_mul,2100,0xAA,71,0.668603928,0.000098869,79.863687000,4.599720000,75.263967000,119.448426203,112.568837549
avx512_mul,2100,0xAA,72,0.668571652,0.000028362,79.538493000,4.572437000,74.966056000,118.967791570,112.128678689
avx512_mul,2100,0xAA,73,0.668603524,0.000134519,79.573404000,4.574512000,74.998892000,119.014335261,112.172444912
avx512_mul,2100,0xAA,74,0.668997089,0.002232187,80.724891000,4.648242000,76.076649000,120.665534011,113.717458935
avx512_mul,2100,0xAA,75,0.668560411,0.000030007,79.717264000,4.513477000,75.203787000,119.237188925,112.486150533
avx512_mul,2100,0xAA,76,0.668556531,0.000121817,79.721415000,4.564930000,75.156485000,119.244089772,112.416050872
avx512_mul,2100,0xAA,77,0.668581239,0.000099757,79.658671000,4.588611000,75.070060000,119.145836580,112.282630234
avx512_mul,2100,0xAA,78,0.668572027,0.000030459,79.533304000,4.571399000,74.961905000,118.959963593,112.122407108
avx512_mul,2100,0xAA,79,0.668595277,0.000122998,79.608622000,4.568042000,75.040580000,119.068477999,112.236180257
avx512_mul,2100,0xAA,80,0.668578598,0.000096245,79.649698000,4.566761000,75.082937000,119.132886210,112.302334027
avx512_mul,2100,0xAA,81,0.668588435,0.000030624,79.691813000,4.514271000,75.177542000,119.194124336,112.442181337
avx512_mul,2100,0xAA,82,0.668548932,0.000115835,79.641215000,4.517261000,75.123954000,119.125483834,112.368669511
avx512_mul,2100,0xAA,83,0.668594594,0.000104050,79.529460000,4.538806000,74.990654000,118.950198952,112.161621779
avx512_mul,2100,0xAA,84,0.668557551,0.000027230,79.545634000,4.539601000,75.006033000,118.980982030,112.190839595
avx512_mul,2100,0xAA,85,0.668575378,0.000123636,79.603190000,4.569690000,75.033500000,119.063897079,112.228931045
avx512_mul,2100,0xAA,86,0.668572509,0.000094677,79.521586000,4.550891000,74.970695000,118.942351012,112.135473761
avx512_mul,2100,0xAA,87,0.668553149,0.000028793,79.513041000,4.537037000,74.976004000,118.933013936,112.146661937
avx512_mul,2100,0xAA,88,0.668577671,0.000126125,79.695474000,4.584644000,75.110830000,119.201519058,112.344209581
avx512_mul,2100,0xAA,89,0.668600130,0.000102434,79.564677000,4.578236000,74.986441000,119.001886797,112.154391869
avx512_mul,2100,0xAA,90,0.668586787,0.000031883,79.525492000,4.565967000,74.959525000,118.945653138,112.116372195
avx512_mul,2100,0xAA,91,0.668630838,0.000129314,79.755227000,4.571765000,75.183462000,119.281406890,112.443904426
avx512_mul,2100,0xAA,92,0.668608568,0.000105549,79.700480000,4.530262000,75.170218000,119.203497904,112.427841386
avx512_mul,2100,0xAA,93,0.668605173,0.000034528,79.563273000,4.508655000,75.054618000,118.998889279,112.255514894
avx512_mul,2100,0xAA,94,0.668610976,0.000130388,79.568888000,4.508655000,75.060233000,119.006254594,112.262938729
avx512_mul,2100,0xAA,95,0.668611540,0.000102940,79.680155000,4.531299000,75.148856000,119.172569255,112.395391878
avx512_mul,2100,0xAA,96,0.668597794,0.000039191,79.669230000,4.574451000,75.094779000,119.158679197,112.316821440
avx512_mul,2100,0xAA,97,0.668599116,0.000132789,79.482279000,4.535633000,74.946646000,118.878827610,112.095042088
avx512_mul,2100,0xAA,98,0.668606045,0.000102977,79.634928000,4.549427000,75.085501000,119.105904947,112.301558745
avx512_mul,2100,0xAA,99,0.668600383,0.000035129,79.635050000,4.570972000,75.064078000,119.107096007,112.270468155
avx512_mul,2300,0x00,0,0.610379053,0.000113785,74.887747000,4.195668000,70.692079000,122.690558591,115.816685745
avx512_mul,2300,0x00,1,0.610396637,0.000032010,75.304555000,4.192860000,71.111695000,123.369872119,116.500797572
avx512_mul,2300,0x00,2,0.610426952,0.000100377,74.945487000,4.201771000,70.743716000,122.775520916,115.892189525
avx512_mul,2300,0x00,3,0.610430902,0.000122190,75.285635000,4.174306000,71.111329000,123.331952556,116.493658510
avx512_mul,2300,0x00,4,0.610435812,0.000034701,74.927604000,4.151234000,70.776370000,122.744443505,115.944000411
avx512_mul,2300,0x00,5,0.610395404,0.000095148,75.008414000,4.169057000,70.839357000,122.884958732,116.054866345
avx512_mul,2300,0x00,6,0.610427453,0.000117715,74.997122000,4.190724000,70.806398000,122.860008488,115.994779897
avx512_mul,2300,0x00,7,0.610410373,0.000028712,74.989615000,4.183949000,70.805666000,122.851147814,115.996826225
avx512_mul,2300,0x00,8,0.610427305,0.000100533,75.065542000,4.190969000,70.874573000,122.972123572,116.106491965
avx512_mul,2300,0x00,9,0.610434632,0.000046814,75.282949000,4.195790000,71.087159000,123.326798805,116.453351948
avx512_mul,2300,0x00,10,0.610429785,0.000126453,75.375052000,4.169240000,71.205812000,123.478660239,116.648652753
avx512_mul,2300,0x00,11,0.610411485,0.000124959,75.097587000,4.202565000,70.895022000,123.027808058,116.143001491
avx512_mul,2300,0x00,12,0.610400681,0.000082508,75.041007000,4.191640000,70.849367000,122.937292441,116.070262092
avx512_mul,2300,0x00,13,0.610423414,0.000141979,74.986442000,4.196278000,70.790164000,122.843325337,115.968952720
avx512_mul,2300,0x00,14,0.610424726,0.000060776,75.100882000,4.192433000,70.908449000,123.030537215,116.162478272
avx512_mul,2300,0x00,15,0.610449220,0.000125533,74.861014000,4.195729000,70.665285000,122.632663903,115.759481231
avx512_mul,2300,0x00,16,0.610474975,0.000149268,75.143728000,4.175282000,70.968446000,123.090595249,116.251196135
avx512_mul,2300,0x00,17,0.610440231,0.000045478,74.879936000,4.157705000,70.722231000,122.665467018,115.854472607
avx512_mul,2300,0x00,18,0.610393999,0.000096275,75.282706000,4.190114000,71.092592000,123.334610400,116.470004899
avx512_mul,2300,0x00,19,0.610444351,0.000116861,75.077078000,4.204396000,70.872682000,122.987587447,116.100152101
avx512_mul,2300,0x00,20,0.610401611,0.000028588,74.949210000,4.186879000,70.762331000,122.786717226,115.927497125
avx512_mul,2300,0x00,21,0.610445910,0.000122856,74.873587000,4.183827000,70.689760000,122.653925248,115.800202531
avx512_mul,2300,0x00,22,0.610438701,0.000072085,75.190787000,4.181447000,71.009340000,123.175000094,116.325095269
avx512_mul,2300,0x00,23,0.610448137,0.000139579,75.274160000,4.199941000,71.074219000,123.309672678,116.429577969
avx512_mul,2300,0x00,24,0.610422694,0.000097809,75.318960000,4.154653000,71.164307000,123.388204138,116.582013871
avx512_mul,2300,0x00,25,0.610396406,0.000046627,74.910942000,4.187245000,70.723697000,122.725070638,115.865192433
avx512_mul,2300,0x00,26,0.610440416,0.000131641,75.296865000,4.200978000,71.095887000,123.348426895,116.466546384
avx512_mul,2300,0x00,27,0.610420886,0.000039052,75.106131000,4.192189000,70.913942000,123.039910247,116.172207818
avx512_mul,2300,0x00,28,0.610435636,0.000127380,75.033256000,4.204152000,70.829104000,122.917555190,116.030421231
avx512_mul,2300,0x00,29,0.610453103,0.000121073,75.112051000,4.192800000,70.919251000,123.043114376,116.174773503
avx512_mul,2300,0x00,30,0.610420272,0.000053820,74.913138000,4.153982000,70.759156000,122.723869797,115.918751767
avx512_mul,2300,0x00,31,0.610409576,0.000120984,75.135122000,4.187611000,70.947511000,123.089684229,116.229354440
avx512_mul,2300,0x00,32,0.610435385,0.000172929,75.109183000,4.208485000,70.900698000,123.041987446,116.147752443
avx512_mul,2300,0x00,33,0.610447257,0.000275500,75.204214000,4.201100000,71.003114000,123.195268969,116.313265728
avx512_mul,2300,0x00,34,0.610478281,0.000267583,75.120779000,4.205922000,70.914857000,123.052336680,116.162784456
avx512_mul,2300,0x00,35,0.610447776,0.000123634,75.223745000,4.197071000,71.026674000,123.227158733,116.351761419
avx512_mul,2300,0x00,36,0.610478288,0.000286480,75.323538000,4.202015000,71.121523000,123.384466684,116.501314437
avx512_mul,2300,0x00,37,0.610472804,0.000274348,75.371877000,4.180958000,71.190919000,123.464757996,116.616036852
avx512_mul,2300,0x00,38,0.610440555,0.000244388,75.098501000,4.201040000,70.897461000,123.023446631,116.141466121
avx512_mul,2300,0x00,39,0.610480786,0.000369430,75.352225000,4.183583000,71.168642000,123.430952694,116.578021207
avx512_mul,2300,0x00,40,0.610482340,0.000404085,75.090262000,4.206654000,70.883608000,123.001530211,116.110824742
avx512_mul,2300,0x00,41,0.610480484,0.000350611,75.448354000,4.201710000,71.246644000,123.588478161,116.705850283
avx512_mul,2300,0x00,42,0.610507003,0.000393169,75.349844000,4.197316000,71.152528000,123.421752112,116.546620494
avx512_mul,2300,0x00,43,0.610476939,0.000386152,75.698109000,4.201039000,71.497070000,123.998310413,117.116741708
avx512_mul,2300,0x00,44,0.610501168,0.000366962,75.341482000,4.168263000,71.173219000,123.409234763,116.581626207
avx512_mul,2300,0x00,45,0.610470198,0.000353913,75.382131000,4.191579000,71.190552000,123.482081864,116.615933423
avx512_mul,2300,0x00,46,0.610484239,0.000347916,75.343008000,4.193104000,71.149904000,123.415156734,116.546668189
avx512_mul,2300,0x00,47,0.611021020,0.003007695,76.813402000,4.292286000,72.521116000,125.713190590,118.688414263
avx512_mul,2300,0x00,48,0.610459730,0.000155808,75.287710000,4.188344000,71.099366000,123.329527368,116.468560472
avx512_mul,2300,0x00,49,0.610460806,0.000297189,75.504079000,4.191456000,71.312623000,123.683745525,116.817692934
avx512_mul,2300,0x00,50,0.610481859,0.000323778,75.361441000,4.174184000,71.187257000,123.445831992,116.608308585
avx512_mul,2300,0x00,51,0.610458580,0.000254398,75.310110000,4.201527000,71.108583000,123.366453433,116.483878371
avx512_mul,2300,0x00,52,0.610467473,0.000252487,75.917408000,4.193044000,71.724364000,124.359464505,117.490885608
avx512_mul,2300,0x00,53,0.610481202,0.000305383,75.155386000,4.197072000,70.958314000,123.108436088,116.233413584
avx512_mul,2300,0x00,54,0.610468334,0.000259468,75.211172000,4.196889000,71.014283000,123.202413407,116.327545753
avx512_mul,2300,0x00,55,0.610471267,0.000211905,75.139090000,4.193593000,70.945497000,123.083745477,116.214309961
avx512_mul,2300,0x00,56,0.610429856,0.000113834,75.392202000,4.188038000,71.204164000,123.506740790,116.645939408
avx512_mul,2300,0x00,57,0.610507657,0.000389880,75.142386000,4.182423000,70.959963000,123.081807551,116.231077754
avx512_mul,2300,0x00,58,0.610468133,0.000290661,75.598134000,4.203786000,71.394348000,123.836331268,116.950163474
avx512_mul,2300,0x00,59,0.610485724,0.000371691,75.192312000,4.203419000,70.988893000,123.168010302,116.282642092
avx512_mul,2300,0x00,60,0.610466460,0.000329429,75.481436000,4.179982000,71.301454000,123.645508765,116.798315225
avx512_mul,2300,0x00,61,0.610457361,0.000241282,75.286001000,4.188405000,71.097596000,123.327206526,116.466113074
avx512_mul,2300,0x00,62,0.610491256,0.000361397,75.651600000,4.207997000,71.443603000,123.919219574,117.026414871
avx512_mul,2300,0x00,63,0.610474200,0.000251719,75.560293000,4.186269000,71.374024000,123.773114488,116.915709208
avx512_mul,2300,0x00,64,0.610466869,0.000328610,75.314383000,4.150685000,71.163698000,123.371778023,116.572580207
avx512_mul,2300,0x00,65,0.610469182,0.000238703,75.399343000,4.171559000,71.227784000,123.510482110,116.677116689
avx512_mul,2300,0x00,66,0.610444448,0.000242131,75.117239000,4.211354000,70.905885000,123.053357739,116.154525231
avx512_mul,2300,0x00,67,0.610473947,0.000357294,75.516225000,4.208425000,71.307800000,123.700979196,116.807277963
avx512_mul,2300,0x00,68,0.610488822,0.000346357,75.244192000,4.206044000,71.038148000,123.252366503,116.362733392
avx512_mul,2300,0x00,69,0.610454956,0.000401584,75.585927000,4.199818000,71.386109000,123.819007882,116.939191511
avx512_mul,2300,0x00,70,0.610484731,0.000375276,75.187369000,4.196828000,70.990541000,123.160113915,116.285530837
avx512_mul,2300,0x00,71,0.610476049,0.000329569,75.439504000,4.198658000,71.240846000,123.574879097,116.697200597
avx512_mul,2300,0x00,72,0.610469724,0.000375059,75.349905000,4.204091000,71.145814000,123.429388847,116.542739384
avx512_mul,2300,0x00,73,0.610486305,0.000342511,75.680104000,4.189503000,71.490601000,123.966915210,117.104348489
avx512_mul,2300,0x00,74,0.610442945,0.000260408,75.241080000,4.174489000,71.066591000,123.256531283,116.418072372
avx512_mul,2300,0x00,75,0.610466397,0.000268764,75.699575000,4.198781000,71.500794000,124.002853240,117.124864505
avx512_mul,2300,0x00,76,0.610450852,0.000309056,75.198293000,4.188771000,71.009522000,123.184844130,116.323077963
avx512_mul,2300,0x00,77,0.610444987,0.000275957,75.416800000,4.178456000,71.238344000,123.543974738,116.699040154
avx512_mul,2300,0x00,78,0.610473046,0.000254983,75.250722000,4.192006000,71.058716000,123.266248180,116.399432311
avx512_mul,2300,0x00,79,0.610428293,0.000189352,75.313772000,4.195363000,71.118409000,123.378573498,116.505754776
avx512_mul,2300,0x00,80,0.610460573,0.000269941,75.234731000,4.186879000,71.047852000,123.242571895,116.384014294
avx512_mul,2300,0x00,81,0.610503742,0.000323414,75.631459000,4.196340000,71.435119000,123.883694415,117.010124751
avx512_mul,2300,0x00,82,0.610467552,0.000367046,76.056385000,4.203724000,71.852661000,124.587104993,117.701032201
avx512_mul,2300,0x00,83,0.610509213,0.000469744,75.703236000,4.220265000,71.482971000,124.000153208,117.087456549
avx512_mul,2300,0x00,84,0.610453879,0.000267133,75.395071000,4.182302000,71.212769000,123.506580351,116.655445242
avx512_mul,2300,0x00,85,0.610503248,0.000421487,75.323293000,4.211598000,71.111695000,123.379020895,116.480453175
avx512_mul,2300,0x00,86,0.610486639,0.000398207,75.494253000,4.219045000,71.275208000,123.662416518,116.751462646
avx512_mul,2300,0x00,87,0.610449926,0.000295093,75.072074000,4.178151000,70.893923000,122.978266966,116.133887403
avx512_mul,2300,0x00,88,0.610485510,0.000348559,75.862599000,4.186269000,71.676330000,124.266010936,117.408732697
avx512_mul,2300,0x00,89,0.610470905,0.000313412,75.539845000,4.219227000,71.320618000,123.740287031,116.828856911
avx512_mul,2300,0x00,90,0.610491486,0.000386499,75.887196000,4.184316000,71.702880000,124.305084838,117.451072794
avx512_mul,2300,0x00,91,0.610516843,0.000389699,75.430349000,4.184438000,71.245911000,123.551626532,116.697699328
avx512_mul,2300,0x00,92,0.610464250,0.000331129,75.445119000,4.184925000,71.260194000,123.586465575,116.731150132
avx512_mul,2300,0x00,93,0.610507251,0.000414571,75.340993000,4.197926000,71.143067000,123.407204246,116.531076249
avx512_mul,2300,0x00,94,0.610471965,0.000351638,75.488820000,4.205433000,71.283387000,123.656489272,116.767666787
avx512_mul,2300,0x00,95,0.610480710,0.000358290,75.829823000,4.199269000,71.630554000,124.213299137,117.334672288
avx512_mul,2300,0x00,96,0.610484281,0.000323206,75.475027000,4.202443000,71.272584000,123.631401135,116.747615373
avx512_mul,2300,0x00,97,0.610457151,0.000379854,75.486013000,4.181324000,71.304689000,123.654891808,116.805395507
avx512_mul,2300,0x00,98,0.610477188,0.000388476,75.470387000,4.197071000,71.273316000,123.625236919,116.750170852
avx512_mul,2300,0x00,99,0.610470314,0.000326481,75.446035000,4.205983000,71.240052000,123.586738325,116.696996267
avx512_mul,2300,0xAA,0,0.610432449,0.000186716,75.606007000,4.210378000,71.395629000,123.856467961,116.959098710
avx512_mul,2300,0xAA,1,0.610486060,0.000251536,76.027088000,4.204335000,71.822753000,124.535338204,117.648473339
avx512_mul,2300,0xAA,2,0.610456315,0.000222439,75.837270000,4.183400000,71.653870000,124.230461965,117.377555544
avx512_mul,2300,0xAA,3,0.610483123,0.000224717,76.063709000,4.200550000,71.863159000,124.595924384,117.715226387
avx512_mul,2300,0xAA,4,0.610451229,0.000172711,75.657887000,4.196279000,71.461608000,123.937643867,117.063582841
avx512_mul,2300,0xAA,5,0.610435402,0.000141896,75.374868000,4.194570000,71.180298000,123.477222668,116.605783054
avx512_mul,2300,0xAA,6,0.610436972,0.000161343,75.844776000,4.191944000,71.652832000,124.246694467,117.379574371
avx512_mul,2300,0xAA,7,0.610449957,0.000168492,75.227530000,4.184804000,71.042726000,123.232918908,116.377641166
avx512_mul,2300,0xAA,8,0.610408552,0.000138438,75.570119000,4.199513000,71.370606000,123.802523294,116.922683579
avx512_mul,2300,0xAA,9,0.610456812,0.000157568,75.679616000,4.171193000,71.508423000,123.972105030,117.139200689
avx512_mul,2300,0xAA,10,0.610419607,0.000117613,75.532400000,4.193532000,71.338868000,123.738489220,116.868572281
avx512_mul,2300,0xAA,11,0.610438018,0.000181863,75.137869000,4.192921000,70.944948000,123.088449345,116.219740517
avx512_mul,2300,0xAA,12,0.610456364,0.000255984,75.561513000,4.202565000,71.358948000,123.778729202,116.894428790
avx512_mul,2300,0xAA,13,0.610416644,0.000152040,75.381338000,4.201161000,71.180177000,123.491616398,116.609168084
avx512_mul,2300,0xAA,14,0.610453425,0.000224706,75.667653000,4.187001000,71.480652000,123.953195858,117.094358106
avx512_mul,2300,0xAA,15,0.610455596,0.000305305,75.435231000,4.198659000,71.236572000,123.572019850,116.694109271
avx512_mul,2300,0xAA,16,0.610490515,0.000386336,75.516591000,4.157888000,71.358703000,123.698221491,116.887488327
avx512_mul,2300,0xAA,17,0.610473262,0.000222230,75.306082000,4.197194000,71.108888000,123.356888337,116.481576571
avx512_mul,2300,0xAA,18,0.610450732,0.000245388,75.636525000,4.200612000,71.435913000,123.902750832,117.021586184
avx512_mul,2300,0xAA,19,0.610455021,0.000209023,75.580922000,4.193959000,71.386963000,123.810795947,116.940578064
avx512_mul,2300,0xAA,20,0.610434979,0.000195360,75.224966000,4.194570000,71.030396000,123.231742277,116.360297905
avx512_mul,2300,0xAA,21,0.610447810,0.000187571,75.528798000,4.191396000,71.337402000,123.726871975,116.860771494
avx512_mul,2300,0xAA,22,0.610455746,0.000188775,75.623281000,4.135792000,71.487489000,123.880037886,117.105112720
avx512_mul,2300,0xAA,23,0.610481657,0.000250881,75.716175000,4.171620000,71.544555000,124.026945112,117.193619409
avx512_mul,2300,0xAA,24,0.610480871,0.000351908,75.383108000,4.166860000,71.216248000,123.481523556,116.655986179
avx512_mul,2300,0xAA,25,0.610502287,0.000356884,75.879810000,4.184376000,71.695434000,124.290787508,117.436798439
avx512_mul,2300,0xAA,26,0.610506783,0.000438349,76.076893000,4.186452000,71.890441000,124.612690831,117.755351786
avx512_mul,2300,0xAA,27,0.610469542,0.000227925,75.614797000,4.174916000,71.439881000,123.863340953,117.024480512
avx512_mul,2300,0xAA,28,0.610444101,0.000215483,75.433889000,4.172109000,71.261780000,123.572148358,116.737601192
avx512_mul,2300,0xAA,29,0.610453169,0.000245087,75.568593000,4.136220000,71.432373000,123.790975109,117.015320214
avx512_mul,2300,0xAA,30,0.610470656,0.000284516,75.559804000,4.181386000,71.378418000,123.773031833,116.923585499
avx512_mul,2300,0xAA,31,0.610452814,0.000315040,75.573232000,4.170949000,71.402283000,123.798646382,116.966096990
avx512_mul,2300,0xAA,32,0.610462869,0.000304176,75.517324000,4.193532000,71.323792000,123.705024199,116.835594113
avx512_mul,2300,0xAA,33,0.610447011,0.000284620,75.378835000,4.185353000,71.193482000,123.481372956,116.625162791
avx512_mul,2300,0xAA,34,0.610494679,0.000372289,75.422231000,4.181935000,71.240296000,123.542814724,116.692738638
avx512_mul,2300,0xAA,35,0.610501131,0.000384732,75.496571000,4.189504000,71.307067000,123.663277873,116.800876171
avx512_mul,2300,0xAA,36,0.610479864,0.000370593,75.239675000,4.141225000,71.098450000,123.246776010,116.463218931
avx512_mul,2300,0xAA,37,0.610449585,0.000206470,75.352041000,4.179860000,71.172181000,123.436959904,116.589776943
avx512_mul,2300,0xAA,38,0.610487452,0.000397033,76.056263000,4.202077000,71.854186000,124.582843918,117.699693440
avx512_mul,2300,0xAA,39,0.610469004,0.000356554,76.011646000,4.200429000,71.811217000,124.513522306,117.632863387
avx512_mul,2300,0xAA,40,0.610490808,0.000441748,75.759389000,4.200184000,71.559205000,124.095871829,117.215859962
avx512_mul,2300,0xAA,41,0.610466226,0.000340287,75.431203000,4.187062000,71.244141000,123.563269836,116.704475979
avx512_mul,2300,0xAA,42,0.610489303,0.000333390,75.662343000,4.148183000,71.514160000,123.937213396,117.142363788
avx512_mul,2300,0xAA,43,0.610484890,0.000346918,75.350820000,4.188526000,71.162294000,123.427821405,116.566839148
avx512_mul,2300,0xAA,44,0.610475062,0.000416017,75.772694000,4.202809000,71.569885000,124.120867015,117.236377769
avx512_mul,2300,0xAA,45,0.610480753,0.000327572,75.575368000,4.190114000,71.385254000,123.796479555,116.932849567
avx512_mul,2300,0xAA,46,0.610455937,0.000293518,75.689808000,4.191700000,71.498108000,123.988978407,117.122471350
avx512_mul,2300,0xAA,47,0.610440012,0.000202510,75.163993000,4.193959000,70.970034000,123.130842450,116.260455656
avx512_mul,2300,0xAA,48,0.610482505,0.000270911,75.751515000,4.199147000,71.552368000,124.084661496,117.206254720
avx512_mul,2300,0xAA,49,0.610455793,0.000291846,75.590810000,4.177602000,71.413208000,123.826837127,116.983422664
avx512_mul,2300,0xAA,50,0.610435645,0.000219779,75.494557000,4.194142000,71.300415000,123.673244889,116.802509153
avx512_mul,2300,0xAA,51,0.610484284,0.000378370,75.454763000,4.214833000,71.239930000,123.598207085,116.694126000
avx512_mul,2300,0xAA,52,0.610481815,0.000374996,76.430163000,4.207814000,72.222349000,125.196461480,118.303849942
avx512_mul,2300,0xAA,53,0.610505579,0.000436225,75.787160000,4.188039000,71.599121000,124.138357843,117.278405787
avx512_mul,2300,0xAA,54,0.610468020,0.000400058,75.790639000,4.162709000,71.627930000,124.151694287,117.332812932
avx512_mul,2300,0xAA,55,0.610479690,0.000287306,75.463186000,4.187978000,71.275208000,123.612934573,116.752791529
avx512_mul,2300,0xAA,56,0.610468826,0.000215373,75.198477000,4.186940000,71.011537000,123.181518469,116.322953675
avx512_mul,2300,0xAA,57,0.610438751,0.000157790,75.419973000,4.195119000,71.224854000,123.550434534,116.678133276
avx512_mul,2300,0xAA,58,0.610456734,0.000145532,75.855152000,4.190724000,71.664428000,124.259669431,117.394770144
avx512_mul,2300,0xAA,59,0.610455387,0.000111669,75.484365000,4.186024000,71.298341000,123.652549467,116.795334204
avx512_mul,2300,0xAA,60,0.610450212,0.000182127,75.265981000,4.185658000,71.080323000,123.295855224,116.439181387
avx512_mul,2300,0xAA,61,0.610448144,0.000198852,75.904957000,4.199757000,71.705200000,124.343005591,117.463212376
avx512_mul,2300,0xAA,62,0.610433204,0.000227366,75.463430000,4.165822000,71.297608000,123.622747691,116.798377767
avx512_mul,2300,0xAA,63,0.610483495,0.000339133,75.863209000,4.179005000,71.684204000,124.267420254,117.422018149
avx512_mul,2300,0xAA,64,0.610452788,0.000318560,75.195791000,4.202748000,70.993043000,123.180354812,116.295714290
avx512_mul,2300,0xAA,65,0.610479959,0.000388835,75.780934000,4.199697000,71.581237000,124.133368964,117.254032570
avx512_mul,2300,0xAA,66,0.610491117,0.000372079,75.325918000,4.201222000,71.124696000,123.385772456,116.504063802
avx512_mul,2300,0xAA,67,0.610462279,0.000312155,75.422231000,4.200612000,71.221619000,123.549371658,116.668337163
avx512_mul,2300,0xAA,68,0.610478489,0.000320418,75.426198000,4.206959000,71.219239000,123.552589254,116.661340708
avx512_mul,2300,0xAA,69,0.610470918,0.000350774,76.056995000,4.181203000,71.875792000,124.587417196,117.738273569
avx512_mul,2300,0xAA,70,0.610498492,0.000451263,75.617116000,4.183827000,71.433289000,123.861265906,117.008133495
avx512_mul,2300,0xAA,71,0.610520620,0.000401125,76.449695000,4.212514000,72.237181000,125.220496201,118.320624419
avx512_mul,2300,0xAA,72,0.610480967,0.000390109,75.862965000,4.206655000,71.656310000,124.267535058,117.376812455
avx512_mul,2300,0xAA,73,0.610488418,0.000322571,75.778309000,4.192616000,71.585693000,124.127349070,117.259706910
avx512_mul,2300,0xAA,74,0.610462562,0.000258474,75.708607000,4.192616000,71.515991000,124.018427478,117.150494439
avx512_mul,2300,0xAA,75,0.610463647,0.000336384,75.965260000,4.215566000,71.749694000,124.438630153,117.533114943
avx512_mul,2300,0xAA,76,0.610476958,0.000319823,76.763231000,4.166920000,72.596311000,125.743044052,118.917364644
avx512_mul,2300,0xAA,77,0.610453073,0.000229946,75.449270000,4.197010000,71.252260000,123.595528245,116.720290513
avx512_mul,2300,0xAA,78,0.610470368,0.000274376,76.327746000,4.202565000,72.125181000,125.031041557,118.146899070
avx512_mul,2300,0xAA,79,0.610479256,0.000373662,75.473989000,4.212636000,71.261353000,123.630718507,116.730179363
avx512_mul,2300,0xAA,80,0.610452567,0.000262551,75.940052000,4.198658000,71.741394000,124.399594812,117.521651748
avx512_mul,2300,0xAA,81,0.610510181,0.000393238,75.877613000,4.209767000,71.667846000,124.285581748,117.390091499
avx512_mul,2300,0xAA,82,0.610444757,0.000207811,76.392871000,4.198476000,72.194395000,125.142971739,118.265238823
avx512_mul,2300,0xAA,83,0.610471918,0.000217339,75.996448000,4.193043000,71.803405000,124.488032581,117.619505336
avx512_mul,2300,0xAA,84,0.610461738,0.000183422,76.009999000,4.206594000,71.803405000,124.512306519,117.621466782
avx512_mul,2300,0xAA,85,0.610434515,0.000125640,75.843494000,4.201527000,71.641967000,124.245094576,117.362248178
avx512_mul,2300,0xAA,86,0.610422147,0.000116178,75.880971000,4.203114000,71.677857000,124.309007135,117.423421443
avx512_mul,2300,0xAA,87,0.610473453,0.000172530,75.645924000,4.198354000,71.447570000,123.913535745,117.036325964
avx512_mul,2300,0xAA,88,0.610449587,0.000313654,76.255420000,4.205129000,72.050291000,124.916818055,118.028241031
avx512_mul,2300,0xAA,89,0.610476264,0.000365555,75.591115000,4.195546000,71.395569000,123.823184356,116.950605934
avx512_mul,2300,0xAA,90,0.610477278,0.000429319,76.449450000,4.216115000,72.233335000,125.228985159,118.322724842
avx512_mul,2300,0xAA,91,0.610479262,0.000266372,76.266589000,4.203847000,72.062742000,124.929041399,118.042899213
avx512_mul,2300,0xAA,92,0.610964341,0.002630788,77.250291000,4.290394000,72.959897000,126.439934071,119.417602795
avx512_mul,2300,0xAA,93,0.610486789,0.000389489,76.147693000,4.213674000,71.934019000,124.732745021,117.830590748
avx512_mul,2300,0xAA,94,0.610457298,0.000245905,75.602345000,4.205861000,71.396484000,123.845427461,116.955738347
avx512_mul,2300,0xAA,95,0.610456251,0.000284685,75.915211000,4.209645000,71.705566000,124.358151676,117.462252099
avx512_mul,2300,0xAA,96,0.610453830,0.000225405,75.413137000,4.182179000,71.230958000,123.536184626,116.685250457
avx512_mul,2300,0xAA,97,0.610484055,0.000281189,76.123584000,4.218617000,71.904967000,124.693811962,117.783529927
avx512_mul,2300,0xAA,98,0.610428647,0.000148786,76.041676000,4.205251000,71.836425000,124.570949233,117.681936044
avx512_mul,2300,0xAA,99,0.610442664,0.000184637,75.900014000,4.207081000,71.692933000,124.336024463,117.444171635
avx512_mul,2500,0x00,0,0.561520168,0.000091330,73.238460000,3.862539000,69.375921000,130.428903954,123.550185747
avx512_mul,2500,0x00,1,0.561506894,0.000025868,73.224117000,3.860341000,69.363776000,130.406443432,123.531477084
avx512_mul,2500,0x00,2,0.561517419,0.000117250,73.231380000,3.865957000,69.365423000,130.416933732,123.532094776
avx512_mul,2500,0x00,3,0.561548342,0.000103153,73.191524000,3.871328000,69.320196000,130.338776782,123.444752331
avx512_mul,2500,0x00,4,0.561529439,0.000026512,73.204219000,3.858022000,69.346197000,130.365772386,123.495211853
avx512_mul,2500,0x00,5,0.561550072,0.000127726,73.216121000,3.870168000,69.345953000,130.382177144,123.490239646
avx512_mul,2500,0x00,6,0.561541354,0.000022952,73.150082000,3.871938000,69.278144000,130.266598359,123.371401818
avx512_mul,2500,0x00,7,0.561523719,0.000097258,73.206844000,3.862783000,69.344061000,130.371774997,123.492665768
avx512_mul,2500,0x00,8,0.561520427,0.000022731,73.257320000,3.839346000,69.417974000,130.462431067,123.625019967
avx512_mul,2500,0x00,9,0.561550268,0.000125097,73.392939000,3.865224000,69.527715000,130.697006444,123.813875547
avx512_mul,2500,0x00,10,0.561537142,0.000104207,73.400813000,3.877004000,69.523809000,130.714083644,123.809813726
avx512_mul,2500,0x00,11,0.561525822,0.000025671,73.302425000,3.860403000,69.442022000,130.541503314,123.666658300
avx512_mul,2500,0x00,12,0.561548438,0.000125506,73.448237000,3.870779000,69.577458000,130.795906631,123.902861007
avx512_mul,2500,0x00,13,0.561528474,0.000018512,73.183223000,3.856436000,69.326787000,130.328605455,123.460857557
avx512_mul,2500,0x00,14,0.561547443,0.000100109,73.305171000,3.863210000,69.441961000,130.541367219,123.661788215
avx512_mul,2500,0x00,15,0.561527112,0.000023830,73.217220000,3.861868000,69.355352000,130.389465488,123.512027307
avx512_mul,2500,0x00,16,0.561537270,0.000120603,73.417781000,3.861013000,69.556768000,130.744271015,123.868479849
avx512_mul,2500,0x00,17,0.561532580,0.000021775,73.197689000,3.867178000,69.330511000,130.353414247,123.466586771
avx512_mul,2500,0x00,18,0.561534810,0.000099387,73.248043000,3.855214000,69.392829000,130.442568604,123.577074372
avx512_mul,2500,0x00,19,0.561541613,0.000121000,73.256100000,3.873220000,69.382880000,130.455336444,123.557860081
avx512_mul,2500,0x00,20,0.561523645,0.000028528,73.337397000,3.871206000,69.466191000,130.604290081,123.710179680
avx512_mul,2500,0x00,21,0.561536225,0.000103443,73.185786000,3.871511000,69.314275000,130.331370800,123.436871700
avx512_mul,2500,0x00,22,0.561534026,0.000021585,73.123043000,3.861379000,69.261664000,130.220146193,123.343663524
avx512_mul,2500,0x00,23,0.561551177,0.000120253,73.155757000,3.849356000,69.306401000,130.274425499,123.419563189
avx512_mul,2500,0x00,24,0.561542060,0.000030849,73.245540000,3.857534000,69.388006000,130.436427107,123.566890035
avx512_mul,2500,0x00,25,0.561557165,0.000102448,73.283870000,3.877187000,69.406683000,130.501175279,123.596825655
avx512_mul,2500,0x00,26,0.561564015,0.000124653,73.369258000,3.879873000,69.489385000,130.651637193,123.742588726
avx512_mul,2500,0x00,27,0.561533039,0.000028594,73.229061000,3.868704000,69.360357000,130.409176072,123.519636671
avx512_mul,2500,0x00,28,0.561533017,0.000105124,73.312129000,3.865469000,69.446660000,130.557111964,123.673333306
avx512_mul,2500,0x00,29,0.561529071,0.000027922,73.115536000,3.862722000,69.252814000,130.207926608,123.328991566
avx512_mul,2500,0x00,30,0.561542573,0.000130135,73.350521000,3.850759000,69.499762000,130.623259010,123.765793195
avx512_mul,2500,0x00,31,0.561529398,0.000025383,73.260798000,3.867971000,69.392827000,130.466540588,123.578261873
avx512_mul,2500,0x00,32,0.561533133,0.000102246,73.358271000,3.862234000,69.496037000,130.639256417,123.761240196
avx512_mul,2500,0x00,33,0.561547010,0.000025295,73.169124000,3.860219000,69.308905000,130.299196177,123.424938221
avx512_mul,2500,0x00,34,0.561546831,0.000124410,73.283870000,3.861135000,69.422735000,130.503576800,123.627685447
avx512_mul,2500,0x00,35,0.561559659,0.000104267,73.243831000,3.862783000,69.381048000,130.429295960,123.550626995
avx512_mul,2500,0x00,36,0.561521964,0.000029383,73.120114000,3.843191000,69.276923000,130.217727375,123.373487528
avx512_mul,2500,0x00,37,0.561575615,0.000122040,73.178706000,3.827200000,69.351506000,130.309621870,123.494511135
avx512_mul,2500,0x00,38,0.561519024,0.000027791,73.253413000,3.856008000,69.397405000,130.455799125,123.588697860
avx512_mul,2500,0x00,39,0.561538314,0.000103555,73.289607000,3.866628000,69.422979000,130.515772851,123.629995148
avx512_mul,2500,0x00,40,0.561525712,0.000025292,73.106258000,3.868825000,69.237433000,130.192182519,123.302337733
avx512_mul,2500,0x00,41,0.561532374,0.000127030,73.293819000,3.876150000,69.417669000,130.524654227,123.621846522
avx512_mul,2500,0x00,42,0.561547401,0.000101990,73.323055000,3.873159000,69.449896000,130.573224653,123.675928022
avx512_mul,2500,0x00,43,0.561515130,0.000029288,73.134883000,3.863027000,69.271856000,130.245614260,123.365965263
avx512_mul,2500,0x00,44,0.561551493,0.000125707,73.387569000,3.880788000,69.506781000,130.687158534,123.776326584
avx512_mul,2500,0x00,45,0.561530263,0.000029785,73.402888000,3.857229000,69.545659000,130.719380377,123.850242137
avx512_mul,2500,0x00,46,0.561541689,0.000102498,73.309139000,3.877492000,69.431647000,130.549771176,123.644688123
avx512_mul,2500,0x00,47,0.561523047,0.000025081,73.311214000,3.862417000,69.448797000,130.557800579,123.679334913
avx512_mul,2500,0x00,48,0.561541009,0.000117317,73.200740000,3.872915000,69.327825000,130.356890851,123.459950220
avx512_mul,2500,0x00,49,0.561510249,0.000024324,73.235042000,3.857839000,69.377203000,130.425120700,123.554651270
avx512_mul,2500,0x00,50,0.561535973,0.000103430,73.214778000,3.863088000,69.351690000,130.383059256,123.503556984
avx512_mul,2500,0x00,51,0.561559340,0.000162088,73.509272000,3.882619000,69.626653000,130.902055777,123.988059827
avx512_mul,2500,0x00,52,0.561524087,0.000024532,73.151546000,3.853994000,69.297552000,130.273211170,123.409758493
avx512_mul,2500,0x00,53,0.561553399,0.000099096,73.416866000,3.871328000,69.545538000,130.738886421,123.844924049
avx512_mul,2500,0x00,54,0.561533868,0.000029031,73.307185000,3.868093000,69.439092000,130.548109767,123.659668619
avx512_mul,2500,0x00,55,0.561541343,0.000125017,73.342464000,3.868581000,69.473883000,130.609197218,123.719978732
avx512_mul,2500,0x00,56,0.561524235,0.000027663,73.237239000,3.862478000,69.374761000,130.425784739,123.547224992
avx512_mul,2500,0x00,57,0.561545580,0.000098090,73.285823000,3.862906000,69.422917000,130.507345368,123.628284905
avx512_mul,2500,0x00,58,0.561557390,0.000125350,73.369563000,3.868215000,69.501348000,130.653721861,123.765351997
avx512_mul,2500,0x00,59,0.561524047,0.000029755,73.435359000,3.852285000,69.583074000,130.778653852,123.918244188
avx512_mul,2500,0x00,60,0.561538808,0.000102731,73.381160000,3.870290000,69.510870000,130.678697364,123.786404361
avx512_mul,2500,0x00,61,0.561537098,0.000029824,73.255428000,3.869009000,69.386419000,130.455188555,123.565155797
avx512_mul,2500,0x00,62,0.561548113,0.000120268,73.288508000,3.871328000,69.417180000,130.511538099,123.617510842
avx512_mul,2500,0x00,63,0.561517124,0.000028998,73.127437000,3.863271000,69.264166000,130.231891176,123.351832075
avx512_mul,2500,0x00,64,0.561535925,0.000095878,73.396174000,3.871572000,69.524602000,130.706105833,123.811494411
avx512_mul,2500,0x00,65,0.561512312,0.000029787,73.256771000,3.865285000,69.391486000,130.463338898,123.579634088
avx512_mul,2500,0x00,66,0.561533540,0.000120878,73.423702000,3.865530000,69.558172000,130.755683876,123.871802991
avx512_mul,2500,0x00,67,0.561537527,0.000102844,73.408564000,3.879018000,69.529546000,130.727797364,123.819945590
avx512_mul,2500,0x00,68,0.561521005,0.000027270,73.265560000,3.871633000,69.393927000,130.476971204,123.582067958
avx512_mul,2500,0x00,69,0.561530031,0.000124497,73.388851000,3.865652000,69.523199000,130.694436553,123.810295391
avx512_mul,2500,0x00,70,0.561521899,0.000018432,73.244564000,3.868948000,69.375616000,130.439372248,123.549261627
avx512_mul,2500,0x00,71,0.561550079,0.000094097,73.282772000,3.846426000,69.436346000,130.500866791,123.651208770
avx512_mul,2500,0x00,72,0.561518197,0.000029222,73.227230000,3.845876000,69.381354000,130.409362275,123.560294837
avx512_mul,2500,0x00,73,0.561565455,0.000122917,73.288630000,3.857656000,69.430974000,130.507725168,123.638257025
avx512_mul,2500,0x00,74,0.561539778,0.000105244,73.347286000,3.845082000,69.502204000,130.618148194,123.770757951
avx512_mul,2500,0x00,75,0.561521100,0.000024754,73.357722000,3.864493000,69.493229000,130.641078331,123.758891712
avx512_mul,2500,0x00,76,0.561540792,0.000126305,73.372371000,3.863699000,69.508672000,130.662584154,123.782052847
avx512_mul,2500,0x00,77,0.561520654,0.000020100,73.125424000,3.857046000,69.268378000,130.227487556,123.358557675
avx512_mul,2500,0x00,78,0.561524411,0.000100602,73.321468000,3.870291000,69.451177000,130.575744421,123.683272922
avx512_mul,2500,0x00,79,0.561505403,0.000023411,73.182003000,3.858815000,69.323188000,130.331787742,123.459520834
avx512_mul,2500,0x00,80,0.561525582,0.000111764,73.408747000,3.872610000,69.536137000,130.730904090,123.834317141
avx512_mul,2500,0x00,81,0.561515819,0.000026306,73.324764000,3.856069000,69.468695000,130.583612368,123.716363268
avx512_mul,2500,0x00,82,0.561529881,0.000093168,73.353266000,3.874502000,69.478764000,130.631100032,123.731196511
avx512_mul,2500,0x00,83,0.561539353,0.000112255,73.285457000,3.864065000,69.421392000,130.508140946,123.626940224
avx512_mul,2500,0x00,84,0.561500918,0.000019964,73.396784000,3.861989000,69.534795000,130.715340974,123.837366470
avx512_mul,2500,0x00,85,0.561530229,0.000093759,73.484981000,3.864554000,69.620427000,130.865583324,123.983399963
avx512_mul,2500,0x00,86,0.561503350,0.000021199,73.425105000,3.876699000,69.548406000,130.765212602,123.861070361
avx512_mul,2500,0x00,87,0.561521740,0.000114536,73.395930000,3.875417000,69.520513000,130.708973101,123.807340049
avx512_mul,2500,0x00,88,0.561504904,0.000021259,73.347957000,3.836843000,69.511114000,130.627455840,123.794313377
avx512_mul,2500,0x00,89,0.561523713,0.000094175,73.396479000,3.865468000,69.531011000,130.709491623,123.825600679
avx512_mul,2500,0x00,90,0.561531382,0.000114636,73.330318000,3.868581000,69.461737000,130.589883983,123.700543288
avx512_mul,2500,0x00,91,0.561518670,0.000023972,73.262325000,3.858816000,69.403509000,130.471752588,123.599646271
avx512_mul,2500,0x00,92,0.561522190,0.000095700,73.291499000,3.872670000,69.418829000,130.522890040,123.626154574
avx512_mul,2500,0x00,93,0.561528837,0.000028949,73.214840000,3.865163000,69.349677000,130.384826590,123.501541623
avx512_mul,2500,0x00,94,0.561530855,0.000121582,73.267879000,3.866567000,69.401312000,130.478812196,123.593051665
avx512_mul,2500,0x00,95,0.561535192,0.000023544,73.155940000,3.864737000,69.291203000,130.278459928,123.396011498
avx512_mul,2500,0x00,96,0.561541341,0.000102768,73.205562000,3.851003000,69.354559000,130.365400793,123.507485413
avx512_mul,2500,0x00,97,0.561516984,0.000022427,73.276973000,3.874501000,69.402472000,130.498230851,123.598170638
avx512_mul,2500,0x00,98,0.561533077,0.000123146,73.399287000,3.865957000,69.533330000,130.712312412,123.827665438
avx512_mul,2500,0x00,99,0.561529187,0.000095807,73.330378000,3.872976000,69.457402000,130.590501214,123.693306752
avx512_mul,2500,0xAA,0,0.561512387,0.000115012,73.147579000,3.868520000,69.279059000,130.268860919,123.379395803
avx512_mul,2500,0xAA,1,0.561518200,0.000085445,73.135921000,3.866933000,69.268988000,130.246750742,123.360183216
avx512_mul,2500,0xAA,2,0.561517367,0.000027914,73.273555000,3.862111000,69.411444000,130.492054646,123.614064358
avx512_mul,2500,0xAA,3,0.561529782,0.000116938,73.306514000,3.874075000,69.432439000,130.547864682,123.648720373
avx512_mul,2500,0xAA,4,0.561511719,0.000024335,73.169185000,3.868764000,69.300421000,130.307494172,123.417586318
avx512_mul,2500,0xAA,5,0.561529746,0.000092929,73.289974000,3.870229000,69.419745000,130.518417758,123.626122157
avx512_mul,2500,0xAA,6,0.561518710,0.000022577,73.129939000,3.874868000,69.255071000,130.235979061,123.335286478
avx512_mul,2500,0xAA,7,0.561530220,0.000119928,73.307613000,3.883229000,69.424384000,130.549719972,123.634279163
avx512_mul,2500,0xAA,8,0.561516611,0.000023545,73.282466000,3.870718000,69.411748000,130.508099981,123.614772295
avx512_mul,2500,0xAA,9,0.561541596,0.000103214,73.361140000,3.871878000,69.489262000,130.642396817,123.747310098
avx512_mul,2500,0xAA,10,0.561541815,0.000111050,73.396419000,3.874929000,69.521490000,130.705171108,123.804653823
avx512_mul,2500,0xAA,11,0.561525027,0.000026866,73.247615000,3.870290000,69.377325000,130.444079023,123.551616864
avx512_mul,2500,0xAA,12,0.561537323,0.000097222,73.316524000,3.875478000,69.441046000,130.563937575,123.662387418
avx512_mul,2500,0xAA,13,0.561534746,0.000025525,73.052364000,3.866811000,69.185553000,130.094111870,123.207964519
avx512_mul,2500,0xAA,14,0.561527848,0.000118197,73.214046000,3.869131000,69.344915000,130.383642108,123.493278590
avx512_mul,2500,0xAA,15,0.561510365,0.000024429,73.136348000,3.864920000,69.271428000,130.249328515,123.366249874
avx512_mul,2500,0xAA,16,0.561534575,0.000097219,73.187496000,3.855032000,69.332464000,130.334799172,123.469626171
avx512_mul,2500,0xAA,17,0.561528172,0.000113403,73.294612000,3.868948000,69.425664000,130.527043263,123.637009614
avx512_mul,2500,0xAA,18,0.561508396,0.000023345,73.371699000,3.869070000,69.502629000,130.668925911,123.778432327
avx512_mul,2500,0xAA,19,0.561537655,0.000096253,73.374019000,3.868215000,69.505804000,130.666248984,123.777637031
avx512_mul,2500,0xAA,20,0.561526629,0.000025531,73.331965000,3.871816000,69.460149000,130.593922476,123.698762384
avx512_mul,2500,0xAA,21,0.561552680,0.000121849,73.397334000,3.875235000,69.522099000,130.704271509,123.803342824
avx512_mul,2500,0xAA,22,0.561526527,0.000027597,73.165157000,3.869619000,69.295538000,130.296884517,123.405635723
avx512_mul,2500,0xAA,23,0.561540752,0.000092937,73.268307000,3.870595000,69.397712000,130.477274865,123.584462565
avx512_mul,2500,0xAA,24,0.561504721,0.000023774,73.306392000,3.855031000,69.451361000,130.553474027,123.687937806
avx512_mul,2500,0xAA,25,0.561529232,0.000118924,73.420284000,3.877981000,69.542303000,130.750600022,123.844492949
avx512_mul,2500,0xAA,26,0.561514200,0.000091505,73.074093000,3.870168000,69.203925000,130.137569177,123.245191384
avx512_mul,2500,0xAA,27,0.561505099,0.000027438,73.300716000,3.868886000,69.431830000,130.543277586,123.653071233
avx512_mul,2500,0xAA,28,0.561526675,0.000120194,73.216426000,3.873037000,69.343389000,130.388153042,123.490819088
avx512_mul,2500,0xAA,29,0.561512298,0.000024424,73.281917000,3.863821000,69.418096000,130.508124586,123.627026860
avx512_mul,2500,0xAA,30,0.561528098,0.000094402,73.215572000,3.873587000,69.341985000,130.386301694,123.488005752
avx512_mul,2500,0xAA,31,0.561521404,0.000026489,73.405634000,3.862722000,69.542912000,130.726332993,123.847304029
avx512_mul,2500,0xAA,32,0.561529469,0.000117453,73.302425000,3.866994000,69.435431000,130.540655544,123.654117592
avx512_mul,2500,0xAA,33,0.561545647,0.000103381,73.297603000,3.874929000,69.422674000,130.528307610,123.627837420
avx512_mul,2500,0xAA,34,0.561524587,0.000027925,73.276179000,3.863088000,69.413091000,130.495049907,123.615408143
avx512_mul,2500,0xAA,35,0.561543997,0.000124036,73.487178000,3.884328000,69.602850000,130.866287190,123.949058941
avx512_mul,2500,0xAA,36,0.561521584,0.000025323,73.382807000,3.868826000,69.513981000,130.685639077,123.795741853
avx512_mul,2500,0xAA,37,0.561533709,0.000098032,73.330134000,3.872305000,69.457829000,130.589015093,123.693071114
avx512_mul,2500,0xAA,38,0.561523335,0.000023809,73.193050000,3.849721000,69.343329000,130.347299015,123.491446795
avx512_mul,2500,0xAA,39,0.561530807,0.000121630,73.456904000,3.876821000,69.580083000,130.815447901,123.911425979
avx512_mul,2500,0xAA,40,0.561521714,0.000026229,73.355464000,3.874868000,69.480596000,130.636914231,123.736258561
avx512_mul,2500,0xAA,41,0.561547572,0.000099186,73.305659000,3.866201000,69.439458000,130.542206274,123.657302498
avx512_mul,2500,0xAA,42,0.561531627,0.000123153,73.258906000,3.875722000,69.383184000,130.462653436,123.560598741
avx512_mul,2500,0xAA,43,0.561538837,0.000027966,73.372798000,3.866933000,69.505865000,130.663799517,123.777485078
avx512_mul,2500,0xAA,44,0.561537636,0.000098858,73.311824000,3.865957000,69.445867000,130.555494857,123.670903781
avx512_mul,2500,0xAA,45,0.561502410,0.000025129,73.379573000,3.863272000,69.516301000,130.684341973,123.804100804
avx512_mul,2500,0xAA,46,0.561534997,0.000116227,73.330744000,3.856618000,69.474126000,130.589801801,123.721809568
avx512_mul,2500,0xAA,47,0.561512454,0.000024755,73.203853000,3.854848000,69.349005000,130.369063882,123.503948119
avx512_mul,2500,0xAA,48,0.561523491,0.000098714,73.219601000,3.863393000,69.356208000,130.394546533,123.514348179
avx512_mul,2500,0xAA,49,0.561530618,0.000125116,73.322322000,3.867360000,69.454962000,130.575821892,123.688646243
avx512_mul,2500,0xAA,50,0.561517915,0.000020134,73.180904000,3.855520000,69.325384000,130.326926319,123.460680570
avx512_mul,2500,0xAA,51,0.561507135,0.000094116,73.336848000,3.866079000,69.470769000,130.607152481,123.721970158
avx512_mul,2500,0xAA,52,0.561501114,0.000021655,73.348933000,3.856558000,69.492375000,130.630075618,123.761775800
avx512_mul,2500,0xAA,53,0.561525998,0.000113985,73.333858000,3.829275000,69.504583000,130.597440249,123.778032043
avx512_mul,2500,0xAA,54,0.561493524,0.000018763,73.286678000,3.869863000,69.416815000,130.520967405,123.628879016
avx512_mul,2500,0xAA,55,0.561504213,0.000094704,73.339595000,3.869314000,69.470281000,130.612724319,123.721744859
avx512_mul,2500,0xAA,56,0.561502804,0.000025142,73.291011000,3.862539000,69.428472000,130.526527199,123.647596277
avx512_mul,2500,0xAA,57,0.561513606,0.000112403,73.249385000,3.854483000,69.394902000,130.449884448,123.585432795
avx512_mul,2500,0xAA,58,0.561506000,0.000092120,73.258175000,3.859853000,69.398322000,130.467305690,123.593197493
avx512_mul,2500,0xAA,59,0.561496689,0.000021088,73.216732000,3.853750000,69.362982000,130.395661066,123.532308044
avx512_mul,2500,0xAA,60,0.561509265,0.000115030,73.259150000,3.837392000,69.421758000,130.468283663,123.634216546
avx512_mul,2500,0xAA,61,0.561526959,0.000027107,73.208980000,3.865163000,69.343817000,130.374826643,123.491518665
avx512_mul,2500,0xAA,62,0.561530436,0.000094780,73.514766000,3.868521000,69.646245000,130.918577613,124.029332168
avx512_mul,2500,0xAA,63,0.561546382,0.000026501,73.275569000,3.869924000,69.405645000,130.488898737,123.597350464
avx512_mul,2500,0xAA,64,0.561542462,0.000128037,73.346980000,3.857351000,69.489629000,130.616979051,123.747772783
avx512_mul,2500,0xAA,65,0.561541153,0.000099294,73.260310000,3.860097000,69.400213000,130.462940426,123.588828032
avx512_mul,2500,0xAA,66,0.561523101,0.000028278,73.198238000,3.860891000,69.337347000,130.356592424,123.480845026
avx512_mul,2500,0xAA,67,0.561521584,0.000120362,73.225094000,3.851980000,69.373114000,130.404771669,123.544875083
avx512_mul,2500,0xAA,68,0.561508252,0.000018939,73.304622000,3.858144000,69.446478000,130.549500728,123.678463689
avx512_mul,2500,0xAA,69,0.561522430,0.000096276,73.401423000,3.865774000,69.535649000,130.718594728,123.834143117
avx512_mul,2500,0xAA,70,0.561502740,0.000022247,73.130123000,3.859976000,69.270147000,130.240010873,123.365643710
avx512_mul,2500,0xAA,71,0.561510534,0.000116969,73.329891000,3.860952000,69.468939000,130.593972138,123.717962219
avx512_mul,2500,0xAA,72,0.561521691,0.000024622,73.284786000,3.864919000,69.419867000,130.511050933,123.628112904
avx512_mul,2500,0xAA,73,0.561546138,0.000096261,73.315608000,3.879079000,69.436529000,130.560256732,123.652402266
avx512_mul,2500,0xAA,74,0.561531592,0.000114683,73.361995000,3.874563000,69.487432000,130.646246840,123.746255719
avx512_mul,2500,0xAA,75,0.561502581,0.000024984,73.234493000,3.866811000,69.367682000,130.425924088,123.539382278
avx512_mul,2500,0xAA,76,0.561541456,0.000096206,73.255855000,3.860769000,69.395086000,130.454936577,123.579631183
avx512_mul,2500,0xAA,77,0.561519998,0.000025011,73.371821000,3.859487000,69.512334000,130.666443302,123.793158267
avx512_mul,2500,0xAA,78,0.561529585,0.000119971,73.478999000,3.876150000,69.602849000,130.855080356,123.952238365
avx512_mul,2500,0xAA,79,0.561529791,0.000038284,73.379268000,3.868276000,69.510992000,130.677426491,123.788609439
avx512_mul,2500,0xAA,80,0.561511953,0.000095859,73.378230000,3.871938000,69.506292000,130.679729328,123.784171752
avx512_mul,2500,0xAA,81,0.561515730,0.000108955,73.359248000,3.871511000,69.487737000,130.645045306,123.750294559
avx512_mul,2500,0xAA,82,0.561484927,0.000021085,73.280696000,3.839589000,69.441107000,130.512312109,123.674035929
avx512_mul,2500,0xAA,83,0.561514160,0.000090191,73.321285000,3.875417000,69.445868000,130.577802439,123.676076216
avx512_mul,2500,0xAA,84,0.561494389,0.000025197,73.194820000,3.863820000,69.331000000,130.357170803,123.475855381
avx512_mul,2500,0xAA,85,0.561503616,0.000110450,73.456355000,3.873891000,69.582464000,130.820804893,123.921666776
avx512_mul,2500,0xAA,86,0.561530487,0.000027320,73.368220000,3.875661000,69.492559000,130.657589704,123.755629635
avx512_mul,2500,0xAA,87,0.561543208,0.000102567,73.277095000,3.870107000,69.406988000,130.492353783,123.600440671
avx512_mul,2500,0xAA,88,0.561528058,0.000027425,73.361689000,3.873403000,69.488286000,130.646524225,123.748555466
avx512_mul,2500,0xAA,89,0.561540009,0.000123583,73.336116000,3.843923000,69.492193000,130.598202793,123.752879331
avx512_mul,2500,0xAA,90,0.561533368,0.000097626,73.253780000,3.869131000,69.384649000,130.453120227,123.562824443
avx512_mul,2500,0xAA,91,0.561527693,0.000027201,73.412959000,3.875662000,69.537297000,130.737913588,123.835917393
avx512_mul,2500,0xAA,92,0.561535582,0.000119481,73.322505000,3.875113000,69.447392000,130.574993637,123.674072081
avx512_mul,2500,0xAA,93,0.561533927,0.000030257,73.492548000,3.873342000,69.619206000,130.878197176,123.980409144
avx512_mul,2500,0xAA,94,0.561533853,0.000093505,73.417414000,3.874257000,69.543157000,130.744413101,123.844994692
avx512_mul,2500,0xAA,95,0.561504794,0.000022628,73.495479000,3.879263000,69.616216000,130.890207452,123.981516663
avx512_mul,2500,0xAA,96,0.561525825,0.000120787,73.376643000,3.860402000,69.516241000,130.673674790,123.798831585
avx512_mul,2500,0xAA,97,0.561533174,0.000092042,73.495356000,3.868338000,69.627018000,130.883373291,123.994487326
avx512_mul,2500,0xAA,98,0.561511745,0.000024880,73.262508000,3.869069000,69.393439000,130.473687507,123.583236806
avx512_mul,2500,0xAA,99,0.561537926,0.000119675,73.299251000,3.865102000,69.434149000,130.533037246,123.649972324
avx512_mul,2700,0x00,0,0.519994445,0.000147758,73.672296000,3.573844000,70.098452000,141.679005870,134.806155524
avx512_mul,2700,0x00,1,0.520192062,0.000129054,74.053400000,3.580923000,70.472477000,142.357804750,135.473956915
avx512_mul,2700,0x00,2,0.520164961,0.000114902,73.661005000,3.576041000,70.084964000,141.610855137,134.736034137
avx512_mul,2700,0x00,3,0.520243902,0.000131458,73.885370000,3.576529000,70.308841000,142.020636362,135.145920507
avx512_mul,2700,0x00,4,0.520107832,0.000161024,73.631343000,3.568716000,70.062627000,141.569379415,134.707886892
avx512_mul,2700,0x00,5,0.520108952,0.000190187,73.913446000,3.587333000,70.326113000,142.111466783,135.214194608
avx512_mul,2700,0x00,6,0.520122996,0.000139333,73.771723000,3.551809000,70.219914000,141.835149710,135.006363004
avx512_mul,2700,0x00,7,0.520219397,0.000129932,73.877802000,3.579703000,70.298099000,142.012778407,135.131637454
avx512_mul,2700,0x00,8,0.520048253,0.000161333,73.753717000,3.563651000,70.190066000,141.820910943,134.968371821
avx512_mul,2700,0x00,9,0.520094519,0.000190673,73.635798000,3.571097000,70.064701000,141.581569014,134.715322839
avx512_mul,2700,0x00,10,0.520170517,0.000185012,73.952570000,3.574759000,70.377811000,142.169860704,135.297577711
avx512_mul,2700,0x00,11,0.520187858,0.000035036,73.634516000,3.568350000,70.066166000,141.553700010,134.693966655
avx512_mul,2700,0x00,12,0.519968568,0.000121351,74.114251000,3.582938000,70.531313000,142.536021416,135.645339521
avx512_mul,2700,0x00,13,0.520005733,0.000147858,73.848260000,3.567557000,70.280703000,142.014318820,135.153707924
avx512_mul,2700,0x00,14,0.520213494,0.000163952,73.865168000,3.550894000,70.314274000,141.990103661,135.164263813
avx512_mul,2700,0x00,15,0.520160745,0.000111377,73.705622000,3.575613000,70.130009000,141.697778395,134.823724493
avx512_mul,2700,0x00,16,0.520181823,0.000151583,73.844050000,3.573661000,70.270389000,141.958151458,135.088128626
avx512_mul,2700,0x00,17,0.520174761,0.000080097,73.696222000,3.565664000,70.130558000,141.675889664,134.821147240
avx512_mul,2700,0x00,18,0.520033952,0.000218751,73.853204000,3.569998000,70.283206000,142.016119855,135.151187308
avx512_mul,2700,0x00,19,0.520020118,0.000157349,73.806025000,3.574942000,70.231083000,141.929172382,135.054549892
avx512_mul,2700,0x00,20,0.520067153,0.000198180,73.841791000,3.564016000,70.277775000,141.985108151,135.132116229
avx512_mul,2700,0x00,21,0.520162290,0.000108036,73.811274000,3.549613000,70.261661000,141.900471052,135.076421968
avx512_mul,2700,0x00,22,0.520223893,0.000123658,73.761164000,3.565360000,70.195804000,141.787343722,134.933833061
avx512_mul,2700,0x00,23,0.520020640,0.000159568,73.837762000,3.573905000,70.263857000,141.990060348,135.117438902
avx512_mul,2700,0x00,24,0.520018658,0.000193942,73.869195000,3.584525000,70.284670000,142.051047369,135.157977388
avx512_mul,2700,0x00,25,0.520041963,0.000156968,73.873163000,3.579519000,70.293644000,142.052311710,135.169176778
avx512_mul,2700,0x00,26,0.520159560,0.000151937,73.998528000,3.581839000,70.416689000,142.261209136,135.375170172
avx512_mul,2700,0x00,27,0.520160093,0.000081593,73.768610000,3.580008000,70.188602000,141.819049661,134.936537813
avx512_mul,2700,0x00,28,0.520013987,0.000196852,73.800226000,3.578604000,70.221622000,141.919694220,135.037948554
avx512_mul,2700,0x00,29,0.520044269,0.000156050,73.784907000,3.563711000,70.221196000,141.881973216,135.029266217
avx512_mul,2700,0x00,30,0.520064508,0.000205992,74.104852000,3.598502000,70.506350000,142.491654024,135.572316246
avx512_mul,2700,0x00,31,0.520062800,0.000144940,73.814020000,3.577261000,70.236759000,141.932897432,135.054380064
avx512_mul,2700,0x00,32,0.520195631,0.000094678,74.044733000,3.584708000,70.460025000,142.340167021,135.449090306
avx512_mul,2700,0x00,33,0.520126869,0.000144847,73.672236000,3.568289000,70.103947000,141.642819110,134.782398675
avx512_mul,2700,0x00,34,0.520130113,0.000180065,73.909601000,3.586599000,70.323002000,142.098292703,135.202712323
avx512_mul,2700,0x00,35,0.520157577,0.000135753,73.763788000,3.581900000,70.181888000,141.810465332,134.924282836
avx512_mul,2700,0x00,36,0.520154949,0.000078594,73.776300000,3.584647000,70.191653000,141.835236003,134.943737605
avx512_mul,2700,0x00,37,0.520028580,0.000205712,73.936700000,3.576285000,70.360415000,142.178147150,135.301053975
avx512_mul,2700,0x00,38,0.520134111,0.000093504,73.798029000,3.577811000,70.220218000,141.882694232,135.004062498
avx512_mul,2700,0x00,39,0.520175676,0.000147609,73.866876000,3.580801000,70.286075000,142.003710320,135.119880172
avx512_mul,2700,0x00,40,0.520148068,0.000093020,73.641107000,3.560843000,70.080264000,141.577199966,134.731374286
avx512_mul,2700,0x00,41,0.520171869,0.000206400,74.122857000,3.579947000,70.542910000,142.496858082,135.614619320
avx512_mul,2700,0x00,42,0.520186226,0.000065205,73.691645000,3.579458000,70.112187000,141.663968368,134.782859596
avx512_mul,2700,0x00,43,0.520045552,0.000209326,74.013360000,3.587699000,70.425661000,142.320917391,135.422100569
avx512_mul,2700,0x00,44,0.520179872,0.000070622,73.738825000,3.569937000,70.168888000,141.756397976,134.893508445
avx512_mul,2700,0x00,45,0.520203247,0.000167271,74.117120000,3.571036000,70.546084000,142.477234558,135.612540763
avx512_mul,2700,0x00,46,0.520175670,0.000081558,73.872186000,3.581717000,70.290469000,142.013919960,135.128328794
avx512_mul,2700,0x00,47,0.520074373,0.000198524,73.842951000,3.576346000,70.266605000,141.985367650,135.108762710
avx512_mul,2700,0x00,48,0.520082421,0.000158772,73.929559000,3.580374000,70.349185000,142.149697709,135.265454266
avx512_mul,2700,0x00,49,0.520104670,0.000205569,73.899896000,3.582327000,70.317569000,142.086584333,135.198880358
avx512_mul,2700,0x00,50,0.520130482,0.000142173,73.881219000,3.584159000,70.297060000,142.043624699,135.152740348
avx512_mul,2700,0x00,51,0.520208056,0.000101592,73.909967000,3.596365000,70.313602000,142.077705511,135.164385047
avx512_mul,2700,0x00,52,0.520041135,0.000156382,74.143304000,3.590201000,70.553103000,142.571998518,135.668311954
avx512_mul,2700,0x00,53,0.520049996,0.000211686,74.075006000,3.590811000,70.484195000,142.438239648,135.533497747
avx512_mul,2700,0x00,54,0.520117237,0.000143080,73.853449000,3.577262000,70.276187000,141.993850158,135.116050796
avx512_mul,2700,0x00,55,0.520200636,0.000130952,73.853204000,3.572867000,70.280337000,141.970614535,135.102366495
avx512_mul,2700,0x00,56,0.520140337,0.000132515,73.997187000,3.578544000,70.418643000,142.263888698,135.383930067
avx512_mul,2700,0x00,57,0.520195013,0.000136382,74.167412000,3.588308000,70.579104000,142.576168932,135.678163544
avx512_mul,2700,0x00,58,0.520197333,0.000150656,73.974908000,3.584708000,70.390200000,142.205473321,135.314419156
avx512_mul,2700,0x00,59,0.520157783,0.000075136,73.886835000,3.571097000,70.315738000,142.046966063,135.181555001
avx512_mul,2700,0x00,60,0.520206769,0.000168402,74.052667000,3.586844000,70.465823000,142.352371063,135.457335830
avx512_mul,2700,0x00,61,0.520160610,0.000093027,73.932183000,3.557181000,70.375002000,142.133374999,135.294754516
avx512_mul,2700,0x00,62,0.520167385,0.000147394,73.792840000,3.576834000,70.216006000,141.863642575,134.987329099
avx512_mul,2700,0x00,63,0.520093368,0.000146375,73.868524000,3.582144000,70.286380000,142.029351822,135.141850044
avx512_mul,2700,0x00,64,0.520196509,0.000164941,73.978936000,3.586538000,70.392398000,142.213441931,135.318858943
avx512_mul,2700,0x00,65,0.520141955,0.000107660,73.847162000,3.584951000,70.262211000,141.975015185,135.082760170
avx512_mul,2700,0x00,66,0.520195090,0.000099942,73.934137000,3.589407000,70.344730000,142.127710153,135.227593124
avx512_mul,2700,0x00,67,0.519965333,0.000118464,73.799738000,3.580557000,70.219181000,141.932035167,135.045889554
avx512_mul,2700,0x00,68,0.520069901,0.000215542,73.876947000,3.580068000,70.296879000,142.051956482,135.168135690
avx512_mul,2700,0x00,69,0.520092036,0.000156166,73.842096000,3.565970000,70.276126000,141.978901508,135.122480431
avx512_mul,2700,0x00,70,0.520127338,0.000185385,74.011224000,3.582510000,70.428714000,142.294431773,135.406676143
avx512_mul,2700,0x00,71,0.519924260,0.000031858,74.243462000,3.586417000,70.657045000,142.796687397,135.898726911
avx512_mul,2700,0x00,72,0.520025988,0.000210791,74.090753000,3.574698000,70.516055000,142.475096958,135.601021267
avx512_mul,2700,0x00,73,0.520056535,0.000153339,73.917048000,3.583059000,70.333989000,142.132716339,135.242967327
avx512_mul,2700,0x00,74,0.520220238,0.000102144,74.019037000,3.585074000,70.433963000,142.284039775,135.392585465
avx512_mul,2700,0x00,75,0.520103897,0.000159359,73.869196000,3.575613000,70.293583000,142.027768869,135.152963616
avx512_mul,2700,0x00,76,0.520214446,0.000119959,73.998223000,3.585074000,70.413149000,142.245613564,135.354082522
avx512_mul,2700,0x00,77,0.520029359,0.000147639,73.830744000,3.555044000,70.275700000,141.974184065,135.137946966
avx512_mul,2700,0x00,78,0.520132703,0.000117464,73.905694000,3.572683000,70.333011000,142.090073541,135.221282211
avx512_mul,2700,0x00,79,0.519895057,0.000018749,74.105890000,3.568412000,70.537478000,142.540093296,135.676377343
avx512_mul,2700,0x00,80,0.520203476,0.000139943,73.932184000,3.574759000,70.357425000,142.121664579,135.249817001
avx512_mul,2700,0x00,81,0.519923673,0.000096686,74.455315000,3.577384000,70.877931000,143.204318091,136.323723518
avx512_mul,2700,0x00,82,0.519972866,0.000132539,73.930719000,3.566702000,70.364017000,142.181878658,135.322478427
avx512_mul,2700,0x00,83,0.520042631,0.000202864,74.073053000,3.572806000,70.500247000,142.436501430,135.566283904
avx512_mul,2700,0x00,84,0.520023932,0.000148708,73.928949000,3.558280000,70.370669000,142.164512921,135.321981681
avx512_mul,2700,0x00,85,0.520197263,0.000123259,73.909174000,3.552542000,70.356632000,142.079128952,135.249908090
avx512_mul,2700,0x00,86,0.519891972,0.000023512,73.999139000,3.575370000,70.423769000,142.335606243,135.458466003
avx512_mul,2700,0x00,87,0.520098529,0.000213070,73.875543000,3.579276000,70.296267000,142.041438134,135.159519032
avx512_mul,2700,0x00,88,0.520003249,0.000157035,73.917535000,3.566580000,70.350955000,142.148217636,135.289452797
avx512_mul,2700,0x00,89,0.520029307,0.000191069,73.839655000,3.577262000,70.262393000,141.991333874,135.112371574
avx512_mul,2700,0x00,90,0.520019721,0.000151460,73.886835000,3.585257000,70.301578000,142.084678854,135.190215321
avx512_mul,2700,0x00,91,0.520157371,0.000194496,73.968317000,3.585135000,70.383182000,142.203727359,135.311322871
avx512_mul,2700,0x00,92,0.520137839,0.000131544,73.790399000,3.550467000,70.239932000,141.867008142,135.040996390
avx512_mul,2700,0x00,93,0.520209218,0.000099106,73.742243000,3.578605000,70.163638000,141.754971786,134.875806871
avx512_mul,2700,0x00,94,0.520029437,0.000156567,74.156914000,3.596243000,70.560671000,142.601377254,135.685916819
avx512_mul,2700,0x00,95,0.520209056,0.000132000,74.010247000,3.577993000,70.432254000,142.270200991,135.392210390
avx512_mul,2700,0x00,96,0.520003479,0.000150541,73.791987000,3.576529000,70.215458000,141.906717985,135.028823612
avx512_mul,2700,0x00,97,0.520085164,0.000191906,73.968499000,3.564322000,70.404177000,142.223820453,135.370477489
avx512_mul,2700,0x00,98,0.520104272,0.000149080,73.716608000,3.567252000,70.149356000,141.734286580,134.875561918
avx512_mul,2700,0x00,99,0.520197631,0.000116084,73.957208000,3.565176000,70.392032000,142.171366444,135.317863490
avx512_mul,2700,0xAA,0,0.520037706,0.000159888,73.655390000,3.575797000,70.079593000,141.634710696,134.758676592
avx512_mul,2700,0xAA,1,0.520229919,0.000115017,74.072809000,3.584586000,70.488223000,142.384754011,135.494365989
avx512_mul,2700,0xAA,2,0.520141217,0.000147948,74.089654000,3.571341000,70.518313000,142.441420875,135.575322047
avx512_mul,2700,0xAA,3,0.520205572,0.000100135,74.219720000,3.578360000,70.641360000,142.673827513,135.795085348
avx512_mul,2700,0xAA,4,0.520054369,0.000168348,73.872186000,3.582450000,70.289736000,142.047044433,135.158437748
avx512_mul,2700,0xAA,5,0.520190546,0.000145009,74.143060000,3.576712000,70.566348000,142.530579672,135.654806879
avx512_mul,2700,0xAA,6,0.520173402,0.000023119,74.243279000,3.571219000,70.672060000,142.727941612,135.862502157
avx512_mul,2700,0xAA,7,0.520127545,0.000191361,74.103509000,3.556693000,70.546816000,142.471802806,135.633685819
avx512_mul,2700,0xAA,8,0.520148680,0.000119950,74.278802000,3.556448000,70.722354000,142.803019449,135.965651327
avx512_mul,2700,0xAA,9,0.520197590,0.000125217,73.793878000,3.568899000,70.224979000,141.857400811,134.996740420
avx512_mul,2700,0xAA,10,0.520033102,0.000165220,74.119195000,3.569022000,70.550173000,142.527840576,135.664773611
avx512_mul,2700,0xAA,11,0.520199291,0.000118711,73.981439000,3.574820000,70.406619000,142.217492813,135.345472688
avx512_mul,2700,0xAA,12,0.520130419,0.000139263,74.198967000,3.570242000,70.628725000,142.654542650,135.790414209
avx512_mul,2700,0xAA,13,0.520196270,0.000116376,73.817804000,3.571646000,70.246158000,141.903755040,135.037796537
avx512_mul,2700,0xAA,14,0.520005603,0.000144703,73.990045000,3.577933000,70.412112000,142.287014993,135.406448744
avx512_mul,2700,0xAA,15,0.520049138,0.000187890,74.007135000,3.569327000,70.437808000,142.307965896,135.444524081
avx512_mul,2700,0xAA,16,0.520103498,0.000143453,73.895380000,3.574576000,70.320804000,142.078221438,135.205404755
avx512_mul,2700,0xAA,17,0.520186051,0.000114705,74.416924000,3.579275000,70.837649000,143.058284293,136.177525012
avx512_mul,2700,0xAA,18,0.520033992,0.000164642,73.970025000,3.583304000,70.386721000,142.240749977,135.350231171
avx512_mul,2700,0xAA,19,0.520158730,0.000128664,74.143426000,3.586966000,70.556460000,142.540001232,135.644094668
avx512_mul,2700,0xAA,20,0.520168411,0.000114664,74.303703000,3.581107000,70.722596000,142.845473550,135.960958989
avx512_mul,2700,0xAA,21,0.520190029,0.000115954,74.159295000,3.580496000,70.578799000,142.561930881,135.678877000
avx512_mul,2700,0xAA,22,0.519979179,0.000146288,74.064202000,3.568289000,70.495913000,142.436860939,135.574491935
avx512_mul,2700,0xAA,23,0.520032121,0.000185861,74.051446000,3.521536000,70.529910000,142.397830982,135.626064660
avx512_mul,2700,0xAA,24,0.520205924,0.000106794,74.031915000,3.565543000,70.466372000,142.312710419,135.458611231
avx512_mul,2700,0xAA,25,0.520072515,0.000157050,74.185418000,3.576528000,70.608890000,142.644373431,135.767393973
avx512_mul,2700,0xAA,26,0.520217785,0.000096093,73.954522000,3.579092000,70.375430000,142.160695197,135.280707427
avx512_mul,2700,0xAA,27,0.519978520,0.000143800,73.846125000,3.580984000,70.265141000,142.017645267,135.130853098
avx512_mul,2700,0xAA,28,0.520191842,0.000154838,74.005975000,3.566031000,70.439944000,142.266696687,135.411473840
avx512_mul,2700,0xAA,29,0.520157112,0.000098880,74.015436000,3.559439000,70.455997000,142.294384180,135.451376722
avx512_mul,2700,0xAA,30,0.520219280,0.000096102,74.306816000,3.576162000,70.730654000,142.837489734,135.963153967
avx512_mul,2700,0xAA,31,0.520027920,0.000159601,73.943354000,3.534048000,70.409306000,142.191123123,135.395241855
avx512_mul,2700,0xAA,32,0.520180650,0.000141619,74.575553000,3.586173000,70.989380000,143.364719545,136.470628040
avx512_mul,2700,0xAA,33,0.520126455,0.000130485,74.007562000,3.561576000,70.445986000,142.287632814,135.440113392
avx512_mul,2700,0xAA,34,0.520187461,0.000092680,73.922235000,3.566459000,70.355776000,142.106914288,135.250810933
avx512_mul,2700,0xAA,35,0.519973357,0.000130264,73.890985000,3.561759000,70.329226000,142.105328964,135.255441466
avx512_mul,2700,0xAA,36,0.520005721,0.000206880,73.904596000,3.579825000,70.324771000,142.122659367,135.238456264
avx512_mul,2700,0xAA,37,0.520129356,0.000136946,73.820917000,3.575186000,70.245731000,141.927995570,135.054347783
avx512_mul,2700,0xAA,38,0.520202124,0.000114202,73.775690000,3.578909000,70.196781000,141.821201051,134.941357937
avx512_mul,2700,0xAA,39,0.519990856,0.000139096,74.200799000,3.548636000,70.652163000,142.696353423,135.871933421
avx512_mul,2700,0xAA,40,0.520053597,0.000210481,74.163018000,3.571158000,70.591860000,142.606489797,135.739586041
avx512_mul,2700,0xAA,41,0.520058639,0.000158182,74.169793000,3.570120000,70.599673000,142.618134733,135.753293474
avx512_mul,2700,0xAA,42,0.520192411,0.000123633,73.851190000,3.568899000,70.282291000,141.968987673,135.108258981
avx512_mul,2700,0xAA,43,0.520177589,0.000098927,73.940301000,3.571402000,70.368899000,142.144341805,135.278605803
avx512_mul,2700,0xAA,44,0.520192435,0.000167059,73.968500000,3.578543000,70.389957000,142.194493841,135.315226172
avx512_mul,2700,0xAA,45,0.520160105,0.000106439,74.126458000,3.569326000,70.557132000,142.507003753,135.645028051
avx512_mul,2700,0xAA,46,0.520200261,0.000098590,74.121941000,3.566703000,70.555238000,142.487320025,135.630916308
avx512_mul,2700,0xAA,47,0.520178814,0.000167163,74.354974000,3.572500000,70.782474000,142.941180962,136.073350318
avx512_mul,2700,0xAA,48,0.520153235,0.000102954,74.397271000,3.569937000,70.827334000,143.029526792,136.166285803
avx512_mul,2700,0xAA,49,0.520206148,0.000115981,74.094415000,3.579397000,70.515018000,142.432793788,135.552065803
avx512_mul,2700,0xAA,50,0.520019799,0.000158633,74.156304000,3.572074000,70.584230000,142.602847300,135.733735766
avx512_mul,2700,0xAA,51,0.520041907,0.000201522,74.075433000,3.580863000,70.494570000,142.441276343,135.555556267
avx512_mul,2700,0xAA,52,0.520030742,0.000146428,74.307488000,3.560721000,70.746767000,142.890567883,136.043432292
avx512_mul,2700,0xAA,53,0.520061405,0.000192868,74.238580000,3.571219000,70.667361000,142.749643287,135.882725327
avx512_mul,2700,0xAA,54,0.520099767,0.000127658,74.624259000,3.529959000,71.094300000,143.480662151,136.693581630
avx512_mul,2700,0xAA,55,0.520193114,0.000167865,74.551689000,3.556754000,70.994935000,143.315409267,136.478036942
avx512_mul,2700,0xAA,56,0.520155972,0.000089130,74.140496000,3.573966000,70.566530000,142.535124080,135.664173456
avx512_mul,2700,0xAA,57,0.520171771,0.000148624,74.296685000,3.590201000,70.706484000,142.831059156,135.929106378
avx512_mul,2700,0xAA,58,0.520076139,0.000163576,74.226128000,3.571036000,70.655092000,142.721656426,135.855284882
avx512_mul,2700,0xAA,59,0.520201886,0.000116310,74.249932000,3.575918000,70.674014000,142.732915871,135.858819299
avx512_mul,2700,0xAA,60,0.519956664,0.000131192,74.165764000,3.578848000,70.586916000,142.638356619,135.755382997
avx512_mul,2700,0xAA,61,0.520003579,0.000192318,74.363945000,3.588248000,70.775697000,143.006602307,136.106172876
avx512_mul,2700,0xAA,62,0.520103124,0.000149141,74.352898000,3.555594000,70.797304000,142.957991568,136.121666546
avx512_mul,2700,0xAA,63,0.520210713,0.000117867,74.632560000,3.578360000,71.054200000,143.466018824,136.587344648
avx512_mul,2700,0xAA,64,0.520133204,0.000148284,74.304619000,3.577139000,70.727480000,142.856903505,135.979551763
avx512_mul,2700,0xAA,65,0.520194040,0.000114126,74.172112000,3.571158000,70.600954000,142.585470489,135.720420676
avx512_mul,2700,0xAA,66,0.519953742,0.000099088,74.072565000,3.569632000,70.502933000,142.459913417,135.594625768
avx512_mul,2700,0xAA,67,0.520110150,0.000207517,74.137506000,3.577810000,70.559696000,142.541932684,135.662985985
avx512_mul,2700,0xAA,68,0.520095037,0.000139732,74.303948000,3.575187000,70.728761000,142.866097029,135.991993747
avx512_mul,2700,0xAA,69,0.520114320,0.000164924,74.288262000,3.575736000,70.712526000,142.830641658,135.955737689
avx512_mul,2700,0xAA,70,0.519997681,0.000192498,74.635978000,3.558401000,71.077577000,143.531366988,136.688257626
avx512_mul,2700,0xAA,71,0.520019696,0.000151859,74.489860000,3.573050000,70.916810000,143.244305047,136.373315302
avx512_mul,2700,0xAA,72,0.520218389,0.000094318,74.620170000,3.576773000,71.043397000,143.440085102,136.564563061
avx512_mul,2700,0xAA,73,0.520127629,0.000139807,73.992608000,3.555960000,70.436648000,142.258560996,135.421854381
avx512_mul,2700,0xAA,74,0.520211257,0.000118399,74.177788000,3.587515000,70.590273000,142.591662535,135.695396928
avx512_mul,2700,0xAA,75,0.520097623,0.000150210,73.925531000,3.565420000,70.360111000,142.137798273,135.282508337
avx512_mul,2700,0xAA,76,0.520177985,0.000123917,73.883722000,3.577017000,70.306705000,142.035465063,135.158939905
avx512_mul,2700,0xAA,77,0.520165920,0.000097357,74.168878000,3.575613000,70.593265000,142.586961346,135.712975837
avx512_mul,2700,0xAA,78,0.520185244,0.000170785,74.112908000,3.557120000,70.555788000,142.474068402,135.635889037
avx512_mul,2700,0xAA,79,0.520141699,0.000132030,74.285210000,3.578116000,70.707094000,142.817255571,135.938137813
avx512_mul,2700,0xAA,80,0.520203804,0.000102507,74.221734000,3.584646000,70.637088000,142.678184013,135.787334742
avx512_mul,2700,0xAA,81,0.520069792,0.000163318,74.369072000,3.565421000,70.803651000,142.998253578,136.142594868
avx512_mul,2700,0xAA,82,0.520195565,0.000151131,74.484856000,3.587698000,70.897158000,143.186257180,136.289431757
avx512_mul,2700,0xAA,83,0.520073787,0.000160951,74.344170000,3.587088000,70.757082000,142.949273416,136.052005974
avx512_mul,2700,0xAA,84,0.520063003,0.000183179,74.469841000,3.570548000,70.899293000,143.193883288,136.328276665
avx512_mul,2700,0xAA,85,0.520074288,0.000147219,74.367302000,3.586783000,70.780519000,142.993613981,136.096939637
avx512_mul,2700,0xAA,86,0.520189873,0.000118169,74.623771000,3.550406000,71.073365000,143.454870668,136.629658986
avx512_mul,2700,0xAA,87,0.519990161,0.000141072,74.362603000,3.561514000,70.801089000,143.007711719,136.158516736
avx512_mul,2700,0xAA,88,0.520151868,0.000135672,74.427239000,3.593069000,70.834170000,143.087516529,136.179785881
avx512_mul,2700,0xAA,89,0.520122811,0.000139604,73.957757000,3.579337000,70.378420000,142.192873338,135.311158244
avx512_mul,2700,0xAA,90,0.520174679,0.000117928,74.373223000,3.586600000,70.786623000,142.977399654,136.082408138
avx512_mul,2700,0xAA,91,0.519987237,0.000142997,74.385308000,3.586660000,70.798648000,143.052180307,136.154587935
avx512_mul,2700,0xAA,92,0.520145894,0.000145128,74.198480000,3.569754000,70.628726000,142.649362034,135.786376018
avx512_mul,2700,0xAA,93,0.520185076,0.000154653,74.595634000,3.572684000,71.022950000,143.402103254,136.534001565
avx512_mul,2700,0xAA,94,0.520174365,0.000020868,74.577019000,3.543631000,71.033388000,143.369270023,136.556879336
avx512_mul,2700,0xAA,95,0.519988883,0.000184919,74.239006000,3.583609000,70.655397000,142.770371467,135.878668363
avx512_mul,2700,0xAA,96,0.519987815,0.000142705,74.081353000,3.580679000,70.500674000,142.467478889,135.581396370
avx512_mul,2700,0xAA,97,0.520047413,0.000203061,74.738883000,3.582083000,71.156800000,143.715517398,136.827524281
avx512_mul,2700,0xAA,98,0.520030951,0.000150559,74.051751000,3.575186000,70.476565000,142.398737715,135.523789228
avx512_mul,2700,0xAA,99,0.520191522,0.000097473,74.353020000,3.575492000,70.777528000,142.933932736,136.060518139
avx512_mul,2900,0x00,0,0.484543642,0.000386690,72.340391000,3.342887000,68.997504000,149.295924569,142.396882437
avx512_mul,2900,0x00,1,0.484567805,0.000335442,72.460264000,3.339286000,69.120978000,149.535861280,142.644594529
avx512_mul,2900,0x00,2,0.484580427,0.000368187,72.461057000,3.354728000,69.106329000,149.533602669,142.610648677
avx512_mul,2900,0x00,3,0.484579757,0.000294049,72.291380000,3.341361000,68.950019000,149.183656381,142.288277550
avx512_mul,2900,0x00,4,0.484878927,0.000300816,72.470701000,3.343070000,69.127631000,149.461436444,142.566787469
avx512_mul,2900,0x00,5,0.484179558,0.000306790,72.388487000,3.334342000,69.054145000,149.507524275,142.620942746
avx512_mul,2900,0x00,6,0.484609712,0.000384171,72.471555000,3.348075000,69.123480000,149.546229191,142.637422124
avx512_mul,2900,0x00,7,0.484625648,0.000293717,72.547971000,3.352713000,69.195258000,149.698992005,142.780841853
avx512_mul,2900,0x00,8,0.484211613,0.000333133,72.385557000,3.333854000,69.051703000,149.491575822,142.606458007
avx512_mul,2900,0x00,9,0.484368437,0.000386057,72.356809000,3.334831000,69.021978000,149.383823169,142.498917501
avx512_mul,2900,0x00,10,0.484415375,0.000408250,72.512754000,3.345756000,69.166998000,149.691272724,142.784481211
avx512_mul,2900,0x00,11,0.484400400,0.000366045,72.452573000,3.343925000,69.108648000,149.571662104,142.668437008
avx512_mul,2900,0x00,12,0.484754242,0.000298172,72.324644000,3.347160000,68.977484000,149.198578997,142.293719352
avx512_mul,2900,0x00,13,0.484485602,0.000383088,72.495114000,3.316092000,69.179022000,149.633164983,142.788602447
avx512_mul,2900,0x00,14,0.484778798,0.000115267,72.370115000,3.339408000,69.030707000,149.284818852,142.396299767
avx512_mul,2900,0x00,15,0.484456289,0.000400244,72.423215000,3.336356000,69.086859000,149.493807023,142.607002011
avx512_mul,2900,0x00,16,0.484669869,0.000283383,72.411191000,3.341056000,69.070135000,149.403120773,142.509653255
avx512_mul,2900,0x00,17,0.484381413,0.000394613,72.338194000,3.325553000,69.012641000,149.341391039,142.475824129
avx512_mul,2900,0x00,18,0.484784579,0.000204701,72.511411000,3.337150000,69.174261000,149.574500130,142.690720926
avx512_mul,2900,0x00,19,0.484655841,0.000326487,72.301511000,3.326468000,68.975043000,149.181140382,142.317573040
avx512_mul,2900,0x00,20,0.484307497,0.000460400,72.509275000,3.340995000,69.168280000,149.717432650,142.818933198
avx512_mul,2900,0x00,21,0.484316284,0.000349674,72.313475000,3.309196000,69.004279000,149.310435024,142.477718240
avx512_mul,2900,0x00,22,0.484410331,0.000399106,72.424985000,3.333793000,69.091192000,149.511643987,142.629476567
avx512_mul,2900,0x00,23,0.484555104,0.000388465,72.515134000,3.335624000,69.179510000,149.653018595,142.769128668
avx512_mul,2900,0x00,24,0.484517261,0.000335978,72.377500000,3.335075000,69.042425000,149.380642971,142.497348468
avx512_mul,2900,0x00,25,0.484783493,0.000177312,72.461607000,3.349357000,69.112250000,149.472100561,142.563125629
avx512_mul,2900,0x00,26,0.484349434,0.000383365,72.258543000,3.338309000,68.920234000,149.186801676,142.294445118
avx512_mul,2900,0x00,27,0.484386870,0.000409744,72.458555000,3.341666000,69.116889000,149.588189815,142.689435515
avx512_mul,2900,0x00,28,0.484455086,0.000358537,72.370786000,3.332999000,69.037787000,149.385955777,142.506063092
avx512_mul,2900,0x00,29,0.484533279,0.000430296,72.433835000,3.344230000,69.089605000,149.491971353,142.590009924
avx512_mul,2900,0x00,30,0.484495003,0.000344481,72.243101000,3.307426000,68.935675000,149.110105619,142.283562553
avx512_mul,2900,0x00,31,0.484679643,0.000270276,72.359495000,3.344413000,69.015082000,149.293447804,142.393193074
avx512_mul,2900,0x00,32,0.484270099,0.000372322,72.402159000,3.326774000,69.075385000,149.507803853,142.638137513
avx512_mul,2900,0x00,33,0.484355623,0.000399468,72.312376000,3.333671000,68.978705000,149.296038984,142.413346102
avx512_mul,2900,0x00,34,0.484330481,0.000357450,72.265501000,3.334952000,68.930549000,149.207005933,142.321310878
avx512_mul,2900,0x00,35,0.484387510,0.000411127,72.490659000,3.345451000,69.145208000,149.654269607,142.747710434
avx512_mul,2900,0x00,36,0.484461727,0.000365969,72.268736000,3.329154000,68.939582000,149.173261609,142.301399888
avx512_mul,2900,0x00,37,0.484563076,0.000472279,72.515318000,3.344535000,69.170783000,149.650936281,142.748769843
avx512_mul,2900,0x00,38,0.484546418,0.000338765,72.362485000,3.319084000,69.043401000,149.340666338,142.490788032
avx512_mul,2900,0x00,39,0.484582962,0.000389261,72.392331000,3.337088000,69.055243000,149.390995391,142.504480050
avx512_mul,2900,0x00,40,0.484521637,0.000323998,72.445677000,3.341056000,69.104621000,149.520003756,142.624427286
avx512_mul,2900,0x00,41,0.484608226,0.000288088,72.337095000,3.337699000,68.999396000,149.269226407,142.381809270
avx512_mul,2900,0x00,42,0.484482432,0.000389751,72.449095000,3.342460000,69.106635000,149.539158197,142.640125784
avx512_mul,2900,0x00,43,0.484808756,0.000141694,72.379514000,3.345878000,69.033636000,149.294980847,142.393541968
avx512_mul,2900,0x00,44,0.484353990,0.000393319,72.448850000,3.329582000,69.119268000,149.578307530,142.704033606
avx512_mul,2900,0x00,45,0.484458177,0.000694850,72.565121000,3.344718000,69.220403000,149.786141538,142.882102837
avx512_mul,2900,0x00,46,0.484652100,0.000117593,72.208250000,3.323600000,68.884650000,148.989862939,142.132160274
avx512_mul,2900,0x00,47,0.484559843,0.000413717,72.478697000,3.337150000,69.141547000,149.576359019,142.689387162
avx512_mul,2900,0x00,48,0.484531971,0.000328606,72.492795000,3.337149000,69.155646000,149.614059191,142.726693240
avx512_mul,2900,0x00,49,0.484176875,0.000311286,72.454465000,3.335502000,69.118963000,149.644621234,142.755605720
avx512_mul,2900,0x00,50,0.484509958,0.000368258,72.328673000,3.334891000,68.993782000,149.282118518,142.399100030
avx512_mul,2900,0x00,51,0.484603165,0.000384939,72.495176000,3.331962000,69.163214000,149.596992318,142.721341810
avx512_mul,2900,0x00,52,0.484530861,0.000322049,72.408811000,3.336478000,69.072333000,149.441071544,142.555074652
avx512_mul,2900,0x00,53,0.484793422,0.000312021,72.651791000,3.350699000,69.301092000,149.861338215,142.949736598
avx512_mul,2900,0x00,54,0.484393040,0.000409224,72.306517000,3.321098000,68.985419000,149.272411241,142.416206199
avx512_mul,2900,0x00,55,0.484491064,0.000390066,72.427793000,3.320731000,69.107062000,149.492526005,142.638465639
avx512_mul,2900,0x00,56,0.484503635,0.000351486,72.389097000,3.332023000,69.057074000,149.408780077,142.531591215
avx512_mul,2900,0x00,57,0.484522465,0.000376054,72.403685000,3.336540000,69.067145000,149.433081465,142.546837296
avx512_mul,2900,0x00,58,0.484529910,0.000334697,72.474790000,3.347831000,69.126959000,149.577535873,142.668094514
avx512_mul,2900,0x00,59,0.484021624,0.000014221,72.319395000,3.333366000,68.986029000,149.413562019,142.526749877
avx512_mul,2900,0x00,60,0.484214738,0.000377898,72.474851000,3.335258000,69.139593000,149.675020893,142.787047976
avx512_mul,2900,0x00,61,0.484234737,0.000333606,72.468259000,3.339958000,69.128301000,149.655225906,142.757831434
avx512_mul,2900,0x00,62,0.484368415,0.000612915,72.535093000,3.338859000,69.196234000,149.751905328,142.858683355
avx512_mul,2900,0x00,63,0.484357510,0.000335770,72.532651000,3.328055000,69.204596000,149.750235088,142.879163760
avx512_mul,2900,0x00,64,0.484427514,0.000406337,72.360716000,3.321097000,69.039619000,149.373670761,142.517955710
avx512_mul,2900,0x00,65,0.484433401,0.000363317,72.244566000,3.328483000,68.916083000,149.132091003,142.261212580
avx512_mul,2900,0x00,66,0.484446996,0.000379296,72.479611000,3.341606000,69.138005000,149.613087865,142.715313647
avx512_mul,2900,0x00,67,0.484033249,0.000020999,72.466917000,3.335929000,69.130988000,149.714750266,142.822808428
avx512_mul,2900,0x00,68,0.484306647,0.000420811,72.639585000,3.340079000,69.299506000,149.986760218,143.090140034
avx512_mul,2900,0x00,69,0.484343123,0.000374617,72.434324000,3.346672000,69.087652000,149.551672254,142.641959200
avx512_mul,2900,0x00,70,0.484486389,0.000706258,72.782894000,3.359244000,69.423650000,150.226911697,143.293292765
avx512_mul,2900,0x00,71,0.484354538,0.000321306,72.334776000,3.332755000,69.002021000,149.342620668,142.461803539
avx512_mul,2900,0x00,72,0.484494205,0.000398640,72.593930000,3.336356000,69.257574000,149.834465085,142.948199021
avx512_mul,2900,0x00,73,0.484518221,0.000347092,72.473142000,3.337577000,69.135565000,149.577743059,142.689298303
avx512_mul,2900,0x00,74,0.484549131,0.000368453,72.426512000,3.338554000,69.087958000,149.471967592,142.581945947
avx512_mul,2900,0x00,75,0.484515759,0.000340331,72.559933000,3.336356000,69.223577000,149.757632548,142.871672828
avx512_mul,2900,0x00,76,0.484550339,0.000380691,72.505613000,3.346671000,69.158942000,149.634840995,142.728084922
avx512_mul,2900,0x00,77,0.484555960,0.000295203,72.327391000,3.337516000,68.989875000,149.265300687,142.377518308
avx512_mul,2900,0x00,78,0.484618192,0.000407141,72.703305000,3.350150000,69.353155000,150.021823856,143.108855963
avx512_mul,2900,0x00,79,0.484527985,0.000323358,72.433103000,3.337211000,69.095892000,149.492093980,142.604543402
avx512_mul,2900,0x00,80,0.484794693,0.000189722,72.315183000,3.337027000,68.978156000,149.166614286,142.283232419
avx512_mul,2900,0x00,81,0.484311908,0.000386516,72.286497000,3.321342000,68.965155000,149.256080182,142.398222789
avx512_mul,2900,0x00,82,0.484345672,0.000471719,72.558286000,3.348258000,69.210028000,149.806822364,142.893871148
avx512_mul,2900,0x00,83,0.484298251,0.000342405,72.377745000,3.328910000,69.048835000,149.448702037,142.575024518
avx512_mul,2900,0x00,84,0.484413351,0.000439707,72.537290000,3.342765000,69.194525000,149.742549151,142.841903258
avx512_mul,2900,0x00,85,0.484397687,0.000360944,72.320554000,3.333121000,68.987433000,149.299957440,142.418997659
avx512_mul,2900,0x00,86,0.484498594,0.000490424,72.575315000,3.350700000,69.224615000,149.794686482,142.878876940
avx512_mul,2900,0x00,87,0.484476570,0.000351306,72.410520000,3.331962000,69.078558000,149.461345380,142.583898246
avx512_mul,2900,0x00,88,0.484521083,0.000389380,72.455014000,3.341055000,69.113959000,149.539445303,142.643863012
avx512_mul,2900,0x00,89,0.484531627,0.000319092,72.438535000,3.317497000,69.121038000,149.502181044,142.655368956
avx512_mul,2900,0x00,90,0.484602967,0.000382795,72.405576000,3.337760000,69.067816000,149.412160013,142.524542252
avx512_mul,2900,0x00,91,0.484513174,0.000315388,72.417539000,3.341606000,69.075933000,149.464540768,142.567708687
avx512_mul,2900,0x00,92,0.484365214,0.000425619,72.503293000,3.349052000,69.154241000,149.687242013,142.772930449
avx512_mul,2900,0x00,93,0.484354729,0.000359199,72.371946000,3.338492000,69.033454000,149.419302887,142.526643854
avx512_mul,2900,0x00,94,0.484414883,0.000419031,72.614683000,3.342704000,69.271979000,149.901841553,143.001343408
avx512_mul,2900,0x00,95,0.484502253,0.000348188,72.335569000,3.340995000,68.994574000,149.298725824,142.402999374
avx512_mul,2900,0x00,96,0.484598027,0.000276164,72.416441000,3.348502000,69.067939000,149.436103635,142.526248842
avx512_mul,2900,0x00,97,0.484387219,0.000431799,72.444456000,3.336478000,69.107978000,149.558975169,142.670936278
avx512_mul,2900,0x00,98,0.484433545,0.000358493,72.390745000,3.329459000,69.061286000,149.433799071,142.560907968
avx512_mul,2900,0x00,99,0.484541230,0.000377177,72.338621000,3.338981000,68.999640000,149.293014821,142.401999579
avx512_mul,2900,0xAA,0,0.484631815,0.000505476,72.519346000,3.352286000,69.167060000,149.638021532,142.720840499
avx512_mul,2900,0xAA,1,0.484543987,0.000335487,72.495908000,3.343009000,69.152899000,149.616773518,142.717484521
avx512_mul,2900,0xAA,2,0.484730745,0.000261101,72.464170000,3.344779000,69.119391000,149.493653408,142.593371068
avx512_mul,2900,0xAA,3,0.484300384,0.000378268,72.356199000,3.346061000,69.010138000,149.403555014,142.494493791
avx512_mul,2900,0xAA,4,0.484403592,0.000432597,72.483824000,3.347953000,69.135871000,149.635190935,142.723695946
avx512_mul,2900,0xAA,5,0.484463435,0.000358304,72.130309000,3.317497000,68.812812000,148.887003338,142.039227503
avx512_mul,2900,0xAA,6,0.484514120,0.000376898,72.371153000,3.333487000,69.037666000,149.368511828,142.488450205
avx512_mul,2900,0xAA,7,0.484516504,0.000338809,72.282285000,3.336051000,68.946234000,149.184360856,142.299041220
avx512_mul,2900,0xAA,8,0.484680500,0.000335449,72.445921000,3.348319000,69.097602000,149.471499288,142.563197839
avx512_mul,2900,0xAA,9,0.484114917,0.000245207,72.511105000,3.343680000,69.167425000,149.780769880,142.873980022
avx512_mul,2900,0xAA,10,0.484162337,0.000440020,72.464963000,3.347709000,69.117254000,149.670797297,142.756362315
avx512_mul,2900,0xAA,11,0.484277124,0.000333776,72.456113000,3.347281000,69.108832000,149.617046507,142.705134230
avx512_mul,2900,0xAA,12,0.484426894,0.000412832,72.499204000,3.336539000,69.162665000,149.659742065,142.772141394
avx512_mul,2900,0xAA,13,0.484479220,0.000386883,72.505979000,3.335197000,69.170782000,149.657562263,142.773475466
avx512_mul,2900,0xAA,14,0.484505860,0.000383897,72.386167000,3.312003000,69.074164000,149.402046382,142.566209559
avx512_mul,2900,0xAA,15,0.484633723,0.000262665,72.420714000,3.330558000,69.090156000,149.433913727,142.561593788
avx512_mul,2900,0xAA,16,0.484654053,0.002626620,73.879876000,3.442618000,70.437258000,152.438374283,145.335126151
avx512_mul,2900,0xAA,17,0.484315097,0.000315538,72.436521000,3.351798000,69.084723000,149.564862827,142.644165903
avx512_mul,2900,0xAA,18,0.484410110,0.000418720,72.380796000,3.348624000,69.032172000,149.420489951,142.507702770
avx512_mul,2900,0xAA,19,0.484437430,0.000357915,72.511716000,3.336906000,69.174810000,149.682314944,142.794106495
avx512_mul,2900,0xAA,20,0.484506243,0.000413625,72.398008000,3.336479000,69.061529000,149.426367572,142.540018745
avx512_mul,2900,0xAA,21,0.484466464,0.000363585,72.495847000,3.337088000,69.158759000,149.640589028,142.752417711
avx512_mul,2900,0xAA,22,0.484573069,0.000359666,72.526304000,3.324454000,69.201850000,149.670521509,142.809938018
avx512_mul,2900,0xAA,23,0.484547900,0.000334144,72.369810000,3.336051000,69.033759000,149.355326992,142.470453480
avx512_mul,2900,0xAA,24,0.484746776,0.000191897,72.353392000,3.341727000,69.011665000,149.260181991,142.366423918
avx512_mul,2900,0xAA,25,0.484442688,0.000404574,72.557675000,3.336173000,69.221502000,149.775560319,142.888939704
avx512_mul,2900,0xAA,26,0.484715544,0.000234773,72.404417000,3.335746000,69.068671000,149.375067331,142.493204262
avx512_mul,2900,0xAA,27,0.484451424,0.000389728,72.406492000,3.318778000,69.087714000,149.460789002,142.610199162
avx512_mul,2900,0xAA,28,0.484516838,0.000335334,72.222776000,3.330497000,68.892279000,149.061436812,142.187584883
avx512_mul,2900,0xAA,29,0.484589967,0.000382083,72.431639000,3.334281000,69.097358000,149.469951922,142.589328652
avx512_mul,2900,0xAA,30,0.484575363,0.000313882,72.248411000,3.327384000,68.921027000,149.096335614,142.229738069
avx512_mul,2900,0xAA,31,0.484705832,0.000246627,72.364683000,3.304434000,69.060249000,149.296084663,142.478683718
avx512_mul,2900,0xAA,32,0.484019532,0.000019259,72.600705000,3.330192000,69.270513000,149.995403347,143.115119027
avx512_mul,2900,0xAA,33,0.484171172,0.000355860,72.827511000,3.333976000,69.493535000,150.416867391,143.530922519
avx512_mul,2900,0xAA,34,0.484396555,0.000388418,72.329771000,3.333244000,68.996527000,149.319333911,142.438104136
avx512_mul,2900,0xAA,35,0.484500060,0.000755465,72.796017000,3.343314000,69.452703000,150.249758372,143.349214340
avx512_mul,2900,0xAA,36,0.484414870,0.000325817,72.137510000,3.324515000,68.812995000,148.916795346,142.053845407
avx512_mul,2900,0xAA,37,0.484539270,0.000396004,72.430174000,3.343315000,69.086859000,149.482567333,142.582579635
avx512_mul,2900,0xAA,38,0.484554861,0.000308703,72.293333000,3.331901000,68.961432000,149.195352039,142.319141993
avx512_mul,2900,0xAA,39,0.484791688,0.000171878,72.406248000,3.326652000,69.079596000,149.355382479,142.493358889
avx512_mul,2900,0xAA,40,0.484470786,0.000389698,72.451414000,3.344596000,69.106818000,149.547539642,142.643932448
avx512_mul,2900,0xAA,41,0.484482866,0.000399041,72.520139000,3.343558000,69.176581000,149.685662992,142.784370428
avx512_mul,2900,0xAA,42,0.484603935,0.000259133,72.492185000,3.335746000,69.156439000,149.590582723,142.707134694
avx512_mul,2900,0xAA,43,0.484706061,0.000728051,72.646664000,3.358695000,69.287969000,149.877771117,142.948427184
avx512_mul,2900,0xAA,44,0.484557880,0.000310185,72.317381000,3.321464000,68.995917000,149.244051115,142.389423138
avx512_mul,2900,0xAA,45,0.484774268,0.000188654,72.431028000,3.327933000,69.103095000,149.411866193,142.546953546
avx512_mul,2900,0xAA,46,0.484128017,0.000279871,72.454710000,3.343558000,69.111152000,149.660229107,142.753878142
avx512_mul,2900,0xAA,47,0.484136450,0.000318192,72.588315000,3.319450000,69.268865000,149.933587816,143.077153029
avx512_mul,2900,0xAA,48,0.484251414,0.000354311,72.167296000,3.327811000,68.839485000,149.028570563,142.156497700
avx512_mul,2900,0xAA,49,0.484548567,0.000356119,72.451353000,3.337211000,69.114142000,149.523407792,142.636149783
avx512_mul,2900,0xAA,50,0.484579750,0.000339293,72.519895000,3.334647000,69.185248000,149.655232188,142.773708559
avx512_mul,2900,0xAA,51,0.484623244,0.000547675,72.474118000,3.355155000,69.118963000,149.547341844,142.624118415
avx512_mul,2900,0xAA,52,0.484548533,0.000331828,72.518735000,3.326347000,69.192388000,149.662479866,142.797642236
avx512_mul,2900,0xAA,53,0.484565028,0.000362495,72.356565000,3.350394000,69.006171000,149.322713736,142.408483850
avx512_mul,2900,0xAA,54,0.484577904,0.000339898,72.692563000,3.343498000,69.349065000,150.012128928,143.112313702
avx512_mul,2900,0xAA,55,0.484559211,0.000357454,72.342832000,3.343864000,68.998968000,149.296165313,142.395328579
avx512_mul,2900,0xAA,56,0.484545089,0.000339579,72.353880000,3.290824000,69.063056000,149.323317044,142.531742694
avx512_mul,2900,0xAA,57,0.484823593,0.000115039,72.650998000,3.350577000,69.300421000,149.850376730,142.939456860
avx512_mul,2900,0xAA,58,0.484203013,0.000334678,72.859249000,3.343803000,69.515446000,150.472523001,143.566735737
avx512_mul,2900,0xAA,59,0.484347239,0.000466767,72.629880000,3.345390000,69.284490000,149.954153026,143.047145552
avx512_mul,2900,0xAA,60,0.484369383,0.000352972,72.231993000,3.332022000,68.899971000,149.125843902,142.246750968
avx512_mul,2900,0xAA,61,0.484531456,0.000356080,72.407529000,3.337150000,69.070379000,149.438241957,142.550866624
avx512_mul,2900,0xAA,62,0.484551147,0.000378225,72.517576000,3.338187000,69.179389000,149.659280481,142.770044904
avx512_mul,2900,0xAA,63,0.484676393,0.000183880,72.399045000,3.335990000,69.063055000,149.376049830,142.493127431
avx512_mul,2900,0xAA,64,0.484370227,0.000422927,72.608762000,3.320365000,69.288397000,149.903437375,143.048422730
avx512_mul,2900,0xAA,65,0.484429226,0.000375302,72.456174000,3.348624000,69.107550000,149.570195387,142.657680990
avx512_mul,2900,0xAA,66,0.484481756,0.000397200,73.004330000,3.336540000,69.667790000,150.685405900,143.798583102
avx512_mul,2900,0xAA,67,0.484604510,0.000314902,72.419126000,3.343802000,69.075324000,149.439645201,142.539581474
avx512_mul,2900,0xAA,68,0.484592476,0.000452551,72.698118000,3.345268000,69.352850000,150.019081132,143.115820838
avx512_mul,2900,0xAA,69,0.484520272,0.000314237,72.433225000,3.329764000,69.103461000,149.494725350,142.622434980
avx512_mul,2900,0xAA,70,0.484759307,0.000277419,72.616819000,3.343559000,69.273260000,149.799741773,142.902382708
avx512_mul,2900,0xAA,71,0.484177174,0.000307842,72.590939000,3.344290000,69.246649000,149.926396505,143.019234875
avx512_mul,2900,0xAA,72,0.484230791,0.000360486,72.404722000,3.341056000,69.063666000,149.525233255,142.625515061
avx512_mul,2900,0xAA,73,0.484614864,0.000326434,72.643857000,3.327201000,69.316656000,149.900183328,143.034523099
avx512_mul,2900,0xAA,74,0.484625561,0.000392035,72.962765000,3.357169000,69.605596000,150.554925122,143.627578996
avx512_mul,2900,0xAA,75,0.484586981,0.000292987,72.582394000,3.338371000,69.244023000,149.781972730,142.892866894
avx512_mul,2900,0xAA,76,0.484639381,0.000439443,72.682371000,3.347159000,69.335212000,149.972069778,143.065575724
avx512_mul,2900,0xAA,77,0.484590780,0.000358158,72.445738000,3.340018000,69.105720000,149.498795697,142.606345121
avx512_mul,2900,0xAA,78,0.484570797,0.000355959,72.494810000,3.344840000,69.149970000,149.606229779,142.703543895
avx512_mul,2900,0xAA,79,0.484563353,0.000372150,72.430295000,3.334708000,69.095587000,149.475387521,142.593505146
avx512_mul,2900,0xAA,80,0.484523193,0.000363051,72.432798000,3.340994000,69.091804000,149.492942772,142.597516409
avx512_mul,2900,0xAA,81,0.484731656,0.000138912,72.386106000,3.314810000,69.071296000,149.332326778,142.493883360
avx512_mul,2900,0xAA,82,0.484576573,0.000415823,72.564511000,3.343986000,69.220525000,149.748285577,142.847444331
avx512_mul,2900,0xAA,83,0.484578834,0.000312151,72.729611000,3.323478000,69.406133000,150.088295047,143.229807289
avx512_mul,2900,0xAA,84,0.484652783,0.000455953,72.615598000,3.352652000,69.262946000,149.830147554,142.912510604
avx512_mul,2900,0xAA,85,0.484671250,0.000216557,72.584104000,3.343070000,69.241034000,149.759458746,142.861855467
avx512_mul,2900,0xAA,86,0.484843466,0.000125233,72.490110000,3.343314000,69.146796000,149.512399589,142.616743082
avx512_mul,2900,0xAA,87,0.484326720,0.000377962,72.695615000,3.337760000,69.357855000,150.096230506,143.204684237
avx512_mul,2900,0xAA,88,0.484376921,0.000409709,72.507810000,3.333060000,69.174750000,149.692949509,142.811820672
avx512_mul,2900,0xAA,89,0.484661757,0.000275965,72.446775000,3.335502000,69.111273000,149.479041797,142.596918433
avx512_mul,2900,0xAA,90,0.484505616,0.000434134,72.923824000,3.339225000,69.584599000,150.511823851,143.619798482
avx512_mul,2900,0xAA,91,0.484635181,0.000281921,72.517515000,3.334159000,69.183356000,149.633204242,142.753474640
avx512_mul,2900,0xAA,92,0.484493478,0.000509332,72.629513000,3.350760000,69.278753000,149.908133541,142.992127130
avx512_mul,2900,0xAA,93,0.484498899,0.000356368,72.656613000,3.331534000,69.325079000,149.962390339,143.086143546
avx512_mul,2900,0xAA,94,0.484560395,0.000382478,72.791318000,3.339286000,69.452032000,150.221352552,143.329980432
avx512_mul,2900,0xAA,95,0.484639998,0.000302187,72.627865000,3.335990000,69.291875000,149.859411628,142.975972351
avx512_mul,2900,0xAA,96,0.484658490,0.000365861,72.412839000,3.342399000,69.070440000,149.410028927,142.513628535
avx512_mul,2900,0xAA,97,0.484508257,0.000383358,72.724789000,3.331473000,69.393316000,150.100205730,143.224217645
avx512_mul,2900,0xAA,98,0.484742218,0.000144914,72.267942000,3.311332000,68.956610000,149.085306324,142.254186855
avx512_mul,2900,0xAA,99,0.484824127,0.000131506,73.002316000,3.339164000,69.663152000,150.574841216,143.687469464
avx512_mul,3100,0x00,0,0.468376306,0.000461856,71.686584000,3.199210000,68.487374000,153.053395583,146.222968934
avx512_mul,3100,0x00,1,0.468516622,0.000446969,71.901732000,3.211235000,68.690497000,153.466768512,146.612721403
avx512_mul,3100,0x00,2,0.468510906,0.000434668,71.528321000,3.185783000,68.342538000,152.671624208,145.871818786
avx512_mul,3100,0x00,3,0.468606680,0.000506131,71.801391000,3.210136000,68.591255000,153.223148676,146.372764042
avx512_mul,3100,0x00,4,0.468508373,0.000404138,71.760680000,3.192130000,68.568550000,153.168404574,146.355015134
avx512_mul,3100,0x00,5,0.468558905,0.000455139,71.676574000,3.205619000,68.470955000,152.972386824,146.130943905
avx512_mul,3100,0x00,6,0.468518505,0.000387629,71.819152000,3.160758000,68.658394000,153.289894102,146.543612009
avx512_mul,3100,0x00,7,0.468621971,0.000510435,71.778564000,3.207512000,68.571052000,153.169438214,146.324876499
avx512_mul,3100,0x00,8,0.468490279,0.000399873,71.730590000,3.212272000,68.518318000,153.110092729,146.253446718
avx512_mul,3100,0x00,9,0.468516618,0.000411531,71.535096000,3.185477000,68.349619000,152.684223372,145.885153978
avx512_mul,3100,0x00,10,0.468641397,0.000502499,71.734192000,3.215385000,68.518807000,153.068406895,146.207329272
avx512_mul,3100,0x00,11,0.468536639,0.000383553,71.859680000,3.223075000,68.636605000,153.370460448,146.491435983
avx512_mul,3100,0x00,12,0.468600731,0.000480686,71.826598000,3.209525000,68.617073000,153.278885862,146.429718146
avx512_mul,3100,0x00,13,0.468586391,0.000454382,71.622436000,3.183281000,68.439155000,152.847879132,146.054508553
avx512_mul,3100,0x00,14,0.468690627,0.000771142,72.090086000,3.215507000,68.874579000,153.811665469,146.951048227
avx512_mul,3100,0x00,15,0.468526514,0.000442459,71.692444000,3.185722000,68.506722000,153.016834238,146.217385538
avx512_mul,3100,0x00,16,0.468554284,0.000447367,71.716369000,3.212639000,68.503730000,153.058826751,146.202334112
avx512_mul,3100,0x00,17,0.468503665,0.000405809,71.682495000,3.230583000,68.451912000,153.003061458,146.107527349
avx512_mul,3100,0x00,18,0.468545529,0.000451740,71.765441000,3.229301000,68.536140000,153.166419557,146.274237681
avx512_mul,3100,0x00,19,0.468484143,0.000398250,71.630553000,3.212089000,68.418464000,152.898564571,146.042219383
avx512_mul,3100,0x00,20,0.468634235,0.000496068,71.873473000,3.213431000,68.660042000,153.367952207,146.510939300
avx512_mul,3100,0x00,21,0.468524059,0.000381993,71.797302000,3.212761000,68.584541000,153.241441002,146.384245655
avx512_mul,3100,0x00,22,0.468419050,0.000513575,71.712036000,3.230949000,68.481087000,153.093765197,146.196204130
avx512_mul,3100,0x00,23,0.468414170,0.000450161,71.748596000,3.195182000,68.553414000,153.173410546,146.352135267
avx512_mul,3100,0x00,24,0.468445310,0.000476334,71.716186000,3.215140000,68.501046000,153.094041949,146.230615357
avx512_mul,3100,0x00,25,0.468435981,0.000430854,71.677428000,3.218620000,68.458808000,153.014351828,146.143359567
avx512_mul,3100,0x00,26,0.468447710,0.000443141,71.864135000,3.221244000,68.642891000,153.409085936,146.532664233
avx512_mul,3100,0x00,27,0.468451766,0.000453234,71.684203000,3.221061000,68.463142000,153.023658480,146.147686958
avx512_mul,3100,0x00,28,0.468466932,0.000421530,71.816772000,3.205985000,68.610787000,153.301689331,146.458121975
avx512_mul,3100,0x00,29,0.468529391,0.000489408,72.063902000,3.236198000,68.827704000,153.808711803,146.901572004
avx512_mul,3100,0x00,30,0.468472928,0.000419992,71.792419000,3.223137000,68.569282000,153.247743143,146.367650817
avx512_mul,3100,0x00,31,0.468611078,0.000695971,72.103087000,3.244254000,68.858833000,153.865519562,146.942392577
avx512_mul,3100,0x00,32,0.468502011,0.000383745,71.946227000,3.211662000,68.734565000,153.566527687,146.711355401
avx512_mul,3100,0x00,33,0.468584622,0.000419217,71.740295000,3.221671000,68.518624000,153.099977225,146.224653438
avx512_mul,3100,0x00,34,0.468349989,0.000506739,71.709045000,3.212516000,68.496529000,153.109953315,146.250732490
avx512_mul,3100,0x00,35,0.468449430,0.000479698,71.768860000,3.226127000,68.542733000,153.205138896,146.318318691
avx512_mul,3100,0x00,36,0.468498818,0.000475513,71.707763000,3.211356000,68.496407000,153.058578133,146.204012285
avx512_mul,3100,0x00,37,0.468510955,0.000459878,71.899840000,3.227836000,68.672004000,153.464586613,146.575023057
avx512_mul,3100,0x00,38,0.468475592,0.000423893,71.930846000,3.217826000,68.713020000,153.542355875,146.673639430
avx512_mul,3100,0x00,39,0.468534574,0.000499562,72.140868000,3.232536000,68.908332000,153.971279670,147.072032152
avx512_mul,3100,0x00,40,0.468466302,0.000422627,71.963622000,3.218070000,68.745552000,153.615364896,146.745991405
avx512_mul,3100,0x00,41,0.468589047,0.000378750,71.501038000,3.174797000,68.326241000,152.587941271,145.812714620
avx512_mul,3100,0x00,42,0.468235621,0.000558765,71.978087000,3.227897000,68.750190000,153.721937738,146.828192678
avx512_mul,3100,0x00,43,0.468386257,0.000452737,72.272703000,3.216300000,69.056403000,154.301501932,147.434733428
avx512_mul,3100,0x00,44,0.468467947,0.000515651,71.968870000,3.218376000,68.750494000,153.626028098,146.756025529
avx512_mul,3100,0x00,45,0.468406219,0.000409784,71.943541000,3.202690000,68.740851000,153.592198523,146.754778632
avx512_mul,3100,0x00,46,0.468525963,0.000498384,72.216551000,3.222709000,68.993842000,154.135643814,147.257243784
avx512_mul,3100,0x00,47,0.468468160,0.000420804,71.983031000,3.208427000,68.774604000,153.656186417,146.807424280
avx512_mul,3100,0x00,48,0.468498542,0.000455886,71.949951000,3.194084000,68.755867000,153.575613417,146.757910239
avx512_mul,3100,0x00,49,0.468461113,0.000427696,71.902282000,3.183036000,68.719246000,153.486127305,146.691463003
avx512_mul,3100,0x00,50,0.468518267,0.000438321,71.977355000,3.201591000,68.775764000,153.627638682,146.794199674
avx512_mul,3100,0x00,51,0.468527626,0.000392182,71.760314000,3.205925000,68.554389000,153.161329240,146.318776482
avx512_mul,3100,0x00,52,0.468583025,0.000470682,71.931945000,3.227897000,68.704048000,153.509498107,146.620864018
avx512_mul,3100,0x00,53,0.468588576,0.000460860,72.292540000,3.225577000,69.066963000,154.277214021,147.393612571
avx512_mul,3100,0x00,54,0.468601130,0.000512662,72.679135000,3.216179000,69.462956000,155.098078888,148.234717288
avx512_mul,3100,0x00,55,0.468584488,0.000452027,72.002013000,3.206901000,68.795112000,153.658550034,146.814744740
avx512_mul,3100,0x00,56,0.468604639,0.000483359,71.888366000,3.210807000,68.677559000,153.409420388,146.557574001
avx512_mul,3100,0x00,57,0.468488133,0.000396241,71.789916000,3.207512000,68.582404000,153.237426909,146.390909835
avx512_mul,3100,0x00,58,0.468611968,0.000465712,72.093382000,3.140373000,68.953009000,153.844517203,147.143081445
avx512_mul,3100,0x00,59,0.468526593,0.000428938,71.923155000,3.203238000,68.719917000,153.509226720,146.672393875
avx512_mul,3100,0x00,60,0.468366813,0.000491781,71.937498000,3.203117000,68.734381000,153.592218837,146.753311996
avx512_mul,3100,0x00,61,0.468528129,0.000424989,71.866577000,3.195182000,68.671395000,153.387966455,146.568350301
avx512_mul,3100,0x00,62,0.468137409,0.000428205,71.854858000,3.206656000,68.648202000,153.490955116,146.641137221
avx512_mul,3100,0x00,63,0.468284814,0.000593130,72.307921000,3.219596000,69.088325000,154.410134209,147.534839725
avx512_mul,3100,0x00,64,0.468377392,0.000441157,71.879577000,3.203971000,68.675606000,153.465086594,146.624510905
avx512_mul,3100,0x00,65,0.468540005,0.000899754,72.192076000,3.239372000,68.952704000,154.078787798,147.165030242
avx512_mul,3100,0x00,66,0.468455730,0.000419310,71.884704000,3.207084000,68.677620000,153.450367763,146.604290756
avx512_mul,3100,0x00,67,0.468543145,0.000440022,71.940307000,3.186455000,68.753852000,153.540410813,146.739639033
avx512_mul,3100,0x00,68,0.468601325,0.000459665,71.634887000,3.191825000,68.443062000,152.869578479,146.058191419
avx512_mul,3100,0x00,69,0.468517805,0.000423327,71.721679000,3.202323000,68.519356000,153.082077697,146.247069577
avx512_mul,3100,0x00,70,0.468570854,0.000446561,71.808959000,3.204826000,68.604133000,153.251015205,146.411439129
avx512_mul,3100,0x00,71,0.468648724,0.000559023,72.012389000,3.226066000,68.786323000,153.659628963,146.775867551
avx512_mul,3100,0x00,72,0.468573516,0.000452352,72.091612000,3.210074000,68.881538000,153.853364719,147.002627550
avx512_mul,3100,0x00,73,0.468736981,0.000867423,72.423887000,3.231437000,69.192450000,154.508583579,147.614659841
avx512_mul,3100,0x00,74,0.468236423,0.000433917,71.824401000,3.207084000,68.617317000,153.393451317,146.544167834
avx512_mul,3100,0x00,75,0.468374174,0.000470343,72.144225000,3.210136000,68.934089000,154.031176259,147.177391025
avx512_mul,3100,0x00,76,0.468486448,0.000448292,72.010802000,3.183220000,68.827582000,153.709466392,146.914776790
avx512_mul,3100,0x00,77,0.468514457,0.000412214,72.143248000,3.216178000,68.927070000,153.982970774,147.118341627
avx512_mul,3100,0x00,78,0.468385825,0.000348325,72.797054000,3.209708000,69.587346000,155.421129614,148.568428637
avx512_mul,3100,0x00,79,0.468540681,0.000437147,72.215452000,3.217155000,68.998297000,154.128456611,147.262126468
avx512_mul,3100,0x00,80,0.468577377,0.000497482,72.607114000,3.234672000,69.372442000,154.952239534,148.049063758
avx512_mul,3100,0x00,81,0.468549520,0.000441884,72.048033000,3.224601000,68.823432000,153.768235710,146.886143500
avx512_mul,3100,0x00,82,0.468538856,0.000474269,71.979186000,3.212394000,68.766792000,153.624795565,146.768600059
avx512_mul,3100,0x00,83,0.468478218,0.000394035,72.003051000,3.226493000,68.776558000,153.695621896,146.808443627
avx512_mul,3100,0x00,84,0.468626732,0.000447658,71.992247000,3.188224000,68.804023000,153.623859116,146.820525493
avx512_mul,3100,0x00,85,0.468566294,0.000435729,72.468748000,3.223930000,69.244818000,154.660608092,147.780194286
avx512_mul,3100,0x00,86,0.468510288,0.000385640,71.895568000,3.218132000,68.677436000,153.455686621,146.586825724
avx512_mul,3100,0x00,87,0.468053366,0.000383991,72.370115000,3.212394000,69.157721000,154.619366772,147.756059644
avx512_mul,3100,0x00,88,0.468618987,0.000550403,72.263120000,3.230461000,69.032659000,154.204421916,147.310845067
avx512_mul,3100,0x00,89,0.468554953,0.000446447,72.576108000,3.212821000,69.363287000,154.893481737,148.036610453
avx512_mul,3100,0x00,90,0.468628622,0.000869084,72.859677000,3.237968000,69.621709000,155.474235903,148.564781711
avx512_mul,3100,0x00,91,0.468517975,0.000363771,71.706420000,3.197380000,68.509040000,153.049453509,146.224998158
avx512_mul,3100,0x00,92,0.468570295,0.000461040,72.183531000,3.221550000,68.961981000,154.050591231,147.175315454
avx512_mul,3100,0x00,93,0.468600944,0.000451180,72.459471000,3.205070000,69.254401000,154.629374738,147.789717158
avx512_mul,3100,0x00,94,0.468676687,0.000360582,72.489316000,3.216545000,69.272771000,154.668064454,147.805028398
avx512_mul,3100,0x00,95,0.468506194,0.000491136,71.826232000,3.208854000,68.617378000,153.309033970,146.459916409
avx512_mul,3100,0x00,96,0.468618305,0.000346101,72.324522000,3.224540000,69.099982000,154.335674199,147.454722329
avx512_mul,3100,0x00,97,0.468521224,0.000567653,72.709225000,3.220939000,69.488286000,155.188754148,148.314062379
avx512_mul,3100,0x00,98,0.468484412,0.000420462,72.796567000,3.209404000,69.587163000,155.387383377,148.536773378
avx512_mul,3100,0x00,99,0.468607250,0.000879936,72.423460000,3.216971000,69.206489000,154.550447214,147.685485132
avx512_mul,3100,0xAA,0,0.468528264,0.000436804,72.531430000,3.221305000,69.310125000,154.806946610,147.931576978
avx512_mul,3100,0xAA,1,0.468505706,0.000406764,72.105467000,3.200371000,68.905096000,153.905205621,147.074187429
avx512_mul,3100,0xAA,2,0.468535886,0.000433096,71.900756000,3.201957000,68.698799000,153.458375488,146.624412301
avx512_mul,3100,0xAA,3,0.468585290,0.000458385,72.008299000,3.211113000,68.797186000,153.671701784,146.818919449
avx512_mul,3100,0xAA,4,0.468543081,0.000418134,71.900756000,3.212761000,68.687995000,153.456019116,146.599102153
avx512_mul,3100,0xAA,5,0.468633772,0.000450806,72.610654000,3.218620000,69.392034000,154.941146500,148.073054210
avx512_mul,3100,0xAA,6,0.468582160,0.000451376,72.092772000,3.210685000,68.882087000,153.853002083,147.001087358
avx512_mul,3100,0xAA,7,0.468693721,0.000765447,72.198851000,3.229118000,68.969733000,154.042710251,147.153097999
avx512_mul,3100,0xAA,8,0.468517179,0.000359241,72.766354000,3.204276000,69.562078000,155.312029658,148.472843938
avx512_mul,3100,0xAA,9,0.468578211,0.000424107,72.079161000,3.180900000,68.898261000,153.825251076,147.036843243
avx512_mul,3100,0xAA,10,0.468075556,0.000394831,72.075499000,3.161308000,68.914191000,153.982616858,147.228775604
avx512_mul,3100,0xAA,11,0.468223605,0.000483718,72.043090000,3.207451000,68.835639000,153.864711571,147.014456772
avx512_mul,3100,0xAA,12,0.468293004,0.000456781,71.962950000,3.198722000,68.764228000,153.670777429,146.840177842
avx512_mul,3100,0xAA,13,0.468388918,0.000510768,72.203429000,3.219780000,68.983649000,154.152727128,147.278567900
avx512_mul,3100,0xAA,14,0.468417386,0.000443648,71.897826000,3.204154000,68.693672000,153.490942418,146.650560107
avx512_mul,3100,0xAA,15,0.468502208,0.000545660,72.196531000,3.217155000,68.979376000,154.100727241,147.233833247
avx512_mul,3100,0xAA,16,0.468420946,0.000423360,71.738220000,3.188713000,68.549507000,153.149043805,146.341677426
avx512_mul,3100,0xAA,17,0.468486494,0.000467747,72.699276000,3.227470000,69.471806000,155.179022194,148.289880151
avx512_mul,3100,0xAA,18,0.468490325,0.000427682,72.094725000,3.202384000,68.892341000,153.887329406,147.051790170
avx512_mul,3100,0xAA,19,0.468528549,0.000452132,72.535154000,3.189994000,69.345160000,154.814800731,148.006263653
avx512_mul,3100,0xAA,20,0.468574955,0.000372737,72.183470000,3.205070000,68.978400000,154.048929173,147.208892231
avx512_mul,3100,0xAA,21,0.468652645,0.000459271,72.043212000,3.213432000,68.829780000,153.724112699,146.867367015
avx512_mul,3100,0xAA,22,0.468870249,0.000265979,72.927853000,3.226127000,69.701726000,155.539518935,148.658879769
avx512_mul,3100,0xAA,23,0.468338376,0.000485206,72.373655000,3.219291000,69.154364000,154.532830731,147.658973785
avx512_mul,3100,0xAA,24,0.468589407,0.000789332,72.527524000,3.225883000,69.301641000,154.778411240,147.894168982
avx512_mul,3100,0xAA,25,0.468567910,0.000383276,72.291991000,3.223685000,69.068306000,154.282846713,147.402979499
avx512_mul,3100,0xAA,26,0.468581997,0.000424175,71.953734000,3.219841000,68.733893000,153.556334843,146.684877933
avx512_mul,3100,0xAA,27,0.468617043,0.000433859,72.045348000,3.196953000,68.848395000,153.740349477,146.918248049
avx512_mul,3100,0xAA,28,0.468687999,0.000407473,72.117735000,3.228446000,68.889289000,153.871520437,146.983257866
avx512_mul,3100,0xAA,29,0.468737383,0.000337205,72.171324000,3.208916000,68.962408000,153.969635640,147.123763902
avx512_mul,3100,0xAA,30,0.468387378,0.000623749,72.688595000,3.215751000,69.472844000,155.189056081,148.323476105
avx512_mul,3100,0xAA,31,0.468383011,0.000451918,72.217894000,3.211905000,69.005989000,154.185553795,147.328121049
avx512_mul,3100,0xAA,32,0.468637548,0.000873873,72.532651000,3.223686000,69.308965000,154.773452031,147.894605007
avx512_mul,3100,0xAA,33,0.468530162,0.000393851,72.389586000,3.213737000,69.175849000,154.503577236,147.644388086
avx512_mul,3100,0xAA,34,0.468576941,0.000462454,72.446347000,3.216545000,69.229802000,154.609287493,147.744790506
avx512_mul,3100,0xAA,35,0.468597299,0.000452701,71.860961000,3.202811000,68.658150000,153.353340306,146.518450286
avx512_mul,3100,0xAA,36,0.468609534,0.000474364,72.018248000,3.179191000,68.839057000,153.684982513,146.900675386
avx512_mul,3100,0xAA,37,0.468571647,0.000450952,72.367490000,3.196464000,69.171026000,154.442741888,147.621023123
avx512_mul,3100,0xAA,38,0.468591463,0.000458289,72.438780000,3.205131000,69.233649000,154.588347569,147.748421427
avx512_mul,3100,0xAA,39,0.468665248,0.000573016,72.471433000,3.214103000,69.257330000,154.633682104,147.775689085
avx512_mul,3100,0xAA,40,0.468520175,0.000420673,72.835507000,3.221122000,69.614385000,155.458635420,148.583537665
avx512_mul,3100,0xAA,41,0.468679673,0.000891530,72.620725000,3.235953000,69.384772000,154.947460375,148.043058096
avx512_mul,3100,0xAA,42,0.468301625,0.000445390,72.310667000,3.216118000,69.094549000,154.410455096,147.542834251
avx512_mul,3100,0xAA,43,0.468404603,0.000490825,72.062376000,3.211051000,68.851325000,153.846429988,146.991136556
avx512_mul,3100,0xAA,44,0.468477672,0.000431716,72.196531000,3.219596000,68.976935000,154.108798308,147.236334164
avx512_mul,3100,0xAA,45,0.468495557,0.000451521,72.319151000,3.211296000,69.107855000,154.364646526,147.510161025
avx512_mul,3100,0xAA,46,0.468542752,0.000436157,72.024535000,3.216972000,68.807563000,153.720305478,146.854396263
avx512_mul,3100,0xAA,47,0.468543662,0.000451046,72.703549000,3.211051000,69.492498000,155.169207973,148.315949126
avx512_mul,3100,0xAA,48,0.468495312,0.000404844,72.462278000,3.213920000,69.248358000,154.670230818,147.810140824
avx512_mul,3100,0xAA,49,0.468548041,0.000502444,72.335203000,3.220024000,69.115179000,154.381614402,147.509268948
avx512_mul,3100,0xAA,50,0.468382876,0.000486524,72.572263000,3.212821000,69.359442000,154.942177951,148.082787565
avx512_mul,3100,0xAA,51,0.468375158,0.000481493,72.975582000,3.188102000,69.787480000,155.805833809,148.999106453
avx512_mul,3100,0xAA,52,0.468603399,0.000381877,72.173155000,3.178397000,68.994758000,154.017565990,147.234864448
avx512_mul,3100,0xAA,53,0.469080165,0.002664211,73.938593000,3.259147000,70.679446000,157.624641919,150.676688787
avx512_mul,3100,0xAA,54,0.468364706,0.000310728,72.032286000,3.207146000,68.825140000,153.795290424,146.947750551
avx512_mul,3100,0xAA,55,0.468573458,0.000440984,72.197142000,3.205741000,68.991401000,154.078599005,147.237108215
avx512_mul,3100,0xAA,56,0.468530531,0.000445388,72.587643000,3.206108000,69.381535000,154.926175000,148.083274080
avx512_mul,3100,0xAA,57,0.468596149,0.000451839,72.699094000,3.207206000,69.491888000,155.142320595,148.298034730
avx512_mul,3100,0xAA,58,0.468553557,0.000502088,72.623471000,3.228507000,69.394964000,154.995026676,148.104657465
avx512_mul,3100,0xAA,59,0.468490613,0.000402551,72.639829000,3.224052000,69.415777000,155.050767320,148.168981619
avx512_mul,3100,0xAA,60,0.468587418,0.000478859,72.573972000,3.224723000,69.349249000,154.878191882,147.996395919
avx512_mul,3100,0xAA,61,0.468632141,0.000433108,72.617002000,3.197074000,69.419928000,154.955231873,148.133092025
avx512_mul,3100,0xAA,62,0.468478562,0.000526783,72.393003000,3.184684000,69.208319000,154.527888573,147.729959576
avx512_mul,3100,0xAA,63,0.468643645,0.000314362,72.021972000,3.187736000,68.834236000,153.681742576,146.879695788
avx512_mul,3100,0xAA,64,0.468413983,0.000550818,72.680844000,3.199089000,69.481755000,155.163694199,148.334075279
avx512_mul,3100,0xAA,65,0.468439480,0.000422332,72.555905000,3.181388000,69.374517000,154.888535559,148.097075534
avx512_mul,3100,0xAA,66,0.468642929,0.000928144,72.744686000,3.217094000,69.527592000,155.224119376,148.359417491
avx512_mul,3100,0xAA,67,0.468535026,0.000386098,72.446714000,3.217521000,69.229193000,154.623902214,147.756708038
avx512_mul,3100,0xAA,68,0.468621016,0.000480761,72.471616000,3.213493000,69.258123000,154.648668239,147.791329597
avx512_mul,3100,0xAA,69,0.468514874,0.000407190,72.460813000,3.188102000,69.272711000,154.660645879,147.855948360
avx512_mul,3100,0xAA,70,0.468545644,0.000433277,72.752438000,3.201164000,69.551274000,155.272893885,148.440765481
avx512_mul,3100,0xAA,71,0.468534287,0.000413788,72.094481000,3.141105000,68.953376000,153.872369538,147.168260394
avx512_mul,3100,0xAA,72,0.468661786,0.000363549,72.699765000,3.184379000,69.515386000,155.122024322,148.327403780
avx512_mul,3100,0xAA,73,0.468488914,0.000561508,72.671872000,3.206352000,69.465520000,155.119726115,148.275696501
avx512_mul,3100,0xAA,74,0.468453478,0.000432165,72.775571000,3.210379000,69.565192000,155.352824645,148.499680946
avx512_mul,3100,0xAA,75,0.468637139,0.000959734,73.011593000,3.241569000,69.770024000,155.795576024,148.878563412
avx512_mul,3100,0xAA,76,0.468543024,0.000439162,72.361997000,3.203727000,69.158270000,154.440453193,147.602816446
avx512_mul,3100,0xAA,77,0.468534045,0.000438122,72.579099000,3.210502000,69.368597000,154.906777443,148.054549658
avx512_mul,3100,0xAA,78,0.468531867,0.000385600,72.442198000,3.220023000,69.222175000,154.615306099,147.742725537
avx512_mul,3100,0xAA,79,0.468857164,0.000237436,72.585508000,3.188834000,69.396674000,154.813690611,148.012399638
avx512_mul,3100,0xAA,80,0.468635900,0.000401027,72.253599000,3.195671000,69.057928000,154.178540195,147.359448876
avx512_mul,3100,0xAA,81,0.468341096,0.000508741,72.768246000,3.203177000,69.565069000,155.374462389,148.535051909
avx512_mul,3100,0xAA,82,0.468311102,0.000452915,73.097897000,3.207085000,69.890812000,156.088328367,149.240134956
avx512_mul,3100,0xAA,83,0.468502951,0.000853214,73.021480000,3.233451000,69.788029000,155.861302189,148.959635947
avx512_mul,3100,0xAA,84,0.468452367,0.000437107,72.585752000,3.203117000,69.382635000,154.947988684,148.110330838
avx512_mul,3100,0xAA,85,0.468491005,0.000470331,72.823055000,3.202751000,69.620304000,155.441735713,148.605423031
avx512_mul,3100,0xAA,86,0.468483843,0.000425857,72.489682000,3.206534000,69.283148000,154.732512290,147.888020110
avx512_mul,3100,0xAA,87,0.468498275,0.000442656,73.070065000,3.216667000,69.853398000,155.966561528,149.100651506
avx512_mul,3100,0xAA,88,0.468471888,0.000419848,72.477475000,3.170463000,69.307012000,154.710403812,147.942734118
avx512_mul,3100,0xAA,89,0.468441669,0.000513815,72.728329000,3.214165000,69.514164000,155.255891790,148.394493208
avx512_mul,3100,0xAA,90,0.468555712,0.000486561,73.261531000,3.221244000,70.040287000,156.356072634,149.481235950
avx512_mul,3100,0xAA,91,0.468513919,0.000406952,72.517698000,3.200858000,69.316840000,154.782377008,147.950439104
avx512_mul,3100,0xAA,92,0.468729538,0.001229922,72.824521000,3.241141000,69.583380000,155.365760248,148.451024269
avx512_mul,3100,0xAA,93,0.468533381,0.000390278,72.587521000,3.197319000,69.390202000,154.924972038,148.100871285
avx512_mul,3100,0xAA,94,0.468578886,0.000470232,72.475156000,3.197685000,69.277471000,154.670127553,147.845908412
avx512_mul,3100,0xAA,95,0.468772703,0.000311239,72.455809000,3.216362000,69.239447000,154.564906516,147.703666559
avx512_mul,3100,0xAA,96,0.468367396,0.000536491,72.683835000,3.209770000,69.474065000,155.185513751,148.332410767
avx512_mul,3100,0xAA,97,0.468317505,0.000446641,72.493711000,3.173026000,69.320685000,154.796073612,148.020700142
avx512_mul,3100,0xAA,98,0.468387765,0.000551442,73.145992000,3.211173000,69.934819000,156.165462594,149.309662251
avx512_mul,3100,0xAA,99,0.468410852,0.000432253,72.739010000,3.219169000,69.519841000,155.288908564,148.416375648
avx512_mul,3300,0x00,0,0.468374686,0.000437917,71.474671000,3.149406000,68.325265000,152.601481646,145.877365044
avx512_mul,3300,0x00,1,0.468462635,0.000614922,71.972655000,3.166740000,68.805915000,153.635849799,146.875993698
avx512_mul,3300,0x00,2,0.468387084,0.000420794,71.815246000,3.171195000,68.644051000,153.324565072,146.554107249
avx512_mul,3300,0x00,3,0.468436943,0.000494896,71.645752000,3.197318000,68.448434000,152.946416836,146.120913328
avx512_mul,3300,0x00,4,0.468371385,0.000424207,71.740722000,3.182670000,68.558052000,153.170591441,146.375406884
avx512_mul,3300,0x00,5,0.468371171,0.000445213,71.736633000,3.218680000,68.517953000,153.161930901,146.289859783
avx512_mul,3300,0x00,6,0.468294805,0.000474404,71.671631000,3.203728000,68.467903000,153.048101744,146.206838582
avx512_mul,3300,0x00,7,0.468308792,0.000454348,71.767211000,3.210258000,68.556953000,153.247626999,146.392624363
avx512_mul,3300,0x00,8,0.468369379,0.000447133,71.660827000,3.201041000,68.459786000,153.000666099,146.166229131
avx512_mul,3300,0x00,9,0.468409515,0.000469772,71.895751000,3.174858000,68.720893000,153.489091604,146.711137920
avx512_mul,3300,0x00,10,0.468470656,0.000568073,71.920470000,3.208732000,68.711738000,153.521824983,146.672448269
avx512_mul,3300,0x00,11,0.468395623,0.000418477,71.845824000,3.179985000,68.665839000,153.387052595,146.597952000
avx512_mul,3300,0x00,12,0.468428036,0.000458450,71.732543000,3.153861000,68.578682000,153.134606513,146.401745206
avx512_mul,3300,0x00,13,0.468430105,0.000464867,71.754577000,3.179863000,68.574714000,153.180968010,146.392627630
avx512_mul,3300,0x00,14,0.468184242,0.000475181,71.979674000,3.185416000,68.794258000,153.742197108,146.938431165
avx512_mul,3300,0x00,15,0.468252298,0.000446134,71.678283000,3.201957000,68.476326000,153.076201089,146.238099043
avx512_mul,3300,0x00,16,0.468264948,0.000465580,71.886657000,3.202506000,68.684151000,153.517057472,146.677967741
avx512_mul,3300,0x00,17,0.468347448,0.000445040,71.705078000,3.202995000,68.502083000,153.102313753,146.263384640
avx512_mul,3300,0x00,18,0.468375568,0.000428769,71.753112000,3.188529000,68.564583000,153.195676544,146.388043485
avx512_mul,3300,0x00,19,0.468460920,0.000653817,72.107543000,3.217338000,68.890205000,153.924350982,147.056461120
avx512_mul,3300,0x00,20,0.468359482,0.000418999,71.587158000,3.214103000,68.373055000,152.846607648,145.984137425
avx512_mul,3300,0x00,21,0.469445799,0.005632666,74.571464000,3.405203000,71.166261000,158.849997421,151.596331491
avx512_mul,3300,0x00,22,0.468446025,0.000352390,71.982909000,3.215568000,68.767341000,153.663186692,146.798856912
avx512_mul,3300,0x00,23,0.468393573,0.000498918,71.782898000,3.211784000,68.571114000,153.253379504,146.396359713
avx512_mul,3300,0x00,24,0.468403240,0.000448607,71.846434000,3.212944000,68.633490000,153.385860393,146.526505622
avx512_mul,3300,0x00,25,0.468408644,0.000475626,71.777160000,3.191764000,68.585396000,153.236198756,146.422140041
avx512_mul,3300,0x00,26,0.468397632,0.000487177,71.863952000,3.199516000,68.664436000,153.425096595,146.594327653
avx512_mul,3300,0x00,27,0.468418535,0.000531244,71.891601000,3.186088000,68.705513000,153.477276540,146.675479081
avx512_mul,3300,0x00,28,0.468389920,0.000422703,71.636535000,3.197135000,68.439400000,152.942093490,146.116295452
avx512_mul,3300,0x00,29,0.468427885,0.000455146,71.727538000,3.185173000,68.542365000,153.123971353,146.324263001
avx512_mul,3300,0x00,30,0.468404135,0.000482686,71.719970000,3.171195000,68.548775000,153.115578270,146.345366902
avx512_mul,3300,0x00,31,0.468387930,0.000529551,72.190001000,3.204582000,68.985419000,154.124383748,147.282657482
avx512_mul,3300,0x00,32,0.468473171,0.000380229,71.818847000,3.167838000,68.651009000,153.304076725,146.542028877
avx512_mul,3300,0x00,33,0.468394401,0.000779335,72.153319000,3.202018000,68.951301000,154.043939992,147.207782272
avx512_mul,3300,0x00,34,0.468409085,0.000483516,71.828979000,3.184013000,68.644966000,153.346681841,146.549177055
avx512_mul,3300,0x00,35,0.468526918,0.000876046,72.092772000,3.209403000,68.883369000,153.871142254,147.021155884
avx512_mul,3300,0x00,36,0.468379466,0.000461631,71.928221000,3.204582000,68.723639000,153.568262832,146.726412943
avx512_mul,3300,0x00,37,0.468394328,0.000467536,71.697387000,3.195671000,68.501716000,153.070570639,146.247962396
avx512_mul,3300,0x00,38,0.468374718,0.000428435,71.652954000,3.190970000,68.461984000,152.982112819,146.169255773
avx512_mul,3300,0x00,39,0.468415817,0.000450118,71.811706000,3.204582000,68.607124000,153.307602902,146.466283957
avx512_mul,3300,0x00,40,0.468155033,0.000469481,72.092650000,3.226860000,68.865790000,153.993110952,147.100394288
avx512_mul,3300,0x00,41,0.468211692,0.000439414,71.724914000,3.193657000,68.531257000,153.189070678,146.368102613
avx512_mul,3300,0x00,42,0.468480766,0.000630043,72.045226000,3.218437000,68.826789000,153.784810880,146.914866084
avx512_mul,3300,0x00,43,0.468168124,0.000395756,72.045104000,3.218314000,68.826790000,153.887247671,147.012977858
avx512_mul,3300,0x00,44,0.468312622,0.000543901,72.114806000,3.196159000,68.918647000,153.988602166,147.163761554
avx512_mul,3300,0x00,45,0.468325191,0.000443342,71.634094000,3.219718000,68.414376000,152.958020041,146.083057815
avx512_mul,3300,0x00,46,0.468311147,0.000459091,71.927001000,3.202507000,68.724494000,153.588060880,146.749643690
avx512_mul,3300,0x00,47,0.468344722,0.000441551,71.707397000,3.198600000,68.508797000,153.108156482,146.278571672
avx512_mul,3300,0x00,48,0.468342401,0.000461698,71.872313000,3.189689000,68.682624000,153.461042172,146.650450197
avx512_mul,3300,0x00,49,0.468414325,0.000483961,71.690612000,3.206046000,68.484566000,153.049572202,146.205106029
avx512_mul,3300,0x00,50,0.468476429,0.000717236,71.884338000,3.217033000,68.667305000,153.442806252,146.575794813
avx512_mul,3300,0x00,51,0.468417259,0.000359456,71.860411000,3.217338000,68.643073000,153.411108644,146.542578634
avx512_mul,3300,0x00,52,0.468379587,0.000569567,72.015562000,3.220206000,68.795356000,153.754698051,146.879492367
avx512_mul,3300,0x00,53,0.468376316,0.000432926,72.043761000,3.187675000,68.856086000,153.815977772,147.010178906
avx512_mul,3300,0x00,54,0.468400177,0.000447882,71.879882000,3.219352000,68.660530000,153.458272404,146.585192170
avx512_mul,3300,0x00,55,0.468377723,0.000453952,71.893676000,3.213920000,68.679756000,153.495079821,146.633267567
avx512_mul,3300,0x00,56,0.468397972,0.000446544,71.874816000,3.208549000,68.666267000,153.448179389,146.598130513
avx512_mul,3300,0x00,57,0.468763932,0.000289983,71.642090000,3.210929000,68.431161000,152.831916327,145.982138044
avx512_mul,3300,0x00,58,0.468276587,0.000495618,71.867248000,3.209831000,68.657417000,153.471794177,146.617231963
avx512_mul,3300,0x00,59,0.468387515,0.000812139,71.978026000,3.238639000,68.739387000,153.671956769,146.757513291
avx512_mul,3300,0x00,60,0.468253746,0.000356791,71.705627000,3.216911000,68.488716000,153.134123449,146.264106871
avx512_mul,3300,0x00,61,0.468499601,0.000892200,72.459287000,3.246757000,69.212530000,154.662430627,147.732313729
avx512_mul,3300,0x00,62,0.468423296,0.000393125,71.728820000,3.208732000,68.520088000,153.128208279,146.278139060
avx512_mul,3300,0x00,63,0.468431475,0.000505289,71.831665000,3.221244000,68.610421000,153.345086445,146.468426414
avx512_mul,3300,0x00,64,0.468362612,0.000442646,71.654541000,3.205314000,68.449227000,152.989455506,146.145796517
avx512_mul,3300,0x00,65,0.468427600,0.000448148,71.914184000,3.220634000,68.693550000,153.522516618,146.647101933
avx512_mul,3300,0x00,66,0.468409861,0.000470264,71.935607000,3.213859000,68.721748000,153.574066348,146.712855108
avx512_mul,3300,0x00,67,0.468456200,0.000477765,71.926940000,3.200492000,68.726448000,153.540373643,146.708375264
avx512_mul,3300,0x00,68,0.468835341,0.000041636,71.974608000,3.222099000,68.752509000,153.517880730,146.645320757
avx512_mul,3300,0x00,69,0.468414507,0.000493539,71.779540000,3.217948000,68.561592000,153.239361681,146.369489048
avx512_mul,3300,0x00,70,0.468418244,0.000521323,72.180724000,3.221977000,68.958747000,154.094604488,147.216185376
avx512_mul,3300,0x00,71,0.468453844,0.000399078,71.765502000,3.203544000,68.561958000,153.196527002,146.357979215
avx512_mul,3300,0x00,72,0.468025788,0.000357852,71.913817000,3.216301000,68.697516000,153.653535585,146.781476212
avx512_mul,3300,0x00,73,0.468171907,0.000415149,71.905639000,3.205436000,68.700203000,153.588111491,146.741404215
avx512_mul,3300,0x00,74,0.468252963,0.000467856,71.762268000,3.198112000,68.564156000,153.255342074,146.425461105
avx512_mul,3300,0x00,75,0.468656032,0.000351613,72.119322000,3.209343000,68.909979000,153.885402118,147.037430945
avx512_mul,3300,0x00,76,0.468320155,0.000464682,71.943236000,3.223868000,68.719368000,153.619773302,146.735875679
avx512_mul,3300,0x00,77,0.468401593,0.000423664,72.082823000,3.216788000,68.866035000,153.891071346,147.023485824
avx512_mul,3300,0x00,78,0.468520134,0.000656717,72.284971000,3.227652000,69.057319000,154.283595788,147.394559939
avx512_mul,3300,0x00,79,0.468440263,0.000391672,71.841186000,3.201347000,68.639839000,153.362534626,146.528478600
avx512_mul,3300,0x00,80,0.468068161,0.000386112,72.033446000,3.210014000,68.823432000,153.895205932,147.037200478
avx512_mul,3300,0x00,81,0.468273488,0.000451920,71.899047000,3.208183000,68.690864000,153.540716729,146.689628463
avx512_mul,3300,0x00,82,0.468340113,0.000477287,71.895568000,3.207878000,68.687690000,153.511446224,146.661983805
avx512_mul,3300,0x00,83,0.468532077,0.000383797,71.900085000,3.214042000,68.686043000,153.458191198,146.598379117
avx512_mul,3300,0x00,84,0.468224015,0.000466926,72.208799000,3.212638000,68.996161000,154.218486542,147.357159709
avx512_mul,3300,0x00,85,0.468236262,0.000427367,72.128112000,3.208488000,68.919624000,154.042131727,147.189847404
avx512_mul,3300,0x00,86,0.468412470,0.000483493,72.026305000,3.216483000,68.809822000,153.766839381,146.900064460
avx512_mul,3300,0x00,87,0.468477581,0.000629696,72.356443000,3.222465000,69.133978000,154.450171925,147.571582367
avx512_mul,3300,0x00,88,0.468169239,0.000415231,72.078611000,3.185905000,68.892706000,153.958451208,147.153422744
avx512_mul,3300,0x00,89,0.468349082,0.000490310,71.890930000,3.204398000,68.686532000,153.498603502,146.656702610
avx512_mul,3300,0x00,90,0.468386299,0.000445243,71.962706000,3.217582000,68.745124000,153.639647890,146.770142934
avx512_mul,3300,0x00,91,0.468385241,0.000472362,72.025695000,3.225212000,68.800483000,153.774476127,146.888665644
avx512_mul,3300,0x00,92,0.468381677,0.000444225,71.887573000,3.210197000,68.677376000,153.480754092,146.626948410
avx512_mul,3300,0x00,93,0.468403200,0.000487613,72.141722000,3.219169000,68.922553000,154.016287583,147.143642396
avx512_mul,3300,0x00,94,0.468329844,0.000426970,72.015563000,3.212578000,68.802985000,153.771031015,146.911382757
avx512_mul,3300,0x00,95,0.468521736,0.000688858,72.437193000,3.225273000,69.211920000,154.607966849,147.724032224
avx512_mul,3300,0x00,96,0.468377164,0.000431070,71.907103000,3.187064000,68.720039000,153.523930117,146.719448079
avx512_mul,3300,0x00,97,0.468445144,0.000489107,71.917541000,3.189262000,68.728279000,153.523933198,146.715746497
avx512_mul,3300,0x00,98,0.468400340,0.000453374,71.941345000,3.205497000,68.735848000,153.589438032,146.745939584
avx512_mul,3300,0x00,99,0.468441861,0.000497458,71.825988000,3.225395000,68.600593000,153.329567639,146.444198783
avx512_mul,3300,0xAA,0,0.468345536,0.000480899,71.609619000,3.204642000,68.404977000,152.899117261,146.056643585
avx512_mul,3300,0xAA,1,0.468411701,0.000443769,72.174437000,3.224540000,68.949897000,154.083335014,147.199348138
avx512_mul,3300,0xAA,2,0.468455753,0.000500867,71.823974000,3.219901000,68.604073000,153.320721378,146.447284605
avx512_mul,3300,0xAA,3,0.468383913,0.000464596,72.549009000,3.226676000,69.322333000,154.892187721,148.003232081
avx512_mul,3300,0xAA,4,0.468376561,0.000439552,71.816528000,3.196891000,68.619637000,153.330747076,146.505275294
avx512_mul,3300,0xAA,5,0.468392451,0.000455779,71.916076000,3.195305000,68.720771000,153.538076580,146.716222398
avx512_mul,3300,0xAA,6,0.468393241,0.000440762,71.902587000,3.204765000,68.697822000,153.509019157,146.666979777
avx512_mul,3300,0xAA,7,0.468412630,0.000474867,71.835083000,3.217826000,68.617257000,153.358552728,146.488913025
avx512_mul,3300,0xAA,8,0.468397385,0.000419855,72.009337000,3.205924000,68.803413000,153.735565959,146.891112711
avx512_mul,3300,0xAA,9,0.467961595,0.000247391,72.138670000,3.208426000,68.930244000,154.155107642,147.298933895
avx512_mul,3300,0xAA,10,0.468215250,0.000440835,71.778747000,3.209220000,68.569527000,153.302881504,146.448726285
avx512_mul,3300,0xAA,11,0.468377347,0.000985899,72.308104000,3.242606000,69.065498000,154.380019661,147.456956403
avx512_mul,3300,0xAA,12,0.468381290,0.000451474,71.755004000,3.190178000,68.564826000,153.197844478,146.386773948
avx512_mul,3300,0xAA,13,0.468405236,0.000457755,72.007079000,3.217765000,68.789314000,153.728168249,146.858550343
avx512_mul,3300,0xAA,14,0.468364125,0.000429625,71.790832000,3.201041000,68.589791000,153.279955004,146.445441365
avx512_mul,3300,0xAA,15,0.468520921,0.000428772,71.722228000,3.194389000,68.527839000,153.082231259,146.264202744
avx512_mul,3300,0xAA,16,0.468442399,0.000495377,71.954101000,3.194327000,68.759774000,153.602878777,146.783839748
avx512_mul,3300,0xAA,17,0.468395798,0.000420760,71.882079000,3.196586000,68.685493000,153.464397506,146.639857211
avx512_mul,3300,0xAA,18,0.468188546,0.000471315,72.098570000,3.198966000,68.899604000,153.994732700,147.162087974
avx512_mul,3300,0xAA,19,0.468379635,0.000454434,72.006469000,3.182975000,68.823494000,153.735268649,146.939552604
avx512_mul,3300,0xAA,20,0.468407055,0.000580809,72.567380000,3.199760000,69.367620000,154.923755377,148.092602929
avx512_mul,3300,0xAA,21,0.468365551,0.000423472,71.834838000,3.183220000,68.651618000,153.373444837,146.577001347
avx512_mul,3300,0xAA,22,0.468387505,0.000462756,72.082030000,3.178214000,68.903816000,153.894007010,147.108569813
avx512_mul,3300,0xAA,23,0.468414017,0.000469511,72.195922000,3.202629000,68.993293000,154.128440539,147.291264703
avx512_mul,3300,0xAA,24,0.468392396,0.000470848,71.899291000,3.214103000,68.685188000,153.502259387,146.640271382
avx512_mul,3300,0xAA,25,0.468424299,0.000416324,71.911254000,3.212699000,68.698555000,153.517343518,146.658820150
avx512_mul,3300,0xAA,26,0.467969109,0.000272460,72.147277000,3.210197000,68.937080000,154.171024519,147.311176428
avx512_mul,3300,0xAA,27,0.468148080,0.000437357,72.106505000,3.227347000,68.879158000,154.024993674,147.131134358
avx512_mul,3300,0xAA,28,0.468371546,0.000614126,72.767880000,3.237297000,69.530583000,155.363579784,148.451765798
avx512_mul,3300,0xAA,29,0.468363078,0.000431572,72.231749000,3.205130000,69.026619000,154.221697755,147.378438427
avx512_mul,3300,0xAA,30,0.468394345,0.000459581,72.352476000,3.197440000,69.155036000,154.469149351,147.642764627
avx512_mul,3300,0xAA,31,0.468417763,0.000475911,72.118956000,3.169303000,68.949653000,153.962897373,147.196922107
avx512_mul,3300,0xAA,32,0.468347236,0.000419188,71.975219000,3.187186000,68.788033000,153.679179678,146.874002330
avx512_mul,3300,0xAA,33,0.468372866,0.000520438,72.322324000,3.194023000,69.128301000,154.411856819,147.592454526
avx512_mul,3300,0xAA,34,0.468341403,0.000417846,71.862060000,3.196830000,68.665230000,153.439477235,146.613623314
avx512_mul,3300,0xAA,35,0.468429467,0.000464717,72.248045000,3.187492000,69.060553000,154.234628741,147.429992778
avx512_mul,3300,0xAA,36,0.468374983,0.000440609,71.958312000,3.176139000,68.782173000,153.633978401,146.852790003
avx512_mul,3300,0xAA,37,0.468184877,0.000459779,72.353880000,3.211357000,69.142523000,154.541258317,147.682094003
avx512_mul,3300,0xAA,38,0.468239990,0.000440833,72.189269000,3.213798000,68.975471000,154.171515800,147.307945688
avx512_mul,3300,0xAA,39,0.468334958,0.000469919,71.913512000,3.209770000,68.703742000,153.551450090,146.697872449
avx512_mul,3300,0xAA,40,0.468433394,0.000409789,72.158629000,3.172538000,68.986091000,154.042452949,147.269797449
avx512_mul,3300,0xAA,41,0.468356237,0.000514337,72.395750000,3.187919000,69.207831000,154.574113232,147.767501622
avx512_mul,3300,0xAA,42,0.468269848,0.000416747,72.461240000,3.186088000,69.275152000,154.742485137,147.938527946
avx512_mul,3300,0xAA,43,0.468355902,0.000458961,72.253233000,3.190177000,69.063056000,154.269931696,147.458494097
avx512_mul,3300,0xAA,44,0.468415310,0.000487935,72.109862000,3.187491000,68.922371000,153.944289169,147.139449684
avx512_mul,3300,0xAA,45,0.468393008,0.000489535,72.599606000,3.207816000,69.391790000,154.997202585,148.148646046
avx512_mul,3300,0xAA,46,0.468399915,0.000470426,72.371641000,3.205192000,69.166449000,154.508228247,147.665374745
avx512_mul,3300,0xAA,47,0.468374112,0.000451187,72.132628000,3.206962000,68.925666000,154.006436609,147.159427098
avx512_mul,3300,0xAA,48,0.468365162,0.000443580,72.160765000,3.199637000,68.961128000,154.069454595,147.237953744
avx512_mul,3300,0xAA,49,0.468836133,0.000033383,71.845458000,3.197440000,68.648018000,153.242152023,146.422199862
avx512_mul,3300,0xAA,50,0.468378943,0.000526946,72.222776000,3.210563000,69.012213000,154.197316335,147.342689223
avx512_mul,3300,0xAA,51,0.468762165,0.000177957,72.388303000,3.208915000,69.179388000,154.424372159,147.578864478
avx512_mul,3300,0xAA,52,0.468266499,0.000504144,72.178344000,3.217215000,68.961129000,154.139457335,147.268978646
avx512_mul,3300,0xAA,53,0.468374563,0.000418510,72.394834000,3.206962000,69.187872000,154.566109376,147.719106464
avx512_mul,3300,0xAA,54,0.468506411,0.000681002,72.548886000,3.243339000,69.305547000,154.851426237,147.928705606
avx512_mul,3300,0xAA,55,0.468447370,0.000442832,71.956908000,3.220024000,68.736884000,153.607240861,146.733418516
avx512_mul,3300,0xAA,56,0.468874214,0.002128033,73.228206000,3.290641000,69.937565000,156.178787087,149.160612695
avx512_mul,3300,0xAA,57,0.468084373,0.000337970,72.061339000,3.198173000,68.863166000,153.949465396,147.116994192
avx512_mul,3300,0xAA,58,0.468395504,0.000496042,72.244933000,3.213737000,69.031196000,154.239168347,147.378007272
avx512_mul,3300,0xAA,59,0.468325049,0.000440142,71.969909000,3.212761000,68.757148000,153.675121772,146.815012530
avx512_mul,3300,0xAA,60,0.468374989,0.000493770,72.223875000,3.208548000,69.015327000,154.200964531,147.350581658
avx512_mul,3300,0xAA,61,0.468311551,0.000426841,72.021544000,3.185112000,68.836432000,153.789809123,146.988541901
avx512_mul,3300,0xAA,62,0.468219098,0.000605972,72.633176000,3.217705000,69.415471000,155.126470383,148.254249631
avx512_mul,3300,0xAA,63,0.468315812,0.000454527,72.453733000,3.210135000,69.243598000,154.711267895,147.856630661
avx512_mul,3300,0xAA,64,0.468335309,0.000470058,71.947081000,3.216727000,68.730354000,153.623012474,146.754585219
avx512_mul,3300,0xAA,65,0.468326968,0.000432811,71.991942000,3.209526000,68.782416000,153.721538363,146.868364794
avx512_mul,3300,0xAA,66,0.468383733,0.000446087,71.675049000,3.200981000,68.474068000,153.026341284,146.192241862
avx512_mul,3300,0xAA,67,0.468367390,0.000453440,71.963744000,3.212699000,68.751045000,153.648066757,146.788710045
avx512_mul,3300,0xAA,68,0.468431615,0.000484401,71.935241000,3.211784000,68.723457000,153.566153014,146.709690085
avx512_mul,3300,0xAA,69,0.468439745,0.000536962,72.069945000,3.207328000,68.862617000,153.851046403,147.004214912
avx512_mul,3300,0xAA,70,0.468389536,0.000448032,71.900573000,3.204216000,68.696357000,153.505933504,146.665012108
avx512_mul,3300,0xAA,71,0.468522662,0.000733033,72.584348000,3.218924000,69.365424000,154.921744177,148.051374267
avx512_mul,3300,0xAA,72,0.468366405,0.000434573,71.995543000,3.203727000,68.791816000,153.716283454,146.876068253
avx512_mul,3300,0xAA,73,0.468392581,0.000456760,72.032957000,3.227531000,68.805426000,153.787570205,146.896916664
avx512_mul,3300,0xAA,74,0.468406762,0.000475026,72.107482000,3.195488000,68.911994000,153.942017718,147.119981271
avx512_mul,3300,0xAA,75,0.468441263,0.000503990,72.616087000,3.208855000,69.407232000,155.016418735,148.166349681
avx512_mul,3300,0xAA,76,0.468393524,0.000491193,72.099913000,3.211845000,68.888068000,153.930208942,147.073058200
avx512_mul,3300,0xAA,77,0.468434938,0.000532555,72.399351000,3.224113000,69.175238000,154.555830761,147.673096920
avx512_mul,3300,0xAA,78,0.468385904,0.000464136,72.303281000,3.218681000,69.084600000,154.366902020,147.495044925
avx512_mul,3300,0xAA,79,0.468450222,0.000689899,72.590452000,3.234000000,69.356452000,154.958731204,148.055116156
avx512_mul,3300,0xAA,80,0.468347175,0.000397542,73.082759000,3.216423000,69.866336000,156.043983706,149.176379567
avx512_mul,3300,0xAA,81,0.468418945,0.000449303,72.032287000,3.221611000,68.810676000,153.777484290,146.899856832
avx512_mul,3300,0xAA,82,0.468443544,0.000470556,72.215696000,3.221794000,68.993902000,154.160937659,147.283280702
avx512_mul,3300,0xAA,83,0.468425742,0.000477666,72.343015000,3.204704000,69.138311000,154.438598307,147.597163875
avx512_mul,3300,0xAA,84,0.467952412,0.000331290,72.534604000,3.214226000,69.320378000,155.004231404,148.135528699
avx512_mul,3300,0xAA,85,0.468006059,0.000312997,72.425596000,3.215262000,69.210334000,154.753543479,147.883414475
avx512_mul,3300,0xAA,86,0.468199451,0.000534405,72.156370000,3.214591000,68.941779000,154.114597780,147.248739658
avx512_mul,3300,0xAA,87,0.468304420,0.000382901,72.338682000,3.210075000,69.128607000,154.469355485,147.614679638
avx512_mul,3300,0xAA,88,0.468402373,0.000507613,72.920346000,3.219902000,69.700444000,155.678856881,148.804634663
avx512_mul,3300,0xAA,89,0.468329917,0.000418881,71.901672000,3.225394000,68.676278000,153.527821572,146.640809063
avx512_mul,3300,0xAA,90,0.468293413,0.000500021,72.897152000,3.215690000,69.681462000,155.665550519,148.798723209
avx512_mul,3300,0xAA,91,0.468260913,0.000438631,71.963622000,3.214835000,68.748787000,153.682743985,146.817265977
avx512_mul,3300,0xAA,92,0.468383953,0.000463031,72.283262000,3.194816000,69.088446000,154.324804418,147.503870488
avx512_mul,3300,0xAA,93,0.468412009,0.000487693,72.258909000,3.193351000,69.065558000,154.263570521,147.446172722
avx512_mul,3300,0xAA,94,0.468389823,0.000456335,72.646360000,3.201774000,69.444586000,155.098075315,148.262371709
avx512_mul,3300,0xAA,95,0.468396455,0.000475555,72.481809000,3.208122000,69.273687000,154.744572107,147.895412670
avx512_mul,3300,0xAA,96,0.468396877,0.000502298,72.615842000,3.224052000,69.391790000,155.030585431,148.147422539
avx512_mul,3300,0xAA,97,0.468375635,0.000405729,72.587399000,3.210319000,69.377080000,154.976889353,148.122734785
avx512_mul,3300,0xAA,98,0.468416142,0.000466291,72.235838000,3.214042000,69.021796000,154.212956269,147.351446358
avx512_mul,3300,0xAA,99,0.468116006,0.000418922,72.305967000,3.216605000,69.089362000,154.461642166,147.590257810
avx512_mul,3500,0x00,0,0.468180353,0.000404680,71.910948000,3.218009000,68.692939000,153.596680201,146.723241413
avx512_mul,3500,0x00,1,0.468376318,0.000863613,72.248473000,3.242484000,69.005989000,154.253044580,147.330226585
avx512_mul,3500,0x00,2,0.468364403,0.000441603,71.994200000,3.214104000,68.780096000,153.714073081,146.851672816
avx512_mul,3500,0x00,3,0.468414414,0.000456791,71.953734000,3.216239000,68.737495000,153.611271985,146.745046477
avx512_mul,3500,0x00,4,0.468418835,0.000422184,71.840697000,3.207817000,68.632880000,153.368506165,146.520325094
avx512_mul,3500,0x00,5,0.468423453,0.000465078,71.798095000,3.201164000,68.596931000,153.276046659,146.442136057
avx512_mul,3500,0x00,6,0.468421163,0.000562304,72.074095000,3.244681000,68.829414000,153.866009311,146.939163861
avx512_mul,3500,0x00,7,0.468356580,0.000415131,71.849365000,3.178947000,68.670418000,153.407399702,146.619949416
avx512_mul,3500,0x00,8,0.468446260,0.000526246,71.930480000,3.209464000,68.721016000,153.551188526,146.699892501
avx512_mul,3500,0x00,9,0.468420337,0.000461663,71.809021000,3.182853000,68.626168000,153.300391268,146.505526173
avx512_mul,3500,0x00,10,0.468445960,0.000504361,72.022826000,3.206351000,68.816475000,153.748419644,146.903764602
avx512_mul,3500,0x00,11,0.468413202,0.000405753,71.718872000,3.191520000,68.527352000,153.110270282,146.296798790
avx512_mul,3500,0x00,12,0.468031660,0.000366146,71.911131000,3.161064000,68.750067000,153.645868907,146.891915546
avx512_mul,3500,0x00,13,0.468168014,0.000412281,71.916503000,3.207450000,68.709053000,153.612593840,146.761527763
avx512_mul,3500,0x00,14,0.468279923,0.000533960,72.121702000,3.225761000,68.895941000,154.014081124,147.125549620
avx512_mul,3500,0x00,15,0.468272706,0.000435280,72.009460000,3.207389000,68.802071000,153.776760909,146.927356797
avx512_mul,3500,0x00,16,0.468336189,0.000526816,71.984984000,3.184501000,68.800483000,153.703654809,146.904050013
avx512_mul,3500,0x00,17,0.468277236,0.000417807,71.906249000,3.190361000,68.715888000,153.554867667,146.741892884
avx512_mul,3500,0x00,18,0.468501097,0.000923219,72.320738000,3.238273000,69.082465000,154.366208477,147.454222526
avx512_mul,3500,0x00,19,0.468354945,0.000449327,71.984373000,3.207023000,68.777350000,153.696195106,146.848775143
avx512_mul,3500,0x00,20,0.468400278,0.000469452,71.855102000,3.176322000,68.678780000,153.405336055,146.624123166
avx512_mul,3500,0x00,21,0.468128943,0.000402906,71.918089000,3.202201000,68.715888000,153.628802676,146.788377514
avx512_mul,3500,0x00,22,0.468220436,0.000431877,71.787536000,3.203544000,68.583992000,153.319954551,146.477997745
avx512_mul,3500,0x00,23,0.468349024,0.000623992,72.096129000,3.216972000,68.879157000,153.936755152,147.068005914
avx512_mul,3500,0x00,24,0.468376131,0.000435468,71.729797000,3.171928000,68.557869000,153.145714158,146.373533012
avx512_mul,3500,0x00,25,0.468382721,0.000440249,71.899046000,3.197441000,68.701605000,153.504907023,146.678350751
avx512_mul,3500,0x00,26,0.468388482,0.000483534,71.985045000,3.211357000,68.773688000,153.686624886,146.830442208
avx512_mul,3500,0x00,27,0.468487320,0.000892718,72.519651000,3.257865000,69.261786000,154.795333723,147.841324803
avx512_mul,3500,0x00,28,0.468336221,0.000412918,71.911742000,3.224418000,68.687324000,153.547256847,146.662421004
avx512_mul,3500,0x00,29,0.468414295,0.000479876,72.028624000,3.222526000,68.806098000,153.771191020,146.891541881
avx512_mul,3500,0x00,30,0.468362205,0.000422125,71.862731000,3.198722000,68.664009000,153.434094997,146.604504632
avx512_mul,3500,0x00,31,0.468216890,0.000543005,71.924620000,3.215629000,68.708991000,153.613894538,146.746075229
avx512_mul,3500,0x00,32,0.468297235,0.000423249,71.822326000,3.196708000,68.625618000,153.369101190,146.542864002
avx512_mul,3500,0x00,33,0.468321668,0.000444044,71.790038000,3.179985000,68.610053000,153.292155537,146.501982850
avx512_mul,3500,0x00,34,0.468335449,0.000425617,72.082152000,3.229117000,68.853035000,153.911372995,147.016492401
avx512_mul,3500,0x00,35,0.468432910,0.000951192,72.343076000,3.254203000,69.088873000,154.436365226,147.489366137
avx512_mul,3500,0x00,36,0.468304374,0.000419251,72.150023000,3.211784000,68.938239000,154.066515460,147.208189590
avx512_mul,3500,0x00,37,0.469195347,0.004439392,73.979914000,3.353569000,70.626345000,157.674014759,150.526524860
avx512_mul,3500,0x00,38,0.468350693,0.000404168,71.853942000,3.214653000,68.639289000,153.419100371,146.555327034
avx512_mul,3500,0x00,39,0.468348215,0.000462731,71.973204000,3.209586000,68.763618000,153.674555932,146.821565154
avx512_mul,3500,0x00,40,0.468417963,0.000584626,71.953307000,3.213798000,68.739509000,153.609196724,146.748234389
avx512_mul,3500,0x00,41,0.468380438,0.000445343,71.732910000,3.210319000,68.522591000,153.150952176,146.296867884
avx512_mul,3500,0x00,42,0.468385527,0.000480453,72.019713000,3.183342000,68.836371000,153.761610513,146.965196416
avx512_mul,3500,0x00,43,0.468346382,0.000408645,71.922179000,3.183891000,68.738288000,153.566210459,146.768056090
avx512_mul,3500,0x00,44,0.468531496,0.000930031,72.748898000,3.228508000,69.520390000,155.270026868,148.379331095
avx512_mul,3500,0x00,45,0.468407267,0.000378360,72.115294000,3.226188000,68.889106000,153.958529567,147.070959219
avx512_mul,3500,0x00,46,0.468429749,0.000477973,72.144591000,3.217094000,68.927497000,154.013683148,147.145857174
avx512_mul,3500,0x00,47,0.468420088,0.000462540,72.059386000,3.205985000,68.853401000,153.834961183,146.990709443
avx512_mul,3500,0x00,48,0.468466714,0.000648965,72.004393000,3.226859000,68.777534000,153.702260808,146.814132140
avx512_mul,3500,0x00,49,0.468541557,0.000393935,72.051085000,3.226127000,68.824958000,153.777362946,146.891896855
avx512_mul,3500,0x00,50,0.468392852,0.000515283,72.265135000,3.220695000,69.044440000,154.283172133,147.407117158
avx512_mul,3500,0x00,51,0.468377984,0.000441050,71.976195000,3.188651000,68.787544000,153.671174760,146.863316341
avx512_mul,3500,0x00,52,0.468513809,0.000682185,72.468321000,3.231498000,69.236823000,154.677022692,147.779684896
avx512_mul,3500,0x00,53,0.467980625,0.000268707,72.189207000,3.197319000,68.991888000,154.256828392,147.424667342
avx512_mul,3500,0x00,54,0.468197055,0.000452110,71.957580000,3.197929000,68.759651000,153.690800068,146.860494400
avx512_mul,3500,0x00,55,0.468275151,0.000447360,72.172789000,3.202262000,68.970527000,154.124746593,147.286326932
avx512_mul,3500,0x00,56,0.468403572,0.000413155,71.975462000,3.216300000,68.759162000,153.661215023,146.794700350
avx512_mul,3500,0x00,57,0.468433663,0.000496225,72.113279000,3.217399000,68.895880000,153.945552454,147.077132748
avx512_mul,3500,0x00,58,0.468763147,0.000183491,71.955993000,3.209892000,68.746101000,153.501813086,146.654235543
avx512_mul,3500,0x00,59,0.468355186,0.000508498,71.862731000,3.169364000,68.693367000,153.436394447,146.669384926
avx512_mul,3500,0x00,60,0.468790379,0.000113779,71.822631000,3.200553000,68.622078000,153.208415141,146.381156854
avx512_mul,3500,0x00,61,0.468437623,0.000494558,72.252500000,3.200065000,69.052435000,154.241453947,147.410096163
avx512_mul,3500,0x00,62,0.468359990,0.000427318,72.055968000,3.214287000,68.841681000,153.847402780,146.984547135
avx512_mul,3500,0x00,63,0.468369747,0.000444511,71.920653000,3.207145000,68.713508000,153.555291341,146.707827306
avx512_mul,3500,0x00,64,0.468343224,0.000433724,72.326597000,3.192924000,69.133673000,154.430753392,147.613266059
avx512_mul,3500,0x00,65,0.468371612,0.000446712,72.070189000,3.204765000,68.865424000,153.873947910,147.031592569
avx512_mul,3500,0x00,66,0.468356649,0.000437348,72.177672000,3.207206000,68.970466000,154.108353322,147.260567550
avx512_mul,3500,0x00,67,0.468409751,0.000517040,72.221312000,3.212700000,69.008612000,154.184049152,147.325310630
avx512_mul,3500,0x00,68,0.468316155,0.000422178,72.230711000,3.151969000,69.078742000,154.234933497,147.504503707
avx512_mul,3500,0x00,69,0.468422310,0.000449112,72.182615000,3.192192000,68.990423000,154.097303789,147.282530171
avx512_mul,3500,0x00,70,0.467875375,0.000022280,72.203246000,3.196220000,69.007026000,154.321534780,147.490185731
avx512_mul,3500,0x00,71,0.468145272,0.000454667,72.192015000,3.198112000,68.993903000,154.208574361,147.377122265
avx512_mul,3500,0x00,72,0.468109105,0.000385297,71.964416000,3.209709000,68.754707000,153.734279580,146.877525531
avx512_mul,3500,0x00,73,0.468103963,0.000383358,72.084776000,3.192924000,68.891852000,153.993090610,147.172118663
avx512_mul,3500,0x00,74,0.468254326,0.000463577,72.100402000,3.211966000,68.888436000,153.977012186,147.117564607
avx512_mul,3500,0x00,75,0.468325733,0.000449549,71.918456000,3.220146000,68.698310000,153.565031545,146.689163380
avx512_mul,3500,0x00,76,0.468851644,0.000426282,72.431639000,3.231620000,69.200019000,154.487330669,147.594702607
avx512_mul,3500,0x00,77,0.468385606,0.000450339,72.565244000,3.172721000,69.392523000,154.926289598,148.152552402
avx512_mul,3500,0x00,78,0.468510443,0.000692802,72.649289000,3.206596000,69.442693000,155.064396303,148.220160389
avx512_mul,3500,0x00,79,0.468384950,0.000419568,72.251219000,3.194083000,69.057136000,154.256064423,147.436709956
avx512_mul,3500,0x00,80,0.468453994,0.000497945,71.947325000,3.157951000,68.789374000,153.584612336,146.843393255
avx512_mul,3500,0x00,81,0.468410715,0.000423504,71.960204000,3.173698000,68.786506000,153.626297798,146.850837933
avx512_mul,3500,0x00,82,0.468135305,0.000535325,72.019163000,3.153007000,68.866156000,153.842622511,147.107375314
avx512_mul,3500,0x00,83,0.468394931,0.000421817,71.850524000,3.175407000,68.675117000,153.397313205,146.617976396
avx512_mul,3500,0x00,84,0.468415137,0.000464186,72.058715000,3.141654000,68.917061000,153.835154598,147.128168097
avx512_mul,3500,0x00,85,0.468359432,0.000415216,71.976195000,3.181815000,68.794380000,153.677261815,146.883729359
avx512_mul,3500,0x00,86,0.468318821,0.000788874,72.640317000,3.174125000,69.466192000,155.108686086,148.330984961
avx512_mul,3500,0x00,87,0.468259667,0.000405149,72.727292000,3.178520000,69.548772000,155.314021526,148.526078374
avx512_mul,3500,0x00,88,0.468455174,0.000439614,72.332273000,3.159843000,69.172430000,154.405964666,147.660723760
avx512_mul,3500,0x00,89,0.468294154,0.000465490,72.027831000,3.170890000,68.856941000,153.808947484,147.037797406
avx512_mul,3500,0x00,90,0.468373649,0.000431045,72.293638000,3.185234000,69.108404000,154.350352815,147.549726850
avx512_mul,3500,0x00,91,0.468413723,0.000540314,72.026365000,3.199943000,68.826422000,153.766556090,146.935110205
avx512_mul,3500,0x00,92,0.468698357,0.000229616,72.172667000,3.210807000,68.961860000,153.985321120,147.134844790
avx512_mul,3500,0x00,93,0.469537096,0.005813675,75.169974000,3.405997000,71.763977000,160.093791622,152.839845066
avx512_mul,3500,0x00,94,0.468563360,0.000246216,72.503415000,3.185600000,69.317815000,154.735562278,147.936908626
avx512_mul,3500,0x00,95,0.468314100,0.000467309,72.596066000,3.201591000,69.394475000,155.015759698,148.179341577
avx512_mul,3500,0x00,96,0.468315492,0.000414441,72.090330000,3.200431000,68.889899000,153.935394558,147.101473715
avx512_mul,3500,0x00,97,0.468198160,0.000465355,72.231871000,3.174736000,69.057135000,154.276281069,147.495528243
avx512_mul,3500,0x00,98,0.468191115,0.000404856,72.369932000,3.185050000,69.184882000,154.573484530,147.770600193
avx512_mul,3500,0x00,99,0.468267152,0.000462683,72.097411000,3.148857000,68.948554000,153.966407123,147.241918794
avx512_mul,3500,0xAA,0,0.468385561,0.000462031,72.093931000,3.213675000,68.880256000,153.920054467,147.058880104
avx512_mul,3500,0xAA,1,0.468376112,0.000411164,72.124144000,3.183036000,68.941108000,153.987665401,147.191768003
avx512_mul,3500,0xAA,2,0.468412278,0.000456882,72.331113000,3.195976000,69.135137000,154.417628225,147.594630301
avx512_mul,3500,0xAA,3,0.468165994,0.000429438,72.689634000,3.188163000,69.501471000,155.264660098,148.454761392
avx512_mul,3500,0xAA,4,0.468331362,0.000427595,72.505063000,3.166740000,69.338323000,154.815732833,148.053981949
avx512_mul,3500,0xAA,5,0.468372709,0.000442940,72.135252000,3.177116000,68.958136000,154.012500167,147.229192908
avx512_mul,3500,0xAA,6,0.468372802,0.000411046,72.490354000,3.188773000,69.301581000,154.770630839,147.962436623
avx512_mul,3500,0xAA,7,0.467894993,0.000101456,72.292356000,3.178398000,69.113958000,154.505513022,147.712540144
avx512_mul,3500,0xAA,8,0.468169843,0.000440351,72.648679000,3.169670000,69.479009000,155.175904791,148.405562688
avx512_mul,3500,0xAA,9,0.468338349,0.000487824,72.587827000,3.212699000,69.375128000,154.990141634,148.130359580
avx512_mul,3500,0xAA,10,0.468348145,0.000414017,72.543332000,3.195914000,69.347418000,154.891895809,148.068095955
avx512_mul,3500,0xAA,11,0.468557138,0.000981874,72.861935000,3.229362000,69.632573000,155.502774408,148.610633120
avx512_mul,3500,0xAA,12,0.468369043,0.000403463,72.528257000,3.191520000,69.336737000,154.852798546,148.038684654
avx512_mul,3500,0xAA,13,0.468429936,0.000484509,72.586240000,3.185722000,69.400518000,154.956450176,148.155599597
avx512_mul,3500,0xAA,14,0.468344917,0.000416683,72.591123000,3.195915000,69.395208000,154.995005624,148.171156606
avx512_mul,3500,0xAA,15,0.468373461,0.000447621,72.643491000,3.195975000,69.447516000,155.097367827,148.273806579
avx512_mul,3500,0xAA,16,0.468390350,0.000460416,72.339232000,3.190665000,69.148567000,154.442191066,147.630212560
avx512_mul,3500,0xAA,17,0.468372810,0.000461561,72.728756000,3.211784000,69.516972000,155.279628719,148.422304952
avx512_mul,3500,0xAA,18,0.468392191,0.000457251,72.459898000,3.192802000,69.267096000,154.699201635,147.882687481
avx512_mul,3500,0xAA,19,0.468412926,0.000463757,72.578672000,3.183219000,69.395453000,154.945920597,148.150166627
avx512_mul,3500,0xAA,20,0.468405108,0.000457511,73.064999000,3.167778000,69.897221000,155.986768129,149.223865794
avx512_mul,3500,0xAA,21,0.468408565,0.000466692,72.802853000,3.201652000,69.601201000,155.425964522,148.590794887
avx512_mul,3500,0xAA,22,0.468408693,0.000497727,72.742978000,3.198234000,69.544744000,155.298095773,148.470225047
avx512_mul,3500,0xAA,23,0.468330103,0.000422297,72.773556000,3.201713000,69.571843000,155.389447660,148.553002638
avx512_mul,3500,0xAA,24,0.468443679,0.000669801,72.742306000,3.212333000,69.529973000,155.285062715,148.427604397
avx512_mul,3500,0xAA,25,0.468059193,0.000332231,72.943234000,3.202323000,69.740911000,155.841899953,149.000194791
avx512_mul,3500,0xAA,26,0.468312192,0.000501547,73.217647000,3.183159000,70.034488000,156.343670552,149.546582931
avx512_mul,3500,0xAA,27,0.468325801,0.000401329,72.513242000,3.185417000,69.327825000,154.835035533,148.033324000
avx512_mul,3500,0xAA,28,0.468458029,0.001012611,73.330867000,3.196830000,70.134037000,156.536685096,149.712530528
avx512_mul,3500,0xAA,29,0.468337530,0.000421310,72.864437000,3.175285000,69.689152000,155.581033595,148.801126379
avx512_mul,3500,0xAA,30,0.468364938,0.000441993,73.064450000,3.190666000,69.873784000,155.998974517,149.186624270
avx512_mul,3500,0xAA,31,0.468399495,0.000469416,73.106319000,3.196037000,69.910282000,156.076852742,149.253538383
avx512_mul,3500,0xAA,32,0.468427656,0.000519197,72.963681000,3.204459000,69.759222000,155.762965752,148.922082307
avx512_mul,3500,0xAA,33,0.468390891,0.000431234,72.960568000,3.164726000,69.795842000,155.768545820,149.011954137
avx512_mul,3500,0xAA,34,0.468418699,0.000459894,73.084224000,3.192131000,69.892093000,156.023284701,149.208588772
avx512_mul,3500,0xAA,35,0.468366822,0.000470723,72.643551000,3.200980000,69.442571000,155.099694451,148.265350410
avx512_mul,3500,0xAA,36,0.467949308,0.000235718,72.873897000,3.162467000,69.711430000,155.730323334,148.972183195
avx512_mul,3500,0xAA,37,0.468375911,0.000883954,73.620905000,3.165824000,70.455081000,157.183371824,150.424219774
avx512_mul,3500,0xAA,38,0.468297750,0.000408113,72.316405000,3.192802000,69.123603000,154.423985442,147.606096616
avx512_mul,3500,0xAA,39,0.468378754,0.000449438,72.467526000,3.187614000,69.279912000,154.719925684,147.914292480
avx512_mul,3500,0xAA,40,0.468406036,0.000458968,72.461668000,3.152885000,69.308783000,154.698407798,147.967313926
avx512_mul,3500,0xAA,41,0.468418896,0.000524593,72.852596000,3.190605000,69.661991000,155.528729970,148.717294678
avx512_mul,3500,0xAA,42,0.468290149,0.000434033,72.566281000,3.162956000,69.403325000,154.960084396,148.205818890
avx512_mul,3500,0xAA,43,0.468340036,0.000522716,73.022702000,3.174552000,69.848150000,155.918128611,149.139822776
avx512_mul,3500,0xAA,44,0.468266658,0.000414262,72.662107000,3.180290000,69.481817000,155.172497747,148.380876044
avx512_mul,3500,0xAA,45,0.468410342,0.000445443,72.814816000,3.147758000,69.667058000,155.450914316,148.730827855
avx512_mul,3500,0xAA,46,0.468396044,0.000463705,72.626096000,3.107047000,69.519049000,155.052752692,148.419376859
avx512_mul,3500,0xAA,47,0.468419231,0.000483598,72.795407000,3.172172000,69.623235000,155.406529342,148.634450425
avx512_mul,3500,0xAA,48,0.468155910,0.000431590,72.732846000,3.175224000,69.557622000,155.360307175,148.577900008
avx512_mul,3500,0xAA,49,0.468232101,0.000564615,73.067623000,3.204399000,69.863224000,156.050007748,149.206395376
avx512_mul,3500,0xAA,50,0.468291383,0.000407107,72.459227000,3.195183000,69.264044000,154.731070529,147.908004557
avx512_mul,3500,0xAA,51,0.468365977,0.000513527,72.941708000,3.198966000,69.742742000,155.736564006,148.906507693
avx512_mul,3500,0xAA,52,0.468633529,0.000311032,72.636960000,3.207023000,69.429937000,154.997360421,148.154010978
avx512_mul,3500,0xAA,53,0.467947629,0.000245018,72.965451000,3.175040000,69.790411000,155.926532195,149.141499416
avx512_mul,3500,0xAA,54,0.468174605,0.000452770,73.143978000,3.184196000,69.959782000,156.232263104,149.430962972
avx512_mul,3500,0xAA,55,0.468192616,0.000408201,72.864377000,3.165458000,69.698919000,155.629060678,148.868044178
avx512_mul,3500,0xAA,56,0.468301944,0.000445361,72.759579000,3.197441000,69.562138000,155.368944946,148.541211175
avx512_mul,3500,0xAA,57,0.468289653,0.000420168,72.807614000,3.193168000,69.614446000,155.475598490,148.656810198
avx512_mul,3500,0xAA,58,0.468367711,0.000571010,72.642941000,3.159233000,69.483708000,155.098097782,148.352899667
avx512_mul,3500,0xAA,59,0.468314190,0.000421879,72.579526000,3.166557000,69.412969000,154.980411762,148.218803705
avx512_mul,3500,0xAA,60,0.468417379,0.000524944,72.829038000,3.148246000,69.680792000,155.478941048,148.757913726
avx512_mul,3500,0xAA,61,0.468332056,0.000411225,72.830868000,3.166679000,69.664189000,155.511174153,148.749563548
avx512_mul,3500,0xAA,62,0.467926482,0.000204999,73.113949000,3.184135000,69.929814000,156.250932099,149.446155877
avx512_mul,3500,0xAA,63,0.468068145,0.000370261,73.202754000,3.164665000,70.038089000,156.393368664,149.632248447
avx512_mul,3500,0xAA,64,0.468158013,0.000430392,73.033687000,3.163078000,69.870609000,156.002214885,149.245782421
avx512_mul,3500,0xAA,65,0.468312087,0.000439859,73.042904000,3.189017000,69.853887000,155.970571809,149.160973918
avx512_mul,3500,0xAA,66,0.468366165,0.000444708,73.137142000,3.186882000,69.950260000,156.153769111,149.349515863
avx512_mul,3500,0xAA,67,0.468608595,0.000394253,72.715939000,3.203605000,69.512334000,155.174147023,148.337727386
avx512_mul,3500,0xAA,68,0.468270883,0.000500596,72.817746000,3.188957000,69.628789000,155.503467530,148.693398577
avx512_mul,3500,0xAA,69,0.468270707,0.000410616,72.708432000,3.181022000,69.527410000,155.270083871,148.476957693
avx512_mul,3500,0xAA,70,0.468316190,0.000426920,72.989803000,3.184928000,69.804875000,155.855818112,149.055011168
avx512_mul,3500,0xAA,71,0.468382923,0.000484217,73.195919000,3.211845000,69.984074000,156.273671249,149.416365316
avx512_mul,3500,0xAA,72,0.468366106,0.000432351,72.758176000,3.164787000,69.593389000,155.344665366,148.587585894
avx512_mul,3500,0xAA,73,0.468412398,0.000476477,73.088558000,3.202263000,69.886295000,156.034636041,149.198217929
avx512_mul,3500,0xAA,74,0.468543551,0.000389146,73.256953000,3.209464000,70.047489000,156.350360244,149.500486859
avx512_mul,3500,0xAA,75,0.468439715,0.000685784,73.174373000,3.224052000,69.950321000,156.208730177,149.326196739
avx512_mul,3500,0xAA,76,0.468442921,0.000369050,73.049496000,3.188346000,69.861150000,155.941082023,149.134818430
avx512_mul,3500,0xAA,77,0.468450261,0.000504451,73.058285000,3.192313000,69.865972000,155.957400554,149.142775255
avx512_mul,3500,0xAA,78,0.468358759,0.000410837,72.253050000,3.199211000,69.053839000,154.268599978,147.437915294
avx512_mul,3500,0xAA,79,0.467939697,0.000198859,72.906918000,3.194145000,69.712773000,155.804088660,148.978112958
avx512_mul,3500,0xAA,80,0.468165816,0.000426700,73.110897000,3.216178000,69.894719000,156.164535100,149.294793888
avx512_mul,3500,0xAA,81,0.468169575,0.000423410,72.600461000,3.176566000,69.423895000,155.073001012,148.287925329
avx512_mul,3500,0xAA,82,0.468274455,0.000430281,72.806332000,3.200858000,69.605474000,155.477906707,148.642475120
avx512_mul,3500,0xAA,83,0.468416145,0.000613609,72.968624000,3.210319000,69.758305000,155.777346113,148.923784313
avx512_mul,3500,0xAA,84,0.468569018,0.000319951,72.747190000,3.198967000,69.548223000,155.253948214,148.426849368
avx512_mul,3500,0xAA,85,0.468267577,0.000469129,72.960751000,3.205009000,69.755742000,155.809957016,148.965560438
avx512_mul,3500,0xAA,86,0.468400019,0.000446439,72.839413000,3.204521000,69.634892000,155.506853166,148.665433719
avx512_mul,3500,0xAA,87,0.468387436,0.000432747,73.244014000,3.201347000,70.042667000,156.374847790,149.540020990
avx512_mul,3500,0xAA,88,0.468509462,0.001004706,73.795100000,3.245964000,70.549136000,157.510372926,150.582094488
avx512_mul,3500,0xAA,89,0.468385673,0.000463409,72.797726000,3.219474000,69.578252000,155.422614825,148.549061283
avx512_mul,3500,0xAA,90,0.468353165,0.000434473,73.259090000,3.178947000,70.080143000,156.418479620,149.630979850
avx512_mul,3500,0xAA,91,0.468348226,0.000429429,72.627866000,3.206779000,69.421087000,155.072362878,148.225365655
avx512_mul,3500,0xAA,92,0.468448483,0.000702704,73.089901000,3.245719000,69.844182000,156.025483240,149.096825949
avx512_mul,3500,0xAA,93,0.468344024,0.000433554,72.731137000,3.218742000,69.512395000,155.294256491,148.421654654
avx512_mul,3500,0xAA,94,0.468388019,0.000494649,72.662045000,3.222770000,69.439275000,155.132159775,148.251603763
avx512_mul,3500,0xAA,95,0.468337159,0.000419592,73.382563000,3.213920000,70.168643000,156.687466737,149.825060158
avx512_mul,3500,0xAA,96,0.468402888,0.000467518,72.857785000,3.209220000,69.648565000,155.545123499,148.693713986
avx512_mul,3500,0xAA,97,0.468348079,0.000417084,73.071529000,3.208549000,69.862980000,156.019704833,149.168926222
avx512_mul,3500,0xAA,98,0.468395323,0.000462754,73.141232000,3.195915000,69.945317000,156.152780420,149.329665748
avx512_mul,3500,0xAA,99,0.468351348,0.000407960,73.026912000,3.213981000,69.812931000,155.923351669,149.061022755
avx512_mul,3700,0x00,0,0.468380595,0.000748613,72.010436000,3.245231000,68.765205000,153.743423159,146.814803495
avx512_mul,3700,0x00,1,0.468304838,0.000399269,71.829711000,3.234916000,68.594795000,153.382380851,146.474666605
avx512_mul,3700,0x00,2,0.468347644,0.000438988,71.925964000,3.226432000,68.699532000,153.573878219,146.684910071
avx512_mul,3700,0x00,3,0.468300544,0.000425364,71.769958000,3.221489000,68.548469000,153.256191772,146.377085949
avx512_mul,3700,0x00,4,0.468295689,0.000433217,71.739562000,3.221122000,68.518440000,153.192872882,146.314479436
avx512_mul,3700,0x00,5,0.468300344,0.000420250,71.828734000,3.227348000,68.601386000,153.381766584,146.490146615
avx512_mul,3700,0x00,6,0.468445580,0.000497751,71.885620000,3.222465000,68.663155000,153.455648038,146.576588570
avx512_mul,3700,0x00,7,0.468162417,0.000414145,71.910277000,3.233207000,68.677070000,153.601131409,146.694966198
avx512_mul,3700,0x00,8,0.468317035,0.000563126,71.821533000,3.234245000,68.587288000,153.360923511,146.454821965
avx512_mul,3700,0x00,9,0.468286611,0.000399344,71.666565000,3.230522000,68.436043000,153.039961756,146.141361784
avx512_mul,3700,0x00,10,0.468334874,0.000470256,71.980956000,3.229240000,68.751716000,153.695486003,146.800334301
avx512_mul,3700,0x00,11,0.468287815,0.000428399,71.864318000,3.225516000,68.638802000,153.461857499,146.573965281
avx512_mul,3700,0x00,12,0.468319299,0.000433835,71.871215000,3.229911000,68.641304000,153.466267929,146.569454136
avx512_mul,3700,0x00,13,0.468227615,0.000444588,71.797424000,3.222221000,68.575203000,153.338721809,146.456981184
avx512_mul,3700,0x00,14,0.468382760,0.000456484,71.833374000,3.237907000,68.595467000,153.364683917,146.451733071
avx512_mul,3700,0x00,15,0.468220933,0.000437640,71.831725000,3.196159000,68.635566000,153.414168182,146.587991108
avx512_mul,3700,0x00,16,0.468284021,0.000424695,71.907164000,3.230521000,68.676643000,153.554596684,146.655960698
avx512_mul,3700,0x00,17,0.468273705,0.000429070,71.881957000,3.234916000,68.647041000,153.504149757,146.595976262
avx512_mul,3700,0x00,18,0.468273728,0.000405183,71.729980000,3.232231000,68.497749000,153.179594991,146.277155655
avx512_mul,3700,0x00,19,0.468319550,0.000471118,71.875487000,3.229179000,68.646308000,153.475307595,146.580060537
avx512_mul,3700,0x00,20,0.468306287,0.000421451,71.613830000,3.218924000,68.394906000,152.920923901,146.047379614
avx512_mul,3700,0x00,21,0.467996112,0.000327249,71.883910000,3.234733000,68.649177000,153.599374218,146.687494152
avx512_mul,3700,0x00,22,0.468001135,0.000296983,71.817077000,3.215995000,68.601082000,153.454920668,146.583153141
avx512_mul,3700,0x00,23,0.468199542,0.000492032,71.920958000,3.234306000,68.686652000,153.611764854,146.703799964
avx512_mul,3700,0x00,24,0.468222569,0.000395056,72.265807000,3.198478000,69.067329000,154.340716980,147.509610980
avx512_mul,3700,0x00,25,0.468344631,0.000607548,72.125426000,3.231803000,68.893623000,154.000753382,147.100272867
avx512_mul,3700,0x00,26,0.468288340,0.000419846,71.677612000,3.219901000,68.457711000,153.062986675,146.187092653
avx512_mul,3700,0x00,27,0.468331808,0.000430931,72.134764000,3.236381000,68.898383000,154.024908838,147.114464264
avx512_mul,3700,0x00,28,0.468159573,0.000421001,72.030333000,3.236747000,68.793586000,153.858507141,146.944738446
avx512_mul,3700,0x00,29,0.468201353,0.000427363,71.812377000,3.229667000,68.582710000,153.379259990,146.481229940
avx512_mul,3700,0x00,30,0.468193766,0.000401690,71.810485000,3.232047000,68.578438000,153.377704459,146.474479261
avx512_mul,3700,0x00,31,0.468264567,0.000475041,71.941405000,3.234184000,68.707221000,153.634099297,146.727354206
avx512_mul,3700,0x00,32,0.468275353,0.000419267,71.946898000,3.230155000,68.716743000,153.642290815,146.744308724
avx512_mul,3700,0x00,33,0.468273256,0.000412676,71.766357000,3.210746000,68.555611000,153.257432513,146.400867557
avx512_mul,3700,0x00,34,0.468303783,0.000445460,72.045043000,3.244437000,68.800606000,153.842539117,146.914478486
avx512_mul,3700,0x00,35,0.467878019,0.000022053,71.912597000,3.218803000,68.693794000,153.699456011,146.819878709
avx512_mul,3700,0x00,36,0.468204969,0.000425461,71.968748000,3.232902000,68.735846000,153.712055033,146.807168899
avx512_mul,3700,0x00,37,0.468230760,0.000406836,72.096251000,3.242240000,68.854011000,153.975896403,147.051447442
avx512_mul,3700,0x00,38,0.468275653,0.000443167,71.814209000,3.227530000,68.586679000,153.358835684,146.466463689
avx512_mul,3700,0x00,39,0.468314141,0.000446760,71.776489000,3.225517000,68.550972000,153.265687956,146.378180795
avx512_mul,3700,0x00,40,0.468357610,0.000519375,71.965636000,3.238090000,68.727546000,153.655314652,146.741601865
avx512_mul,3700,0x00,41,0.468633090,0.000309949,71.707825000,3.218010000,68.489815000,153.014856334,146.148055705
avx512_mul,3700,0x00,42,0.468808322,0.003928287,74.069757000,3.372184000,70.697573000,157.995823717,150.802726151
avx512_mul,3700,0x00,43,0.468131879,0.000311040,71.716248000,3.217460000,68.498788000,153.196676338,146.323698568
avx512_mul,3700,0x00,44,0.468286616,0.000450322,72.134276000,3.236320000,68.897956000,154.038731009,147.127749800
avx512_mul,3700,0x00,45,0.468301003,0.000420393,72.397154000,3.229911000,69.167243000,154.595342756,147.698259507
avx512_mul,3700,0x00,46,0.468186236,0.000447577,72.042235000,3.240653000,68.801582000,153.875166404,146.953448614
avx512_mul,3700,0x00,47,0.468141569,0.000380779,71.936705000,3.231803000,68.704902000,153.664425018,146.760951336
avx512_mul,3700,0x00,48,0.468230945,0.000492420,71.932006000,3.222404000,68.709602000,153.625057975,146.742975452
avx512_mul,3700,0x00,49,0.468238879,0.000415697,72.048094000,3.240654000,68.807440000,153.870379529,146.949437791
avx512_mul,3700,0x00,50,0.468252454,0.000411812,71.707153000,3.202079000,68.505074000,153.137805088,146.299444768
avx512_mul,3700,0x00,51,0.468282527,0.000430785,71.719298000,3.231621000,68.487677000,153.153905845,146.252898834
avx512_mul,3700,0x00,52,0.468288037,0.000407478,71.915343000,3.222404000,68.692939000,153.570745535,146.689502061
avx512_mul,3700,0x00,53,0.468296743,0.000436649,72.219542000,3.235282000,68.984260000,154.217476588,147.308861382
avx512_mul,3700,0x00,54,0.468280519,0.000410663,72.005187000,3.228691000,68.776496000,153.765070509,146.870290842
avx512_mul,3700,0x00,55,0.468303075,0.000430468,71.818908000,3.238334000,68.580574000,153.359889900,146.444850957
avx512_mul,3700,0x00,56,0.468303684,0.000417861,71.818420000,3.220573000,68.597847000,153.358648476,146.481544767
avx512_mul,3700,0x00,57,0.468364291,0.000521852,72.078490000,3.233452000,68.845038000,153.894076473,146.990364848
avx512_mul,3700,0x00,58,0.468291146,0.000411263,71.949156000,3.235343000,68.713813000,153.641931066,146.733103029
avx512_mul,3700,0x00,59,0.468365637,0.000459239,72.208617000,3.203361000,69.005256000,154.171466397,147.332021421
avx512_mul,3700,0x00,60,0.468307036,0.000430119,71.852965000,3.228203000,68.624762000,153.431316326,146.537969118
avx512_mul,3700,0x00,61,0.467900530,0.000100570,71.844116000,3.222343000,68.621773000,153.545703306,146.658891278
avx512_mul,3700,0x00,62,0.468071624,0.000372466,72.197997000,3.228507000,68.969490000,154.245618082,147.348154462
avx512_mul,3700,0x00,63,0.468105901,0.000391827,71.991454000,3.232719000,68.758735000,153.793092311,146.887135785
avx512_mul,3700,0x00,64,0.468103122,0.000371767,71.932738000,3.215446000,68.717292000,153.668571287,146.799473757
avx512_mul,3700,0x00,65,0.468159201,0.000429339,71.999450000,3.233024000,68.766426000,153.792662533,146.886840766
avx512_mul,3700,0x00,66,0.468248325,0.000415669,72.044981000,3.221915000,68.823066000,153.860627405,146.979844643
avx512_mul,3700,0x00,67,0.468240245,0.000413468,72.303526000,3.218681000,69.084845000,154.415445513,147.541450729
avx512_mul,3700,0x00,68,0.468291862,0.000445148,72.259824000,3.224540000,69.035284000,154.305103035,147.419354505
avx512_mul,3700,0x00,69,0.468297909,0.000440607,71.833312000,3.218193000,68.615119000,153.392339809,146.520233533
avx512_mul,3700,0x00,70,0.468307983,0.000442593,72.167601000,3.236442000,68.931159000,154.102862962,147.191936576
avx512_mul,3700,0x00,71,0.468356063,0.000413050,71.793640000,3.235221000,68.558419000,153.288588760,146.380978818
avx512_mul,3700,0x00,72,0.468055247,0.000383723,72.112242000,3.234978000,68.877264000,154.067799737,147.156269477
avx512_mul,3700,0x00,73,0.468145899,0.000394834,71.872252000,3.224480000,68.647772000,153.525326467,146.637559200
avx512_mul,3700,0x00,74,0.468203948,0.000496076,72.571409000,3.231925000,69.339484000,154.999566474,148.096751980
avx512_mul,3700,0x00,75,0.468269454,0.000397229,71.837706000,3.224601000,68.613105000,153.411044368,146.524836071
avx512_mul,3700,0x00,76,0.468333801,0.000468715,71.934081000,3.185661000,68.748420000,153.595749255,146.793632909
avx512_mul,3700,0x00,77,0.468321030,0.000420383,72.464109000,3.223259000,69.240850000,154.731699643,147.849115280
avx512_mul,3700,0x00,78,0.468354736,0.000472115,71.993346000,3.222892000,68.770454000,153.715422282,146.834116824
avx512_mul,3700,0x00,79,0.468317164,0.000452644,72.359068000,3.220085000,69.138983000,154.508682649,147.632818917
avx512_mul,3700,0x00,80,0.468297896,0.000430654,71.795409000,3.223136000,68.572273000,153.311406247,146.428744534
avx512_mul,3700,0x00,81,0.468292751,0.000427101,71.857483000,3.241996000,68.615487000,153.445644506,146.522633221
avx512_mul,3700,0x00,82,0.468317178,0.000416683,71.949339000,3.228020000,68.721319000,153.633781599,146.740974430
avx512_mul,3700,0x00,83,0.468284571,0.000443877,71.855224000,3.225150000,68.630074000,153.443500929,146.556342565
avx512_mul,3700,0x00,84,0.468276762,0.000406654,72.019652000,3.228630000,68.791022000,153.797193941,146.902489226
avx512_mul,3700,0x00,85,0.468305288,0.000446813,71.835814000,3.210502000,68.625312000,153.395265421,146.539690478
avx512_mul,3700,0x00,86,0.468235353,0.000423056,72.073119000,3.225334000,68.847785000,153.924983486,147.036708224
avx512_mul,3700,0x00,87,0.468251881,0.000429022,72.188109000,3.224540000,68.963569000,154.165123247,147.278786793
avx512_mul,3700,0x00,88,0.468269135,0.000410567,72.154539000,3.225395000,68.929144000,154.087753509,147.199844908
avx512_mul,3700,0x00,89,0.468264751,0.000466162,72.006651000,3.220268000,68.786383000,153.773374658,146.896350511
avx512_mul,3700,0x00,90,0.468242579,0.000403191,71.949767000,3.225395000,68.724372000,153.659171975,146.770872740
avx512_mul,3700,0x00,91,0.468278115,0.000483356,72.169310000,3.234245000,68.935065000,154.116341668,147.209666137
avx512_mul,3700,0x00,92,0.468262551,0.000399709,71.649719000,3.214714000,68.435005000,153.011849578,146.146653986
avx512_mul,3700,0x00,93,0.468285507,0.000428549,71.955992000,3.224724000,68.731268000,153.658379287,146.772144386
avx512_mul,3700,0x00,94,0.468278651,0.000427142,71.870300000,3.219291000,68.651009000,153.477635299,146.602901646
avx512_mul,3700,0x00,95,0.467893577,0.000102433,72.386961000,3.221794000,69.165167000,154.708174162,147.822433134
avx512_mul,3700,0x00,96,0.468312405,0.000442906,72.284299000,3.230277000,69.054022000,154.350596254,147.452899411
avx512_mul,3700,0x00,97,0.468287708,0.000414583,71.794616000,3.218620000,68.575996000,153.313048229,146.439880424
avx512_mul,3700,0x00,98,0.468262207,0.000392095,72.164610000,3.217521000,68.947089000,154.111540402,147.240345261
avx512_mul,3700,0x00,99,0.468308802,0.000438097,72.202757000,3.195365000,69.007392000,154.177663867,147.354463045
avx512_mul,3700,0xAA,0,0.468140725,0.000389153,71.776122000,3.218254000,68.557868000,153.321679144,146.447135167
avx512_mul,3700,0xAA,1,0.468467886,0.000600362,72.355772000,3.248649000,69.107123000,154.451936114,147.517311357
avx512_mul,3700,0xAA,2,0.468181401,0.000430960,72.168150000,3.206901000,68.961249000,154.145700496,147.296002935
avx512_mul,3700,0xAA,3,0.468272641,0.000437427,72.235106000,3.222465000,69.012641000,154.258651176,147.377051191
avx512_mul,3700,0xAA,4,0.468255331,0.000410106,72.443906000,3.219352000,69.224554000,154.710264401,147.835058099
avx512_mul,3700,0xAA,5,0.468280337,0.000428509,72.360044000,3.222709000,69.137335000,154.522917860,147.640909910
avx512_mul,3700,0xAA,6,0.468303893,0.000408989,72.023864000,3.220084000,68.803780000,153.797277840,146.921221403
avx512_mul,3700,0xAA,7,0.468357601,0.000543622,72.502011000,3.224419000,69.277592000,154.800543077,147.916019387
avx512_mul,3700,0xAA,8,0.468279545,0.000416160,71.833617000,3.216179000,68.617438000,153.399006593,146.530931669
avx512_mul,3700,0xAA,9,0.468311259,0.000433509,72.114745000,3.215873000,68.898872000,153.988919853,147.121963454
avx512_mul,3700,0xAA,10,0.468334064,0.000452855,72.070678000,3.234489000,68.836189000,153.887328703,146.980957267
avx512_mul,3700,0xAA,11,0.468463727,0.000411066,72.233885000,3.202933000,69.030952000,154.193122962,147.356023699
avx512_mul,3700,0xAA,12,0.468112581,0.000421042,72.686765000,3.228385000,69.458380000,155.276247437,148.379647924
avx512_mul,3700,0xAA,13,0.468253896,0.000429063,72.026610000,3.233268000,68.793342000,153.819563735,146.914617449
avx512_mul,3700,0xAA,14,0.468276429,0.000426169,72.359373000,3.229179000,69.130194000,154.522774292,147.626892293
avx512_mul,3700,0xAA,15,0.468292231,0.000426703,71.742553000,3.209892000,68.532661000,153.200391197,146.345927708
avx512_mul,3700,0xAA,16,0.468365285,0.000508498,72.511228000,3.236259000,69.274969000,154.817682468,147.907992313
avx512_mul,3700,0xAA,17,0.468120036,0.000390975,72.183592000,3.212821000,68.970771000,154.198894323,147.335652523
avx512_mul,3700,0xAA,18,0.468270484,0.000439112,72.143004000,3.222648000,68.920356000,154.062676306,147.180653821
avx512_mul,3700,0xAA,19,0.468264446,0.000426085,72.252623000,3.232658000,69.019965000,154.298759092,147.395271063
avx512_mul,3700,0xAA,20,0.468144121,0.000437549,72.401243000,3.225822000,69.175421000,154.655884366,147.765224296
avx512_mul,3700,0xAA,21,0.468150820,0.000392461,72.419492000,3.216605000,69.202887000,154.692652394,147.821779023
avx512_mul,3700,0xAA,22,0.468278715,0.000437849,72.740598000,3.234123000,69.506475000,155.336118493,148.429712341
avx512_mul,3700,0xAA,23,0.468266121,0.000411537,72.467588000,3.213737000,69.253851000,154.757273233,147.894216399
avx512_mul,3700,0xAA,24,0.468338203,0.000521824,72.696652000,3.226249000,69.470403000,155.222553965,148.333837693
avx512_mul,3700,0xAA,25,0.468311338,0.000453761,72.114073000,3.220512000,68.893561000,153.987458969,147.110597923
avx512_mul,3700,0xAA,26,0.468316277,0.000458496,72.213438000,3.224113000,68.989325000,154.198010100,147.313532326
avx512_mul,3700,0xAA,27,0.468275151,0.000408308,72.168943000,3.228630000,68.940313000,154.116533414,147.221804981
avx512_mul,3700,0xAA,28,0.468325383,0.000461427,72.192991000,3.189201000,69.003790000,154.151352062,147.341554610
avx512_mul,3700,0xAA,29,0.468342556,0.000458822,73.097591000,3.226859000,69.870732000,156.077191914,149.187237204
avx512_mul,3700,0xAA,30,0.468283985,0.000425106,72.144774000,3.219352000,68.925422000,154.062014396,147.187228786
avx512_mul,3700,0xAA,31,0.468135158,0.000432586,72.475400000,3.228508000,69.246892000,154.817254816,147.920725156
avx512_mul,3700,0xAA,32,0.468175676,0.000403843,72.478330000,3.225577000,69.252753000,154.810114330,147.920442008
avx512_mul,3700,0xAA,33,0.469282225,0.005569127,75.122733000,3.433035000,71.689698000,160.080073362,152.764571480
avx512_mul,3700,0xAA,34,0.468311613,0.000323899,72.417357000,3.221855000,69.195502000,154.634980121,147.755255363
avx512_mul,3700,0xAA,35,0.468300092,0.000458638,71.992552000,3.217948000,68.774604000,153.731663064,146.860111994
avx512_mul,3700,0xAA,36,0.468262919,0.000425007,72.016234000,3.223380000,68.792854000,153.794441198,146.910744310
avx512_mul,3700,0xAA,37,0.468313369,0.000439732,72.478697000,3.210746000,69.267951000,154.765381077,147.909403406
avx512_mul,3700,0xAA,38,0.468279792,0.000411257,72.221251000,3.220512000,69.000739000,154.226708502,147.349384188
avx512_mul,3700,0xAA,39,0.468304177,0.000444211,72.277708000,3.229056000,69.048652000,154.339234221,147.444023456
avx512_mul,3700,0xAA,40,0.468295919,0.000406933,71.949767000,3.210686000,68.739081000,153.641669836,146.785564821
avx512_mul,3700,0xAA,41,0.468307445,0.000475239,72.652768000,3.228264000,69.424504000,155.139041132,148.245569689
avx512_mul,3700,0xAA,42,0.468356771,0.000409317,72.426572000,3.225151000,69.201421000,154.639745835,147.753647030
avx512_mul,3700,0xAA,43,0.468225237,0.000456137,72.503660000,3.233757000,69.269903000,154.847825905,147.941412616
avx512_mul,3700,0xAA,44,0.468225543,0.000441848,72.451169000,3.234733000,69.216436000,154.735618478,147.827125237
avx512_mul,3700,0xAA,45,0.467876058,0.000022258,72.732480000,3.218315000,69.514165000,155.452451101,148.573887973
avx512_mul,3700,0xAA,46,0.468145586,0.000447895,72.747128000,3.207816000,69.539312000,155.394241018,148.542064906
avx512_mul,3700,0xAA,47,0.468306429,0.000426352,72.160643000,3.225516000,68.935127000,154.088516676,147.200898228
avx512_mul,3700,0xAA,48,0.468325241,0.000463586,72.333921000,3.223991000,69.109930000,154.452322057,147.568236564
avx512_mul,3700,0xAA,49,0.468304544,0.000438924,72.445738000,3.228691000,69.217047000,154.697918019,147.803492075
avx512_mul,3700,0xAA,50,0.468300110,0.000458334,72.481504000,3.221427000,69.260077000,154.775756821,147.896777020
avx512_mul,3700,0xAA,51,0.468290925,0.000403805,72.200010000,3.224479000,68.975531000,154.177683503,147.292051455
avx512_mul,3700,0xAA,52,0.468461894,0.000703160,72.239988000,3.224906000,69.015082000,154.206754042,147.322723464
avx512_mul,3700,0xAA,53,0.468264880,0.000409944,72.423459000,3.221793000,69.201666000,154.663443786,147.783164834
avx512_mul,3700,0xAA,54,0.468319163,0.000440225,72.642453000,3.198600000,69.443853000,155.113133794,148.283176252
avx512_mul,3700,0xAA,55,0.468304681,0.000408588,72.496763000,3.229301000,69.267462000,154.806829572,147.911103075
avx512_mul,3700,0xAA,56,0.468327269,0.000474382,72.729001000,3.238944000,69.490057000,155.295251497,148.379267279
avx512_mul,3700,0xAA,57,0.468273377,0.000407433,72.478879000,3.224845000,69.254034000,154.778987005,147.892315340
avx512_mul,3700,0xAA,58,0.468322471,0.000457582,72.202147000,3.222709000,68.979438000,154.171861091,147.290472311
avx512_mul,3700,0xAA,59,0.468277003,0.000414193,72.291197000,3.225333000,69.065864000,154.376995795,147.489335337
avx512_mul,3700,0xAA,60,0.468304944,0.000432326,72.321958000,3.227409000,69.094549000,154.433471190,147.541788655
avx512_mul,3700,0xAA,61,0.468189383,0.000327756,73.281306000,3.216484000,70.064822000,156.520648729,149.650599739
avx512_mul,3700,0xAA,62,0.467887337,0.000019811,72.307799000,3.221000000,69.086799000,154.541047121,147.656911251
avx512_mul,3700,0xAA,63,0.468232578,0.000436322,73.362666000,3.214287000,70.148379000,156.679969486,149.815246371
avx512_mul,3700,0xAA,64,0.468200845,0.000402463,73.018673000,3.232657000,69.786016000,155.955876218,149.051452538
avx512_mul,3700,0xAA,65,0.468210573,0.000429698,72.680234000,3.239066000,69.441168000,155.229800939,148.311832425
avx512_mul,3700,0xAA,66,0.468333226,0.000452357,72.748044000,3.223808000,69.524236000,155.333937308,148.450359933
avx512_mul,3700,0xAA,67,0.468362593,0.000474294,72.391233000,3.229545000,69.161688000,154.562371413,147.666976583
avx512_mul,3700,0xAA,68,0.468337032,0.000469781,72.337522000,3.232902000,69.104620000,154.456122554,147.553183474
avx512_mul,3700,0xAA,69,0.468306936,0.000440788,72.352293000,3.237479000,69.114814000,154.497589863,147.584433666
avx512_mul,3700,0xAA,70,0.468295200,0.000424970,72.115111000,3.222098000,68.893013000,153.994982154,147.114497369
avx512_mul,3700,0xAA,71,0.468219522,0.000461956,72.732785000,3.225883000,69.506902000,155.339069839,148.449389145
avx512_mul,3700,0xAA,72,0.468272293,0.000410304,72.512693000,3.194755000,69.317938000,154.851555614,148.029125484
avx512_mul,3700,0xAA,73,0.468330846,0.000463685,72.752743000,3.230155000,69.522588000,155.344760332,148.447595584
avx512_mul,3700,0xAA,74,0.468320581,0.000409952,72.881711000,3.226554000,69.655157000,155.623549139,148.733922399
avx512_mul,3700,0xAA,75,0.468381494,0.000526024,72.774655000,3.241874000,69.532781000,155.374744422,148.453305300
avx512_mul,3700,0xAA,76,0.468287413,0.000411823,72.761533000,3.238029000,69.523504000,155.377938958,148.463320044
avx512_mul,3700,0xAA,77,0.468336162,0.000470997,72.457212000,3.233573000,69.223639000,154.711973888,147.807589249
avx512_mul,3700,0xAA,78,0.468280830,0.000423988,72.654843000,3.236503000,69.418340000,155.152289647,148.240832266
avx512_mul,3700,0xAA,79,0.468297920,0.000438119,72.447690000,3.227042000,69.220648000,154.704274578,147.813272372
avx512_mul,3700,0xAA,80,0.468366238,0.000438339,73.033017000,3.223686000,69.809331000,155.931429574,149.048597848
avx512_mul,3700,0xAA,81,0.468072237,0.000372055,72.057738000,3.227714000,68.830024000,153.945763729,147.050003321
avx512_mul,3700,0xAA,82,0.468158659,0.000418865,72.334349000,3.222098000,69.112251000,154.508194362,147.625702836
avx512_mul,3700,0xAA,83,0.468175877,0.000395935,72.372129000,3.228507000,69.143622000,154.583207959,147.687280261
avx512_mul,3700,0xAA,84,0.468323120,0.000513796,72.469175000,3.237968000,69.231207000,154.741826493,147.827865041
avx512_mul,3700,0xAA,85,0.468300840,0.000447902,72.604001000,3.230217000,69.373784000,155.037093368,148.139354294
avx512_mul,3700,0xAA,86,0.468273273,0.000430446,72.531247000,3.223564000,69.307683000,154.890853764,148.006916140
avx512_mul,3700,0xAA,87,0.468259755,0.000408483,72.405393000,3.228630000,69.176763000,154.626555475,147.731600347
avx512_mul,3700,0xAA,88,0.468293689,0.000439392,72.667417000,3.236503000,69.430914000,155.174879974,148.263612376
avx512_mul,3700,0xAA,89,0.468292997,0.000447143,72.851742000,3.223502000,69.628240000,155.568719679,148.685204402
avx512_mul,3700,0xAA,90,0.468256035,0.000425505,72.439573000,3.219108000,69.220465000,154.700778341,147.826103456
avx512_mul,3700,0xAA,91,0.468283784,0.000411458,72.398008000,3.231193000,69.166815000,154.602850775,147.702776270
avx512_mul,3700,0xAA,92,0.468353736,0.000492835,72.551511000,3.235099000,69.316412000,154.907509826,148.000126048
avx512_mul,3700,0xAA,93,0.468280605,0.000410135,72.415403000,3.234061000,69.181342000,154.641046794,147.734800916
avx512_mul,3700,0xAA,94,0.468293092,0.000414722,72.077819000,3.223808000,68.854011000,153.916041596,147.031874274
avx512_mul,3700,0xAA,95,0.468332357,0.000463623,72.385496000,3.228813000,69.156683000,154.560100064,147.665823062
avx512_mul,3700,0xAA,96,0.468294912,0.000415166,73.017452000,3.220450000,69.797002000,155.921941603,149.044971741
avx512_mul,3700,0xAA,97,0.468303197,0.000440572,73.086116000,3.237236000,69.848880000,156.065806076,149.153113577
avx512_mul,3700,0xAA,98,0.468421101,0.000407531,72.778561000,3.204520000,69.574041000,155.369945737,148.528836327
avx512_mul,3700,0xAA,99,0.468266824,0.000459810,72.449644000,3.224113000,69.225531000,154.718720948,147.833516108
