kernel,freq_mhz,operand,trial,mean_time_s,std_time_s,pkg_J,dram_J,cores_J,pkg_W,cores_W
avx2_fma,800,0x00,0,1.757138438,0.002054435,169.100641000,12.105071000,156.995570000,96.236379169,89.347297048
avx2_fma,800,0x00,1,1.756750244,0.001009334,168.539729000,12.110443000,156.429286000,95.938355253,89.044692912
avx2_fma,800,0x00,2,1.756564353,0.000998577,168.802913000,12.144683000,156.658230000,96.098336901,89.184452432
avx2_fma,800,0x00,3,1.769110649,0.065316814,197.760846000,14.504662000,183.256184000,111.785459056,103.586615185
avx2_fma,800,0x00,4,1.756493532,0.001062621,168.216489000,12.116302000,156.100187000,95.768350930,88.870345457
avx2_fma,800,0x00,5,1.756537674,0.000880777,168.489864000,12.105193000,156.384671000,95.921577144,89.030069390
avx2_fma,800,0x00,6,1.756516690,0.000861544,168.135617000,12.074676000,156.060941000,95.721047180,88.846830689
avx2_fma,800,0x00,7,1.756313737,0.000814494,168.600032000,12.130095000,156.469937000,95.996534379,89.089969369
avx2_fma,800,0x00,8,1.756385432,0.000833122,168.476985000,12.130645000,156.346340000,95.922558855,89.015962628
avx2_fma,800,0x00,9,1.771411607,0.077648163,203.303618000,14.964256000,188.339362000,114.769270592,106.321625818
avx2_fma,800,0x00,10,1.760631845,0.019437625,176.992955000,12.802701000,164.190254000,100.528089106,93.256437717
avx2_fma,800,0x00,11,1.756544298,0.001065342,168.179684000,12.050446000,156.129238000,95.744630058,88.884315739
avx2_fma,800,0x00,12,1.756381219,0.000817866,168.361691000,12.084564000,156.277127000,95.857146012,88.976769550
avx2_fma,800,0x00,13,1.766308529,0.051697363,191.676756000,13.963404000,177.713352000,108.518275767,100.612859599
avx2_fma,800,0x00,14,1.756521374,0.000866601,168.310116000,12.063385000,156.246731000,95.820135473,88.952365356
avx2_fma,800,0x00,15,1.756742793,0.001101040,168.841304000,12.138031000,156.703273000,96.110429291,89.201033649
avx2_fma,800,0x00,16,1.779191267,0.083936834,202.341035000,14.919273000,187.421762000,113.726409751,105.340985834
avx2_fma,800,0x00,17,1.756554916,0.000963614,168.628108000,12.151642000,156.476466000,95.999337368,89.081454022
avx2_fma,800,0x00,18,1.756435640,0.000863166,168.922603000,12.152496000,156.770107000,96.173522746,89.254683410
avx2_fma,800,0x00,19,1.756423146,0.000717988,168.438046000,12.137908000,156.300138000,95.898329722,88.987746685
avx2_fma,800,0x00,20,1.757120592,0.002097793,169.191583000,12.190764000,157.000819000,96.289112882,89.351191798
avx2_fma,800,0x00,21,1.756671040,0.001043331,168.354489000,12.140716000,156.213773000,95.837231428,88.926025104
avx2_fma,800,0x00,22,1.770117537,0.070900108,200.628576000,14.761742000,185.866834000,113.341951461,105.002538011
avx2_fma,800,0x00,23,1.756360188,0.000754842,168.366818000,12.101532000,156.265286000,95.861212958,88.971093219
avx2_fma,800,0x00,24,1.756535259,0.000830088,168.389401000,12.072723000,156.316678000,95.864515199,88.991483223
avx2_fma,800,0x00,25,1.756601698,0.000747511,168.641781000,12.061310000,156.580471000,96.004564471,89.138289657
avx2_fma,800,0x00,26,1.756785371,0.001001793,168.468746000,12.082001000,156.386745000,95.896031928,89.018697222
avx2_fma,800,0x00,27,1.756770241,0.000958246,168.599116000,12.062713000,156.536403000,95.971067858,89.104653162
avx2_fma,800,0x00,28,1.769473456,0.067007025,198.626262000,14.549402000,184.076860000,112.251620005,104.029172841
avx2_fma,800,0x00,29,1.759072271,0.013027666,174.261578000,12.528716000,161.732862000,99.064478990,91.942136032
avx2_fma,800,0x00,30,1.757446169,0.002999215,169.493828000,12.163848000,157.329980000,96.443254440,89.521934050
avx2_fma,800,0x00,31,1.757055112,0.000969757,168.954767000,12.112884000,156.841883000,96.157921217,89.264065743
avx2_fma,800,0x00,32,1.756596990,0.000844355,168.773311000,12.079010000,156.694301000,96.079699533,89.203330014
avx2_fma,800,0x00,33,1.756645554,0.000935988,168.631099000,12.078033000,156.553066000,95.996086777,89.120463533
avx2_fma,800,0x00,34,1.756610946,0.000854188,168.830500000,12.089569000,156.740931000,96.111492624,89.229166730
avx2_fma,800,0x00,35,1.756501886,0.000710172,168.487727000,12.056183000,156.431544000,95.922314878,89.058568761
avx2_fma,800,0x00,36,1.765429804,0.046548774,189.393436000,13.755519000,175.637917000,107.278938855,99.487341042
avx2_fma,800,0x00,37,1.756479623,0.000996013,168.413265000,12.059173000,156.354092000,95.881137953,89.015602569
avx2_fma,800,0x00,38,1.756549804,0.000907297,168.581844000,12.085906000,156.495938000,95.973278741,89.092798626
avx2_fma,800,0x00,39,1.756584878,0.000825040,168.454952000,12.105194000,156.349758000,95.899124539,89.007801410
avx2_fma,800,0x00,40,1.757145597,0.001956750,169.061457000,12.096587000,156.964870000,96.213687271,89.329461503
avx2_fma,800,0x00,41,1.756690443,0.000814837,168.469296000,12.047699000,156.421597000,95.901527032,89.043347181
avx2_fma,800,0x00,42,1.765850496,0.047857356,189.742984000,13.806239000,175.936745000,107.451329791,99.632865526
avx2_fma,800,0x00,43,1.756495284,0.000826924,168.538142000,12.085357000,156.452785000,95.951377434,89.070996309
avx2_fma,800,0x00,44,1.756713289,0.001021571,168.437801000,11.993744000,156.444057000,95.882351462,89.054974408
avx2_fma,800,0x00,45,1.756639111,0.000924784,168.679439000,12.030303000,156.649136000,96.023957333,89.175480075
avx2_fma,800,0x00,46,1.756535595,0.001004139,168.437130000,12.054229000,156.382901000,95.891669055,89.029167076
avx2_fma,800,0x00,47,1.756515155,0.000997303,168.479183000,12.086822000,156.392361000,95.916726108,89.035588779
avx2_fma,800,0x00,48,1.756611328,0.001145237,168.365108000,12.104461000,156.260647000,95.846534370,88.955732285
avx2_fma,800,0x00,49,1.756610626,0.001068611,168.530696000,12.095672000,156.435024000,95.940838307,89.055036853
avx2_fma,800,0x00,50,1.756995752,0.001857381,168.843013000,12.142119000,156.700894000,96.097564741,89.186837161
avx2_fma,800,0x00,51,1.756572779,0.000962002,168.563350000,12.052947000,156.510403000,95.961495047,89.099868164
avx2_fma,800,0x00,52,1.756455967,0.000968049,168.413571000,12.081024000,156.332547000,95.882603492,89.004535251
avx2_fma,800,0x00,53,1.766095416,0.049690579,190.739502000,13.846034000,176.893468000,108.000677792,100.160765026
avx2_fma,800,0x00,54,1.771367083,0.077570979,203.341886000,14.889184000,188.452702000,114.793758971,106.388282692
avx2_fma,800,0x00,55,1.756367107,0.000872889,168.452145000,12.122954000,156.329191000,95.909416834,89.007127472
avx2_fma,800,0x00,56,1.774924645,0.066024950,191.023071000,13.966029000,177.057042000,107.623200544,99.754681145
avx2_fma,800,0x00,57,1.771275751,0.077557121,203.507536000,14.958946000,188.548590000,114.893198211,106.447903351
avx2_fma,800,0x00,58,1.756564791,0.000797269,168.675838000,12.081268000,156.594570000,96.025970020,89.148188990
avx2_fma,800,0x00,59,1.756785663,0.001031082,168.566890000,12.118011000,156.448879000,95.951881634,89.054050411
avx2_fma,800,0x00,60,1.757246607,0.002020851,169.210749000,12.169647000,157.041102000,96.293114637,89.367708180
avx2_fma,800,0x00,61,1.756699926,0.000845936,168.855341000,12.074859000,156.780482000,96.120765137,89.247161500
avx2_fma,800,0x00,62,1.756578588,0.000843291,168.747065000,12.112457000,156.634608000,96.065764544,89.170281993
avx2_fma,800,0x00,63,1.756624873,0.000830355,168.549252000,12.109833000,156.439419000,95.950623608,89.056816520
avx2_fma,800,0x00,64,1.765892256,0.047877974,190.038027000,13.834254000,176.203773000,107.615867496,99.781723621
avx2_fma,800,0x00,65,1.760970913,0.023432521,179.005889000,12.930448000,166.075441000,101.651814740,94.309019975
avx2_fma,800,0x00,66,1.756392594,0.000773222,168.502071000,12.078704000,156.423367000,95.936450413,89.059454893
avx2_fma,800,0x00,67,1.769139599,0.051136266,190.938049000,13.917628000,177.020421000,107.927067535,100.060176756
avx2_fma,800,0x00,68,1.756420629,0.000797841,168.205685000,12.074065000,156.131620000,95.766174827,88.891930240
avx2_fma,800,0x00,69,1.756478148,0.000772827,168.258115000,12.100006000,156.158109000,95.792888291,88.904100056
avx2_fma,800,0x00,70,1.757110542,0.001920296,169.081110000,12.126495000,156.954615000,96.226791609,89.325407372
avx2_fma,800,0x00,71,1.756639337,0.000927282,168.413570000,12.066254000,156.347316000,95.872594007,89.003651849
avx2_fma,800,0x00,72,1.756426702,0.000774842,168.558772000,12.102996000,156.455776000,95.966869460,89.076177131
avx2_fma,800,0x00,73,1.756388451,0.000750163,168.494686000,12.142547000,156.352139000,95.932472043,89.019111282
avx2_fma,800,0x00,74,1.756352235,0.000763339,168.477108000,12.120513000,156.356595000,95.924441923,89.023483928
avx2_fma,800,0x00,75,1.765415080,0.046167998,188.929081000,13.788294000,175.140787000,107.016804792,99.206576956
avx2_fma,800,0x00,76,1.756290938,0.000751057,168.468502000,12.115753000,156.352749000,95.922889734,89.024401142
avx2_fma,800,0x00,77,1.770742746,0.075384348,202.375337000,14.917991000,187.457346000,114.288389683,105.863681446
avx2_fma,800,0x00,78,1.756231805,0.000569523,168.541133000,12.129546000,156.411587000,95.967475641,89.060901028
avx2_fma,800,0x00,79,1.757264691,0.005432260,170.729849000,12.325469000,158.404380000,97.156592222,90.142583995
avx2_fma,800,0x00,80,1.766559300,0.049159978,190.597229000,13.959315000,176.637914000,107.891780928,99.989801640
avx2_fma,800,0x00,81,1.764941001,0.042458225,187.371102000,13.703334000,173.667768000,106.162813325,98.398625177
avx2_fma,800,0x00,82,1.756651700,0.000931082,168.516354000,12.144622000,156.371732000,95.930430624,89.016924661
avx2_fma,800,0x00,83,1.756571363,0.000815138,168.238339000,12.152618000,156.085721000,95.776546595,88.858172395
avx2_fma,800,0x00,84,1.765608861,0.047344981,189.966128000,13.888881000,176.077247000,107.592418784,99.726077996
avx2_fma,800,0x00,85,1.756313025,0.000715519,168.535091000,12.132355000,156.402736000,95.959597509,89.051742915
avx2_fma,800,0x00,86,1.756521191,0.000991280,168.339352000,12.140472000,156.198880000,95.836789734,88.925132723
avx2_fma,800,0x00,87,1.756551626,0.000942190,168.536373000,12.143706000,156.392667000,95.947292687,89.033914327
avx2_fma,800,0x00,88,1.757722666,0.006549822,171.426136000,12.389800000,159.036336000,97.527408215,90.478628429
avx2_fma,800,0x00,89,1.756361701,0.000685470,168.813106000,12.156158000,156.656948000,96.115228363,89.194012766
avx2_fma,800,0x00,90,1.756855394,0.001947626,169.224970000,12.175872000,157.049098000,96.322651584,89.392159728
avx2_fma,800,0x00,91,1.756467667,0.000743754,168.929255000,12.151275000,156.777980000,96.175556325,89.257538288
avx2_fma,800,0x00,92,1.765046159,0.044363104,188.212531000,13.763392000,174.449139000,106.633206175,98.835454298
avx2_fma,800,0x00,93,1.756492433,0.000923737,168.587154000,12.123260000,156.463894000,95.979436550,89.077465455
avx2_fma,800,0x00,94,1.756363035,0.000751426,168.361568000,12.117035000,156.244533000,95.858068449,88.959133115
avx2_fma,800,0x00,95,1.756350075,0.000682173,168.457393000,12.126067000,156.331326000,95.913334953,89.009206228
avx2_fma,800,0x00,96,1.761966175,0.029001497,181.437097000,13.158841000,168.278256000,102.974222545,95.505951481
avx2_fma,800,0x00,97,1.756624022,0.000999855,168.355343000,12.122832000,156.232511000,95.840282798,88.939072379
avx2_fma,800,0x00,98,1.756405952,0.000871621,168.509517000,12.094085000,156.415432000,95.939960099,89.054259795
avx2_fma,800,0x00,99,1.756319873,0.000647156,168.152279000,12.095977000,156.056302000,95.741260795,88.854145762
avx2_fma,800,0xAA,0,1.757013291,0.001821186,169.004267000,12.190215000,156.814052000,96.188382779,89.250350460
avx2_fma,800,0xAA,1,1.772277380,0.081432380,205.119043000,15.149375000,189.969668000,115.737550631,107.189579997
avx2_fma,800,0xAA,2,1.756713552,0.001075240,168.346005000,12.147125000,156.198880000,95.830082726,88.915395361
avx2_fma,800,0xAA,3,1.756640826,0.000830175,168.114987000,12.130768000,155.984219000,95.702538884,88.796876772
avx2_fma,800,0xAA,4,1.756584747,0.000809490,168.318844000,12.129425000,156.189419000,95.821647280,88.916529253
avx2_fma,800,0xAA,5,1.772077338,0.081239412,205.096948000,15.099815000,189.997133000,115.738147290,107.217178891
avx2_fma,800,0xAA,6,1.757186872,0.001556410,168.255917000,12.144622000,156.111295000,95.753001407,88.841601035
avx2_fma,800,0xAA,7,1.766997986,0.053578194,192.491878000,14.097986000,178.393892000,108.937236781,100.958740987
avx2_fma,800,0xAA,8,1.757749559,0.004577424,170.375052000,12.280242000,158.094810000,96.927944675,89.941601292
avx2_fma,800,0xAA,9,1.756470403,0.000804383,168.184872000,12.160369000,156.024503000,95.751611707,88.828427019
avx2_fma,800,0xAA,10,1.757133588,0.002020918,169.347894000,12.169158000,157.178736000,96.377358672,89.451785063
avx2_fma,800,0xAA,11,1.756773925,0.000905928,168.594478000,12.115204000,156.479274000,95.968226518,89.071947022
avx2_fma,800,0xAA,12,1.766322617,0.047165462,189.661014000,13.822230000,175.838784000,107.376201925,99.550774189
avx2_fma,800,0xAA,13,1.756678326,0.001155251,168.605282000,12.083587000,156.521695000,95.979599382,89.100942761
avx2_fma,800,0xAA,14,1.756581713,0.001054188,168.537105000,12.082550000,156.454555000,95.946066003,89.067621403
avx2_fma,800,0xAA,15,1.756691924,0.001084710,168.753779000,12.058624000,156.695155000,96.063388606,89.198995463
avx2_fma,800,0xAA,16,1.766396064,0.050889867,191.209105000,13.860316000,177.348789000,108.248149400,100.401485628
avx2_fma,800,0xAA,17,1.763867622,0.037752439,185.088028000,13.383815000,171.704213000,104.933060535,97.345294407
avx2_fma,800,0xAA,18,1.756477672,0.001087366,168.360592000,12.037750000,156.322842000,95.851256587,88.997910146
avx2_fma,800,0xAA,19,1.780145363,0.088832840,203.974881000,14.982750000,188.992131000,114.583272407,106.166684462
avx2_fma,800,0xAA,20,1.757091095,0.001885558,168.880122000,12.104400000,156.775722000,96.113469836,89.224583977
avx2_fma,800,0xAA,21,1.756681779,0.000947974,168.345944000,12.080658000,156.265286000,95.831781245,88.954805494
avx2_fma,800,0xAA,22,1.763938513,0.038309022,185.470472000,13.400112000,172.070360000,105.145655917,97.548955750
avx2_fma,800,0xAA,23,1.769434262,0.065206413,197.990521000,14.491540000,183.498981000,111.894815876,103.704887430
avx2_fma,800,0xAA,24,1.756635354,0.000917413,168.299679000,12.050750000,156.248929000,95.807976680,88.947844909
avx2_fma,800,0xAA,25,1.763573090,0.036286064,184.473771000,13.383694000,171.090077000,104.602282733,97.013317992
avx2_fma,800,0xAA,26,1.777385181,0.082388863,203.241973000,14.926293000,188.315680000,114.348862097,105.950967731
avx2_fma,800,0xAA,27,1.763057705,0.033348786,183.205769000,13.248135000,169.957634000,103.913654368,96.399359764
avx2_fma,800,0xAA,28,1.756717036,0.001061521,168.491145000,12.031402000,156.459743000,95.912512713,89.063713642
avx2_fma,800,0xAA,29,1.756720186,0.000922599,168.381588000,12.057159000,156.324429000,95.849976164,88.986527396
avx2_fma,800,0xAA,30,1.757146113,0.001918129,168.693355000,12.126251000,156.567104000,96.004170477,89.103064810
avx2_fma,800,0xAA,31,1.756658954,0.000924822,168.347775000,12.047943000,156.299832000,95.834068766,88.975627079
avx2_fma,800,0xAA,32,1.756638788,0.000873265,168.266354000,12.077850000,156.188504000,95.788818467,88.913272919
avx2_fma,800,0xAA,33,1.766349787,0.050485686,190.980529000,13.915370000,177.065159000,108.121579565,100.243541984
avx2_fma,800,0xAA,34,1.756686710,0.001078761,168.353390000,12.085297000,156.268093000,95.835750929,88.956153713
avx2_fma,800,0xAA,35,1.756730447,0.000969487,168.413876000,12.057464000,156.356412000,95.867795904,89.004213607
avx2_fma,800,0xAA,36,1.761659590,0.026264189,180.052822000,13.006925000,167.045897000,102.206364371,94.823028186
avx2_fma,800,0xAA,37,1.782909440,0.093671224,203.557157000,14.981956000,188.575201000,114.171338376,105.768244163
avx2_fma,800,0xAA,38,1.756705225,0.001721273,168.549679000,12.139739000,156.409940000,95.946477852,89.035962175
avx2_fma,800,0xAA,39,1.771797510,0.079225312,203.779080000,14.986656000,188.792424000,115.012623534,106.554176158
avx2_fma,800,0xAA,40,1.756928049,0.001928385,168.948237000,12.109344000,156.838893000,96.161158747,89.268819582
avx2_fma,800,0xAA,41,1.766030430,0.049404441,190.407532000,13.896937000,176.510595000,107.816676742,99.947652085
avx2_fma,800,0xAA,42,1.756358597,0.000796880,168.383663000,12.065337000,156.318326000,95.870890670,89.001372667
avx2_fma,800,0xAA,43,1.756350287,0.000808313,168.073911000,12.078033000,155.995878000,95.694983070,88.818203940
avx2_fma,800,0xAA,44,1.756540564,0.000962904,168.360897000,12.122772000,156.238125000,95.847998285,88.946494132
avx2_fma,800,0xAA,45,1.771577709,0.077867817,203.378264000,14.992149000,188.386115000,114.800645212,106.338047762
avx2_fma,800,0xAA,46,1.759335535,0.014560418,174.565471000,12.676054000,161.889417000,99.222386836,92.017363263
avx2_fma,800,0xAA,47,1.757101845,0.003859878,169.855217000,12.226653000,157.628564000,96.667826899,89.709406683
avx2_fma,800,0xAA,48,1.764294219,0.041179475,186.750194000,13.579250000,173.170944000,105.849802169,98.153098378
avx2_fma,800,0xAA,49,1.756395329,0.000868212,168.427304000,12.118622000,156.308682000,95.893732587,88.994020547
avx2_fma,800,0xAA,50,1.766941620,0.051122037,191.039672000,13.964015000,177.075657000,108.118836420,100.215906951
avx2_fma,800,0xAA,51,1.756641408,0.000965876,168.280941000,12.132842000,156.148099000,95.796979553,88.890139063
avx2_fma,800,0xAA,52,1.756386584,0.000785923,168.385067000,12.121917000,156.263150000,95.870162390,88.968539984
avx2_fma,800,0xAA,53,1.767818083,0.059312237,194.957631000,14.254053000,180.703578000,110.281500620,102.218423803
avx2_fma,800,0xAA,54,1.756347475,0.000702138,168.299985000,12.103179000,156.196806000,95.823854538,88.932747186
avx2_fma,800,0xAA,55,1.756658707,0.000954445,168.642024000,12.172516000,156.469508000,96.001587190,89.072229796
avx2_fma,800,0xAA,56,1.756456201,0.000893484,168.155941000,12.145477000,156.010464000,95.735914699,88.821152466
avx2_fma,800,0xAA,57,1.764864275,0.044543772,188.240485000,13.791407000,174.449078000,106.660034783,98.845605542
avx2_fma,800,0xAA,58,1.756365875,0.000758942,168.097653000,12.128936000,155.968717000,95.707651456,88.801951355
avx2_fma,800,0xAA,59,1.756599571,0.000735033,168.320491000,12.106720000,156.213771000,95.821776237,88.929642024
avx2_fma,800,0xAA,60,1.772684681,0.080752312,204.587489000,15.060997000,189.526492000,115.411099998,106.914948843
avx2_fma,800,0xAA,61,1.780844149,0.072194037,191.264220000,13.998682000,177.265538000,107.400875074,99.540174852
avx2_fma,800,0xAA,62,1.758933391,0.012971427,173.789838000,12.572233000,161.217605000,98.804104148,91.656458273
avx2_fma,800,0xAA,63,1.756399192,0.000864703,168.351315000,12.055267000,156.296048000,95.850257582,88.986631674
avx2_fma,800,0xAA,64,1.756422265,0.000853379,168.210323000,12.088164000,156.122159000,95.768726189,88.886460894
avx2_fma,800,0xAA,65,1.758683500,0.010974419,172.827866000,12.446806000,160.381060000,98.271159094,91.193816297
avx2_fma,800,0xAA,66,1.760620833,0.020142908,176.988622000,12.796354000,164.192268000,100.526256824,93.258164932
avx2_fma,800,0xAA,67,1.756549068,0.000858440,168.250424000,12.105376000,156.145048000,95.784642185,88.893074954
avx2_fma,800,0xAA,68,1.756457307,0.000834682,168.097104000,12.071930000,156.025174000,95.702356866,88.829471340
avx2_fma,800,0xAA,69,1.781436294,0.093053537,204.708583000,15.044273000,189.664310000,114.912098570,106.467074153
avx2_fma,800,0xAA,70,1.762494383,0.029572067,181.454125000,13.137478000,168.316647000,102.953023133,95.499111152
avx2_fma,800,0xAA,71,1.756776895,0.001241683,168.439998000,12.077423000,156.362575000,95.880130545,89.005368567
avx2_fma,800,0xAA,72,1.756653556,0.001008656,168.311825000,12.089080000,156.222745000,95.813898231,88.932017645
avx2_fma,800,0xAA,73,1.756447874,0.000923487,168.403683000,12.111358000,156.292325000,95.877415736,88.982045722
avx2_fma,800,0xAA,74,1.770144243,0.071276282,200.100318000,14.764122000,185.336196000,113.041814993,104.701182832
avx2_fma,800,0xAA,75,1.756593316,0.000850910,168.416012000,12.171721000,156.244291000,95.876495982,88.947333216
avx2_fma,800,0xAA,76,1.756751677,0.001049519,168.127439000,12.166107000,155.961332000,95.703588165,88.778245693
avx2_fma,800,0xAA,77,1.756450145,0.000804928,168.204282000,12.155669000,156.048613000,95.763766767,88.843178081
avx2_fma,800,0xAA,78,1.756558972,0.000905520,168.292538000,12.136749000,156.155789000,95.808077426,88.898688563
avx2_fma,800,0xAA,79,1.772564284,0.060289296,192.137631000,14.121667000,178.015964000,108.395296451,100.428495399
avx2_fma,800,0xAA,80,1.756974936,0.001853941,168.755306000,12.171600000,156.583706000,96.048783947,89.121195082
avx2_fma,800,0xAA,81,1.756541861,0.000726731,168.257259000,12.148589000,156.108670000,95.788926378,88.872729691
avx2_fma,800,0xAA,82,1.756541019,0.001019375,168.342404000,12.147247000,156.195157000,95.837445378,88.922009378
avx2_fma,800,0xAA,83,1.756590984,0.000907932,168.111508000,12.154509000,155.956999000,95.703273869,88.783900428
avx2_fma,800,0xAA,84,1.756457939,0.000794424,168.294675000,12.133575000,156.161100000,95.814805030,88.906825779
avx2_fma,800,0xAA,85,1.756432501,0.000662233,168.109922000,12.129608000,155.980314000,95.711006179,88.805185437
avx2_fma,800,0xAA,86,1.765618427,0.047762073,189.539249000,13.855677000,175.683572000,107.350062776,99.502570483
avx2_fma,800,0xAA,87,1.756452166,0.000966227,168.363460000,12.076080000,156.287380000,95.854281275,88.979012918
avx2_fma,800,0xAA,88,1.769637687,0.063555619,196.597214000,14.384057000,182.213157000,111.094613021,102.966363319
avx2_fma,800,0xAA,89,1.756145847,0.000584988,168.117978000,12.069183000,156.048795000,95.731216328,88.858676089
avx2_fma,800,0xAA,90,1.756808920,0.001841329,168.684444000,12.113373000,156.571071000,96.017524794,89.122424897
avx2_fma,800,0xAA,91,1.756618371,0.000982328,168.265744000,12.109771000,156.155973000,95.789584547,88.895787239
avx2_fma,800,0xAA,92,1.758221665,0.008312651,171.645740000,12.382598000,159.263142000,97.624630261,90.581947166
avx2_fma,800,0xAA,93,1.760074356,0.017479903,175.903114000,12.744779000,163.158335000,99.940728864,92.699683077
avx2_fma,800,0xAA,94,1.756637701,0.000942410,168.345456000,12.114532000,156.230924000,95.833908114,88.937476371
avx2_fma,800,0xAA,95,1.756439906,0.000760256,168.093625000,12.076446000,156.017179000,95.701324271,88.825799547
avx2_fma,800,0xAA,96,1.764749036,0.043757802,187.845161000,13.675197000,174.169964000,106.442988326,98.693899519
avx2_fma,800,0xAA,97,1.756272721,0.000711044,168.228696000,12.055817000,156.172879000,95.787342114,88.922908787
avx2_fma,800,0xAA,98,1.756488660,0.000921260,168.308468000,12.079437000,156.229031000,95.820981821,88.943945110
avx2_fma,800,0xAA,99,1.756787862,0.002630020,169.060053000,12.173004000,156.887049000,96.232480102,89.303354359
avx2_fma,1000,0x00,0,1.404812828,0.000515692,140.287239000,9.695898000,130.591341000,99.861872150,92.959957669
avx2_fma,1000,0x00,1,1.405329904,0.001686956,140.545966000,9.697790000,130.848176000,100.009233162,93.108511862
avx2_fma,1000,0x00,2,1.404829891,0.000578001,140.051705000,9.675329000,130.376376000,99.692999081,92.805810059
avx2_fma,1000,0x00,3,1.404895276,0.000727368,140.255073000,9.673315000,130.581758000,99.833115934,92.947681010
avx2_fma,1000,0x00,4,1.405134092,0.002169172,141.103155000,9.746618000,131.356537000,100.419707808,93.483275156
avx2_fma,1000,0x00,5,1.404808392,0.000500363,140.226875000,9.681494000,130.545381000,99.819217938,92.927535017
avx2_fma,1000,0x00,6,1.416917304,0.062941634,168.613765000,11.978485000,156.635280000,119.000427532,110.546522027
avx2_fma,1000,0x00,7,1.404699926,0.000470691,140.406256000,9.678686000,130.727570000,99.954626196,93.064410128
avx2_fma,1000,0x00,8,1.404768473,0.000542639,140.221626000,9.667211000,130.554415000,99.818317862,92.936606617
avx2_fma,1000,0x00,9,1.404720256,0.000445680,140.108345000,9.643530000,130.464815000,99.741101017,92.876011718
avx2_fma,1000,0x00,10,1.417723045,0.064684519,169.463495000,12.056976000,157.406519000,119.532157983,111.027692995
avx2_fma,1000,0x00,11,1.404876233,0.000925036,140.119698000,9.673010000,130.446688000,99.738108402,92.852797245
avx2_fma,1000,0x00,12,1.410204079,0.028388934,152.727514000,10.673923000,142.053591000,108.301710600,100.732647964
avx2_fma,1000,0x00,13,1.404700634,0.000449089,139.999825000,9.677343000,130.322482000,99.665239455,92.775982933
avx2_fma,1000,0x00,14,1.404673604,0.000528423,140.150947000,9.695105000,130.455842000,99.774742401,92.872708382
avx2_fma,1000,0x00,15,1.404677279,0.000450290,140.213020000,9.676184000,130.536836000,99.818671596,92.930125632
avx2_fma,1000,0x00,16,1.416725128,0.061358716,167.820188000,11.916900000,155.903288000,118.456420883,110.044838589
avx2_fma,1000,0x00,17,1.406270664,0.007965561,143.731932000,9.936620000,133.795312000,102.207872020,95.141934958
avx2_fma,1000,0x00,18,1.410959834,0.031043436,154.283235000,10.794894000,143.488341000,109.346298336,101.695553265
avx2_fma,1000,0x00,19,1.410717375,0.030819936,154.454256000,10.824252000,143.630004000,109.486321471,101.813450778
avx2_fma,1000,0x00,20,1.405202718,0.001566785,141.020818000,9.719885000,131.300933000,100.356209279,93.439139678
avx2_fma,1000,0x00,21,1.404925329,0.000488638,140.323188000,9.699743000,130.623445000,99.879463421,92.975364819
avx2_fma,1000,0x00,22,1.406656461,0.009553128,144.167721000,10.032200000,134.135521000,102.489644774,95.357697296
avx2_fma,1000,0x00,23,1.404944955,0.000716666,140.057625000,9.678625000,130.379000000,99.689047980,92.800077015
avx2_fma,1000,0x00,24,1.404928888,0.000856646,140.217964000,9.703650000,130.514314000,99.804314109,92.897452071
avx2_fma,1000,0x00,25,1.404917636,0.000572909,140.358222000,9.679175000,130.679047000,99.904947056,93.015450651
avx2_fma,1000,0x00,26,1.404927670,0.000519693,140.247688000,9.669043000,130.578645000,99.825557540,92.943322102
avx2_fma,1000,0x00,27,1.415057571,0.052743733,163.698678000,11.596100000,152.102578000,115.683404940,107.488614681
avx2_fma,1000,0x00,28,1.404783508,0.000471968,140.030343000,9.635961000,130.394382000,99.681084088,92.821691915
avx2_fma,1000,0x00,29,1.407225439,0.012476476,145.519647000,10.076757000,135.442890000,103.408908765,96.248181903
avx2_fma,1000,0x00,30,1.405263027,0.001614202,140.422615000,9.697424000,130.725191000,99.926214746,93.025425489
avx2_fma,1000,0x00,31,1.408512748,0.018810281,148.279284000,10.337681000,137.941603000,105.273654190,97.934223992
avx2_fma,1000,0x00,32,1.404860153,0.000475639,140.132942000,9.645361000,130.487581000,99.748677257,92.882968255
avx2_fma,1000,0x00,33,1.404778833,0.000486020,140.080025000,9.670141000,130.409884000,99.716782263,92.833036029
avx2_fma,1000,0x00,34,1.407380386,0.013729981,146.021599000,10.165135000,135.856464000,103.754180810,96.531446214
avx2_fma,1000,0x00,35,1.410501383,0.029774052,153.287327000,10.759677000,142.527650000,108.675772237,101.047508180
avx2_fma,1000,0x00,36,1.404718631,0.000448037,140.114632000,9.687719000,130.426913000,99.745692025,92.849137240
avx2_fma,1000,0x00,37,1.404967133,0.000732157,140.124397000,9.668616000,130.455781000,99.735000021,92.853261811
avx2_fma,1000,0x00,38,1.404907927,0.000954525,140.454902000,9.709692000,130.745210000,99.974453308,93.063187587
avx2_fma,1000,0x00,39,1.404873150,0.000498175,140.171699000,9.655432000,130.516267000,99.775341961,92.902527859
avx2_fma,1000,0x00,40,1.405963273,0.004015442,141.608035000,9.750280000,131.857755000,100.719583316,93.784636872
avx2_fma,1000,0x00,41,1.409111221,0.022138191,150.023237000,10.428074000,139.595163000,106.466569002,99.066107032
avx2_fma,1000,0x00,42,1.404759116,0.000576819,140.012459000,9.657568000,130.354891000,99.670083932,92.795191369
avx2_fma,1000,0x00,43,1.414214597,0.049376373,162.378430000,11.457673000,150.920757000,114.818804936,106.717012591
avx2_fma,1000,0x00,44,1.404680964,0.000517453,140.227729000,9.692480000,130.535249000,99.828881131,92.928752029
avx2_fma,1000,0x00,45,1.413603155,0.045708759,160.588945000,11.313387000,149.275558000,113.602565492,105.599338448
avx2_fma,1000,0x00,46,1.405925478,0.006639418,142.976990000,9.887792000,133.089198000,101.695994763,94.663053004
avx2_fma,1000,0x00,47,1.404658513,0.000429724,140.050362000,9.633460000,130.416902000,99.704206213,92.845984152
avx2_fma,1000,0x00,48,1.413931822,0.047909898,161.724867000,11.362031000,150.362836000,114.379536856,106.343766801
avx2_fma,1000,0x00,49,1.404654112,0.000450842,139.931953000,9.659155000,130.272798000,99.620220958,92.743684651
avx2_fma,1000,0x00,50,1.405307048,0.001556869,140.378547000,9.697179000,130.681368000,99.891726285,92.991327534
avx2_fma,1000,0x00,51,1.404858931,0.000520530,140.177986000,9.689429000,130.488557000,99.780827069,92.883743817
avx2_fma,1000,0x00,52,1.411190707,0.032263141,154.408784000,10.849826000,143.558958000,109.417375886,101.728956491
avx2_fma,1000,0x00,53,1.404807634,0.000515259,140.006783000,9.655493000,130.351290000,99.662601237,92.789423181
avx2_fma,1000,0x00,54,1.415988685,0.058044705,166.386171000,11.779877000,154.606294000,117.505297029,109.186108376
avx2_fma,1000,0x00,55,1.405408022,0.003096252,141.250005000,9.773473000,131.476532000,100.504624150,93.550435154
avx2_fma,1000,0x00,56,1.404773003,0.000542907,140.155220000,9.651709000,130.503511000,99.770724338,92.900070515
avx2_fma,1000,0x00,57,1.404824369,0.000704050,140.176033000,9.667700000,130.508333000,99.781891655,92.900106137
avx2_fma,1000,0x00,58,1.404803573,0.000825881,140.327522000,9.659094000,130.668428000,99.891205247,93.015443975
avx2_fma,1000,0x00,59,1.404739144,0.000544623,140.586798000,9.655737000,130.931061000,100.080359116,93.206672254
avx2_fma,1000,0x00,60,1.405191365,0.001539610,140.674018000,9.674047000,130.999971000,100.110220913,93.225715899
avx2_fma,1000,0x00,61,1.404875751,0.000613078,140.390815000,9.658728000,130.732087000,99.931125483,93.055977990
avx2_fma,1000,0x00,62,1.411654811,0.035973735,156.244351000,10.874422000,145.369929000,110.681697691,102.978382463
avx2_fma,1000,0x00,63,1.404818716,0.000585448,140.293952000,9.609716000,130.684236000,99.866232145,93.025694009
avx2_fma,1000,0x00,64,1.404810538,0.000708415,140.256233000,9.623999000,130.632234000,99.839963613,92.989218448
avx2_fma,1000,0x00,65,1.412770896,0.041596571,158.779318000,11.168672000,147.610646000,112.388582223,104.483073954
avx2_fma,1000,0x00,66,1.404684133,0.000514397,140.163642000,9.634069000,130.529573000,99.783032137,92.924501616
avx2_fma,1000,0x00,67,1.404766973,0.000566367,139.916268000,9.612036000,130.304232000,99.601051791,92.758610171
avx2_fma,1000,0x00,68,1.404775781,0.000644173,140.114327000,9.640600000,130.473727000,99.741416993,92.878684785
avx2_fma,1000,0x00,69,1.404779270,0.000554155,139.925606000,9.670813000,130.254793000,99.606827209,92.722604750
avx2_fma,1000,0x00,70,1.405214176,0.001602160,140.457282000,9.735876000,130.721406000,99.954358813,93.025965858
avx2_fma,1000,0x00,71,1.405007327,0.000794772,140.074775000,9.667395000,130.407380000,99.696828874,92.816156569
avx2_fma,1000,0x00,72,1.404858887,0.001042042,140.220100000,9.689428000,130.530672000,99.810807564,92.913724810
avx2_fma,1000,0x00,73,1.404733104,0.000447132,139.939827000,9.669592000,130.270235000,99.620224360,92.736644859
avx2_fma,1000,0x00,74,1.404730924,0.000466574,139.921456000,9.662634000,130.258822000,99.607300990,92.728664070
avx2_fma,1000,0x00,75,1.406327855,0.005617220,142.153200000,9.849706000,132.303494000,101.081123797,94.077276177
avx2_fma,1000,0x00,76,1.404732147,0.000489043,140.011970000,9.627294000,130.384676000,99.671649382,92.818176268
avx2_fma,1000,0x00,77,1.412948147,0.042738887,158.993367000,11.214754000,147.778613000,112.525974419,104.588843798
avx2_fma,1000,0x00,78,1.404778749,0.000702392,139.919869000,9.647558000,130.272311000,99.602780244,92.735109439
avx2_fma,1000,0x00,79,1.404752252,0.000854983,140.287726000,9.655737000,130.631989000,99.866525046,92.992902324
avx2_fma,1000,0x00,80,1.405027275,0.001511481,140.449104000,9.686254000,130.762850000,99.961834584,93.067837453
avx2_fma,1000,0x00,81,1.404790655,0.000464302,139.969613000,9.656714000,130.312899000,99.637346336,92.763216039
avx2_fma,1000,0x00,82,1.406715797,0.010604104,144.635677000,10.011327000,134.624350000,102.817980255,95.701171711
avx2_fma,1000,0x00,83,1.404592276,0.000374376,140.188545000,9.671362000,130.517183000,99.807287406,92.921757588
avx2_fma,1000,0x00,84,1.410300877,0.029410389,153.177708000,10.746798000,142.430910000,108.613495525,100.993279034
avx2_fma,1000,0x00,85,1.414285484,0.034568525,152.221779000,10.663181000,141.558598000,107.631578413,100.091954257
avx2_fma,1000,0x00,86,1.404744745,0.000889039,140.090828000,9.667394000,130.423434000,99.726892406,92.844934643
avx2_fma,1000,0x00,87,1.404600295,0.000395471,140.030709000,9.656774000,130.373935000,99.694346856,92.819242220
avx2_fma,1000,0x00,88,1.404641380,0.000517115,139.818062000,9.647925000,130.170137000,99.540042018,92.671438305
avx2_fma,1000,0x00,89,1.404649712,0.000431685,139.837166000,9.670446000,130.166720000,99.553052163,92.668456010
avx2_fma,1000,0x00,90,1.405107417,0.001604431,140.433112000,9.709081000,130.724031000,99.944751740,93.034902088
avx2_fma,1000,0x00,91,1.404932649,0.000585570,140.097237000,9.622046000,130.475191000,99.718116126,92.869356501
avx2_fma,1000,0x00,92,1.411018828,0.031391930,154.061068000,10.776156000,143.284912000,109.184275166,101.547129732
avx2_fma,1000,0x00,93,1.404880457,0.000868280,140.103279000,9.682165000,130.421114000,99.726121390,92.834314367
avx2_fma,1000,0x00,94,1.412847328,0.041397482,158.588827000,11.190035000,147.398792000,112.247674478,104.327473352
avx2_fma,1000,0x00,95,1.404768444,0.000455555,140.229805000,9.658728000,130.571077000,99.824142283,92.948469610
avx2_fma,1000,0x00,96,1.404743977,0.000460800,139.897591000,9.621008000,130.276583000,99.589386575,92.740446017
avx2_fma,1000,0x00,97,1.404785711,0.000558278,139.818123000,9.613501000,130.204622000,99.529858442,92.686465231
avx2_fma,1000,0x00,98,1.404704585,0.000427550,139.849191000,9.636511000,130.212680000,99.557723710,92.697554604
avx2_fma,1000,0x00,99,1.404856929,0.000753123,140.079354000,9.658727000,130.420627000,99.710761373,92.835522478
avx2_fma,1000,0xAA,0,1.417170845,0.065080586,169.507744000,12.070709000,157.437035000,119.609957112,111.092487929
avx2_fma,1000,0xAA,1,1.410061636,0.024851201,151.005351000,10.555088000,140.450263000,107.091312267,99.605761474
avx2_fma,1000,0xAA,2,1.404878594,0.000498056,140.175300000,9.686255000,130.489045000,99.777518564,92.882791119
avx2_fma,1000,0xAA,3,1.404760857,0.000560134,140.039010000,9.668799000,130.370211000,99.688861104,92.805982108
avx2_fma,1000,0xAA,4,1.413956723,0.047484192,161.352432000,11.423799000,149.928633000,114.114123447,106.034810398
avx2_fma,1000,0xAA,5,1.407126393,0.012360642,145.451470000,10.116795000,135.334675000,103.367736385,96.178051752
avx2_fma,1000,0xAA,6,1.404795248,0.000721065,140.003853000,9.663916000,130.339937000,99.661394206,92.782159660
avx2_fma,1000,0xAA,7,1.409694233,0.026051534,151.589639000,10.635898000,140.953741000,107.533701576,99.988875366
avx2_fma,1000,0xAA,8,1.405271387,0.002860247,141.054631000,9.769872000,131.284759000,100.375366821,93.423064165
avx2_fma,1000,0xAA,9,1.404734463,0.000550570,139.940926000,9.676428000,130.264498000,99.620910314,92.732471074
avx2_fma,1000,0xAA,10,1.405239670,0.001502697,140.621527000,9.706518000,130.915009000,100.069425882,93.162050430
avx2_fma,1000,0xAA,11,1.404887627,0.000622548,140.050606000,9.684058000,130.366548000,99.688119763,92.795000474
avx2_fma,1000,0xAA,12,1.407608861,0.014873640,146.457022000,10.189671000,136.267351000,104.046675209,96.807681991
avx2_fma,1000,0xAA,13,1.408075041,0.016371619,147.106435000,10.266210000,136.840225000,104.473434079,97.182480330
avx2_fma,1000,0xAA,14,1.404940267,0.000872222,140.253547000,9.684424000,130.569123000,99.828832830,92.935711299
avx2_fma,1000,0xAA,15,1.404883560,0.000494800,140.145759000,9.633032000,130.512727000,99.756138532,92.899319734
avx2_fma,1000,0xAA,16,1.409975872,0.026823479,151.898109000,10.611118000,141.286991000,107.730998783,100.205254401
avx2_fma,1000,0xAA,17,1.414605542,0.050713295,162.817088000,11.503144000,151.313944000,115.097165390,106.965468135
avx2_fma,1000,0xAA,18,1.411337878,0.033814161,155.066681000,10.872226000,144.194455000,109.872117370,102.168628242
avx2_fma,1000,0xAA,19,1.404874855,0.000790186,139.964058000,9.676855000,130.287203000,99.627420543,92.739365735
avx2_fma,1000,0xAA,20,1.405168403,0.001451215,140.386176000,9.681311000,130.704865000,99.907011664,93.017224660
avx2_fma,1000,0xAA,21,1.405053685,0.000983990,140.221443000,9.660620000,130.560823000,99.797925484,92.922302083
avx2_fma,1000,0xAA,22,1.404860324,0.000574147,140.181160000,9.639013000,130.542147000,99.782987414,92.921797845
avx2_fma,1000,0xAA,23,1.404716834,0.000444191,140.119514000,9.627478000,130.492036000,99.749295098,92.895616287
avx2_fma,1000,0xAA,24,1.404798058,0.000568739,140.019783000,9.672644000,130.347139000,99.672534595,92.787100816
avx2_fma,1000,0xAA,25,1.404738537,0.000483981,140.119026000,9.678625000,130.440401000,99.747406575,92.857423319
avx2_fma,1000,0xAA,26,1.404881670,0.000678677,140.337287000,9.646521000,130.690766000,99.892603070,93.026173528
avx2_fma,1000,0xAA,27,1.404760422,0.000542703,140.192329000,9.670873000,130.521456000,99.798034435,92.913676899
avx2_fma,1000,0xAA,28,1.404956463,0.000874230,140.177193000,9.683203000,130.493990000,99.773335800,92.881162802
avx2_fma,1000,0xAA,29,1.411052514,0.031789059,154.224581000,10.813388000,143.411193000,109.297548805,101.634199714
avx2_fma,1000,0xAA,30,1.405255440,0.001522540,140.478400000,9.683874000,130.794526000,99.966451676,93.075267535
avx2_fma,1000,0xAA,31,1.404971961,0.000636161,140.067086000,9.664526000,130.402560000,99.693865685,92.815062217
avx2_fma,1000,0xAA,32,1.408516604,0.018663579,148.414659000,10.323765000,138.090894000,105.369477798,98.039947587
avx2_fma,1000,0xAA,33,1.404964103,0.000766128,140.055245000,9.677344000,130.377901000,99.685995353,92.798030043
avx2_fma,1000,0xAA,34,1.404879131,0.000509424,139.926278000,9.655676000,130.270602000,99.600225359,92.727266832
avx2_fma,1000,0xAA,35,1.404991772,0.000910463,140.233222000,9.661047000,130.572175000,99.810706957,92.934476651
avx2_fma,1000,0xAA,36,1.404916020,0.000638753,140.003426000,9.658789000,130.344637000,99.652522982,92.777529132
avx2_fma,1000,0xAA,37,1.404910377,0.000502696,140.017463000,9.616247000,130.401216000,99.662914665,92.818174133
avx2_fma,1000,0xAA,38,1.404904886,0.000623276,140.067513000,9.645300000,130.422213000,99.698929397,92.833482420
avx2_fma,1000,0xAA,39,1.405008776,0.000561143,140.333503000,9.655310000,130.678193000,99.880872950,93.008809111
avx2_fma,1000,0xAA,40,1.405445515,0.001521014,140.643378000,9.691686000,130.951692000,100.070316824,93.174506282
avx2_fma,1000,0xAA,41,1.404940006,0.000606656,140.017830000,9.664831000,130.352999000,99.661074056,92.781897040
avx2_fma,1000,0xAA,42,1.404975771,0.000912441,140.191719000,9.664404000,130.527315000,99.782303666,92.903605683
avx2_fma,1000,0xAA,43,1.413568854,0.045255785,160.472978000,11.285372000,149.187606000,113.523283642,105.539681028
avx2_fma,1000,0xAA,44,1.410415675,0.029396908,153.308751000,10.728427000,142.580324000,108.697566056,101.090995036
avx2_fma,1000,0xAA,45,1.404695354,0.000525967,140.039742000,9.673316000,130.366426000,99.694030906,92.807615304
avx2_fma,1000,0xAA,46,1.404681911,0.000462228,140.059151000,9.662512000,130.396639000,99.708802355,92.830012270
avx2_fma,1000,0xAA,47,1.404809769,0.000746696,140.024971000,9.664160000,130.360811000,99.675396713,92.796059585
avx2_fma,1000,0xAA,48,1.404696981,0.000438880,139.950631000,9.686132000,130.264499000,99.630477513,92.734946214
avx2_fma,1000,0xAA,49,1.404797853,0.000914601,140.158638000,9.686255000,130.472383000,99.771392505,92.876268785
avx2_fma,1000,0xAA,50,1.405137526,0.001449228,140.436957000,9.702246000,130.734711000,99.945346593,93.040509291
avx2_fma,1000,0xAA,51,1.404815346,0.000555149,139.920540000,9.633764000,130.286776000,99.600663076,92.742990269
avx2_fma,1000,0xAA,52,1.404930327,0.000610768,140.080574000,9.648290000,130.432284000,99.706420543,92.838969670
avx2_fma,1000,0xAA,53,1.404909966,0.000508288,139.920845000,9.655370000,130.265475000,99.594172136,92.721582267
avx2_fma,1000,0xAA,54,1.405724825,0.003666677,141.441471000,9.790869000,131.650602000,100.618178208,93.653181345
avx2_fma,1000,0xAA,55,1.405149144,0.001898401,140.638434000,9.723608000,130.914826000,100.087904939,93.167922076
avx2_fma,1000,0xAA,56,1.412846885,0.041370273,158.418479000,11.183565000,147.234914000,112.127138963,104.211514758
avx2_fma,1000,0xAA,57,1.404741410,0.000488630,139.911507000,9.663549000,130.247958000,99.599475040,92.720238099
avx2_fma,1000,0xAA,58,1.404752226,0.000473413,139.903816000,9.664526000,130.239290000,99.593233157,92.713353688
avx2_fma,1000,0xAA,59,1.411900673,0.032009395,154.269380000,10.797702000,143.471678000,109.263620963,101.615985259
avx2_fma,1000,0xAA,60,1.405061061,0.001439747,140.447639000,9.676001000,130.771638000,99.958388240,93.071854073
avx2_fma,1000,0xAA,61,1.411125359,0.032329197,154.457551000,10.839328000,143.618223000,109.457001792,101.775665809
avx2_fma,1000,0xAA,62,1.404778121,0.000760726,140.074715000,9.671728000,130.402987000,99.713052827,92.828173390
avx2_fma,1000,0xAA,63,1.412309467,0.039166429,157.570703000,11.115572000,146.455131000,111.569529697,103.699036536
avx2_fma,1000,0xAA,64,1.404679351,0.000408628,140.045967000,9.677954000,130.368013000,99.699598285,92.809802408
avx2_fma,1000,0xAA,65,1.404776798,0.000519765,139.938058000,9.657019000,130.281039000,99.615866492,92.741451275
avx2_fma,1000,0xAA,66,1.414039179,0.047468814,161.406447000,11.370516000,150.035931000,114.145668205,106.104507701
avx2_fma,1000,0xAA,67,1.404674591,0.000427696,139.843941000,9.651464000,130.192477000,99.556112085,92.685151321
avx2_fma,1000,0xAA,68,1.404814573,0.000696237,139.925728000,9.663305000,130.262423000,99.604410949,92.725705966
avx2_fma,1000,0xAA,69,1.404893335,0.000974984,140.126961000,9.692968000,130.433993000,99.742064035,92.842630635
avx2_fma,1000,0xAA,70,1.405202881,0.001524334,140.361030000,9.707983000,130.653047000,99.886665387,92.978066544
avx2_fma,1000,0xAA,71,1.414230053,0.048543941,161.980542000,11.473238000,150.507304000,114.536204144,106.423494349
avx2_fma,1000,0xAA,72,1.404643238,0.000444691,139.991280000,9.670691000,130.320589000,99.663228492,92.778426190
avx2_fma,1000,0xAA,73,1.410108081,0.027147190,152.171303000,10.659580000,141.511723000,107.914637955,100.355231590
avx2_fma,1000,0xAA,74,1.410790119,0.030946805,153.796665000,10.764377000,143.032288000,109.014560694,101.384526390
avx2_fma,1000,0xAA,75,1.404722622,0.000558004,139.899605000,9.650793000,130.248812000,99.592334340,92.722086185
avx2_fma,1000,0xAA,76,1.404801099,0.000818862,140.034187000,9.684240000,130.349947000,99.682572216,92.788898793
avx2_fma,1000,0xAA,77,1.410813579,0.031678486,154.186433000,10.834079000,143.352354000,109.289019702,101.609706741
avx2_fma,1000,0xAA,78,1.404729875,0.000472453,139.782784000,9.668066000,130.114718000,99.508657505,92.626148509
avx2_fma,1000,0xAA,79,1.411011186,0.032482577,154.368806000,10.852328000,143.516478000,109.402964019,101.711793241
avx2_fma,1000,0xAA,80,1.405118451,0.001421874,140.370429000,9.707739000,130.662690000,99.899356431,92.990516119
avx2_fma,1000,0xAA,81,1.404957176,0.000798774,139.959053000,9.696813000,130.262240000,99.618020638,92.716164010
avx2_fma,1000,0xAA,82,1.404834711,0.000481098,139.998116000,9.668737000,130.329379000,99.654510881,92.772037858
avx2_fma,1000,0xAA,83,1.412646403,0.040497511,158.203513000,11.136935000,147.066578000,111.990879467,104.107140847
avx2_fma,1000,0xAA,84,1.404884333,0.000549496,140.016853000,9.669592000,130.347261000,99.664328006,92.781489490
avx2_fma,1000,0xAA,85,1.404897540,0.000516110,140.014717000,9.654760000,130.359957000,99.661870695,92.789654236
avx2_fma,1000,0xAA,86,1.404949762,0.000598390,139.865121000,9.646460000,130.218661000,99.551688469,92.685635132
avx2_fma,1000,0xAA,87,1.404934044,0.000539966,139.955696000,9.649084000,130.306612000,99.617271441,92.749273586
avx2_fma,1000,0xAA,88,1.413611997,0.044862506,160.106768000,11.281099000,148.825669000,113.260759204,105.280422999
avx2_fma,1000,0xAA,89,1.530010213,0.143107069,168.118833000,11.817047000,156.301786000,109.880856705,102.157348132
avx2_fma,1000,0xAA,90,1.406491244,0.006877151,142.776490000,9.902990000,132.873500000,101.512533841,94.471615497
avx2_fma,1000,0xAA,91,1.411244885,0.033244119,154.899322000,10.894259000,144.005063000,109.760767746,102.041158541
avx2_fma,1000,0xAA,92,1.419195759,0.055034473,162.543041000,11.504121000,151.038920000,114.531797269,106.425712591
avx2_fma,1000,0xAA,93,1.414062868,0.035800368,154.991913000,10.873935000,144.117978000,109.607512136,101.917659553
avx2_fma,1000,0xAA,94,1.407406735,0.012742949,145.483087000,10.106053000,135.377034000,103.369611199,96.188991164
avx2_fma,1000,0xAA,95,1.410726577,0.029995597,153.406162000,10.783542000,142.622620000,108.742661036,101.098697865
avx2_fma,1000,0xAA,96,1.404826600,0.000890266,140.127510000,9.701147000,130.426363000,99.747193032,92.841609807
avx2_fma,1000,0xAA,97,1.404755012,0.000597550,140.091194000,9.682287000,130.408907000,99.726424008,92.833914699
avx2_fma,1000,0xAA,98,1.419571810,0.054500226,160.470170000,11.295076000,149.175094000,113.041248713,105.084570563
avx2_fma,1000,0xAA,99,1.404794632,0.000598432,139.919747000,9.651343000,130.268404000,99.601567221,92.731279723
avx2_fma,1200,0x00,0,1.170634270,0.000572757,121.283259000,7.961406000,113.321853000,103.604739876,96.803806223
avx2_fma,1200,0x00,1,1.170618636,0.000413424,121.442499000,7.950541000,113.491958000,103.742154139,96.950411078
avx2_fma,1200,0x00,2,1.173692971,0.014267424,127.717629000,8.520914000,119.196715000,108.816898632,101.556981248
avx2_fma,1200,0x00,3,1.176719609,0.031274440,135.557209000,9.136390000,126.420819000,115.199243669,107.434955619
avx2_fma,1200,0x00,4,1.170530019,0.000376545,121.488215000,8.005045000,113.483170000,103.789063943,96.950243178
avx2_fma,1200,0x00,5,1.170518075,0.000367526,121.408807000,8.029886000,113.378921000,103.722282967,96.862170192
avx2_fma,1200,0x00,6,1.170563775,0.000621736,121.309199000,8.043742000,113.265457000,103.633139535,96.761457553
avx2_fma,1200,0x00,7,1.170639390,0.000594304,121.056880000,8.055827000,113.001053000,103.410906094,96.529344556
avx2_fma,1200,0x00,8,1.170558743,0.000360573,121.069819000,8.025126000,113.044693000,103.429084379,96.573276374
avx2_fma,1200,0x00,9,1.177403368,0.026681435,132.641384000,8.955788000,123.685596000,112.655855804,105.049466824
avx2_fma,1200,0x00,10,1.181300008,0.054011065,145.523553000,10.014013000,135.509540000,123.189327017,114.712214572
avx2_fma,1200,0x00,11,1.170685701,0.000432287,121.447015000,7.987833000,113.459182000,103.740068694,96.916859872
avx2_fma,1200,0x00,12,1.170587140,0.000396692,121.317255000,8.034586000,113.282669000,103.637952970,96.774229867
avx2_fma,1200,0x00,13,1.170669369,0.000575576,121.486566000,8.048075000,113.438491000,103.775300909,96.900537449
avx2_fma,1200,0x00,14,1.170871898,0.001652204,121.883477000,8.064066000,113.819411000,104.096338126,97.209106471
avx2_fma,1200,0x00,15,1.172637262,0.009873971,125.367049000,8.350748000,117.016301000,106.910340521,99.789001067
avx2_fma,1200,0x00,16,1.170578356,0.000384542,121.133357000,8.008829000,113.124528000,103.481630538,96.639859583
avx2_fma,1200,0x00,17,1.170609091,0.000485372,121.266474000,8.025919000,113.240555000,103.592629638,96.736439076
avx2_fma,1200,0x00,18,1.170541188,0.000374671,121.163386000,8.006572000,113.156814000,103.510570335,96.670510301
avx2_fma,1200,0x00,19,1.170607907,0.000396148,121.143794000,8.044718000,113.099076000,103.487934145,96.615677473
avx2_fma,1200,0x00,20,1.170985677,0.001322724,121.580682000,8.058329000,113.522353000,103.827642314,96.945979147
avx2_fma,1200,0x00,21,1.170676831,0.000546359,121.305292000,8.034648000,113.270644000,103.619793932,96.756543728
avx2_fma,1200,0x00,22,1.170640491,0.000424096,121.187617000,8.042948000,113.144669000,103.522488680,96.651935286
avx2_fma,1200,0x00,23,1.170640395,0.000539610,121.161310000,8.023356000,113.137954000,103.500024848,96.646207030
avx2_fma,1200,0x00,24,1.170647772,0.000610973,121.189570000,8.022562000,113.167008000,103.523513153,96.670416779
avx2_fma,1200,0x00,25,1.170669950,0.000506499,121.050166000,8.051188000,112.998978000,103.402471348,96.525052143
avx2_fma,1200,0x00,26,1.170587508,0.000643332,121.173945000,8.054911000,113.119034000,103.515494720,96.634410696
avx2_fma,1200,0x00,27,1.170522935,0.000368771,121.130305000,8.032145000,113.098160000,103.483922759,96.621908560
avx2_fma,1200,0x00,28,1.170513434,0.000350711,121.102046000,8.040079000,113.061967000,103.460620383,96.591772261
avx2_fma,1200,0x00,29,1.170553202,0.000394376,121.143549000,8.058146000,113.085403000,103.492561327,96.608511982
avx2_fma,1200,0x00,30,1.175165042,0.022058496,130.852692000,8.819252000,122.033440000,111.348353066,103.843660802
avx2_fma,1200,0x00,31,1.180549667,0.051700433,144.278379000,9.922766000,134.355613000,122.212883569,113.807675150
avx2_fma,1200,0x00,32,1.170653840,0.000584628,121.178644000,8.028849000,113.149795000,103.513643323,96.655211967
avx2_fma,1200,0x00,33,1.170621226,0.001165105,121.434138000,8.063578000,113.370560000,103.734782239,96.846492655
avx2_fma,1200,0x00,34,1.170593169,0.000474604,121.008053000,8.039347000,112.968706000,103.373277950,96.505523025
avx2_fma,1200,0x00,35,1.170534561,0.000366694,121.082271000,8.005717000,113.076554000,103.441859001,96.602490675
avx2_fma,1200,0x00,36,1.171523032,0.005561820,123.452381000,8.231608000,115.220773000,105.377681535,98.351265687
avx2_fma,1200,0x00,37,1.180688609,0.050781342,143.878965000,9.878453000,134.000512000,121.860212730,113.493524910
avx2_fma,1200,0x00,38,1.174666479,0.021712856,130.774262000,8.771340000,122.002922000,111.328844697,103.861754968
avx2_fma,1200,0x00,39,1.170465718,0.000433647,121.076778000,7.993510000,113.083268000,103.443250122,96.613908708
avx2_fma,1200,0x00,40,1.170905156,0.001317786,121.548456000,8.051127000,113.497329000,103.807260053,96.931274444
avx2_fma,1200,0x00,41,1.170624204,0.000424112,121.209955000,8.001261000,113.208694000,103.543011141,96.707973071
avx2_fma,1200,0x00,42,1.173858738,0.017007550,128.603186000,8.594033000,120.009153000,109.555930236,102.234748631
avx2_fma,1200,0x00,43,1.170494058,0.000357697,121.079097000,7.967753000,113.111344000,103.442726721,96.635555900
avx2_fma,1200,0x00,44,1.170518055,0.000457210,121.123286000,7.965739000,113.157547000,103.478357750,96.673047085
avx2_fma,1200,0x00,45,1.170623121,0.000419831,121.096613000,7.958659000,113.137954000,103.446285029,96.647633218
avx2_fma,1200,0x00,46,1.174544941,0.020395246,130.297396000,8.760597000,121.536799000,110.934363953,103.475648078
avx2_fma,1200,0x00,47,1.177990804,0.038937314,138.732616000,9.424353000,129.308263000,117.770542481,109.770180365
avx2_fma,1200,0x00,48,1.170622737,0.000633822,121.283137000,7.964457000,113.318680000,103.605656355,96.802049395
avx2_fma,1200,0x00,49,1.170521882,0.000397425,121.125911000,8.014750000,113.111161000,103.480261971,96.633102493
avx2_fma,1200,0x00,50,1.170911189,0.001224711,121.459283000,8.040995000,113.418288000,103.730568249,96.863271159
avx2_fma,1200,0x00,51,1.174072937,0.018094711,129.203282000,8.710305000,120.492977000,110.047065988,102.628187038
avx2_fma,1200,0x00,52,1.170456510,0.000344559,121.157100000,8.012309000,113.144791000,103.512688402,96.667232008
avx2_fma,1200,0x00,53,1.170439689,0.000341273,121.191402000,7.993876000,113.197526000,103.543482921,96.713676933
avx2_fma,1200,0x00,54,1.180262821,0.050543154,144.034300000,9.874792000,134.159508000,122.035785090,113.669180786
avx2_fma,1200,0x00,55,1.174290587,0.019925784,130.361422000,8.706948000,121.654474000,111.012915766,103.598270620
avx2_fma,1200,0x00,56,1.170675260,0.000755863,121.456354000,8.048197000,113.408157000,103.748971332,96.874138256
avx2_fma,1200,0x00,57,1.177390590,0.035429186,137.261611000,9.334693000,127.926918000,116.581202692,108.652913575
avx2_fma,1200,0x00,58,1.172004171,0.007133023,124.299975000,8.287638000,116.012337000,106.057621682,98.986283368
avx2_fma,1200,0x00,59,1.170607329,0.000569947,121.369380000,8.035502000,113.333878000,103.680693723,96.816306497
avx2_fma,1200,0x00,60,1.171015993,0.001262564,121.549677000,8.073099000,113.476578000,103.798477296,96.904379311
avx2_fma,1200,0x00,61,1.170724871,0.000499524,121.242488000,8.015360000,113.227128000,103.561896539,96.715403229
avx2_fma,1200,0x00,62,1.170610072,0.000579385,121.360102000,8.024333000,113.335769000,103.672525020,96.817695055
avx2_fma,1200,0x00,63,1.170566271,0.000387819,121.228510000,7.993388000,113.235122000,103.563986967,96.735336423
avx2_fma,1200,0x00,64,1.170536466,0.000440683,121.158076000,7.994059000,113.164017000,103.506451567,96.677053907
avx2_fma,1200,0x00,65,1.170687701,0.000650514,121.179561000,7.950663000,113.228898000,103.511432519,96.719985927
avx2_fma,1200,0x00,66,1.170690486,0.000755777,121.205317000,7.955180000,113.250137000,103.533186963,96.737898121
avx2_fma,1200,0x00,67,1.174326713,0.019343686,129.770115000,8.676187000,121.093928000,110.505972121,103.117749658
avx2_fma,1200,0x00,68,1.170563777,0.000441198,121.133296000,8.008891000,113.124405000,103.482867327,96.640958189
avx2_fma,1200,0x00,69,1.170621532,0.000639299,121.201350000,8.019938000,113.181412000,103.535896665,96.684888223
avx2_fma,1200,0x00,70,1.171809371,0.005000589,123.295583000,8.184855000,115.110728000,105.218123388,98.233322616
avx2_fma,1200,0x00,71,1.173055625,0.012481491,126.651226000,8.436929000,118.214297000,107.966939774,100.774672995
avx2_fma,1200,0x00,72,1.170626104,0.000865741,121.292170000,7.973613000,113.318557000,103.613074731,96.801665886
avx2_fma,1200,0x00,73,1.170690822,0.000659007,121.312555000,7.985026000,113.327529000,103.624759597,96.803978355
avx2_fma,1200,0x00,74,1.176433035,0.025517798,132.337247000,8.921669000,123.415578000,112.490250677,104.906589954
avx2_fma,1200,0x00,75,1.170564717,0.000479169,121.247309000,7.992473000,113.254836000,103.580184231,96.752306296
avx2_fma,1200,0x00,76,1.170536979,0.000706160,121.420282000,7.939860000,113.480422000,103.730411088,96.947319102
avx2_fma,1200,0x00,77,1.180299547,0.050587335,144.091978000,9.865148000,134.226830000,122.080855153,113.722681987
avx2_fma,1200,0x00,78,1.171521578,0.005069381,123.212331000,8.136820000,115.075511000,105.172907836,98.227393430
avx2_fma,1200,0x00,79,1.170472788,0.000426397,121.251276000,7.974711000,113.276565000,103.591708628,96.778469497
avx2_fma,1200,0x00,80,1.170897097,0.001207669,121.499262000,8.013773000,113.485489000,103.765960612,96.921829711
avx2_fma,1200,0x00,81,1.170770382,0.000677694,121.150508000,8.025737000,113.124771000,103.479307139,96.624216576
avx2_fma,1200,0x00,82,1.170623016,0.000732510,121.272151000,8.039958000,113.232193000,103.596246900,96.728145138
avx2_fma,1200,0x00,83,1.170646655,0.000548153,121.188715000,8.040689000,113.148026000,103.522881570,96.654294053
avx2_fma,1200,0x00,84,1.170564425,0.000440634,121.094477000,7.975687000,113.118790000,103.449647369,96.636107824
avx2_fma,1200,0x00,85,1.170546051,0.000449137,121.045833000,8.008830000,113.037003000,103.409714542,96.567753910
avx2_fma,1200,0x00,86,1.170607409,0.000727419,121.342096000,7.985758000,113.356338000,103.657379149,96.835486565
avx2_fma,1200,0x00,87,1.170635307,0.000503073,121.418695000,8.035624000,113.383071000,103.720342500,96.856015113
avx2_fma,1200,0x00,88,1.170612637,0.000479542,121.379084000,8.008342000,113.370742000,103.688513323,96.847358745
avx2_fma,1200,0x00,89,1.175599337,0.025675864,132.660549000,8.928139000,123.732410000,112.845035543,105.250493153
avx2_fma,1200,0x00,90,1.170921255,0.001247273,121.694818000,8.034159000,113.660659000,103.930830066,97.069430152
avx2_fma,1200,0x00,91,1.174460931,0.019812457,130.156588000,8.691567000,121.465021000,110.822407589,103.421934086
avx2_fma,1200,0x00,92,1.170579640,0.000707537,121.337702000,8.028666000,113.309036000,103.656084462,96.797374702
avx2_fma,1200,0x00,93,1.173831461,0.017077418,128.720007000,8.635720000,120.084287000,109.657997099,102.301131754
avx2_fma,1200,0x00,94,1.170565293,0.000391645,121.053279000,8.028605000,113.024674000,103.414375742,96.555634029
avx2_fma,1200,0x00,95,1.170625004,0.000456617,121.181453000,8.040324000,113.141129000,103.518592721,96.650189967
avx2_fma,1200,0x00,96,1.170700507,0.001011509,121.433100000,8.066324000,113.366776000,103.726870599,96.836701891
avx2_fma,1200,0x00,97,1.170583282,0.000396429,121.172785000,8.038249000,113.134536000,103.514877438,96.648002503
avx2_fma,1200,0x00,98,1.170665181,0.000602730,121.202937000,8.050639000,113.152298000,103.533391943,96.656413681
avx2_fma,1200,0x00,99,1.179509139,0.046457618,142.272157000,9.746374000,132.525783000,120.619800478,112.356724188
avx2_fma,1200,0xAA,0,1.170505166,0.000430083,121.237483000,8.009684000,113.227799000,103.577059321,96.734130103
avx2_fma,1200,0xAA,1,1.172615619,0.010413319,125.881941000,8.414652000,117.467289000,107.351410745,100.175442882
avx2_fma,1200,0xAA,2,1.170880136,0.001391972,121.547357000,8.074381000,113.472976000,103.808539611,96.912546802
avx2_fma,1200,0xAA,3,1.174066419,0.018176531,129.218968000,8.692666000,120.526302000,110.061037336,102.657141051
avx2_fma,1200,0xAA,4,1.178069381,0.039456200,138.874827000,9.472570000,129.402257000,117.883402510,109.842645188
avx2_fma,1200,0xAA,5,1.170545705,0.000456858,121.121333000,8.042521000,113.078812000,103.474244987,96.603500027
avx2_fma,1200,0xAA,6,1.170500295,0.000414471,121.109798000,8.027140000,113.082658000,103.468404486,96.610533512
avx2_fma,1200,0xAA,7,1.180357277,0.050590782,143.903868000,9.899694000,134.004174000,121.915517302,113.528485515
avx2_fma,1200,0xAA,8,1.170507120,0.000389561,121.299982000,8.049906000,113.250076000,103.630281229,96.753000549
avx2_fma,1200,0xAA,9,1.180276858,0.050514557,144.403561000,9.885045000,134.518516000,122.347193394,113.972001647
avx2_fma,1200,0xAA,10,1.174921581,0.020967251,130.882417000,8.794778000,122.087639000,111.396725593,103.911308576
avx2_fma,1200,0xAA,11,1.170672876,0.000931022,121.553522000,8.054240000,113.499282000,103.832184426,96.952175362
avx2_fma,1200,0xAA,12,1.170582273,0.000475433,121.306269000,8.030559000,113.275710000,103.628998809,96.768687335
avx2_fma,1200,0xAA,13,1.177372723,0.035268969,137.066849000,9.297278000,127.769571000,116.417551017,108.520919966
avx2_fma,1200,0xAA,14,1.171015589,0.002218379,122.166801000,8.076090000,114.090711000,104.325512100,97.428857542
avx2_fma,1200,0xAA,15,1.170723198,0.000926908,121.456964000,8.026469000,113.430495000,103.745244111,96.889252010
avx2_fma,1200,0xAA,16,1.170569127,0.000508885,121.404902000,8.016093000,113.388809000,103.714423329,96.866392903
avx2_fma,1200,0xAA,17,1.176497304,0.030877229,135.117635000,9.103980000,126.013655000,114.847381715,107.109174440
avx2_fma,1200,0xAA,18,1.170617002,0.000834866,121.423212000,8.006388000,113.416824000,103.725823039,96.886363177
avx2_fma,1200,0xAA,19,1.174437807,0.020363157,130.284700000,8.699990000,121.584710000,110.933673350,103.525882191
avx2_fma,1200,0xAA,20,1.170848985,0.001349643,121.764581000,8.052714000,113.711867000,103.996828405,97.119157500
avx2_fma,1200,0xAA,21,1.170661309,0.000729938,121.392450000,8.047098000,113.345352000,103.695619783,96.821643563
avx2_fma,1200,0xAA,22,1.170522708,0.000407755,121.400874000,8.053812000,113.347062000,103.715095126,96.834569062
avx2_fma,1200,0xAA,23,1.170511499,0.000367664,121.347407000,8.038737000,113.308670000,103.670409984,96.802697017
avx2_fma,1200,0xAA,24,1.170768813,0.000902244,121.511957000,8.066202000,113.445755000,103.788173738,96.898511228
avx2_fma,1200,0xAA,25,1.170686671,0.000869279,121.444513000,8.044047000,113.400466000,103.737845477,96.866624340
avx2_fma,1200,0xAA,26,1.170527728,0.000344008,121.252985000,8.035624000,113.217361000,103.588306415,96.723348153
avx2_fma,1200,0xAA,27,1.180279162,0.050667444,144.315365000,9.916051000,134.399314000,122.272229909,113.870784452
avx2_fma,1200,0xAA,28,1.170476692,0.000325126,121.306208000,8.025859000,113.280349000,103.638294393,96.781379553
avx2_fma,1200,0xAA,29,1.180655763,0.052994593,145.198420000,9.969884000,135.228536000,122.981163986,114.536802545
avx2_fma,1200,0xAA,30,1.171763623,0.005039300,123.343068000,8.220316000,115.122752000,105.262755683,98.247419282
avx2_fma,1200,0xAA,31,1.170647343,0.000511656,121.239863000,8.034953000,113.204910000,103.566512759,96.702829134
avx2_fma,1200,0xAA,32,1.170555800,0.000565308,121.268000000,8.042033000,113.225967000,103.598649462,96.728380655
avx2_fma,1200,0xAA,33,1.180030997,0.048874185,143.216735000,9.841161000,133.375574000,121.366926284,113.027178407
avx2_fma,1200,0xAA,34,1.180319424,0.050716259,144.002927000,9.895849000,134.107078000,122.003352761,113.619309592
avx2_fma,1200,0xAA,35,1.170519905,0.000381864,121.166377000,8.022684000,113.143693000,103.515007683,96.661058457
avx2_fma,1200,0xAA,36,1.170489335,0.000450272,121.096919000,7.992411000,113.104508000,103.458370280,96.630105585
avx2_fma,1200,0xAA,37,1.170538960,0.000709995,121.323115000,8.008525000,113.314590000,103.647225013,96.805483498
avx2_fma,1200,0xAA,38,1.170483537,0.000362093,121.034724000,7.989726000,113.044998000,103.405746533,96.579741943
avx2_fma,1200,0xAA,39,1.170480278,0.000340925,121.041865000,7.992899000,113.048966000,103.412135448,96.583400993
avx2_fma,1200,0xAA,40,1.174110606,0.016101111,128.400673000,8.643594000,119.757079000,109.359946441,101.998123837
avx2_fma,1200,0xAA,41,1.170798642,0.000878060,121.185358000,8.074686000,113.110672000,103.506575468,96.609842153
avx2_fma,1200,0xAA,42,1.170604514,0.000469075,121.037105000,8.048503000,112.988602000,103.397094019,96.521584055
avx2_fma,1200,0xAA,43,1.170609761,0.000421396,120.978511000,8.027811000,112.950700000,103.346576274,96.488773388
avx2_fma,1200,0xAA,44,1.170679302,0.000814260,121.250483000,8.063945000,113.186538000,103.572757098,96.684495739
avx2_fma,1200,0xAA,45,1.181467841,0.050580221,143.827513000,9.880224000,133.947289000,121.736291034,113.373622451
avx2_fma,1200,0xAA,46,1.170606215,0.000485568,121.048762000,8.020182000,113.028580000,103.406901836,96.555595312
avx2_fma,1200,0xAA,47,1.170644862,0.000826848,121.252497000,8.045817000,113.206680000,103.577524645,96.704546115
avx2_fma,1200,0xAA,48,1.170593963,0.000588790,121.110224000,8.041849000,113.068375000,103.460489162,96.590601519
avx2_fma,1200,0xAA,49,1.170460211,0.000357553,121.188044000,8.037333000,113.150711000,103.538798568,96.671984194
avx2_fma,1200,0xAA,50,1.170889023,0.001278467,121.410334000,8.087992000,113.322342000,103.690726977,96.783162005
avx2_fma,1200,0xAA,51,1.171947023,0.006851161,124.036181000,8.304850000,115.731331000,105.837703064,98.751333254
avx2_fma,1200,0xAA,52,1.170491433,0.000336396,120.945247000,8.046427000,112.898820000,103.328605045,96.454204454
avx2_fma,1200,0xAA,53,1.170517573,0.000385412,121.054438000,8.051066000,113.003372000,103.419581863,96.541371588
avx2_fma,1200,0xAA,54,1.170577930,0.000819326,121.206233000,8.087259000,113.118974000,103.543924647,96.635150109
avx2_fma,1200,0xAA,55,1.179553040,0.046505783,141.989017000,9.784277000,132.204740000,120.375271092,112.080368984
avx2_fma,1200,0xAA,56,1.170645663,0.000655587,121.113215000,8.039592000,113.073623000,103.458474918,96.590818673
avx2_fma,1200,0xAA,57,1.170554799,0.000789741,121.256464000,8.080851000,113.175613000,103.588882889,96.685446155
avx2_fma,1200,0xAA,58,1.170584133,0.000488897,121.165949000,8.049662000,113.116287000,103.508962408,96.632342630
avx2_fma,1200,0xAA,59,1.170519939,0.000373746,121.040645000,8.048624000,112.992021000,103.407589176,96.531479056
avx2_fma,1200,0xAA,60,1.175247476,0.023003959,131.472015000,8.842629000,122.629386000,111.867515291,104.343458290
avx2_fma,1200,0xAA,61,1.170983668,0.002575683,122.188225000,8.123026000,114.065199000,104.346651777,97.409726673
avx2_fma,1200,0xAA,62,1.170508003,0.000356572,121.003230000,8.028482000,112.974748000,103.376678939,96.517706612
avx2_fma,1200,0xAA,63,1.170499133,0.000350871,120.936214000,8.003642000,112.932572000,103.320208101,96.482405514
avx2_fma,1200,0xAA,64,1.170639880,0.000857870,121.245600000,8.028849000,113.216751000,103.572073765,96.713560624
avx2_fma,1200,0xAA,65,1.170490028,0.000338071,120.959407000,8.049540000,112.909867000,103.340826560,96.463758148
avx2_fma,1200,0xAA,66,1.170613314,0.000555509,121.175532000,8.049174000,113.126358000,103.514568470,96.638536986
avx2_fma,1200,0xAA,67,1.170592528,0.000777459,121.156794000,8.056315000,113.100479000,103.500399250,96.618145342
avx2_fma,1200,0xAA,68,1.170489269,0.000360208,121.007991000,8.045817000,112.962174000,103.382401054,96.508508900
avx2_fma,1200,0xAA,69,1.171528893,0.005380024,123.560230000,8.218362000,115.341868000,105.469212690,98.454138586
avx2_fma,1200,0xAA,70,1.170816546,0.001203579,121.515802000,7.980021000,113.535781000,103.787226496,96.971452470
avx2_fma,1200,0xAA,71,1.170599995,0.000618667,121.038325000,8.025553000,113.012772000,103.398535368,96.542604194
avx2_fma,1200,0xAA,72,1.170495688,0.000434647,121.014400000,8.030863000,112.983537000,103.387309503,96.526230833
avx2_fma,1200,0xAA,73,1.170590734,0.000583873,121.201777000,8.039347000,113.162430000,103.538985465,96.671216255
avx2_fma,1200,0xAA,74,1.180521175,0.052077893,144.697078000,9.937352000,134.759726000,122.570506171,114.152739333
avx2_fma,1200,0xAA,75,1.170482851,0.000355262,121.064631000,8.044901000,113.019730000,103.431358166,96.558210907
avx2_fma,1200,0xAA,76,1.180206293,0.050510188,144.010984000,9.888281000,134.122703000,122.021874346,113.643439951
avx2_fma,1200,0xAA,77,1.170658022,0.000883685,121.168330000,8.061686000,113.106644000,103.504463034,96.618006147
avx2_fma,1200,0xAA,78,1.180270255,0.050520377,143.863585000,9.900793000,133.962792000,121.890375884,113.501794574
avx2_fma,1200,0xAA,79,1.170606524,0.000480273,121.099238000,8.049845000,113.049393000,103.449994055,96.573349485
avx2_fma,1200,0xAA,80,1.181369727,0.053953666,145.292719000,10.007421000,135.285298000,122.986661755,114.515629551
avx2_fma,1200,0xAA,81,1.170645895,0.000616289,121.066218000,8.041727000,113.024491000,103.418308207,96.548829544
avx2_fma,1200,0xAA,82,1.170562769,0.000467906,121.102290000,8.027690000,113.074600000,103.456468259,96.598493437
avx2_fma,1200,0xAA,83,1.170628856,0.000984919,121.229670000,8.015055000,113.214615000,103.559441024,96.712646707
avx2_fma,1200,0xAA,84,1.170523486,0.000376967,121.131709000,8.025919000,113.105790000,103.485073525,96.628381543
avx2_fma,1200,0xAA,85,1.170560886,0.000356455,121.023128000,8.036600000,112.986528000,103.389007333,96.523409739
avx2_fma,1200,0xAA,86,1.170510608,0.000368161,120.943294000,8.001078000,112.942216000,103.325243865,96.489698808
avx2_fma,1200,0xAA,87,1.170618746,0.000904068,121.214045000,8.045450000,113.168595000,103.546987819,96.674169466
avx2_fma,1200,0xAA,88,1.174305201,0.019257765,129.489659000,8.691079000,120.798580000,110.269169307,102.868129957
avx2_fma,1200,0xAA,89,1.170607631,0.000576531,120.960506000,7.989116000,112.971390000,103.331383428,96.506623546
avx2_fma,1200,0xAA,90,1.170899343,0.001270540,121.367060000,8.009501000,113.357559000,103.652855183,96.812385889
avx2_fma,1200,0xAA,91,1.170654513,0.000527596,120.965937000,8.029093000,112.936844000,103.331884607,96.473248763
avx2_fma,1200,0xAA,92,1.170594767,0.000384378,120.924740000,8.032694000,112.892046000,103.301965283,96.439903172
avx2_fma,1200,0xAA,93,1.170676432,0.000956979,121.248103000,8.064310000,113.183793000,103.570978020,96.682387988
avx2_fma,1200,0xAA,94,1.170598090,0.000400420,120.991024000,8.030925000,112.960099000,103.358296128,96.497764686
avx2_fma,1200,0xAA,95,1.180288449,0.050575286,143.671812000,9.851416000,133.820396000,121.726017130,113.379399821
avx2_fma,1200,0xAA,96,1.170565188,0.000587137,121.034969000,7.998332000,113.036637000,103.398742964,96.565862504
avx2_fma,1200,0xAA,97,1.170657557,0.000920908,121.156245000,7.961467000,113.194778000,103.494180917,96.693330445
avx2_fma,1200,0xAA,98,1.170507371,0.000448002,120.982906000,7.968974000,113.013932000,103.359371327,96.551234789
avx2_fma,1200,0xAA,99,1.170692188,0.000528909,121.075740000,8.000345000,113.075395000,103.422352421,96.588493714
avx2_fma,1400,0x00,0,1.003058823,0.000269812,103.829446000,6.921674000,96.907772000,103.512818558,96.612252173
avx2_fma,1400,0x00,1,1.003144401,0.000401998,103.789346000,6.906659000,96.882687000,103.464013656,96.579003887
avx2_fma,1400,0x00,2,1.003088231,0.000276524,103.896523000,6.886640000,97.009883000,103.576654317,96.711216379
avx2_fma,1400,0x00,3,1.003369210,0.001282555,104.454872000,6.923139000,97.531733000,104.104123332,97.204231517
avx2_fma,1400,0x00,4,1.003178433,0.000316483,104.128823000,6.913130000,97.215693000,103.798905142,96.907678444
avx2_fma,1400,0x00,5,1.003094437,0.000321669,103.873513000,6.884077000,96.989436000,103.553074535,96.690234162
avx2_fma,1400,0x00,6,1.003184028,0.000775620,103.944619000,6.909162000,97.035457000,103.614706868,96.727474011
avx2_fma,1400,0x00,7,1.005741083,0.013755040,109.825525000,7.399396000,102.426129000,109.198606762,101.841448815
avx2_fma,1400,0x00,8,1.004634592,0.008238374,107.433563000,7.206586000,100.226977000,106.937949187,99.764608696
avx2_fma,1400,0x00,9,1.003057496,0.000306689,103.817300000,6.911115000,96.906185000,103.500846546,96.610797844
avx2_fma,1400,0x00,10,1.003219532,0.000725235,104.117653000,6.928388000,97.189265000,103.783518681,96.877365261
avx2_fma,1400,0x00,11,1.003294659,0.000484405,104.543678000,6.939679000,97.603999000,104.200373261,97.283483059
avx2_fma,1400,0x00,12,1.003201222,0.000317263,103.959816000,6.910566000,97.049250000,103.628079545,96.739565207
avx2_fma,1400,0x00,13,1.003138543,0.000326449,103.874856000,6.904279000,96.970577000,103.549860300,96.667182879
avx2_fma,1400,0x00,14,1.003100257,0.000296563,103.965005000,6.917707000,97.047298000,103.643682917,96.747356304
avx2_fma,1400,0x00,15,1.011781896,0.044992462,124.343920000,8.566079000,115.777841000,122.895972443,114.429642857
avx2_fma,1400,0x00,16,1.003023456,0.000299511,103.756814000,6.908551000,96.848263000,103.444055409,96.556329149
avx2_fma,1400,0x00,17,1.003150144,0.000294620,103.744607000,6.924299000,96.820308000,103.418822834,96.516267875
avx2_fma,1400,0x00,18,1.003282512,0.001090984,104.236367000,6.915937000,97.320430000,103.895329316,97.002019689
avx2_fma,1400,0x00,19,1.003611608,0.003222563,105.230566000,7.027081000,98.203485000,104.851882130,97.850088861
avx2_fma,1400,0x00,20,1.005270200,0.011119757,109.055202000,7.309918000,101.745284000,108.483472388,101.211877151
avx2_fma,1400,0x00,21,1.003142966,0.000346676,103.963052000,6.918378000,97.044674000,103.637323368,96.740621471
avx2_fma,1400,0x00,22,1.003292572,0.001110242,104.308571000,6.919232000,97.389339000,103.966254662,97.069729963
avx2_fma,1400,0x00,23,1.003071438,0.000283690,104.057046000,6.909956000,97.147090000,103.738419919,96.849622431
avx2_fma,1400,0x00,24,1.003065876,0.000296950,103.858743000,6.908979000,96.949764000,103.541298204,96.653436535
avx2_fma,1400,0x00,25,1.003054389,0.000270695,103.645304000,6.906843000,96.738461000,103.329694964,96.443883907
avx2_fma,1400,0x00,26,1.006356333,0.015962123,111.094076000,7.471538000,103.622538000,110.392385243,102.968038860
avx2_fma,1400,0x00,27,1.002999496,0.000265367,103.869363000,6.891157000,96.978206000,103.558738929,96.688190116
avx2_fma,1400,0x00,28,1.003139060,0.000494688,103.874307000,6.917340000,96.956967000,103.549259665,96.653565662
avx2_fma,1400,0x00,29,1.003024219,0.000324048,103.940591000,6.901716000,97.038875000,103.627199628,96.746292998
avx2_fma,1400,0x00,30,1.003156428,0.000429866,104.082375000,6.908796000,97.173579000,103.754880213,96.867822713
avx2_fma,1400,0x00,31,1.012390449,0.048095332,126.175031000,8.718361000,117.456670000,124.630799445,116.019140762
avx2_fma,1400,0x00,32,1.003065438,0.000313020,104.079568000,6.914288000,97.165280000,103.761493623,96.868336166
avx2_fma,1400,0x00,33,1.011297657,0.042697253,123.257741000,8.507242000,114.750499000,121.880773775,113.468569972
avx2_fma,1400,0x00,34,1.003148034,0.000447080,104.190529000,6.909650000,97.280879000,103.863563017,96.975596566
avx2_fma,1400,0x00,35,1.003045118,0.000269113,104.213234000,6.924787000,97.288447000,103.896855862,96.993091636
avx2_fma,1400,0x00,36,1.008752428,0.029436031,117.284428000,7.998453000,109.285975000,116.266811095,108.337756574
avx2_fma,1400,0x00,37,1.006140874,0.014897568,110.447228000,7.453594000,102.993634000,109.773125094,102.365023312
avx2_fma,1400,0x00,38,1.002992765,0.000266480,103.840432000,6.919111000,96.921321000,103.530589302,96.632123786
avx2_fma,1400,0x00,39,1.003064273,0.000387641,103.997414000,6.934857000,97.062557000,103.679711090,96.766039466
avx2_fma,1400,0x00,40,1.011610493,0.044589446,124.084582000,8.567972000,115.516610000,122.660433943,114.190798581
avx2_fma,1400,0x00,41,1.003127844,0.000320926,103.925088000,6.922772000,97.002316000,103.601040060,96.699853897
avx2_fma,1400,0x00,42,1.010081938,0.036525885,120.646237000,8.267008000,112.379229000,119.442029886,111.257537429
avx2_fma,1400,0x00,43,1.009354819,0.032924794,118.801575000,8.123820000,110.677755000,117.700508097,109.651980611
avx2_fma,1400,0x00,44,1.003045002,0.000297094,103.992593000,6.922773000,97.069820000,103.676896646,96.775139510
avx2_fma,1400,0x00,45,1.003046741,0.000294243,104.256874000,6.931135000,97.325739000,103.940195179,97.030113406
avx2_fma,1400,0x00,46,1.003135513,0.000467386,104.087258000,6.909467000,97.177791000,103.761911160,96.874041167
avx2_fma,1400,0x00,47,1.003053042,0.000293456,104.082131000,6.929121000,97.153010000,103.765331097,96.857300604
avx2_fma,1400,0x00,48,1.003082297,0.000384542,103.946206000,6.903303000,97.042903000,103.626797477,96.744707121
avx2_fma,1400,0x00,49,1.003167500,0.001058178,104.231850000,6.923505000,97.308345000,103.902738048,97.001094007
avx2_fma,1400,0x00,50,1.011929217,0.046247442,125.009690000,8.613320000,116.396370000,123.536002231,115.024221114
avx2_fma,1400,0x00,51,1.003077876,0.000322161,103.861001000,6.922468000,96.938533000,103.542310651,96.641083769
avx2_fma,1400,0x00,52,1.003299615,0.001716181,104.674292000,6.982648000,97.691644000,104.330043021,97.370359298
avx2_fma,1400,0x00,53,1.003051155,0.000260191,104.303139000,6.910138000,97.393001000,103.985862028,97.096743795
avx2_fma,1400,0x00,54,1.003134591,0.000308620,104.246376000,6.909650000,97.336726000,103.920627296,97.032568546
avx2_fma,1400,0x00,55,1.003071986,0.000321904,104.176308000,6.930097000,97.246211000,103.857259907,96.948386871
avx2_fma,1400,0x00,56,1.003138330,0.000510409,104.392250000,6.910443000,97.481807000,104.065657610,97.176834013
avx2_fma,1400,0x00,57,1.009413932,0.033266441,119.211914000,8.131205000,111.080709000,118.100127469,110.044755193
avx2_fma,1400,0x00,58,1.003069608,0.000392564,104.270607000,6.916059000,97.354548000,103.951516567,97.056622192
avx2_fma,1400,0x00,59,1.002995779,0.000253801,104.141762000,6.907636000,97.234126000,103.830708156,96.943704097
avx2_fma,1400,0x00,60,1.003194995,0.001081925,104.711768000,6.954328000,97.757440000,104.378279869,97.446100152
avx2_fma,1400,0x00,61,1.003281171,0.000808695,104.649330000,6.949018000,97.700312000,104.307080676,97.380789021
avx2_fma,1400,0x00,62,1.003152219,0.000340453,104.271340000,6.921308000,97.350032000,103.943686699,97.044127622
avx2_fma,1400,0x00,63,1.002996984,0.000258162,104.059854000,6.920515000,97.139339000,103.748920143,96.849083842
avx2_fma,1400,0x00,64,1.003046250,0.000291918,104.180947000,6.927961000,97.252986000,103.864549642,96.957628847
avx2_fma,1400,0x00,65,1.003012578,0.000253212,103.993691000,6.905927000,97.087764000,103.681342856,96.796158014
avx2_fma,1400,0x00,66,1.004974061,0.009457544,108.331082000,7.249432000,101.081650000,107.794903597,100.581352240
avx2_fma,1400,0x00,67,1.003131170,0.000447609,104.071205000,6.923017000,97.148188000,103.746357529,96.844950008
avx2_fma,1400,0x00,68,1.005168618,0.010108951,108.488004000,7.262555000,101.225449000,107.930154293,100.704943644
avx2_fma,1400,0x00,69,1.003092835,0.000318237,104.088540000,6.917707000,97.170833000,103.767603875,96.871226236
avx2_fma,1400,0x00,70,1.007001643,0.020338079,113.345719000,7.656902000,105.688817000,112.557630657,104.953966797
avx2_fma,1400,0x00,71,1.009561717,0.033273845,119.202819000,8.152506000,111.050313000,118.073830461,109.998538120
avx2_fma,1400,0x00,72,1.003295500,0.001203034,104.678321000,6.966779000,97.711542000,104.334486729,97.390591334
avx2_fma,1400,0x00,73,1.010926379,0.040434946,122.287834000,8.397378000,113.890456000,120.966112457,112.659495696
avx2_fma,1400,0x00,74,1.003137881,0.000345531,104.198891000,6.925153000,97.273738000,103.872950044,96.969459376
avx2_fma,1400,0x00,75,1.003536374,0.001716956,104.828223000,6.967938000,97.860285000,104.458817602,97.515434000
avx2_fma,1400,0x00,76,1.003115688,0.000305693,104.263344000,6.926313000,97.337031000,103.939500981,97.034701181
avx2_fma,1400,0x00,77,1.003189389,0.000420698,104.146889000,6.903669000,97.243220000,103.815780060,96.934059546
avx2_fma,1400,0x00,78,1.011596795,0.044203172,123.953541000,8.543923000,115.409618000,122.532556114,114.086579372
avx2_fma,1400,0x00,79,1.003110062,0.000319678,104.116127000,6.917402000,97.198725000,103.793323289,96.897368139
avx2_fma,1400,0x00,80,1.003127450,0.000311750,103.794473000,6.910138000,96.884335000,103.470873011,96.582278745
avx2_fma,1400,0x00,81,1.012262881,0.047234035,125.863752000,8.672707000,117.191045000,124.338997624,115.771354614
avx2_fma,1400,0x00,82,1.003072424,0.000395373,103.898416000,6.911176000,96.987240000,103.580173777,96.690166801
avx2_fma,1400,0x00,83,1.003243022,0.001155835,104.265846000,6.929487000,97.336359000,103.928802633,97.021715467
avx2_fma,1400,0x00,84,1.003051313,0.000275561,103.726480000,6.903547000,96.822933000,103.410940889,96.528394689
avx2_fma,1400,0x00,85,1.004312557,0.006155490,106.728487000,7.115826000,99.612661000,106.270190760,99.184920391
avx2_fma,1400,0x00,86,1.003087725,0.000304257,103.905923000,6.906172000,96.999751000,103.586077656,96.701164377
avx2_fma,1400,0x00,87,1.005564525,0.012596519,109.632349000,7.374920000,102.257429000,109.025672921,101.691563755
avx2_fma,1400,0x00,88,1.003024730,0.000267631,104.019021000,6.915022000,97.103999000,103.705340339,96.811171339
avx2_fma,1400,0x00,89,1.007008324,0.015270387,110.075158000,7.393109000,102.682049000,109.309084485,101.967428193
avx2_fma,1400,0x00,90,1.003091112,0.000269504,103.884011000,6.913922000,96.970089000,103.563883481,96.671267327
avx2_fma,1400,0x00,91,1.003301950,0.000694109,104.997961000,6.975324000,98.022637000,104.652403950,97.700036323
avx2_fma,1400,0x00,92,1.004394726,0.006417022,106.739534000,7.140180000,99.599354000,106.272495524,99.163557357
avx2_fma,1400,0x00,93,1.005191064,0.011041949,108.969387000,7.281780000,101.687607000,108.406641191,101.162466167
avx2_fma,1400,0x00,94,1.003307323,0.001177336,104.405922000,6.934003000,97.471919000,104.061756201,97.150610589
avx2_fma,1400,0x00,95,1.003152451,0.000364049,104.203835000,6.908002000,97.295833000,103.876369812,96.990076516
avx2_fma,1400,0x00,96,1.005455305,0.011911399,109.623560000,7.346539000,102.277021000,109.028774749,101.722095912
avx2_fma,1400,0x00,97,1.006260878,0.016434661,111.361470000,7.502178000,103.859292000,110.668587491,103.213087466
avx2_fma,1400,0x00,98,1.003051521,0.000332104,104.046060000,6.911847000,97.134213000,103.729527129,96.838707612
avx2_fma,1400,0x00,99,1.003095155,0.000310795,103.913736000,6.910443000,97.003293000,103.593099312,96.703979206
avx2_fma,1400,0xAA,0,1.003114943,0.000309329,104.052713000,6.907880000,97.144833000,103.729601253,96.843172084
avx2_fma,1400,0xAA,1,1.012101135,0.046534335,125.040024000,8.613259000,116.426765000,123.544989370,115.034714359
avx2_fma,1400,0xAA,2,1.004790963,0.008651208,107.725615000,7.185101000,100.540514000,107.211966459,100.061124874
avx2_fma,1400,0xAA,3,1.003427992,0.001205601,104.590674000,6.946394000,97.644280000,104.233362829,97.310699665
avx2_fma,1400,0xAA,4,1.003782694,0.003159017,105.245336000,7.021832000,98.223504000,104.848725367,97.853354713
avx2_fma,1400,0xAA,5,1.003140984,0.000340005,104.080361000,6.930280000,97.150081000,103.754469830,96.845889572
avx2_fma,1400,0xAA,6,1.003227347,0.000651767,104.074440000,6.927961000,97.146479000,103.739636189,96.833962196
avx2_fma,1400,0xAA,7,1.003108806,0.000334690,104.076333000,6.905744000,97.170589000,103.753782655,96.869440736
avx2_fma,1400,0xAA,8,1.003182009,0.000407359,103.974160000,6.917280000,97.056880000,103.644362727,96.749023756
avx2_fma,1400,0xAA,9,1.003137496,0.000338355,104.102211000,6.902509000,97.199702000,103.776612257,96.895692119
avx2_fma,1400,0xAA,10,1.003196899,0.000549834,104.108620000,6.893904000,97.214716000,103.776855895,96.904920776
avx2_fma,1400,0xAA,11,1.012432729,0.047821160,126.205548000,8.683450000,117.522098000,124.655737034,116.078920271
avx2_fma,1400,0xAA,12,1.003123757,0.000353582,103.862650000,6.904584000,96.958066000,103.539218637,96.656135716
avx2_fma,1400,0xAA,13,1.003162493,0.000557518,103.937600000,6.897138000,97.040462000,103.609934256,96.734539647
avx2_fma,1400,0xAA,14,1.003089177,0.000313527,103.796305000,6.884504000,96.911801000,103.476647365,96.613345317
avx2_fma,1400,0xAA,15,1.003108051,0.000291137,103.962380000,6.906904000,97.055476000,103.640260751,96.754757249
avx2_fma,1400,0xAA,16,1.003203541,0.000508395,104.007180000,6.896589000,97.110591000,103.675052681,96.800486638
avx2_fma,1400,0xAA,17,1.003134529,0.000490291,104.024880000,6.881635000,97.143245000,103.699829913,96.839698192
avx2_fma,1400,0xAA,18,1.003190808,0.000429929,104.182900000,6.893293000,97.289607000,103.851529668,96.980161886
avx2_fma,1400,0xAA,19,1.003102318,0.000297357,103.887430000,6.907697000,96.979733000,103.566134949,96.679801543
avx2_fma,1400,0xAA,20,1.003138160,0.000337636,103.959023000,6.897138000,97.061885000,103.633803550,96.758242162
avx2_fma,1400,0xAA,21,1.012420893,0.047818299,126.001935000,8.661111000,117.340824000,124.456079342,115.901227245
avx2_fma,1400,0xAA,22,1.003050337,0.000306055,104.017190000,6.928815000,97.088375000,103.700867422,96.793123368
avx2_fma,1400,0xAA,23,1.003056986,0.000276496,103.842141000,6.907453000,96.934688000,103.525664522,96.639263153
avx2_fma,1400,0xAA,24,1.003107778,0.000318944,103.906228000,6.922651000,96.983577000,103.584310987,96.683107393
avx2_fma,1400,0xAA,25,1.003272070,0.000540640,104.255104000,6.906171000,97.348933000,103.915086529,97.031439307
avx2_fma,1400,0xAA,26,1.003597481,0.002389759,105.337926000,6.976362000,98.361564000,104.960333244,98.008978607
avx2_fma,1400,0xAA,27,1.003059665,0.000286165,103.871865000,6.885358000,96.986507000,103.555021285,96.690665916
avx2_fma,1400,0xAA,28,1.003142823,0.000405338,104.123391000,6.934491000,97.188900000,103.797174804,96.884409405
avx2_fma,1400,0xAA,29,1.003089712,0.000452797,104.093910000,6.910261000,97.183649000,103.773280406,96.884304361
avx2_fma,1400,0xAA,30,1.003132714,0.000345418,104.030129000,6.887921000,97.142208000,103.705250163,96.838839660
avx2_fma,1400,0xAA,31,1.010164910,0.035209572,121.096065000,8.257303000,112.838762000,119.877520828,111.703307964
avx2_fma,1400,0xAA,32,1.005447680,0.012301195,109.318323000,7.366863000,101.951460000,108.726018475,101.399070341
avx2_fma,1400,0xAA,33,1.003109885,0.000490648,104.092996000,6.919416000,97.173580000,103.770282374,96.872318248
avx2_fma,1400,0xAA,34,1.011650686,0.044473979,124.001086000,8.548562000,115.452524000,122.573026221,114.122913823
avx2_fma,1400,0xAA,35,1.013103151,0.045613072,124.405871000,8.589822000,115.816049000,122.796845410,114.318121409
avx2_fma,1400,0xAA,36,1.003063212,0.000462765,104.027932000,6.926557000,97.101375000,103.710245568,96.804841283
avx2_fma,1400,0xAA,37,1.003143423,0.000412679,104.049050000,6.910200000,97.138850000,103.723004721,96.834458336
avx2_fma,1400,0xAA,38,1.003011122,0.000270458,104.027078000,6.921918000,97.105160000,103.714780099,96.813642270
avx2_fma,1400,0xAA,39,1.003039503,0.000284610,103.863137000,6.905561000,96.957576000,103.548401338,96.663766206
avx2_fma,1400,0xAA,40,1.003127670,0.000573064,104.253151000,6.926557000,97.326594000,103.928098201,97.023137640
avx2_fma,1400,0xAA,41,1.012351201,0.047780707,126.067121000,8.667153000,117.399968000,124.529037867,115.967628552
avx2_fma,1400,0xAA,42,1.002989201,0.000256234,104.241188000,6.907575000,97.333613000,103.930518745,97.043530340
avx2_fma,1400,0xAA,43,1.005431849,0.012544628,109.543543000,7.356793000,102.186750000,108.951733650,101.634685748
avx2_fma,1400,0xAA,44,1.003087762,0.000427194,104.095803000,6.908124000,97.187679000,103.775369399,96.888510377
avx2_fma,1400,0xAA,45,1.004738935,0.007984460,107.931792000,7.199506000,100.732286000,107.422722742,100.257173809
avx2_fma,1400,0xAA,46,1.003240528,0.001295876,104.765295000,6.950055000,97.815240000,104.426896758,97.499290856
avx2_fma,1400,0xAA,47,1.004329784,0.006813844,106.994355000,7.161786000,99.832569000,106.533089770,99.402179071
avx2_fma,1400,0xAA,48,1.003032047,0.000338332,104.171913000,6.905744000,97.266169000,103.857013701,96.972144944
avx2_fma,1400,0xAA,49,1.003125563,0.000317767,104.312904000,6.908185000,97.404719000,103.987883334,97.101223024
avx2_fma,1400,0xAA,50,1.003134893,0.000341678,104.188027000,6.905683000,97.282344000,103.862429427,96.978327348
avx2_fma,1400,0xAA,51,1.003504230,0.001640630,104.921301000,6.965436000,97.955865000,104.554916570,97.613803822
avx2_fma,1400,0xAA,52,1.003202338,0.000365642,103.938333000,6.901411000,97.036922000,103.606549783,96.727168887
avx2_fma,1400,0xAA,53,1.003128925,0.000318644,103.985573000,6.895246000,97.090327000,103.661224769,96.787486184
avx2_fma,1400,0xAA,54,1.003206080,0.000502889,104.164284000,6.909040000,97.255244000,103.831392283,96.944432425
avx2_fma,1400,0xAA,55,1.010820448,0.040394413,122.088432000,8.386575000,113.701857000,120.781521858,112.484721948
avx2_fma,1400,0xAA,56,1.003195894,0.000433330,103.982034000,6.905195000,97.076839000,103.650777111,96.767580078
avx2_fma,1400,0xAA,57,1.003102824,0.000293290,104.012551000,6.906416000,97.106135000,103.690816623,96.805763732
avx2_fma,1400,0xAA,58,1.003100031,0.000308330,103.993386000,6.922529000,97.070857000,103.671999558,96.770864293
avx2_fma,1400,0xAA,59,1.003043154,0.000398548,103.959939000,6.914228000,97.045711000,103.644532763,96.751281984
avx2_fma,1400,0xAA,60,1.011182896,0.042251375,123.120840000,8.421731000,114.699109000,121.759219361,113.430626149
avx2_fma,1400,0xAA,61,1.003165441,0.000334076,104.070718000,6.904706000,97.166012000,103.742327775,96.859409248
avx2_fma,1400,0xAA,62,1.003147079,0.000324199,103.874306000,6.910322000,96.963984000,103.548430900,96.659788004
avx2_fma,1400,0xAA,63,1.003167749,0.000567389,104.049783000,6.901899000,97.147884000,103.721220186,96.841115632
avx2_fma,1400,0xAA,64,1.003233173,0.000526773,104.168922000,6.903485000,97.265437000,103.833211280,96.951974508
avx2_fma,1400,0xAA,65,1.003091393,0.000298240,104.028543000,6.895552000,97.132991000,103.707940993,96.833640159
avx2_fma,1400,0xAA,66,1.003138066,0.000421251,104.118569000,6.896040000,97.222529000,103.792860166,96.918392697
avx2_fma,1400,0xAA,67,1.003141187,0.000550730,104.215920000,6.925093000,97.290827000,103.889583399,96.986175294
avx2_fma,1400,0xAA,68,1.003103912,0.000314435,104.145546000,6.892377000,97.253169000,103.823287670,96.952237803
avx2_fma,1400,0xAA,69,1.010292707,0.037414560,120.991817000,8.243571000,112.748246000,119.759170901,111.599584139
avx2_fma,1400,0xAA,70,1.003031287,0.000295964,103.919472000,6.919904000,96.999568000,103.605414233,96.706423056
avx2_fma,1400,0xAA,71,1.017408024,0.053708784,126.873027000,8.775246000,118.097781000,124.702207923,116.077107875
avx2_fma,1400,0xAA,72,1.003415764,0.002208395,105.003394000,6.996503000,98.006891000,104.645948186,97.673262232
avx2_fma,1400,0xAA,73,1.003142565,0.000465858,103.915018000,6.938092000,96.976926000,103.589481285,96.673124388
avx2_fma,1400,0xAA,74,1.003079720,0.000300307,104.041847000,6.929792000,97.112055000,103.722410972,96.813895269
avx2_fma,1400,0xAA,75,1.003240886,0.000612286,104.208717000,6.930830000,97.277887000,103.872079439,96.963638907
avx2_fma,1400,0xAA,76,1.003128487,0.000316483,104.370644000,6.880476000,97.490168000,104.045140109,97.186122458
avx2_fma,1400,0xAA,77,1.003110149,0.000299100,104.093239000,6.900495000,97.192744000,103.770497325,96.891397349
avx2_fma,1400,0xAA,78,1.005889986,0.014347474,110.468895000,7.432232000,103.036663000,109.822044741,102.433332152
avx2_fma,1400,0xAA,79,1.003143969,0.000555244,104.294289000,6.923261000,97.371028000,103.967418707,97.065856003
avx2_fma,1400,0xAA,80,1.003139546,0.000343206,104.294715000,6.895673000,97.399042000,103.968301745,97.094210271
avx2_fma,1400,0xAA,81,1.012519064,0.048550327,126.859783000,8.732888000,118.126895000,125.291253775,116.666341603
avx2_fma,1400,0xAA,82,1.006088772,0.014725755,110.758566000,7.431682000,103.326884000,110.088263612,102.701557584
avx2_fma,1400,0xAA,83,1.003419701,0.001286067,104.610816000,6.941328000,97.669488000,104.254297497,97.336625864
avx2_fma,1400,0xAA,84,1.003106502,0.000272538,104.178750000,6.905439000,97.273311000,103.856120761,96.972067087
avx2_fma,1400,0xAA,85,1.005870039,0.013972465,110.436424000,7.404828000,103.031596000,109.791941079,102.430326043
avx2_fma,1400,0xAA,86,1.003857192,0.003798409,106.048862000,7.045453000,99.003409000,105.641382929,98.623001174
avx2_fma,1400,0xAA,87,1.003093747,0.000312256,104.407264000,6.910810000,97.496454000,104.085250565,97.195754921
avx2_fma,1400,0xAA,88,1.011287763,0.042641815,123.666249000,8.471169000,115.195080000,122.285914522,113.909298779
avx2_fma,1400,0xAA,89,1.003110941,0.000320161,104.242164000,6.909101000,97.333063000,103.918878548,97.031204692
avx2_fma,1400,0xAA,90,1.003147716,0.000295363,104.128152000,6.922651000,97.205501000,103.801414656,96.900485818
avx2_fma,1400,0xAA,91,1.012407842,0.047778255,126.455975000,8.701882000,117.754093000,124.906159082,116.310925386
avx2_fma,1400,0xAA,92,1.003751019,0.003174339,105.788975000,7.045881000,98.743094000,105.393641471,98.374090937
avx2_fma,1400,0xAA,93,1.003140702,0.000322374,104.246132000,6.933515000,97.312617000,103.919751015,97.007943943
avx2_fma,1400,0xAA,94,1.006015208,0.014834326,110.935140000,7.477336000,103.457804000,110.271832045,102.839204840
avx2_fma,1400,0xAA,95,1.003136746,0.000300408,104.064492000,6.935834000,97.128658000,103.739088835,96.824942755
avx2_fma,1400,0xAA,96,1.003134752,0.000328051,104.196693000,6.950178000,97.246515000,103.871082915,96.942623916
avx2_fma,1400,0xAA,97,1.003215661,0.000662735,104.353310000,6.957380000,97.395930000,104.018820746,97.083741609
avx2_fma,1400,0xAA,98,1.003147242,0.000332672,104.147621000,6.920698000,97.226923000,103.820871640,96.921886413
avx2_fma,1400,0xAA,99,1.003130702,0.000313320,104.195717000,6.903669000,97.292048000,103.870529356,96.988406230
avx2_fma,1600,0x00,0,0.877648527,0.000299644,94.326541000,6.053512000,88.273029000,107.476442047,100.579020338
avx2_fma,1600,0x00,1,0.877697421,0.000388779,94.321474000,6.005906000,88.315568000,107.464681718,100.621883897
avx2_fma,1600,0x00,2,0.877589376,0.000304272,94.469668000,6.037033000,88.432635000,107.646777151,100.767668123
avx2_fma,1600,0x00,3,0.878882269,0.006557087,97.317438000,6.272750000,91.044688000,110.728639520,103.591449230
avx2_fma,1600,0x00,4,0.877607272,0.000277809,94.477664000,6.026351000,88.451313000,107.653693228,100.786896206
avx2_fma,1600,0x00,5,0.884985547,0.036835047,111.230794000,7.362103000,103.868691000,125.686565566,117.367669259
avx2_fma,1600,0x00,6,0.877698319,0.000387928,94.668093000,6.035019000,88.633074000,107.859489895,100.983529366
avx2_fma,1600,0x00,7,0.877634587,0.000260593,94.489809000,6.031540000,88.458269000,107.664180943,100.791685160
avx2_fma,1600,0x00,8,0.877632705,0.000289137,94.386538000,6.033981000,88.352557000,107.546741913,100.671450044
avx2_fma,1600,0x00,9,0.877621054,0.000249094,94.407534000,6.043258000,88.364276000,107.572093406,100.686139643
avx2_fma,1600,0x00,10,0.879291758,0.008408982,98.227898000,6.302718000,91.925180000,111.712519867,104.544571411
avx2_fma,1600,0x00,11,0.877866807,0.000949970,94.850649000,6.044418000,88.806231000,108.046742689,101.161395217
avx2_fma,1600,0x00,12,0.877775733,0.000442345,94.403872000,6.019027000,88.384845000,107.548965419,100.691830081
avx2_fma,1600,0x00,13,0.878042710,0.002319306,95.216797000,6.100265000,89.116532000,108.442101843,101.494529784
avx2_fma,1600,0x00,14,0.877622730,0.000258086,94.409243000,6.034408000,88.374835000,107.573835343,100.697978785
avx2_fma,1600,0x00,15,0.877689274,0.000363246,94.313174000,6.033799000,88.279375000,107.456222591,100.581581213
avx2_fma,1600,0x00,16,0.877635206,0.000251683,94.238529000,6.045089000,88.193440000,107.377790153,100.489861139
avx2_fma,1600,0x00,17,0.879151543,0.007819192,97.649409000,6.317794000,91.331615000,111.072328553,103.886088533
avx2_fma,1600,0x00,18,0.877611134,0.000242995,94.297000000,6.021347000,88.275653000,107.447360643,100.586295682
avx2_fma,1600,0x00,19,0.877609583,0.000277197,94.256167000,6.024887000,88.231280000,107.401022981,100.535912212
avx2_fma,1600,0x00,20,0.877708058,0.000625017,94.421450000,6.057358000,88.364092000,107.577285068,100.675949319
avx2_fma,1600,0x00,21,0.877863973,0.000957985,94.612245000,6.065048000,88.547197000,107.775518674,100.866648749
avx2_fma,1600,0x00,22,0.877670537,0.000266527,94.332645000,6.033005000,88.299640000,107.480701501,100.606818027
avx2_fma,1600,0x00,23,0.877618541,0.000231260,94.153751000,6.021408000,88.132343000,107.283229161,100.422152597
avx2_fma,1600,0x00,24,0.877699522,0.000416013,94.312869000,6.000778000,88.312091000,107.454620391,100.617681500
avx2_fma,1600,0x00,25,0.877600142,0.000230442,94.273501000,6.020431000,88.253070000,107.421930006,100.561822864
avx2_fma,1600,0x00,26,0.877687506,0.000353053,94.222781000,6.011948000,88.210833000,107.353449156,100.503690030
avx2_fma,1600,0x00,27,0.877653421,0.000262335,94.254519000,6.009445000,88.245074000,107.393780728,100.546607505
avx2_fma,1600,0x00,28,0.877665013,0.000294977,94.232181000,6.015305000,88.216876000,107.366910658,100.513151065
avx2_fma,1600,0x00,29,0.877646005,0.000185811,94.174014000,6.007004000,88.167010000,107.302959799,100.458510026
avx2_fma,1600,0x00,30,0.877735441,0.000708439,94.427188000,6.014206000,88.412982000,107.580466313,100.728508739
avx2_fma,1600,0x00,31,0.877921434,0.000916173,94.493593000,6.032089000,88.461504000,107.633313562,100.762437917
avx2_fma,1600,0x00,32,0.877699601,0.000293863,94.248355000,6.000594000,88.247761000,107.381107294,100.544378651
avx2_fma,1600,0x00,33,0.877717038,0.000643438,94.258243000,6.030624000,88.227619000,107.390239635,100.519433052
avx2_fma,1600,0x00,34,0.877637877,0.000266647,94.361941000,6.021103000,88.340838000,107.518081804,100.657503927
avx2_fma,1600,0x00,35,0.881529189,0.019757645,103.197795000,6.769453000,96.428342000,117.066792872,109.387576933
avx2_fma,1600,0x00,36,0.877701936,0.000281597,94.220706000,6.047592000,88.173114000,107.349320000,100.459062896
avx2_fma,1600,0x00,37,0.877757676,0.000688067,94.393435000,6.043869000,88.349566000,107.539287428,100.653709362
avx2_fma,1600,0x00,38,0.877617618,0.000210141,94.282107000,6.022812000,88.259295000,107.429596958,100.566913398
avx2_fma,1600,0x00,39,0.877607574,0.000267125,94.329043000,6.068282000,88.260761000,107.484308282,100.569734865
avx2_fma,1600,0x00,40,0.877610627,0.000309747,94.324344000,6.040939000,88.283405000,107.478579998,100.595186824
avx2_fma,1600,0x00,41,0.877905638,0.001156754,94.759645000,6.072433000,88.687212000,107.938303331,101.021349229
avx2_fma,1600,0x00,42,0.878980015,0.006632325,97.203487000,6.248702000,90.954785000,110.586686128,103.477648499
avx2_fma,1600,0x00,43,0.877604912,0.000235291,94.347842000,6.013107000,88.334735000,107.506055115,100.654330699
avx2_fma,1600,0x00,44,0.877627455,0.000261375,94.268985000,6.004806000,88.264179000,107.413441105,100.571351147
avx2_fma,1600,0x00,45,0.877631666,0.000236223,94.424502000,6.014022000,88.410480000,107.590126500,100.737568382
avx2_fma,1600,0x00,46,0.877661131,0.000374912,94.338931000,6.020553000,88.318378000,107.489015620,100.629246185
avx2_fma,1600,0x00,47,0.877654836,0.000574335,94.580629000,6.005295000,88.575334000,107.765177337,100.922743665
avx2_fma,1600,0x00,48,0.877673587,0.000333844,94.392214000,6.023422000,88.368792000,107.548199518,100.685258565
avx2_fma,1600,0x00,49,0.877580636,0.000249310,94.336978000,6.017136000,88.319842000,107.496649516,100.640144533
avx2_fma,1600,0x00,50,0.877611288,0.000229125,94.435366000,6.009628000,88.425738000,107.605003766,100.757293305
avx2_fma,1600,0x00,51,0.877893629,0.000910512,94.709901000,6.055465000,88.654436000,107.883116936,100.985396298
avx2_fma,1600,0x00,52,0.877658690,0.000338638,94.505922000,6.020981000,88.484941000,107.679583314,100.819307137
avx2_fma,1600,0x00,53,0.877606755,0.000256849,94.366030000,6.029770000,88.336260000,107.526553792,100.655856909
avx2_fma,1600,0x00,54,0.877609910,0.000241193,94.578005000,6.028366000,88.549639000,107.767703977,100.898631590
avx2_fma,1600,0x00,55,0.877556506,0.000144410,94.302066000,6.026535000,88.275531000,107.459822076,100.592418144
avx2_fma,1600,0x00,56,0.877641542,0.000567036,94.653323000,6.019210000,88.634113000,107.849638405,100.991246101
avx2_fma,1600,0x00,57,0.877648241,0.000404744,94.537600000,6.035262000,88.502338000,107.716959482,100.840329736
avx2_fma,1600,0x00,58,0.881553679,0.020559348,103.817788000,6.776594000,97.041194000,117.766836555,110.079733474
avx2_fma,1600,0x00,59,0.877618717,0.000225589,94.423220000,6.033371000,88.389849000,107.590253285,100.715546894
avx2_fma,1600,0x00,60,0.877705083,0.000359966,94.582583000,6.036361000,88.546222000,107.761234226,100.883797695
avx2_fma,1600,0x00,61,0.877854872,0.001040071,94.759462000,6.056869000,88.702593000,107.944336827,101.044712308
avx2_fma,1600,0x00,62,0.877698573,0.000364418,94.603395000,6.047348000,88.556047000,107.785745430,100.895739928
avx2_fma,1600,0x00,63,0.877610261,0.000226532,94.353396000,6.045699000,88.307697000,107.511728423,100.622908555
avx2_fma,1600,0x00,64,0.877595248,0.000156464,94.441043000,6.051254000,88.389789000,107.613439378,100.718171867
avx2_fma,1600,0x00,65,0.877653268,0.000584391,94.514590000,6.034469000,88.480121000,107.690124900,100.814438085
avx2_fma,1600,0x00,66,0.877591701,0.000234140,94.549135000,6.044418000,88.504717000,107.737043223,100.849537343
avx2_fma,1600,0x00,67,0.877599921,0.000257462,94.410403000,6.040756000,88.369647000,107.577952969,100.694684344
avx2_fma,1600,0x00,68,0.877587100,0.000231649,94.441958000,6.012375000,88.429583000,107.615481091,100.764451720
avx2_fma,1600,0x00,69,0.877656174,0.000421359,94.383242000,6.011337000,88.371905000,107.540110598,100.690803114
avx2_fma,1600,0x00,70,0.877589290,0.000232178,94.475100000,6.023605000,88.451495000,107.652977335,100.789168644
avx2_fma,1600,0x00,71,0.877926613,0.000997266,94.705385000,6.058334000,88.647051000,107.873919758,100.973190345
avx2_fma,1600,0x00,72,0.877654739,0.000310271,94.420169000,6.032150000,88.388019000,107.582361036,100.709328018
avx2_fma,1600,0x00,73,0.877564713,0.000163351,94.505373000,6.038315000,88.467058000,107.690488892,100.809725674
avx2_fma,1600,0x00,74,0.877588909,0.000276353,94.528261000,6.039231000,88.489030000,107.713600367,100.831983086
avx2_fma,1600,0x00,75,0.878683441,0.005635927,96.804806000,6.226425000,90.578381000,110.170285961,103.084201591
avx2_fma,1600,0x00,76,0.877603656,0.000268748,94.457705000,6.031906000,88.425799000,107.631394138,100.758239089
avx2_fma,1600,0x00,77,0.884599724,0.036490453,110.873129000,7.385174000,103.487955000,125.337060369,116.988455005
avx2_fma,1600,0x00,78,0.878563321,0.005104216,96.772153000,6.239425000,90.532728000,110.148182469,103.046332380
avx2_fma,1600,0x00,79,0.883929689,0.032633733,109.198817000,7.219464000,101.979353000,123.537899354,115.370435260
avx2_fma,1600,0x00,80,0.877670310,0.000422962,94.533144000,6.038742000,88.494402000,107.709173856,100.828751980
avx2_fma,1600,0x00,81,0.883159188,0.023716020,105.226721000,6.917280000,98.309441000,119.148079372,111.315652222
avx2_fma,1600,0x00,82,0.885151774,0.038397466,111.981159000,7.432232000,104.548927000,126.510686999,118.114124714
avx2_fma,1600,0x00,83,0.877616164,0.000244770,94.490175000,6.027816000,88.462359000,107.666858083,100.798461344
avx2_fma,1600,0x00,84,0.877592558,0.000260000,94.403933000,6.038131000,88.365802000,107.571483106,100.691147868
avx2_fma,1600,0x00,85,0.877568022,0.000222208,94.285708000,6.044357000,88.241351000,107.439771765,100.552149555
avx2_fma,1600,0x00,86,0.877640337,0.000655080,94.403018000,6.046371000,88.356647000,107.564584319,100.675234836
avx2_fma,1600,0x00,87,0.885376578,0.040063709,112.628740000,7.511089000,105.117651000,127.209983581,118.726487198
avx2_fma,1600,0x00,88,0.877586883,0.000231566,94.467166000,6.017746000,88.449420000,107.644231988,100.787080727
avx2_fma,1600,0x00,89,0.877540002,0.000133385,94.395449000,6.033615000,88.361834000,107.568257612,100.692656516
avx2_fma,1600,0x00,90,0.882321873,0.024364341,105.384923000,6.921125000,98.463798000,119.440451579,111.596233716
avx2_fma,1600,0x00,91,0.877814764,0.000674158,94.709962000,6.054489000,88.655473000,107.892878854,100.995650364
avx2_fma,1600,0x00,92,0.877830073,0.000687661,94.674746000,6.032638000,88.642108000,107.850880120,100.978663978
avx2_fma,1600,0x00,93,0.877614287,0.000260588,94.681093000,6.040328000,88.640765000,107.884630472,101.001962206
avx2_fma,1600,0x00,94,0.877622294,0.000239368,94.522707000,6.014633000,88.508074000,107.703174409,100.849846912
avx2_fma,1600,0x00,95,0.877634386,0.000257153,94.582705000,6.024765000,88.557940000,107.770053862,100.905276114
avx2_fma,1600,0x00,96,0.882332856,0.024611603,105.568883000,6.931318000,98.637565000,119.647457572,111.791785022
avx2_fma,1600,0x00,97,0.878726223,0.006064512,97.112971000,6.216597000,90.896374000,110.515617295,103.441062291
avx2_fma,1600,0x00,98,0.877564315,0.000217250,94.430178000,6.023422000,88.406756000,107.604851692,100.741056190
avx2_fma,1600,0x00,99,0.878333298,0.003655302,96.013548000,6.148422000,89.865126000,109.313341805,102.313240573
avx2_fma,1600,0xAA,0,0.877856283,0.001100600,94.871095000,6.049789000,88.821306000,108.071328766,101.179780439
avx2_fma,1600,0xAA,1,0.877633705,0.000270908,94.358584000,5.989365000,88.369219000,107.514767854,100.690320514
avx2_fma,1600,0xAA,2,0.878217316,0.003009581,95.789488000,6.118027000,89.671461000,109.072647769,102.106231955
avx2_fma,1600,0xAA,3,0.877642275,0.000272616,94.527651000,6.025131000,88.502520000,107.706355605,100.841222544
avx2_fma,1600,0xAA,4,0.877610296,0.000167471,94.444399000,6.013778000,88.430621000,107.615418194,100.762971238
avx2_fma,1600,0xAA,5,0.877950988,0.000951482,94.796571000,6.046433000,88.750138000,107.974787093,101.087804696
avx2_fma,1600,0xAA,6,0.877725904,0.000764833,94.798830000,6.038559000,88.760271000,108.005049849,101.125272263
avx2_fma,1600,0xAA,7,0.878402536,0.004126987,96.334104000,6.168746000,90.165358000,109.669656027,102.646969109
avx2_fma,1600,0xAA,8,0.877625370,0.000342861,94.539614000,6.014877000,88.524737000,107.722061364,100.868479866
avx2_fma,1600,0xAA,9,0.877562924,0.000218293,94.526491000,6.018173000,88.508318000,107.714772880,100.856947830
avx2_fma,1600,0xAA,10,0.877666636,0.000723395,94.704897000,6.037765000,88.667132000,107.905317455,101.025979958
avx2_fma,1600,0xAA,11,0.878672355,0.004327313,96.350339000,6.172714000,90.177625000,109.654455920,102.629409592
avx2_fma,1600,0xAA,12,0.877663026,0.000318605,94.397219000,5.973129000,88.424090000,107.555196264,100.749476046
avx2_fma,1600,0xAA,13,0.877590909,0.000144750,94.423648000,5.985886000,88.437762000,107.594150160,100.773334287
avx2_fma,1600,0xAA,14,0.877571208,0.000218055,94.467226000,5.995591000,88.471635000,107.646223100,100.814195171
avx2_fma,1600,0xAA,15,0.877666406,0.000723260,94.741579000,6.023727000,88.717852000,107.947140633,101.083796023
avx2_fma,1600,0xAA,16,0.877568840,0.000206615,94.451480000,6.000473000,88.451007000,107.628570738,100.790961282
avx2_fma,1600,0xAA,17,0.879009877,0.007056413,97.665216000,6.246688000,91.418528000,111.108212251,104.001707350
avx2_fma,1600,0xAA,18,0.877610589,0.000247863,94.516238000,6.048690000,88.467548000,107.697239764,100.805014354
avx2_fma,1600,0xAA,19,0.877695509,0.000354035,94.638796000,6.026840000,88.611956000,107.826455810,100.959791985
avx2_fma,1600,0xAA,20,0.877638464,0.000239195,94.584902000,6.035324000,88.549578000,107.772056402,100.895279402
avx2_fma,1600,0xAA,21,0.878894336,0.005223682,96.835446000,6.237228000,90.598218000,110.178712028,103.082036419
avx2_fma,1600,0xAA,22,0.883754171,0.025648358,105.950535000,6.931135000,99.019400000,119.886885338,112.044053898
avx2_fma,1600,0xAA,23,0.877626731,0.000166601,94.276797000,6.013962000,88.262835000,107.422431113,100.569902822
avx2_fma,1600,0xAA,24,0.877607485,0.000266364,94.544069000,6.030075000,88.513994000,107.729333041,100.858294331
avx2_fma,1600,0xAA,25,0.877633068,0.000243358,94.452883000,6.038131000,88.414752000,107.622292813,100.742275159
avx2_fma,1600,0xAA,26,0.883606432,0.030946918,108.351835000,7.153974000,101.197861000,122.624543061,114.528207703
avx2_fma,1600,0xAA,27,0.877770967,0.000991113,94.680544000,6.057541000,88.623003000,107.864747874,100.963698248
avx2_fma,1600,0xAA,28,0.877717417,0.000426269,94.462710000,6.041061000,88.421649000,107.623146367,100.740451680
avx2_fma,1600,0xAA,29,0.877586525,0.000241336,94.468996000,6.005356000,88.463640000,107.646361160,100.803325368
avx2_fma,1600,0xAA,30,0.878410622,0.003747044,96.023070000,6.127975000,89.895095000,109.314559285,102.338351522
avx2_fma,1600,0xAA,31,0.877870797,0.000899186,94.775270000,5.998337000,88.776933000,107.960385888,101.127561490
avx2_fma,1600,0xAA,32,0.877698054,0.000289729,94.539370000,6.003341000,88.536029000,107.712862676,100.872992210
avx2_fma,1600,0xAA,33,0.877633867,0.000169668,94.334536000,6.013413000,88.321123000,107.487346946,100.635499925
avx2_fma,1600,0xAA,34,0.877655884,0.000251450,94.334597000,6.035507000,88.299090000,107.484720077,100.607871062
avx2_fma,1600,0xAA,35,0.878493467,0.004397587,96.433713000,6.193160000,90.240553000,109.771690499,102.721939726
avx2_fma,1600,0xAA,36,0.877602935,0.000233016,94.534060000,6.023483000,88.510577000,107.718486668,100.854923702
avx2_fma,1600,0xAA,37,0.877613775,0.000269446,94.453432000,6.032944000,88.420488000,107.625284268,100.751025713
avx2_fma,1600,0xAA,38,0.877601066,0.000231093,94.401248000,6.027633000,88.373615000,107.567380687,100.699074311
avx2_fma,1600,0xAA,39,0.877679459,0.000426250,94.533389000,6.046738000,88.486651000,107.708330241,100.818869699
avx2_fma,1600,0xAA,40,0.885334508,0.040310962,112.997574000,7.517681000,105.479893000,127.632632676,119.141287387
avx2_fma,1600,0xAA,41,0.877669241,0.000348945,94.366153000,6.032760000,88.333393000,107.519038586,100.645424111
avx2_fma,1600,0xAA,42,0.877645309,0.000348295,94.451602000,6.031539000,88.420063000,107.619332067,100.746921385
avx2_fma,1600,0xAA,43,0.877571330,0.000148318,94.114200000,6.026656000,88.087544000,107.243931950,100.376506143
avx2_fma,1600,0xAA,44,0.877615647,0.000273015,94.405459000,6.036484000,88.368975000,107.570391755,100.692114210
avx2_fma,1600,0xAA,45,0.877589457,0.000222810,94.176822000,6.052109000,88.124713000,107.313073603,100.416786334
avx2_fma,1600,0xAA,46,0.879923035,0.011697238,99.633534000,6.469100000,93.164434000,113.229828047,105.877935052
avx2_fma,1600,0xAA,47,0.877633844,0.000226114,94.528933000,6.046127000,88.482806000,107.708851073,100.819728643
avx2_fma,1600,0xAA,48,0.879401101,0.009349709,98.649589000,6.383284000,92.266305000,112.178150466,104.919478633
avx2_fma,1600,0xAA,49,0.877600482,0.000232421,94.433413000,6.004318000,88.429095000,107.604103342,100.762359153
avx2_fma,1600,0xAA,50,0.877746616,0.000790840,94.764223000,6.037521000,88.726702000,107.963074133,101.084641464
avx2_fma,1600,0xAA,51,0.877836907,0.000952488,94.825136000,6.058456000,88.766680000,108.021359331,101.119785759
avx2_fma,1600,0xAA,52,0.877746085,0.000318066,94.439211000,6.041305000,88.397906000,107.592859263,100.710111390
avx2_fma,1600,0xAA,53,0.877596336,0.000266659,94.404300000,6.047470000,88.356830000,107.571438122,100.680490941
avx2_fma,1600,0xAA,54,0.877578231,0.000225148,94.313357000,6.025009000,88.288348000,107.470027934,100.604532885
avx2_fma,1600,0xAA,55,0.877672169,0.000779334,94.632449000,6.065414000,88.567035000,107.822091586,100.911294806
avx2_fma,1600,0xAA,56,0.877591297,0.000350297,94.318179000,6.046676000,88.271503000,107.473922415,100.583840416
avx2_fma,1600,0xAA,57,0.879679724,0.011202354,99.524769000,6.435470000,93.089299000,113.137504753,105.821808118
avx2_fma,1600,0xAA,58,0.877592761,0.000227559,94.259097000,6.030014000,88.229083000,107.406420425,100.535335941
avx2_fma,1600,0xAA,59,0.877637977,0.000282625,94.441164000,6.044174000,88.396990000,107.608337963,100.721473264
avx2_fma,1600,0xAA,60,0.877635195,0.000235167,94.360598000,6.037399000,88.323199000,107.516880046,100.637713128
avx2_fma,1600,0xAA,61,0.877921010,0.000920132,94.698244000,6.059493000,88.638751000,107.866474194,100.964380578
avx2_fma,1600,0xAA,62,0.877641042,0.000310975,94.277407000,6.029647000,88.247760000,107.421374457,100.551086136
avx2_fma,1600,0xAA,63,0.877688423,0.000317467,94.351443000,6.017563000,88.333880000,107.499928839,100.643779386
avx2_fma,1600,0xAA,64,0.877684220,0.000790725,94.480532000,6.054855000,88.425677000,107.647522648,100.748851282
avx2_fma,1600,0xAA,65,0.877562617,0.000224015,94.365237000,6.021408000,88.343829000,107.531058344,100.669544554
avx2_fma,1600,0xAA,66,0.877600818,0.000258227,94.258242000,6.031723000,88.226519000,107.404460014,100.531491264
avx2_fma,1600,0xAA,67,0.877599843,0.000231219,94.395084000,6.027633000,88.367451000,107.560506914,100.692190965
avx2_fma,1600,0xAA,68,0.877702113,0.000819786,94.492922000,6.004135000,88.488787000,107.659444545,100.818701076
avx2_fma,1600,0xAA,69,0.877592940,0.000224952,94.299807000,5.999801000,88.300006000,107.452786688,100.616130734
avx2_fma,1600,0xAA,70,0.877598559,0.000167433,94.062747000,6.044479000,88.018268000,107.181975189,100.294453627
avx2_fma,1600,0xAA,71,0.877857317,0.000966629,94.584780000,6.048386000,88.536394000,107.745049376,100.855107377
avx2_fma,1600,0xAA,72,0.877684000,0.000289344,94.245608000,5.997726000,88.247882000,107.379886207,100.546303730
avx2_fma,1600,0xAA,73,0.877783286,0.000890523,94.460879000,6.042893000,88.417986000,107.612984289,100.728719011
avx2_fma,1600,0xAA,74,0.884845718,0.037571309,111.221761000,7.407391000,103.814370000,125.696218890,117.324826168
avx2_fma,1600,0xAA,75,0.877703167,0.000356524,94.157474000,6.019210000,88.138264000,107.277126891,100.419216122
avx2_fma,1600,0xAA,76,0.884302344,0.030174506,107.708770000,7.111127000,100.597643000,121.800841844,113.759330878
avx2_fma,1600,0xAA,77,0.877597217,0.000262603,94.235903000,5.988632000,88.247271000,107.379446040,100.555550197
avx2_fma,1600,0xAA,78,0.881763007,0.021781110,103.840677000,6.792280000,97.048397000,117.764837241,110.061769697
avx2_fma,1600,0xAA,79,0.878056226,0.002649397,95.330322000,6.118759000,89.211563000,108.569723831,101.601196285
avx2_fma,1600,0xAA,80,0.877610790,0.000224444,94.191897000,6.031540000,88.160357000,107.327642360,100.454960222
avx2_fma,1600,0xAA,81,0.882249796,0.022262315,104.201333000,6.828535000,97.372798000,118.108650735,110.368739621
avx2_fma,1600,0xAA,82,0.884788225,0.036852568,110.909689000,7.374615000,103.535074000,125.351678369,117.016785575
avx2_fma,1600,0xAA,83,0.884882602,0.037094163,111.098959000,7.386822000,103.712137000,125.552201798,117.204402910
avx2_fma,1600,0xAA,84,0.880166132,0.013128948,100.159595000,6.502424000,93.657171000,113.796238422,106.408514941
avx2_fma,1600,0xAA,85,0.877751523,0.000775678,94.448611000,6.036850000,88.411761000,107.602901928,100.725272160
avx2_fma,1600,0xAA,86,0.877586830,0.000209082,94.310000000,6.027878000,88.282122000,107.465149679,100.596452706
avx2_fma,1600,0xAA,87,0.882146287,0.023706308,104.760413000,6.893720000,97.866693000,118.756281712,110.941568779
avx2_fma,1600,0xAA,88,0.877554578,0.000141062,94.021244000,6.021896000,87.999348000,107.140052946,100.277920211
avx2_fma,1600,0xAA,89,0.877551285,0.000211611,94.214297000,6.007370000,88.206927000,107.360445663,100.514840049
avx2_fma,1600,0xAA,90,0.878526771,0.004675923,96.260130000,6.155990000,90.104140000,109.569945028,102.562770968
avx2_fma,1600,0xAA,91,0.877855447,0.000966988,94.428591000,6.042465000,88.386126000,107.567357801,100.684145972
avx2_fma,1600,0xAA,92,0.877704087,0.000338818,94.269107000,6.013351000,88.255756000,107.404201883,100.552973678
avx2_fma,1600,0xAA,93,0.877613800,0.000238177,94.230167000,6.048508000,88.181659000,107.370881097,100.478888289
avx2_fma,1600,0xAA,94,0.877692351,0.000423229,94.337954000,6.007126000,88.330828000,107.484078960,100.639851606
avx2_fma,1600,0xAA,95,0.877631872,0.000247542,94.370913000,6.013839000,88.357074000,107.529040368,100.676692372
avx2_fma,1600,0xAA,96,0.877686234,0.000349807,94.387209000,6.034897000,88.352312000,107.540947280,100.665031073
avx2_fma,1600,0xAA,97,0.881920497,0.020963850,103.817422000,6.812117000,97.005305000,117.717438588,109.993253676
avx2_fma,1600,0xAA,98,0.877539471,0.000138234,94.129093000,6.023605000,88.105488000,107.264796815,100.400598448
avx2_fma,1600,0xAA,99,0.877683161,0.000809371,94.723085000,6.013107000,88.709978000,107.924008595,101.072895041
avx2_fma,1800,0x00,0,0.780320368,0.000879971,85.501490000,5.405198000,80.096292000,109.572290401,102.645394450
avx2_fma,1800,0x00,1,0.780094739,0.000181191,85.462977000,5.360826000,80.102151000,109.554612724,102.682593554
avx2_fma,1800,0x00,2,0.780078691,0.000248639,85.628993000,5.384142000,80.244851000,109.769686068,102.867636232
avx2_fma,1800,0x00,3,0.780061908,0.000211397,85.484950000,5.354661000,80.130289000,109.587391917,102.722986737
avx2_fma,1800,0x00,4,0.780148058,0.000375617,85.791956000,5.382554000,80.409402000,109.968813075,103.069412451
avx2_fma,1800,0x00,5,0.780013779,0.000133059,85.882043000,5.377794000,80.504249000,110.103238327,103.208752428
avx2_fma,1800,0x00,6,0.780358624,0.001075978,86.533348000,5.385423000,81.147925000,110.889205781,103.987990318
avx2_fma,1800,0x00,7,0.780132229,0.000321825,85.699488000,5.364854000,80.334634000,109.852515754,102.975663601
avx2_fma,1800,0x00,8,0.780093918,0.000227025,85.501490000,5.365404000,80.136086000,109.604097645,102.726202723
avx2_fma,1800,0x00,9,0.780084486,0.000243984,85.536341000,5.360827000,80.175514000,109.650098828,102.777988057
avx2_fma,1800,0x00,10,0.780049624,0.000139250,85.653406000,5.363268000,80.290138000,109.805073175,102.929525982
avx2_fma,1800,0x00,11,0.780054854,0.000207253,85.514734000,5.359239000,80.155495000,109.626564740,102.756228674
avx2_fma,1800,0x00,12,0.780302562,0.000795797,86.105675000,5.378160000,80.727515000,110.349086630,103.456683269
avx2_fma,1800,0x00,13,0.780046351,0.000204287,85.387294000,5.358567000,80.028727000,109.464384928,102.594835452
avx2_fma,1800,0x00,14,0.780145347,0.000257299,86.190819000,5.368272000,80.822547000,110.480462750,103.599344997
avx2_fma,1800,0x00,15,0.781630775,0.008069601,89.397171000,5.665635000,83.731536000,114.372634515,107.124154570
avx2_fma,1800,0x00,16,0.780041223,0.000207028,86.014978000,5.370592000,80.644386000,110.269785007,103.384774524
avx2_fma,1800,0x00,17,0.780104584,0.000386262,86.073632000,5.379014000,80.694618000,110.336016202,103.440768935
avx2_fma,1800,0x00,18,0.780032461,0.000207310,85.486658000,5.373217000,80.113441000,109.593718507,102.705265441
avx2_fma,1800,0x00,19,0.782429273,0.012120720,90.931286000,5.799911000,85.131375000,116.216620659,108.803923817
avx2_fma,1800,0x00,20,0.780002335,0.000128552,86.170007000,5.369127000,80.800880000,110.474037230,103.590561682
avx2_fma,1800,0x00,21,0.780251541,0.000792532,86.258324000,5.408129000,80.850195000,110.551943080,103.620679619
avx2_fma,1800,0x00,22,0.780070634,0.000274720,85.862513000,5.378770000,80.483743000,110.070177292,103.174942726
avx2_fma,1800,0x00,23,0.779992925,0.000186659,85.341944000,5.378221000,79.963723000,109.413741212,102.518523537
avx2_fma,1800,0x00,24,0.781461785,0.007380821,88.729998000,5.625779000,83.104219000,113.543617486,106.344571918
avx2_fma,1800,0x00,25,0.780053903,0.000237053,86.001550000,5.375536000,80.626014000,110.250778400,103.359541808
avx2_fma,1800,0x00,26,0.780048473,0.000203151,85.382533000,5.368882000,80.013651000,109.457983650,102.575229326
avx2_fma,1800,0x00,27,0.780062702,0.000228541,86.085595000,5.379442000,80.706153000,110.357276131,103.461109981
avx2_fma,1800,0x00,28,0.780049168,0.000199780,85.652064000,5.361742000,80.290322000,109.803416940,102.929822016
avx2_fma,1800,0x00,29,0.780112256,0.000331287,86.304161000,5.344774000,80.959387000,110.630438561,103.779150225
avx2_fma,1800,0x00,30,0.780026510,0.000215171,86.453209000,5.365831000,81.087378000,110.833680532,103.954643817
avx2_fma,1800,0x00,31,0.780323321,0.000819062,86.751670000,5.399218000,81.352452000,111.174006565,104.254800314
avx2_fma,1800,0x00,32,0.784101478,0.020442970,95.302612000,6.128464000,89.174148000,121.543721882,113.727815179
avx2_fma,1800,0x00,33,0.780040702,0.000206112,85.864953000,5.368272000,80.496681000,110.077528996,103.195488115
avx2_fma,1800,0x00,34,0.780116444,0.000165636,86.339562000,5.349168000,80.990394000,110.675223742,103.818339695
avx2_fma,1800,0x00,35,0.780051002,0.000229925,86.335106000,5.370653000,80.964453000,110.678796410,103.793794033
avx2_fma,1800,0x00,36,0.780049333,0.000210102,85.980981000,5.367235000,80.613746000,110.225055542,103.344420207
avx2_fma,1800,0x00,37,0.780070195,0.000234954,85.425501000,5.355333000,80.070168000,109.510017857,102.644824143
avx2_fma,1800,0x00,38,0.780069750,0.000211151,85.844751000,5.366746000,80.478005000,110.047532268,103.167703895
avx2_fma,1800,0x00,39,0.780075686,0.000136323,85.960962000,5.367234000,80.593728000,110.195668946,103.315267340
avx2_fma,1800,0x00,40,0.780086551,0.000248757,86.319908000,5.363756000,80.956152000,110.654270193,103.778422901
avx2_fma,1800,0x00,41,0.780630496,0.001773053,86.955283000,5.415575000,81.539708000,111.391091490,104.453654345
avx2_fma,1800,0x00,42,0.780191721,0.000464975,86.259179000,5.372606000,80.886573000,110.561515360,103.675251571
avx2_fma,1800,0x00,43,0.780041455,0.000128514,85.793909000,5.352160000,80.441749000,109.986345559,103.124966632
avx2_fma,1800,0x00,44,0.780105190,0.000294764,86.069787000,5.364366000,80.705421000,110.331001578,103.454536627
avx2_fma,1800,0x00,45,0.780070794,0.000237508,86.654014000,5.352648000,81.301366000,111.084807546,104.223061096
avx2_fma,1800,0x00,46,0.780071550,0.000207333,85.803003000,5.367235000,80.435768000,109.993760188,103.113320823
avx2_fma,1800,0x00,47,0.780093135,0.000234918,85.878503000,5.352342000,80.526161000,110.087499996,103.226342322
avx2_fma,1800,0x00,48,0.780071513,0.000132786,86.324486000,5.349901000,80.974585000,110.662272103,103.804053449
avx2_fma,1800,0x00,49,0.780060985,0.000207937,85.608912000,5.360093000,80.248819000,109.746434811,102.875057950
avx2_fma,1800,0x00,50,0.780089543,0.000235387,85.915796000,5.352403000,80.563393000,110.135812945,103.274545482
avx2_fma,1800,0x00,51,0.780305003,0.000810302,86.500634000,5.390489000,81.110145000,110.854901162,103.946719133
avx2_fma,1800,0x00,52,0.783560206,0.017965735,94.148989000,6.025986000,88.123003000,120.155398820,112.464878095
avx2_fma,1800,0x00,53,0.780025324,0.000123492,85.993799000,5.354417000,80.639382000,110.244880952,103.380466639
avx2_fma,1800,0x00,54,0.780046254,0.000211283,85.765039000,5.349108000,80.415931000,109.948658310,103.091234182
avx2_fma,1800,0x00,55,0.780125109,0.000406282,86.417503000,5.332018000,81.085485000,110.773902795,103.939078562
avx2_fma,1800,0x00,56,0.784425520,0.022814914,95.959288000,6.205428000,89.753860000,122.330655366,114.419862259
avx2_fma,1800,0x00,57,0.783534113,0.017790683,94.260684000,6.015915000,88.244769000,120.301953009,112.624029479
avx2_fma,1800,0x00,58,0.780027511,0.000118174,86.380699000,5.364183000,81.016516000,110.740580020,103.863664880
avx2_fma,1800,0x00,59,0.780077982,0.000213955,86.440026000,5.368455000,81.071571000,110.809467795,103.927521213
avx2_fma,1800,0x00,60,0.780159686,0.000364004,86.770224000,5.350633000,81.419591000,111.221107106,104.362725295
avx2_fma,1800,0x00,61,0.783630835,0.017172924,94.453982000,5.997055000,88.456927000,120.533773967,112.880865572
avx2_fma,1800,0x00,62,0.783428876,0.017197775,94.378359000,5.996872000,88.381487000,120.468318051,112.813670407
avx2_fma,1800,0x00,63,0.780071309,0.000219619,86.514732000,5.379137000,81.135595000,110.906183895,104.010484822
avx2_fma,1800,0x00,64,0.780079883,0.000140608,86.300194000,5.364550000,80.935644000,110.629944242,103.753020334
avx2_fma,1800,0x00,65,0.780091517,0.000249666,86.791343000,5.349046000,81.442297000,111.257898676,104.400951919
avx2_fma,1800,0x00,66,0.780172721,0.000345340,86.666954000,5.363511000,81.303443000,111.086880762,104.212106936
avx2_fma,1800,0x00,67,0.782815197,0.013692480,92.644477000,5.849473000,86.795004000,118.347826281,110.875471352
avx2_fma,1800,0x00,68,0.780074170,0.000217062,86.632530000,5.367601000,81.264929000,111.056785782,104.175900341
avx2_fma,1800,0x00,69,0.780104390,0.000261029,86.514427000,5.355150000,81.159277000,110.901089779,104.036431576
avx2_fma,1800,0x00,70,0.780062531,0.000234130,86.617820000,5.344469000,81.273351000,111.039585404,104.188251326
avx2_fma,1800,0x00,71,0.780287310,0.000805365,86.836142000,5.397752000,81.438390000,111.287394845,104.369748065
avx2_fma,1800,0x00,72,0.780106425,0.000277450,86.463218000,5.371385000,81.091833000,110.835156938,103.949705376
avx2_fma,1800,0x00,73,0.780034302,0.000132863,86.573570000,5.375475000,81.198095000,110.986875610,104.095544050
avx2_fma,1800,0x00,74,0.780096033,0.000223409,86.444664000,5.374193000,81.070471000,110.812849090,103.923706251
avx2_fma,1800,0x00,75,0.780088890,0.000248719,86.523643000,5.376512000,81.147131000,110.915107415,104.022928754
avx2_fma,1800,0x00,76,0.780090758,0.000220889,86.500084000,5.367784000,81.132300000,110.884641497,104.003667780
avx2_fma,1800,0x00,77,0.780094238,0.000249506,86.561362000,5.372667000,81.188695000,110.962698843,104.075496325
avx2_fma,1800,0x00,78,0.780080401,0.000146929,86.475792000,5.371507000,81.104285000,110.854973223,103.969135569
avx2_fma,1800,0x00,79,0.780222355,0.000400231,86.666892000,5.383592000,81.283300000,111.079734499,104.179660478
avx2_fma,1800,0x00,80,0.780082528,0.000242515,86.517601000,5.358873000,81.158728000,110.908266629,104.038643470
avx2_fma,1800,0x00,81,0.780326157,0.000824199,86.728843000,5.368089000,81.360754000,111.144349314,104.265060506
avx2_fma,1800,0x00,82,0.780178126,0.000350690,86.790794000,5.361193000,81.429601000,111.244844155,104.373089072
avx2_fma,1800,0x00,83,0.780072546,0.000157093,86.578270000,5.344713000,81.233557000,110.987459338,104.135900434
avx2_fma,1800,0x00,84,0.780081553,0.000215996,86.469505000,5.351121000,81.118384000,110.846750178,103.987055854
avx2_fma,1800,0x00,85,0.780113929,0.000249281,86.808676000,5.371141000,81.437535000,111.276920999,104.391848443
avx2_fma,1800,0x00,86,0.780079190,0.000218028,86.510948000,5.337999000,81.172949000,110.900212615,104.057318881
avx2_fma,1800,0x00,87,0.780068057,0.000147597,86.548972000,5.351488000,81.197484000,110.950539834,104.090256358
avx2_fma,1800,0x00,88,0.780086693,0.000233813,86.673057000,5.360765000,81.312292000,111.106954847,104.234942997
avx2_fma,1800,0x00,89,0.780071020,0.000210337,86.776268000,5.352586000,81.423682000,111.241496950,104.379831970
avx2_fma,1800,0x00,90,0.780102090,0.000248047,86.583946000,5.342759000,81.241187000,110.990532047,104.141737421
avx2_fma,1800,0x00,91,0.780319201,0.000823199,86.966940000,5.366259000,81.600681000,111.450467886,104.573462942
avx2_fma,1800,0x00,92,0.780160240,0.000369162,86.521812000,5.350328000,81.171484000,110.902616652,104.044630655
avx2_fma,1800,0x00,93,0.780066543,0.000246989,86.619346000,5.376390000,81.242956000,111.040970514,104.148750807
avx2_fma,1800,0x00,94,0.780094632,0.000220844,86.690269000,5.380906000,81.309363000,111.127888069,104.230127495
avx2_fma,1800,0x00,95,0.780165487,0.000330296,86.552695000,5.380235000,81.172460000,110.941455877,104.045181834
avx2_fma,1800,0x00,96,0.780072499,0.000137373,86.737693000,5.377916000,81.359777000,111.191835451,104.297712143
avx2_fma,1800,0x00,97,0.780069679,0.000213052,86.485374000,5.361375000,81.123999000,110.868780470,103.995836752
avx2_fma,1800,0x00,98,0.780081235,0.000236586,86.399559000,5.371263000,81.028296000,110.757130379,103.871612869
avx2_fma,1800,0x00,99,0.784925598,0.025221380,98.053521000,6.306807000,91.746714000,124.920783905,116.885873313
avx2_fma,1800,0xAA,0,0.780074548,0.000303258,86.814537000,5.361314000,81.453223000,111.290052027,104.417229403
avx2_fma,1800,0xAA,1,0.780067609,0.000265925,86.353355000,5.379381000,80.973974000,110.699834280,103.803789706
avx2_fma,1800,0xAA,2,0.780010047,0.000115621,86.473716000,5.355211000,81.118505000,110.862310449,103.996743756
avx2_fma,1800,0xAA,3,0.780031299,0.000233552,86.733604000,5.360093000,81.373511000,111.192466348,104.320827986
avx2_fma,1800,0xAA,4,0.780071647,0.000208197,86.547325000,5.365220000,81.182105000,110.947917875,104.070062459
avx2_fma,1800,0xAA,5,0.780085924,0.000243804,86.704979000,5.355455000,81.349524000,111.147985493,104.282773812
avx2_fma,1800,0xAA,6,0.787287427,0.036164110,103.005168000,6.681868000,96.323300000,130.835530293,122.348327562
avx2_fma,1800,0xAA,7,0.780101455,0.000276841,86.489708000,5.357530000,81.132178000,110.869820081,104.002085168
avx2_fma,1800,0xAA,8,0.781656956,0.008438816,90.264784000,5.664598000,84.600186000,115.478770177,108.231859681
avx2_fma,1800,0xAA,9,0.780009022,0.000202571,86.537009000,5.361375000,81.175634000,110.943600101,104.070121911
avx2_fma,1800,0xAA,10,0.780125151,0.000395384,86.675925000,5.370165000,81.305760000,111.105153978,104.221431546
avx2_fma,1800,0xAA,11,0.780019254,0.000190621,86.468956000,5.355516000,81.113440000,110.854899446,103.989022776
avx2_fma,1800,0xAA,12,0.780342540,0.000866016,86.895347000,5.391710000,81.503637000,111.355388817,104.445974399
avx2_fma,1800,0xAA,13,0.780132236,0.000291567,86.733603000,5.356676000,81.376927000,111.178078472,104.311709221
avx2_fma,1800,0xAA,14,0.780067820,0.000212060,86.118676000,5.353807000,80.764869000,110.398959881,103.535701507
avx2_fma,1800,0xAA,15,0.782795112,0.014165619,92.608039000,5.885727000,86.722312000,118.304314283,110.785454103
avx2_fma,1800,0xAA,16,0.780031829,0.000198009,86.192956000,5.359667000,80.833289000,110.499280639,103.628193077
avx2_fma,1800,0xAA,17,0.780022923,0.000138513,86.089929000,5.343248000,80.746681000,110.368460332,103.518343695
avx2_fma,1800,0xAA,18,0.780058468,0.000227153,86.374474000,5.347459000,81.027015000,110.728204995,103.873002191
avx2_fma,1800,0xAA,19,0.780057343,0.000200971,86.337365000,5.325731000,81.011634000,110.680792599,103.853434268
avx2_fma,1800,0xAA,20,0.780071560,0.000232018,86.364036000,5.345506000,81.018530000,110.712965887,103.860381746
avx2_fma,1800,0xAA,21,0.780305246,0.000823738,86.694847000,5.392869000,81.301978000,111.103760350,104.192530379
avx2_fma,1800,0xAA,22,0.780157752,0.000362358,86.555625000,5.373766000,81.181859000,110.946311500,104.058260994
avx2_fma,1800,0xAA,23,0.780028795,0.000228696,86.487388000,5.363267000,81.124121000,110.877173517,104.001444009
avx2_fma,1800,0xAA,24,0.780042785,0.000196927,86.501915000,5.364427000,81.137488000,110.893808257,104.016714967
avx2_fma,1800,0xAA,25,0.782713080,0.013569211,92.562874000,5.834274000,86.728600000,118.259010085,110.805098619
avx2_fma,1800,0xAA,26,0.780021365,0.000188300,86.490745000,5.374437000,81.116308000,110.882533316,103.992418198
avx2_fma,1800,0xAA,27,0.780033893,0.000113317,86.556847000,5.361131000,81.195716000,110.965494906,104.092548683
avx2_fma,1800,0xAA,28,0.780033595,0.000216642,86.615501000,5.352342000,81.263159000,111.040731531,104.179050144
avx2_fma,1800,0xAA,29,0.781216269,0.006222916,89.304886000,5.583115000,83.721771000,114.315189742,107.168493977
avx2_fma,1800,0xAA,30,0.780048119,0.000189397,86.462792000,5.332201000,81.130591000,110.842895301,104.007161878
avx2_fma,1800,0xAA,31,0.780280644,0.000794084,86.809776000,5.389696000,81.420080000,111.254555206,104.347173816
avx2_fma,1800,0xAA,32,0.780055165,0.000186075,86.459373000,5.359666000,81.099707000,110.837511113,103.966630384
avx2_fma,1800,0xAA,33,0.780019756,0.000208442,86.560203000,5.369127000,81.191076000,110.971808504,104.088486693
avx2_fma,1800,0xAA,34,0.780040208,0.000202354,86.711509000,5.361436000,81.350073000,111.162870938,104.289589352
avx2_fma,1800,0xAA,35,0.780120581,0.000378287,86.687034000,5.342455000,81.344579000,111.120044849,104.271802248
avx2_fma,1800,0xAA,36,0.780036932,0.000121469,86.536277000,5.334032000,81.202245000,110.938692047,104.100513263
avx2_fma,1800,0xAA,37,0.780102236,0.000299329,86.487877000,5.345201000,81.142676000,110.867362016,104.015438314
avx2_fma,1800,0xAA,38,0.780071395,0.000249220,86.624778000,5.337450000,81.287328000,111.047243361,104.204985029
avx2_fma,1800,0xAA,39,0.780038162,0.000201724,86.352562000,5.355821000,80.996741000,110.702996540,103.836895293
avx2_fma,1800,0xAA,40,0.780071927,0.000229607,86.600304000,5.300829000,81.299475000,111.015793532,104.220485541
avx2_fma,1800,0xAA,41,0.780287047,0.000795494,87.098776000,5.359971000,81.738805000,111.624018846,104.754789089
avx2_fma,1800,0xAA,42,0.780065451,0.000257673,86.643577000,5.332018000,81.311559000,111.072188680,104.236841735
avx2_fma,1800,0xAA,43,0.780111505,0.000224291,86.721763000,5.351183000,81.370580000,111.165855737,104.306345312
avx2_fma,1800,0xAA,44,0.780081644,0.000224737,86.650229000,5.344103000,81.306126000,111.078410377,104.227713351
avx2_fma,1800,0xAA,45,0.780069031,0.000132882,86.550925000,5.349291000,81.201634000,110.952904834,104.095446346
avx2_fma,1800,0xAA,46,0.780075469,0.000232856,86.453209000,5.338548000,81.114661000,110.826724372,103.983094221
avx2_fma,1800,0xAA,47,0.780069804,0.000208547,86.779136000,5.358751000,81.420385000,111.245346977,104.375768160
avx2_fma,1800,0xAA,48,0.780153750,0.000392306,86.596336000,5.367967000,81.228369000,110.999063911,104.118411222
avx2_fma,1800,0xAA,49,0.782446329,0.012512303,92.158029000,5.813523000,86.344506000,117.781917570,110.351985591
avx2_fma,1800,0xAA,50,0.786973897,0.035901461,103.031963000,6.640425000,96.391538000,130.921703322,122.483780502
avx2_fma,1800,0xAA,51,0.780270725,0.000842957,86.927878000,5.361558000,81.566320000,111.407329824,104.535922466
avx2_fma,1800,0xAA,52,0.780096167,0.000247630,86.630882000,5.333360000,81.297522000,111.051541726,104.214743613
avx2_fma,1800,0xAA,53,0.780047042,0.000226366,86.759727000,5.352220000,81.407507000,111.223711265,104.362304567
avx2_fma,1800,0xAA,54,0.780070147,0.000210258,86.774985000,5.341050000,81.433935000,111.239976725,104.393092480
avx2_fma,1800,0xAA,55,0.780559849,0.002712325,87.666401000,5.447984000,82.218417000,112.312209146,105.332623907
avx2_fma,1800,0xAA,56,0.780054321,0.000122875,86.496483000,5.341234000,81.155249000,110.885204596,104.037945559
avx2_fma,1800,0xAA,57,0.780056531,0.000205889,86.701805000,5.383897000,81.317908000,111.148104772,104.246172940
avx2_fma,1800,0xAA,58,0.780067141,0.000226950,86.566795000,5.376268000,81.190527000,110.973518167,104.081460138
avx2_fma,1800,0xAA,59,0.780052885,0.000194536,86.579124000,5.354600000,81.224524000,110.991351567,104.126945188
avx2_fma,1800,0xAA,60,0.780101219,0.000323623,86.853294000,5.345140000,81.508154000,111.335929068,104.484074630
avx2_fma,1800,0xAA,61,0.780257854,0.000823946,86.878684000,5.360582000,81.518102000,111.346119126,104.475849291
avx2_fma,1800,0xAA,62,0.780131340,0.000285677,86.721885000,5.337816000,81.384069000,111.163185712,104.320983985
avx2_fma,1800,0xAA,63,0.785844973,0.029556221,99.990222000,6.425521000,93.564701000,127.239118921,119.062543109
avx2_fma,1800,0xAA,64,0.780076148,0.000216563,86.715354000,5.360521000,81.354833000,111.162678380,104.290886427
avx2_fma,1800,0xAA,65,0.780063889,0.000237034,86.529808000,5.352099000,81.177709000,110.926565421,104.065462021
avx2_fma,1800,0xAA,66,0.780046134,0.000135418,86.755332000,5.308946000,81.446386000,111.218206552,104.412268068
avx2_fma,1800,0xAA,67,0.780076727,0.000223392,86.799766000,5.346361000,81.453405000,111.270805862,104.417171062
avx2_fma,1800,0xAA,68,0.780092644,0.000254795,86.549278000,5.335802000,81.213476000,110.947435171,104.107475784
avx2_fma,1800,0xAA,69,0.784187443,0.019864692,95.657531000,6.059616000,89.597915000,121.982992539,114.255737972
avx2_fma,1800,0xAA,70,0.780033299,0.000214993,86.591026000,5.333727000,81.257299000,111.009396737,104.171577115
avx2_fma,1800,0xAA,71,0.780280697,0.000781602,86.773704000,5.335680000,81.438024000,111.208318086,104.370163538
avx2_fma,1800,0xAA,72,0.780147804,0.000364328,86.631675000,5.351060000,81.280615000,111.045207757,104.186174159
avx2_fma,1800,0xAA,73,0.780158467,0.000397136,86.711753000,5.362169000,81.349584000,111.146333259,104.273153995
avx2_fma,1800,0xAA,74,0.780109322,0.000226940,86.579246000,5.369921000,81.209325000,110.983478338,104.099929006
avx2_fma,1800,0xAA,75,0.780132151,0.000294569,86.604698000,5.361802000,81.242896000,111.012855775,104.139915093
avx2_fma,1800,0xAA,76,0.780089250,0.000251840,86.517784000,5.321825000,81.195959000,110.907545576,104.085473610
avx2_fma,1800,0xAA,77,0.780080090,0.000215569,86.555321000,5.357530000,81.197791000,110.956967252,104.089044242
avx2_fma,1800,0xAA,78,0.780155831,0.000263015,86.756186000,5.353319000,81.402867000,111.203662813,104.341804213
avx2_fma,1800,0xAA,79,0.780086818,0.000221727,86.556602000,5.343676000,81.212926000,110.957652403,104.107548189
avx2_fma,1800,0xAA,80,0.780056409,0.000141617,86.688377000,5.359361000,81.329016000,111.130908016,104.260429240
avx2_fma,1800,0xAA,81,0.780325263,0.000838404,86.859518000,5.367479000,81.492039000,111.311938919,104.433423952
avx2_fma,1800,0xAA,82,0.780113717,0.000261030,86.662986000,5.354783000,81.308203000,111.090196298,104.226090616
avx2_fma,1800,0xAA,83,0.780096210,0.000247143,86.577598000,5.359544000,81.218054000,110.983231229,104.112868401
avx2_fma,1800,0xAA,84,0.780097330,0.000227633,86.554893000,5.361925000,81.192968000,110.953966531,104.080561384
avx2_fma,1800,0xAA,85,0.780114475,0.000335526,86.759605000,5.351854000,81.407751000,111.213940734,104.353596296
avx2_fma,1800,0xAA,86,0.780056749,0.000238852,86.616233000,5.345567000,81.270666000,111.038374019,104.185581565
avx2_fma,1800,0xAA,87,0.780074145,0.000213642,86.618248000,5.332444000,81.285804000,111.038480871,104.202663999
avx2_fma,1800,0xAA,88,0.780133171,0.000322095,86.659019000,5.362474000,81.296545000,111.082341094,104.208548004
avx2_fma,1800,0xAA,89,0.780063705,0.000133401,86.745384000,5.359117000,81.386267000,111.202948416,104.332846702
avx2_fma,1800,0xAA,90,0.781637087,0.008160307,90.163039000,5.635666000,84.527373000,115.351536564,108.141456470
avx2_fma,1800,0xAA,91,0.780293906,0.000806242,87.132345000,5.380724000,81.751621000,111.666058604,104.770292841
avx2_fma,1800,0xAA,92,0.780102674,0.000256408,86.764610000,5.340562000,81.424048000,111.222038985,104.376065783
avx2_fma,1800,0xAA,93,0.780076292,0.000232994,86.643089000,5.363451000,81.279638000,111.070019495,104.194472767
avx2_fma,1800,0xAA,94,0.786309785,0.032380420,101.494857000,6.550337000,94.944520000,129.077443671,120.746964865
avx2_fma,1800,0xAA,95,0.780040299,0.000121180,86.665916000,5.341173000,81.324743000,111.104408400,104.257104480
avx2_fma,1800,0xAA,96,0.780026406,0.000224363,86.580528000,5.359484000,81.221044000,110.996919306,104.126018576
avx2_fma,1800,0xAA,97,0.780054442,0.000200394,86.614097000,5.342882000,81.271215000,111.035964123,104.186593470
avx2_fma,1800,0xAA,98,0.780120663,0.000372860,86.637718000,5.367540000,81.270178000,111.056817373,104.176420206
avx2_fma,1800,0xAA,99,0.780026096,0.000197718,86.652488000,5.384447000,81.268041000,111.089216636,104.186310406
avx2_fma,2000,0x00,0,0.703084007,0.001387056,78.506146000,4.862537000,73.643609000,111.659695272,104.743683885
avx2_fma,2000,0x00,1,0.702908908,0.001226875,78.372786000,4.861377000,73.511409000,111.497784552,104.581700628
avx2_fma,2000,0x00,2,0.702871026,0.001237029,78.269758000,4.821337000,73.448421000,111.357212201,104.497721880
avx2_fma,2000,0x00,3,0.702732003,0.001075451,78.450422000,4.808215000,73.642207000,111.636330335,104.794155821
avx2_fma,2000,0x00,4,0.702806595,0.001156158,78.255049000,4.818530000,73.436519000,111.346492120,104.490366930
avx2_fma,2000,0x00,5,0.702819993,0.001214197,78.277571000,4.835803000,73.441768000,111.376414779,104.495843578
avx2_fma,2000,0x00,6,0.702726857,0.001149788,78.309736000,4.830859000,73.478877000,111.436947741,104.562500074
avx2_fma,2000,0x00,7,0.706751184,0.020129385,87.389608000,5.552842000,81.836766000,123.649751137,115.792895533
avx2_fma,2000,0x00,8,0.702825790,0.001126426,78.392866000,4.817187000,73.575679000,111.539540989,104.685513904
avx2_fma,2000,0x00,9,0.702677751,0.001097684,78.190168000,4.830554000,73.359614000,111.274574925,104.400080896
avx2_fma,2000,0x00,10,0.702559497,0.001006844,78.277753000,4.824145000,73.453608000,111.417970046,104.551441275
avx2_fma,2000,0x00,11,0.702563836,0.000896971,78.216109000,4.829028000,73.387081000,111.329540463,104.456103840
avx2_fma,2000,0x00,12,0.702645779,0.001048886,78.212202000,4.831591000,73.380611000,111.310996667,104.434713990
avx2_fma,2000,0x00,13,0.702568036,0.000831746,78.150069000,4.829089000,73.320980000,111.234876914,104.361394556
avx2_fma,2000,0x00,14,0.702842199,0.001344927,78.984600000,4.828296000,74.156304000,112.378852790,105.509179899
avx2_fma,2000,0x00,15,0.702688371,0.000937157,78.449201000,4.853015000,73.596186000,111.641524536,104.735170025
avx2_fma,2000,0x00,16,0.702711606,0.001034140,78.333723000,4.824756000,73.508967000,111.473501196,104.607589260
avx2_fma,2000,0x00,17,0.705194862,0.013382630,84.184233000,5.287218000,78.897015000,119.377263771,111.879736083
avx2_fma,2000,0x00,18,0.702821511,0.001096902,78.277022000,4.825061000,73.451961000,111.375393039,104.510120810
avx2_fma,2000,0x00,19,0.702819693,0.001111923,78.482465000,4.832569000,73.649896000,111.667993600,104.792020933
avx2_fma,2000,0x00,20,0.702710608,0.000996210,78.484662000,4.833667000,73.650995000,111.688454767,104.809852193
avx2_fma,2000,0x00,21,0.702891300,0.001382945,78.762494000,4.862353000,73.900141000,112.055013383,105.137367650
avx2_fma,2000,0x00,22,0.702896070,0.001204071,78.582074000,4.845141000,73.736933000,111.797572071,104.904460543
avx2_fma,2000,0x00,23,0.702782594,0.001033803,78.501142000,4.840320000,73.660822000,111.700464221,104.813099563
avx2_fma,2000,0x00,24,0.702665059,0.000946299,78.252058000,4.806933000,73.445125000,111.364663761,104.523661863
avx2_fma,2000,0x00,25,0.702635452,0.000890235,78.380781000,4.819263000,73.561518000,111.552556520,104.693718150
avx2_fma,2000,0x00,26,0.702704118,0.001002616,78.300398000,4.796069000,73.504329000,111.427264965,104.602103600
avx2_fma,2000,0x00,27,0.702564865,0.000929721,78.304914000,4.852344000,73.452570000,111.455778484,104.549164961
avx2_fma,2000,0x00,28,0.702704370,0.000997342,78.228071000,4.860766000,73.367305000,111.324298473,104.407070960
avx2_fma,2000,0x00,29,0.702572688,0.000851300,78.338240000,4.859423000,73.478817000,111.501971725,104.585359277
avx2_fma,2000,0x00,30,0.702613094,0.000890011,78.293745000,4.850757000,73.442988000,111.432231645,104.528350912
avx2_fma,2000,0x00,31,0.702958807,0.001341208,78.977520000,4.844348000,74.133172000,112.350139487,105.458771240
avx2_fma,2000,0x00,32,0.702755831,0.000981521,78.288618000,4.831348000,73.457270000,111.402302892,104.527442829
avx2_fma,2000,0x00,33,0.702707178,0.000985163,78.188826000,4.843250000,73.345576000,111.268005314,104.375731900
avx2_fma,2000,0x00,34,0.702671022,0.000926150,78.329573000,4.832873000,73.496700000,111.474033378,104.596173261
avx2_fma,2000,0x00,35,0.702635842,0.000907658,78.292707000,4.819384000,73.473323000,111.427146627,104.568139854
avx2_fma,2000,0x00,36,0.702632411,0.000917199,78.312665000,4.800891000,73.511774000,111.456095327,104.623374656
avx2_fma,2000,0x00,37,0.702639637,0.000953422,78.263106000,4.799365000,73.463741000,111.384416538,104.553937944
avx2_fma,2000,0x00,38,0.702566509,0.000844381,78.350813000,4.803333000,73.547480000,111.520848165,104.684010745
avx2_fma,2000,0x00,39,0.702615938,0.000940155,78.265180000,4.824145000,73.441035000,111.391125284,104.525148101
avx2_fma,2000,0x00,40,0.702587116,0.000886129,78.457868000,4.816943000,73.640925000,111.669949815,104.813941656
avx2_fma,2000,0x00,41,0.704713212,0.010347496,83.168000000,5.185411000,77.982589000,118.016802599,110.658616441
avx2_fma,2000,0x00,42,0.702711579,0.000904389,78.929180000,4.831530000,74.097650000,112.320875811,105.445323815
avx2_fma,2000,0x00,43,0.702650477,0.000929711,78.374189000,4.824756000,73.549433000,111.540789547,104.674280298
avx2_fma,2000,0x00,44,0.702752906,0.001090791,78.517988000,4.843982000,73.674006000,111.729154418,104.836287870
avx2_fma,2000,0x00,45,0.703462863,0.004119298,80.013833000,4.945178000,75.068655000,113.742796178,106.713032045
avx2_fma,2000,0x00,46,0.702713191,0.001085009,78.328474000,4.817737000,73.510737000,111.465780019,104.609872004
avx2_fma,2000,0x00,47,0.702635606,0.000965162,78.647870000,4.832141000,73.815729000,111.932656553,105.055491552
avx2_fma,2000,0x00,48,0.702566256,0.000890036,78.539227000,4.837756000,73.701471000,111.789068110,104.903232132
avx2_fma,2000,0x00,49,0.702661678,0.000961628,78.333051000,4.822193000,73.510858000,111.480465585,104.617713350
avx2_fma,2000,0x00,50,0.702801548,0.001093421,78.358686000,4.842578000,73.516108000,111.494754414,104.604362648
avx2_fma,2000,0x00,51,0.702882646,0.001097787,78.572614000,4.830615000,73.741999000,111.786248306,104.913671458
avx2_fma,2000,0x00,52,0.702683166,0.000946210,78.390241000,4.820545000,73.569696000,111.558444535,104.698247460
avx2_fma,2000,0x00,53,0.702785191,0.001023568,78.594403000,4.845508000,73.748895000,111.832753516,104.938032249
avx2_fma,2000,0x00,54,0.702807204,0.001116609,78.362471000,4.835681000,73.526790000,111.499242640,104.618719830
avx2_fma,2000,0x00,55,0.702830330,0.001200221,78.429486000,4.843432000,73.586054000,111.590924040,104.699599361
avx2_fma,2000,0x00,56,0.702763241,0.001070764,78.530439000,4.841907000,73.688532000,111.745228644,104.855416086
avx2_fma,2000,0x00,57,0.705170697,0.012751636,83.904082000,5.291795000,78.612287000,118.984073483,111.479798242
avx2_fma,2000,0x00,58,0.702676635,0.000948289,78.218916000,4.835681000,73.383235000,111.315663752,104.433862421
avx2_fma,2000,0x00,59,0.702676413,0.001023812,78.964703000,4.841480000,74.123223000,112.377050932,105.486994693
avx2_fma,2000,0x00,60,0.702749163,0.001128913,78.672650000,4.816333000,73.856317000,111.949830947,105.096271735
avx2_fma,2000,0x00,61,0.708566000,0.029378662,91.875070000,5.908921000,85.966149000,129.663390481,121.324123573
avx2_fma,2000,0x00,62,0.702678836,0.000951821,78.637433000,4.829883000,73.807550000,111.910917180,105.037388687
avx2_fma,2000,0x00,63,0.702577828,0.000989163,78.651105000,4.837573000,73.813532000,111.946466116,105.061004024
avx2_fma,2000,0x00,64,0.702679617,0.001003281,78.844647000,4.834521000,74.010126000,112.205683888,105.325562590
avx2_fma,2000,0x00,65,0.702660373,0.001096775,78.557965000,4.831653000,73.726312000,111.800761845,104.924533746
avx2_fma,2000,0x00,66,0.702675274,0.001091079,78.629193000,4.812366000,73.816827000,111.899757776,105.051123456
avx2_fma,2000,0x00,67,0.702714281,0.001101271,78.974163000,4.824756000,74.149407000,112.384457108,105.518571315
avx2_fma,2000,0x00,68,0.702695089,0.001079875,78.739910000,4.815844000,73.924066000,112.054162900,105.200772185
avx2_fma,2000,0x00,69,0.702678028,0.001038564,78.738568000,4.857593000,73.880975000,112.054973844,105.142002597
avx2_fma,2000,0x00,70,0.702664108,0.001060164,78.828351000,4.837085000,73.991266000,112.184968816,105.301046686
avx2_fma,2000,0x00,71,0.702878533,0.001174233,78.760907000,4.838061000,73.922846000,112.054790815,105.171580173
avx2_fma,2000,0x00,72,0.705082340,0.012460825,84.154753000,5.241136000,78.913617000,119.354504043,111.921136757
avx2_fma,2000,0x00,73,0.702680529,0.001071567,78.567243000,4.838733000,73.728510000,111.810758678,104.924652114
avx2_fma,2000,0x00,74,0.702725036,0.001174151,78.772198000,4.844409000,73.927789000,112.095334551,105.201586994
avx2_fma,2000,0x00,75,0.708293559,0.029348337,91.793833000,5.900010000,85.893823000,129.598570827,121.268677207
avx2_fma,2000,0x00,76,0.702598582,0.000941525,78.510175000,4.852649000,73.657526000,111.742575285,104.835859102
avx2_fma,2000,0x00,77,0.702674890,0.001077508,78.310041000,4.794422000,73.515619000,111.445623094,104.622521735
avx2_fma,2000,0x00,78,0.702734929,0.001131144,78.705914000,4.834216000,73.871698000,111.999433516,105.120287770
avx2_fma,2000,0x00,79,0.702752872,0.001172439,78.769513000,4.839099000,73.930414000,112.087073819,105.201155318
avx2_fma,2000,0x00,80,0.702657863,0.001091261,78.629133000,4.821643000,73.807490000,111.902445233,105.040438479
avx2_fma,2000,0x00,81,0.702828387,0.001266610,79.059185000,4.817065000,74.242120000,112.487182468,105.633354293
avx2_fma,2000,0x00,82,0.702719977,0.001110745,78.687603000,4.825916000,73.861687000,111.975759351,105.108278477
avx2_fma,2000,0x00,83,0.702576624,0.001037541,78.937298000,4.817370000,74.119928000,112.354005606,105.497287303
avx2_fma,2000,0x00,84,0.702693343,0.001061205,78.645795000,4.840197000,73.805598000,111.920506769,105.032442365
avx2_fma,2000,0x00,85,0.702665027,0.001020367,78.769879000,4.833301000,73.936578000,112.101607334,105.223079428
avx2_fma,2000,0x00,86,0.702646756,0.001031922,78.598859000,4.828601000,73.770258000,111.861128331,104.989110556
avx2_fma,2000,0x00,87,0.702643945,0.001020035,78.843304000,4.834399000,74.008905000,112.209469051,105.329172089
avx2_fma,2000,0x00,88,0.702647865,0.001052025,78.639814000,4.836170000,73.803644000,111.919238465,105.036459426
avx2_fma,2000,0x00,89,0.702707248,0.001154122,79.020489000,4.819872000,74.200617000,112.451507044,105.592502790
avx2_fma,2000,0x00,90,0.702563745,0.000971961,78.863629000,4.840625000,74.023004000,112.251207970,105.361263765
avx2_fma,2000,0x00,91,0.702808186,0.001145260,78.978985000,4.832019000,74.146966000,112.376302128,105.500999451
avx2_fma,2000,0x00,92,0.702739706,0.001120308,78.978801000,4.828357000,74.150444000,112.386990912,105.516229298
avx2_fma,2000,0x00,93,0.702668599,0.001099125,78.931805000,4.801501000,74.130304000,112.331481897,105.498244995
avx2_fma,2000,0x00,94,0.702640443,0.001043682,78.963543000,4.783802000,74.179741000,112.381152822,105.572831372
avx2_fma,2000,0x00,95,0.702697132,0.001123690,78.855878000,4.797229000,74.058649000,112.218869873,105.391989867
avx2_fma,2000,0x00,96,0.702680220,0.001174214,78.880718000,4.849536000,74.031182000,112.256921056,105.355437478
avx2_fma,2000,0x00,97,0.702604211,0.000994329,79.081890000,4.856799000,74.225091000,112.555388524,105.642821077
avx2_fma,2000,0x00,98,0.702679460,0.001085388,79.148784000,4.853198000,74.295586000,112.638533661,105.731831136
avx2_fma,2000,0x00,99,0.702673482,0.001107011,78.619245000,4.857165000,73.762080000,111.885885906,104.973479039
avx2_fma,2000,0xAA,0,0.702851358,0.001044245,78.763043000,4.851733000,73.911310000,112.062162401,105.159233430
avx2_fma,2000,0xAA,1,0.703246767,0.003140079,79.964151000,4.932788000,75.031363000,113.707100774,106.692794798
avx2_fma,2000,0xAA,2,0.702719583,0.000950844,78.639325000,4.835559000,73.803766000,111.907120431,105.025913308
avx2_fma,2000,0xAA,3,0.708142158,0.028782440,91.277660000,5.891831000,85.385829000,128.897367467,120.577242855
avx2_fma,2000,0xAA,4,0.702766591,0.001046798,78.494122000,4.823474000,73.670648000,111.693018771,104.829468249
avx2_fma,2000,0xAA,5,0.702708698,0.001037905,78.473188000,4.848499000,73.624689000,111.672430194,104.772702020
avx2_fma,2000,0xAA,6,0.702617250,0.000934388,78.534467000,4.833422000,73.701045000,111.774180107,104.895012249
avx2_fma,2000,0xAA,7,0.702861963,0.001147274,79.476176000,4.851184000,74.624992000,113.075084782,106.173041054
avx2_fma,2000,0xAA,8,0.702782355,0.001117399,78.822064000,4.830432000,73.991632000,112.157147212,105.283849998
avx2_fma,2000,0xAA,9,0.702697849,0.001121400,78.796673000,4.828662000,73.968011000,112.134501547,105.262896619
avx2_fma,2000,0xAA,10,0.702686264,0.001109939,78.987774000,4.801257000,74.186517000,112.408308001,105.575590122
avx2_fma,2000,0xAA,11,0.702577043,0.000882033,78.533613000,4.839343000,73.694270000,111.779361131,104.891372050
avx2_fma,2000,0xAA,12,0.702676334,0.001063473,79.001873000,4.842883000,74.158990000,112.429961234,105.537907574
avx2_fma,2000,0xAA,13,0.702642937,0.001053222,78.434064000,4.846118000,73.587946000,111.627200567,104.730215273
avx2_fma,2000,0xAA,14,0.702778469,0.001349325,79.250530000,4.876269000,74.374261000,112.767441730,105.828883965
avx2_fma,2000,0xAA,15,0.702572329,0.000852839,78.423811000,4.833057000,73.590754000,111.623825396,104.744737223
avx2_fma,2000,0xAA,16,0.703012015,0.002630166,79.527079000,4.912890000,74.614189000,113.123356812,106.135012522
avx2_fma,2000,0xAA,17,0.702618087,0.000972503,78.875835000,4.850269000,74.025566000,112.259898279,105.356761158
avx2_fma,2000,0xAA,18,0.702647669,0.001045025,78.434797000,4.855884000,73.578913000,111.627491980,104.716654278
avx2_fma,2000,0xAA,19,0.702640265,0.001026537,78.593671000,4.853442000,73.740229000,111.854778285,104.947343222
avx2_fma,2000,0xAA,20,0.702655235,0.001030822,78.490765000,4.845385000,73.645380000,111.705942076,104.810120686
avx2_fma,2000,0xAA,21,0.702790210,0.001100314,78.723370000,4.855578000,73.867792000,112.015461934,105.106461308
avx2_fma,2000,0xAA,22,0.702533525,0.000978126,78.938885000,4.846789000,74.092096000,112.363157331,105.464142797
avx2_fma,2000,0xAA,23,0.702710113,0.001196265,78.822247000,4.864733000,73.957514000,112.168937885,105.246121618
avx2_fma,2000,0xAA,24,0.702655849,0.001028397,79.152385000,4.852161000,74.300224000,112.647443366,105.741984592
avx2_fma,2000,0xAA,25,0.702711144,0.001113195,78.644025000,4.856128000,73.787897000,111.915152727,105.004592049
avx2_fma,2000,0xAA,26,0.703112493,0.002477237,79.589396000,4.925891000,74.663505000,113.195821211,106.189984944
avx2_fma,2000,0xAA,27,0.702723937,0.001102718,78.685529000,4.850085000,73.835444000,111.972176977,105.070341495
avx2_fma,2000,0xAA,28,0.702602871,0.000998464,78.572675000,4.866748000,73.705927000,111.830848235,104.904107393
avx2_fma,2000,0xAA,29,0.703850663,0.006505272,81.631016000,5.085314000,76.545702000,115.977749625,108.752759630
avx2_fma,2000,0xAA,30,0.702580827,0.000923328,79.427165000,4.864001000,74.563164000,113.050572939,106.127524636
avx2_fma,2000,0xAA,31,0.702773034,0.001052943,78.939618000,4.856005000,74.083613000,112.325906421,105.416129340
avx2_fma,2000,0xAA,32,0.702685073,0.001061453,79.405376000,4.861926000,74.543450000,113.002793273,106.083724989
avx2_fma,2000,0xAA,33,0.702685913,0.001080100,78.965007000,4.858691000,74.106316000,112.375964138,105.461507896
avx2_fma,2000,0xAA,34,0.702662323,0.001022416,78.814922000,4.866565000,73.948357000,112.166142069,105.240247742
avx2_fma,2000,0xAA,35,0.702566664,0.000965871,79.125835000,4.842822000,74.283013000,112.623953054,105.730910376
avx2_fma,2000,0xAA,36,0.702624436,0.000936212,78.333845000,4.849658000,73.484187000,111.487504588,104.585299436
avx2_fma,2000,0xAA,37,0.702718523,0.001166605,78.775189000,4.864977000,73.910212000,112.100629868,105.177549226
avx2_fma,2000,0xAA,38,0.702598967,0.000970560,78.874676000,4.848987000,74.025689000,112.261303612,105.359803290
avx2_fma,2000,0xAA,39,0.702664245,0.001068874,78.620465000,4.844287000,73.776178000,111.889092897,104.994922554
avx2_fma,2000,0xAA,40,0.702651092,0.001054435,79.117412000,4.860401000,74.257011000,112.598433101,105.681200560
avx2_fma,2000,0xAA,41,0.702806358,0.001208939,79.434123000,4.868273000,74.565850000,113.024195191,106.097290014
avx2_fma,2000,0xAA,42,0.702646194,0.001026018,78.965862000,4.865527000,74.100335000,112.383533315,105.458957278
avx2_fma,2000,0xAA,43,0.702631854,0.001097754,79.652079000,4.854724000,74.797355000,113.362465119,106.453122801
avx2_fma,2000,0xAA,44,0.702549771,0.001020866,78.732038000,4.854175000,73.877863000,112.066135704,105.156767573
avx2_fma,2000,0xAA,45,0.702521144,0.001037925,78.989910000,4.861376000,74.128534000,112.437768888,105.517868977
avx2_fma,2000,0xAA,46,0.702612126,0.001035133,78.935101000,4.857715000,74.077386000,112.345201671,105.431408385
avx2_fma,2000,0xAA,47,0.702571649,0.001060159,78.684003000,4.855761000,73.828242000,111.994275698,105.082865305
avx2_fma,2000,0xAA,48,0.702496383,0.000951421,78.621808000,4.860156000,73.761652000,111.917740695,104.999333541
avx2_fma,2000,0xAA,49,0.702544574,0.000983841,78.414777000,4.854358000,73.560419000,111.615376279,104.705696555
avx2_fma,2000,0xAA,50,0.702562452,0.000985092,78.668317000,4.851611000,73.816706000,111.973414958,105.067821037
avx2_fma,2000,0xAA,51,0.702864958,0.001312544,78.808636000,4.856189000,73.952447000,112.124861459,105.215726287
avx2_fma,2000,0xAA,52,0.702648241,0.001039011,79.342692000,4.863758000,74.478934000,112.919505605,105.997467357
avx2_fma,2000,0xAA,53,0.702555782,0.000969889,79.215434000,4.862598000,74.352836000,112.753230485,105.831932382
avx2_fma,2000,0xAA,54,0.702590645,0.001036127,78.521833000,4.859180000,73.662653000,111.760430633,104.844340820
avx2_fma,2000,0xAA,55,0.702569712,0.000962110,78.726910000,4.853076000,73.873834000,112.055655977,105.148048214
avx2_fma,2000,0xAA,56,0.702563020,0.001028977,78.685894000,4.838732000,73.847162000,111.998342799,105.111085914
avx2_fma,2000,0xAA,57,0.702596073,0.001003038,78.828717000,4.865771000,73.962946000,112.196352979,105.270935677
avx2_fma,2000,0xAA,58,0.707907131,0.027356246,91.906320000,5.860703000,86.045617000,129.828216191,121.549301138
avx2_fma,2000,0xAA,59,0.702627725,0.000991050,79.176799000,4.866198000,74.310601000,112.686699011,105.760985970
avx2_fma,2000,0xAA,60,0.702633107,0.001033105,78.736676000,4.859790000,73.876886000,112.059444947,105.142904935
avx2_fma,2000,0xAA,61,0.702750293,0.001155854,79.352397000,4.889270000,74.463127000,112.916917725,105.959581599
avx2_fma,2000,0xAA,62,0.702629554,0.001012024,78.660260000,4.852282000,73.807978000,111.951254427,105.045365015
avx2_fma,2000,0xAA,63,0.702565728,0.001009721,79.537211000,4.852527000,74.684684000,113.209636938,106.302771422
avx2_fma,2000,0xAA,64,0.702526446,0.001001470,78.756451000,4.857531000,73.898920000,112.104606824,105.190232243
avx2_fma,2000,0xAA,65,0.702598191,0.001127604,78.971478000,4.856738000,74.114740000,112.399204836,105.486664979
avx2_fma,2000,0xAA,66,0.702588444,0.000945281,78.786053000,4.849475000,73.936578000,112.136847187,105.234548921
avx2_fma,2000,0xAA,67,0.708137791,0.029563992,91.947519000,5.947312000,86.000207000,129.844106851,121.445583180
avx2_fma,2000,0xAA,68,0.702689021,0.001011660,78.815411000,4.853198000,73.962213000,112.162576384,105.255967835
avx2_fma,2000,0xAA,69,0.702488899,0.000924564,79.469096000,4.849475000,74.619621000,113.125055968,106.221779620
avx2_fma,2000,0xAA,70,0.702638849,0.001006848,78.492475000,4.850024000,73.642451000,111.710980786,104.808396330
avx2_fma,2000,0xAA,71,0.702843186,0.001134535,79.559672000,4.857776000,74.701896000,113.196903020,106.285295858
avx2_fma,2000,0xAA,72,0.702656393,0.001027691,78.649212000,4.855029000,73.794183000,111.931255202,105.021720113
avx2_fma,2000,0xAA,73,0.703148743,0.003112723,79.569742000,4.937731000,74.632011000,113.162034122,106.139720491
avx2_fma,2000,0xAA,74,0.702632431,0.001032070,79.002484000,4.871326000,74.131158000,112.437855930,105.504890999
avx2_fma,2000,0xAA,75,0.702688436,0.001051572,78.531232000,4.874133000,73.657099000,111.758252956,104.821845939
avx2_fma,2000,0xAA,76,0.702650514,0.001007956,78.556867000,4.840198000,73.716669000,111.800767896,104.912282219
avx2_fma,2000,0xAA,77,0.702677674,0.001084581,78.659527000,4.851122000,73.808405000,111.942544798,105.038779132
avx2_fma,2000,0xAA,78,0.702623730,0.001050879,78.683514000,4.867846000,73.815668000,111.985278419,105.057180500
avx2_fma,2000,0xAA,79,0.702633624,0.001040080,78.911542000,4.841907000,74.069635000,112.308234699,105.417151165
avx2_fma,2000,0xAA,80,0.702662437,0.001042030,79.434245000,4.862353000,74.571892000,113.047518656,106.127619795
avx2_fma,2000,0xAA,81,0.702776218,0.001146719,78.944134000,4.856555000,74.087579000,112.331823346,105.421294967
avx2_fma,2000,0xAA,82,0.702656312,0.001046699,78.731732000,4.859850000,73.871882000,112.048708171,105.132311179
avx2_fma,2000,0xAA,83,0.702579005,0.001008630,78.437361000,4.832752000,73.604609000,111.642050909,104.763462212
avx2_fma,2000,0xAA,84,0.702634329,0.001071738,78.504072000,4.844470000,73.659602000,111.728204473,104.833480149
avx2_fma,2000,0xAA,85,0.702666111,0.001078253,78.944561000,4.837268000,74.107293000,112.350033406,105.465870463
avx2_fma,2000,0xAA,86,0.702639137,0.001024098,79.291423000,4.846850000,74.444573000,112.848002391,105.949938014
avx2_fma,2000,0xAA,87,0.702648923,0.001049646,78.745160000,4.857409000,73.887751000,112.068996949,105.156001225
avx2_fma,2000,0xAA,88,0.702623174,0.001005701,78.475202000,4.843127000,73.632075000,111.688889373,104.795966999
avx2_fma,2000,0xAA,89,0.702667375,0.001111777,78.778302000,4.866565000,73.911737000,112.113220000,105.187375463
avx2_fma,2000,0xAA,90,0.702604041,0.001015435,78.643414000,4.844348000,73.799066000,111.931343133,105.036495228
avx2_fma,2000,0xAA,91,0.702844745,0.001165320,79.281962000,4.838550000,74.443412000,112.801529151,105.917291866
avx2_fma,2000,0xAA,92,0.702718609,0.001081390,78.903729000,4.848071000,74.055658000,112.283534213,105.384512419
avx2_fma,2000,0xAA,93,0.702705191,0.001187425,79.006329000,4.848071000,74.158258000,112.431685401,105.532531872
avx2_fma,2000,0xAA,94,0.705955014,0.017424040,86.713157000,5.475877000,81.237280000,122.830995303,115.074301332
avx2_fma,2000,0xAA,95,0.702657357,0.001042671,78.775617000,4.858691000,73.916926000,112.110997195,105.196259948
avx2_fma,2000,0xAA,96,0.702644342,0.000995345,78.797405000,4.842273000,73.955132000,112.144082367,105.252583057
avx2_fma,2000,0xAA,97,0.702628568,0.000993490,79.669168000,4.866809000,74.802359000,113.387316754,106.460742427
avx2_fma,2000,0xAA,98,0.702645187,0.001024975,78.656842000,4.855761000,73.801081000,111.943899139,105.033212086
avx2_fma,2000,0xAA,99,0.702629790,0.001057525,78.819379000,4.866931000,73.952448000,112.177678888,105.250942979
avx2_fma,2100,0x00,0,0.669106183,0.001050112,77.354904000,4.620838000,72.734066000,115.609309844,108.703323740
avx2_fma,2100,0x00,1,0.668862115,0.000762522,77.204454000,4.591358000,72.613096000,115.426561342,108.562130103
avx2_fma,2100,0x00,2,0.668861499,0.000751769,77.327317000,4.610767000,72.716550000,115.610357462,108.716901931
avx2_fma,2100,0x00,3,0.668827312,0.000697829,77.113817000,4.598132000,72.515685000,115.297051384,108.422134773
avx2_fma,2100,0x00,4,0.668875107,0.000723254,77.085741000,4.603076000,72.482665000,115.246837785,108.365020912
avx2_fma,2100,0x00,5,0.668802842,0.000679184,77.164963000,4.597645000,72.567318000,115.377743920,108.503303930
avx2_fma,2100,0x00,6,0.668810149,0.000697627,77.291184000,4.607593000,72.683591000,115.565208015,108.675968959
avx2_fma,2100,0x00,7,0.668920892,0.000914657,77.456589000,4.570118000,72.886471000,115.793347123,108.961271676
avx2_fma,2100,0x00,8,0.669006543,0.000958194,77.371628000,4.606921000,72.764707000,115.651526583,108.765314411
avx2_fma,2100,0x00,9,0.668869352,0.000699965,77.291001000,4.617725000,72.673276000,115.554705468,108.650928244
avx2_fma,2100,0x00,10,0.668905077,0.000770229,77.221787000,4.603320000,72.618467000,115.445060314,108.563187002
avx2_fma,2100,0x00,11,0.668867873,0.000796481,77.218186000,4.587696000,72.630490000,115.446097891,108.587200668
avx2_fma,2100,0x00,12,0.673899773,0.026067941,89.432449000,5.554307000,83.878142000,132.708827940,124.466790735
avx2_fma,2100,0x00,13,0.668901493,0.000765720,77.039353000,4.575184000,72.464169000,115.172942201,108.333095008
avx2_fma,2100,0x00,14,0.668818017,0.000639722,77.254502000,4.602161000,72.652341000,115.509002454,108.627966236
avx2_fma,2100,0x00,15,0.668947070,0.000838289,77.290634000,4.621326000,72.669308000,115.540731838,108.632373600
avx2_fma,2100,0x00,16,0.668882196,0.000689615,77.224900000,4.601734000,72.623166000,115.453663477,108.573925871
avx2_fma,2100,0x00,17,0.668835973,0.000736663,77.350877000,4.613879000,72.736998000,115.649995019,108.751623546
avx2_fma,2100,0x00,18,0.668865065,0.000719365,77.172593000,4.612781000,72.559812000,115.378417868,108.481988021
avx2_fma,2100,0x00,19,0.668953221,0.000802154,77.330612000,4.591846000,72.738766000,115.599431472,108.735205607
avx2_fma,2100,0x00,20,0.668857785,0.000722870,77.196152000,4.601246000,72.594906000,115.414896432,108.535637340
avx2_fma,2100,0x00,21,0.668866395,0.000741924,77.246079000,4.590198000,72.655881000,115.488055060,108.625402014
avx2_fma,2100,0x00,22,0.669112388,0.001004357,77.287339000,4.594898000,72.692441000,115.507260581,108.640106303
avx2_fma,2100,0x00,23,0.674113292,0.027441083,90.119398000,5.529832000,84.589566000,133.685834425,125.482714769
avx2_fma,2100,0x00,24,0.672899037,0.020500439,86.856345000,5.321337000,81.535008000,129.077826250,121.169749843
avx2_fma,2100,0x00,25,0.668880888,0.000669614,77.218308000,4.568958000,72.649350000,115.444034011,108.613284200
avx2_fma,2100,0x00,26,0.668789381,0.000630080,77.176866000,4.594653000,72.582213000,115.397863993,108.527759395
avx2_fma,2100,0x00,27,0.668793890,0.000647935,77.375473000,4.590992000,72.784481000,115.694048892,108.829464647
avx2_fma,2100,0x00,28,0.668820644,0.000687410,77.020493000,4.582813000,72.437680000,115.158665834,108.306585170
avx2_fma,2100,0x00,29,0.668810010,0.000613485,77.268845000,4.567859000,72.700986000,115.531831017,108.702000519
avx2_fma,2100,0x00,30,0.668812151,0.000638322,77.014940000,4.562366000,72.452574000,115.151825369,108.330229807
avx2_fma,2100,0x00,31,0.668980077,0.000854160,77.264634000,4.568408000,72.696226000,115.496165878,108.667251006
avx2_fma,2100,0x00,32,0.668753259,0.000571800,77.018663000,4.596607000,72.422056000,115.167532938,108.294135408
avx2_fma,2100,0x00,33,0.668850041,0.000643656,77.061265000,4.596851000,72.464414000,115.214562801,108.341795034
avx2_fma,2100,0x00,34,0.668725149,0.000531695,77.191453000,4.599231000,72.592222000,115.430761183,108.553150844
avx2_fma,2100,0x00,35,0.668751135,0.000621021,77.090195000,4.622120000,72.468075000,115.274862318,108.363292739
avx2_fma,2100,0x00,36,0.668774267,0.000690204,77.315110000,4.609485000,72.705625000,115.607184371,108.714746628
avx2_fma,2100,0x00,37,0.668772138,0.000643350,77.186875000,4.562854000,72.624021000,115.415805421,108.593072030
avx2_fma,2100,0x00,38,0.668763591,0.000590906,77.145128000,4.603565000,72.541563000,115.354856349,108.471160735
avx2_fma,2100,0x00,39,0.668814117,0.000629809,77.047410000,4.584461000,72.462949000,115.200035493,108.345423898
avx2_fma,2100,0x00,40,0.673827568,0.025896146,89.210709000,5.531785000,83.678924000,132.393973315,124.184476901
avx2_fma,2100,0x00,41,0.669028446,0.000902790,77.429611000,4.614917000,72.814694000,115.734407857,108.836469466
avx2_fma,2100,0x00,42,0.668843898,0.000631245,77.249375000,4.614368000,72.635007000,115.496867488,108.597846630
avx2_fma,2100,0x00,43,0.668795840,0.000644775,77.123948000,4.571217000,72.552731000,115.317625237,108.482629071
avx2_fma,2100,0x00,44,0.668842575,0.000716645,77.169968000,4.587024000,72.582944000,115.378372874,108.520220938
avx2_fma,2100,0x00,45,0.668766112,0.000574058,77.146592000,4.583912000,72.562680000,115.356610629,108.502327918
avx2_fma,2100,0x00,46,0.668760386,0.000525909,77.169297000,4.555408000,72.613889000,115.391549168,108.579829914
avx2_fma,2100,0x00,47,0.674545632,0.029542956,91.024547000,5.651108000,85.373439000,134.942015316,126.564364150
avx2_fma,2100,0x00,48,0.668873072,0.000670958,77.179429000,4.601734000,72.577695000,115.387256862,108.507425410
avx2_fma,2100,0x00,49,0.668734349,0.000527386,77.343858000,4.547840000,72.796018000,115.657073849,108.856406280
avx2_fma,2100,0x00,50,0.668795104,0.000614918,77.001206000,4.588184000,72.413022000,115.134225050,108.273851860
avx2_fma,2100,0x00,51,0.669072234,0.000994057,77.335861000,4.609852000,72.726009000,115.586714028,108.696797268
avx2_fma,2100,0x00,52,0.668838775,0.000804189,77.225877000,4.603016000,72.622861000,115.462619492,108.580518497
avx2_fma,2100,0x00,53,0.668882732,0.000855444,77.291245000,4.603016000,72.688229000,115.552758843,108.671110115
avx2_fma,2100,0x00,54,0.671957092,0.016100949,84.772610000,5.174730000,79.597880000,126.157772552,118.456789766
avx2_fma,2100,0x00,55,0.668835394,0.000685950,77.054552000,4.557422000,72.497130000,115.207049004,108.393082456
avx2_fma,2100,0x00,56,0.668842469,0.000762273,77.360519000,4.596119000,72.764400000,115.663287872,108.791536727
avx2_fma,2100,0x00,57,0.668873673,0.000782167,77.149460000,4.581592000,72.567868000,115.342348123,108.492636155
avx2_fma,2100,0x00,58,0.670333128,0.007796029,80.603493000,4.876147000,75.727346000,120.243934816,112.969720261
avx2_fma,2100,0x00,59,0.668843718,0.000741688,77.298630000,4.606983000,72.691647000,115.570540439,108.682559176
avx2_fma,2100,0x00,60,0.668846271,0.000712680,77.176194000,4.595752000,72.580442000,115.387043800,108.515880429
avx2_fma,2100,0x00,61,0.669058480,0.000861791,77.357407000,4.577198000,72.780209000,115.621293654,108.780041153
avx2_fma,2100,0x00,62,0.668887452,0.000709273,77.018480000,4.595752000,72.422728000,115.144154271,108.273413933
avx2_fma,2100,0x00,63,0.674749635,0.030112901,91.248179000,5.693834000,85.554345000,135.232646720,126.794207178
avx2_fma,2100,0x00,64,0.668883356,0.000739408,77.220078000,4.616871000,72.603207000,115.446254267,108.543898336
avx2_fma,2100,0x00,65,0.668853245,0.000768400,77.142014000,4.615955000,72.526059000,115.334738266,108.433441111
avx2_fma,2100,0x00,66,0.668864267,0.000763853,77.203965000,4.617787000,72.586178000,115.425458996,108.521536587
avx2_fma,2100,0x00,67,0.668865518,0.000802754,77.218979000,4.579822000,72.639157000,115.447690058,108.600540851
avx2_fma,2100,0x00,68,0.674823620,0.030906856,91.764291000,5.726121000,86.038170000,135.982630536,127.497271058
avx2_fma,2100,0x00,69,0.668847974,0.000726863,77.282761000,4.622974000,72.659787000,115.546079217,108.634233507
avx2_fma,2100,0x00,70,0.668897591,0.000863245,77.227707000,4.614551000,72.613156000,115.455202750,108.556462103
avx2_fma,2100,0x00,71,0.669108439,0.001025509,77.447434000,4.621876000,72.825558000,115.747208484,108.839694351
avx2_fma,2100,0x00,72,0.668856400,0.000785502,77.288315000,4.612476000,72.675839000,115.552927281,108.656864094
avx2_fma,2100,0x00,73,0.668886323,0.000716074,77.310288000,4.590015000,72.720273000,115.580608126,108.718433133
avx2_fma,2100,0x00,74,0.668875536,0.000796497,77.292893000,4.621875000,72.671018000,115.556465787,108.646547946
avx2_fma,2100,0x00,75,0.668906409,0.000808545,77.113389000,4.610523000,72.502866000,115.282777960,108.390150024
avx2_fma,2100,0x00,76,0.669001621,0.000907934,77.344040000,4.620960000,72.723080000,115.611139859,108.703892024
avx2_fma,2100,0x00,77,0.669321539,0.001994458,77.807967000,4.651966000,73.156001000,116.249010988,109.298740116
avx2_fma,2100,0x00,78,0.668846570,0.000745727,77.351059000,4.606372000,72.744687000,115.648434912,108.761396527
avx2_fma,2100,0x00,79,0.674172296,0.027371521,90.092238000,5.557970000,84.534268000,133.633847737,125.389708917
avx2_fma,2100,0x00,80,0.668931939,0.000818612,77.245713000,4.594715000,72.650998000,115.476192021,108.607458845
avx2_fma,2100,0x00,81,0.669110822,0.001037780,77.356980000,4.586598000,72.770382000,115.611610854,108.756845025
avx2_fma,2100,0x00,82,0.668872925,0.000813506,77.108750000,4.572681000,72.536069000,115.281613506,108.445216292
avx2_fma,2100,0x00,83,0.669014450,0.000936980,77.402817000,4.582996000,72.819821000,115.696778984,108.846409762
avx2_fma,2100,0x00,84,0.668849583,0.000658955,77.258958000,4.596485000,72.662473000,115.510213291,108.637988031
avx2_fma,2100,0x00,85,0.668898269,0.000759462,77.272019000,4.550343000,72.721676000,115.521332069,108.718589090
avx2_fma,2100,0x00,86,0.668919486,0.000862275,77.363816000,4.591541000,72.772275000,115.654899535,108.790783460
avx2_fma,2100,0x00,87,0.668843662,0.000737415,77.111191000,4.576160000,72.535031000,115.290306804,108.448408974
avx2_fma,2100,0x00,88,0.668908696,0.000817704,77.282212000,4.578540000,72.703672000,115.534769431,108.689978767
avx2_fma,2100,0x00,89,0.668909188,0.000815288,77.171373000,4.602711000,72.568662000,115.368983433,108.488062848
avx2_fma,2100,0x00,90,0.668883615,0.000773002,77.115648000,4.593922000,72.521726000,115.290083786,108.422039932
avx2_fma,2100,0x00,91,0.669185434,0.001347993,77.494492000,4.594532000,72.899960000,115.804212175,108.938354424
avx2_fma,2100,0x00,92,0.668899081,0.000785936,77.138902000,4.600025000,72.538877000,115.322182629,108.445173631
avx2_fma,2100,0x00,93,0.668920266,0.000800448,77.314499000,4.613269000,72.701230000,115.581038467,108.684448194
avx2_fma,2100,0x00,94,0.668876406,0.000875177,77.058152000,4.613270000,72.444882000,115.205367308,108.308323309
avx2_fma,2100,0x00,95,0.668842638,0.000693721,77.121751000,4.582691000,72.539060000,115.306271775,108.454598841
avx2_fma,2100,0x00,96,0.668845402,0.000674686,77.129624000,4.617237000,72.512387000,115.317566236,108.414271419
avx2_fma,2100,0x00,97,0.674094552,0.027085864,89.823500000,5.567064000,84.256436000,133.250594778,124.992014460
avx2_fma,2100,0x00,98,0.668904684,0.000761015,77.298753000,4.614307000,72.684446000,115.560191002,108.661888280
avx2_fma,2100,0x00,99,0.674107414,0.027422540,89.891982000,5.595140000,84.296842000,133.349641558,125.049569662
avx2_fma,2100,0xAA,0,0.669009242,0.000961127,77.361863000,4.586964000,72.774899000,115.636463876,108.780110160
avx2_fma,2100,0xAA,1,0.668883644,0.000869121,77.430588000,4.612720000,72.817868000,115.760922980,108.864775883
avx2_fma,2100,0xAA,2,0.668949818,0.000861571,77.210740000,4.602771000,72.607969000,115.420825245,108.540232892
avx2_fma,2100,0xAA,3,0.668846159,0.000816098,77.123154000,4.617664000,72.505490000,115.307762344,108.403836927
avx2_fma,2100,0xAA,4,0.668841419,0.000701315,77.066270000,4.597279000,72.468991000,115.223531066,108.350034793
avx2_fma,2100,0xAA,5,0.668768716,0.000560625,77.128282000,4.572560000,72.555722000,115.328782801,108.491501257
avx2_fma,2100,0xAA,6,0.668753544,0.000593614,77.157640000,4.577686000,72.579954000,115.375298831,108.530197164
avx2_fma,2100,0xAA,7,0.668882869,0.000801619,77.312607000,4.582691000,72.729916000,115.584672044,108.733411210
avx2_fma,2100,0xAA,8,0.669064673,0.000979031,77.267137000,4.610034000,72.657103000,115.485303845,108.595037195
avx2_fma,2100,0xAA,9,0.668920776,0.000721614,77.180161000,4.599414000,72.580747000,115.380122396,108.504249848
avx2_fma,2100,0xAA,10,0.668888330,0.000854701,77.133225000,4.603748000,72.529477000,115.315548954,108.432863472
avx2_fma,2100,0xAA,11,0.668850017,0.000796954,77.184312000,4.594410000,72.589902000,115.398534942,108.529416475
avx2_fma,2100,0xAA,12,0.668832132,0.000668584,77.259873000,4.591297000,72.668576000,115.514595186,108.649947423
avx2_fma,2100,0xAA,13,0.668801309,0.000689475,77.019456000,4.567310000,72.452146000,115.160444405,108.331345932
avx2_fma,2100,0xAA,14,0.668773417,0.000606502,77.225328000,4.603626000,72.621702000,115.473082580,108.589396889
avx2_fma,2100,0xAA,15,0.669024839,0.001030619,77.371811000,4.625232000,72.746579000,115.648637399,108.735243858
avx2_fma,2100,0xAA,16,0.668863575,0.000766383,77.151536000,4.601184000,72.550352000,115.347193111,108.468086266
avx2_fma,2100,0xAA,17,0.668835287,0.000578010,77.111741000,4.601063000,72.510678000,115.292572755,108.413355871
avx2_fma,2100,0xAA,18,0.668819625,0.000740686,77.187607000,4.602405000,72.585202000,115.408705293,108.527320795
avx2_fma,2100,0xAA,19,0.668840399,0.000750401,77.336411000,4.586719000,72.749692000,115.627601335,108.769883100
avx2_fma,2100,0xAA,20,0.668818198,0.000675905,77.061998000,4.601185000,72.460813000,115.221144209,108.341569137
avx2_fma,2100,0xAA,21,0.668880867,0.000788716,77.072557000,4.604237000,72.468320000,115.226134924,108.342641571
avx2_fma,2100,0xAA,22,0.668902187,0.000834890,77.234849000,4.598743000,72.636106000,115.465086615,108.590026125
avx2_fma,2100,0xAA,23,0.669082452,0.001046863,77.288682000,4.607471000,72.681211000,115.514435837,108.628182903
avx2_fma,2100,0xAA,24,0.668950743,0.000793456,77.198350000,4.590137000,72.608213000,115.402143961,108.540447424
avx2_fma,2100,0xAA,25,0.668885832,0.000750218,77.131028000,4.563282000,72.567746000,115.312695066,108.490481498
avx2_fma,2100,0xAA,26,0.668930072,0.000859513,77.242966000,4.596790000,72.646176000,115.472407760,108.600553445
avx2_fma,2100,0xAA,27,0.668911457,0.000743660,77.092698000,4.595996000,72.496702000,115.250975648,108.380117099
avx2_fma,2100,0xAA,28,0.674144375,0.027628310,90.134718000,5.586107000,84.548611000,133.702395779,125.416178153
avx2_fma,2100,0xAA,29,0.674892045,0.030958073,91.840219000,5.740891000,86.099328000,136.081347712,127.574963550
avx2_fma,2100,0xAA,30,0.668928329,0.000916293,77.341294000,4.581165000,72.760129000,115.619701931,108.771187969
avx2_fma,2100,0xAA,31,0.669060393,0.000931390,77.389817000,4.633105000,72.756712000,115.669404084,108.744610679
avx2_fma,2100,0xAA,32,0.668893589,0.000755442,77.250107000,4.616993000,72.633114000,115.489381731,108.586949000
avx2_fma,2100,0xAA,33,0.668982609,0.000863813,77.118638000,4.607288000,72.511350000,115.277492967,108.390485834
avx2_fma,2100,0xAA,34,0.668887948,0.000791834,77.216661000,4.606739000,72.609922000,115.440353290,108.553192271
avx2_fma,2100,0xAA,35,0.668959204,0.000893190,77.054063000,4.602955000,72.451108000,115.184995658,108.304224794
avx2_fma,2100,0xAA,36,0.669007495,0.001010247,77.261705000,4.603931000,72.657774000,115.487054489,108.605321420
avx2_fma,2100,0xAA,37,0.668904660,0.000816940,77.247605000,4.625537000,72.622068000,115.483729805,108.568638196
avx2_fma,2100,0xAA,38,0.668928546,0.000913515,77.241989000,4.619312000,72.622677000,115.471210632,108.565671872
avx2_fma,2100,0xAA,39,0.678284887,0.025884784,85.479029000,5.230943000,80.248086000,126.022311102,118.310296426
avx2_fma,2100,0xAA,40,0.668926764,0.000840144,77.266221000,4.628101000,72.638120000,115.507743441,108.589047328
avx2_fma,2100,0xAA,41,0.669086641,0.000998472,77.428024000,4.619923000,72.808101000,115.721969681,108.817149414
avx2_fma,2100,0xAA,42,0.668976553,0.000846719,77.137254000,4.585865000,72.551389000,115.306364120,108.451318185
avx2_fma,2100,0xAA,43,0.668954236,0.000773182,77.171312000,4.622608000,72.548704000,115.361123216,108.450922557
avx2_fma,2100,0xAA,44,0.674917162,0.030945609,91.914864000,5.755906000,86.158958000,136.186882053,127.658567291
avx2_fma,2100,0xAA,45,0.668956417,0.000905605,77.238388000,4.619983000,72.618405000,115.461016654,108.554762550
avx2_fma,2100,0xAA,46,0.668907029,0.000788962,77.310410000,4.624317000,72.686093000,115.577212700,108.663969457
avx2_fma,2100,0xAA,47,0.668859036,0.000739825,77.209764000,4.603199000,72.606565000,115.435031708,108.552865580
avx2_fma,2100,0xAA,48,0.668937279,0.000954805,77.342148000,4.586292000,72.755856000,115.619431620,108.763344894
avx2_fma,2100,0xAA,49,0.668915294,0.000874002,77.286301000,4.603870000,72.682431000,115.539742802,108.657152371
avx2_fma,2100,0xAA,50,0.668854140,0.000755922,77.141831000,4.595630000,72.546201000,115.334310370,108.463410239
avx2_fma,2100,0xAA,51,0.669125683,0.001296537,77.606124000,4.626636000,72.979488000,115.981385835,109.066935952
avx2_fma,2100,0xAA,52,0.668931355,0.000840990,77.239243000,4.619922000,72.619321000,115.466620674,108.560199011
avx2_fma,2100,0xAA,53,0.668949478,0.000764841,77.242845000,4.607166000,72.635679000,115.468876990,108.581711141
avx2_fma,2100,0xAA,54,0.668948169,0.000933652,77.221787000,4.564747000,72.657040000,115.437623621,108.613855788
avx2_fma,2100,0xAA,55,0.668950128,0.000836214,77.271165000,4.611988000,72.659177000,115.511099787,108.616732320
avx2_fma,2100,0xAA,56,0.668985503,0.000916363,77.333664000,4.615283000,72.718381000,115.598415224,108.699486956
avx2_fma,2100,0xAA,57,0.668918040,0.000812150,77.178758000,4.601124000,72.577634000,115.378496819,108.500039786
avx2_fma,2100,0xAA,58,0.668919808,0.000794478,77.264694000,4.606739000,72.657955000,115.506661786,108.619828796
avx2_fma,2100,0xAA,59,0.668940119,0.000972427,77.366623000,4.622059000,72.744564000,115.655528448,108.746002667
avx2_fma,2100,0xAA,60,0.668920209,0.000934119,77.248399000,4.612720000,72.635679000,115.482232332,108.586462198
avx2_fma,2100,0xAA,61,0.669115066,0.001357180,77.478439000,4.641162000,72.837277000,115.792399511,108.856130642
avx2_fma,2100,0xAA,62,0.673661620,0.024765504,88.733049000,5.510851000,83.222198000,131.717536504,123.537092735
avx2_fma,2100,0xAA,63,0.668878769,0.000768275,77.157944000,4.611682000,72.546262000,115.354153194,108.459507688
avx2_fma,2100,0xAA,64,0.668942006,0.000900513,77.125046000,4.612476000,72.512570000,115.294069359,108.398888670
avx2_fma,2100,0xAA,65,0.674405841,0.028275810,90.354139000,5.645799000,84.708340000,133.975914088,125.604398514
avx2_fma,2100,0xAA,66,0.672371032,0.018354012,85.683619000,5.239366000,80.444253000,127.435024514,119.642651334
avx2_fma,2100,0xAA,67,0.670106961,0.006711936,80.118691000,4.833911000,75.284780000,119.561048722,112.347407792
avx2_fma,2100,0xAA,68,0.669537294,0.003659059,78.598614000,4.729663000,73.868951000,117.392436065,110.328359066
avx2_fma,2100,0xAA,69,0.668853557,0.000703098,77.212754000,4.606067000,72.606687000,115.440447608,108.553937172
avx2_fma,2100,0xAA,70,0.671113808,0.011266172,82.226596000,5.002794000,77.223802000,122.522581135,115.068116721
avx2_fma,2100,0xAA,71,0.669116295,0.001036895,77.312973000,4.614002000,72.698971000,115.544896416,108.649231142
avx2_fma,2100,0xAA,72,0.672120470,0.016594385,84.860135000,5.169115000,79.691020000,126.257328575,118.566571884
avx2_fma,2100,0xAA,73,0.670448986,0.008182093,80.882362000,4.878772000,76.003590000,120.639099538,113.362226727
avx2_fma,2100,0xAA,74,0.668888654,0.000804526,77.206040000,4.607471000,72.598569000,115.424352800,108.536104702
avx2_fma,2100,0xAA,75,0.674104328,0.027681282,90.170363000,5.615830000,84.554533000,133.763216234,125.432413766
avx2_fma,2100,0xAA,76,0.668848012,0.000796816,77.138352000,4.609851000,72.528501000,115.330165579,108.437940566
avx2_fma,2100,0xAA,77,0.668805767,0.000688441,77.155259000,4.615162000,72.540097000,115.362729844,108.462128461
avx2_fma,2100,0xAA,78,0.670823386,0.010443205,81.931369000,4.943224000,76.988145000,122.135528901,114.766638510
avx2_fma,2100,0xAA,79,0.673267554,0.022810339,87.923725000,5.430467000,82.493258000,130.592547482,122.526709512
avx2_fma,2100,0xAA,80,0.668822585,0.000744355,77.043077000,4.595142000,72.447935000,115.192098340,108.321603680
avx2_fma,2100,0xAA,81,0.669020459,0.000961450,77.258225000,4.612843000,72.645382000,115.479614982,108.584694298
avx2_fma,2100,0xAA,82,0.668857594,0.000773498,77.187791000,4.611378000,72.576413000,115.402429082,108.508019802
avx2_fma,2100,0xAA,83,0.674827254,0.030871201,91.727243000,5.725998000,86.001245000,135.926998225,127.441866714
avx2_fma,2100,0xAA,84,0.668874908,0.000815859,77.191453000,4.602222000,72.589231000,115.404916559,108.524374411
avx2_fma,2100,0xAA,85,0.668893371,0.000846451,77.191270000,4.595142000,72.596128000,115.401457581,108.531689994
avx2_fma,2100,0xAA,86,0.668907301,0.000860562,77.084824000,4.606433000,72.478391000,115.239920205,108.353415913
avx2_fma,2100,0xAA,87,0.668939791,0.000865495,77.153245000,4.583179000,72.570066000,115.336605752,108.485198408
avx2_fma,2100,0xAA,88,0.674174179,0.027764457,90.150770000,5.609421000,84.541349000,133.720294842,125.399861971
avx2_fma,2100,0xAA,89,0.668835580,0.000703193,77.142564000,4.559436000,72.583128000,115.338606787,108.521630935
avx2_fma,2100,0xAA,90,0.668834461,0.000713678,77.221544000,4.582386000,72.639158000,115.456885850,108.605585165
avx2_fma,2100,0xAA,91,0.669154053,0.001074011,77.388047000,4.620166000,72.767881000,115.650569002,108.746081197
avx2_fma,2100,0xAA,92,0.668823809,0.000685378,77.204515000,4.590870000,72.613645000,115.433263568,108.569168810
avx2_fma,2100,0xAA,93,0.668815093,0.000598792,77.081529000,4.591785000,72.489744000,115.250881475,108.385329174
avx2_fma,2100,0xAA,94,0.668842901,0.000623388,77.215866000,4.579028000,72.636838000,115.446939529,108.600745917
avx2_fma,2100,0xAA,95,0.668892861,0.000751812,77.216721000,4.540211000,72.676510000,115.439595078,108.651944520
avx2_fma,2100,0xAA,96,0.668861900,0.000715681,77.118516000,4.574085000,72.544431000,115.298114566,108.459505582
avx2_fma,2100,0xAA,97,0.668836062,0.000701479,77.211716000,4.551380000,72.660336000,115.441915198,108.636989065
avx2_fma,2100,0xAA,98,0.674613134,0.028005664,90.184340000,5.556993000,84.627347000,133.683048124,125.445744811
avx2_fma,2100,0xAA,99,0.668834275,0.000567315,76.988939000,4.512562000,72.476377000,115.109141279,108.362235249
avx2_fma,2300,0x00,0,0.610554273,0.000522743,71.923156000,4.192860000,67.730296000,117.799774970,110.932473923
avx2_fma,2300,0x00,1,0.610706196,0.000886187,72.063293000,4.225148000,67.838145000,117.999937491,111.081474858
avx2_fma,2300,0x00,2,0.610482824,0.000370250,72.072753000,4.198231000,67.874522000,118.058608995,111.181706262
avx2_fma,2300,0x00,3,0.610591657,0.000507580,71.859435000,4.205251000,67.654184000,117.688203226,110.801029199
avx2_fma,2300,0x00,4,0.610563143,0.000448062,71.290650000,4.218373000,67.072277000,116.762125037,109.853137734
avx2_fma,2300,0x00,5,0.610567505,0.000518669,71.696655000,4.155751000,67.540904000,117.426254134,110.619879792
avx2_fma,2300,0x00,6,0.610557007,0.000532987,71.553467000,4.179311000,67.374156000,117.193752822,110.348673739
avx2_fma,2300,0x00,7,0.610544499,0.000590512,71.774962000,4.198109000,67.576853000,117.558936457,110.682928231
avx2_fma,2300,0x00,8,0.610599856,0.000652365,71.824890000,4.204762000,67.620128000,117.630047442,110.743766745
avx2_fma,2300,0x00,9,0.610744624,0.000797837,72.242796000,4.226308000,68.016488000,118.286421489,111.366494838
avx2_fma,2300,0x00,10,0.610542354,0.000547768,71.579833000,4.201405000,67.378428000,117.239750011,110.358319149
avx2_fma,2300,0x00,11,0.610562185,0.000458833,72.315062000,4.202993000,68.112069000,118.440125855,111.556317612
avx2_fma,2300,0x00,12,0.610479555,0.000395440,71.652588000,4.184011000,67.468577000,117.370987100,110.517340710
avx2_fma,2300,0x00,13,0.610523076,0.000492407,71.911254000,4.207631000,67.703623000,117.786299653,110.894453687
avx2_fma,2300,0x00,14,0.610570569,0.000639334,71.839415000,4.195302000,67.644113000,117.659478960,110.788361658
avx2_fma,2300,0x00,15,0.610579068,0.000588315,72.384825000,4.194630000,68.190195000,118.551107911,111.681186850
avx2_fma,2300,0x00,16,0.610545493,0.000488862,71.688659000,4.187551000,67.501108000,117.417391226,110.558686921
avx2_fma,2300,0x00,17,0.610736005,0.000742672,72.072936000,4.194935000,67.878001000,118.009967417,111.141312272
avx2_fma,2300,0x00,18,0.610500063,0.000316360,72.203063000,4.203358000,67.999705000,118.268723161,111.383616588
avx2_fma,2300,0x00,19,0.610548528,0.000388104,71.862976000,4.180836000,67.682140000,117.702316388,110.854644484
avx2_fma,2300,0x00,20,0.610473287,0.000290292,71.740173000,4.189198000,67.550975000,117.515662817,110.653449373
avx2_fma,2300,0x00,21,0.610528630,0.000380913,72.150144000,4.184071000,67.966073000,118.176511953,111.323318194
avx2_fma,2300,0x00,22,0.610485211,0.000375148,72.092039000,4.187245000,67.904794000,118.089738533,111.230858217
avx2_fma,2300,0x00,23,0.610497379,0.000346913,71.572937000,4.188710000,67.384227000,117.237091441,110.375948139
avx2_fma,2300,0x00,24,0.610510694,0.000363437,72.181761000,4.200550000,67.981211000,118.231771766,111.351384505
avx2_fma,2300,0x00,25,0.610657198,0.000679777,71.908263000,4.191335000,67.716928000,117.755531584,110.891885317
avx2_fma,2300,0x00,26,0.610522883,0.000455431,72.434141000,4.176136000,68.258005000,118.642794597,111.802533377
avx2_fma,2300,0x00,27,0.610548559,0.000478689,71.783934000,4.202076000,67.581858000,117.572849673,110.690389736
avx2_fma,2300,0x00,28,0.610524654,0.000472527,72.410460000,4.190541000,68.219919000,118.603662482,111.739826644
avx2_fma,2300,0x00,29,0.610542969,0.000545377,71.569885000,4.181813000,67.388072000,117.223338352,110.374003884
avx2_fma,2300,0x00,30,0.610498861,0.000463309,72.031798000,4.198537000,67.833261000,117.988423221,111.111199908
avx2_fma,2300,0x00,31,0.610542305,0.000540239,71.500183000,4.173451000,67.326732000,117.109301705,110.273655812
avx2_fma,2300,0x00,32,0.610491878,0.000417246,71.895018000,4.140798000,67.754220000,117.765723979,110.982999836
avx2_fma,2300,0x00,33,0.610643426,0.000648461,72.261045000,4.156239000,68.104806000,118.335909248,111.529581979
avx2_fma,2300,0x00,34,0.610667773,0.000562703,72.344603000,4.174122000,68.170481000,118.468021637,111.632681406
avx2_fma,2300,0x00,35,0.610573039,0.000510504,72.073302000,4.173207000,67.900095000,118.042064388,111.207162202
avx2_fma,2300,0x00,36,0.610505594,0.000476807,71.885558000,4.176564000,67.708994000,117.747582799,110.906426814
avx2_fma,2300,0x00,37,0.615969266,0.028232421,85.361232000,5.196520000,80.164712000,138.580342829,130.144012820
avx2_fma,2300,0x00,38,0.610486999,0.000370228,71.768371000,4.158071000,67.610300000,117.559212708,110.748140555
avx2_fma,2300,0x00,39,0.610512297,0.000418230,71.791930000,4.114064000,67.677866000,117.592930402,110.854222560
avx2_fma,2300,0x00,40,0.610543147,0.000503323,72.061766000,4.150746000,67.911020000,118.028949046,111.230500779
avx2_fma,2300,0x00,41,0.610668567,0.000712657,72.613645000,4.140737000,68.472908000,118.908437353,112.127775589
avx2_fma,2300,0x00,42,0.610512092,0.000394362,72.403501000,4.098866000,68.304635000,118.594704236,111.880887994
avx2_fma,2300,0x00,43,0.610541061,0.000464311,72.245970000,4.173818000,68.072152000,118.331058414,111.494797491
avx2_fma,2300,0x00,44,0.610520418,0.000481307,71.857299000,4.133656000,67.723643000,117.698437087,110.927728232
avx2_fma,2300,0x00,45,0.610512375,0.000444658,72.264463000,4.140492000,68.123971000,118.366909462,111.584914255
avx2_fma,2300,0x00,46,0.610511925,0.000540007,71.813903000,4.158681000,67.655222000,117.628993078,110.817199844
avx2_fma,2300,0x00,47,0.610501090,0.000404475,72.300169000,4.159840000,68.140329000,118.427583841,111.613771271
avx2_fma,2300,0x00,48,0.610492573,0.000426393,71.958495000,4.160573000,67.797922000,117.869566696,111.054458393
avx2_fma,2300,0x00,49,0.610494296,0.000387761,71.788879000,4.139882000,67.648997000,117.591400020,110.810203167
avx2_fma,2300,0x00,50,0.610551347,0.000492123,72.262327000,4.175893000,68.086434000,118.355855554,111.516311227
avx2_fma,2300,0x00,51,0.610652751,0.000702796,72.437558000,4.179738000,68.257820000,118.623158350,111.778453251
avx2_fma,2300,0x00,52,0.610505298,0.000436495,72.084044000,4.145253000,67.938791000,118.072757467,111.282885188
avx2_fma,2300,0x00,53,0.610585138,0.000460922,72.456419000,4.160390000,68.296029000,118.667184126,111.853408715
avx2_fma,2300,0x00,54,0.610511471,0.000506254,72.217893000,4.148366000,68.069527000,118.290804365,111.495901737
avx2_fma,2300,0x00,55,0.610536166,0.000581260,71.977110000,4.156545000,67.820565000,117.891640161,111.083615951
avx2_fma,2300,0x00,56,0.610510275,0.000491226,72.015562000,4.171743000,67.843819000,117.959623126,111.126416269
avx2_fma,2300,0x00,57,0.610498160,0.000426204,72.033324000,4.205738000,67.827586000,117.991058326,111.102031829
avx2_fma,2300,0x00,58,0.611306672,0.004135497,73.887017000,4.324940000,69.562077000,120.867349148,113.792438639
avx2_fma,2300,0x00,59,0.610485941,0.000414139,71.702881000,4.158681000,67.544200000,117.452141204,110.640058046
avx2_fma,2300,0x00,60,0.610502793,0.000427076,72.114562000,4.161550000,67.953012000,118.123230349,111.306635814
avx2_fma,2300,0x00,61,0.610653721,0.000674054,72.205931000,4.178395000,68.027536000,118.243660039,111.401165093
avx2_fma,2300,0x00,62,0.610497248,0.000397510,72.040465000,4.181935000,67.858530000,118.002931514,111.152884261
avx2_fma,2300,0x00,63,0.610542991,0.000434412,72.100463000,4.168202000,67.932261000,118.092360607,111.265319653
avx2_fma,2300,0x00,64,0.610497977,0.000342918,72.123594000,4.180410000,67.943184000,118.138956530,111.291415415
avx2_fma,2300,0x00,65,0.610449544,0.000268387,71.689514000,4.136281000,67.553233000,117.437247176,110.661452125
avx2_fma,2300,0x00,66,0.610524151,0.000355515,72.240477000,4.190663000,68.049814000,118.325338682,111.461297367
avx2_fma,2300,0x00,67,0.615037622,0.023751095,83.670196000,5.053881000,78.616315000,136.040777054,127.823587048
avx2_fma,2300,0x00,68,0.613326389,0.014801261,78.650250000,4.721973000,73.928277000,128.235555240,120.536599045
avx2_fma,2300,0x00,69,0.610514496,0.000397002,72.203246000,4.203480000,67.999766000,118.266226986,111.381083348
avx2_fma,2300,0x00,70,0.610426306,0.000200718,72.058958000,4.184499000,67.874459000,118.046940712,111.191897022
avx2_fma,2300,0x00,71,0.610657631,0.000648276,72.181578000,4.183216000,67.998362000,118.203022983,111.352677081
avx2_fma,2300,0x00,72,0.610466562,0.000253735,71.874511000,4.139211000,67.735300000,117.737015471,110.956609695
avx2_fma,2300,0x00,73,0.610710088,0.001259790,72.988826000,4.219288000,68.769538000,119.514688669,112.605865505
avx2_fma,2300,0x00,74,0.610467110,0.000223286,71.953429000,4.192922000,67.760507000,117.866184477,110.997801346
avx2_fma,2300,0x00,75,0.610447926,0.000212886,72.111266000,4.195484000,67.915782000,118.128447774,111.255651884
avx2_fma,2300,0x00,76,0.612086396,0.006818121,75.136832000,4.441395000,70.695437000,122.755271882,115.499114865
avx2_fma,2300,0x00,77,0.610493307,0.000445108,72.453672000,4.196584000,68.257088000,118.680534590,111.806447758
avx2_fma,2300,0x00,78,0.610445458,0.000319668,72.211669000,4.167897000,68.043772000,118.293400438,111.465768344
avx2_fma,2300,0x00,79,0.610499551,0.000433000,72.157653000,4.202259000,67.955394000,118.194440688,111.311128503
avx2_fma,2300,0x00,80,0.610480406,0.000462518,72.224303000,4.178578000,68.045725000,118.307323615,111.462586329
avx2_fma,2300,0x00,81,0.610659867,0.000767166,72.533078000,4.197865000,68.335213000,118.778197112,111.903887484
avx2_fma,2300,0x00,82,0.611108534,0.002991698,73.698176000,4.278798000,69.419378000,120.597523858,113.595824875
avx2_fma,2300,0x00,83,0.611555584,0.004007657,74.143365000,4.332569000,69.810796000,121.237328076,114.152822412
avx2_fma,2300,0x00,84,0.611519742,0.005215625,74.917106000,4.384510000,70.532596000,122.509709617,115.339851148
avx2_fma,2300,0x00,85,0.610539872,0.000390690,72.049132000,4.183339000,67.865793000,118.008889073,111.157020434
avx2_fma,2300,0x00,86,0.610816010,0.001589974,73.159053000,4.250600000,68.908453000,119.772651244,112.813763581
avx2_fma,2300,0x00,87,0.610525534,0.000490801,72.370298000,4.213795000,68.156503000,118.537708789,111.635794352
avx2_fma,2300,0x00,88,0.610486426,0.000400066,72.130370000,4.206776000,67.923594000,118.152291166,111.261431979
avx2_fma,2300,0x00,89,0.610504251,0.000450381,71.830016000,4.203603000,67.626413000,117.656864659,110.771404001
avx2_fma,2300,0x00,90,0.610458010,0.000279108,72.084227000,4.203236000,67.880991000,118.082203481,111.196822458
avx2_fma,2300,0x00,91,0.610979458,0.001669446,73.095332000,4.253590000,68.841742000,119.636316863,112.674397037
avx2_fma,2300,0x00,92,0.610552926,0.000436819,72.472532000,4.212452000,68.260080000,118.699835703,111.800430556
avx2_fma,2300,0x00,93,0.610591625,0.000577835,71.994627000,4.209523000,67.785104000,117.909620853,111.015449974
avx2_fma,2300,0x00,94,0.610486193,0.000347075,72.114866000,4.202015000,67.912851000,118.126940192,111.243877072
avx2_fma,2300,0x00,95,0.610535027,0.000433950,72.335264000,4.207936000,68.127328000,118.478483271,111.586272648
avx2_fma,2300,0x00,96,0.610499783,0.000429345,72.223265000,4.200185000,68.023080000,118.301868394,111.421956040
avx2_fma,2300,0x00,97,0.610513576,0.000391749,72.004027000,4.186451000,67.817576000,117.940091454,111.082830348
avx2_fma,2300,0x00,98,0.610511974,0.000413514,72.031432000,4.168752000,67.862680000,117.985289466,111.157000790
avx2_fma,2300,0x00,99,0.610467681,0.000276758,72.276854000,4.188771000,68.088083000,118.395872909,111.534295910
avx2_fma,2300,0xAA,0,0.610508209,0.000483049,72.016417000,4.209340000,67.807077000,117.961422823,111.066609721
avx2_fma,2300,0xAA,1,0.610672004,0.000717199,72.280089000,4.221791000,68.058298000,118.361556650,111.448203864
avx2_fma,2300,0xAA,2,0.610503492,0.000430003,71.877807000,4.198170000,67.679637000,117.735292195,110.858722190
avx2_fma,2300,0xAA,3,0.610577282,0.000432627,71.986266000,4.153371000,67.832895000,117.898697118,111.096329712
avx2_fma,2300,0xAA,4,0.610508772,0.000472213,72.351377000,4.191029000,68.160348000,118.509971187,111.645157459
avx2_fma,2300,0xAA,5,0.610547568,0.000550557,71.774719000,4.206715000,67.568004000,117.557947507,110.667878301
avx2_fma,2300,0xAA,6,0.613927717,0.017219983,80.172158000,4.831531000,75.340627000,130.588920864,122.719051383
avx2_fma,2300,0xAA,7,0.610528890,0.000543440,71.781616000,4.208912000,67.572704000,117.572840875,110.678962353
avx2_fma,2300,0xAA,8,0.610524939,0.000494418,71.864074000,4.204335000,67.659739000,117.708662560,110.822236252
avx2_fma,2300,0xAA,9,0.616055482,0.027550570,84.977199000,5.179125000,79.798074000,137.937574542,129.530661286
avx2_fma,2300,0xAA,10,0.610533052,0.000427578,72.337705000,4.199696000,68.138009000,118.482864632,111.604128119
avx2_fma,2300,0xAA,11,0.610482276,0.000387091,72.450498000,4.208302000,68.242196000,118.677479801,111.784074105
avx2_fma,2300,0xAA,12,0.615202319,0.024531472,83.337189000,5.105638000,78.231551000,135.463060654,127.163940437
avx2_fma,2300,0xAA,13,0.615625884,0.026548618,84.477079000,5.189135000,79.287944000,137.221454182,128.792414505
avx2_fma,2300,0xAA,14,0.610493804,0.000362989,72.027159000,4.213124000,67.814035000,117.981801868,111.080627812
avx2_fma,2300,0xAA,15,0.610526709,0.000488306,71.913512000,4.202443000,67.711069000,117.789297220,110.905989844
avx2_fma,2300,0xAA,16,0.610590925,0.000516240,72.395261000,4.183705000,68.211556000,118.565897489,111.714002333
avx2_fma,2300,0xAA,17,0.610641078,0.000570609,72.202696000,4.211598000,67.991098000,118.240810493,111.343799875
avx2_fma,2300,0xAA,18,0.610496243,0.000329808,71.774109000,4.201161000,67.572948000,117.566831535,110.685280592
avx2_fma,2300,0xAA,19,0.610537917,0.000502360,72.035704000,4.212575000,67.823129000,117.987273201,111.087496982
avx2_fma,2300,0xAA,20,0.610497396,0.000433709,71.776916000,4.206410000,67.570506000,117.571207366,110.681071512
avx2_fma,2300,0xAA,21,0.610479564,0.000437759,72.072204000,4.189564000,67.882640000,118.058340067,111.195597650
avx2_fma,2300,0xAA,22,0.610571017,0.000548048,72.256651000,4.174917000,68.081734000,118.342746375,111.505020894
avx2_fma,2300,0xAA,23,0.610478735,0.000474337,72.024169000,4.213429000,67.810740000,117.979816324,111.077972313
avx2_fma,2300,0xAA,24,0.610493405,0.000372414,72.044982000,4.192433000,67.852549000,118.011073327,111.143787023
avx2_fma,2300,0xAA,25,0.610703563,0.000686623,72.559568000,4.201772000,68.357796000,118.813074666,111.932859360
avx2_fma,2300,0xAA,26,0.610509001,0.000340251,72.147093000,4.184803000,67.962290000,118.175314203,111.320701095
avx2_fma,2300,0xAA,27,0.610497027,0.000396885,72.131407000,4.207875000,67.923532000,118.151938191,111.259398484
avx2_fma,2300,0xAA,28,0.610493560,0.000418021,71.897215000,4.189198000,67.708017000,117.768998334,110.907012758
avx2_fma,2300,0xAA,29,0.610508078,0.000463257,72.186460000,4.159535000,68.026925000,118.239975238,111.426740244
avx2_fma,2300,0xAA,30,0.617635883,0.028946757,85.319972000,5.196947000,80.123025000,138.139597080,129.725340162
avx2_fma,2300,0xAA,31,0.610508833,0.000499379,71.810180000,4.184010000,67.626170000,117.623490675,110.770174596
avx2_fma,2300,0xAA,32,0.615185839,0.024472361,83.544220000,5.092394000,78.451826000,135.803223544,127.525409462
avx2_fma,2300,0xAA,33,0.610513151,0.000481737,71.994078000,4.202443000,67.791635000,117.923877519,111.040417276
avx2_fma,2300,0xAA,34,0.610526489,0.000358923,72.022154000,4.209034000,67.813120000,117.967287704,111.073182248
avx2_fma,2300,0xAA,35,0.610482246,0.000374317,72.219237000,4.173024000,68.046213000,118.298668789,111.463049852
avx2_fma,2300,0xAA,36,0.610452582,0.000302943,72.025756000,4.212087000,67.813669000,117.987470552,111.087529219
avx2_fma,2300,0xAA,37,0.610502721,0.000376310,72.051573000,4.200001000,67.851572000,118.020068606,111.140490750
avx2_fma,2300,0xAA,38,0.610505076,0.000516617,71.945372000,4.204762000,67.740610000,117.845657335,110.958307557
avx2_fma,2300,0xAA,39,0.610474241,0.000428341,72.052672000,4.207570000,67.845102000,118.027374762,111.135077399
avx2_fma,2300,0xAA,40,0.610473429,0.000471975,71.879577000,4.197254000,67.682323000,117.743989532,110.868581361
avx2_fma,2300,0xAA,41,0.610710773,0.000743913,72.361570000,4.216176000,68.145394000,118.487462790,111.583743082
avx2_fma,2300,0xAA,42,0.610463158,0.000411818,72.238890000,4.184011000,68.054879000,118.334561258,111.480730780
avx2_fma,2300,0xAA,43,0.610518413,0.000481746,72.298643000,4.208546000,68.090097000,118.421724019,111.528326684
avx2_fma,2300,0xAA,44,0.610491649,0.000437418,72.325255000,4.206594000,68.118661000,118.470506753,111.580004633
avx2_fma,2300,0xAA,45,0.610449750,0.000342081,72.066039000,4.201711000,67.864328000,118.054006985,111.171030945
avx2_fma,2300,0xAA,46,0.610472617,0.000410310,72.128294000,4.195424000,67.932870000,118.151563155,111.279143523
avx2_fma,2300,0xAA,47,0.610473510,0.000414539,72.334288000,4.223744000,68.110544000,118.488823578,111.570023774
avx2_fma,2300,0xAA,48,0.610452651,0.000296656,72.403135000,4.207814000,68.195321000,118.605652499,111.712711674
avx2_fma,2300,0xAA,49,0.610468667,0.000370568,72.152831000,4.175648000,67.977183000,118.192521405,111.352452086
avx2_fma,2300,0xAA,50,0.614400754,0.020462142,81.731419000,4.938525000,76.792894000,133.026234860,124.988280857
avx2_fma,2300,0xAA,51,0.610686427,0.000767478,72.359556000,4.231007000,68.128549000,118.488888528,111.560607808
avx2_fma,2300,0xAA,52,0.610495143,0.000479103,72.295470000,4.214955000,68.080515000,118.421040473,111.516882348
avx2_fma,2300,0xAA,53,0.610564396,0.000379215,72.319394000,4.217702000,68.101692000,118.446791877,111.538917746
avx2_fma,2300,0xAA,54,0.610493738,0.000448279,72.382749000,4.201222000,68.181527000,118.564277593,111.682598487
avx2_fma,2300,0xAA,55,0.610497604,0.000503513,72.166014000,4.201894000,67.964120000,118.208513033,111.325776768
avx2_fma,2300,0xAA,56,0.615203163,0.024472471,83.592255000,5.090074000,78.502181000,135.877479312,127.603669440
avx2_fma,2300,0xAA,57,0.610574567,0.000517619,72.199583000,4.210255000,67.989328000,118.248592252,111.353029894
avx2_fma,2300,0xAA,58,0.610495140,0.000483677,72.189268000,4.211231000,67.978037000,118.247080572,111.349022382
avx2_fma,2300,0xAA,59,0.610512428,0.000455692,72.043211000,4.190785000,67.852426000,118.004495321,111.140122370
avx2_fma,2300,0xAA,60,0.613008544,0.012976825,78.250654000,4.670948000,73.579706000,127.650184832,120.030473749
avx2_fma,2300,0xAA,61,0.610704674,0.000771377,72.501096000,4.206105000,68.294991000,118.717113346,111.829815476
avx2_fma,2300,0xAA,62,0.610524940,0.000487921,72.121825000,4.176076000,67.945749000,118.130841612,111.290701717
avx2_fma,2300,0xAA,63,0.610540260,0.000462361,72.313109000,4.196645000,68.116464000,118.441180192,111.567522103
avx2_fma,2300,0xAA,64,0.610526730,0.000498449,72.229247000,4.211354000,68.017893000,118.306445084,111.408542345
avx2_fma,2300,0xAA,65,0.610524945,0.000472579,72.330992000,4.203847000,68.127145000,118.473442479,111.587815558
avx2_fma,2300,0xAA,66,0.610512969,0.000500822,72.035155000,4.204762000,67.830393000,117.991195320,111.103934587
avx2_fma,2300,0xAA,67,0.610528454,0.000467588,72.776791000,4.204396000,68.572395000,119.202947022,112.316460454
avx2_fma,2300,0xAA,68,0.610511608,0.000438234,72.143125000,4.167043000,67.976082000,118.168309981,111.342816506
avx2_fma,2300,0xAA,69,0.615449839,0.025367731,84.012297000,5.123583000,78.888714000,136.505514691,128.180574659
avx2_fma,2300,0xAA,70,0.612650086,0.011093640,77.325669000,4.600330000,72.725339000,126.215062737,118.706159846
avx2_fma,2300,0xAA,71,0.610685999,0.000808476,72.448728000,4.212391000,68.236337000,118.634991022,111.737189193
avx2_fma,2300,0xAA,72,0.610541144,0.000486899,72.341551000,4.205922000,68.135629000,118.487593605,111.598750750
avx2_fma,2300,0xAA,73,0.610586742,0.000591082,72.591794000,4.206715000,68.385079000,118.888585353,111.998958196
avx2_fma,2300,0xAA,74,0.610498136,0.000405630,72.449095000,4.202687000,68.246408000,118.672098636,111.788069427
avx2_fma,2300,0xAA,75,0.610525534,0.000489754,72.028929000,4.185353000,67.843576000,117.978569187,111.123240844
avx2_fma,2300,0xAA,76,0.610545890,0.000540451,72.358213000,4.183156000,68.175057000,118.513962923,111.662461559
avx2_fma,2300,0xAA,77,0.610502606,0.000416204,71.876586000,4.198231000,67.678355000,117.733463062,110.856783160
avx2_fma,2300,0xAA,78,0.610538439,0.000478186,72.034972000,4.186024000,67.848948000,117.985973355,111.129690879
avx2_fma,2300,0xAA,79,0.610559617,0.000517853,72.242979000,4.196095000,68.046884000,118.322563372,111.450024013
avx2_fma,2300,0xAA,80,0.610502404,0.000427375,72.368223000,4.189626000,68.178597000,118.538800960,111.676213737
avx2_fma,2300,0xAA,81,0.611512687,0.004356223,74.252496000,4.317066000,69.935430000,121.424293453,114.364642706
avx2_fma,2300,0xAA,82,0.610686821,0.000823459,72.543454000,4.191457000,68.351997000,118.789945108,111.926432007
avx2_fma,2300,0xAA,83,0.610612845,0.000522387,72.471494000,4.189259000,68.282235000,118.686487856,111.825742893
avx2_fma,2300,0xAA,84,0.611205113,0.003326865,73.383052000,4.299305000,69.083747000,120.062889662,113.028745295
avx2_fma,2300,0xAA,85,0.610586029,0.000574698,71.991270000,4.199025000,67.792245000,117.905203570,111.028162820
avx2_fma,2300,0xAA,86,0.611190139,0.002422477,72.995907000,4.264821000,68.731086000,119.432403064,112.454507431
avx2_fma,2300,0xAA,87,0.610551690,0.000534298,72.669369000,4.212514000,68.456855000,119.022468121,112.122947454
avx2_fma,2300,0xAA,88,0.610503948,0.000472925,72.057311000,4.192555000,67.864756000,118.029230138,111.161862593
avx2_fma,2300,0xAA,89,0.610558144,0.000517611,72.309813000,4.203420000,68.106393000,118.432312669,111.547759507
avx2_fma,2300,0xAA,90,0.610502130,0.000459173,71.821227000,4.197621000,67.623606000,117.642877116,110.767191026
avx2_fma,2300,0xAA,91,0.610674445,0.000741153,72.547971000,4.209218000,68.338753000,118.799749321,111.907012883
avx2_fma,2300,0xAA,92,0.610487375,0.000344452,71.870971000,4.197743000,67.673228000,117.727202808,110.851150702
avx2_fma,2300,0xAA,93,0.610491781,0.000273108,72.368467000,4.193165000,68.175302000,118.541263431,111.672759820
avx2_fma,2300,0xAA,94,0.610483625,0.000333425,71.873473000,4.163320000,67.710153000,117.732024399,110.912316496
avx2_fma,2300,0xAA,95,0.610452600,0.000313832,72.244932000,4.159474000,68.085458000,118.346505576,111.532751319
avx2_fma,2300,0xAA,96,0.610442065,0.000241604,72.226927000,4.163624000,68.063303000,118.319052896,111.498382701
avx2_fma,2300,0xAA,97,0.610492078,0.000391721,71.907897000,4.193104000,67.714793000,117.786781461,110.918381117
avx2_fma,2300,0xAA,98,0.610458953,0.000341016,71.897948000,4.187123000,67.710825000,117.776875417,110.917899916
avx2_fma,2300,0xAA,99,0.610454239,0.000253455,72.137877000,4.190419000,67.947458000,118.170818294,111.306390578
avx2_fma,2500,0x00,0,0.562798961,0.005233049,73.655085000,4.057302000,69.597783000,130.872816152,123.663666387
avx2_fma,2500,0x00,1,0.561867285,0.000751859,71.259462000,3.878774000,67.380688000,126.826145350,119.922782045
avx2_fma,2500,0x00,2,0.562329586,0.002004886,71.936583000,3.944143000,67.992440000,127.926014962,120.912080252
avx2_fma,2500,0x00,3,0.561861801,0.000704631,71.182679000,3.882986000,67.299693000,126.690725065,119.779797875
avx2_fma,2500,0x00,4,0.561782418,0.000663633,71.300904000,3.854910000,67.445994000,126.919073490,120.057146387
avx2_fma,2500,0x00,5,0.561850669,0.000684132,71.289795000,3.880544000,67.409251000,126.883883867,119.977166093
avx2_fma,2500,0x00,6,0.561767939,0.000612127,71.260682000,3.878164000,67.382518000,126.850745773,119.947247493
avx2_fma,2500,0x00,7,0.561783732,0.000625849,71.148195000,3.874197000,67.273998000,126.646947865,119.750705094
avx2_fma,2500,0x00,8,0.563046890,0.006347984,74.189874000,4.103200000,70.086674000,131.765000991,124.477508468
avx2_fma,2500,0x00,9,0.561860876,0.000760266,71.214112000,3.885427000,67.328685000,126.746878277,119.831595207
avx2_fma,2500,0x00,10,0.561842009,0.000728902,71.300538000,3.872182000,67.428356000,126.904960580,120.013019540
avx2_fma,2500,0x00,11,0.562025184,0.001086729,71.457642000,3.880239000,67.577403000,127.143131794,120.239101312
avx2_fma,2500,0x00,12,0.561857183,0.000718354,71.285035000,3.877676000,67.407359000,126.873940911,119.972407711
avx2_fma,2500,0x00,13,0.561848263,0.000658755,71.210328000,3.889090000,67.321238000,126.742988581,119.821030724
avx2_fma,2500,0x00,14,0.561847745,0.000732444,71.354004000,3.881887000,67.472117000,126.998826022,120.089681978
avx2_fma,2500,0x00,15,0.561836941,0.000708788,71.305848000,3.878102000,67.427746000,126.915556416,120.013016344
avx2_fma,2500,0x00,16,0.561870055,0.000784276,71.470093000,3.888723000,67.581370000,127.200395035,120.279358823
avx2_fma,2500,0x00,17,0.561855274,0.000755424,71.168946000,3.876944000,67.292002000,126.667754714,119.767500892
avx2_fma,2500,0x00,18,0.561803236,0.000677249,71.413025000,3.848195000,67.564830000,127.113943769,120.264223527
avx2_fma,2500,0x00,19,0.561829353,0.000732830,71.205018000,3.874868000,67.330150000,126.737803346,119.840926238
avx2_fma,2500,0x00,20,0.561790316,0.000629476,71.306519000,3.881155000,67.425364000,126.927284103,120.018736747
avx2_fma,2500,0x00,21,0.562026989,0.001123182,71.467652000,3.874685000,67.592967000,127.160533890,120.266407674
avx2_fma,2500,0x00,22,0.561870149,0.000721110,71.555420000,3.882009000,67.673411000,127.352236326,120.443150647
avx2_fma,2500,0x00,23,0.561881029,0.000754231,71.264466000,3.883169000,67.381297000,126.831948918,119.920932533
avx2_fma,2500,0x00,24,0.564640775,0.014730853,78.305036000,4.405751000,73.899285000,138.681157103,130.878406759
avx2_fma,2500,0x00,25,0.561807738,0.000693069,71.077333000,3.872854000,67.204479000,126.515404149,119.621846550
avx2_fma,2500,0x00,26,0.561878745,0.000713929,71.419373000,3.875967000,67.543406000,127.108159252,120.209932483
avx2_fma,2500,0x00,27,0.561827897,0.000714038,71.227783000,3.888662000,67.339121000,126.778651140,119.857204167
avx2_fma,2500,0x00,28,0.561815068,0.000711571,71.384033000,3.881277000,67.502756000,127.059662726,120.151202587
avx2_fma,2500,0x00,29,0.561791224,0.000644495,71.207642000,3.876089000,67.331553000,126.751075697,119.851557100
avx2_fma,2500,0x00,30,0.561790309,0.000635214,71.489197000,3.884146000,67.605051000,127.252456664,120.338585180
avx2_fma,2500,0x00,31,0.561951702,0.000978812,71.445373000,3.901723000,67.543650000,127.137924358,120.194760052
avx2_fma,2500,0x00,32,0.561810811,0.000678046,71.365296000,3.881338000,67.483958000,127.027274392,120.118653329
avx2_fma,2500,0x00,33,0.561821792,0.000657790,71.228577000,3.857656000,67.370921000,126.781442177,119.915108302
avx2_fma,2500,0x00,34,0.565398749,0.018549694,80.133706000,4.556507000,75.577199000,141.729542436,133.670615869
avx2_fma,2500,0x00,35,0.566141504,0.022192757,81.734532000,4.694568000,77.039964000,144.371206623,136.078989977
avx2_fma,2500,0x00,36,0.561875932,0.000736186,71.394897000,3.888479000,67.506418000,127.065234378,120.144704813
avx2_fma,2500,0x00,37,0.561825775,0.000678826,71.248292000,3.884817000,67.363475000,126.815634284,119.901004921
avx2_fma,2500,0x00,38,0.561839918,0.000676695,71.379640000,3.883047000,67.496593000,127.046223763,120.134918830
avx2_fma,2500,0x00,39,0.561816427,0.000637163,71.102357000,3.878653000,67.223704000,126.557988649,119.654215791
avx2_fma,2500,0x00,40,0.561844770,0.000723589,71.340698000,3.860342000,67.480356000,126.975815830,120.104982091
avx2_fma,2500,0x00,41,0.561977304,0.000997023,71.386414000,3.895376000,67.491038000,127.027218782,120.095664839
avx2_fma,2500,0x00,42,0.561871823,0.000754152,71.390199000,3.882070000,67.508129000,127.057802235,120.148628578
avx2_fma,2500,0x00,43,0.561933306,0.000743362,71.206727000,3.888723000,67.318004000,126.717399125,119.797141935
avx2_fma,2500,0x00,44,0.561903591,0.000817015,71.408265000,3.885061000,67.523204000,127.082770390,120.168664369
avx2_fma,2500,0x00,45,0.561931737,0.000850502,71.082887000,3.880117000,67.202770000,126.497370195,119.592408716
avx2_fma,2500,0x00,46,0.561909082,0.000831020,71.324281000,3.881215000,67.443066000,126.932066533,120.024872605
avx2_fma,2500,0x00,47,0.561949403,0.000882666,71.136476000,3.860158000,67.276318000,126.588756200,119.719529223
avx2_fma,2500,0x00,48,0.561871923,0.000768494,71.405884000,3.884024000,67.521860000,127.085695188,120.173045102
avx2_fma,2500,0x00,49,0.561874226,0.000723577,71.200074000,3.879507000,67.320567000,126.718882537,119.814299940
avx2_fma,2500,0x00,50,0.561806043,0.000630135,71.418397000,3.882497000,67.535900000,127.122870815,120.212128131
avx2_fma,2500,0x00,51,0.562042788,0.001062094,71.593750000,3.899648000,67.694102000,127.381316134,120.442968936
avx2_fma,2500,0x00,52,0.561876062,0.000705076,71.464661000,3.886770000,67.577891000,127.189367673,120.271881300
avx2_fma,2500,0x00,53,0.561853822,0.000702234,71.484192000,3.887319000,67.596873000,127.229163968,120.310426656
avx2_fma,2500,0x00,54,0.561933320,0.000852714,71.518189000,3.871145000,67.647044000,127.271664473,120.382688753
avx2_fma,2500,0x00,55,0.566083734,0.022213950,82.088169000,4.697986000,77.390183000,145.010647915,136.711547057
avx2_fma,2500,0x00,56,0.561887815,0.000740771,71.574645000,3.890127000,67.684518000,127.382447404,120.459131221
avx2_fma,2500,0x00,57,0.561862182,0.000672026,71.415345000,3.878957000,67.536388000,127.104737242,120.200985530
avx2_fma,2500,0x00,58,0.561842928,0.000698103,71.411866000,3.880361000,67.531505000,127.102900805,120.196413594
avx2_fma,2500,0x00,59,0.561775099,0.000588232,71.382386000,3.866628000,67.515758000,127.065770901,120.182895514
avx2_fma,2500,0x00,60,0.561853031,0.000753577,71.431946000,3.889944000,67.542002000,127.136354219,120.212935133
avx2_fma,2500,0x00,61,0.564980920,0.015000415,78.799419000,4.406056000,74.393363000,139.472708176,131.674115616
avx2_fma,2500,0x00,62,0.561870293,0.000778625,71.505432000,3.884695000,67.620737000,127.263236624,120.349372248
avx2_fma,2500,0x00,63,0.561943600,0.000869181,71.445862000,3.881155000,67.564707000,127.140627701,120.233964822
avx2_fma,2500,0x00,64,0.561875489,0.000802703,71.463562000,3.886159000,67.577403000,127.187541334,120.271135342
avx2_fma,2500,0x00,65,0.561826450,0.000713578,71.402893000,3.885305000,67.517588000,127.090657590,120.175167942
avx2_fma,2500,0x00,66,0.564170777,0.011813909,77.042161000,4.306080000,72.736081000,136.558226908,128.925644409
avx2_fma,2500,0x00,67,0.561849794,0.000716873,71.284668000,3.883352000,67.401316000,126.874956167,119.963229865
avx2_fma,2500,0x00,68,0.561877687,0.000785404,71.440003000,3.874990000,67.565013000,127.145114794,120.248613846
avx2_fma,2500,0x00,69,0.561859118,0.000825330,71.367920000,3.889516000,67.478404000,127.021023097,120.098440770
avx2_fma,2500,0x00,70,0.561867508,0.000793639,71.429383000,3.883596000,67.545787000,127.128516989,120.216574322
avx2_fma,2500,0x00,71,0.562052821,0.001053256,71.552246000,3.895742000,67.656504000,127.305198550,120.373924739
avx2_fma,2500,0x00,72,0.561858729,0.000772895,71.387390000,3.887624000,67.499766000,127.055763846,120.136544123
avx2_fma,2500,0x00,73,0.561921914,0.000806164,71.409302000,3.893117000,67.516185000,127.080471791,120.152254721
avx2_fma,2500,0x00,74,0.561893261,0.000802251,71.528320000,3.880972000,67.647348000,127.298768218,120.391812273
avx2_fma,2500,0x00,75,0.561838225,0.000790333,71.484131000,3.890127000,67.594004000,127.232587232,120.308659978
avx2_fma,2500,0x00,76,0.561793962,0.000706234,71.331361000,3.873159000,67.458202000,126.970679308,120.076409769
avx2_fma,2500,0x00,77,0.561803621,0.000743358,71.370361000,3.883291000,67.487070000,127.037915548,120.125729772
avx2_fma,2500,0x00,78,0.561818802,0.000695427,71.281312000,3.877614000,67.403698000,126.875981707,119.974087380
avx2_fma,2500,0x00,79,0.561823716,0.000785357,71.412781000,3.884268000,67.528513000,127.108875982,120.195198450
avx2_fma,2500,0x00,80,0.561818109,0.000729887,71.386414000,3.887197000,67.499217000,127.063212852,120.144252897
avx2_fma,2500,0x00,81,0.561966819,0.001059989,71.634765000,3.897634000,67.737131000,127.471520698,120.535819393
avx2_fma,2500,0x00,82,0.561919174,0.000885457,71.510559000,3.889699000,67.620860000,127.261290154,120.339122016
avx2_fma,2500,0x00,83,0.566138044,0.022131412,81.915257000,4.670643000,77.244614000,144.691313131,136.441305824
avx2_fma,2500,0x00,84,0.561834423,0.000657858,71.291016000,3.880789000,67.410227000,126.889725966,119.982372412
avx2_fma,2500,0x00,85,0.561815197,0.000695048,71.404724000,3.889517000,67.515207000,127.096462331,120.173337037
avx2_fma,2500,0x00,86,0.561782556,0.000678333,71.387147000,3.881887000,67.505260000,127.072558933,120.162613161
avx2_fma,2500,0x00,87,0.561821126,0.000730788,71.357545000,3.884267000,67.473278000,127.011145788,120.097438173
avx2_fma,2500,0x00,88,0.561773680,0.000708098,71.294679000,3.879140000,67.415539000,126.909966694,120.004801608
avx2_fma,2500,0x00,89,0.561797649,0.000729034,71.400757000,3.873220000,67.527537000,127.093370960,120.199038086
avx2_fma,2500,0x00,90,0.561773115,0.000691583,71.296021000,3.860402000,67.435619000,126.912483246,120.040666316
avx2_fma,2500,0x00,91,0.561981610,0.000923726,71.470581000,3.886403000,67.584178000,127.176013812,120.260479690
avx2_fma,2500,0x00,92,0.561922781,0.000771713,71.329102000,3.880422000,67.448680000,126.937551682,120.031937362
avx2_fma,2500,0x00,93,0.561882532,0.000800981,71.559082000,3.888723000,67.670359000,127.355946956,120.435064431
avx2_fma,2500,0x00,94,0.561833002,0.000760084,71.334412000,3.885976000,67.448436000,126.967286892,120.050683589
avx2_fma,2500,0x00,95,0.565624615,0.019656720,80.791175000,4.602161000,76.189014000,142.835323697,134.698900924
avx2_fma,2500,0x00,96,0.561870736,0.000779863,71.365052000,3.883718000,67.481334000,127.013292172,120.101172091
avx2_fma,2500,0x00,97,0.561804185,0.000752329,71.300904000,3.853872000,67.447032000,126.914156034,120.054342414
avx2_fma,2500,0x00,98,0.561847807,0.000786139,71.285401000,3.878957000,67.406444000,126.876709409,119.972781071
avx2_fma,2500,0x00,99,0.561839243,0.000764100,71.284729000,3.884511000,67.400218000,126.877447422,119.963528452
avx2_fma,2500,0xAA,0,0.561855458,0.000807820,71.359681000,3.866994000,67.492687000,127.007186566,120.124644190
avx2_fma,2500,0xAA,1,0.567152406,0.025966546,84.107695000,4.832751000,79.274944000,148.298224714,139.777144761
avx2_fma,2500,0xAA,2,0.561926677,0.000912134,71.515015000,3.875174000,67.639841000,127.267520746,120.371293605
avx2_fma,2500,0xAA,3,0.561866643,0.000721387,71.275513000,3.873098000,67.402415000,126.854857509,119.961588359
avx2_fma,2500,0xAA,4,0.564588095,0.013965228,78.280622000,4.383168000,73.897454000,138.650854745,130.887375429
avx2_fma,2500,0xAA,5,0.561923427,0.000883010,71.255921000,3.883108000,67.372813000,126.807172543,119.896786161
avx2_fma,2500,0xAA,6,0.561915238,0.000893459,71.431152000,3.886282000,67.544870000,127.120866638,120.204731003
avx2_fma,2500,0xAA,7,0.561915430,0.000878341,71.316590000,3.882680000,67.433910000,126.916945394,120.007222348
avx2_fma,2500,0xAA,8,0.561947411,0.000916765,71.379151000,3.877310000,67.501841000,127.021051554,120.121277790
avx2_fma,2500,0xAA,9,0.561929697,0.000959676,71.218812000,3.885610000,67.333202000,126.739719162,119.824957369
avx2_fma,2500,0xAA,10,0.561887446,0.000808291,71.392273000,3.835806000,67.556467000,127.057960668,120.231315887
avx2_fma,2500,0xAA,11,0.562083574,0.001148466,71.544189000,3.896352000,67.647837000,127.283899301,120.351919464
avx2_fma,2500,0xAA,12,0.561925098,0.000936760,71.329346000,3.869802000,67.459544000,126.937462329,120.050775809
avx2_fma,2500,0xAA,13,0.561948162,0.000847860,71.243409000,3.885977000,67.357432000,126.779325615,119.864137946
avx2_fma,2500,0xAA,14,0.561896415,0.000896906,71.295594000,3.864798000,67.430796000,126.883874139,120.005741628
avx2_fma,2500,0xAA,15,0.566579509,0.023708347,82.498752000,4.726917000,77.771835000,145.608428622,137.265527185
avx2_fma,2500,0xAA,16,0.563020265,0.005878763,74.035882000,4.064931000,69.970951000,131.497721531,124.277855296
avx2_fma,2500,0xAA,17,0.561900104,0.000880231,71.333497000,3.858205000,67.475292000,126.950496169,120.084142216
avx2_fma,2500,0xAA,18,0.561895705,0.000781577,71.495483000,3.881216000,67.614267000,127.239774935,120.332414783
avx2_fma,2500,0xAA,19,0.561792718,0.000720246,71.000490000,3.867605000,67.132885000,126.382004742,119.497606149
avx2_fma,2500,0xAA,20,0.562124228,0.001290753,71.699463000,3.886038000,67.813425000,127.550920915,120.637790678
avx2_fma,2500,0xAA,21,0.562040111,0.000963242,71.391236000,3.885977000,67.505259000,127.021603276,120.107546923
avx2_fma,2500,0xAA,22,0.561924455,0.000846382,71.391174000,3.882375000,67.508799000,127.047636776,120.138567473
avx2_fma,2500,0xAA,23,0.561919206,0.000876014,71.160219000,3.884939000,67.275280000,126.637812363,119.724115595
avx2_fma,2500,0xAA,24,0.561862039,0.000777186,71.428345000,3.894827000,67.533518000,127.127906863,120.195908031
avx2_fma,2500,0xAA,25,0.561862701,0.000779789,71.216553000,3.873281000,67.343272000,126.750810936,119.857167716
avx2_fma,2500,0xAA,26,0.561859141,0.000824540,71.352478000,3.877370000,67.475108000,126.993534189,120.092569661
avx2_fma,2500,0xAA,27,0.561904490,0.000808986,71.379761000,3.887319000,67.492442000,127.031839416,120.113725990
avx2_fma,2500,0xAA,28,0.561808904,0.000756299,71.327637000,3.865590000,67.462047000,126.960673915,120.080060283
avx2_fma,2500,0xAA,29,0.561817884,0.000687744,71.274903000,3.873648000,67.401255000,126.864781264,119.969934894
avx2_fma,2500,0xAA,30,0.561790979,0.000684166,71.191529000,3.828298000,67.363231000,126.722449537,119.907996933
avx2_fma,2500,0xAA,31,0.562025337,0.000922712,71.390503000,3.851125000,67.539378000,127.023637985,120.171411326
avx2_fma,2500,0xAA,32,0.561857971,0.000746714,71.336243000,3.869314000,67.466929000,126.964903394,120.078262641
avx2_fma,2500,0xAA,33,0.566771274,0.025348797,83.363251000,4.795398000,78.567853000,147.084467353,138.623562193
avx2_fma,2500,0xAA,34,0.561892039,0.000789114,71.462952000,3.877004000,67.585948000,127.182709673,120.282800554
avx2_fma,2500,0xAA,35,0.561826007,0.000668659,71.392212000,3.877432000,67.514780000,127.071746545,120.170264681
avx2_fma,2500,0xAA,36,0.561797484,0.000667638,71.419129000,3.870779000,67.548350000,127.126110528,120.236120607
avx2_fma,2500,0xAA,37,0.561742690,0.000604556,71.167909000,3.868826000,67.299083000,126.691295165,119.804109865
avx2_fma,2500,0xAA,38,0.561760300,0.000642680,71.307984000,3.842275000,67.465709000,126.936673783,120.096968313
avx2_fma,2500,0xAA,39,0.561882161,0.000771035,71.264527000,3.879201000,67.385326000,126.831801959,119.927861476
avx2_fma,2500,0xAA,40,0.561789172,0.000674416,71.334778000,3.881826000,67.452952000,126.977844312,120.068088491
avx2_fma,2500,0xAA,41,0.562040251,0.000985408,71.410828000,3.887868000,67.522960000,127.056430414,120.139011251
avx2_fma,2500,0xAA,42,0.561852186,0.000787568,71.308045000,3.878958000,67.429087000,126.916023045,120.012146731
avx2_fma,2500,0xAA,43,0.561894510,0.000752104,71.191652000,3.876516000,67.315136000,126.699319463,119.800309182
avx2_fma,2500,0xAA,44,0.564462792,0.013827274,77.844283000,4.378162000,73.466121000,137.908617135,130.152283031
avx2_fma,2500,0xAA,45,0.561872989,0.000807206,71.262146000,3.853810000,67.408336000,126.829634875,119.970771613
avx2_fma,2500,0xAA,46,0.561849043,0.000730835,71.192872000,3.871755000,67.321117000,126.711743905,119.820649133
avx2_fma,2500,0xAA,47,0.561842940,0.000768454,71.236145000,3.859365000,67.376780000,126.790140020,119.921022822
avx2_fma,2500,0xAA,48,0.566135053,0.022126338,81.814915000,4.685108000,77.129807000,144.514837133,136.239235800
avx2_fma,2500,0xAA,49,0.565784651,0.020366749,80.809059000,4.612598000,76.196461000,142.826530936,134.673962658
avx2_fma,2500,0xAA,50,0.561842068,0.000679556,71.379029000,3.879995000,67.499034000,127.044650270,120.138803907
avx2_fma,2500,0xAA,51,0.561980966,0.000851915,71.289795000,3.885121000,67.404674000,126.854465428,119.941204595
avx2_fma,2500,0xAA,52,0.561839414,0.000687703,71.318788000,3.860708000,67.458080000,126.938029299,120.066478632
avx2_fma,2500,0xAA,53,0.561910154,0.000828195,71.177491000,3.877858000,67.299633000,126.670590529,119.769384039
avx2_fma,2500,0xAA,54,0.561837269,0.000780236,71.330689000,3.876272000,67.454417000,126.959696176,120.060417306
avx2_fma,2500,0xAA,55,0.561906516,0.000928815,71.429322000,3.896841000,67.532481000,127.119583002,120.184548634
avx2_fma,2500,0xAA,56,0.561869883,0.000713824,71.440307000,3.873037000,67.567270000,127.147421797,120.254300956
avx2_fma,2500,0xAA,57,0.561815694,0.000708714,71.190675000,3.864798000,67.325877000,126.715354829,119.836234074
avx2_fma,2500,0xAA,58,0.561839328,0.000716759,71.308961000,3.885366000,67.423595000,126.920557979,120.005118268
avx2_fma,2500,0xAA,59,0.561829255,0.000716586,71.200075000,3.855764000,67.344311000,126.729027245,119.866152156
avx2_fma,2500,0xAA,60,0.561891943,0.000814135,71.239869000,3.874075000,67.365794000,126.785710210,119.891012659
avx2_fma,2500,0xAA,61,0.561992612,0.000912783,71.350281000,3.889395000,67.460886000,126.959464323,120.038741673
avx2_fma,2500,0xAA,62,0.561848162,0.000690788,71.252320000,3.874929000,67.377391000,126.817750371,119.920995590
avx2_fma,2500,0xAA,63,0.561843082,0.000623562,71.252991000,3.878836000,67.374155000,126.820091460,119.916320413
avx2_fma,2500,0xAA,64,0.561801639,0.000647080,71.230347000,3.872914000,67.357433000,126.789140655,119.895401419
avx2_fma,2500,0xAA,65,0.561839244,0.000676967,71.359498000,3.885427000,67.474071000,127.010526075,120.094976763
avx2_fma,2500,0xAA,66,0.561813045,0.000670721,71.254456000,3.878348000,67.376108000,126.829479361,119.926207829
avx2_fma,2500,0xAA,67,0.561853625,0.000698154,71.290345000,3.869924000,67.420421000,126.884195069,119.996415360
avx2_fma,2500,0xAA,68,0.561917437,0.000888630,71.248048000,3.871694000,67.376354000,126.794513440,119.904365981
avx2_fma,2500,0xAA,69,0.561909891,0.000842240,71.292603000,3.872854000,67.419749000,126.875508206,119.983203832
avx2_fma,2500,0xAA,70,0.561950351,0.000855067,71.352113000,3.875357000,67.476756000,126.972272308,120.076010045
avx2_fma,2500,0xAA,71,0.561993634,0.000923930,71.571716000,3.888112000,67.683604000,127.353250516,120.434823388
avx2_fma,2500,0xAA,72,0.561869433,0.000736094,71.390320000,3.881155000,67.509165000,127.058558064,120.150983509
avx2_fma,2500,0xAA,73,0.561886291,0.000847085,71.409058000,3.886342000,67.522716000,127.088094502,120.171495779
avx2_fma,2500,0xAA,74,0.564953545,0.015672414,78.808209000,4.431935000,74.376274000,139.495025259,131.650247505
avx2_fma,2500,0xAA,75,0.561866015,0.000772882,71.182985000,3.878408000,67.304577000,126.690319610,119.787592095
avx2_fma,2500,0xAA,76,0.561836809,0.000738842,71.216553000,3.875356000,67.341197000,126.756652288,119.858998129
avx2_fma,2500,0xAA,77,0.561851717,0.000836994,71.337281000,3.886465000,67.450816000,126.968164198,120.050920937
avx2_fma,2500,0xAA,78,0.561840660,0.000786854,71.270569000,3.890920000,67.379649000,126.851924643,119.926615955
avx2_fma,2500,0xAA,79,0.566072570,0.022112459,81.804600000,4.687610000,77.116990000,144.512566694,136.231631970
avx2_fma,2500,0xAA,80,0.561882437,0.000765439,71.299439000,3.881643000,67.417796000,126.893873822,119.985590616
avx2_fma,2500,0xAA,81,0.562048868,0.000911059,71.373962000,3.843496000,67.530466000,126.988890210,120.150523978
avx2_fma,2500,0xAA,82,0.561855262,0.000774641,71.311341000,3.885610000,67.425731000,126.921194584,120.005516713
avx2_fma,2500,0xAA,83,0.561876246,0.000755578,71.354370000,3.883962000,67.470408000,126.993035483,120.080548917
avx2_fma,2500,0xAA,84,0.561855348,0.000798924,71.321778000,3.883718000,67.438060000,126.939750967,120.027441578
avx2_fma,2500,0xAA,85,0.561839238,0.000795014,71.284180000,3.883291000,67.400889000,126.876471371,119.964723780
avx2_fma,2500,0xAA,86,0.561811805,0.000707097,71.312683000,3.874868000,67.437815000,126.933400719,120.036308198
avx2_fma,2500,0xAA,87,0.561909497,0.000765956,71.500489000,3.908681000,67.591808000,127.245560693,120.289492107
avx2_fma,2500,0xAA,88,0.561848908,0.000806304,71.183961000,3.858449000,67.325512000,126.695914167,119.828500265
avx2_fma,2500,0xAA,89,0.561879142,0.000871546,71.339539000,3.878958000,67.460581000,126.965985556,120.062440449
avx2_fma,2500,0xAA,90,0.564024339,0.010967555,76.380908000,4.277210000,72.103698000,135.421297830,127.837919412
avx2_fma,2500,0xAA,91,0.562439152,0.002345657,72.236509000,3.953970000,68.282539000,128.434353690,121.404313223
avx2_fma,2500,0xAA,92,0.561856885,0.000753119,71.281678000,3.880605000,67.401073000,126.868033259,119.961283333
avx2_fma,2500,0xAA,93,0.561902450,0.000814023,71.372742000,3.886404000,67.486338000,127.019809278,120.103299123
avx2_fma,2500,0xAA,94,0.561845259,0.000759118,71.283936000,3.881765000,67.402171000,126.874677468,119.965719994
avx2_fma,2500,0xAA,95,0.561819402,0.000713000,71.378601000,3.840139000,67.538462000,127.049013802,120.213829784
avx2_fma,2500,0xAA,96,0.561817356,0.000726956,71.138368000,3.882009000,67.256359000,126.621876656,119.712141747
avx2_fma,2500,0xAA,97,0.561828192,0.000746304,71.369629000,3.877371000,67.492258000,127.031056959,120.129710500
avx2_fma,2500,0xAA,98,0.561853598,0.000768142,71.203980000,3.886343000,67.317637000,126.730486787,119.813483830
avx2_fma,2500,0xAA,99,0.561761753,0.000647285,71.456665000,3.882986000,67.573679000,127.201014795,120.288856781
avx2_fma,2700,0x00,0,0.520046584,0.000216108,68.070382000,3.582083000,64.488299000,130.892854729,124.004850637
avx2_fma,2700,0x00,1,0.520066876,0.000261735,68.053964000,3.559684000,64.494280000,130.856178572,124.011512695
avx2_fma,2700,0x00,2,0.520215049,0.000633242,68.313973000,3.582266000,64.731707000,131.318717441,124.432592158
avx2_fma,2700,0x00,3,0.520024846,0.000134593,68.082894000,3.573172000,64.509722000,130.922386726,124.051230421
avx2_fma,2700,0x00,4,0.520122510,0.000211667,68.041452000,3.563895000,64.477557000,130.818125951,123.966096030
avx2_fma,2700,0x00,5,0.520005174,0.000162691,68.031137000,3.571890000,64.459247000,130.827807879,123.958856994
avx2_fma,2700,0x00,6,0.523966301,0.020306568,78.005476000,4.324329000,73.681147000,148.874986412,140.621919395
avx2_fma,2700,0x00,7,0.520005702,0.000310284,68.179269000,3.600394000,64.578875000,131.112541066,124.188782376
avx2_fma,2700,0x00,8,0.519996984,0.000188867,67.976999000,3.586050000,64.390949000,130.725756376,123.829466373
avx2_fma,2700,0x00,9,0.520013681,0.000235718,68.041390000,3.579764000,64.461626000,130.845384449,123.961404025
avx2_fma,2700,0x00,10,0.520027320,0.000203279,68.002939000,3.547415000,64.455524000,130.768012324,123.946418798
avx2_fma,2700,0x00,11,0.520012209,0.000140673,67.910532000,3.565116000,64.345416000,130.594110724,123.738279383
avx2_fma,2700,0x00,12,0.520213652,0.000588543,68.336495000,3.576834000,64.759661000,131.362363776,124.486661868
avx2_fma,2700,0x00,13,0.520110109,0.000268207,67.943186000,3.588919000,64.354267000,130.632311819,123.732005645
avx2_fma,2700,0x00,14,0.520073175,0.000219998,67.979928000,3.578421000,64.401507000,130.712236900,123.831626296
avx2_fma,2700,0x00,15,0.520052174,0.000155619,67.979379000,3.582144000,64.397235000,130.716459534,123.828412186
avx2_fma,2700,0x00,16,0.520063860,0.000275123,68.042245000,3.580862000,64.461383000,130.834403584,123.948976096
avx2_fma,2700,0x00,17,0.523969698,0.020261706,78.042708000,4.319508000,73.723200000,148.945078952,140.701266345
avx2_fma,2700,0x00,18,0.519999163,0.000333846,67.995431000,3.572134000,64.423297000,130.760654759,123.891155237
avx2_fma,2700,0x00,19,0.520011347,0.000255875,67.982675000,3.583487000,64.399188000,130.733060751,123.841889969
avx2_fma,2700,0x00,20,0.519978072,0.000165367,68.060434000,3.574637000,64.485797000,130.890969482,124.016377667
avx2_fma,2700,0x00,21,0.521001592,0.004799443,70.474062000,3.745657000,66.728405000,135.266500355,128.077161475
avx2_fma,2700,0x00,22,0.520021084,0.000279410,68.050668000,3.586905000,64.463763000,130.861363396,123.963748832
avx2_fma,2700,0x00,23,0.520110611,0.000281038,68.156259000,3.585928000,64.570331000,131.041854534,124.147305710
avx2_fma,2700,0x00,24,0.523914102,0.020350762,77.851730000,4.322498000,73.529232000,148.596362723,140.345968278
avx2_fma,2700,0x00,25,0.520072152,0.000473044,68.171945000,3.575003000,64.596942000,131.081706158,124.207654189
avx2_fma,2700,0x00,26,0.520063402,0.000353031,67.967294000,3.580863000,64.386431000,130.690399883,123.804964406
avx2_fma,2700,0x00,27,0.520028324,0.000206936,68.084176000,3.573843000,64.510333000,130.923976427,124.051575758
avx2_fma,2700,0x00,28,0.520010384,0.000181023,67.877512000,3.589957000,64.287555000,130.531070354,123.627444751
avx2_fma,2700,0x00,29,0.520070579,0.000313571,68.061471000,3.583609000,64.477862000,130.869681350,123.979060842
avx2_fma,2700,0x00,30,0.520034047,0.000143186,67.841013000,3.574515000,64.266498000,130.454945091,123.581327828
avx2_fma,2700,0x00,31,0.520218113,0.000583294,68.290658000,3.594839000,64.695819000,131.273126183,124.362872754
avx2_fma,2700,0x00,32,0.520129465,0.000397052,68.090341000,3.591910000,64.498431000,130.910370618,124.004570729
avx2_fma,2700,0x00,33,0.520066663,0.000259587,68.173592000,3.607901000,64.565691000,131.086256406,124.148874618
avx2_fma,2700,0x00,34,0.520047722,0.000289660,67.945016000,3.582144000,64.362872000,130.651501937,123.763395622
avx2_fma,2700,0x00,35,0.520043328,0.000315202,68.033334000,3.595083000,64.438251000,130.822434034,123.909388899
avx2_fma,2700,0x00,36,0.520088297,0.000285607,68.068246000,3.585501000,64.482745000,130.878249752,123.984226137
avx2_fma,2700,0x00,37,0.520022809,0.000128229,67.638194000,3.579031000,64.059163000,130.067744778,123.185294743
avx2_fma,2700,0x00,38,0.520058499,0.000243286,67.991220000,3.582266000,64.408954000,130.737638538,123.849440364
avx2_fma,2700,0x00,39,0.520023944,0.000161498,67.990121000,3.590017000,64.400104000,130.744212334,123.840651375
avx2_fma,2700,0x00,40,0.520940981,0.004663490,70.267398000,3.756705000,66.510693000,134.885525517,127.674142393
avx2_fma,2700,0x00,41,0.520154509,0.000546629,68.239999000,3.583487000,64.656512000,131.191785993,124.302511865
avx2_fma,2700,0x00,42,0.523967620,0.020297596,77.877852000,4.338490000,73.539362000,148.631039432,140.350966707
avx2_fma,2700,0x00,43,0.520030602,0.000343267,68.130685000,3.587638000,64.543047000,131.012837989,124.113940142
avx2_fma,2700,0x00,44,0.520274300,0.001377066,68.754096000,3.614554000,65.139542000,132.149706532,125.202305895
avx2_fma,2700,0x00,45,0.519989078,0.000141873,67.800668000,3.577933000,64.222735000,130.388638645,123.507853738
avx2_fma,2700,0x00,46,0.520792738,0.004084799,69.920293000,3.733450000,66.186843000,134.257426900,127.088644148
avx2_fma,2700,0x00,47,0.519984056,0.000090851,67.828866000,3.582938000,64.245928000,130.444126523,123.553649866
avx2_fma,2700,0x00,48,0.520061456,0.000225663,67.792185000,3.555350000,64.236835000,130.354180787,123.517777201
avx2_fma,2700,0x00,49,0.520061031,0.000161871,67.922434000,3.573294000,64.349140000,130.604736569,123.733823763
avx2_fma,2700,0x00,50,0.520003785,0.000143302,67.825937000,3.584036000,64.241901000,130.433544718,123.541217968
avx2_fma,2700,0x00,51,0.523831953,0.016088184,76.759752000,4.172963000,72.586789000,146.535070329,138.568845702
avx2_fma,2700,0x00,52,0.523804571,0.018506985,77.106858000,4.265187000,72.841671000,147.205393386,139.062686674
avx2_fma,2700,0x00,53,0.520067441,0.000226047,68.028635000,3.593863000,64.434772000,130.807333103,123.896954340
avx2_fma,2700,0x00,54,0.523966562,0.020255456,78.045881000,4.334949000,73.710932000,148.952026146,140.678694760
avx2_fma,2700,0x00,55,0.520033360,0.000263849,68.066354000,3.583487000,64.482867000,130.888437745,123.997558660
avx2_fma,2700,0x00,56,0.519981574,0.000116765,67.714182000,3.559683000,64.154499000,130.224195151,123.378408346
avx2_fma,2700,0x00,57,0.521428741,0.007335892,71.477722000,3.854726000,67.622996000,137.080518095,129.687895297
avx2_fma,2700,0x00,58,0.520020534,0.000219720,67.891672000,3.583120000,64.308552000,130.555752130,123.665408841
avx2_fma,2700,0x00,59,0.520029217,0.000110303,67.890513000,3.583121000,64.307392000,130.551343591,123.661113423
avx2_fma,2700,0x00,60,0.520286437,0.001119582,68.544625000,3.624625000,64.920000000,131.744016568,124.777421361
avx2_fma,2700,0x00,61,0.520150397,0.000615949,68.356880000,3.584646000,64.772234000,131.417529344,124.525972548
avx2_fma,2700,0x00,62,0.523999673,0.020396528,78.056624000,4.322316000,73.734308000,148.963115942,140.714416133
avx2_fma,2700,0x00,63,0.520006835,0.000159809,67.852793000,3.547476000,64.305317000,130.484425330,123.662445766
avx2_fma,2700,0x00,64,0.520022012,0.000197597,67.868906000,3.582327000,64.286579000,130.511602329,123.622803550
avx2_fma,2700,0x00,65,0.524666352,0.024125619,79.846720000,4.474537000,75.372183000,152.185707558,143.657360002
avx2_fma,2700,0x00,66,0.520006846,0.000275915,67.936410000,3.587821000,64.348589000,130.645222196,123.745657269
avx2_fma,2700,0x00,67,0.519984389,0.000119266,67.839975000,3.580557000,64.259418000,130.465407017,123.579513761
avx2_fma,2700,0x00,68,0.520020784,0.000160483,67.846689000,3.572074000,64.274615000,130.469187098,123.600088578
avx2_fma,2700,0x00,69,0.520078700,0.000301867,67.906259000,3.595633000,64.310626000,130.569198460,123.655565966
avx2_fma,2700,0x00,70,0.520041719,0.000083709,67.977426000,3.589468000,64.387958000,130.715332135,123.813062817
avx2_fma,2700,0x00,71,0.524852889,0.024120411,80.389321000,4.470142000,75.919179000,153.165435042,144.648492298
avx2_fma,2700,0x00,72,0.520021396,0.000263397,68.047921000,3.588370000,64.459551000,130.856002434,123.955574816
avx2_fma,2700,0x00,73,0.520020459,0.000214965,67.943552000,3.591482000,64.352070000,130.655536301,123.749111879
avx2_fma,2700,0x00,74,0.520026487,0.000105033,67.871042000,3.578482000,64.292560000,130.514586636,123.633240995
avx2_fma,2700,0x00,75,0.520031098,0.000157666,68.026743000,3.588004000,64.438739000,130.812836541,123.913241469
avx2_fma,2700,0x00,76,0.520505650,0.002445672,69.142401000,3.673392000,65.469009000,132.836984538,125.779631752
avx2_fma,2700,0x00,77,0.520001799,0.000254810,67.993906000,3.592520000,64.401386000,130.757059196,123.848390788
avx2_fma,2700,0x00,78,0.519990263,0.000161824,68.051888000,3.565970000,64.485918000,130.871465899,124.013702875
avx2_fma,2700,0x00,79,0.520009337,0.000180226,68.063608000,3.585623000,64.477985000,130.889203513,123.993898483
avx2_fma,2700,0x00,80,0.520058799,0.000137807,68.001046000,3.595633000,64.405413000,130.756457129,123.842560066
avx2_fma,2700,0x00,81,0.520181604,0.000589776,68.351510000,3.609366000,64.742144000,131.399321823,124.460656612
avx2_fma,2700,0x00,82,0.520004099,0.000096776,67.788706000,3.581412000,64.207294000,130.361868578,123.474592098
avx2_fma,2700,0x00,83,0.520066179,0.000206691,68.014414000,3.589102000,64.425312000,130.780305880,123.879064955
avx2_fma,2700,0x00,84,0.520063998,0.000217941,68.077950000,3.590506000,64.487444000,130.903024022,123.999054482
avx2_fma,2700,0x00,85,0.520066375,0.000258355,68.065256000,3.597281000,64.467975000,130.878017163,123.961052002
avx2_fma,2700,0x00,86,0.520056314,0.000143518,68.034128000,3.563772000,64.470356000,130.820694232,123.968028654
avx2_fma,2700,0x00,87,0.520057830,0.000225192,68.061899000,3.577566000,64.484333000,130.873712524,123.994542958
avx2_fma,2700,0x00,88,0.520100015,0.000315571,68.027048000,3.585074000,64.441974000,130.796089269,123.903041978
avx2_fma,2700,0x00,89,0.520046279,0.000106383,67.858408000,3.582754000,64.275654000,130.485325510,123.596027106
avx2_fma,2700,0x00,90,0.520052829,0.000160900,67.978220000,3.588491000,64.389729000,130.714066314,123.813823110
avx2_fma,2700,0x00,91,0.520179622,0.000544072,68.107308000,3.602713000,64.504595000,130.930365551,124.004463707
avx2_fma,2700,0x00,92,0.520071242,0.000276276,68.088022000,3.589346000,64.498676000,130.920567333,124.018924417
avx2_fma,2700,0x00,93,0.520069645,0.000180358,67.798227000,3.582999000,64.215228000,130.363745847,123.474285876
avx2_fma,2700,0x00,94,0.520062463,0.000242531,67.930002000,3.564078000,64.365924000,130.618929152,123.765756208
avx2_fma,2700,0x00,95,0.520023085,0.000100279,67.913156000,3.575552000,64.337604000,130.596425232,123.720668944
avx2_fma,2700,0x00,96,0.524556532,0.023415163,79.518229000,4.466786000,75.051443000,151.591342747,143.075986004
avx2_fma,2700,0x00,97,0.520061052,0.000378947,68.063974000,3.608206000,64.455768000,130.876891855,123.938848736
avx2_fma,2700,0x00,98,0.520068189,0.000239902,68.049203000,3.594290000,64.454913000,130.846693707,123.935503833
avx2_fma,2700,0x00,99,0.524681244,0.024123168,79.689738000,4.478260000,75.211478000,151.882193047,143.346991816
avx2_fma,2700,0xAA,0,0.520180800,0.000490813,68.077462000,3.587943000,64.489519000,130.872692770,123.975200588
avx2_fma,2700,0xAA,1,0.520097838,0.000471257,68.023202000,3.571097000,64.452105000,130.789242085,123.923039726
avx2_fma,2700,0xAA,2,0.520269897,0.000635320,68.260262000,3.602041000,64.658221000,131.201636704,124.278228255
avx2_fma,2700,0xAA,3,0.520019566,0.000159369,68.035897000,3.584707000,64.451190000,130.833340713,123.939932778
avx2_fma,2700,0xAA,4,0.520135469,0.000302372,67.993356000,3.599295000,64.394061000,130.722398462,123.802480063
avx2_fma,2700,0xAA,5,0.520022364,0.000190686,68.034067000,3.579703000,64.454364000,130.829117680,123.945369498
avx2_fma,2700,0xAA,6,0.520088808,0.000332998,67.916818000,3.579703000,64.337115000,130.586963230,123.704094483
avx2_fma,2700,0xAA,7,0.521085521,0.005453370,70.610782000,3.789114000,66.821668000,135.507088818,128.235510841
avx2_fma,2700,0xAA,8,0.520102708,0.000410314,68.035287000,3.581961000,64.453326000,130.811253078,123.924226837
avx2_fma,2700,0xAA,9,0.520128644,0.000469834,68.110055000,3.597403000,64.512652000,130.948479246,124.032107616
avx2_fma,2700,0xAA,10,0.520077742,0.000354188,67.971750000,3.585318000,64.386432000,130.695364324,123.801552671
avx2_fma,2700,0xAA,11,0.520109502,0.000438005,68.164437000,3.596304000,64.568133000,131.057857541,124.143344372
avx2_fma,2700,0xAA,12,0.524160488,0.020307042,78.243818000,4.335804000,73.908014000,149.274544367,141.002642725
avx2_fma,2700,0xAA,13,0.520112853,0.000469505,68.192697000,3.601676000,64.591021000,131.111347519,124.186550371
avx2_fma,2700,0xAA,14,0.520065833,0.000389620,68.104867000,3.596304000,64.508563000,130.954319035,124.039225267
avx2_fma,2700,0xAA,15,0.520104576,0.000371587,68.029305000,3.590384000,64.438921000,130.799281788,123.896085459
avx2_fma,2700,0xAA,16,0.520141290,0.000435875,68.257943000,3.590384000,64.667559000,131.229618335,124.326909269
avx2_fma,2700,0xAA,17,0.520089918,0.000350222,68.076303000,3.587576000,64.488727000,130.893333369,123.995341547
avx2_fma,2700,0xAA,18,0.520072137,0.000415699,68.384530000,3.605826000,64.778704000,131.490470622,124.557151672
avx2_fma,2700,0xAA,19,0.520072024,0.000394992,68.078806000,3.586721000,64.492085000,130.902649655,124.006064506
avx2_fma,2700,0xAA,20,0.524039149,0.020345145,78.154097000,4.333362000,73.820735000,149.137897792,140.868740782
avx2_fma,2700,0xAA,21,0.521136094,0.004952230,70.574832000,3.761954000,66.812878000,135.424954756,128.206199347
avx2_fma,2700,0xAA,22,0.520062763,0.000439312,68.257393000,3.595388000,64.662005000,131.248375908,124.335002645
avx2_fma,2700,0xAA,23,0.520082101,0.000403140,68.115670000,3.583243000,64.532427000,130.970994538,124.081230415
avx2_fma,2700,0xAA,24,0.520107027,0.000405357,68.078989000,3.569937000,64.509052000,130.894192016,124.030341274
avx2_fma,2700,0xAA,25,0.520076499,0.000353147,68.029733000,3.589774000,64.439959000,130.807166129,123.904770026
avx2_fma,2700,0xAA,26,0.520087723,0.000355357,68.120614000,3.590506000,64.530108000,130.979084849,124.075430252
avx2_fma,2700,0xAA,27,0.520091752,0.000370226,68.098580000,3.582389000,64.516191000,130.935704546,124.047710293
avx2_fma,2700,0xAA,28,0.520092054,0.000416492,67.990487000,3.580435000,64.410052000,130.727794262,123.843561030
avx2_fma,2700,0xAA,29,0.524612281,0.023560776,79.690043000,4.454701000,75.235342000,151.902740087,143.411324313
avx2_fma,2700,0xAA,30,0.524609930,0.023516372,79.551981000,4.450733000,75.101248000,151.640250150,143.156360032
avx2_fma,2700,0xAA,31,0.520208651,0.000574181,68.359749000,3.582755000,64.776994000,131.408328042,124.521178057
avx2_fma,2700,0xAA,32,0.520090864,0.000407097,68.082712000,3.584891000,64.497821000,130.905418123,124.012601408
avx2_fma,2700,0xAA,33,0.520156155,0.000431684,68.081430000,3.586599000,64.494831000,130.886521826,123.991286690
avx2_fma,2700,0xAA,34,0.520101837,0.000404327,67.882334000,3.584098000,64.298236000,130.517389541,123.626242946
avx2_fma,2700,0xAA,35,0.520220947,0.000394510,68.239816000,3.600272000,64.639544000,131.174679480,124.254020056
avx2_fma,2700,0xAA,36,0.520091849,0.000437623,68.000986000,3.590505000,64.410481000,130.748032645,123.844434733
avx2_fma,2700,0xAA,37,0.520083401,0.000337225,68.090157000,3.598685000,64.491472000,130.921611596,124.002173302
avx2_fma,2700,0xAA,38,0.520090079,0.000350785,67.948191000,3.585562000,64.362629000,130.646966325,123.752849043
avx2_fma,2700,0xAA,39,0.520106257,0.000432678,68.067696000,3.564994000,64.502702000,130.872672740,124.018315674
avx2_fma,2700,0xAA,40,0.520075303,0.000368379,68.039499000,3.593070000,64.446429000,130.826244983,123.917495463
avx2_fma,2700,0xAA,41,0.520261777,0.000712799,68.249886000,3.607779000,64.642107000,131.183740523,124.249194959
avx2_fma,2700,0xAA,42,0.520069669,0.000305526,68.115793000,3.593618000,64.522175000,130.974361777,124.064483710
avx2_fma,2700,0xAA,43,0.521787297,0.008773029,72.398313000,3.890677000,68.507636000,138.750624010,131.294181461
avx2_fma,2700,0xAA,44,0.520044621,0.000402400,68.064035000,3.598196000,64.465839000,130.881144202,123.962130225
avx2_fma,2700,0xAA,45,0.520096383,0.000358493,67.961068000,3.596365000,64.364703000,130.670141496,123.755336634
avx2_fma,2700,0xAA,46,0.520084519,0.000371354,68.154001000,3.586722000,64.567279000,131.044086987,124.147665605
avx2_fma,2700,0xAA,47,0.520092270,0.000352929,67.947336000,3.565848000,64.381488000,130.644771927,123.788588505
avx2_fma,2700,0xAA,48,0.520089465,0.000319115,68.088510000,3.586599000,64.501911000,130.916918340,124.020799033
avx2_fma,2700,0xAA,49,0.520091929,0.000287742,68.075083000,3.586966000,64.488117000,130.890481533,123.993689251
avx2_fma,2700,0xAA,50,0.520115338,0.000339438,68.081551000,3.586843000,64.494708000,130.897026241,124.000780850
avx2_fma,2700,0xAA,51,0.520214745,0.000584432,68.308724000,3.595145000,64.713579000,131.308703981,124.397817597
avx2_fma,2700,0xAA,52,0.520085522,0.000301043,68.109201000,3.587515000,64.521686000,130.957694703,124.059761865
avx2_fma,2700,0xAA,53,0.520133584,0.000335799,68.146127000,3.580375000,64.565752000,131.016587023,124.133018823
avx2_fma,2700,0xAA,54,0.520155068,0.000473233,68.083383000,3.583487000,64.499896000,130.890550096,124.001283376
avx2_fma,2700,0xAA,55,0.520096179,0.000285120,68.164925000,3.565542000,64.599383000,131.062153106,124.206609562
avx2_fma,2700,0xAA,56,0.520135910,0.000359433,68.027536000,3.579947000,64.447589000,130.788001231,123.905286669
avx2_fma,2700,0xAA,57,0.520014347,0.000210795,68.146676000,3.577689000,64.568987000,131.047684299,124.167702969
avx2_fma,2700,0xAA,58,0.524075071,0.020514219,78.089705000,4.338063000,73.751642000,149.004807275,140.727246984
avx2_fma,2700,0xAA,59,0.520033282,0.000357972,68.131906000,3.588064000,64.543842000,131.014510694,124.114829225
avx2_fma,2700,0xAA,60,0.520077178,0.000366410,68.043710000,3.590933000,64.452777000,130.833870082,123.929254482
avx2_fma,2700,0xAA,61,0.520200799,0.000517233,68.317513000,3.600516000,64.716997000,131.329119664,124.407723146
avx2_fma,2700,0xAA,62,0.520108503,0.000301444,68.071786000,3.580558000,64.491228000,130.879971333,123.995719340
avx2_fma,2700,0xAA,63,0.520099022,0.000226366,68.154122000,3.577750000,64.576372000,131.040665488,124.161686973
avx2_fma,2700,0xAA,64,0.520068997,0.000168410,68.099619000,3.596487000,64.503132000,130.943431258,124.028027689
avx2_fma,2700,0xAA,65,0.520011491,0.000140085,67.841806000,3.580740000,64.261066000,130.462128594,123.576242297
avx2_fma,2700,0xAA,66,0.521698382,0.008822245,72.301878000,3.905446000,68.396432000,138.589423534,131.103400698
avx2_fma,2700,0xAA,67,0.520043967,0.000189976,68.051888000,3.592703000,64.459185000,130.857951030,123.949490926
avx2_fma,2700,0xAA,68,0.520050416,0.000187803,68.035410000,3.589102000,64.446308000,130.824642881,123.923192777
avx2_fma,2700,0xAA,69,0.520083528,0.000144550,68.097298000,3.582450000,64.514848000,130.935310185,124.047089716
avx2_fma,2700,0xAA,70,0.520041678,0.000291127,68.170053000,3.572989000,64.597064000,131.085749138,124.215167129
avx2_fma,2700,0xAA,71,0.520262446,0.000638534,68.306466000,3.601798000,64.704668000,131.292324612,124.369284088
avx2_fma,2700,0xAA,72,0.520063415,0.000271748,68.069284000,3.585440000,64.483844000,130.886507468,123.992271305
avx2_fma,2700,0xAA,73,0.520194520,0.000413044,68.300667000,3.596304000,64.704363000,131.298320840,124.384937747
avx2_fma,2700,0xAA,74,0.520086441,0.000246811,68.075204000,3.585990000,64.489214000,130.892095202,123.997106764
avx2_fma,2700,0xAA,75,0.520131632,0.000363917,68.135995000,3.588980000,64.547015000,130.997599067,124.097461143
avx2_fma,2700,0xAA,76,0.520092088,0.000332409,68.175973000,3.595389000,64.580584000,131.084426242,124.171440868
avx2_fma,2700,0xAA,77,0.520347284,0.001046572,68.573616000,3.610342000,64.963274000,131.784325729,124.845994140
avx2_fma,2700,0xAA,78,0.520051583,0.000159621,67.973337000,3.561941000,64.411396000,130.704990112,123.855783001
avx2_fma,2700,0xAA,79,0.520088551,0.000347467,68.101510000,3.588858000,64.512652000,130.942144201,124.041669281
avx2_fma,2700,0xAA,80,0.520094977,0.000270599,68.117440000,3.587149000,64.530291000,130.971155311,124.074051592
avx2_fma,2700,0xAA,81,0.520253479,0.000624003,68.349923000,3.602896000,64.747027000,131.378117980,124.452847622
avx2_fma,2700,0xAA,82,0.520086554,0.000231703,68.050302000,3.584463000,64.465839000,130.844186370,123.952135475
avx2_fma,2700,0xAA,83,0.520212978,0.000370687,68.165780000,3.583060000,64.582720000,131.034370374,124.146691379
avx2_fma,2700,0xAA,84,0.521733497,0.008560742,72.107726000,3.895742000,68.211984000,138.207967151,130.741047692
avx2_fma,2700,0xAA,85,0.520100190,0.000443175,68.090158000,3.593313000,64.496845000,130.917387382,124.008501225
avx2_fma,2700,0xAA,86,0.520053034,0.000392310,68.045541000,3.562247000,64.483294000,130.843464984,123.993688588
avx2_fma,2700,0xAA,87,0.520080455,0.000364115,67.900827000,3.588308000,64.312519000,130.558313338,123.658788532
avx2_fma,2700,0xAA,88,0.520093345,0.000321103,68.146310000,3.596060000,64.550250000,131.027075606,124.112816778
avx2_fma,2700,0xAA,89,0.520073799,0.000292260,67.998422000,3.579153000,64.419269000,130.747640316,123.865630479
avx2_fma,2700,0xAA,90,0.524000565,0.020335222,77.988508000,4.331837000,73.656671000,148.832870066,140.566014476
avx2_fma,2700,0xAA,91,0.520236460,0.000655208,68.168466000,3.597952000,64.570514000,131.033618918,124.117625367
avx2_fma,2700,0xAA,92,0.520133697,0.000450845,68.205391000,3.587271000,64.618120000,131.130498468,124.233673636
avx2_fma,2700,0xAA,93,0.520082302,0.000244895,68.003855000,3.562979000,64.440876000,130.755949022,123.905150629
avx2_fma,2700,0xAA,94,0.520105408,0.000257203,67.980783000,3.577872000,64.402911000,130.705780041,123.826651410
avx2_fma,2700,0xAA,95,0.520032639,0.000249989,68.026254000,3.585318000,64.440936000,130.811508464,123.917098904
avx2_fma,2700,0xAA,96,0.520070007,0.000290351,68.025766000,3.585745000,64.440021000,130.801171096,123.906435868
avx2_fma,2700,0xAA,97,0.520033283,0.000164543,67.826181000,3.581839000,64.244342000,130.426615370,123.538904302
avx2_fma,2700,0xAA,98,0.520094611,0.000322827,68.090219000,3.584280000,64.505939000,130.918908888,124.027316621
avx2_fma,2700,0xAA,99,0.520070058,0.000285991,67.989267000,3.576529000,64.412738000,130.730977510,123.853963639
avx2_fma,2900,0x00,0,0.488519648,0.022156136,77.910262000,4.152516000,73.757746000,159.482351196,150.982148552
avx2_fma,2900,0x00,1,0.484142429,0.000199206,66.729444000,3.336418000,63.393026000,137.830192145,130.938794489
avx2_fma,2900,0x00,2,0.488232351,0.020674156,76.896288000,4.099293000,72.796995000,157.499370496,149.103177600
avx2_fma,2900,0x00,3,0.484245683,0.000326563,66.930736000,3.352714000,63.578022000,138.216484698,131.292904129
avx2_fma,2900,0x00,4,0.484218737,0.000195634,66.745862000,3.319388000,63.426474000,137.842377668,130.987236082
avx2_fma,2900,0x00,5,0.484308898,0.000255780,66.746839000,3.340934000,63.405905000,137.818733644,130.920380104
avx2_fma,2900,0x00,6,0.486634607,0.012123442,72.735471000,3.783254000,68.952217000,149.466293659,141.691971921
avx2_fma,2900,0x00,7,0.484240542,0.000291769,66.738293000,3.331229000,63.407064000,137.820539882,130.941254263
avx2_fma,2900,0x00,8,0.484400449,0.000535394,67.175487000,3.355277000,63.820210000,138.677590315,131.750930755
avx2_fma,2900,0x00,9,0.484311983,0.000227395,66.769970000,3.346427000,63.423543000,137.865616172,130.955964717
avx2_fma,2900,0x00,10,0.484378133,0.000180273,66.828076000,3.344108000,63.483968000,137.966748367,131.062828120
avx2_fma,2900,0x00,11,0.484348983,0.000268387,66.897412000,3.352103000,63.545309000,138.118204690,131.197362247
avx2_fma,2900,0x00,12,0.484379320,0.000169561,66.840710000,3.317252000,63.523458000,137.992493187,131.144034006
avx2_fma,2900,0x00,13,0.484184829,0.000311766,67.009533000,3.363639000,63.645894000,138.396597646,131.449583207
avx2_fma,2900,0x00,14,0.484168751,0.000196209,66.631177000,3.336967000,63.294210000,137.619738651,130.727581749
avx2_fma,2900,0x00,15,0.487375904,0.016366915,75.091788000,3.947134000,71.144654000,154.073657259,145.974910548
avx2_fma,2900,0x00,16,0.484084231,0.000142169,66.592848000,3.336783000,63.256065000,137.564588363,130.671608206
avx2_fma,2900,0x00,17,0.484148012,0.000240384,66.856824000,3.342765000,63.514059000,138.091703949,131.187276142
avx2_fma,2900,0x00,18,0.484351597,0.000532107,67.079967000,3.352958000,63.727009000,138.494365395,131.571795048
avx2_fma,2900,0x00,19,0.484370957,0.000231824,66.817334000,3.346061000,63.471273000,137.946615282,131.038560712
avx2_fma,2900,0x00,20,0.484317340,0.000229722,66.782117000,3.329399000,63.452718000,137.889171943,131.014755680
avx2_fma,2900,0x00,21,0.484425637,0.000253469,66.910901000,3.329521000,63.581380000,138.124194837,131.251063547
avx2_fma,2900,0x00,22,0.484197524,0.000206845,66.812512000,3.329520000,63.482992000,137.986066893,131.109699642
avx2_fma,2900,0x00,23,0.484312285,0.000314681,66.551770000,3.340446000,63.211324000,137.414994502,130.517696823
avx2_fma,2900,0x00,24,0.484241278,0.000263378,66.928479000,3.340873000,63.587606000,138.213080899,131.313890045
avx2_fma,2900,0x00,25,0.486272654,0.010422372,71.977232000,3.726431000,68.250801000,148.018259731,140.355005445
avx2_fma,2900,0x00,26,0.484175096,0.000177431,66.760327000,3.332999000,63.427328000,137.884677561,131.000806360
avx2_fma,2900,0x00,27,0.484274795,0.000222081,66.804456000,3.342216000,63.462240000,137.947414885,131.045928295
avx2_fma,2900,0x00,28,0.484309644,0.000263812,66.928906000,3.350273000,63.578633000,138.194452420,131.276826384
avx2_fma,2900,0x00,29,0.484418468,0.000481843,67.278636000,3.348624000,63.930012000,138.885365514,131.972697603
avx2_fma,2900,0x00,30,0.484233783,0.000253041,67.055736000,3.350150000,63.705586000,138.478021172,131.559565417
avx2_fma,2900,0x00,31,0.484351765,0.000203820,66.884229000,3.339652000,63.544577000,138.090193489,131.195097324
avx2_fma,2900,0x00,32,0.484316194,0.000249510,66.909131000,3.341178000,63.567953000,138.151752643,131.252999219
avx2_fma,2900,0x00,33,0.484336578,0.000166206,66.755079000,3.340019000,63.415060000,137.827870239,130.931800124
avx2_fma,2900,0x00,34,0.484310035,0.000238785,66.966625000,3.343070000,63.623555000,138.272222729,131.369474985
avx2_fma,2900,0x00,35,0.487430562,0.016281910,74.762626000,3.938222000,70.824404000,153.381079860,145.301524935
avx2_fma,2900,0x00,36,0.484125719,0.000209139,66.997570000,3.339347000,63.658223000,138.388784908,131.491099309
avx2_fma,2900,0x00,37,0.484175994,0.000209583,66.573133000,3.312736000,63.260397000,137.497798011,130.655790058
avx2_fma,2900,0x00,38,0.484274773,0.000316658,66.894176000,3.349418000,63.544758000,138.132687619,131.216329007
avx2_fma,2900,0x00,39,0.484451744,0.000570788,67.284191000,3.357657000,63.926534000,138.887292364,131.956453448
avx2_fma,2900,0x00,40,0.484208974,0.000271593,66.931774000,3.345450000,63.586324000,138.229106922,131.320003246
avx2_fma,2900,0x00,41,0.484323171,0.000248086,66.876415000,3.348380000,63.528035000,138.082212547,131.168688267
avx2_fma,2900,0x00,42,0.484358666,0.000190900,66.893567000,3.338858000,63.554709000,138.107505306,131.214146652
avx2_fma,2900,0x00,43,0.484293849,0.000302034,67.105053000,3.348075000,63.756978000,138.562678832,131.649365748
avx2_fma,2900,0x00,44,0.484409605,0.000211919,66.994274000,3.339531000,63.654743000,138.300878685,131.406855597
avx2_fma,2900,0x00,45,0.484199600,0.000224155,66.928479000,3.347586000,63.580893000,138.224977983,131.311329144
avx2_fma,2900,0x00,46,0.484320983,0.000339466,67.027660000,3.336540000,63.691120000,138.395118801,131.506009892
avx2_fma,2900,0x00,47,0.484301882,0.000215344,66.952832000,3.345023000,63.607809000,138.246070288,131.339173732
avx2_fma,2900,0x00,48,0.484399602,0.000178106,67.195567000,3.353385000,63.842182000,138.719286138,131.796520335
avx2_fma,2900,0x00,49,0.484339450,0.000524082,67.112499000,3.357231000,63.755268000,138.565006555,131.633440268
avx2_fma,2900,0x00,50,0.484223873,0.000227094,67.047314000,3.343924000,63.703390000,138.463462364,131.557722711
avx2_fma,2900,0x00,51,0.484362088,0.000230047,66.806347000,3.347159000,63.459188000,137.926457542,131.016009592
avx2_fma,2900,0x00,52,0.484257047,0.000281135,67.049816000,3.350822000,63.698994000,138.459143723,131.539632640
avx2_fma,2900,0x00,53,0.484215842,0.000211341,67.008190000,3.345084000,63.663106000,138.384960039,131.476710232
avx2_fma,2900,0x00,54,0.487467294,0.016413226,74.861991000,3.934560000,70.927431000,153.573361625,145.501927809
avx2_fma,2900,0x00,55,0.484217045,0.000202810,66.902294000,3.337333000,63.564961000,138.165921069,131.273695701
avx2_fma,2900,0x00,56,0.487469337,0.016366481,74.887016000,3.948537000,70.938479000,153.624054422,145.523981867
avx2_fma,2900,0x00,57,0.484207626,0.000172236,66.627759000,3.343009000,63.284750000,137.601630733,130.697549058
avx2_fma,2900,0x00,58,0.484285264,0.000223483,66.807141000,3.339835000,63.467306000,137.949977009,131.053556139
avx2_fma,2900,0x00,59,0.484438809,0.000543883,66.810803000,3.352897000,63.457906000,137.913812260,130.992614091
avx2_fma,2900,0x00,60,0.484284275,0.000252122,66.894421000,3.347282000,63.547139000,138.130483249,131.218670974
avx2_fma,2900,0x00,61,0.484361537,0.000179041,66.493910000,3.336600000,63.157310000,137.281565341,130.392909358
avx2_fma,2900,0x00,62,0.484243640,0.000362216,66.897962000,3.334586000,63.563376000,138.149386888,131.263212815
avx2_fma,2900,0x00,63,0.484278958,0.000284564,66.793470000,3.339591000,63.453879000,137.923543574,131.027536751
avx2_fma,2900,0x00,64,0.484735569,0.002463479,68.112618000,3.438224000,64.674394000,140.514998962,133.422010086
avx2_fma,2900,0x00,65,0.484254337,0.000294381,67.032727000,3.352530000,63.680197000,138.424629143,131.501552271
avx2_fma,2900,0x00,66,0.487492526,0.016399532,75.504567000,3.951040000,71.553527000,154.883537595,146.778715904
avx2_fma,2900,0x00,67,0.484178129,0.000197256,66.952893000,3.349540000,63.603353000,138.281531103,131.363539977
avx2_fma,2900,0x00,68,0.484284384,0.000265850,66.980907000,3.349845000,63.631062000,138.309037321,131.391934256
avx2_fma,2900,0x00,69,0.484409779,0.000568390,67.232982000,3.362662000,63.870320000,138.793610212,131.851838703
avx2_fma,2900,0x00,70,0.486871554,0.013400629,73.491999000,3.828848000,69.663151000,150.947407839,143.083222779
avx2_fma,2900,0x00,71,0.484231191,0.000189664,66.791822000,3.339469000,63.452353000,137.933745814,131.037310676
avx2_fma,2900,0x00,72,0.484341181,0.000272090,66.945873000,3.347160000,63.598713000,138.220485158,131.309736842
avx2_fma,2900,0x00,73,0.485849360,0.008242826,71.068178000,3.645925000,67.422253000,146.276158638,138.771929337
avx2_fma,2900,0x00,74,0.484249084,0.000213725,66.878613000,3.345329000,63.533284000,138.107877072,131.199595552
avx2_fma,2900,0x00,75,0.484368270,0.000134447,66.798046000,3.334891000,63.463155000,137.907559449,131.022527530
avx2_fma,2900,0x00,76,0.484253754,0.000289661,66.962475000,3.338310000,63.624165000,138.279722981,131.386002550
avx2_fma,2900,0x00,77,0.484236340,0.000209160,66.628065000,3.333243000,63.294822000,137.594103387,130.710598936
avx2_fma,2900,0x00,78,0.484257538,0.000265547,66.836499000,3.344962000,63.491537000,138.018499881,131.111096825
avx2_fma,2900,0x00,79,0.484408937,0.000555667,67.071667000,3.338797000,63.732870000,138.460837182,131.568319842
avx2_fma,2900,0x00,80,0.484285903,0.000259434,66.998669000,3.352714000,63.645955000,138.345280380,131.422274815
avx2_fma,2900,0x00,81,0.487435902,0.016281901,74.822135000,3.940176000,70.881959000,153.501485355,145.418010211
avx2_fma,2900,0x00,82,0.484163917,0.000200451,66.571302000,3.334891000,63.236411000,137.497445902,130.609507990
avx2_fma,2900,0x00,83,0.484315548,0.000306951,66.993786000,3.343803000,63.649983000,138.326730013,131.422547366
avx2_fma,2900,0x00,84,0.485006749,0.003703515,68.632698000,3.479178000,65.153520000,141.508748387,134.335285321
avx2_fma,2900,0x00,85,0.484247887,0.000232736,67.041027000,3.341788000,63.699239000,138.443612735,131.542626512
avx2_fma,2900,0x00,86,0.484329988,0.000286439,66.916943000,3.351371000,63.565572000,138.163947377,131.244344871
avx2_fma,2900,0x00,87,0.484337000,0.000227713,66.901684000,3.334648000,63.567036000,138.130442193,131.245467477
avx2_fma,2900,0x00,88,0.484313320,0.000255785,66.958507000,3.345450000,63.613057000,138.254522787,131.346907698
avx2_fma,2900,0x00,89,0.484443710,0.000540125,67.060802000,3.352652000,63.708150000,138.428471007,131.507848582
avx2_fma,2900,0x00,90,0.484307363,0.000241332,67.057812000,3.343742000,63.714070000,138.461268790,131.557095421
avx2_fma,2900,0x00,91,0.484347405,0.000184551,66.522962000,3.336966000,63.185996000,137.345552742,130.455940103
avx2_fma,2900,0x00,92,0.484260257,0.000279846,67.045971000,3.349417000,63.696554000,138.450285916,131.533722037
avx2_fma,2900,0x00,93,0.484314501,0.000151794,66.879407000,3.340263000,63.539144000,138.090862028,131.193973767
avx2_fma,2900,0x00,94,0.484331815,0.000329353,66.958447000,3.349356000,63.609091000,138.249119614,131.333703576
avx2_fma,2900,0x00,95,0.484291435,0.000168676,66.989941000,3.341239000,63.648702000,138.325677700,131.426445634
avx2_fma,2900,0x00,96,0.484343129,0.000247829,66.822949000,3.340568000,63.482381000,137.966133851,131.069023521
avx2_fma,2900,0x00,97,0.484302483,0.000177812,66.974071000,3.345207000,63.628864000,138.289753483,131.382485573
avx2_fma,2900,0x00,98,0.484373472,0.000192440,66.790357000,3.344046000,63.446311000,137.890204327,130.986345642
avx2_fma,2900,0x00,99,0.484282786,0.000504481,67.121593000,3.352592000,63.769001000,138.599997514,131.677199319
avx2_fma,2900,0xAA,0,0.484406139,0.000397555,67.010632000,3.357169000,63.653463000,138.335637504,131.405153490
avx2_fma,2900,0xAA,1,0.484283122,0.000239995,66.680554000,3.331779000,63.348775000,137.689196732,130.809380254
avx2_fma,2900,0xAA,2,0.484299685,0.000315041,67.052013000,3.351188000,63.700825000,138.451490123,131.531832509
avx2_fma,2900,0xAA,3,0.484329289,0.000230469,66.875561000,3.332389000,63.543172000,138.078705043,131.198284887
avx2_fma,2900,0xAA,4,0.484312468,0.000236485,66.848339000,3.348868000,63.499471000,138.027293024,131.112608357
avx2_fma,2900,0xAA,5,0.484387192,0.000187750,67.077404000,3.347282000,63.730122000,138.478896878,131.568553137
avx2_fma,2900,0xAA,6,0.484307093,0.000228947,66.907544000,3.351371000,63.556173000,138.151071886,131.231142259
avx2_fma,2900,0xAA,7,0.484276524,0.000160181,66.859387000,3.334159000,63.525228000,138.060351381,131.175526620
avx2_fma,2900,0xAA,8,0.484402008,0.000199049,66.988781000,3.349418000,63.639363000,138.291708040,131.377166093
avx2_fma,2900,0xAA,9,0.484100732,0.000183837,66.878064000,3.337821000,63.540243000,138.149066142,131.254176749
avx2_fma,2900,0xAA,10,0.484190102,0.000350400,66.988598000,3.339225000,63.649373000,138.351853472,131.455337024
avx2_fma,2900,0xAA,11,0.484309600,0.000599249,67.153819000,3.366874000,63.786945000,138.658864205,131.706959879
avx2_fma,2900,0xAA,12,0.484252484,0.000232777,66.957410000,3.307487000,63.649923000,138.269626356,131.439538519
avx2_fma,2900,0xAA,13,0.484315452,0.000249346,66.971935000,3.342398000,63.629537000,138.281639929,131.380356926
avx2_fma,2900,0xAA,14,0.484294134,0.000231989,66.928601000,3.340873000,63.587728000,138.198248401,131.299810516
avx2_fma,2900,0xAA,15,0.484299306,0.000276555,66.852490000,3.338919000,63.513571000,138.039615608,131.145286088
avx2_fma,2900,0xAA,16,0.484318709,0.000251567,66.909862000,3.349479000,63.560383000,138.152544455,131.236687321
avx2_fma,2900,0xAA,17,0.484305247,0.000187923,66.722913000,3.344107000,63.378806000,137.770369831,130.865412636
avx2_fma,2900,0xAA,18,0.484350839,0.000361080,66.865063000,3.350456000,63.514607000,138.050887209,131.133471707
avx2_fma,2900,0xAA,19,0.484260810,0.000235777,66.971692000,3.339652000,63.632040000,138.296741510,131.400350280
avx2_fma,2900,0xAA,20,0.484260183,0.000268123,67.047924000,3.338858000,63.709066000,138.454339804,131.559579273
avx2_fma,2900,0xAA,21,0.484460362,0.000449466,66.975476000,3.343253000,63.632223000,138.247586930,131.346603356
avx2_fma,2900,0xAA,22,0.487422460,0.016278978,75.002066000,3.937246000,71.064820000,153.874866635,145.797179773
avx2_fma,2900,0xAA,23,0.484248791,0.000185072,66.759106000,3.338553000,63.420553000,137.861172275,130.966879378
avx2_fma,2900,0xAA,24,0.484285456,0.000238044,67.068370000,3.342642000,63.725728000,138.489333489,131.587119186
avx2_fma,2900,0xAA,25,0.484309110,0.000143517,66.636365000,3.339103000,63.297262000,137.590566921,130.695997045
avx2_fma,2900,0xAA,26,0.484150858,0.000403092,67.155651000,3.348625000,63.807026000,138.708111017,131.791620128
avx2_fma,2900,0xAA,27,0.484161098,0.000185980,66.739392000,3.343070000,63.396322000,137.845424243,130.940553092
avx2_fma,2900,0xAA,28,0.484267758,0.000280780,67.163891000,3.340384000,63.823507000,138.691642849,131.793839017
avx2_fma,2900,0xAA,29,0.484296109,0.000170613,66.784009000,3.333976000,63.450033000,137.899123582,131.014955121
avx2_fma,2900,0xAA,30,0.484350353,0.000242279,66.845593000,3.338004000,63.507589000,138.010827413,131.119113640
avx2_fma,2900,0xAA,31,0.484437653,0.000482197,67.170116000,3.352836000,63.817280000,138.655852975,131.734764206
avx2_fma,2900,0xAA,32,0.484261616,0.000261848,66.956066000,3.341666000,63.614400000,138.264243465,131.363704813
avx2_fma,2900,0xAA,33,0.484287609,0.000206247,66.954601000,3.338614000,63.615987000,138.253797445,131.359931202
avx2_fma,2900,0xAA,34,0.484347444,0.000231621,67.034253000,3.344718000,63.689535000,138.401170009,131.495552898
avx2_fma,2900,0xAA,35,0.484239879,0.000209239,67.009777000,3.337577000,63.672200000,138.381368316,131.488964061
avx2_fma,2900,0xAA,36,0.484363514,0.000368379,66.922070000,3.342642000,63.579428000,138.164969285,131.263867313
avx2_fma,2900,0xAA,37,0.484326345,0.000126126,66.636976000,3.316214000,63.320762000,137.586932277,130.739867203
avx2_fma,2900,0xAA,38,0.484336904,0.000235474,66.816663000,3.347159000,63.469504000,137.954928672,131.044121391
avx2_fma,2900,0xAA,39,0.484146859,0.000192531,66.848034000,3.343070000,63.504964000,138.073877402,131.168803166
avx2_fma,2900,0xAA,40,0.484311983,0.000285386,66.931835000,3.341544000,63.590291000,138.199832668,131.300263552
avx2_fma,2900,0xAA,41,0.488271406,0.019907862,77.423752000,4.073537000,73.350215000,158.567040970,150.224268995
avx2_fma,2900,0xAA,42,0.484206998,0.000379833,67.074718000,3.349356000,63.725362000,138.524883525,131.607684860
avx2_fma,2900,0xAA,43,0.484264522,0.000187548,66.796643000,3.335685000,63.460958000,137.934207452,131.046060891
avx2_fma,2900,0xAA,44,0.484409004,0.000182614,66.971325000,3.340445000,63.630880000,138.253675069,131.357756590
avx2_fma,2900,0xAA,45,0.484331378,0.000187100,66.830212000,3.321158000,63.509054000,137.984477363,131.127275551
avx2_fma,2900,0xAA,46,0.485522302,0.006190782,69.747014000,3.570853000,66.176161000,143.653574009,136.298910830
avx2_fma,2900,0xAA,47,0.484167133,0.000178614,66.813183000,3.342032000,63.471151000,137.996114389,131.093473182
avx2_fma,2900,0xAA,48,0.484228908,0.000267578,66.799145000,3.340201000,63.458944000,137.949518993,131.051539665
avx2_fma,2900,0xAA,49,0.484243053,0.000178375,66.833691000,3.339835000,63.493856000,138.016829651,131.119807635
avx2_fma,2900,0xAA,50,0.484323581,0.000314484,66.927380000,3.345450000,63.581930000,138.187324696,131.279855953
avx2_fma,2900,0xAA,51,0.484418257,0.000521775,67.055919000,3.353995000,63.701924000,138.425664240,131.501905791
avx2_fma,2900,0xAA,52,0.484223181,0.000181431,66.873242000,3.335440000,63.537802000,138.104173002,131.215944332
avx2_fma,2900,0xAA,53,0.484309541,0.000262897,66.874707000,3.335319000,63.539388000,138.082571865,131.195821310
avx2_fma,2900,0xAA,54,0.484342173,0.000212515,66.922131000,3.347159000,63.574972000,138.171182887,131.260450795
avx2_fma,2900,0xAA,55,0.484203168,0.000262061,66.869824000,3.346611000,63.523213000,138.102822232,131.191237957
avx2_fma,2900,0xAA,56,0.484340731,0.000298982,66.828992000,3.349051000,63.479941000,137.979293724,131.064634715
avx2_fma,2900,0xAA,57,0.484309423,0.000248262,67.034680000,3.353202000,63.681478000,138.412917127,131.489240151
avx2_fma,2900,0xAA,58,0.484288466,0.000180985,66.622327000,3.336905000,63.285422000,137.567445296,130.677120135
avx2_fma,2900,0xAA,59,0.484370243,0.000323553,67.043651000,3.347465000,63.696186000,138.414058108,131.503094756
avx2_fma,2900,0xAA,60,0.484319315,0.000223194,67.042919000,3.351859000,63.691060000,138.427101662,131.506339060
avx2_fma,2900,0xAA,61,0.484329606,0.000257392,67.004528000,3.353690000,63.650838000,138.344893871,131.420497849
avx2_fma,2900,0xAA,62,0.484496502,0.000513848,67.035107000,3.344290000,63.690817000,138.360352960,131.457743783
avx2_fma,2900,0xAA,63,0.484269629,0.000235292,66.960156000,3.347160000,63.612996000,138.270401395,131.358632003
avx2_fma,2900,0xAA,64,0.484332333,0.000230802,67.062206000,3.350943000,63.711263000,138.463202612,131.544517301
avx2_fma,2900,0xAA,65,0.484316200,0.000225553,67.010632000,3.349296000,63.661336000,138.361326651,131.445811544
avx2_fma,2900,0xAA,66,0.484342458,0.000172035,66.846630000,3.334342000,63.512288000,138.015218150,131.130952802
avx2_fma,2900,0xAA,67,0.488475846,0.021946029,77.771773000,4.155568000,73.616205000,159.213139569,150.705926702
avx2_fma,2900,0xAA,68,0.484082620,0.000178255,66.850537000,3.343742000,63.506795000,138.097370570,131.189991829
avx2_fma,2900,0xAA,69,0.484217391,0.000273356,66.794263000,3.341056000,63.453207000,137.942718035,131.042808896
avx2_fma,2900,0xAA,70,0.484195763,0.000209980,66.442030000,3.317435000,63.124595000,137.221419656,130.369986304
avx2_fma,2900,0xAA,71,0.484297797,0.000390236,67.187267000,3.354605000,63.832662000,138.731308291,131.804568133
avx2_fma,2900,0xAA,72,0.484412664,0.000575671,67.165783000,3.367789000,63.797994000,138.654060890,131.701746776
avx2_fma,2900,0xAA,73,0.484320975,0.000224071,67.061657000,3.347770000,63.713887000,138.465316282,131.553020155
avx2_fma,2900,0xAA,74,0.484346146,0.000206860,66.925549000,3.344230000,63.581319000,138.177106513,131.272478433
avx2_fma,2900,0xAA,75,0.486581115,0.011645093,72.631162000,3.768728000,68.862434000,149.268353823,141.523030616
avx2_fma,2900,0xAA,76,0.484180889,0.000242184,66.981762000,3.352408000,63.629354000,138.340367373,131.416492270
avx2_fma,2900,0xAA,77,0.484291434,0.000258093,67.002087000,3.351188000,63.650899000,138.350758088,131.430982585
avx2_fma,2900,0xAA,78,0.484284840,0.000162112,66.813000000,3.326164000,63.486836000,137.962196099,131.093998443
avx2_fma,2900,0xAA,79,0.484344342,0.000241733,66.849804000,3.352775000,63.497029000,138.021234457,131.098938255
avx2_fma,2900,0xAA,80,0.484342280,0.000224151,66.933118000,3.340323000,63.592795000,138.193836693,131.297220116
avx2_fma,2900,0xAA,81,0.484327669,0.000274575,66.961010000,3.350028000,63.610982000,138.255594881,131.338732158
avx2_fma,2900,0xAA,82,0.484413906,0.000542054,67.096080000,3.365348000,63.730732000,138.509814104,131.562556889
avx2_fma,2900,0xAA,83,0.487317279,0.015389739,74.587943000,3.910451000,70.677492000,153.058276754,145.033831149
avx2_fma,2900,0xAA,84,0.484281187,0.000200427,66.934155000,3.348502000,63.585653000,138.213411499,131.299035949
avx2_fma,2900,0xAA,85,0.484309386,0.000260874,66.961316000,3.347830000,63.613486000,138.261445969,131.348860550
avx2_fma,2900,0xAA,86,0.484293503,0.000170164,66.628065000,3.328422000,63.299643000,137.577862632,130.705125375
avx2_fma,2900,0xAA,87,0.484309392,0.000220341,66.898877000,3.336539000,63.562338000,138.132520502,131.243248776
avx2_fma,2900,0xAA,88,0.484293161,0.000184067,66.882214000,3.344901000,63.537313000,138.102742991,131.195973978
avx2_fma,2900,0xAA,89,0.484304394,0.000264463,66.981091000,3.342277000,63.638814000,138.303702877,131.402512135
avx2_fma,2900,0xAA,90,0.484277542,0.000197047,66.840954000,3.342093000,63.498861000,138.021998270,131.120804815
avx2_fma,2900,0xAA,91,0.484447276,0.000323166,67.041699000,3.354972000,63.686727000,138.388019217,131.462658784
avx2_fma,2900,0xAA,92,0.484414959,0.000499355,67.199657000,3.357901000,63.841756000,138.723331745,131.791462816
avx2_fma,2900,0xAA,93,0.484320792,0.000242939,66.825574000,3.335380000,63.490194000,137.977916918,131.091200396
avx2_fma,2900,0xAA,94,0.484316252,0.000213347,66.905529000,3.339347000,63.566182000,138.144298616,131.249326615
avx2_fma,2900,0xAA,95,0.484412016,0.000165793,66.993115000,3.333000000,63.660115000,138.297797665,131.417291219
avx2_fma,2900,0xAA,96,0.484173358,0.000208555,66.775280000,3.326041000,63.449239000,137.916056020,131.046530997
avx2_fma,2900,0xAA,97,0.484322578,0.000311442,67.021130000,3.357108000,63.664022000,138.381180424,131.449626631
avx2_fma,2900,0xAA,98,0.484284726,0.000185687,66.946911000,3.341422000,63.605489000,138.238741264,131.339035745
avx2_fma,2900,0xAA,99,0.484345477,0.000405317,67.131847000,3.353873000,63.777974000,138.603228940,131.678681977
avx2_fma,3100,0x00,0,0.468317120,0.000433283,66.138198000,3.232779000,62.905419000,141.225240676,134.322270742
avx2_fma,3100,0x00,1,0.468226976,0.000223305,65.782058000,3.203544000,62.578514000,140.491815597,133.649954358
avx2_fma,3100,0x00,2,0.468163712,0.000441691,65.833388000,3.216361000,62.617027000,140.620441680,133.750278710
avx2_fma,3100,0x00,3,0.468157318,0.000235610,65.133439000,3.204521000,61.928918000,139.127247520,132.282281352
avx2_fma,3100,0x00,4,0.468156093,0.000239760,65.182084000,3.216423000,61.965661000,139.231519133,132.361111914
avx2_fma,3100,0x00,5,0.468218571,0.000270150,65.399552000,3.220634000,62.178918000,139.677398710,132.798914599
avx2_fma,3100,0x00,6,0.472282008,0.021038182,75.516713000,3.979787000,71.536926000,159.897501204,151.470783841
avx2_fma,3100,0x00,7,0.468102204,0.000401413,65.363358000,3.214958000,62.148400000,139.634800684,132.766732193
avx2_fma,3100,0x00,8,0.468162113,0.000373367,65.612198000,3.220878000,62.391320000,140.148457528,133.268622721
avx2_fma,3100,0x00,9,0.468308100,0.000741988,65.955093000,3.210441000,62.744652000,140.836968087,133.981564568
avx2_fma,3100,0x00,10,0.468299002,0.000561994,65.804641000,3.251396000,62.553245000,140.518431140,133.575439612
avx2_fma,3100,0x00,11,0.468190818,0.000320349,65.463089000,3.226066000,62.237023000,139.821385743,132.930891795
avx2_fma,3100,0x00,12,0.472296573,0.020942600,75.939380000,3.990957000,71.948423000,160.787489009,152.337381110
avx2_fma,3100,0x00,13,0.468134696,0.000514280,65.696793000,3.235343000,62.461450000,140.337372067,133.426235105
avx2_fma,3100,0x00,14,0.468057393,0.000205086,65.292008000,3.216362000,62.075646000,139.495730729,132.624005058
avx2_fma,3100,0x00,15,0.468160326,0.000290442,65.413101000,3.219047000,62.194054000,139.723717297,132.847767280
avx2_fma,3100,0x00,16,0.468207345,0.000261380,65.283951000,3.226005000,62.057946000,139.433846461,132.543726011
avx2_fma,3100,0x00,17,0.468215578,0.000287668,65.590774000,3.199455000,62.391319000,140.086697436,133.253402794
avx2_fma,3100,0x00,18,0.468217118,0.000231609,64.882585000,3.196097000,61.686488000,138.573714022,131.747613741
avx2_fma,3100,0x00,19,0.468273278,0.000477091,65.220048000,3.222526000,61.997522000,139.277748762,132.396027874
avx2_fma,3100,0x00,20,0.468353283,0.000527582,65.531265000,3.234977000,62.296288000,139.918448997,133.011319028
avx2_fma,3100,0x00,21,0.468252920,0.000471794,65.206315000,3.240531000,61.965784000,139.254476074,132.334004543
avx2_fma,3100,0x00,22,0.472330826,0.021022542,75.344168000,3.991018000,71.353150000,159.515669698,151.066045448
avx2_fma,3100,0x00,23,0.468116896,0.000565705,64.891252000,3.238151000,61.653101000,138.621896561,131.704498312
avx2_fma,3100,0x00,24,0.468440964,0.001298023,65.952651000,3.248160000,62.704491000,140.791809423,133.857830019
avx2_fma,3100,0x00,25,0.468150306,0.000306325,65.518448000,3.214958000,62.303490000,139.951735907,133.084373100
avx2_fma,3100,0x00,26,0.468255206,0.000556702,65.672378000,3.210685000,62.461693000,140.249114379,133.392415391
avx2_fma,3100,0x00,27,0.468194600,0.000374231,65.769424000,3.235465000,62.533959000,140.474546364,133.564033081
avx2_fma,3100,0x00,28,0.468173412,0.000236156,65.341996000,3.210990000,62.131006000,139.567934349,132.709385958
avx2_fma,3100,0x00,29,0.468254881,0.000327572,65.779922000,3.222221000,62.557701000,140.478881736,133.597541822
avx2_fma,3100,0x00,30,0.468312452,0.000574404,65.732925000,3.236319000,62.496606000,140.361258289,133.450660486
avx2_fma,3100,0x00,31,0.468187607,0.000211277,65.854019000,3.227836000,62.626183000,140.657330610,133.763008861
avx2_fma,3100,0x00,32,0.468211600,0.000278742,65.765395000,3.216056000,62.549339000,140.460840879,133.592031985
avx2_fma,3100,0x00,33,0.468247282,0.000217520,65.319840000,3.202445000,62.117395000,139.498599524,132.659382028
avx2_fma,3100,0x00,34,0.468252887,0.000286741,65.994887000,3.214469000,62.780418000,140.938558795,134.073744735
avx2_fma,3100,0x00,35,0.468836424,0.003106631,66.948376000,3.307425000,63.640951000,142.796874611,135.742335260
avx2_fma,3100,0x00,36,0.468134134,0.000348262,65.197221000,3.224479000,61.972742000,139.270384874,132.382446639
avx2_fma,3100,0x00,37,0.468218105,0.000344430,65.296586000,3.225517000,62.071069000,139.457627295,132.568707443
avx2_fma,3100,0x00,38,0.468172545,0.000263578,65.417496000,3.215812000,62.201684000,139.729458068,132.860597358
avx2_fma,3100,0x00,39,0.472250570,0.021030436,75.814320000,3.968313000,71.846007000,160.538334469,152.135352557
avx2_fma,3100,0x00,40,0.468069165,0.000371591,65.221818000,3.210441000,62.011377000,139.342265933,132.483362927
avx2_fma,3100,0x00,41,0.471275007,0.015048540,73.166377000,3.783377000,69.383000000,155.251977913,147.224017714
avx2_fma,3100,0x00,42,0.468077731,0.000265378,65.728958000,3.219779000,62.509179000,140.423168262,133.544441107
avx2_fma,3100,0x00,43,0.468177125,0.000286026,65.615494000,3.190727000,62.424767000,140.151003843,133.335790472
avx2_fma,3100,0x00,44,0.468230874,0.000479729,65.290482000,3.227653000,62.062829000,139.440787911,132.547494071
avx2_fma,3100,0x00,45,0.468226433,0.000344279,65.244706000,3.236930000,62.007776000,139.344345678,132.431173399
avx2_fma,3100,0x00,46,0.468233127,0.000253293,65.226884000,3.230399000,61.996485000,139.304291599,132.405166320
avx2_fma,3100,0x00,47,0.468205150,0.000206116,65.067399000,3.216484000,61.850915000,138.971984908,132.102167261
avx2_fma,3100,0x00,48,0.468181185,0.000320395,65.099748000,3.220878000,61.878870000,139.048193617,132.168639064
avx2_fma,3100,0x00,49,0.468121927,0.000257853,65.169144000,3.220390000,61.948754000,139.214038717,132.334655766
avx2_fma,3100,0x00,50,0.468182830,0.000390529,65.555069000,3.232902000,62.322167000,140.020233015,133.115020370
avx2_fma,3100,0x00,51,0.468396738,0.000832001,66.135206000,3.247490000,62.887716000,141.194847658,134.261643945
avx2_fma,3100,0x00,52,0.468280835,0.000393832,65.725417000,3.214530000,62.510887000,140.354701907,133.490167294
avx2_fma,3100,0x00,53,0.468282155,0.000359810,65.326614000,3.226310000,62.100304000,139.502676607,132.613005568
avx2_fma,3100,0x00,54,0.468180873,0.000195195,65.404252000,3.213126000,62.191126000,139.698684327,132.835682900
avx2_fma,3100,0x00,55,0.468246243,0.000270270,64.982805000,3.218376000,61.764429000,138.779127385,131.905872024
avx2_fma,3100,0x00,56,0.468201414,0.000213857,65.231034000,3.219658000,62.011376000,139.322590652,132.445939063
avx2_fma,3100,0x00,57,0.468262313,0.000259658,65.217057000,3.213310000,62.003747000,139.274622620,132.412421868
avx2_fma,3100,0x00,58,0.468290785,0.000326212,65.494949000,3.222282000,62.272667000,139.859572477,132.978629904
avx2_fma,3100,0x00,59,0.468307142,0.000658835,66.044814000,3.218559000,62.826255000,141.028842125,134.156089798
avx2_fma,3100,0x00,60,0.468211070,0.000211449,65.211442000,3.209098000,62.002344000,139.277873065,132.423917223
avx2_fma,3100,0x00,61,0.468250236,0.000364915,65.310502000,3.206351000,62.104151000,139.477776974,132.630260940
avx2_fma,3100,0x00,62,0.468343570,0.000571094,65.782851000,3.226615000,62.556236000,140.458533337,133.569114534
avx2_fma,3100,0x00,63,0.468179575,0.000361847,65.460160000,3.230949000,62.229211000,139.818487511,132.917398323
avx2_fma,3100,0x00,64,0.468245023,0.000294128,65.490738000,3.225456000,62.265282000,139.864247922,132.975854365
avx2_fma,3100,0x00,65,0.468223303,0.000298753,65.303910000,3.228325000,62.075585000,139.471721125,132.576880615
avx2_fma,3100,0x00,66,0.468227501,0.000230243,65.458939000,3.211784000,62.247155000,139.801568479,132.942116620
avx2_fma,3100,0x00,67,0.468243692,0.000290160,65.114701000,3.221610000,61.893091000,139.061565736,132.181366274
avx2_fma,3100,0x00,68,0.468232179,0.000258202,65.444108000,3.196647000,62.247461000,139.768497190,132.941441847
avx2_fma,3100,0x00,69,0.471221187,0.015621119,72.626645000,3.755484000,68.871161000,154.124319826,146.154635737
avx2_fma,3100,0x00,70,0.468069969,0.000212791,65.091691000,3.213920000,61.877771000,139.064018782,132.197694918
avx2_fma,3100,0x00,71,0.468232554,0.000302567,65.073075000,3.223747000,61.849328000,138.975973592,132.091046486
avx2_fma,3100,0x00,72,0.468346095,0.000516963,65.412369000,3.228751000,62.183618000,139.666733124,132.772790722
avx2_fma,3100,0x00,73,0.468211201,0.000233437,65.389481000,3.215996000,62.173485000,139.658087665,132.789401075
avx2_fma,3100,0x00,74,0.468230685,0.000234612,64.988481000,3.205741000,61.782740000,138.795860911,131.949361730
avx2_fma,3100,0x00,75,0.470368248,0.010983562,70.647707000,3.628836000,67.018871000,150.196590260,142.481707259
avx2_fma,3100,0x00,76,0.467900306,0.000132117,65.437516000,3.195732000,62.241784000,139.853543951,133.023601847
avx2_fma,3100,0x00,77,0.467957501,0.000214784,64.816484000,3.217704000,61.598780000,138.509338545,131.633278241
avx2_fma,3100,0x00,78,0.468093091,0.000475407,65.062578000,3.196525000,61.866053000,138.994954830,132.166131539
avx2_fma,3100,0x00,79,0.468037969,0.000265924,65.147965000,3.209464000,61.938501000,139.193760624,132.336487895
avx2_fma,3100,0x00,80,0.468051245,0.000301277,65.187333000,3.215507000,61.971826000,139.273922795,132.403933595
avx2_fma,3100,0x00,81,0.468086595,0.000369176,65.051164000,3.213065000,61.838099000,138.972499457,132.108246052
avx2_fma,3100,0x00,82,0.468185704,0.000271022,65.108659000,3.210807000,61.897852000,139.065884379,132.207906932
avx2_fma,3100,0x00,83,0.468345642,0.000552518,65.948439000,3.226066000,62.722373000,140.811471424,133.923255307
avx2_fma,3100,0x00,84,0.468250165,0.000645532,65.459061000,3.228202000,62.230859000,139.795062293,132.900879994
avx2_fma,3100,0x00,85,0.468211996,0.000219407,65.162248000,3.207939000,61.954309000,139.172530000,132.321063078
avx2_fma,3100,0x00,86,0.468269212,0.000315371,65.129045000,3.225333000,61.903712000,139.084619244,132.196844178
avx2_fma,3100,0x00,87,0.468171087,0.000218961,64.916277000,3.196586000,61.719691000,138.659303953,131.831488030
avx2_fma,3100,0x00,88,0.468265093,0.000339717,64.966509000,3.215934000,61.750575000,138.738740066,131.870976381
avx2_fma,3100,0x00,89,0.468246925,0.000382321,65.088517000,3.230643000,61.857874000,139.004686427,132.105243363
avx2_fma,3100,0x00,90,0.468219907,0.000263707,65.321488000,3.219535000,62.101953000,139.510274987,132.634157695
avx2_fma,3100,0x00,91,0.468257617,0.000490168,65.191605000,3.221733000,61.969872000,139.221664781,132.341407243
avx2_fma,3100,0x00,92,0.468224486,0.000286198,65.392350000,3.235709000,62.156641000,139.660252636,132.749659326
avx2_fma,3100,0x00,93,0.468335540,0.000438510,66.177687000,3.232902000,62.944785000,141.304003866,134.401042801
avx2_fma,3100,0x00,94,0.468172486,0.000397062,65.669876000,3.234977000,62.434899000,140.268550585,133.358753238
avx2_fma,3100,0x00,95,0.468247615,0.000363763,65.160661000,3.211235000,61.949426000,139.158554101,132.300569350
avx2_fma,3100,0x00,96,0.468200503,0.000246873,65.369584000,3.216850000,62.152734000,139.618782127,132.748114581
avx2_fma,3100,0x00,97,0.468230951,0.000288988,65.243241000,3.227287000,62.015954000,139.339872324,132.447361289
avx2_fma,3100,0x00,98,0.472219097,0.020642093,75.738759000,3.988271000,71.750488000,160.389021806,151.943215552
avx2_fma,3100,0x00,99,0.468185058,0.000792709,65.367691000,3.230400000,62.137291000,139.619344772,132.719509020
avx2_fma,3100,0xAA,0,0.468327810,0.000938257,65.965408000,3.247367000,62.718041000,140.853066006,133.919104522
avx2_fma,3100,0xAA,1,0.468152025,0.000239867,64.920854000,3.221488000,61.699366000,138.674726579,131.793440520
avx2_fma,3100,0xAA,2,0.468321850,0.000610967,65.311234000,3.239493000,62.071741000,139.458011515,132.540775009
avx2_fma,3100,0xAA,3,0.468164003,0.000218189,65.179093000,3.193718000,61.985375000,139.222777856,132.400984683
avx2_fma,3100,0xAA,4,0.468456191,0.001406811,65.642166000,3.269157000,62.373009000,140.124449855,133.145874131
avx2_fma,3100,0xAA,5,0.468349185,0.000878418,65.682938000,3.251090000,62.431848000,140.243519502,133.301925266
avx2_fma,3100,0xAA,6,0.468166355,0.000280850,64.996598000,3.223442000,61.773156000,138.832270285,131.947021137
avx2_fma,3100,0xAA,7,0.468292030,0.000422105,65.314774000,3.228202000,62.086572000,139.474451508,132.580885539
avx2_fma,3100,0xAA,8,0.468222585,0.000363588,65.621902000,3.226798000,62.395104000,140.151082150,133.259492334
avx2_fma,3100,0xAA,9,0.468224551,0.000303158,65.925185000,3.224906000,62.700279000,140.798223661,133.910703569
avx2_fma,3100,0xAA,10,0.468247804,0.000283085,65.440873000,3.209281000,62.231592000,139.756924605,132.903115629
avx2_fma,3100,0xAA,11,0.468169652,0.000200259,65.280717000,3.204399000,62.076318000,139.438164597,132.593639357
avx2_fma,3100,0xAA,12,0.468096026,0.000510519,65.716140000,3.209098000,62.507042000,140.390296873,133.534656525
avx2_fma,3100,0xAA,13,0.468016317,0.000215571,65.205034000,3.210685000,61.994349000,139.322138313,132.461939457
avx2_fma,3100,0xAA,14,0.468089837,0.000255714,65.240190000,3.199455000,62.040735000,139.375361038,132.540230794
avx2_fma,3100,0xAA,15,0.469135789,0.005204041,67.919870000,3.379569000,64.540301000,144.776569168,137.572750829
avx2_fma,3100,0xAA,16,0.467992368,0.000197847,66.206374000,3.224174000,62.982200000,141.468918046,134.579545017
avx2_fma,3100,0xAA,17,0.468273854,0.000525357,66.098220000,3.213676000,62.884544000,141.152916013,134.290102786
avx2_fma,3100,0xAA,18,0.468139579,0.000245409,65.656204000,3.211845000,62.444359000,140.249205558,133.388335112
avx2_fma,3100,0xAA,19,0.468242571,0.000361105,65.307816000,3.210868000,62.096948000,139.474323844,132.617049008
avx2_fma,3100,0xAA,20,0.472118340,0.020512310,75.970448000,3.934987000,72.035461000,160.913994414,152.579247248
avx2_fma,3100,0xAA,21,0.468472937,0.001576722,65.808669000,3.253593000,62.555076000,140.474857409,133.529753980
avx2_fma,3100,0xAA,22,0.468080424,0.000243923,65.312944000,3.213859000,62.099085000,139.533594274,132.667554094
avx2_fma,3100,0xAA,23,0.468275182,0.000365040,65.596694000,3.225089000,62.371605000,140.081508644,133.194342461
avx2_fma,3100,0xAA,24,0.468278937,0.000512931,65.832962000,3.236076000,62.596886000,140.584930793,133.674357325
avx2_fma,3100,0xAA,25,0.468144588,0.000570996,66.056167000,3.235100000,62.821067000,141.102062585,134.191590733
avx2_fma,3100,0xAA,26,0.468179029,0.000493038,65.914138000,3.244864000,62.669274000,140.788317827,133.857499068
avx2_fma,3100,0xAA,27,0.468219692,0.000563387,65.778213000,3.235222000,62.542991000,140.485789393,133.576165434
avx2_fma,3100,0xAA,28,0.468226895,0.000698375,65.701004000,3.237602000,62.463402000,140.318731681,133.404131010
avx2_fma,3100,0xAA,29,0.468132054,0.000258078,65.682815000,3.188285000,62.494530000,140.308304897,133.497651854
avx2_fma,3100,0xAA,30,0.468156247,0.000236103,65.785964000,3.208427000,62.577537000,140.521384638,133.668059443
avx2_fma,3100,0xAA,31,0.468196832,0.000244352,65.664322000,3.221611000,62.442711000,140.249393977,133.368503767
avx2_fma,3100,0xAA,32,0.468198495,0.000221836,65.215165000,3.210319000,62.004846000,139.289565519,132.432817726
avx2_fma,3100,0xAA,33,0.468285677,0.000441421,65.699417000,3.225883000,62.473534000,140.297728976,133.409021594
avx2_fma,3100,0xAA,34,0.468169718,0.000242525,65.919143000,3.219596000,62.699547000,140.801808641,133.924823910
avx2_fma,3100,0xAA,35,0.468197243,0.000252520,65.422562000,3.219291000,62.203271000,139.732907334,132.856978339
avx2_fma,3100,0xAA,36,0.471904508,0.018989684,75.312856000,3.928701000,71.384155000,159.593423458,151.268220092
avx2_fma,3100,0xAA,37,0.468134505,0.000658786,65.701370000,3.212821000,62.488549000,140.347206290,133.484176620
avx2_fma,3100,0xAA,38,0.468099080,0.000231958,65.109879000,3.211113000,61.898766000,139.094225500,132.234325243
avx2_fma,3100,0xAA,39,0.468162275,0.000299636,65.659317000,3.218437000,62.440880000,140.249055822,133.374437396
avx2_fma,3100,0xAA,40,0.468192161,0.000283575,65.997756000,3.224540000,62.773216000,140.962966710,134.075751868
avx2_fma,3100,0xAA,41,0.468149392,0.000207662,65.535294000,3.211051000,62.324243000,139.987993405,133.128962816
avx2_fma,3100,0xAA,42,0.468253434,0.000360182,66.032302000,3.236014000,62.796288000,141.018297466,134.107480017
avx2_fma,3100,0xAA,43,0.468167932,0.000245601,65.259110000,3.210990000,62.048120000,139.392524615,132.533895948
avx2_fma,3100,0xAA,44,0.468256126,0.000433597,65.247025000,3.223442000,62.023583000,139.340462253,132.456533088
avx2_fma,3100,0xAA,45,0.468163584,0.000215919,65.258561000,3.191520000,62.067041000,139.392646524,132.575542187
avx2_fma,3100,0xAA,46,0.468249392,0.000308778,65.473221000,3.185416000,62.287805000,139.825533516,133.022714213
avx2_fma,3100,0xAA,47,0.468326930,0.000524686,65.940383000,3.213675000,62.726708000,140.799895865,133.937862544
avx2_fma,3100,0xAA,48,0.468145814,0.000266657,65.344071000,3.213127000,62.130944000,139.580594562,132.717077028
avx2_fma,3100,0xAA,49,0.468240072,0.000271655,65.365494000,3.201591000,62.163903000,139.598248705,132.760749754
avx2_fma,3100,0xAA,50,0.468211261,0.000269825,65.939101000,3.222160000,62.716941000,140.831941620,133.950090910
avx2_fma,3100,0xAA,51,0.468993766,0.004285304,67.959482000,3.366507000,64.592975000,144.904872743,137.726724027
avx2_fma,3100,0xAA,52,0.468367561,0.001243286,65.682754000,3.246940000,62.435814000,140.237624110,133.305162794
avx2_fma,3100,0xAA,53,0.468232213,0.000476140,65.600356000,3.216666000,62.383690000,140.102184586,133.232375317
avx2_fma,3100,0xAA,54,0.468249323,0.000356659,65.912306000,3.216545000,62.695761000,140.763270308,133.893970465
avx2_fma,3100,0xAA,55,0.468174536,0.000293591,65.524186000,3.205985000,62.318201000,139.956748940,133.108907476
avx2_fma,3100,0xAA,56,0.468225435,0.000278761,65.511490000,3.217460000,62.294030000,139.914419749,133.042815257
avx2_fma,3100,0xAA,57,0.468248489,0.000336351,65.550186000,3.223075000,62.327111000,139.990171009,133.106913341
avx2_fma,3100,0xAA,58,0.468342595,0.000480722,66.530897000,3.228752000,63.302145000,142.056045586,135.162049534
avx2_fma,3100,0xAA,59,0.468206466,0.000320102,65.955763000,3.219413000,62.736350000,140.868970687,133.992916573
avx2_fma,3100,0xAA,60,0.472232656,0.020451675,75.640309000,3.965932000,71.674377000,160.175938943,151.777680260
avx2_fma,3100,0xAA,61,0.468127067,0.000362044,65.532608000,3.233207000,62.299401000,139.988931659,133.082244933
avx2_fma,3100,0xAA,62,0.468254459,0.000381082,65.660965000,3.218010000,62.442955000,140.224964595,133.352611466
avx2_fma,3100,0xAA,63,0.468375583,0.000940239,65.353593000,3.242179000,62.111414000,139.532450915,132.610273244
avx2_fma,3100,0xAA,64,0.469712518,0.007901566,69.341009000,3.509269000,65.831740000,147.624358171,140.153258583
avx2_fma,3100,0xAA,65,0.468109135,0.000338231,65.153214000,3.212639000,61.940575000,139.183812233,132.320799407
avx2_fma,3100,0xAA,66,0.468229491,0.000501119,65.925429000,3.210990000,62.714439000,140.797259126,133.939532177
avx2_fma,3100,0xAA,67,0.468176847,0.000291451,65.723648000,3.223930000,62.499718000,140.382098060,133.495960861
avx2_fma,3100,0xAA,68,0.468360722,0.000600917,65.931472000,3.222037000,62.709435000,140.770711201,133.891319217
avx2_fma,3100,0xAA,69,0.468195164,0.000324600,65.538589000,3.206962000,62.331627000,139.981345504,133.131719007
avx2_fma,3100,0xAA,70,0.468211686,0.000256808,65.479691000,3.197135000,62.282556000,139.850612347,133.022215928
avx2_fma,3100,0xAA,71,0.468232393,0.000264876,65.834243000,3.210563000,62.623680000,140.601641459,133.744868946
avx2_fma,3100,0xAA,72,0.468302072,0.000533719,65.584366000,3.192619000,62.391747000,140.047140438,133.229705298
avx2_fma,3100,0xAA,73,0.470850026,0.013614676,72.042601000,3.721487000,68.321114000,153.005409262,145.101646299
avx2_fma,3100,0xAA,74,0.468095976,0.000354412,65.467728000,3.227348000,62.240380000,139.859625828,132.964997016
avx2_fma,3100,0xAA,75,0.468183933,0.000301969,65.614639000,3.227347000,62.387292000,140.147139650,133.253808259
avx2_fma,3100,0xAA,76,0.468168522,0.000261254,66.023451000,3.219657000,62.803794000,141.024968312,134.147835725
avx2_fma,3100,0xAA,77,0.468182601,0.000294551,65.629837000,3.221427000,62.408410000,140.180000047,133.299293684
avx2_fma,3100,0xAA,78,0.468297610,0.000469902,65.780655000,3.236381000,62.544274000,140.467629004,133.556679795
avx2_fma,3100,0xAA,79,0.468217249,0.000330226,66.174818000,3.214287000,62.960531000,141.333575753,134.468627893
avx2_fma,3100,0xAA,80,0.468218052,0.000218160,65.736892000,3.166190000,62.570702000,140.398029720,133.635817145
avx2_fma,3100,0xAA,81,0.468114533,0.000272748,65.870010000,3.219291000,62.650719000,140.713448092,133.836304198
avx2_fma,3100,0xAA,82,0.468226325,0.000303002,65.453202000,3.218619000,62.234583000,139.789666995,132.915600265
avx2_fma,3100,0xAA,83,0.468284403,0.000586415,66.086623000,3.225151000,62.861472000,141.124971431,134.237808461
avx2_fma,3100,0xAA,84,0.468201732,0.000269669,65.795791000,3.205986000,62.589805000,140.528721783,133.681275955
avx2_fma,3100,0xAA,85,0.468326252,0.000740944,65.854934000,3.224906000,62.630028000,140.617643745,133.731619336
avx2_fma,3100,0xAA,86,0.468234468,0.000583288,65.674515000,3.208183000,62.466332000,140.259890116,133.408230913
avx2_fma,3100,0xAA,87,0.468198870,0.000285949,65.598465000,3.181510000,62.416955000,140.108123317,133.312912554
avx2_fma,3100,0xAA,88,0.468225590,0.000306761,65.465775000,3.183342000,62.282433000,139.816738861,133.018003230
avx2_fma,3100,0xAA,89,0.468351265,0.000537053,65.864883000,3.163200000,62.701683000,140.631376356,133.877471249
avx2_fma,3100,0xAA,90,0.471048797,0.015003851,73.258907000,3.752615000,69.506292000,155.522968191,147.556458081
avx2_fma,3100,0xAA,91,0.468124422,0.000504774,65.800613000,3.218559000,62.582054000,140.562230600,133.686795681
avx2_fma,3100,0xAA,92,0.468150815,0.000276362,65.696731000,3.205802000,62.490929000,140.332407570,133.484610031
avx2_fma,3100,0xAA,93,0.468167716,0.000219053,65.398209000,3.213737000,62.184472000,139.689702568,132.825203180
avx2_fma,3100,0xAA,94,0.468331087,0.000641217,65.308609000,3.232170000,62.076439000,139.449656019,132.548192313
avx2_fma,3100,0xAA,95,0.468173425,0.000261767,65.742507000,3.218986000,62.523521000,140.423406048,133.547778714
avx2_fma,3100,0xAA,96,0.468242699,0.000354266,65.854690000,3.218986000,62.635704000,140.642214371,133.767604239
avx2_fma,3100,0xAA,97,0.468224361,0.000365293,65.951247000,3.215080000,62.736167000,140.853942156,133.987404934
avx2_fma,3100,0xAA,98,0.468200725,0.000279848,65.597550000,3.195426000,62.402124000,140.105614008,133.280707868
avx2_fma,3100,0xAA,99,0.468341686,0.000447262,65.590470000,3.220023000,62.370447000,140.048328028,133.172956692
avx2_fma,3300,0x00,0,0.468221393,0.000508461,65.594742000,3.236015000,62.358727000,140.093432147,133.182139656
avx2_fma,3300,0x00,1,0.468133720,0.000395316,65.566421000,3.229118000,62.337303000,140.059171629,133.161317739
avx2_fma,3300,0x00,2,0.468223612,0.000354276,65.462540000,3.223686000,62.238854000,139.810420389,132.925492080
avx2_fma,3300,0x00,3,0.468190087,0.000320167,65.450394000,3.193901000,62.256493000,139.794489134,132.972685149
avx2_fma,3300,0x00,4,0.468180044,0.000330817,65.155473000,3.226798000,61.928675000,139.167557107,132.275341085
avx2_fma,3300,0x00,5,0.468123297,0.000251415,65.240800000,3.213798000,62.027002000,139.366701995,132.501420942
avx2_fma,3300,0x00,6,0.468227071,0.000365632,65.430557000,3.223563000,62.206994000,139.741080861,132.856466111
avx2_fma,3300,0x00,7,0.470894726,0.014199626,72.623105000,3.738272000,68.884833000,154.223653307,146.284995701
avx2_fma,3300,0x00,8,0.468083225,0.000507923,65.490188000,3.228934000,62.261254000,139.911418594,133.013213683
avx2_fma,3300,0x00,9,0.468186709,0.000725217,65.370560000,3.229484000,62.141076000,139.624980319,132.727125384
avx2_fma,3300,0x00,10,0.468229779,0.000500200,65.961928000,3.212273000,62.749655000,140.875123514,134.014660678
avx2_fma,3300,0x00,11,0.468143664,0.000253944,65.235368000,3.211296000,62.024072000,139.349035332,132.489397478
avx2_fma,3300,0x00,12,0.468238641,0.000444623,65.664078000,3.204887000,62.459191000,140.236350047,133.391791060
avx2_fma,3300,0x00,13,0.468194692,0.000389177,65.871840000,3.231437000,62.640403000,140.693265207,133.791356548
avx2_fma,3300,0x00,14,0.468159445,0.000275685,65.446182000,3.218680000,62.227502000,139.794642112,132.919463072
avx2_fma,3300,0x00,15,0.468247572,0.000354477,65.894362000,3.238456000,62.655906000,140.725475145,133.809355989
avx2_fma,3300,0x00,16,0.468150189,0.000250641,65.642044000,3.225089000,62.416955000,140.215780240,133.326775222
avx2_fma,3300,0x00,17,0.468149760,0.000288988,65.477249000,3.220573000,62.256676000,139.863895295,132.984530451
avx2_fma,3300,0x00,18,0.468179828,0.000413125,65.516067000,3.222159000,62.293908000,139.937825322,133.055514708
avx2_fma,3300,0x00,19,0.468168300,0.000290788,65.491287000,3.226676000,62.264611000,139.888341564,132.996213236
avx2_fma,3300,0x00,20,0.468131105,0.000233998,65.354996000,3.221854000,62.133142000,139.608317759,132.725942355
avx2_fma,3300,0x00,21,0.468315080,0.000592068,65.757949000,3.208610000,62.549339000,140.413904534,133.562512952
avx2_fma,3300,0x00,22,0.468108779,0.000236671,65.274125000,3.229789000,62.044336000,139.442214947,132.542560115
avx2_fma,3300,0x00,23,0.468182868,0.000274676,65.515946000,3.225273000,62.290673000,139.936658297,133.047741121
avx2_fma,3300,0x00,24,0.470844745,0.014050813,72.593686000,3.750722000,68.842964000,154.177543056,146.211600913
avx2_fma,3300,0x00,25,0.468163082,0.000833337,65.480972000,3.251273000,62.229699000,139.867867550,132.923123032
avx2_fma,3300,0x00,26,0.468109670,0.000307888,65.280045000,3.219719000,62.060326000,139.454596100,132.576466455
avx2_fma,3300,0x00,27,0.468102346,0.000236095,65.372757000,3.215995000,62.156762000,139.654837438,132.784555695
avx2_fma,3300,0x00,28,0.469611435,0.007595880,69.359136000,3.496573000,65.862563000,147.694733984,140.249061375
avx2_fma,3300,0x00,29,0.468061402,0.000255292,65.435197000,3.206413000,62.228784000,139.800455112,132.950044061
avx2_fma,3300,0x00,30,0.468117796,0.000343578,65.628555000,3.204887000,62.423668000,140.196667475,133.350341557
avx2_fma,3300,0x00,31,0.468266234,0.000537616,65.739516000,3.235343000,62.504173000,140.389187383,133.479991783
avx2_fma,3300,0x00,32,0.468193487,0.000393565,66.034866000,3.236320000,62.798546000,141.041829679,134.129473800
avx2_fma,3300,0x00,33,0.468148696,0.000252866,65.410294000,3.229239000,62.181055000,139.721192335,132.823300645
avx2_fma,3300,0x00,34,0.470923459,0.014245218,73.462947000,3.747305000,69.715642000,155.997637281,148.040282587
avx2_fma,3300,0x00,35,0.468062806,0.000346609,65.847670000,3.233695000,62.613975000,140.681270155,133.772592598
avx2_fma,3300,0x00,36,0.468099848,0.000301918,65.554581000,3.225090000,62.329491000,140.044012715,133.154264690
avx2_fma,3300,0x00,37,0.468093697,0.000250797,65.253923000,3.221427000,62.032496000,139.403549703,132.521536511
avx2_fma,3300,0x00,38,0.468189666,0.000520686,65.580399000,3.215690000,62.364709000,140.072290831,133.203941877
avx2_fma,3300,0x00,39,0.471122080,0.015352888,73.620844000,3.785390000,69.835454000,156.267020971,148.232182108
avx2_fma,3300,0x00,40,0.468038970,0.000368093,65.718155000,3.227287000,62.490868000,140.411716037,133.516377819
avx2_fma,3300,0x00,41,0.468240748,0.000509026,65.581192000,3.235527000,62.345665000,140.058703360,133.148738742
avx2_fma,3300,0x00,42,0.468180541,0.000431649,65.861708000,3.228203000,62.633505000,140.675876563,133.780666880
avx2_fma,3300,0x00,43,0.468164640,0.000316366,65.135698000,3.228141000,61.907557000,139.129896802,132.234585353
avx2_fma,3300,0x00,44,0.468154878,0.000285485,65.375016000,3.212577000,62.162439000,139.643992036,132.781782212
avx2_fma,3300,0x00,45,0.468183102,0.000336354,65.539383000,3.222770000,62.316613000,139.986647895,133.103080358
avx2_fma,3300,0x00,46,0.468181904,0.000410890,65.469864000,3.228812000,62.241052000,139.838518855,132.942028467
avx2_fma,3300,0x00,47,0.470855999,0.014115244,72.863461000,3.710623000,69.152838000,154.746803987,146.866214153
avx2_fma,3300,0x00,48,0.468056242,0.000321154,65.726943000,3.212882000,62.514061000,140.425310277,133.561002717
avx2_fma,3300,0x00,49,0.468150413,0.000333475,66.130751000,3.227287000,62.903464000,141.259623207,134.365926421
avx2_fma,3300,0x00,50,0.468245434,0.000882957,65.936782000,3.245414000,62.691368000,140.816711114,133.885700655
avx2_fma,3300,0x00,51,0.468092466,0.000231827,65.166276000,3.224051000,61.942225000,139.216673560,132.329036531
avx2_fma,3300,0x00,52,0.468334544,0.000678592,65.772475000,3.234183000,62.538292000,140.439085217,133.533374250
avx2_fma,3300,0x00,53,0.468180900,0.000628525,65.525162000,3.232048000,62.293114000,139.956931252,133.053514215
avx2_fma,3300,0x00,54,0.468142418,0.000274384,65.558792000,3.227836000,62.330956000,140.040272830,133.145285593
avx2_fma,3300,0x00,55,0.468227493,0.000548826,65.815201000,3.207145000,62.608056000,140.562444611,133.712900211
avx2_fma,3300,0x00,56,0.468158919,0.000333514,65.917311000,3.231132000,62.686179000,140.801143287,133.899358721
avx2_fma,3300,0x00,57,0.468168737,0.000328777,66.030044000,3.229301000,62.800743000,141.038986067,134.141257228
avx2_fma,3300,0x00,58,0.468137232,0.000229738,65.435868000,3.199699000,62.236169000,139.779243184,132.944283729
avx2_fma,3300,0x00,59,0.468137080,0.000353141,66.003249000,3.206962000,62.796287000,140.991286056,134.140809700
avx2_fma,3300,0x00,60,0.468101130,0.000254518,65.516800000,3.209953000,62.306847000,139.962917810,133.105525692
avx2_fma,3300,0x00,61,0.470831177,0.014134073,72.631528000,3.727834000,68.903694000,154.262359012,146.344799205
avx2_fma,3300,0x00,62,0.468110541,0.000559622,65.477372000,3.229667000,62.247705000,139.875875889,132.976507654
avx2_fma,3300,0x00,63,0.468210231,0.000513535,65.912368000,3.225456000,62.686912000,140.775155403,133.886249975
avx2_fma,3300,0x00,64,0.468165308,0.000340725,65.479081000,3.202140000,62.276941000,139.863163355,133.023399830
avx2_fma,3300,0x00,65,0.468142024,0.000238500,65.554031000,3.205436000,62.348595000,140.030220765,133.183076449
avx2_fma,3300,0x00,66,0.468161642,0.000300428,65.981154000,3.209404000,62.771750000,140.936693773,134.081360677
avx2_fma,3300,0x00,67,0.468293243,0.000885625,65.670487000,3.240898000,62.429589000,140.233684644,133.313025321
avx2_fma,3300,0x00,68,0.468130144,0.000306782,65.802688000,3.220268000,62.582420000,140.564945055,133.685943478
avx2_fma,3300,0x00,69,0.468160035,0.000275435,65.617142000,3.215873000,62.401269000,140.159640004,133.290465453
avx2_fma,3300,0x00,70,0.471456037,0.017223931,73.781976000,3.837636000,69.944340000,156.498104191,148.358138428
avx2_fma,3300,0x00,71,0.468041881,0.000406345,65.697525000,3.208061000,62.489464000,140.366765458,133.512547647
avx2_fma,3300,0x00,72,0.468086694,0.000281931,65.505631000,3.196464000,62.309167000,139.943373481,133.114587184
avx2_fma,3300,0x00,73,0.468255864,0.000611950,66.229323000,3.208244000,63.021079000,141.438320535,134.586844140
avx2_fma,3300,0x00,74,0.468061680,0.000213696,65.901443000,3.197502000,62.703941000,140.796492879,133.965123988
avx2_fma,3300,0x00,75,0.468171229,0.000295339,65.588699000,3.199699000,62.389000000,140.095535345,133.261072226
avx2_fma,3300,0x00,76,0.468246353,0.000899669,65.851638000,3.235343000,62.616295000,140.634598728,133.725109786
avx2_fma,3300,0x00,77,0.470966169,0.014221740,72.633481000,3.740713000,68.892768000,154.222289715,146.279653398
avx2_fma,3300,0x00,78,0.468022687,0.000381238,65.761428000,3.203299000,62.558129000,140.509060558,133.664736357
avx2_fma,3300,0x00,79,0.468049162,0.000261618,65.422135000,3.197806000,62.224329000,139.776203797,132.944002691
avx2_fma,3300,0x00,80,0.468110415,0.000399130,65.590103000,3.200492000,62.389611000,140.116735194,133.279690128
avx2_fma,3300,0x00,81,0.468110588,0.000255229,65.901077000,3.201408000,62.699669000,140.781000642,133.942001309
avx2_fma,3300,0x00,82,0.468139341,0.000329668,65.780959000,3.213066000,62.567893000,140.515767943,133.652285815
avx2_fma,3300,0x00,83,0.470980760,0.014046003,72.804623000,3.726431000,69.078192000,154.580885522,146.668819227
avx2_fma,3300,0x00,84,0.468003474,0.000228955,65.052141000,3.214042000,61.838099000,138.999269480,132.131709347
avx2_fma,3300,0x00,85,0.468160038,0.000481541,65.667008000,3.229789000,62.437219000,140.266153964,133.367254578
avx2_fma,3300,0x00,86,0.468127928,0.000284864,65.304825000,3.211173000,62.093652000,139.502091467,132.642485770
avx2_fma,3300,0x00,87,0.468114562,0.000223874,65.333207000,3.206718000,62.126489000,139.566705147,132.716420489
avx2_fma,3300,0x00,88,0.468317303,0.000831948,65.716140000,3.236442000,62.479698000,140.323963185,133.413174327
avx2_fma,3300,0x00,89,0.468117933,0.000234137,65.397538000,3.199882000,62.197656000,139.703124725,132.867492562
avx2_fma,3300,0x00,90,0.468276462,0.000779155,66.216689000,3.221061000,62.995628000,141.405119354,134.526573749
avx2_fma,3300,0x00,91,0.468063139,0.000204841,65.701431000,3.222587000,62.478844000,140.368735595,133.483794801
avx2_fma,3300,0x00,92,0.468276990,0.000779891,65.824966000,3.245963000,62.579003000,140.568440145,133.636724363
avx2_fma,3300,0x00,93,0.468120912,0.000233596,65.565934000,3.218925000,62.347009000,140.061963404,133.185695073
avx2_fma,3300,0x00,94,0.468276506,0.000565401,65.871474000,3.234855000,62.636619000,140.667902876,133.759900955
avx2_fma,3300,0x00,95,0.468140452,0.000318995,65.695877000,3.232902000,62.462975000,140.333689824,133.427852088
avx2_fma,3300,0x00,96,0.468157646,0.000347615,65.617325000,3.212821000,62.404504000,140.160746098,133.298055666
avx2_fma,3300,0x00,97,0.468129637,0.000263693,65.300675000,3.222282000,62.078393000,139.492717131,132.609405871
avx2_fma,3300,0x00,98,0.470891238,0.014120860,72.776731000,3.713247000,69.063484000,154.551040911,146.665468406
avx2_fma,3300,0x00,99,0.468120019,0.000688940,65.952528000,3.241264000,62.711264000,140.888074358,133.964072242
avx2_fma,3300,0xAA,0,0.468300015,0.000850477,65.661697000,3.246757000,62.414940000,140.212886764,133.279816308
avx2_fma,3300,0xAA,1,0.468188837,0.000489253,65.660659000,3.231071000,62.429588000,140.243965311,133.342752071
avx2_fma,3300,0xAA,2,0.468146952,0.000293490,65.656082000,3.209404000,62.446678000,140.246736168,133.391187949
avx2_fma,3300,0xAA,3,0.468137066,0.000251658,65.403092000,3.212150000,62.190942000,139.709279066,132.847720277
avx2_fma,3300,0xAA,4,0.468141572,0.000264571,65.124162000,3.211662000,61.912500000,139.112110257,132.251659934
avx2_fma,3300,0xAA,5,0.468276454,0.000464377,65.697586000,3.241080000,62.456506000,140.296582059,133.375285953
avx2_fma,3300,0xAA,6,0.468194002,0.000443660,66.101698000,3.188957000,62.912741000,141.184418708,134.373231493
avx2_fma,3300,0xAA,7,0.468124924,0.000236307,65.714248000,3.211356000,62.502892000,140.377588708,133.517548070
avx2_fma,3300,0xAA,8,0.468235249,0.000952451,66.337416000,3.242118000,63.095298000,141.675399722,134.751277691
avx2_fma,3300,0xAA,9,0.468107521,0.000275799,65.401505000,3.209159000,62.192346000,139.714706848,132.859104536
avx2_fma,3300,0xAA,10,0.468167016,0.000390138,65.727431000,3.219963000,62.507468000,140.393126232,133.515317910
avx2_fma,3300,0xAA,11,0.471903499,0.019691169,75.175223000,3.938527000,71.236696000,159.302109833,150.956066607
avx2_fma,3300,0xAA,12,0.468137975,0.000622850,65.462112000,3.226432000,62.235680000,139.835081655,132.943028093
avx2_fma,3300,0xAA,13,0.468080907,0.000280292,65.562943000,3.216483000,62.346460000,140.067543836,133.195904874
avx2_fma,3300,0xAA,14,0.468224043,0.000478715,65.693253000,3.219413000,62.473840000,140.303032260,133.427236263
avx2_fma,3300,0xAA,15,0.468151121,0.000246698,65.890518000,3.185294000,62.705224000,140.746256933,133.942270239
avx2_fma,3300,0xAA,16,0.468301540,0.000621871,65.932449000,3.238029000,62.694420000,140.790587577,133.876177262
avx2_fma,3300,0xAA,17,0.468271734,0.000891845,66.086501000,3.255180000,62.831321000,141.128529158,134.177052554
avx2_fma,3300,0xAA,18,0.468139457,0.000261439,65.661208000,3.232352000,62.428856000,140.259931241,133.355253684
avx2_fma,3300,0xAA,19,0.468200641,0.000447146,65.458573000,3.224907000,62.233666000,139.808806979,132.920933021
avx2_fma,3300,0xAA,20,0.468125415,0.000234522,65.522171000,3.218559000,62.303612000,139.967130486,133.091710141
avx2_fma,3300,0xAA,21,0.468214479,0.000550357,65.486099000,3.229484000,62.256615000,139.863464207,132.966018387
avx2_fma,3300,0xAA,22,0.468091017,0.000233419,65.448136000,3.214286000,62.233850000,139.819252235,132.952455219
avx2_fma,3300,0xAA,23,0.468714859,0.003080993,67.443126000,3.329704000,64.113422000,143.889455762,136.785554671
avx2_fma,3300,0xAA,24,0.468077525,0.000346916,65.391068000,3.188041000,62.203027000,139.701362611,132.890437428
avx2_fma,3300,0xAA,25,0.468203640,0.000463162,65.607315000,3.221610000,62.385705000,140.125597827,133.244809805
avx2_fma,3300,0xAA,26,0.468318581,0.000650336,65.716445000,3.238456000,62.477989000,140.324231583,133.409161090
avx2_fma,3300,0xAA,27,0.468146591,0.000326398,65.906143000,3.241080000,62.665063000,140.780995263,133.857779196
avx2_fma,3300,0xAA,28,0.468186637,0.000425738,65.627700000,3.218742000,62.408958000,140.174227143,133.299314991
avx2_fma,3300,0xAA,29,0.468153082,0.000275676,65.261369000,3.217399000,62.043970000,139.401771588,132.529235394
avx2_fma,3300,0xAA,30,0.468237436,0.000503083,65.468400000,3.229057000,62.239343000,139.818807781,132.922612059
avx2_fma,3300,0xAA,31,0.468217120,0.000441331,65.471085000,3.233085000,62.238000000,139.830608928,132.925511139
avx2_fma,3300,0xAA,32,0.468132431,0.000235290,65.877944000,3.212150000,62.665794000,140.725016229,133.863389508
avx2_fma,3300,0xAA,33,0.468133219,0.000246819,65.231278000,3.180533000,62.050745000,139.343407662,132.549330955
avx2_fma,3300,0xAA,34,0.468201569,0.000536003,65.351029000,3.230949000,62.120080000,139.578833908,132.678068905
avx2_fma,3300,0xAA,35,0.472060170,0.019677093,75.313467000,3.941640000,71.371827000,159.542091727,151.192223962
avx2_fma,3300,0xAA,36,0.468284317,0.001383614,65.588760000,3.261711000,62.327049000,140.061833450,133.096596985
avx2_fma,3300,0xAA,37,0.468209191,0.000532872,66.005141000,3.241996000,62.763145000,140.973612456,134.049365636
avx2_fma,3300,0xAA,38,0.468166823,0.000267583,65.134477000,3.221855000,61.912622000,139.126640024,132.244787564
avx2_fma,3300,0xAA,39,0.468245350,0.000451022,65.601211000,3.221000000,62.380211000,140.100080065,133.221207693
avx2_fma,3300,0xAA,40,0.468174310,0.000418290,65.961257000,3.222282000,62.738975000,140.890381342,134.007726881
avx2_fma,3300,0xAA,41,0.468148657,0.000314537,65.165361000,3.203117000,61.962244000,139.198009021,132.355915273
avx2_fma,3300,0xAA,42,0.468302981,0.000945752,65.918960000,3.247001000,62.671959000,140.761350267,133.827802695
avx2_fma,3300,0xAA,43,0.468146658,0.000261030,65.123918000,3.211295000,61.912623000,139.110077818,132.250485965
avx2_fma,3300,0xAA,44,0.468052291,0.000310586,65.717300000,3.206169000,62.511131000,140.405893174,133.555870088
avx2_fma,3300,0xAA,45,0.468111225,0.000248537,65.040360000,3.194327000,61.846033000,138.942107167,132.118243887
avx2_fma,3300,0xAA,46,0.468191554,0.000456388,65.479508000,3.211967000,62.267541000,139.856235029,132.995865650
avx2_fma,3300,0xAA,47,0.468233658,0.000454723,65.779128000,3.209526000,62.569602000,140.483553160,133.629013884
avx2_fma,3300,0xAA,48,0.468175775,0.000340239,65.754470000,3.213615000,62.540855000,140.448253532,133.584132899
avx2_fma,3300,0xAA,49,0.468129734,0.000268780,66.002273000,3.207695000,62.794578000,140.991413653,134.139263991
avx2_fma,3300,0xAA,50,0.468349560,0.000937603,66.226515000,3.242851000,62.983664000,141.404029622,134.480032506
avx2_fma,3300,0xAA,51,0.468136762,0.000263509,65.454301000,3.200065000,62.254236000,139.818758637,132.983010504
avx2_fma,3300,0xAA,52,0.468175172,0.000293009,65.913588000,3.202751000,62.710837000,140.788303080,133.947378588
avx2_fma,3300,0xAA,53,0.468173564,0.000314216,65.382706000,3.200309000,62.182397000,139.654843924,132.819111951
avx2_fma,3300,0xAA,54,0.468128885,0.000233704,65.612320000,3.202385000,62.409935000,140.158665802,133.317846746
avx2_fma,3300,0xAA,55,0.468273405,0.000612636,65.890151000,3.220023000,62.670128000,140.708719162,133.832345301
avx2_fma,3300,0xAA,56,0.468308511,0.000261339,65.626358000,3.200065000,62.426293000,140.134882185,133.301641008
avx2_fma,3300,0xAA,57,0.468183136,0.000479377,66.151747000,3.215995000,62.935752000,141.294595742,134.425499550
avx2_fma,3300,0xAA,58,0.468199328,0.000565807,65.703872000,3.198295000,62.505577000,140.333118921,133.502064694
avx2_fma,3300,0xAA,59,0.468107703,0.000263262,66.090285000,3.207878000,62.882407000,141.186065881,134.333202791
avx2_fma,3300,0xAA,60,0.468194805,0.000399938,65.786819000,3.228080000,62.558739000,140.511637970,133.616901073
avx2_fma,3300,0xAA,61,0.468162198,0.000302047,65.896804000,3.206596000,62.690208000,140.756353848,133.907026812
avx2_fma,3300,0xAA,62,0.468122487,0.000240564,65.765274000,3.193107000,62.572167000,140.487320822,133.666227861
avx2_fma,3300,0xAA,63,0.468138387,0.000264743,65.797256000,3.219413000,62.577843000,140.550866607,133.673812538
avx2_fma,3300,0xAA,64,0.468130036,0.000237776,65.670365000,3.203361000,62.467004000,140.282314699,133.439427562
avx2_fma,3300,0xAA,65,0.468190998,0.000331081,65.968215000,3.220451000,62.747764000,140.900220790,134.021722456
avx2_fma,3300,0xAA,66,0.468247402,0.000630537,66.190505000,3.222587000,62.967918000,141.357976056,134.475744595
avx2_fma,3300,0xAA,67,0.468227669,0.000881337,66.393385000,3.208977000,63.184408000,141.797226853,134.943772407
avx2_fma,3300,0xAA,68,0.468191425,0.000471460,65.885024000,3.209892000,62.675132000,140.722406353,133.866467037
avx2_fma,3300,0xAA,69,0.469566943,0.006971754,69.604436000,3.462027000,66.142409000,148.231124456,140.858316276
avx2_fma,3300,0xAA,70,0.467988298,0.000205479,65.809097000,3.209892000,62.599205000,140.621244668,133.762329581
avx2_fma,3300,0xAA,71,0.468126724,0.000260397,65.937820000,3.215629000,62.722191000,140.854637322,133.985495203
avx2_fma,3300,0xAA,72,0.468180503,0.000448190,65.831253000,3.226249000,62.605004000,140.610838423,133.719801778
avx2_fma,3300,0xAA,73,0.468252409,0.000186817,65.702895000,3.216361000,62.486534000,140.315124391,133.446262770
avx2_fma,3300,0xAA,74,0.468154489,0.000615573,66.380872000,3.231864000,63.149008000,141.792663812,134.889250346
avx2_fma,3300,0xAA,75,0.468071308,0.000229656,65.320390000,3.216117000,62.104273000,139.552219606,132.681221654
avx2_fma,3300,0xAA,76,0.468135287,0.000314865,65.641007000,3.180534000,62.460473000,140.218028544,133.423979708
avx2_fma,3300,0xAA,77,0.468131929,0.000276381,65.727981000,3.205559000,62.522422000,140.404823690,133.557268975
avx2_fma,3300,0xAA,78,0.468226545,0.000527490,65.844253000,3.220695000,62.623558000,140.624775983,133.746278738
avx2_fma,3300,0xAA,79,0.468276260,0.000501890,66.148146000,3.229667000,62.918479000,141.258807398,134.361880782
avx2_fma,3300,0xAA,80,0.468197272,0.000555957,66.301222000,3.216178000,63.085044000,141.609586236,134.740306574
avx2_fma,3300,0xAA,81,0.468124948,0.000252474,65.574600000,3.209465000,62.365135000,140.079267886,133.223267125
avx2_fma,3300,0xAA,82,0.468188318,0.000481596,66.054091000,3.207450000,62.846641000,141.084449131,134.233680170
avx2_fma,3300,0xAA,83,0.468159708,0.000332408,65.923721000,3.197624000,62.726097000,140.814597782,133.984398719
avx2_fma,3300,0xAA,84,0.468300425,0.000827326,66.201185000,3.224601000,62.976584000,141.364776541,134.479023669
avx2_fma,3300,0xAA,85,0.468086007,0.000237360,65.523148000,3.190056000,62.333092000,139.981001376,133.165894853
avx2_fma,3300,0xAA,86,0.468227700,0.000338437,65.980910000,3.213188000,62.767722000,140.916289147,134.053841671
avx2_fma,3300,0xAA,87,0.468205124,0.000265299,66.109633000,3.176750000,62.932883000,141.198012734,134.413059216
avx2_fma,3300,0xAA,88,0.468174845,0.000330061,65.711196000,3.200614000,62.510582000,140.356101244,133.519736515
avx2_fma,3300,0xAA,89,0.468285692,0.000310452,66.131667000,3.210929000,62.920738000,141.220772256,134.363998586
avx2_fma,3300,0xAA,90,0.468155715,0.000484289,66.139052000,3.225334000,62.913718000,141.275754820,134.386307790
avx2_fma,3300,0xAA,91,0.468114639,0.000367017,66.262220000,3.212211000,63.050009000,141.551266560,134.689248723
avx2_fma,3300,0xAA,92,0.470985372,0.014244572,72.857601000,3.730398000,69.127203000,154.691855294,146.771443701
avx2_fma,3300,0xAA,93,0.468111102,0.000877518,66.296522000,3.201529000,63.094993000,141.625613399,134.786363092
avx2_fma,3300,0xAA,94,0.468023173,0.000307330,66.009048000,3.202324000,62.806724000,141.037990826,134.195756971
avx2_fma,3300,0xAA,95,0.469473066,0.007270105,69.171575000,3.481009000,65.690566000,147.338750520,139.924035493
avx2_fma,3300,0xAA,96,0.469415740,0.007390240,69.312811000,3.488333000,65.824478000,147.657620087,140.226397180
avx2_fma,3300,0xAA,97,0.468061558,0.000554882,65.922805000,3.218742000,62.704063000,140.842168873,133.965419555
avx2_fma,3300,0xAA,98,0.468130553,0.000526057,66.249769000,3.239799000,63.009970000,141.519857067,134.599140236
avx2_fma,3300,0xAA,99,0.468082989,0.000301472,66.148634000,3.215690000,62.932944000,141.318175418,134.448261165
avx2_fma,3500,0x00,0,0.468153796,0.000258432,65.231706000,3.166496000,62.065210000,139.338197260,132.574402913
avx2_fma,3500,0x00,1,0.468230315,0.000492026,65.242264000,3.222832000,62.019432000,139.337975276,132.454969414
avx2_fma,3500,0x00,2,0.468215805,0.000427337,65.875381000,3.225333000,62.650048000,140.694483765,133.805923053
avx2_fma,3500,0x00,3,0.468000670,0.000367018,65.520157000,3.217277000,62.302880000,140.000134893,133.125621238
avx2_fma,3500,0x00,4,0.468027425,0.000213842,65.053179000,3.215018000,61.838161000,138.994374059,132.125080023
avx2_fma,3500,0x00,5,0.468095366,0.000293217,65.511307000,3.218986000,62.292321000,139.952906487,133.076132580
avx2_fma,3500,0x00,6,0.471665226,0.018574889,75.145620000,3.900076000,71.245544000,159.319822427,151.051084797
avx2_fma,3500,0x00,7,0.468043659,0.000377599,65.762466000,3.235954000,62.526512000,140.504982186,133.591195541
avx2_fma,3500,0x00,8,0.468109296,0.000218789,65.242813000,3.209221000,62.033592000,139.375170740,132.519461976
avx2_fma,3500,0x00,9,0.471743333,0.018573507,74.722282000,3.888295000,70.833987000,158.396053134,150.153657895
avx2_fma,3500,0x00,10,0.468226399,0.000699147,65.999281000,3.229300000,62.769981000,140.955915932,134.059038687
avx2_fma,3500,0x00,11,0.468080756,0.000241385,65.556290000,3.221306000,62.334984000,140.053375651,133.171430695
avx2_fma,3500,0x00,12,0.471746062,0.018563991,75.148368000,3.884023000,71.264345000,159.298347193,151.065055362
avx2_fma,3500,0x00,13,0.468019801,0.000425019,65.429337000,3.195548000,62.233789000,139.800360861,132.972555720
avx2_fma,3500,0x00,14,0.468071347,0.000225840,65.722305000,3.190238000,62.532067000,140.410869873,133.595161071
avx2_fma,3500,0x00,15,0.468159103,0.000296746,65.663040000,3.193961000,62.469079000,140.257958393,133.435574765
avx2_fma,3500,0x00,16,0.468138303,0.000234000,65.508011000,3.177665000,62.330346000,139.933029449,133.145152925
avx2_fma,3500,0x00,17,0.468198048,0.000337434,65.460953000,3.163872000,62.297081000,139.814664424,133.057113828
avx2_fma,3500,0x00,18,0.468124138,0.000230930,65.295732000,3.199088000,62.096644000,139.483796497,132.649951069
avx2_fma,3500,0x00,19,0.468143274,0.000268081,65.630996000,3.225761000,62.405235000,140.194251846,133.303709608
avx2_fma,3500,0x00,20,0.468292341,0.000522528,65.745925000,3.222953000,62.522972000,140.395046414,133.512693842
avx2_fma,3500,0x00,21,0.468165972,0.000361400,65.931289000,3.211723000,62.719566000,140.828878919,133.968655854
avx2_fma,3500,0x00,22,0.468179960,0.000420781,65.790725000,3.220329000,62.570396000,140.524436298,133.646036380
avx2_fma,3500,0x00,23,0.468149821,0.000279232,65.609268000,3.216362000,62.392906000,140.145878695,133.275509730
avx2_fma,3500,0x00,24,0.468152212,0.000282775,65.075151000,3.215080000,61.860071000,139.004258193,132.136662750
avx2_fma,3500,0x00,25,0.468086796,0.000200252,65.454362000,3.189750000,62.264612000,139.833814069,133.019372758
avx2_fma,3500,0x00,26,0.468180318,0.000330858,65.347001000,3.183097000,62.163904000,139.576565754,132.777696014
avx2_fma,3500,0x00,27,0.468149939,0.000286442,65.793228000,3.200371000,62.592857000,140.538794313,133.702584944
avx2_fma,3500,0x00,28,0.468154163,0.000284396,65.416214000,3.196220000,62.219994000,139.732206034,132.904925086
avx2_fma,3500,0x00,29,0.468131665,0.000227075,65.626541000,3.187309000,62.439232000,140.188211718,133.379637899
avx2_fma,3500,0x00,30,0.468185971,0.000391707,65.564224000,3.145988000,62.418236000,140.038847885,133.319321471
avx2_fma,3500,0x00,31,0.468275602,0.000546360,66.008803000,3.190727000,62.818076000,140.961439734,134.147659583
avx2_fma,3500,0x00,32,0.471608426,0.017957954,74.388481000,3.845815000,70.542666000,157.733570617,149.578892316
avx2_fma,3500,0x00,33,0.468028874,0.000355806,65.745193000,3.207267000,62.537926000,140.472514982,133.619803154
avx2_fma,3500,0x00,34,0.468104624,0.000289971,65.285233000,3.182854000,62.102379000,139.467182299,132.667732275
avx2_fma,3500,0x00,35,0.468079121,0.000234598,65.628128000,3.208548000,62.419580000,140.207338889,133.352625971
avx2_fma,3500,0x00,36,0.468151421,0.000311508,65.629104000,3.207878000,62.421226000,140.187770465,133.335547330
avx2_fma,3500,0x00,37,0.468134907,0.000243363,65.501725000,3.199455000,62.302270000,139.920617071,133.086144881
avx2_fma,3500,0x00,38,0.468248040,0.000505675,65.734573000,3.205924000,62.528649000,140.384085708,133.537449470
avx2_fma,3500,0x00,39,0.468106206,0.000214514,65.560501000,3.197441000,62.363060000,140.054757050,133.224168272
avx2_fma,3500,0x00,40,0.468138892,0.000249225,65.643570000,3.218619000,62.424951000,140.222423648,133.347073069
avx2_fma,3500,0x00,41,0.468272929,0.000489950,65.689163000,3.209953000,62.479210000,140.279650802,133.424774512
avx2_fma,3500,0x00,42,0.468135247,0.000249129,65.836685000,3.199393000,62.637292000,140.636034910,133.801700137
avx2_fma,3500,0x00,43,0.468198788,0.000325086,65.731338000,3.186760000,62.544578000,140.391943795,133.585518665
avx2_fma,3500,0x00,44,0.468131890,0.000234089,65.500015000,3.226065000,62.273950000,139.917865743,133.026506565
avx2_fma,3500,0x00,45,0.468145640,0.000294597,65.574111000,3.212272000,62.361839000,140.072031804,133.210338082
avx2_fma,3500,0x00,46,0.468126233,0.000226323,65.578507000,3.209770000,62.368737000,140.087229495,133.230596016
avx2_fma,3500,0x00,47,0.468119096,0.000257807,65.729507000,3.220329000,62.509178000,140.411932704,133.532638465
avx2_fma,3500,0x00,48,0.468141465,0.000249226,65.703628000,3.205863000,62.497765000,140.349943238,133.501878622
avx2_fma,3500,0x00,49,0.468644083,0.000810072,66.262099000,3.211479000,63.050620000,141.391092651,134.538389043
avx2_fma,3500,0x00,50,0.468086968,0.000212579,65.158158000,3.189384000,61.968774000,139.200965855,132.387308948
avx2_fma,3500,0x00,51,0.468139959,0.000284297,65.471268000,3.222770000,62.248498000,139.854047334,132.969845426
avx2_fma,3500,0x00,52,0.468262569,0.000521636,65.928359000,3.232414000,62.695945000,140.793570348,133.890575721
avx2_fma,3500,0x00,53,0.468128455,0.000340275,65.473404000,3.184684000,62.288720000,139.862047202,133.059034120
avx2_fma,3500,0x00,54,0.468163981,0.000243984,65.363297000,3.188713000,62.174584000,139.616244805,132.805142011
avx2_fma,3500,0x00,55,0.468279465,0.000622051,65.633865000,3.227531000,62.406334000,140.159605419,133.267287384
avx2_fma,3500,0x00,56,0.468158395,0.000242179,65.785415000,3.203910000,62.581505000,140.519567240,133.675921932
avx2_fma,3500,0x00,57,0.468153516,0.000255741,65.563919000,3.196586000,62.367333000,140.047904735,133.219832551
avx2_fma,3500,0x00,58,0.468122085,0.000248348,64.973893000,3.180045000,61.793848000,138.796897352,132.003701515
avx2_fma,3500,0x00,59,0.468149895,0.000288658,65.588638000,3.192253000,62.396385000,140.101789342,133.282919932
avx2_fma,3500,0x00,60,0.468126092,0.000286072,65.852981000,3.184989000,62.667992000,140.673596463,133.869897518
avx2_fma,3500,0x00,61,0.468146934,0.000244077,65.622940000,3.224907000,62.398033000,140.175947462,133.287283312
avx2_fma,3500,0x00,62,0.468318501,0.000503576,65.550675000,3.229239000,62.321436000,139.970286899,133.074896282
avx2_fma,3500,0x00,63,0.468108481,0.000234809,65.567581000,3.198967000,62.368614000,140.069201256,133.235385738
avx2_fma,3500,0x00,64,0.468224071,0.000647233,65.955520000,3.224113000,62.731407000,140.863155261,133.977321746
avx2_fma,3500,0x00,65,0.468131887,0.000241839,65.763747000,3.189018000,62.574729000,140.481237897,133.669016624
avx2_fma,3500,0x00,66,0.468153049,0.000291910,65.411026000,3.202202000,62.208824000,139.721456892,132.881381815
avx2_fma,3500,0x00,67,0.468123925,0.000246633,65.196610000,3.193229000,62.003381000,139.272116855,132.450784236
avx2_fma,3500,0x00,68,0.470697350,0.013396065,72.413450000,3.694570000,68.718880000,153.842909852,145.993768574
avx2_fma,3500,0x00,69,0.467940639,0.000166677,65.063249000,3.167290000,61.895959000,139.041672314,132.273100115
avx2_fma,3500,0x00,70,0.468130653,0.000355342,65.298844000,3.212882000,62.085962000,139.488502946,132.625286496
avx2_fma,3500,0x00,71,0.468082172,0.000224379,65.375199000,3.196648000,62.178551000,139.666073300,132.836827949
avx2_fma,3500,0x00,72,0.468166548,0.000288350,65.329422000,3.217032000,62.112390000,139.543122718,132.671568104
avx2_fma,3500,0x00,73,0.468278522,0.000498985,65.907546000,3.195609000,62.711937000,140.744328309,133.920165227
avx2_fma,3500,0x00,74,0.468140225,0.000282842,65.471023000,3.192314000,62.278709000,139.853444403,133.034303842
avx2_fma,3500,0x00,75,0.468138248,0.000226128,65.294632000,3.191948000,62.102684000,139.477242756,132.658855204
avx2_fma,3500,0x00,76,0.468174844,0.000324828,65.911208000,3.202506000,62.708702000,140.783318198,133.942912220
avx2_fma,3500,0x00,77,0.468128392,0.000274020,65.459611000,3.181450000,62.278161000,139.832601768,133.036496138
avx2_fma,3500,0x00,78,0.468141156,0.000246078,65.405595000,3.162834000,62.242761000,139.713405053,132.957250510
avx2_fma,3500,0x00,79,0.468116497,0.000283746,65.600357000,3.209526000,62.390831000,140.136819543,133.280564692
avx2_fma,3500,0x00,80,0.468124099,0.000218487,65.319779000,3.168083000,62.151696000,139.535177092,132.767563526
avx2_fma,3500,0x00,81,0.468213373,0.000631596,65.963515000,3.205192000,62.758323000,140.883449286,134.037869504
avx2_fma,3500,0x00,82,0.468107430,0.000217087,65.492569000,3.178092000,62.314477000,139.909270464,133.120034067
avx2_fma,3500,0x00,83,0.468210824,0.000366211,65.401810000,3.180656000,62.221154000,139.684532240,132.891318939
avx2_fma,3500,0x00,84,0.468180498,0.000304521,66.190077000,3.201896000,62.988181000,141.377262259,134.538241804
avx2_fma,3500,0x00,85,0.468182082,0.000301536,65.732925000,3.168937000,62.563988000,140.400343269,133.631743779
avx2_fma,3500,0x00,86,0.468111551,0.000274777,65.534562000,3.182548000,62.352014000,139.997745954,133.199050231
avx2_fma,3500,0x00,87,0.468144881,0.000351239,65.647659000,3.175773000,62.471886000,140.229364133,133.445624466
avx2_fma,3500,0x00,88,0.468113782,0.000235091,65.356888000,3.179008000,62.177880000,139.617525681,132.826424626
avx2_fma,3500,0x00,89,0.468718853,0.003808506,67.571361000,3.299308000,64.272053000,144.161816053,137.122824594
avx2_fma,3500,0x00,90,0.467983186,0.000201284,65.742142000,3.162895000,62.579247000,140.479709339,133.721143878
avx2_fma,3500,0x00,91,0.468107266,0.000267067,65.233171000,3.174247000,62.058924000,139.355177217,132.574152373
avx2_fma,3500,0x00,92,0.468097446,0.000237560,65.109696000,3.151054000,61.958642000,139.094320223,132.362700495
avx2_fma,3500,0x00,93,0.468154212,0.000235477,65.530655000,3.174919000,62.355736000,139.976642964,133.194862691
avx2_fma,3500,0x00,94,0.468280086,0.000491574,65.775528000,3.155814000,62.619714000,140.461937036,133.722777947
avx2_fma,3500,0x00,95,0.468174125,0.000183601,65.402909000,3.124992000,62.277917000,139.697829253,133.022979380
avx2_fma,3500,0x00,96,0.468195154,0.000396714,65.557876000,3.176200000,62.381676000,140.022542747,133.238619481
avx2_fma,3500,0x00,97,0.468123749,0.000295139,65.718216000,3.199272000,62.518944000,140.386417353,133.552173188
avx2_fma,3500,0x00,98,0.468139326,0.000268211,66.049208000,3.193535000,62.855673000,141.088783395,134.267021537
avx2_fma,3500,0x00,99,0.468131415,0.000227916,65.343827000,3.169669000,62.174158000,139.584366550,132.813470815
avx2_fma,3500,0xAA,0,0.468130771,0.000236777,65.375993000,3.201041000,62.174952000,139.653270037,132.815349530
avx2_fma,3500,0xAA,1,0.468251368,0.000452823,65.907057000,3.236076000,62.670981000,140.751445599,133.840465261
avx2_fma,3500,0xAA,2,0.468110910,0.000211266,65.442093000,3.211784000,62.230309000,139.800401245,132.939240922
avx2_fma,3500,0xAA,3,0.468196479,0.000372528,65.720230000,3.203300000,62.516930000,140.368911211,133.527125458
avx2_fma,3500,0xAA,4,0.468167469,0.000317857,65.529495000,3.202689000,62.326806000,139.970201496,133.129296883
avx2_fma,3500,0xAA,5,0.468198157,0.000219910,65.559769000,3.214653000,62.345116000,140.025687756,133.159678249
avx2_fma,3500,0xAA,6,0.468260095,0.000560241,65.938552000,3.227531000,62.711021000,140.816082021,133.923478889
avx2_fma,3500,0xAA,7,0.468153464,0.000355203,65.609695000,3.219962000,62.389733000,140.145700321,133.267695028
avx2_fma,3500,0xAA,8,0.470741302,0.013329728,72.621762000,3.699271000,68.922491000,154.271064862,146.412670068
avx2_fma,3500,0xAA,9,0.468030197,0.000312587,65.344010000,3.229972000,62.114038000,139.614944493,132.713740213
avx2_fma,3500,0xAA,10,0.468122566,0.000292272,65.708267000,3.214103000,62.494164000,140.365519241,133.499575927
avx2_fma,3500,0xAA,11,0.468126436,0.000238278,65.532181000,3.205803000,62.326378000,139.988208314,133.140052014
avx2_fma,3500,0xAA,12,0.470004356,0.009669769,70.271060000,3.537650000,66.733410000,149.511507807,141.984662679
avx2_fma,3500,0xAA,13,0.467983400,0.000251297,65.203569000,3.213371000,61.990198000,139.328807517,132.462386608
avx2_fma,3500,0xAA,14,0.468142488,0.000534845,65.947707000,3.227653000,62.720054000,140.871013912,133.976418612
avx2_fma,3500,0xAA,15,0.468059905,0.000227831,65.589676000,3.200248000,62.389428000,140.130943357,133.293681785
avx2_fma,3500,0xAA,16,0.468208916,0.000513346,65.905532000,3.215568000,62.689964000,140.760950460,133.893144463
avx2_fma,3500,0xAA,17,0.468076481,0.000214726,65.735977000,3.193656000,62.542321000,140.438538772,133.615602498
avx2_fma,3500,0xAA,18,0.468107794,0.000278706,65.550186000,3.226188000,62.323998000,140.032246504,133.140269824
avx2_fma,3500,0xAA,19,0.468146364,0.000249391,65.420426000,3.220695000,62.199731000,139.743531245,132.863855892
avx2_fma,3500,0xAA,20,0.468188702,0.000347367,65.889419000,3.223015000,62.666404000,140.732612222,133.848603726
avx2_fma,3500,0xAA,21,0.468113196,0.000240457,65.804458000,3.200920000,62.603538000,140.573815409,133.735896659
avx2_fma,3500,0xAA,22,0.468181888,0.000310600,65.843032000,3.213737000,62.629295000,140.635581454,133.771289852
avx2_fma,3500,0xAA,23,0.468104312,0.000218061,65.710648000,3.217154000,62.493494000,140.376079317,133.503350485
avx2_fma,3500,0xAA,24,0.468138140,0.000263251,65.620682000,3.221245000,62.399437000,140.173757205,133.292786134
avx2_fma,3500,0xAA,25,0.468123650,0.000227155,65.911819000,3.212944000,62.698875000,140.800019332,133.936567766
avx2_fma,3500,0xAA,26,0.468076907,0.000321177,65.682144000,3.206596000,62.475548000,140.323401962,133.472826873
avx2_fma,3500,0xAA,27,0.468182050,0.000509159,65.887343000,3.221611000,62.665732000,140.730177653,133.849070179
avx2_fma,3500,0xAA,28,0.468116442,0.000250854,65.558425000,3.207084000,62.351341000,140.047260015,133.196221009
avx2_fma,3500,0xAA,29,0.468235329,0.000341502,65.858107000,3.208671000,62.649436000,140.651725491,133.799036684
avx2_fma,3500,0xAA,30,0.468101221,0.000290788,66.041640000,3.207755000,62.833885000,141.084101103,134.231405883
avx2_fma,3500,0xAA,31,0.468239948,0.000288376,66.139907000,3.219718000,62.920189000,141.252166433,134.375952610
avx2_fma,3500,0xAA,32,0.468111934,0.000263195,65.947524000,3.210990000,62.736534000,140.879817806,134.020368675
avx2_fma,3500,0xAA,33,0.468151948,0.000314210,65.729873000,3.221854000,62.508019000,140.402861242,133.520792260
avx2_fma,3500,0xAA,34,0.468123913,0.000223840,65.486588000,3.209709000,62.276879000,139.891567609,133.035030457
avx2_fma,3500,0xAA,35,0.468194351,0.000348905,65.857131000,3.212882000,62.644249000,140.661951344,133.799668632
avx2_fma,3500,0xAA,36,0.468156960,0.000341850,65.680374000,3.197319000,62.483055000,140.295626514,133.466038846
avx2_fma,3500,0xAA,37,0.468194025,0.000395486,66.073561000,3.218070000,62.855491000,141.124314742,134.250946383
avx2_fma,3500,0xAA,38,0.468314027,0.000613514,66.158766000,3.194145000,62.964621000,141.270092804,134.449573198
avx2_fma,3500,0xAA,39,0.468117224,0.000267653,65.783645000,3.215751000,62.567894000,140.528144859,133.658602705
avx2_fma,3500,0xAA,40,0.468192771,0.000286303,66.134718000,3.213920000,62.920798000,141.255316489,134.390793580
avx2_fma,3500,0xAA,41,0.468150056,0.000278030,65.240006000,3.207816000,62.032190000,139.357039850,132.504929166
avx2_fma,3500,0xAA,42,0.468126609,0.000228275,65.324112000,3.199393000,62.124719000,139.543684805,132.709223919
avx2_fma,3500,0xAA,43,0.468131336,0.000250803,65.337235000,3.203422000,62.133813000,139.570308577,132.727310139
avx2_fma,3500,0xAA,44,0.470598427,0.012678085,72.079832000,3.681448000,68.398384000,153.166325924,145.343418342
avx2_fma,3500,0xAA,45,0.468001502,0.000185540,65.207414000,3.213065000,61.994349000,139.331633898,132.466132434
avx2_fma,3500,0xAA,46,0.468113613,0.000306542,65.661697000,3.210014000,62.451683000,140.268719295,133.411379730
avx2_fma,3500,0xAA,47,0.468141324,0.000212087,65.307084000,3.163505000,62.143579000,139.502925018,132.745339565
avx2_fma,3500,0xAA,48,0.468291194,0.000479243,66.085951000,3.227653000,62.858298000,141.121489891,134.229083966
avx2_fma,3500,0xAA,49,0.468132856,0.000210994,65.972427000,3.207206000,62.765221000,140.926717894,134.075658509
avx2_fma,3500,0xAA,50,0.468132721,0.000277529,65.837295000,3.207450000,62.629845000,140.638096797,133.786514216
avx2_fma,3500,0xAA,51,0.468194023,0.000252081,65.916213000,3.211173000,62.705040000,140.788241096,133.929603775
avx2_fma,3500,0xAA,52,0.468082626,0.000370398,65.727981000,3.216179000,62.511802000,140.419612573,133.548648300
avx2_fma,3500,0xAA,53,0.468053926,0.000228843,65.545853000,3.216606000,62.329247000,140.039105238,133.166807365
avx2_fma,3500,0xAA,54,0.468067527,0.000253765,65.775466000,3.221671000,62.553795000,140.525591193,133.642671931
avx2_fma,3500,0xAA,55,0.471544630,0.018014446,74.993521000,3.844839000,71.148682000,159.038013057,150.884301284
avx2_fma,3500,0xAA,56,0.468060560,0.000598732,65.769729000,3.234245000,62.535484000,140.515426102,133.605540336
avx2_fma,3500,0xAA,57,0.468041496,0.000230536,65.670303000,3.207511000,62.462792000,140.308719603,133.455671255
avx2_fma,3500,0xAA,58,0.468059170,0.000250313,65.405717000,3.220573000,62.185144000,139.738138268,132.857441965
avx2_fma,3500,0xAA,59,0.468203779,0.000518066,66.233839000,3.228996000,63.004843000,141.463700114,134.567138950
avx2_fma,3500,0xAA,60,0.468089275,0.000275311,65.909866000,3.217704000,62.692162000,140.806186950,133.932062354
avx2_fma,3500,0xAA,61,0.468135938,0.000265407,65.411087000,3.206291000,62.204796000,139.726694119,132.877634390
avx2_fma,3500,0xAA,62,0.468087150,0.000245982,65.408951000,3.227531000,62.181420000,139.736694427,132.841544663
avx2_fma,3500,0xAA,63,0.468107343,0.000229276,65.543594000,3.210258000,62.333336000,140.018299029,133.160346373
avx2_fma,3500,0xAA,64,0.468142418,0.000249701,65.776870000,3.159415000,62.617455000,140.506109799,133.757276799
avx2_fma,3500,0xAA,65,0.468163234,0.000292410,65.971633000,3.218742000,62.752891000,140.915877677,134.040621854
avx2_fma,3500,0xAA,66,0.468127822,0.000225636,65.423843000,3.197135000,62.226708000,139.756365389,132.926745685
avx2_fma,3500,0xAA,67,0.468122646,0.000249015,65.568619000,3.193046000,62.375573000,140.067180258,133.246219919
avx2_fma,3500,0xAA,68,0.468140343,0.000234387,65.031510000,3.188895000,61.842615000,138.914560542,132.102725056
avx2_fma,3500,0xAA,69,0.468302184,0.000499287,66.124038000,3.208915000,62.915123000,141.199508040,134.347276491
avx2_fma,3500,0xAA,70,0.468096609,0.000235169,66.117628000,3.187797000,62.929831000,141.247825158,134.437698919
avx2_fma,3500,0xAA,71,0.468154071,0.000277707,65.985305000,3.212943000,62.772362000,140.947839723,134.084836286
avx2_fma,3500,0xAA,72,0.468165044,0.000260648,66.012831000,3.199455000,62.813376000,141.003331744,134.169299512
avx2_fma,3500,0xAA,73,0.468218956,0.000290657,65.762344000,3.183829000,62.578515000,140.452117737,133.652245677
avx2_fma,3500,0xAA,74,0.468124688,0.000211575,65.835586000,3.216362000,62.619224000,140.636859575,133.766121751
avx2_fma,3500,0xAA,75,0.468170260,0.000279600,65.887954000,3.219108000,62.668846000,140.735026751,133.859092336
avx2_fma,3500,0xAA,76,0.468124396,0.000224870,65.815811000,3.208061000,62.607750000,140.594704265,133.741694621
avx2_fma,3500,0xAA,77,0.468183970,0.000346904,65.979141000,3.215935000,62.763206000,140.925672743,134.056716941
avx2_fma,3500,0xAA,78,0.468021961,0.000208573,65.647659000,3.203910000,62.443749000,140.266193706,133.420553396
avx2_fma,3500,0xAA,79,0.468092650,0.000306103,65.626297000,3.223076000,62.403221000,140.199375049,133.313823653
avx2_fma,3500,0xAA,80,0.468209310,0.000520537,66.092543000,3.224540000,62.868003000,141.160249494,134.273286907
avx2_fma,3500,0xAA,81,0.468021748,0.000213446,65.964980000,3.192741000,62.772239000,140.944262134,134.122482996
avx2_fma,3500,0xAA,82,0.468193580,0.000560953,66.260512000,3.186088000,63.074424000,141.523751800,134.718686253
avx2_fma,3500,0xAA,83,0.468067935,0.000199195,65.821304000,3.175712000,62.645592000,140.623398962,133.838674436
avx2_fma,3500,0xAA,84,0.468142453,0.000278413,65.614944000,3.191887000,62.423057000,140.160208873,133.342012875
avx2_fma,3500,0xAA,85,0.468113327,0.000210664,65.685745000,3.186271000,62.499474000,140.320177255,133.513554121
avx2_fma,3500,0xAA,86,0.468159780,0.000287015,65.815505000,3.207634000,62.607871000,140.583424296,133.731844693
avx2_fma,3500,0xAA,87,0.468109166,0.000223922,65.927810000,3.199943000,62.727867000,140.838536946,134.002646440
avx2_fma,3500,0xAA,88,0.468163396,0.000370150,65.595840000,3.208854000,62.386986000,140.113132488,133.258999884
avx2_fma,3500,0xAA,89,0.468133977,0.000182980,65.661942000,3.204276000,62.457666000,140.263141090,133.418356989
avx2_fma,3500,0xAA,90,0.468053714,0.000292084,65.838271000,3.189506000,62.648765000,140.663921609,133.849519967
avx2_fma,3500,0xAA,91,0.468185208,0.000534082,66.350966000,3.225028000,63.125938000,141.719483907,134.831124456
avx2_fma,3500,0xAA,92,0.468087065,0.000271684,65.789748000,3.209159000,62.580589000,140.550237134,133.694335232
avx2_fma,3500,0xAA,93,0.468134447,0.000233687,65.704117000,3.215628000,62.488489000,140.353091630,133.484064970
avx2_fma,3500,0xAA,94,0.469053156,0.004686721,68.224861000,3.382193000,64.842668000,145.452301326,138.241619645
avx2_fma,3500,0xAA,95,0.468053050,0.000236487,65.657852000,3.221489000,62.436363000,140.278654257,133.395910947
avx2_fma,3500,0xAA,96,0.468091454,0.000296440,65.805374000,3.218009000,62.587365000,140.582301680,133.707557498
avx2_fma,3500,0xAA,97,0.468066517,0.000227676,65.691726000,3.203971000,62.487755000,140.346988482,133.501869493
avx2_fma,3500,0xAA,98,0.470141205,0.010595387,71.334961000,3.590262000,67.744699000,151.730927457,144.094366430
avx2_fma,3500,0xAA,99,0.467980506,0.000215583,65.936782000,3.161674000,62.775108000,140.896428664,134.140433578
avx2_fma,3700,0x00,0,0.468125698,0.000504575,65.883071000,3.240104000,62.642967000,140.737992416,133.816552275
avx2_fma,3700,0x00,1,0.471435427,0.017653185,74.340020000,3.868642000,70.471378000,157.688658447,149.482567475
avx2_fma,3700,0x00,2,0.467993941,0.000258916,65.317216000,3.213493000,62.103723000,139.568507854,132.701980918
avx2_fma,3700,0x00,3,0.468307949,0.001260136,65.821609000,3.265739000,62.555870000,140.551979089,133.578492926
avx2_fma,3700,0x00,4,0.470769695,0.014240735,72.488095000,3.760671000,68.727424000,153.977827864,145.989482304
avx2_fma,3700,0x00,5,0.467978454,0.000206662,65.236101000,3.227653000,62.008448000,139.399795862,132.502783894
avx2_fma,3700,0x00,6,0.468038401,0.000226769,64.982439000,3.225822000,61.756617000,138.839973080,131.947756559
avx2_fma,3700,0x00,7,0.468065464,0.000261333,65.261124000,3.226921000,62.034203000,139.427343073,132.533177087
avx2_fma,3700,0x00,8,0.468053290,0.000222038,64.655780000,3.212150000,61.443630000,138.137646656,131.274859729
avx2_fma,3700,0x00,9,0.468111470,0.000276076,65.389481000,3.218680000,62.170801000,139.687841723,132.811958087
avx2_fma,3700,0x00,10,0.468204984,0.000480138,66.042006000,3.242423000,62.799583000,141.053616070,134.128395038
avx2_fma,3700,0x00,11,0.468225815,0.000841476,65.796158000,3.249442000,62.546716000,140.522277578,133.582374025
avx2_fma,3700,0x00,12,0.468066182,0.000225583,65.485062000,3.208366000,62.276696000,139.905561571,133.051047988
avx2_fma,3700,0x00,13,0.468155481,0.000317283,65.440507000,3.216972000,62.223535000,139.783703654,132.912114766
avx2_fma,3700,0x00,14,0.468107007,0.000246124,65.511551000,3.220390000,62.291161000,139.949947438,133.070345225
avx2_fma,3700,0x00,15,0.468081423,0.000221671,65.097917000,3.203666000,61.894251000,139.073917093,132.229667688
avx2_fma,3700,0x00,16,0.468109126,0.000263691,64.689715000,3.187308000,61.502407000,138.193663489,131.384763972
avx2_fma,3700,0x00,17,0.468133414,0.000239815,65.430558000,3.217399000,62.213159000,139.769040285,132.896215351
avx2_fma,3700,0x00,18,0.468102788,0.000278524,65.129777000,3.215629000,61.914148000,139.135631372,132.266138004
avx2_fma,3700,0x00,19,0.468100808,0.000226839,65.421342000,3.211967000,62.209375000,139.759087887,132.897388562
avx2_fma,3700,0x00,20,0.468251839,0.000900412,65.912612000,3.245353000,62.667259000,140.763167339,133.832381962
avx2_fma,3700,0x00,21,0.469726652,0.008000585,70.202885000,3.509940000,66.692945000,149.454762043,141.982458768
avx2_fma,3700,0x00,22,0.468024471,0.000225561,65.832534000,3.209281000,62.623253000,140.660452913,133.803373418
avx2_fma,3700,0x00,23,0.468106337,0.000256377,65.540176000,3.224418000,62.315758000,140.011298469,133.123081523
avx2_fma,3700,0x00,24,0.468084969,0.000245369,65.583694000,3.222526000,62.361168000,140.110660165,133.226170779
avx2_fma,3700,0x00,25,0.468102939,0.000227378,65.173967000,3.183158000,61.990809000,139.229988919,132.429864982
avx2_fma,3700,0x00,26,0.468173353,0.000295937,65.583511000,3.221428000,62.362083000,140.083818525,133.202974111
avx2_fma,3700,0x00,27,0.468076999,0.000205378,65.185991000,3.218253000,61.967738000,139.263392870,132.387915102
avx2_fma,3700,0x00,28,0.468254069,0.000901595,65.677383000,3.254569000,62.422814000,140.260143634,133.309709640
avx2_fma,3700,0x00,29,0.468079665,0.000231057,65.270523000,3.210197000,62.060326000,139.443192721,132.584964866
avx2_fma,3700,0x00,30,0.468103016,0.000261139,65.492447000,3.225028000,62.267419000,139.910328991,133.020760053
avx2_fma,3700,0x00,31,0.468238105,0.000428137,66.073256000,3.236930000,62.836326000,141.110378020,134.197378063
avx2_fma,3700,0x00,32,0.468102132,0.000267219,65.666153000,3.206779000,62.459374000,140.281679074,133.431082199
avx2_fma,3700,0x00,33,0.468153356,0.000228888,65.378800000,3.187492000,62.191308000,139.652528807,132.843879545
avx2_fma,3700,0x00,34,0.468064710,0.000301494,65.937515000,3.219413000,62.718102000,140.872647866,133.994511287
avx2_fma,3700,0x00,35,0.468093711,0.000375205,65.329972000,3.230094000,62.099878000,139.566010918,132.665482406
avx2_fma,3700,0x00,36,0.468062963,0.000223611,65.197709000,3.213187000,61.984522000,139.292604060,132.427743447
avx2_fma,3700,0x00,37,0.468231983,0.000790414,66.039931000,3.244255000,62.795676000,141.041050969,134.112316674
avx2_fma,3700,0x00,38,0.468112703,0.000223042,65.534744000,3.219658000,62.315086000,139.997790329,133.119835551
avx2_fma,3700,0x00,39,0.468110262,0.000274668,65.832229000,3.215507000,62.616722000,140.634022225,133.764899156
avx2_fma,3700,0x00,40,0.468082556,0.000227536,65.149369000,3.216056000,61.933313000,139.183501307,132.312798776
avx2_fma,3700,0x00,41,0.468111825,0.000280488,65.934036000,3.234245000,62.699791000,140.851037068,133.941908035
avx2_fma,3700,0x00,42,0.468227060,0.000515292,65.831070000,3.207939000,62.623131000,140.596466060,133.745219578
avx2_fma,3700,0x00,43,0.468094656,0.000282164,65.575699000,3.224296000,62.351403000,140.090680623,133.202552428
avx2_fma,3700,0x00,44,0.468113454,0.000247297,65.886489000,3.220695000,62.665794000,140.748975408,133.868816391
avx2_fma,3700,0x00,45,0.468144810,0.000393017,65.805007000,3.226554000,62.578453000,140.565494980,133.673281442
avx2_fma,3700,0x00,46,0.468066895,0.000223389,65.518753000,3.207023000,62.311730000,139.977327504,133.125693609
avx2_fma,3700,0x00,47,0.468126380,0.000286450,65.840286000,3.225700000,62.614586000,140.646391119,133.755730531
avx2_fma,3700,0x00,48,0.468055525,0.000240215,65.806472000,3.215629000,62.590843000,140.595438960,133.725251924
avx2_fma,3700,0x00,49,0.468065495,0.000260258,65.938735000,3.224174000,62.714561000,140.875018058,133.986721361
avx2_fma,3700,0x00,50,0.468040642,0.000211658,65.377091000,3.216484000,62.160607000,139.682508714,132.810276446
avx2_fma,3700,0x00,51,0.468081056,0.000233712,65.781447000,3.188957000,62.592490000,140.534307449,133.721476721
avx2_fma,3700,0x00,52,0.469700643,0.007743821,69.943791000,3.510490000,66.433301000,148.911422694,141.437534694
avx2_fma,3700,0x00,53,0.467946077,0.000163638,65.750503000,3.230461000,62.520042000,140.508717161,133.605227298
avx2_fma,3700,0x00,54,0.468122776,0.000277176,65.782790000,3.217826000,62.564964000,140.524651636,133.650758362
avx2_fma,3700,0x00,55,0.468133081,0.000257272,65.729690000,3.220573000,62.509117000,140.408129062,133.528519110
avx2_fma,3700,0x00,56,0.468080866,0.000285599,66.201429000,3.212822000,62.988607000,141.431606798,134.567788529
avx2_fma,3700,0x00,57,0.468076530,0.000223330,65.572159000,3.218009000,62.354150000,140.088542839,133.213579463
avx2_fma,3700,0x00,58,0.468122961,0.000288589,65.736099000,3.226860000,62.509239000,140.424855223,133.531666318
avx2_fma,3700,0x00,59,0.468118966,0.000274609,65.972670000,3.228385000,62.744285000,140.931418627,134.034913182
avx2_fma,3700,0x00,60,0.468094072,0.000298658,65.603164000,3.221305000,62.381859000,140.149529708,133.267782651
avx2_fma,3700,0x00,61,0.470274466,0.011506788,71.894408000,3.636282000,68.258126000,152.877549539,145.145294735
avx2_fma,3700,0x00,62,0.468073531,0.000720943,65.757034000,3.229484000,62.527550000,140.484410344,133.584887542
avx2_fma,3700,0x00,63,0.468125486,0.000451429,66.181533000,3.234489000,62.947044000,141.375624633,134.466176000
avx2_fma,3700,0x00,64,0.468048059,0.000251914,65.934951000,3.227103000,62.707848000,140.872181387,133.977370179
avx2_fma,3700,0x00,65,0.468077165,0.000265002,66.060438000,3.215995000,62.844443000,141.131512002,134.260860661
avx2_fma,3700,0x00,66,0.468106991,0.000264986,66.103956000,3.224113000,62.879843000,141.215485478,134.327929724
avx2_fma,3700,0x00,67,0.468072991,0.000228974,65.392411000,3.214164000,62.178247000,139.705584946,132.838784122
avx2_fma,3700,0x00,68,0.468131194,0.000381166,66.048781000,3.198540000,62.850241000,141.090322074,134.257750270
avx2_fma,3700,0x00,69,0.468077188,0.000232764,65.562942000,3.209465000,62.353477000,140.068654563,133.211954258
avx2_fma,3700,0x00,70,0.468088601,0.000240470,65.870010000,3.215079000,62.654931000,140.721243573,133.852716985
avx2_fma,3700,0x00,71,0.468237126,0.000873728,66.273573000,3.246818000,63.026755000,141.538484179,134.604352257
avx2_fma,3700,0x00,72,0.468006977,0.000173258,65.743850000,3.200675000,62.543175000,140.476217751,133.637270560
avx2_fma,3700,0x00,73,0.468184219,0.000440314,66.386487000,3.225028000,63.161459000,141.795652964,134.907278963
avx2_fma,3700,0x00,74,0.469954525,0.009805110,71.207276000,3.565848000,67.641428000,151.519502871,143.931858088
avx2_fma,3700,0x00,75,0.467998778,0.000209993,65.864273000,3.210074000,62.654199000,140.735993492,133.876843106
avx2_fma,3700,0x00,76,0.468153339,0.000278213,65.857376000,3.205131000,62.652245000,140.674797099,133.828469770
avx2_fma,3700,0x00,77,0.468183156,0.000573473,65.745498000,3.217216000,62.528282000,140.426875972,133.555172115
avx2_fma,3700,0x00,78,0.468057833,0.000219609,65.762466000,3.214286000,62.548180000,140.500727257,133.633443408
avx2_fma,3700,0x00,79,0.468237687,0.000896328,66.118361000,3.247428000,62.870933000,141.206833391,134.271407019
avx2_fma,3700,0x00,80,0.468123161,0.000267576,65.895645000,3.213310000,62.682335000,140.765615857,133.901375268
avx2_fma,3700,0x00,81,0.468118433,0.000284603,66.093886000,3.223746000,62.870140000,141.190522046,134.303918636
avx2_fma,3700,0x00,82,0.468286069,0.000176428,65.992873000,3.220939000,62.771934000,140.924271271,134.046127302
avx2_fma,3700,0x00,83,0.468077299,0.000284301,65.933669000,3.224845000,62.708824000,140.860642250,133.971085749
avx2_fma,3700,0x00,84,0.468181619,0.000479633,66.097610000,3.231071000,62.866539000,141.179421110,134.278101480
avx2_fma,3700,0x00,85,0.468159171,0.000535204,66.326978000,3.213553000,63.113425000,141.676126503,134.811894857
avx2_fma,3700,0x00,86,0.468090880,0.000220992,65.792007000,3.218620000,62.573387000,140.553917574,133.677859664
avx2_fma,3700,0x00,87,0.468250857,0.000962657,66.502698000,3.262138000,63.240560000,142.023654555,135.057008473
avx2_fma,3700,0x00,88,0.468043005,0.000191129,65.686051000,3.221915000,62.464136000,140.341913752,133.458112547
avx2_fma,3700,0x00,89,0.468045850,0.000234664,65.809280000,3.227043000,62.582237000,140.604344746,133.709629191
avx2_fma,3700,0x00,90,0.468069955,0.000271657,66.263868000,3.227652000,63.036216000,141.568300329,134.672638765
avx2_fma,3700,0x00,91,0.468066770,0.000201983,65.737076000,3.210563000,62.526513000,140.443800390,133.584601646
avx2_fma,3700,0x00,92,0.468099298,0.000270694,65.782730000,3.224723000,62.558007000,140.531571680,133.642599583
avx2_fma,3700,0x00,93,0.468077316,0.000238058,65.774063000,3.208060000,62.566003000,140.519655208,133.665958409
avx2_fma,3700,0x00,94,0.468098438,0.000295833,66.021437000,3.205497000,62.815940000,141.041780191,134.193868000
avx2_fma,3700,0x00,95,0.468144822,0.000529501,66.267165000,3.234550000,63.032615000,141.552703194,134.643409638
avx2_fma,3700,0x00,96,0.468219399,0.000929179,66.327284000,3.243827000,63.083457000,141.658556034,134.730549622
avx2_fma,3700,0x00,97,0.468119327,0.000301305,65.825942000,3.215202000,62.610740000,140.617868701,133.749530186
avx2_fma,3700,0x00,98,0.468308693,0.001285179,66.677014000,3.251883000,63.425131000,142.378339291,135.434451535
avx2_fma,3700,0x00,99,0.468078737,0.000194719,66.121901000,3.229911000,62.891990000,141.262347205,134.361988894
avx2_fma,3700,0xAA,0,0.468110522,0.000228271,65.109086000,3.220145000,61.888941000,139.089131743,132.210104565
avx2_fma,3700,0xAA,1,0.468105336,0.000231940,65.589005000,3.208487000,62.380518000,140.115909627,133.261710901
avx2_fma,3700,0xAA,2,0.468117569,0.000314304,65.638260000,3.197929000,62.440331000,140.217467570,133.386002113
avx2_fma,3700,0xAA,3,0.468104336,0.000220239,65.388077000,3.221549000,62.166528000,139.686971283,132.804853880
avx2_fma,3700,0xAA,4,0.468273620,0.000955567,65.996840000,3.254875000,62.741965000,140.936489377,133.985692098
avx2_fma,3700,0xAA,5,0.468126368,0.000228747,65.536942000,3.219047000,62.317895000,139.998399001,133.121950199
avx2_fma,3700,0xAA,6,0.468116111,0.000272189,66.078871000,3.222282000,62.856589000,141.159147040,134.275636899
avx2_fma,3700,0xAA,7,0.468218904,0.000506827,65.818679000,3.239494000,62.579185000,140.572451257,133.653691730
avx2_fma,3700,0xAA,8,0.468080864,0.000240422,65.768081000,3.215629000,62.552452000,140.505810210,133.635995079
avx2_fma,3700,0xAA,9,0.469768054,0.008473583,69.871953000,3.536124000,66.335829000,148.737131946,141.209749078
avx2_fma,3700,0xAA,10,0.468113428,0.000577600,65.654861000,3.255912000,62.398949000,140.254171570,133.298780403
avx2_fma,3700,0xAA,11,0.468044824,0.000197228,65.409928000,3.200370000,62.209558000,139.751418200,132.913675675
avx2_fma,3700,0xAA,12,0.468238223,0.000946933,65.743057000,3.251212000,62.491845000,140.405148108,133.461648319
avx2_fma,3700,0xAA,13,0.468102343,0.000223478,65.355789000,3.215873000,62.139916000,139.618589913,132.748568750
avx2_fma,3700,0xAA,14,0.468174417,0.000299145,66.064101000,3.236137000,62.827964000,141.110019120,134.197772574
avx2_fma,3700,0xAA,15,0.468075037,0.000239283,65.708877000,3.214774000,62.494103000,140.381075364,133.513001342
avx2_fma,3700,0xAA,16,0.468092332,0.000253901,65.752883000,3.233207000,62.519676000,140.469899868,133.562700627
avx2_fma,3700,0xAA,17,0.468214819,0.000492671,65.741837000,3.248832000,62.493005000,140.409560692,133.470796965
avx2_fma,3700,0xAA,18,0.468097713,0.000233587,65.591323000,3.241446000,62.349877000,140.123143605,133.198422734
avx2_fma,3700,0xAA,19,0.468163281,0.000376603,65.608719000,3.230827000,62.377892000,140.140676753,133.239607975
avx2_fma,3700,0xAA,20,0.468112707,0.000204141,65.246476000,3.219535000,62.026941000,139.381980128,132.504288168
avx2_fma,3700,0xAA,21,0.468193868,0.000845898,65.857375000,3.243400000,62.613975000,140.662617413,133.735145231
avx2_fma,3700,0xAA,22,0.469008398,0.005021794,67.783274000,3.406851000,64.376423000,144.524648646,137.260704096
avx2_fma,3700,0xAA,23,0.467952005,0.000206198,65.916274000,3.215873000,62.700401000,140.861185134,133.988956858
avx2_fma,3700,0xAA,24,0.468023802,0.000218954,65.244034000,3.226005000,62.018029000,139.403239282,132.510416760
avx2_fma,3700,0xAA,25,0.468065117,0.000258017,65.604813000,3.210807000,62.394006000,140.161722284,133.301978030
avx2_fma,3700,0xAA,26,0.468086944,0.000233283,65.776443000,3.227469000,62.548974000,140.521849420,133.626829073
avx2_fma,3700,0xAA,27,0.468118811,0.000369306,65.604934000,3.237296000,62.367638000,140.145904242,133.230360737
avx2_fma,3700,0xAA,28,0.468198524,0.000515017,66.180861000,3.224113000,62.956748000,141.352134997,134.465925764
avx2_fma,3700,0xAA,29,0.468226338,0.000794799,66.072890000,3.246635000,62.826255000,141.113142539,134.179241698
avx2_fma,3700,0xAA,30,0.468125811,0.000271130,65.544876000,3.219962000,62.324914000,140.015513981,133.137102396
avx2_fma,3700,0xAA,31,0.468149850,0.000304084,65.647598000,3.229789000,62.417809000,140.227745357,133.328695838
avx2_fma,3700,0xAA,32,0.468099858,0.000246474,65.896438000,3.210197000,62.686241000,140.774317411,133.916385402
avx2_fma,3700,0xAA,33,0.468136592,0.000266827,66.007216000,3.219535000,62.787681000,140.999907127,134.122566080
avx2_fma,3700,0xAA,34,0.468111538,0.000248204,65.532852000,3.216300000,62.316552000,139.994096792,133.123298409
avx2_fma,3700,0xAA,35,0.468915876,0.003739049,67.535227000,3.353324000,64.181903000,144.024185191,136.872957924
avx2_fma,3700,0xAA,36,0.467893202,0.000101761,65.216996000,3.204521000,62.012475000,139.384363325,132.535533315
avx2_fma,3700,0xAA,37,0.468005210,0.000218263,65.703201000,3.208244000,62.494957000,140.389892294,133.534746384
avx2_fma,3700,0xAA,38,0.468243165,0.000823689,65.827590000,3.249381000,62.578209000,140.584198265,133.644682133
avx2_fma,3700,0xAA,39,0.468004548,0.000179705,65.794204000,3.226188000,62.568016000,140.584539918,133.691042800
avx2_fma,3700,0xAA,40,0.468077498,0.000302256,66.165541000,3.226310000,62.939231000,141.355953433,134.463270032
avx2_fma,3700,0xAA,41,0.468044997,0.000205298,65.245438000,3.212394000,62.033044000,139.399926221,132.536496373
avx2_fma,3700,0xAA,42,0.468094493,0.000271990,65.563126000,3.231071000,62.332055000,140.063869594,133.161265419
avx2_fma,3700,0xAA,43,0.468100679,0.000233326,65.511123000,3.215019000,62.296104000,139.950925023,133.082703835
avx2_fma,3700,0xAA,44,0.468371451,0.001649110,66.344862000,3.276847000,63.068015000,141.650098280,134.653841364
avx2_fma,3700,0xAA,45,0.468008715,0.000212796,65.822646000,3.226921000,62.595725000,140.644060378,133.749058437
avx2_fma,3700,0xAA,46,0.468164510,0.000841662,65.937026000,3.243277000,62.693749000,140.841573030,133.913929153
avx2_fma,3700,0xAA,47,0.468049097,0.000222517,65.629104000,3.207084000,62.422020000,140.218418026,133.366393276
avx2_fma,3700,0xAA,48,0.468121950,0.000283461,65.839065000,3.220572000,62.618493000,140.645113949,133.765342557
avx2_fma,3700,0xAA,49,0.468219950,0.000430561,66.231337000,3.237784000,62.993553000,141.453470692,134.538378760
avx2_fma,3700,0xAA,50,0.468068602,0.000274510,66.051711000,3.232475000,62.819236000,141.115449227,134.209463677
avx2_fma,3700,0xAA,51,0.468115120,0.000237355,65.692886000,3.230033000,62.462853000,140.334894459,133.434811851
avx2_fma,3700,0xAA,52,0.468143720,0.000581058,66.113661000,3.235282000,62.878379000,141.225137156,134.314263710
avx2_fma,3700,0xAA,53,0.468019652,0.000214237,65.503189000,3.203849000,62.299340000,139.958202065,133.112658320
avx2_fma,3700,0xAA,54,0.468061619,0.000235110,65.520645000,3.211112000,62.309533000,139.982947523,133.122500368
avx2_fma,3700,0xAA,55,0.468094874,0.000364007,65.739639000,3.221122000,62.518517000,140.440843730,133.559499410
avx2_fma,3700,0xAA,56,0.468060961,0.000235241,65.335160000,3.215202000,62.119958000,139.586860449,132.717665472
avx2_fma,3700,0xAA,57,0.468094425,0.000271229,66.010146000,3.218071000,62.792075000,141.018868062,134.144035067
avx2_fma,3700,0xAA,58,0.468089226,0.000230173,65.675430000,3.213248000,62.462182000,140.305365499,133.440759738
avx2_fma,3700,0xAA,59,0.468110962,0.000268203,65.713211000,3.227103000,62.486108000,140.379560178,133.485675479
avx2_fma,3700,0xAA,60,0.468212080,0.000508588,66.273268000,3.239555000,63.033713000,141.545403836,134.626413200
avx2_fma,3700,0xAA,61,0.468180652,0.000401956,65.828078000,3.238395000,62.589683000,140.604012071,133.687034643
avx2_fma,3700,0xAA,62,0.470390461,0.012428473,71.843139000,3.675528000,68.167611000,152.730858711,144.917077807
avx2_fma,3700,0xAA,63,0.467939223,0.000313237,65.501846000,3.212699000,62.289147000,139.979387996,133.113754929
avx2_fma,3700,0xAA,64,0.468054729,0.000222432,65.364090000,3.224540000,62.139550000,139.650527845,132.761290757
avx2_fma,3700,0xAA,65,0.468086766,0.000274435,65.938552000,3.224967000,62.713585000,140.868225369,133.978547565
avx2_fma,3700,0xAA,66,0.468069541,0.000233658,65.746292000,3.210868000,62.535424000,140.462658229,133.602848485
avx2_fma,3700,0xAA,67,0.468075474,0.000250511,65.839126000,3.226554000,62.612572000,140.659209042,133.765974560
avx2_fma,3700,0xAA,68,0.468088565,0.000230966,65.759781000,3.231987000,62.527794000,140.485766876,133.581118392
avx2_fma,3700,0xAA,69,0.468128892,0.000344732,65.546525000,3.225883000,62.320642000,140.018115064,133.127100520
avx2_fma,3700,0xAA,70,0.468209769,0.000431319,66.128432000,3.234550000,62.893882000,141.236762673,134.328427530
avx2_fma,3700,0xAA,71,0.468256275,0.000944056,66.420301000,3.251640000,63.168661000,141.846045607,134.901899483
avx2_fma,3700,0xAA,72,0.468017604,0.000215025,65.832656000,3.186454000,62.646202000,140.662777356,133.854371061
avx2_fma,3700,0xAA,73,0.468114532,0.000263190,65.876662000,3.223930000,62.652732000,140.727658397,133.840604530
avx2_fma,3700,0xAA,74,0.468080480,0.000252067,66.021926000,3.225150000,62.796776000,141.048235903,134.158074625
avx2_fma,3700,0xAA,75,0.468083063,0.000231175,65.608230000,3.195061000,62.413169000,140.163648668,133.337806736
avx2_fma,3700,0xAA,76,0.468101890,0.000282992,65.588883000,3.212943000,62.375940000,140.116680473,133.252911994
avx2_fma,3700,0xAA,77,0.468108448,0.000244060,65.552017000,3.193778000,62.358239000,140.035962318,133.213231362
avx2_fma,3700,0xAA,78,0.469386496,0.006603666,69.112249000,3.453910000,65.658339000,147.239534101,139.881184364
avx2_fma,3700,0xAA,79,0.467918489,0.000129218,65.345780000,3.216484000,62.129296000,139.652057957,132.778031662
avx2_fma,3700,0xAA,80,0.468044587,0.000414937,65.927504000,3.211906000,62.715598000,140.857315298,133.994922083
avx2_fma,3700,0xAA,81,0.468103876,0.000526680,65.893630000,3.221610000,62.672020000,140.767110461,133.884855974
avx2_fma,3700,0xAA,82,0.468048107,0.000266173,65.767166000,3.214713000,62.552453000,140.513688649,133.645349795
avx2_fma,3700,0xAA,83,0.468261983,0.001038258,65.866531000,3.251213000,62.615318000,140.661709377,133.718559780
avx2_fma,3700,0xAA,84,0.468028414,0.000227380,65.863845000,3.218558000,62.645287000,140.726167471,133.849324309
avx2_fma,3700,0xAA,85,0.468054226,0.000222238,65.539872000,3.213554000,62.326318000,140.026237067,133.160464210
avx2_fma,3700,0xAA,86,0.468121461,0.000335054,65.566238000,3.214347000,62.351891000,140.062448397,133.195967651
avx2_fma,3700,0xAA,87,0.468084479,0.000228077,65.751419000,3.230461000,62.520958000,140.469128821,133.567680164
avx2_fma,3700,0xAA,88,0.468715490,0.003402821,67.407360000,3.340568000,64.066792000,143.812955592,136.685885826
avx2_fma,3700,0xAA,89,0.467934938,0.000147432,65.704849000,3.177665000,62.527184000,140.414497143,133.623670593
avx2_fma,3700,0xAA,90,0.468047308,0.000261771,65.927993000,3.210380000,62.717613000,140.857541393,133.998448416
avx2_fma,3700,0xAA,91,0.468171434,0.000493640,66.194655000,3.223868000,62.970787000,141.389777627,134.503693250
avx2_fma,3700,0xAA,92,0.468073114,0.000219386,66.081557000,3.214348000,62.867209000,141.177852474,134.310660350
avx2_fma,3700,0xAA,93,0.468068224,0.000265700,65.976577000,3.217826000,62.758751000,140.955043853,134.080349446
avx2_fma,3700,0xAA,94,0.468135952,0.000294951,66.019301000,3.220145000,62.799156000,141.025915010,134.147261522
avx2_fma,3700,0xAA,95,0.468142588,0.000372640,65.581863000,3.226189000,62.355674000,140.089503959,133.198037385
avx2_fma,3700,0xAA,96,0.468039656,0.000213929,65.430008000,3.210441000,62.219567000,139.795863847,132.936528403
avx2_fma,3700,0xAA,97,0.468272138,0.001048941,66.495130000,3.262504000,63.232626000,142.001038602,135.033927530
avx2_fma,3700,0xAA,98,0.468053612,0.000210697,65.527359000,3.199272000,62.328087000,139.999686617,133.164418353
avx2_fma,3700,0xAA,99,0.469875532,0.009105006,70.443057000,3.553946000,66.889111000,149.918546917,142.354956652
