kernel,freq_mhz,operand,trial,mean_time_s,std_time_s,pkg_J,dram_J,cores_J,pkg_W,cores_W
avx2_mul,800,0x00,0,1.756989203,0.001846437,168.791438000,12.148772000,156.642666000,96.068568742,89.154028811
avx2_mul,800,0x00,1,1.758029050,0.007802870,171.374500000,12.399809000,158.974691000,97.481039932,90.427795276
avx2_mul,800,0x00,2,1.756344697,0.000773846,168.174374000,12.119293000,156.055081000,95.752487694,88.852194705
avx2_mul,800,0x00,3,1.758719202,0.012173987,173.531905000,12.554778000,160.977127000,98.669477681,91.530886149
avx2_mul,800,0x00,4,1.756518198,0.000754514,168.200253000,12.146880000,156.053373000,95.757762812,88.842445902
avx2_mul,800,0x00,5,1.762335454,0.025638250,179.514799000,13.021940000,166.492859000,101.861878009,94.472853421
avx2_mul,800,0x00,6,1.763406554,0.035939540,184.341813000,13.445278000,170.896535000,104.537330105,96.912725346
avx2_mul,800,0x00,7,1.756511796,0.000836552,168.503109000,12.122771000,156.380338000,95.930530823,89.028914206
avx2_mul,800,0x00,8,1.756718662,0.000911807,168.385983000,12.117157000,156.268826000,95.852561152,88.954952980
avx2_mul,800,0x00,9,1.756691793,0.000897618,168.491145000,12.116119000,156.375026000,95.913890939,89.016768148
avx2_mul,800,0x00,10,1.757244246,0.002114130,168.869746000,12.153839000,156.715907000,96.099188495,89.182768635
avx2_mul,800,0x00,11,1.756754968,0.001001879,168.258480000,12.078888000,156.179592000,95.778001527,88.902319818
avx2_mul,800,0x00,12,1.756620003,0.000877975,168.485653000,12.090607000,156.395046000,95.914684281,89.031802964
avx2_mul,800,0x00,13,1.756642568,0.000881926,168.380733000,12.114532000,156.266201000,95.853724614,88.957311982
avx2_mul,800,0x00,14,1.756559880,0.000834185,168.432003000,12.081817000,156.350186000,95.887424596,89.009311791
avx2_mul,800,0x00,15,1.756361276,0.000705613,168.090695000,12.099090000,155.991605000,95.703940480,88.815215383
avx2_mul,800,0x00,16,1.756552007,0.001028609,168.368954000,12.086028000,156.282926000,95.851960719,88.971419779
avx2_mul,800,0x00,17,1.756575450,0.000928651,168.290646000,12.095000000,156.195646000,95.806101594,88.920544813
avx2_mul,800,0x00,18,1.756474135,0.000813708,168.295895000,12.087860000,156.208035000,95.814616145,88.932727161
avx2_mul,800,0x00,19,1.763749000,0.038752341,185.639173000,13.517422000,172.121751000,105.252602811,97.588574654
avx2_mul,800,0x00,20,1.767068005,0.053175396,192.407588000,14.103724000,178.303864000,108.885219742,100.903792903
avx2_mul,800,0x00,21,1.770453737,0.072406613,201.117771000,14.825829000,186.291942000,113.596738986,105.222711078
avx2_mul,800,0x00,22,1.761107147,0.024657980,179.348357000,13.024869000,166.323488000,101.838413019,94.442571703
avx2_mul,800,0x00,23,1.765280177,0.045566812,188.728399000,13.799403000,174.928996000,106.911300223,99.094182477
avx2_mul,800,0x00,24,1.758254125,0.006731253,170.622182000,12.319548000,158.302634000,97.040683472,90.033989829
avx2_mul,800,0x00,25,1.756525920,0.000851340,168.424190000,12.142914000,156.281276000,95.884830419,88.971801776
avx2_mul,800,0x00,26,1.759166468,0.013820259,174.643901000,12.577055000,162.066846000,99.276506316,92.127066382
avx2_mul,800,0x00,27,1.760108381,0.018566883,176.824926000,12.763700000,164.061226000,100.462521463,93.210865748
avx2_mul,800,0x00,28,1.765727301,0.047745948,189.950381000,13.831752000,176.118629000,107.576283639,99.742824877
avx2_mul,800,0x00,29,1.756339395,0.000780824,168.706538000,12.075165000,156.631373000,96.055772847,89.180584013
avx2_mul,800,0x00,30,1.759453885,0.013667256,174.550334000,12.590483000,161.959851000,99.207109347,92.051205402
avx2_mul,800,0x00,31,1.766470583,0.051276878,191.673337000,13.945826000,177.727511000,108.506384893,100.611644877
avx2_mul,800,0x00,32,1.756606512,0.001008577,168.655269000,12.071564000,156.583705000,96.011979848,89.139886457
avx2_mul,800,0x00,33,1.756522111,0.000941538,168.748714000,12.095123000,156.653591000,96.069792114,89.183956219
avx2_mul,800,0x00,34,1.761329443,0.023980264,179.396025000,12.933317000,166.462708000,101.852623703,94.509694730
avx2_mul,800,0x00,35,1.759624069,0.017398527,176.067298000,12.701139000,163.366159000,100.059609940,92.841511926
avx2_mul,800,0x00,36,1.756163510,0.000724852,168.544063000,12.115509000,156.428554000,95.972876134,89.074025924
avx2_mul,800,0x00,37,1.756357883,0.000906621,168.391659000,12.150726000,156.240933000,95.875482251,88.957344370
avx2_mul,800,0x00,38,1.760521951,0.020835280,177.582919000,12.846098000,164.736821000,100.869471615,93.572716246
avx2_mul,800,0x00,39,1.756387199,0.000867057,168.462459000,12.104767000,156.357692000,95.914191980,89.022336354
avx2_mul,800,0x00,40,1.756862539,0.001927132,169.022578000,12.126800000,156.895778000,96.207059032,89.304526972
avx2_mul,800,0x00,41,1.756415143,0.000814881,168.644466000,12.090973000,156.553493000,96.016290163,89.132397679
avx2_mul,800,0x00,42,1.761796251,0.027227446,180.479457000,13.041105000,167.438352000,102.440595471,95.038431347
avx2_mul,800,0x00,43,1.765650225,0.046550335,189.488528000,13.803127000,175.685401000,107.319402948,99.501814389
avx2_mul,800,0x00,44,1.761315687,0.022837845,178.760041000,12.924344000,165.835697000,101.492334562,94.154442727
avx2_mul,800,0x00,45,1.757615820,0.005925370,170.720083000,12.294585000,158.425498000,97.131626288,90.136590821
avx2_mul,800,0x00,46,1.771949250,0.080618553,204.855798000,15.091331000,189.764467000,115.610420528,107.093624126
avx2_mul,800,0x00,47,1.759541092,0.016112907,175.644204000,12.643217000,163.000987000,99.823871600,92.638352000
avx2_mul,800,0x00,48,1.756690463,0.001023846,168.631770000,12.114104000,156.517666000,95.994014619,89.098033651
avx2_mul,800,0x00,49,1.756553680,0.000921754,168.600154000,12.093536000,156.506618000,95.983490797,89.098682131
avx2_mul,800,0x00,50,1.758745210,0.005781199,170.396232000,12.268462000,158.127770000,96.885115038,89.909424682
avx2_mul,800,0x00,51,1.775115218,0.074832764,201.416537000,14.791467000,186.625070000,113.466740046,105.134060088
avx2_mul,800,0x00,52,1.770742412,0.051985328,185.990430000,13.515102000,172.475328000,105.035282815,97.402833335
avx2_mul,800,0x00,53,1.773858202,0.058522277,189.389286000,13.772365000,175.616921000,106.766868844,99.002795602
avx2_mul,800,0x00,54,1.758543865,0.009836067,172.660569000,12.451079000,160.209490000,98.183828341,91.103493727
avx2_mul,800,0x00,55,1.756453842,0.000831196,168.586971000,12.115265000,156.471706000,95.981441134,89.083870180
avx2_mul,800,0x00,56,1.756304205,0.000826340,168.532406000,12.146392000,156.386014000,95.958550623,89.042668988
avx2_mul,800,0x00,57,1.756567948,0.000883959,168.572628000,12.090667000,156.481961000,95.967040830,89.083921385
avx2_mul,800,0x00,58,1.756405728,0.000734950,168.392635000,12.125885000,156.266750000,95.873426220,88.969619881
avx2_mul,800,0x00,59,1.770788913,0.073307458,201.506809000,14.830895000,186.675914000,113.794934877,105.419631139
avx2_mul,800,0x00,60,1.770932233,0.072476354,201.480624000,14.755944000,186.724680000,113.770939562,105.438636536
avx2_mul,800,0x00,61,1.756305554,0.000727354,168.311824000,12.109100000,156.202724000,95.832882645,88.938239525
avx2_mul,800,0x00,62,1.756345610,0.000852131,168.781367000,12.099578000,156.681789000,96.098037924,89.208973532
avx2_mul,800,0x00,63,1.757360777,0.005397864,170.586111000,12.293242000,158.292869000,97.069488077,90.074201645
avx2_mul,800,0x00,64,1.756647286,0.001052916,168.574702000,12.149383000,156.425319000,95.963887174,89.047653566
avx2_mul,800,0x00,65,1.756696077,0.001008638,168.652950000,12.147979000,156.504971000,96.005764556,89.090522269
avx2_mul,800,0x00,66,1.756586403,0.000764862,168.641659000,12.098602000,156.543057000,96.005330958,89.117766544
avx2_mul,800,0x00,67,1.756529640,0.000882123,168.769648000,12.109649000,156.659999000,96.081298135,89.187222040
avx2_mul,800,0x00,68,1.756869948,0.001876004,169.062555000,12.169646000,156.892909000,96.229408005,89.302517363
avx2_mul,800,0x00,69,1.763995894,0.038403200,185.743299000,13.535915000,172.207384000,105.296899860,97.623460797
avx2_mul,800,0x00,70,1.757086131,0.002138048,168.805354000,12.168792000,156.636562000,96.071189127,89.145636767
avx2_mul,800,0x00,71,1.756613550,0.000889077,168.415158000,12.110504000,156.304654000,95.874905449,88.980671939
avx2_mul,800,0x00,72,1.756490205,0.000826206,168.325680000,12.123748000,156.201932000,95.830696648,88.928438972
avx2_mul,800,0x00,73,1.756421271,0.000817044,168.519283000,12.101409000,156.417874000,95.944683527,89.054873435
avx2_mul,800,0x00,74,1.771033630,0.074746278,202.272798000,14.905724000,187.367074000,114.211720528,105.795322473
avx2_mul,800,0x00,75,1.756593213,0.001027456,168.247556000,12.117584000,156.129972000,95.780602328,88.882258472
avx2_mul,800,0x00,76,1.758023333,0.008236579,171.729358000,12.383574000,159.345784000,97.683207506,90.639174717
avx2_mul,800,0x00,77,1.756630996,0.000815315,168.206662000,12.115203000,156.091459000,95.755262426,88.858422379
avx2_mul,800,0x00,78,1.756550292,0.000856932,168.523250000,12.098907000,156.424343000,95.939894660,89.052015017
avx2_mul,800,0x00,79,1.756572411,0.000849163,168.106137000,12.110564000,155.995573000,95.701228090,88.806798962
avx2_mul,800,0x00,80,1.757093379,0.001908356,168.900141000,12.170501000,156.729640000,96.124738150,89.198241732
avx2_mul,800,0x00,81,1.766925679,0.052931108,192.328487000,14.079371000,178.249116000,108.849222839,100.880935793
avx2_mul,800,0x00,82,1.756440769,0.000868245,168.276852000,12.133635000,156.143217000,95.805594471,88.897513529
avx2_mul,800,0x00,83,1.762074648,0.029268822,181.300439000,13.155301000,168.145138000,102.890328288,95.424525965
avx2_mul,800,0x00,84,1.756384558,0.000823323,168.142942000,12.122467000,156.020475000,95.732418741,88.830475232
avx2_mul,800,0x00,85,1.762778488,0.033104442,182.999532000,13.314602000,169.684930000,103.813118483,96.259927828
avx2_mul,800,0x00,86,1.756469500,0.000999522,168.306332000,12.113983000,156.192349000,95.820810980,88.924031391
avx2_mul,800,0x00,87,1.756426756,0.000904637,168.226132000,12.078155000,156.147977000,95.777481988,88.900932791
avx2_mul,800,0x00,88,1.768648209,0.049590712,189.502811000,13.866908000,175.635903000,107.145564630,99.305165432
avx2_mul,800,0x00,89,1.764264858,0.041611746,187.008188000,13.614284000,173.393904000,105.997796818,98.281107379
avx2_mul,800,0x00,90,1.762584483,0.030681631,181.965843000,13.245511000,168.720332000,103.238082927,95.723259593
avx2_mul,800,0x00,91,1.759534052,0.015687490,175.151285000,12.676115000,162.475170000,99.544129186,92.339883843
avx2_mul,800,0x00,92,1.756453871,0.000821838,168.378658000,12.119781000,156.258877000,95.862840901,88.962698974
avx2_mul,800,0x00,93,1.756504926,0.000914613,168.418026000,12.084808000,156.333218000,95.882467215,89.002436410
avx2_mul,800,0x00,94,1.756540770,0.000844707,168.303463000,12.122711000,156.180752000,95.815289828,88.913821212
avx2_mul,800,0x00,95,1.768599979,0.045096053,185.724988000,13.493251000,172.231737000,105.012433658,97.383093413
avx2_mul,800,0x00,96,1.765168861,0.033570773,181.998436000,13.191617000,168.806819000,103.105396901,95.632107919
avx2_mul,800,0x00,97,1.756596743,0.001032749,168.449093000,12.062957000,156.386136000,95.895141374,89.027909581
avx2_mul,800,0x00,98,1.756547067,0.000928776,168.709346000,12.055694000,156.653652000,96.046015008,89.182723825
avx2_mul,800,0x00,99,1.764737621,0.043856932,188.252631000,13.715785000,174.536846000,106.674572335,98.902433952
avx2_mul,800,0xAA,0,1.756829721,0.001828763,168.832332000,12.148223000,156.684109000,96.100566841,89.185711715
avx2_mul,800,0xAA,1,1.756434035,0.000921265,168.439877000,12.125580000,156.314297000,95.898777687,88.995256256
avx2_mul,800,0xAA,2,1.761998593,0.028418689,180.983484000,13.134060000,167.849424000,102.714885626,95.260816111
avx2_mul,800,0xAA,3,1.756564419,0.000849708,168.196835000,12.145843000,156.050992000,95.753297282,88.838752692
avx2_mul,800,0xAA,4,1.756365556,0.000768429,168.399471000,12.149566000,156.249905000,95.879511201,88.962064000
avx2_mul,800,0xAA,5,1.756446665,0.000807784,168.268246000,12.146270000,156.121976000,95.800373193,88.885121940
avx2_mul,800,0xAA,6,1.759696981,0.016101912,175.302651000,12.719206000,162.583445000,99.620930704,92.392864657
avx2_mul,800,0xAA,7,1.765739425,0.046135098,189.168522000,13.839625000,175.328897000,107.132750935,99.294887201
avx2_mul,800,0xAA,8,1.756618149,0.000955851,168.455440000,12.138336000,156.317104000,95.897586004,88.987526463
avx2_mul,800,0xAA,9,1.762294223,0.030091577,181.938926000,13.241299000,168.697627000,103.239812985,95.726141983
avx2_mul,800,0xAA,10,1.758762849,0.010053882,172.296678000,12.488127000,159.808551000,97.964701756,90.864183909
avx2_mul,800,0xAA,11,1.756438522,0.001000352,168.406368000,12.140716000,156.265652000,95.879454877,88.967333644
avx2_mul,800,0xAA,12,1.756510234,0.000845139,168.188291000,12.145111000,156.043180000,95.751386902,88.837045747
avx2_mul,800,0xAA,13,1.756562661,0.001042415,168.295895000,12.126983000,156.168912000,95.809787330,88.905972700
avx2_mul,800,0xAA,14,1.765495153,0.046271993,189.075626000,13.822352000,175.253274000,107.094956136,99.265791624
avx2_mul,800,0xAA,15,1.756278165,0.000694631,168.184262000,12.109710000,156.074552000,95.761745120,88.866647156
avx2_mul,800,0xAA,16,1.763972227,0.038240554,185.151260000,13.544643000,171.606617000,104.962684286,97.284194347
avx2_mul,800,0xAA,17,1.756563835,0.000779526,168.116147000,12.128814000,155.987333000,95.707393962,88.802541570
avx2_mul,800,0xAA,18,1.763662822,0.035716028,184.214006000,13.444729000,170.769277000,104.449673572,96.826487986
avx2_mul,800,0xAA,19,1.756715012,0.000947125,168.452267000,12.092132000,156.360135000,95.890492121,89.007114955
avx2_mul,800,0xAA,20,1.772784592,0.057468547,190.115420000,13.894862000,176.220558000,107.241128399,99.403254544
avx2_mul,800,0xAA,21,1.756625544,0.000848780,168.322873000,12.089141000,156.233732000,95.821715416,88.939690365
avx2_mul,800,0xAA,22,1.756571145,0.000742124,168.346798000,12.118255000,156.228543000,95.838303229,88.939490712
avx2_mul,800,0xAA,23,1.756312003,0.000771414,168.484432000,12.113860000,156.370572000,95.930809410,89.033481383
avx2_mul,800,0xAA,24,1.771168578,0.076491832,202.901824000,14.926170000,187.975654000,114.558166039,106.130865448
avx2_mul,800,0xAA,25,1.761136290,0.025350245,179.418058000,13.023404000,166.394654000,101.876305115,94.481418032
avx2_mul,800,0xAA,26,1.757170205,0.004740863,170.088615000,12.255156000,157.833459000,96.796892253,89.822521776
avx2_mul,800,0xAA,27,1.768492326,0.063319998,196.907210000,14.435144000,182.472066000,111.341851509,103.179450245
avx2_mul,800,0xAA,28,1.756465953,0.000738721,168.568783000,12.151337000,156.417446000,95.970424423,89.052364338
avx2_mul,800,0xAA,29,1.756503826,0.001021294,168.501461000,12.108184000,156.393277000,95.930027882,89.036684514
avx2_mul,800,0xAA,30,1.756958244,0.001990405,168.945308000,12.160858000,156.784450000,96.157839046,89.236298341
avx2_mul,800,0xAA,31,1.756554198,0.000827262,168.645198000,12.138579000,156.506619000,96.009105866,89.098656413
avx2_mul,800,0xAA,32,1.756547088,0.000822278,168.407345000,12.130646000,156.276699000,95.874085092,88.968123913
avx2_mul,800,0xAA,33,1.756629968,0.000864635,168.496883000,12.121124000,156.375759000,95.920533125,89.020318383
avx2_mul,800,0xAA,34,1.756552478,0.000946319,168.535152000,12.083221000,156.451931000,95.946551029,89.067609951
avx2_mul,800,0xAA,35,1.756487640,0.000852369,168.486324000,12.136017000,156.350307000,95.922294127,89.013041408
avx2_mul,800,0xAA,36,1.756659797,0.000973191,168.674067000,12.079437000,156.594630000,96.019768500,89.143401759
avx2_mul,800,0xAA,37,1.756591598,0.000855393,168.537349000,12.118988000,156.418361000,95.945664977,89.046515504
avx2_mul,800,0xAA,38,1.762188061,0.029629521,181.584618000,13.183987000,168.400631000,103.044971218,95.563370761
avx2_mul,800,0xAA,39,1.756542074,0.000781176,168.305721000,12.061920000,156.243801000,95.816504182,88.949649026
avx2_mul,800,0xAA,40,1.764974147,0.040373540,186.694957000,13.584621000,173.110336000,105.777728969,98.080947109
avx2_mul,800,0xAA,41,1.756802570,0.001026044,168.410580000,12.109405000,156.301175000,95.861984078,88.969117909
avx2_mul,800,0xAA,42,1.764096820,0.038781456,185.666761000,13.568691000,172.098070000,105.247489198,97.555909662
avx2_mul,800,0xAA,43,1.756610319,0.000848939,168.430538000,12.147247000,156.283291000,95.883837263,88.968674085
avx2_mul,800,0xAA,44,1.756559268,0.000872323,168.237790000,12.139068000,156.098722000,95.776893535,88.866185641
avx2_mul,800,0xAA,45,1.763805479,0.037576295,185.032730000,13.501797000,171.530933000,104.905406047,97.250481988
avx2_mul,800,0xAA,46,1.756457488,0.000829488,168.167661000,12.126189000,156.041472000,95.742517043,88.838741072
avx2_mul,800,0xAA,47,1.756642187,0.001151318,168.481319000,12.157806000,156.323513000,95.911005800,88.989957172
avx2_mul,800,0xAA,48,1.756689202,0.001080124,168.269405000,12.102813000,156.166592000,95.787806278,88.898247793
avx2_mul,800,0xAA,49,1.756436118,0.000814020,168.546810000,12.105560000,156.441250000,95.959544616,89.067429453
avx2_mul,800,0xAA,50,1.757092781,0.001859718,168.812739000,12.130706000,156.682033000,96.075028472,89.171177902
avx2_mul,800,0xAA,51,1.756804200,0.001130372,168.456294000,12.070648000,156.385646000,95.887916263,89.017117570
avx2_mul,800,0xAA,52,1.756732021,0.001024242,168.115292000,12.028045000,156.087247000,95.697744443,88.850914729
avx2_mul,800,0xAA,53,1.761555640,0.025624046,179.670560000,12.989957000,166.680603000,101.995393122,94.621253636
avx2_mul,800,0xAA,54,1.756607744,0.000977161,168.592830000,12.098723000,156.494107000,95.976367271,89.088817652
avx2_mul,800,0xAA,55,1.756606516,0.000837447,168.520747000,12.038788000,156.481959000,95.935398993,89.081964323
avx2_mul,800,0xAA,56,1.759073941,0.013170467,174.276409000,12.494474000,161.781935000,99.072816046,91.969945776
avx2_mul,800,0xAA,57,1.768716035,0.063862194,197.025191000,14.349817000,182.675374000,111.394473252,103.281346713
avx2_mul,800,0xAA,58,1.761325646,0.025102936,179.666777000,12.959989000,166.706788000,102.006563849,94.648475907
avx2_mul,800,0xAA,59,1.771301838,0.077593682,203.364530000,14.914635000,188.449895000,114.810771177,106.390616757
avx2_mul,800,0xAA,60,1.756867091,0.002025201,169.159113000,12.130340000,157.028773000,96.284524823,89.379995696
avx2_mul,800,0xAA,61,1.761554855,0.025408249,179.694791000,13.062100000,166.632691000,102.009194023,94.594097092
avx2_mul,800,0xAA,62,1.756634352,0.001095746,168.548519000,12.155486000,156.393033000,95.949688584,89.029929792
avx2_mul,800,0xAA,63,1.762564427,0.031647847,182.504843000,13.242520000,169.262323000,103.545062051,96.031850168
avx2_mul,800,0xAA,64,1.756404793,0.000833582,168.834590000,12.095000000,156.739590000,96.125102045,89.238876247
avx2_mul,800,0xAA,65,1.772273212,0.058694378,192.989863000,14.132960000,178.856903000,108.893968332,100.919486798
avx2_mul,800,0xAA,66,1.756328225,0.000812377,168.314999000,12.124054000,156.190945000,95.833453357,88.930384882
avx2_mul,800,0xAA,67,1.763733996,0.027819973,179.925565000,13.070034000,166.855531000,102.014002899,94.603569110
avx2_mul,800,0xAA,68,1.763282796,0.029904776,181.372888000,13.168789000,168.204099000,102.860918543,95.392582192
avx2_mul,800,0xAA,69,1.764074115,0.038893830,185.685682000,13.552638000,172.133044000,105.259569521,97.576990948
avx2_mul,800,0xAA,70,1.758684245,0.008044860,171.783679000,12.373382000,159.410297000,97.677385508,90.641795104
avx2_mul,800,0xAA,71,1.757773690,0.005958173,170.719900000,12.300383000,158.419517000,97.122798575,90.125092857
avx2_mul,800,0xAA,72,1.756699654,0.001018662,168.893610000,12.069244000,156.824366000,96.142564630,89.272156263
avx2_mul,800,0xAA,73,1.762254727,0.030530339,181.891380000,13.183621000,168.707759000,103.215146583,95.734036846
avx2_mul,800,0xAA,74,1.770332419,0.072727151,200.899877000,14.763878000,186.135999000,113.481442749,105.141834975
avx2_mul,800,0xAA,75,1.756344666,0.000823511,168.475459000,12.097442000,156.378017000,95.923916447,89.036064516
avx2_mul,800,0xAA,76,1.764859974,0.044509143,188.185493000,13.688197000,174.497296000,106.629135314,98.873167588
avx2_mul,800,0xAA,77,1.756340202,0.000734545,168.302730000,12.142425000,156.160305000,95.825814284,88.912333065
avx2_mul,800,0xAA,78,1.756541262,0.001010412,168.384152000,12.116424000,156.267728000,95.861199309,88.963311816
avx2_mul,800,0xAA,79,1.779934271,0.085663417,201.080479000,14.711022000,186.369457000,112.970732837,104.705808542
avx2_mul,800,0xAA,80,1.770360534,0.049075546,186.786265000,13.562832000,173.223433000,105.507472292,97.846415836
avx2_mul,800,0xAA,81,1.756516424,0.000761929,168.752559000,12.091705000,156.660854000,96.072292100,89.188379811
avx2_mul,800,0xAA,82,1.756502386,0.000710850,168.534481000,12.073456000,156.461025000,95.948905255,89.075327344
avx2_mul,800,0xAA,83,1.762951149,0.033259055,183.343342000,13.283779000,170.059563000,103.997970743,96.463003589
avx2_mul,800,0xAA,84,1.756316913,0.000892062,168.177365000,12.079620000,156.097745000,95.755705430,88.877892031
avx2_mul,800,0xAA,85,1.756292613,0.000739986,168.430172000,12.081695000,156.348477000,95.900973897,89.021883867
avx2_mul,800,0xAA,86,1.759490174,0.016460453,175.975623000,12.682035000,163.293588000,100.015121180,92.807331569
avx2_mul,800,0xAA,87,1.756298427,0.000669613,168.561947000,12.087676000,156.474271000,95.975686381,89.093213667
avx2_mul,800,0xAA,88,1.756471414,0.001004175,168.534664000,12.066192000,156.468472000,95.950701300,89.081137752
avx2_mul,800,0xAA,89,1.756347334,0.000785523,168.656002000,12.108001000,156.548001000,96.026565351,89.132711972
avx2_mul,800,0xAA,90,1.756984037,0.001842070,169.177179000,12.115814000,157.061365000,96.288398418,89.392596440
avx2_mul,800,0xAA,91,1.756476154,0.000816616,168.402889000,12.114837000,156.288052000,95.875420028,88.978180362
avx2_mul,800,0xAA,92,1.757749399,0.007028350,171.292591000,12.318511000,158.974080000,97.449949957,90.441834349
avx2_mul,800,0xAA,93,1.765644095,0.047588811,189.816043000,13.871363000,175.944680000,107.505268750,99.649006531
avx2_mul,800,0xAA,94,1.756471768,0.000971520,168.546382000,12.086334000,156.460048000,95.957353314,89.076323842
avx2_mul,800,0xAA,95,1.760060328,0.019090759,176.687719000,12.788358000,163.899361000,100.387308437,93.121444990
avx2_mul,800,0xAA,96,1.763545394,0.038155255,185.420240000,13.445034000,171.975206000,105.140610836,97.516744707
avx2_mul,800,0xAA,97,1.756126031,0.000696240,168.374752000,12.048981000,156.325771000,95.878512727,89.017398668
avx2_mul,800,0xAA,98,1.756266623,0.000658316,168.154355000,12.068572000,156.085783000,95.745345715,88.873625988
avx2_mul,800,0xAA,99,1.756811905,0.002893443,169.651726000,12.171905000,157.479821000,96.567951020,89.639545671
avx2_mul,1000,0x00,0,1.404769048,0.000569167,140.056710000,9.658240000,130.398470000,99.700879791,92.825557465
avx2_mul,1000,0x00,1,1.405139303,0.001463914,140.646307000,9.674352000,130.971955000,100.094208969,93.209231813
avx2_mul,1000,0x00,2,1.405122200,0.000843687,140.171638000,9.624365000,130.547273000,99.757613982,92.908127865
avx2_mul,1000,0x00,3,1.404844295,0.000509189,139.943185000,9.635840000,130.307345000,99.614729904,92.755720664
avx2_mul,1000,0x00,4,1.404939762,0.000925962,140.098701000,9.654089000,130.444612000,99.718653268,92.847120936
avx2_mul,1000,0x00,5,1.404894967,0.000634179,140.198982000,9.621740000,130.577242000,99.793212487,92.944486979
avx2_mul,1000,0x00,6,1.404791845,0.000495668,140.224983000,9.604590000,130.620393000,99.819046857,92.982026814
avx2_mul,1000,0x00,7,1.407785726,0.015314214,146.708182000,10.171910000,136.536272000,104.212011281,96.986543790
avx2_mul,1000,0x00,8,1.404782458,0.000512034,140.101814000,9.627051000,130.474763000,99.732035521,92.878980839
avx2_mul,1000,0x00,9,1.412808473,0.041055559,158.563254000,11.166109000,147.397145000,112.232660711,104.329176825
avx2_mul,1000,0x00,10,1.407024046,0.009844634,144.349057000,9.996191000,134.352866000,102.591748462,95.487256518
avx2_mul,1000,0x00,11,1.409224648,0.021893876,149.744063000,10.434238000,139.309825000,106.259894917,98.855654567
avx2_mul,1000,0x00,12,1.404711531,0.000476563,139.980538000,9.632421000,130.348117000,99.650736059,92.793512502
avx2_mul,1000,0x00,13,1.404765914,0.000464713,140.295722000,9.667822000,130.627900000,99.871245859,92.989087129
avx2_mul,1000,0x00,14,1.404743164,0.000547955,140.141060000,9.627966000,130.513094000,99.762763460,92.908865719
avx2_mul,1000,0x00,15,1.404734407,0.000484114,139.931770000,9.643469000,130.288301000,99.614396373,92.749419654
avx2_mul,1000,0x00,16,1.415491180,0.054847874,164.801153000,11.638398000,153.162755000,116.426831430,108.204669282
avx2_mul,1000,0x00,17,1.404781358,0.000832483,140.245613000,9.636938000,130.608675000,99.834477572,92.974379419
avx2_mul,1000,0x00,18,1.404907952,0.000624262,139.967232000,9.662450000,130.304782000,99.627332740,92.749693542
avx2_mul,1000,0x00,19,1.404906679,0.000587294,140.099251000,9.670569000,130.428682000,99.721392921,92.837968462
avx2_mul,1000,0x00,20,1.405210216,0.001485787,140.279731000,9.704504000,130.575227000,99.828288582,92.922201587
avx2_mul,1000,0x00,21,1.404871708,0.000585020,140.006905000,9.676855000,130.330050000,99.658142623,92.770072383
avx2_mul,1000,0x00,22,1.410608243,0.030688368,153.906710000,10.816928000,143.089782000,109.106628857,101.438356637
avx2_mul,1000,0x00,23,1.404795177,0.000707601,140.022041000,9.679662000,130.342379000,99.674346339,92.783902693
avx2_mul,1000,0x00,24,1.413967671,0.033026731,150.674785000,10.580539000,140.094246000,106.561690231,99.078818300
avx2_mul,1000,0x00,25,1.405244466,0.002574088,140.990972000,9.761816000,131.229156000,100.331988798,93.385285760
avx2_mul,1000,0x00,26,1.404756898,0.000502146,140.004829000,9.683935000,130.320894000,99.664809761,92.771136547
avx2_mul,1000,0x00,27,1.404768783,0.000599972,139.914375000,9.697119000,130.217256000,99.599575852,92.696575790
avx2_mul,1000,0x00,28,1.404825774,0.000499651,139.970711000,9.700842000,130.269869000,99.635637062,92.730266890
avx2_mul,1000,0x00,29,1.405036422,0.000634820,140.264472000,9.731848000,130.532624000,99.829776495,92.903373843
avx2_mul,1000,0x00,30,1.411162853,0.030129908,153.636082000,10.818637000,142.817445000,108.871971542,101.205502023
avx2_mul,1000,0x00,31,1.404926875,0.001027671,140.146369000,9.718298000,130.428071000,99.753497102,92.836199006
avx2_mul,1000,0x00,32,1.404784258,0.000467803,139.959053000,9.685339000,130.273714000,99.630282845,92.735744454
avx2_mul,1000,0x00,33,1.410378824,0.029318864,153.173069000,10.762729000,142.410340000,108.604203668,100.973112772
avx2_mul,1000,0x00,34,1.404690234,0.000470352,139.889535000,9.677832000,130.211703000,99.587461753,92.697806111
avx2_mul,1000,0x00,35,1.404732285,0.000483537,139.998299000,9.678747000,130.319552000,99.661907470,92.771806698
avx2_mul,1000,0x00,36,1.404719254,0.000557461,140.053108000,9.704443000,130.348665000,99.701849768,92.793392456
avx2_mul,1000,0x00,37,1.404843266,0.000715790,140.156563000,9.709814000,130.446749000,99.766690308,92.855019634
avx2_mul,1000,0x00,38,1.404831213,0.000947631,140.265388000,9.722387000,130.543001000,99.845011045,92.924331245
avx2_mul,1000,0x00,39,1.404694258,0.000466790,140.010506000,9.693091000,130.317415000,99.673295591,92.772796821
avx2_mul,1000,0x00,40,1.405224301,0.001417229,140.344917000,9.716039000,130.628878000,99.873676344,92.959449914
avx2_mul,1000,0x00,41,1.404920775,0.000666689,139.996406000,9.684850000,130.311556000,99.647189015,92.753668631
avx2_mul,1000,0x00,42,1.404746030,0.000468343,140.129646000,9.688025000,130.441621000,99.754434640,92.857796532
avx2_mul,1000,0x00,43,1.410586562,0.030166435,153.453403000,10.814548000,142.638855000,108.786945183,101.120242344
avx2_mul,1000,0x00,44,1.415031568,0.053191407,163.968513000,11.678437000,152.290076000,115.876222611,107.623094368
avx2_mul,1000,0x00,45,1.405704682,0.003065790,141.164922000,9.798864000,131.366058000,100.422886670,93.452102462
avx2_mul,1000,0x00,46,1.405318682,0.001168353,140.385200000,9.730749000,130.654451000,99.895633482,92.971404036
avx2_mul,1000,0x00,47,1.405526762,0.003566007,141.351994000,9.801733000,131.550261000,100.568696269,93.594988427
avx2_mul,1000,0x00,48,1.405404835,0.002954463,141.125066000,9.793249000,131.331817000,100.415953091,93.447676937
avx2_mul,1000,0x00,49,1.405207526,0.001144492,140.223885000,9.709265000,130.514620000,99.788737554,92.879249225
avx2_mul,1000,0x00,50,1.405123533,0.001529299,140.648261000,9.714148000,130.934113000,100.096722960,93.183346469
avx2_mul,1000,0x00,51,1.404922779,0.000734857,139.956246000,9.661170000,130.295076000,99.618461636,92.741806106
avx2_mul,1000,0x00,52,1.404945847,0.000999953,140.237373000,9.671911000,130.565462000,99.816924141,92.932736382
avx2_mul,1000,0x00,53,1.407988431,0.016269405,147.219838000,10.252232000,136.967606000,104.560403183,97.278928580
avx2_mul,1000,0x00,54,1.404798416,0.000569099,140.177192000,9.638159000,130.539033000,99.784560142,92.923676123
avx2_mul,1000,0x00,55,1.409265854,0.017243951,146.942495000,10.200658000,136.741837000,104.268825193,97.030547213
avx2_mul,1000,0x00,56,1.404705871,0.000576129,139.961983000,9.642065000,130.319918000,99.637928379,92.773811700
avx2_mul,1000,0x00,57,1.404702960,0.000457061,139.910958000,9.660131000,130.250827000,99.601810471,92.724818484
avx2_mul,1000,0x00,58,1.404891612,0.000697811,140.054939000,9.653845000,130.401094000,99.690921207,92.819327045
avx2_mul,1000,0x00,59,1.404837817,0.000953987,140.166084000,9.661047000,130.505037000,99.773854511,92.896870648
avx2_mul,1000,0x00,60,1.408226291,0.016255385,147.120778000,10.230809000,136.889969000,104.472398321,97.207366369
avx2_mul,1000,0x00,61,1.404919336,0.000669150,140.026741000,9.650916000,130.375825000,99.668883067,92.799509321
avx2_mul,1000,0x00,62,1.405927024,0.005828269,142.679871000,9.865515000,132.814356000,101.484549723,94.467460764
avx2_mul,1000,0x00,63,1.413374487,0.044632939,160.317766000,11.308076000,149.009690000,113.429078755,105.428314553
avx2_mul,1000,0x00,64,1.410711503,0.030987837,153.908724000,10.780795000,143.127929000,109.100070155,101.457972551
avx2_mul,1000,0x00,65,1.413006646,0.043330119,159.661274000,11.266512000,148.394762000,112.994000712,105.020569002
avx2_mul,1000,0x00,66,1.404794337,0.000905305,140.127083000,9.689368000,130.437715000,99.749179851,92.851822891
avx2_mul,1000,0x00,67,1.404655498,0.000451275,140.036140000,9.655004000,130.381136000,99.694295273,92.820720926
avx2_mul,1000,0x00,68,1.404667383,0.000437026,140.248237000,9.659277000,130.588960000,99.844446202,92.967888012
avx2_mul,1000,0x00,69,1.404750101,0.000558526,140.422736000,9.650854000,130.771882000,99.962787593,93.092630409
avx2_mul,1000,0x00,70,1.417560999,0.064915495,169.553460000,12.063018000,157.490442000,119.609286761,111.099587347
avx2_mul,1000,0x00,71,1.404889171,0.000770778,140.179634000,9.682287000,130.497347000,99.779852281,92.888001168
avx2_mul,1000,0x00,72,1.404767332,0.000790790,140.261665000,9.669348000,130.592317000,99.846901159,92.963663077
avx2_mul,1000,0x00,73,1.405259914,0.002681887,141.210393000,9.768957000,131.441436000,100.487028449,93.535320157
avx2_mul,1000,0x00,74,1.404694307,0.000454694,140.000618000,9.644506000,130.356112000,99.666252832,92.800341902
avx2_mul,1000,0x00,75,1.404751949,0.000539219,139.915902000,9.616003000,130.299899000,99.601856437,92.756517654
avx2_mul,1000,0x00,76,1.404712960,0.000448607,140.253120000,9.670264000,130.582856000,99.844682849,92.960526246
avx2_mul,1000,0x00,77,1.404754139,0.000466527,140.268257000,9.664404000,130.603853000,99.852531553,92.972748301
avx2_mul,1000,0x00,78,1.404845660,0.000760105,140.208687000,9.632238000,130.576449000,99.803623250,92.947184659
avx2_mul,1000,0x00,79,1.404666732,0.000428757,140.295845000,9.687963000,130.607882000,99.878385220,92.981401916
avx2_mul,1000,0x00,80,1.405293683,0.001578834,140.615363000,9.710974000,130.904389000,100.061193434,93.150912601
avx2_mul,1000,0x00,81,1.404747665,0.000534940,140.288093000,9.628759000,130.659334000,99.867112455,93.012672158
avx2_mul,1000,0x00,82,1.406366564,0.008517486,143.834105000,9.920568000,133.913537000,102.273552777,95.219511353
avx2_mul,1000,0x00,83,1.404711704,0.000533897,140.122505000,9.619483000,130.503022000,99.751788660,92.903776377
avx2_mul,1000,0x00,84,1.404685991,0.000470880,140.296821000,9.613256000,130.683565000,99.877710648,93.034006035
avx2_mul,1000,0x00,85,1.408466423,0.017336303,147.956714000,10.307102000,137.649612000,105.048094595,97.730133844
avx2_mul,1000,0x00,86,1.407899927,0.015788580,147.332691000,10.241245000,137.091446000,104.647133039,97.373004529
avx2_mul,1000,0x00,87,1.404891522,0.000632601,140.126960000,9.668127000,130.458833000,99.742192075,92.860431561
avx2_mul,1000,0x00,88,1.404927888,0.000586209,140.089852000,9.673864000,130.415988000,99.713197502,92.827531639
avx2_mul,1000,0x00,89,1.404912566,0.000526987,139.944771000,9.641699000,130.303072000,99.611018091,92.748171794
avx2_mul,1000,0x00,90,1.405336045,0.001586953,140.518866000,9.686071000,130.832795000,99.989512450,93.097160238
avx2_mul,1000,0x00,91,1.407837735,0.015360568,146.744742000,10.207615000,136.537127000,104.234130395,96.983568239
avx2_mul,1000,0x00,92,1.416992311,0.063053255,168.469600000,11.950348000,156.519252000,118.892388286,110.458787123
avx2_mul,1000,0x00,93,1.404910241,0.000999304,140.435859000,9.719396000,130.716463000,99.960734052,93.042572511
avx2_mul,1000,0x00,94,1.404883159,0.000531867,140.047005000,9.692175000,130.354830000,99.685873582,92.786954667
avx2_mul,1000,0x00,95,1.404881971,0.000567435,139.970284000,9.658361000,130.311923000,99.631347572,92.756491751
avx2_mul,1000,0x00,96,1.404823628,0.000588707,139.895882000,9.678625000,130.217257000,99.582523537,92.692957610
avx2_mul,1000,0x00,97,1.406636634,0.009729780,144.205136000,10.025243000,134.179893000,102.517688269,95.390586106
avx2_mul,1000,0x00,98,1.409236967,0.022979396,150.223736000,10.490391000,139.733345000,106.599343818,99.155321809
avx2_mul,1000,0x00,99,1.404843087,0.000717695,139.856026000,9.703100000,130.152926000,99.552773741,92.645881371
avx2_mul,1000,0xAA,0,1.404793606,0.000618019,139.961311000,9.711950000,130.249361000,99.631227221,92.717791713
avx2_mul,1000,0xAA,1,1.405303441,0.001624051,140.360786000,9.744238000,130.616548000,99.879344149,92.945440967
avx2_mul,1000,0xAA,2,1.404897790,0.000536020,140.258918000,9.719397000,130.539521000,99.835674184,92.917450616
avx2_mul,1000,0xAA,3,1.404835929,0.000596812,139.918831000,9.714941000,130.203890000,99.597987309,92.682631002
avx2_mul,1000,0xAA,4,1.411389900,0.034145791,155.258025000,10.970797000,144.287228000,110.003638977,102.230594122
avx2_mul,1000,0xAA,5,1.404833205,0.000521185,140.176094000,9.730932000,130.445162000,99.781307510,92.854554948
avx2_mul,1000,0xAA,6,1.404810930,0.000696292,140.089241000,9.710546000,130.378695000,99.721064215,92.808713386
avx2_mul,1000,0xAA,7,1.407309190,0.013186647,145.703545000,10.183873000,135.519672000,103.533428226,96.297013461
avx2_mul,1000,0xAA,8,1.404908917,0.000889876,140.184822000,9.730749000,130.454073000,99.782142649,92.855893637
avx2_mul,1000,0xAA,9,1.413249900,0.043611966,159.432087000,11.321382000,148.110705000,112.812381555,104.801496858
avx2_mul,1000,0xAA,10,1.405145942,0.001565219,140.513984000,9.764013000,130.749971000,99.999565759,93.050812103
avx2_mul,1000,0xAA,11,1.412935857,0.042128322,158.817769000,11.248689000,147.569080000,112.402674344,104.441457319
avx2_mul,1000,0xAA,12,1.404716685,0.000472184,139.972908000,9.705237000,130.267671000,99.644938753,92.735903567
avx2_mul,1000,0xAA,13,1.404881776,0.000762388,140.191414000,9.731786000,130.459628000,99.788762607,92.861641643
avx2_mul,1000,0xAA,14,1.404727626,0.000447229,140.070015000,9.723120000,130.346895000,99.713291343,92.791579388
avx2_mul,1000,0xAA,15,1.404941052,0.001042210,140.126534000,9.738806000,130.387728000,99.738372526,92.806547175
avx2_mul,1000,0xAA,16,1.408092971,0.017327543,147.597645000,10.341831000,137.255814000,104.820951496,97.476386035
avx2_mul,1000,0xAA,17,1.414187650,0.049591747,162.296826000,11.539583000,150.757243000,114.763289010,106.603422108
avx2_mul,1000,0xAA,18,1.408991133,0.022206984,149.766584000,10.517246000,139.249338000,106.293489344,98.829108801
avx2_mul,1000,0xAA,19,1.404763685,0.000577162,139.850899000,9.711584000,130.139315000,99.554751057,92.641428837
avx2_mul,1000,0xAA,20,1.405223265,0.001499287,140.272224000,9.746130000,130.526094000,99.822019414,92.886374207
avx2_mul,1000,0xAA,21,1.416684683,0.061730923,167.834287000,11.939484000,155.894803000,118.469754744,110.041990868
avx2_mul,1000,0xAA,22,1.404655478,0.000441460,139.914436000,9.661840000,130.252596000,99.607653418,92.729212297
avx2_mul,1000,0xAA,23,1.404717118,0.000553978,139.824959000,9.640539000,130.184420000,99.539585008,92.676609626
avx2_mul,1000,0xAA,24,1.410593283,0.030679959,153.729526000,10.765170000,142.964356000,108.982176394,101.350515214
avx2_mul,1000,0xAA,25,1.410356171,0.029303857,152.953893000,10.716403000,142.237490000,108.450543301,100.852176860
avx2_mul,1000,0xAA,26,1.404642628,0.000420711,139.856209000,9.669103000,130.187106000,99.567111394,92.683436637
avx2_mul,1000,0xAA,27,1.404888284,0.001124869,140.115425000,9.685400000,130.430025000,99.734211286,92.840139988
avx2_mul,1000,0xAA,28,1.404777134,0.000821018,140.064766000,9.663244000,130.401522000,99.706040606,92.827195724
avx2_mul,1000,0xAA,29,1.406735147,0.010665201,144.520809000,10.065221000,134.455588000,102.734910170,95.579888118
avx2_mul,1000,0xAA,30,1.405099250,0.001627683,140.413642000,9.736853000,130.676789000,99.931475982,93.001821015
avx2_mul,1000,0xAA,31,1.404784304,0.000535823,139.852852000,9.671057000,130.181795000,99.554680097,92.670308616
avx2_mul,1000,0xAA,32,1.407914218,0.016620987,147.306142000,10.261570000,137.044572000,104.627213875,97.338722950
avx2_mul,1000,0xAA,33,1.416234614,0.060619709,167.117126000,11.858001000,155.259125000,118.001017844,109.628110644
avx2_mul,1000,0xAA,34,1.404709371,0.000594406,140.035835000,9.629980000,130.405855000,99.690254695,92.834758323
avx2_mul,1000,0xAA,35,1.404724326,0.000829466,140.256111000,9.663611000,130.592500000,99.846004230,92.966639489
avx2_mul,1000,0xAA,36,1.406857021,0.011393239,144.804805000,10.098546000,134.706259000,102.927875961,95.749786186
avx2_mul,1000,0xAA,37,1.404689482,0.000448707,139.864144000,9.671789000,130.192355000,99.569439186,92.684081874
avx2_mul,1000,0xAA,38,1.411188879,0.033972558,155.073212000,10.924289000,144.148923000,109.888346156,102.147150655
avx2_mul,1000,0xAA,39,1.404740815,0.000459618,140.075020000,9.660986000,130.414034000,99.715918024,92.838502708
avx2_mul,1000,0xAA,40,1.410669992,0.028047752,152.649328000,10.715610000,141.933718000,108.210516168,100.614402223
avx2_mul,1000,0xAA,41,1.404750192,0.000578016,139.908333000,9.680212000,130.228121000,99.596592906,92.705537076
avx2_mul,1000,0xAA,42,1.404855734,0.000939065,140.064644000,9.662207000,130.402437000,99.700375335,92.822653471
avx2_mul,1000,0xAA,43,1.404875988,0.000535464,140.155769000,9.683996000,130.471773000,99.763801391,92.870669125
avx2_mul,1000,0xAA,44,1.404909340,0.000521778,139.965829000,9.644385000,130.321444000,99.626235699,92.761461775
avx2_mul,1000,0xAA,45,1.409260022,0.022882369,150.157879000,10.463169000,139.694710000,106.550868313,99.126284604
avx2_mul,1000,0xAA,46,1.404708024,0.000499748,139.708993000,9.658483000,130.050510000,99.457674179,92.581880183
avx2_mul,1000,0xAA,47,1.405033284,0.000807708,140.145027000,9.659032000,130.485995000,99.744987218,92.870394205
avx2_mul,1000,0xAA,48,1.404886761,0.000541898,140.065559000,9.657385000,130.408174000,99.698824732,92.824687069
avx2_mul,1000,0xAA,49,1.405148480,0.001139733,140.178352000,9.672034000,130.506318000,99.760526357,92.877243818
avx2_mul,1000,0xAA,50,1.416798620,0.059043931,166.777771000,11.808380000,154.969391000,117.714521090,109.379970339
avx2_mul,1000,0xAA,51,1.404948420,0.000786892,140.166939000,9.665503000,130.501436000,99.766608506,92.886994378
avx2_mul,1000,0xAA,52,1.404803932,0.000490852,140.086006000,9.661413000,130.424593000,99.719258166,92.841847890
avx2_mul,1000,0xAA,53,1.409802764,0.026061122,151.392008000,10.590854000,140.801154000,107.385239886,99.872945066
avx2_mul,1000,0xAA,54,1.405848002,0.005081646,142.029300000,9.864111000,132.165189000,101.027493608,94.011008904
avx2_mul,1000,0xAA,55,1.404864921,0.000870176,140.202156000,9.718481000,130.483675000,99.797606083,92.879872674
avx2_mul,1000,0xAA,56,1.404923623,0.000648778,140.102973000,9.683324000,130.419649000,99.722839506,92.830419278
avx2_mul,1000,0xAA,57,1.404813219,0.000525701,139.985299000,9.685278000,130.300021000,99.646911868,92.752559031
avx2_mul,1000,0xAA,58,1.404794997,0.000621915,140.055428000,9.683142000,130.372286000,99.698125575,92.805203816
avx2_mul,1000,0xAA,59,1.404711340,0.000471168,140.078377000,9.667700000,130.410677000,99.720400187,92.838060931
avx2_mul,1000,0xAA,60,1.405137377,0.001440999,140.263679000,9.731847000,130.531832000,99.822039678,92.896135379
avx2_mul,1000,0xAA,61,1.405040091,0.000747285,140.053962000,9.703527000,130.350435000,99.679690937,92.773463091
avx2_mul,1000,0xAA,62,1.404864643,0.000854140,140.107917000,9.693823000,130.414094000,99.730545350,92.830362441
avx2_mul,1000,0xAA,63,1.417345727,0.065108118,169.320916000,12.102264000,157.218652000,119.463383389,110.924701705
avx2_mul,1000,0xAA,64,1.404693262,0.000543169,139.944466000,9.719641000,130.224825000,99.626352457,92.706947870
avx2_mul,1000,0xAA,65,1.406425629,0.009680180,144.245663000,10.060643000,134.185020000,102.561884539,95.408542911
avx2_mul,1000,0xAA,66,1.404667757,0.000460998,139.915047000,9.718298000,130.196749000,99.607217675,92.688643546
avx2_mul,1000,0xAA,67,1.415291747,0.055116204,164.668585000,11.751129000,152.917456000,116.349569149,108.046596264
avx2_mul,1000,0xAA,68,1.404792063,0.000711639,139.918465000,9.719823000,130.198642000,99.600836799,92.681789307
avx2_mul,1000,0xAA,69,1.407751341,0.014883207,146.494315000,10.251377000,136.242938000,104.062635753,96.780542174
avx2_mul,1000,0xAA,70,1.410295573,0.026644406,152.289710000,10.701450000,141.588260000,107.984250190,100.396160002
avx2_mul,1000,0xAA,71,1.406563238,0.008527089,143.700072000,10.012608000,133.687464000,102.163961125,95.045469950
avx2_mul,1000,0xAA,72,1.404853392,0.000549251,140.278084000,9.698706000,130.579378000,99.852471998,92.948758020
avx2_mul,1000,0xAA,73,1.404861359,0.000597899,140.496955000,9.709692000,130.787263000,100.007701190,93.096206373
avx2_mul,1000,0xAA,74,1.404999275,0.000725148,140.224799000,9.689185000,130.535614000,99.804178918,92.907958276
avx2_mul,1000,0xAA,75,1.404864097,0.000617590,140.173652000,9.693700000,130.479952000,99.777375146,92.877277106
avx2_mul,1000,0xAA,76,1.404958787,0.000893538,140.372016000,9.723242000,130.648774000,99.911838919,92.991178974
avx2_mul,1000,0xAA,77,1.404872851,0.000519271,140.075691000,9.702490000,130.373201000,99.707023969,92.800712131
avx2_mul,1000,0xAA,78,1.420828563,0.065067733,168.974360000,12.060394000,156.913966000,118.926635103,110.438352759
avx2_mul,1000,0xAA,79,1.404765010,0.000578918,139.952339000,9.715918000,130.236421000,99.626868523,92.710467611
avx2_mul,1000,0xAA,80,1.407639508,0.012471246,145.490960000,10.142552000,135.348408000,103.358110660,96.152748815
avx2_mul,1000,0xAA,81,1.404978665,0.000761282,140.284919000,9.676183000,130.608736000,99.848433669,92.961366098
avx2_mul,1000,0xAA,82,1.404854453,0.000614099,140.125618000,9.679968000,130.445650000,99.743868624,92.853497897
avx2_mul,1000,0xAA,83,1.405099932,0.001042033,140.403144000,9.704443000,130.698701000,99.923956187,93.017370554
avx2_mul,1000,0xAA,84,1.404898331,0.000627176,140.221442000,9.716345000,130.505097000,99.808960469,92.892911966
avx2_mul,1000,0xAA,85,1.404922927,0.000518639,139.976936000,9.704015000,130.272921000,99.633177925,92.726026785
avx2_mul,1000,0xAA,86,1.404853334,0.000623072,140.334785000,9.704565000,130.630220000,99.892836897,92.984952093
avx2_mul,1000,0xAA,87,1.404993451,0.000561110,140.194648000,9.720495000,130.474153000,99.783132695,92.864598669
avx2_mul,1000,0xAA,88,1.405005595,0.000747068,140.231819000,9.692175000,130.539644000,99.808726405,92.910408678
avx2_mul,1000,0xAA,89,1.404851315,0.000627028,140.188850000,9.708289000,130.480561000,99.789101197,92.878555647
avx2_mul,1000,0xAA,90,1.405350406,0.001699602,140.698065000,9.728979000,130.969086000,100.116002698,93.193189028
avx2_mul,1000,0xAA,91,1.411044866,0.031921665,154.734223000,10.843295000,143.890928000,109.659321761,101.974736204
avx2_mul,1000,0xAA,92,1.404736831,0.000500850,140.070930000,9.644811000,130.426119000,99.713289306,92.847369093
avx2_mul,1000,0xAA,93,1.405451659,0.002920983,141.189214000,9.716528000,131.472686000,100.458249936,93.544794080
avx2_mul,1000,0xAA,94,1.404824866,0.000580042,140.306098000,9.670019000,130.636079000,99.874440882,92.991007056
avx2_mul,1000,0xAA,95,1.405016012,0.000778963,140.391669000,9.681494000,130.710175000,99.921757310,93.031092780
avx2_mul,1000,0xAA,96,1.404930099,0.000640235,140.233100000,9.671850000,130.561250000,99.815001518,92.930780015
avx2_mul,1000,0xAA,97,1.408686624,0.019099363,148.561754000,10.334507000,138.227247000,105.461180258,98.124909137
avx2_mul,1000,0xAA,98,1.404850467,0.000638331,140.234810000,9.657263000,130.577547000,99.821876620,92.947648205
avx2_mul,1000,0xAA,99,1.404863287,0.000493025,140.260017000,9.684424000,130.575593000,99.838908410,92.945409169
avx2_mul,1200,0x00,0,1.170628204,0.000402314,121.130183000,8.074015000,113.056168000,103.474512752,96.577348499
avx2_mul,1200,0x00,1,1.173881107,0.017225819,128.797827000,8.676247000,120.121580000,109.719652387,102.328574238
avx2_mul,1200,0x00,2,1.170845623,0.001204597,121.452875000,8.082743000,113.370132000,103.730904092,96.827566160
avx2_mul,1200,0x00,3,1.170651264,0.000825902,121.367121000,8.064066000,113.303055000,103.674872936,96.786343234
avx2_mul,1200,0x00,4,1.170633080,0.000598928,121.111018000,8.037272000,113.073746000,103.457710279,96.591962044
avx2_mul,1200,0x00,5,1.170534875,0.000353870,121.140620000,8.001201000,113.139419000,103.491679382,96.656170957
avx2_mul,1200,0x00,6,1.170623507,0.000488888,121.012874000,8.029276000,112.983598000,103.374717214,96.515743383
avx2_mul,1200,0x00,7,1.170606347,0.000676103,121.230158000,8.031718000,113.198440000,103.561849194,96.700688721
avx2_mul,1200,0x00,8,1.170516427,0.000371566,120.978267000,8.035441000,112.942826000,103.354608421,96.489740221
avx2_mul,1200,0x00,9,1.170548198,0.000484942,120.990413000,8.029887000,112.960526000,103.362179532,96.502242442
avx2_mul,1200,0x00,10,1.170864199,0.001243429,121.388056000,8.069193000,113.318863000,103.673898381,96.782242623
avx2_mul,1200,0x00,11,1.170648392,0.000467651,121.169612000,8.042948000,113.126664000,103.506409637,96.635902613
avx2_mul,1200,0x00,12,1.180229320,0.050484574,143.991392000,9.898961000,134.092431000,122.002893475,113.615573458
avx2_mul,1200,0x00,13,1.170572315,0.000463591,121.126948000,8.056803000,113.070145000,103.476689517,96.593899879
avx2_mul,1200,0x00,14,1.170687152,0.000550537,121.103511000,8.039713000,113.063798000,103.446519208,96.579002994
avx2_mul,1200,0x00,15,1.170565508,0.000383497,120.976131000,8.054301000,112.921830000,103.348450088,96.467757855
avx2_mul,1200,0x00,16,1.170616013,0.000415562,121.070979000,8.019267000,113.051712000,103.425015225,96.574547686
avx2_mul,1200,0x00,17,1.170607953,0.000708287,121.093135000,8.053569000,113.039566000,103.444654262,96.564836832
avx2_mul,1200,0x00,18,1.170570448,0.000422394,120.939632000,8.036845000,112.902787000,103.316833444,96.451082635
avx2_mul,1200,0x00,19,1.170730408,0.000663873,121.001399000,8.028849000,112.972550000,103.355476334,96.497493537
avx2_mul,1200,0x00,20,1.192057206,0.073934380,145.676446000,10.059849000,135.616597000,122.205918705,113.766853072
avx2_mul,1200,0x00,21,1.172602545,0.009864660,125.330368000,8.392435000,116.937933000,106.882224134,99.725123002
avx2_mul,1200,0x00,22,1.170568948,0.000471422,121.044917000,8.022014000,113.022903000,103.406909260,96.553819562
avx2_mul,1200,0x00,23,1.175367547,0.025201914,132.396389000,8.957008000,123.439381000,112.642542590,105.021940829
avx2_mul,1200,0x00,24,1.170465815,0.000358850,121.045589000,8.002299000,113.043290000,103.416594830,96.579745010
avx2_mul,1200,0x00,25,1.173803423,0.017295993,128.741004000,8.633156000,120.107848000,109.678504453,102.323647730
avx2_mul,1200,0x00,26,1.175300739,0.025252881,132.194669000,8.940040000,123.254629000,112.477312883,104.870715099
avx2_mul,1200,0x00,27,1.179067428,0.044660662,141.174687000,9.665990000,131.508697000,119.734193064,111.536197110
avx2_mul,1200,0x00,28,1.170450741,0.000340173,121.022029000,8.017009000,113.005020000,103.397797736,96.548292056
avx2_mul,1200,0x00,29,1.170612757,0.000579943,121.000911000,8.037150000,112.963761000,103.365447049,96.499683842
avx2_mul,1200,0x00,30,1.176151371,0.026864370,133.064722000,9.017555000,124.047167000,113.135711363,105.468709288
avx2_mul,1200,0x00,31,1.170651135,0.000457438,121.053035000,8.041544000,113.011491000,103.406584041,96.537292450
avx2_mul,1200,0x00,32,1.170619199,0.000431638,120.989863000,8.001688000,112.988175000,103.355440487,96.520008432
avx2_mul,1200,0x00,33,1.170592316,0.000667681,121.100948000,7.997539000,113.103409000,103.452710523,96.620665847
avx2_mul,1200,0x00,34,1.170548298,0.000403963,121.074336000,7.977641000,113.096695000,103.433866188,96.618563466
avx2_mul,1200,0x00,35,1.170570388,0.000388201,121.028865000,8.012126000,113.016739000,103.393069076,96.548434972
avx2_mul,1200,0x00,36,1.170916740,0.002475397,121.873712000,8.081705000,113.792007000,104.084011950,97.181979789
avx2_mul,1200,0x00,37,1.173563916,0.015643131,127.983071000,8.611062000,119.372009000,109.055049555,101.717518226
avx2_mul,1200,0x00,38,1.174635928,0.021614042,130.630830000,8.846535000,121.784295000,111.209632621,103.678333100
avx2_mul,1200,0x00,39,1.170584936,0.000481923,120.984615000,8.032999000,112.951616000,103.353982480,96.491602186
avx2_mul,1200,0x00,40,1.170913085,0.001269823,121.596612000,8.085123000,113.511489000,103.847683960,96.942711163
avx2_mul,1200,0x00,41,1.172538662,0.010067172,125.518294000,8.353006000,117.165288000,107.048320119,99.924456085
avx2_mul,1200,0x00,42,1.172103566,0.008062680,124.719957000,8.257852000,116.462105000,106.406942754,99.361616520
avx2_mul,1200,0x00,43,1.175512301,0.025638487,132.711757000,8.953163000,123.758594000,112.896953027,105.280560587
avx2_mul,1200,0x00,44,1.170575832,0.000415485,121.124080000,8.015543000,113.108537000,103.473928576,96.626407225
avx2_mul,1200,0x00,45,1.175630481,0.025638384,132.552945000,8.953163000,123.599782000,112.750517417,105.134890614
avx2_mul,1200,0x00,46,1.170617937,0.000769518,121.296869000,8.038554000,113.258315000,103.617811749,96.750879552
avx2_mul,1200,0x00,47,1.170609670,0.000497962,121.024715000,8.032816000,112.991899000,103.386054402,96.523975429
avx2_mul,1200,0x00,48,1.176505493,0.031173968,135.091695000,9.175331000,125.916364000,114.824534012,107.025734045
avx2_mul,1200,0x00,49,1.170426416,0.000444612,121.176508000,8.034525000,113.141983000,103.531931866,96.667318348
avx2_mul,1200,0x00,50,1.174448469,0.018977810,129.553624000,8.736306000,120.817318000,110.310181713,102.871536057
avx2_mul,1200,0x00,51,1.171245538,0.003698717,122.607475000,8.190042000,114.417433000,104.681273931,97.688682084
avx2_mul,1200,0x00,52,1.170540174,0.000419924,120.940059000,8.034953000,112.905106000,103.319870376,96.455558342
avx2_mul,1200,0x00,53,1.174814250,0.021023636,130.337924000,8.828896000,121.509028000,110.943431236,103.428289164
avx2_mul,1200,0x00,54,1.170517036,0.000438778,121.031428000,8.065470000,112.965958000,103.399971329,96.509452226
avx2_mul,1200,0x00,55,1.170628184,0.000517727,121.056453000,8.044535000,113.011918000,103.411531188,96.539549882
avx2_mul,1200,0x00,56,1.170648315,0.001027364,121.293024000,8.067789000,113.225235000,103.611838378,96.720111036
avx2_mul,1200,0x00,57,1.170515112,0.000436849,121.086909000,8.067423000,113.019486000,103.447540137,96.555341207
avx2_mul,1200,0x00,58,1.175721588,0.027097935,133.136866000,9.038978000,124.097888000,113.238429369,105.550403485
avx2_mul,1200,0x00,59,1.174656846,0.021377503,130.704255000,8.831581000,121.872674000,111.270159823,103.751724946
avx2_mul,1200,0x00,60,1.170899634,0.001250184,121.369745000,8.077860000,113.291885000,103.655122486,96.756273290
avx2_mul,1200,0x00,61,1.173410830,0.014045632,127.216105000,8.562234000,118.653871000,108.415656089,101.118779513
avx2_mul,1200,0x00,62,1.170534909,0.000462050,121.050167000,8.005900000,113.044267000,103.414401468,96.574878836
avx2_mul,1200,0x00,63,1.171549280,0.004276883,122.799917000,8.192484000,114.607433000,104.818396584,97.825533251
avx2_mul,1200,0x00,64,1.170505303,0.000417513,121.084529000,8.038493000,113.046036000,103.446373710,96.578832846
avx2_mul,1200,0x00,65,1.170559066,0.000459913,121.125239000,8.041117000,113.084122000,103.476400740,96.606933634
avx2_mul,1200,0x00,66,1.170668261,0.000823159,121.242914000,8.019572000,113.223342000,103.567268414,96.716846080
avx2_mul,1200,0x00,67,1.170619813,0.000506900,121.143550000,8.025553000,113.117997000,103.486673178,96.630858070
avx2_mul,1200,0x00,68,1.170619946,0.000592294,121.144587000,8.054911000,113.089676000,103.487547276,96.606653927
avx2_mul,1200,0x00,69,1.170633476,0.000474017,121.160700000,8.009012000,113.151688000,103.500115547,96.658510411
avx2_mul,1200,0x00,70,1.177032411,0.031308427,135.220174000,9.145362000,126.074812000,114.882285970,107.112438754
avx2_mul,1200,0x00,71,1.170672819,0.000526441,121.209529000,8.038493000,113.171036000,103.538347359,96.671789199
avx2_mul,1200,0x00,72,1.170553688,0.000411122,121.109064000,8.027506000,113.081558000,103.463057874,96.605187039
avx2_mul,1200,0x00,73,1.174019995,0.017508497,128.983312000,8.628579000,120.354733000,109.864663802,102.515062398
avx2_mul,1200,0x00,74,1.170523603,0.000400863,121.093562000,8.033121000,113.060441000,103.452473479,96.589629382
avx2_mul,1200,0x00,75,1.170560606,0.000434661,121.202205000,8.007853000,113.194352000,103.542016036,96.700975118
avx2_mul,1200,0x00,76,1.170502233,0.000384192,121.136714000,8.024760000,113.111954000,103.491228456,96.635402150
avx2_mul,1200,0x00,77,1.170600151,0.000427438,121.184748000,8.060953000,113.123795000,103.523605262,96.637434105
avx2_mul,1200,0x00,78,1.170589920,0.000621319,121.142756000,8.036967000,113.105789000,103.488637608,96.622896785
avx2_mul,1200,0x00,79,1.172712165,0.011812326,126.302716000,8.457192000,117.845524000,107.701377886,100.489725910
avx2_mul,1200,0x00,80,1.170854734,0.001199743,121.651850000,8.065470000,113.586380000,103.900036827,97.011505086
avx2_mul,1200,0x00,81,1.173940711,0.017660403,128.996740000,8.666603000,120.330137000,109.883522021,102.501034203
avx2_mul,1200,0x00,82,1.170611743,0.000424234,121.325739000,8.058085000,113.267654000,103.643022288,96.759369321
avx2_mul,1200,0x00,83,1.170636575,0.000550245,121.310114000,8.059855000,113.250259000,103.627476365,96.742457416
avx2_mul,1200,0x00,84,1.170612327,0.000444847,121.125971000,8.044901000,113.081070000,103.472318049,96.599930995
avx2_mul,1200,0x00,85,1.170891136,0.001809136,121.770074000,8.104288000,113.665786000,103.997775952,97.076305841
avx2_mul,1200,0x00,86,1.170644223,0.000595902,121.111506000,8.043070000,113.068436000,103.457142327,96.586506619
avx2_mul,1200,0x00,87,1.170691281,0.000655902,121.076533000,8.024028000,113.052505000,103.423109926,96.569015996
avx2_mul,1200,0x00,88,1.170691555,0.000578386,121.085810000,8.051981000,113.033829000,103.431010030,96.553040368
avx2_mul,1200,0x00,89,1.170593345,0.000586286,121.302241000,8.060465000,113.241776000,103.624577665,96.738783350
avx2_mul,1200,0x00,90,1.170873968,0.001227841,121.431208000,8.081583000,113.349625000,103.709887900,96.807707804
avx2_mul,1200,0x00,91,1.170600134,0.000462035,121.188411000,8.050272000,113.138139000,103.526735933,96.649689055
avx2_mul,1200,0x00,92,1.174007580,0.018039215,129.189061000,8.707497000,120.481564000,110.041079085,102.624178934
avx2_mul,1200,0x00,93,1.170500338,0.000370436,121.236934000,8.039591000,113.197343000,103.577017522,96.708509466
avx2_mul,1200,0x00,94,1.177774359,0.037727586,138.182874000,9.418188000,128.764686000,117.325422227,109.328824301
avx2_mul,1200,0x00,95,1.170567252,0.000596698,121.186335000,8.045695000,113.140640000,103.527870577,96.654540588
avx2_mul,1200,0x00,96,1.170575202,0.000750479,121.229121000,8.046244000,113.182877000,103.563718770,96.689966457
avx2_mul,1200,0x00,97,1.170577665,0.000545177,121.171809000,8.017558000,113.154251000,103.514540417,96.665308417
avx2_mul,1200,0x00,98,1.170524983,0.000435529,121.102962000,8.048808000,113.054154000,103.460382142,96.584144454
avx2_mul,1200,0x00,99,1.170601472,0.000566493,121.090754000,8.047159000,113.043595000,103.443193040,96.568813334
avx2_mul,1200,0xAA,0,1.170600289,0.000432099,121.066524000,8.037699000,113.028825000,103.422598759,96.556293432
avx2_mul,1200,0xAA,1,1.180337450,0.050519702,144.051938000,9.892065000,134.159873000,122.043012331,113.662303071
avx2_mul,1200,0xAA,2,1.170871469,0.001162606,121.585138000,8.090128000,113.495010000,103.841575420,96.932082610
avx2_mul,1200,0xAA,3,1.170580052,0.000460562,121.084102000,8.038005000,113.046097000,103.439403233,96.572717791
avx2_mul,1200,0xAA,4,1.170496022,0.000352377,120.979670000,8.007853000,112.971817000,103.357608857,96.516190476
avx2_mul,1200,0xAA,5,1.170560930,0.000567357,121.040766000,8.024272000,113.016494000,103.404071401,96.549005771
avx2_mul,1200,0xAA,6,1.170589837,0.000842166,121.283931000,8.047708000,113.236223000,103.609246517,96.734329493
avx2_mul,1200,0xAA,7,1.170581970,0.000488066,121.164790000,7.925700000,113.239090000,103.508163563,96.737428831
avx2_mul,1200,0xAA,8,1.170529994,0.000368324,121.031306000,8.014811000,113.016495000,103.398722435,96.551558298
avx2_mul,1200,0xAA,9,1.170620290,0.000868886,121.338678000,8.077677000,113.261001000,103.653318722,96.752979585
avx2_mul,1200,0xAA,10,1.170888580,0.001261237,121.462153000,8.063212000,113.398941000,103.735022321,96.848618152
avx2_mul,1200,0xAA,11,1.170677269,0.000407279,121.092281000,8.021708000,113.070573000,103.437799844,96.585605636
avx2_mul,1200,0xAA,12,1.170747341,0.000555049,121.202083000,8.026224000,113.175859000,103.525396819,96.669755365
avx2_mul,1200,0xAA,13,1.177648419,0.036153865,137.526015000,9.298927000,128.227088000,116.780197555,108.884014915
avx2_mul,1200,0xAA,14,1.170586984,0.000498170,121.179988000,8.001017000,113.178971000,103.520703390,96.685656438
avx2_mul,1200,0xAA,15,1.170819030,0.000840457,121.358942000,8.041240000,113.317702000,103.653031695,96.784984802
avx2_mul,1200,0xAA,16,1.170669966,0.000924278,121.390558000,8.047281000,113.343277000,103.693236813,96.819155104
avx2_mul,1200,0xAA,17,1.172332205,0.008918480,125.023178000,8.260965000,116.762213000,106.644837909,99.598230332
avx2_mul,1200,0xAA,18,1.170598968,0.000420898,121.110347000,7.974345000,113.136002000,103.460151822,96.647959761
avx2_mul,1200,0xAA,19,1.170602069,0.000507775,121.241022000,8.037027000,113.203995000,103.571508371,96.705787549
avx2_mul,1200,0xAA,20,1.170950873,0.001298962,121.541926000,8.065409000,113.476517000,103.797630490,96.909716412
avx2_mul,1200,0xAA,21,1.170639864,0.000465956,121.051204000,7.994853000,113.056351000,103.406015592,96.576542884
avx2_mul,1200,0xAA,22,1.170698139,0.000621420,121.168940000,8.012186000,113.156754000,103.501437251,96.657498809
avx2_mul,1200,0xAA,23,1.174482596,0.020244269,130.256441000,8.748818000,121.507623000,110.905382070,103.456299356
avx2_mul,1200,0xAA,24,1.171172455,0.003705386,122.606620000,8.113077000,114.493543000,104.687076147,97.759764149
avx2_mul,1200,0xAA,25,1.173268444,0.011693816,126.309491000,8.353494000,117.955997000,107.656088120,100.536239255
avx2_mul,1200,0xAA,26,1.170595222,0.000852420,121.423945000,8.003763000,113.420182000,103.728379150,96.891034480
avx2_mul,1200,0xAA,27,1.170571614,0.000460797,121.187373000,7.975016000,113.212357000,103.528371564,96.715447088
avx2_mul,1200,0xAA,28,1.170574373,0.000454994,121.131770000,7.975748000,113.156022000,103.480626961,96.667093207
avx2_mul,1200,0xAA,29,1.170637205,0.000944573,121.230402000,8.012308000,113.218094000,103.559327728,96.714928828
avx2_mul,1200,0xAA,30,1.170968164,0.001305226,121.456049000,8.049052000,113.406997000,103.722759252,96.848915671
avx2_mul,1200,0xAA,31,1.175473672,0.025273382,132.497525000,8.879922000,123.617603000,112.718411425,105.164076343
avx2_mul,1200,0xAA,32,1.170680046,0.000571374,121.070308000,8.014018000,113.056290000,103.418785041,96.573175919
avx2_mul,1200,0xAA,33,1.170562131,0.000402952,121.238276000,8.002116000,113.236160000,103.572696251,96.736565310
avx2_mul,1200,0xAA,34,1.170621561,0.000531349,121.046443000,8.006266000,113.040177000,103.403565298,96.564236288
avx2_mul,1200,0xAA,35,1.170978659,0.002181040,121.888543000,8.136026000,113.752517000,104.091173674,97.143117076
avx2_mul,1200,0xAA,36,1.171009526,0.002202084,121.731012000,8.096964000,113.634048000,103.953904148,97.039388235
avx2_mul,1200,0xAA,37,1.170538984,0.000457815,121.130915000,8.010783000,113.120132000,103.483025038,96.639354636
avx2_mul,1200,0xAA,38,1.170645651,0.000629962,121.327754000,7.997721000,113.330033000,103.641741528,96.809852653
avx2_mul,1200,0xAA,39,1.170670344,0.000482278,121.517877000,8.055766000,113.462111000,103.801960710,96.920633234
avx2_mul,1200,0xAA,40,1.171026483,0.001320688,121.689874000,8.088664000,113.601210000,103.917268985,97.009940996
avx2_mul,1200,0xAA,41,1.170665497,0.000496925,121.503839000,8.032450000,113.471389000,103.790398985,96.928959896
avx2_mul,1200,0xAA,42,1.170614702,0.000474590,121.386531000,8.021464000,113.365067000,103.694692025,96.842340020
avx2_mul,1200,0xAA,43,1.170617091,0.000487629,121.282832000,7.991923000,113.290909000,103.605895493,96.778792881
avx2_mul,1200,0xAA,44,1.170600915,0.000509174,121.484614000,7.947856000,113.536758000,103.779701895,96.990149710
avx2_mul,1200,0xAA,45,1.170606139,0.000477346,121.535822000,8.009318000,113.526504000,103.822983628,96.980957319
avx2_mul,1200,0xAA,46,1.171198781,0.003635505,122.819021000,8.152262000,114.666759000,104.866076565,97.905463102
avx2_mul,1200,0xAA,47,1.170701235,0.000632537,121.210994000,8.025736000,113.185258000,103.537085582,96.681590980
avx2_mul,1200,0xAA,48,1.175836990,0.027326659,133.562951000,9.016151000,124.546800000,113.589683077,105.921825135
avx2_mul,1200,0xAA,49,1.170640478,0.000532361,121.287409000,8.025492000,113.261917000,103.607735504,96.752093527
avx2_mul,1200,0xAA,50,1.170960928,0.001322549,121.722101000,8.087504000,113.634597000,103.950608475,97.043884430
avx2_mul,1200,0xAA,51,1.170672827,0.000516950,121.367915000,8.056620000,113.311295000,103.673641488,96.791599118
avx2_mul,1200,0xAA,52,1.170641459,0.000440505,121.268794000,8.053507000,113.215287000,103.591747095,96.712179542
avx2_mul,1200,0xAA,53,1.170624838,0.000484820,121.192744000,8.069743000,113.123001000,103.528252664,96.634717914
avx2_mul,1200,0xAA,54,1.174143884,0.018433949,129.350865000,8.693337000,120.657528000,110.166110633,102.762131342
avx2_mul,1200,0xAA,55,1.170692622,0.000597422,121.080501000,8.015422000,113.065079000,103.426380831,96.579645961
avx2_mul,1200,0xAA,56,1.170601793,0.000533239,121.190058000,7.982462000,113.207596000,103.527996216,96.708886552
avx2_mul,1200,0xAA,57,1.170675911,0.000543011,121.232905000,8.025492000,113.207413000,103.558041845,96.702607370
avx2_mul,1200,0xAA,58,1.174088039,0.018116191,129.127111000,8.649942000,120.477169000,109.980773777,102.613402921
avx2_mul,1200,0xAA,59,1.170561132,0.000430237,121.109492000,7.986368000,113.123124000,103.462765586,96.640082189
avx2_mul,1200,0xAA,60,1.170980647,0.001367266,121.517328000,8.066996000,113.450332000,103.773984885,96.884890674
avx2_mul,1200,0xAA,61,1.170679732,0.000538615,121.149348000,8.020060000,113.129288000,103.486329105,96.635557043
avx2_mul,1200,0xAA,62,1.170617539,0.000471435,121.022518000,8.041118000,112.981400000,103.383482593,96.514357768
avx2_mul,1200,0xAA,63,1.170615230,0.000438391,121.034786000,8.018656000,113.016130000,103.394166511,96.544216335
avx2_mul,1200,0xAA,64,1.170721096,0.000630788,121.162654000,8.055643000,113.107011000,103.494038379,96.613114280
avx2_mul,1200,0xAA,65,1.174242826,0.018539118,129.421299000,8.710244000,120.711055000,110.216810498,102.799056853
avx2_mul,1200,0xAA,66,1.170608208,0.000562263,121.319819000,8.007670000,113.312149000,103.638278116,96.797671714
avx2_mul,1200,0xAA,67,1.174427184,0.020211434,130.091098000,8.748207000,121.342891000,110.769828707,103.320914786
avx2_mul,1200,0xAA,68,1.171992962,0.007511432,124.505419000,8.295999000,116.209420000,106.233930648,99.155390698
avx2_mul,1200,0xAA,69,1.171957188,0.007153766,124.071215000,8.294534000,115.776681000,105.866678626,98.789172652
avx2_mul,1200,0xAA,70,1.173007939,0.012146812,126.595318000,8.494057000,118.101261000,107.923666806,100.682405502
avx2_mul,1200,0xAA,71,1.170766076,0.000533324,121.210444000,8.076029000,113.134415000,103.530881620,96.632809351
avx2_mul,1200,0xAA,72,1.170710331,0.000645284,121.261164000,8.028605000,113.232559000,103.579135514,96.721243524
avx2_mul,1200,0xAA,73,1.179292783,0.045297831,141.646854000,9.649145000,131.997709000,120.111694124,111.929548739
avx2_mul,1200,0xAA,74,1.170595652,0.000434907,121.173152000,7.939310000,113.233842000,103.514097087,96.731814934
avx2_mul,1200,0xAA,75,1.170596014,0.000506490,121.262507000,7.965617000,113.296890000,103.590398052,96.785644825
avx2_mul,1200,0xAA,76,1.174097176,0.018103487,129.073034000,8.576027000,120.497007000,109.933859469,102.629500705
avx2_mul,1200,0xAA,77,1.170468825,0.000388218,121.220271000,7.958598000,113.261673000,103.565569938,96.766074020
avx2_mul,1200,0xAA,78,1.170638085,0.000436543,121.231013000,7.982951000,113.248062000,103.559771839,96.740455860
avx2_mul,1200,0xAA,79,1.170646577,0.000468537,121.159419000,7.941386000,113.218033000,103.497862943,96.714102452
avx2_mul,1200,0xAA,80,1.175071129,0.021837470,131.005219000,8.722573000,122.282646000,111.487054459,104.064037434
avx2_mul,1200,0xAA,81,1.171281634,0.003690174,122.664726000,8.136942000,114.527784000,104.726926852,97.779885454
avx2_mul,1200,0xAA,82,1.170696277,0.000534932,121.278986000,7.982890000,113.296096000,103.595602344,96.776677440
avx2_mul,1200,0xAA,83,1.170645531,0.000566744,121.400201000,7.944926000,113.455275000,103.703638529,96.916848003
avx2_mul,1200,0xAA,84,1.170603766,0.000436087,121.362300000,7.936869000,113.425431000,103.674961198,96.894811303
avx2_mul,1200,0xAA,85,1.170640111,0.000527878,121.270075000,7.820720000,113.449355000,103.592960705,96.912239681
avx2_mul,1200,0xAA,86,1.170611909,0.000541673,121.274470000,7.814128000,113.460342000,103.599210898,96.923960166
avx2_mul,1200,0xAA,87,1.172724194,0.010926355,126.276471000,8.397378000,117.879093000,107.677893624,100.517319941
avx2_mul,1200,0xAA,88,1.170649439,0.000600019,121.228327000,7.966960000,113.261367000,103.556472984,96.750883083
avx2_mul,1200,0xAA,89,1.172784603,0.011497783,126.379743000,8.356241000,118.023502000,107.760404347,100.635275844
avx2_mul,1200,0xAA,90,1.171010919,0.001312520,121.765680000,7.991008000,113.774672000,103.983385671,97.159360487
avx2_mul,1200,0xAA,91,1.170616923,0.000449235,121.315547000,7.922953000,113.392594000,103.633857139,96.865671201
avx2_mul,1200,0xAA,92,1.170621689,0.000415557,121.394526000,7.942668000,113.451858000,103.700902811,96.915902948
avx2_mul,1200,0xAA,93,1.170600910,0.000474920,121.311579000,7.924357000,113.387222000,103.631885091,96.862407183
avx2_mul,1200,0xAA,94,1.170597255,0.000406905,121.243647000,7.883708000,113.359939000,103.574176750,96.839402714
avx2_mul,1200,0xAA,95,1.170575659,0.000403431,121.289423000,7.853007000,113.436416000,103.615193185,96.906522162
avx2_mul,1200,0xAA,96,1.170572294,0.000578702,121.290400000,7.860148000,113.430252000,103.616325605,96.901534867
avx2_mul,1200,0xAA,97,1.170605462,0.000607472,121.275141000,7.916666000,113.358475000,103.600354644,96.837473163
avx2_mul,1200,0xAA,98,1.170509684,0.000372695,121.172297000,8.000529000,113.171768000,103.520969237,96.685887812
avx2_mul,1200,0xAA,99,1.170634913,0.000494997,121.417780000,7.986552000,113.431228000,103.719595827,96.897185258
avx2_mul,1400,0x00,0,1.003293535,0.000796240,104.244973000,6.918195000,97.326778000,103.902765653,97.007281169
avx2_mul,1400,0x00,1,1.003122412,0.000289839,104.084816000,6.903730000,97.181086000,103.760831948,96.878591138
avx2_mul,1400,0x00,2,1.003155819,0.000424312,104.171181000,6.885114000,97.286067000,103.843469853,96.980015669
avx2_mul,1400,0x00,3,1.003096001,0.000380934,104.019265000,6.908857000,97.110408000,103.698215255,96.810682063
avx2_mul,1400,0x00,4,1.003404964,0.001051436,104.578773000,6.918440000,97.660333000,104.223894432,97.328931530
avx2_mul,1400,0x00,5,1.003141617,0.000329471,104.314552000,6.886640000,97.427912000,103.987861976,97.122789404
avx2_mul,1400,0x00,6,1.003039302,0.000300088,103.937295000,6.873395000,97.063900000,103.622355335,96.769787361
avx2_mul,1400,0x00,7,1.003030888,0.000266882,104.063943000,6.871930000,97.192013000,103.749489938,96.898325050
avx2_mul,1400,0x00,8,1.003055074,0.000286821,104.054971000,6.878889000,97.176082000,103.738043641,96.880106145
avx2_mul,1400,0x00,9,1.003007989,0.000261094,104.016152000,6.902815000,97.113337000,103.704210893,96.822097214
avx2_mul,1400,0x00,10,1.003140548,0.000506467,104.041116000,6.874982000,97.166134000,103.715392853,96.861934466
avx2_mul,1400,0x00,11,1.003336943,0.000767537,104.153725000,6.883283000,97.270442000,103.807325848,96.946935581
avx2_mul,1400,0x00,12,1.005634210,0.012434842,109.738794000,7.343426000,102.395368000,109.123966644,101.821683243
avx2_mul,1400,0x00,13,1.003032744,0.000289980,104.152504000,6.895795000,97.256709000,103.837591216,96.962646162
avx2_mul,1400,0x00,14,1.003108869,0.000310445,104.013222000,6.884199000,97.129023000,103.690860668,96.827997413
avx2_mul,1400,0x00,15,1.003108512,0.000358189,104.097939000,6.888776000,97.209163000,103.775352091,96.907923574
avx2_mul,1400,0x00,16,1.003098000,0.000320125,103.966591000,6.905805000,97.060786000,103.645497227,96.761020338
avx2_mul,1400,0x00,17,1.003052189,0.000283911,104.214149000,6.898664000,97.315485000,103.897035618,97.019363573
avx2_mul,1400,0x00,18,1.006526090,0.018008433,112.074115000,7.518657000,104.555458000,111.347451471,103.877543763
avx2_mul,1400,0x00,19,1.003053275,0.000583223,104.139382000,6.869733000,97.269649000,103.822383759,96.973562092
avx2_mul,1400,0x00,20,1.003157373,0.000482082,104.238197000,6.877118000,97.361079000,103.910113997,97.054641282
avx2_mul,1400,0x00,21,1.012534637,0.049031570,126.776958000,8.706887000,118.070071000,125.207527063,116.608426667
avx2_mul,1400,0x00,22,1.003015656,0.000276689,103.992227000,6.862287000,97.129940000,103.679565072,96.837910151
avx2_mul,1400,0x00,23,1.003040132,0.000275702,103.958291000,6.883832000,97.074459000,103.643201941,96.780234271
avx2_mul,1400,0x00,24,1.003135529,0.000336535,104.159890000,6.895429000,97.264461000,103.834314466,96.960438705
avx2_mul,1400,0x00,25,1.003137544,0.000311844,103.953408000,6.901655000,97.051753000,103.628269744,96.748201262
avx2_mul,1400,0x00,26,1.010727923,0.039468403,121.846673000,8.320047000,113.526626000,120.553385613,112.321648057
avx2_mul,1400,0x00,27,1.003418345,0.001438245,104.490028000,6.951154000,97.538874000,104.134061884,97.206588376
avx2_mul,1400,0x00,28,1.003066220,0.000276096,104.042458000,6.893354000,97.149104000,103.724416169,96.852134094
avx2_mul,1400,0x00,29,1.003167204,0.000490602,104.043557000,6.903608000,97.139949000,103.715070178,96.833258282
avx2_mul,1400,0x00,30,1.006035045,0.015269008,110.869956000,7.422223000,103.447733000,110.204864643,102.827166387
avx2_mul,1400,0x00,31,1.005643752,0.012475120,109.626367000,7.358135000,102.268232000,109.011135207,101.694294639
avx2_mul,1400,0x00,32,1.006019045,0.015222141,110.755332000,7.454021000,103.301311000,110.092679159,102.683255815
avx2_mul,1400,0x00,33,1.003117867,0.000327344,103.920266000,6.888349000,97.031917000,103.597263496,96.730324699
avx2_mul,1400,0x00,34,1.003121361,0.000530646,104.023660000,6.911665000,97.111995000,103.699974994,96.809816662
avx2_mul,1400,0x00,35,1.003126805,0.000350730,103.993081000,6.885786000,97.107295000,103.668928469,96.804605867
avx2_mul,1400,0x00,36,1.003140823,0.000319912,103.956704000,6.885053000,97.071651000,103.631216687,96.767720714
avx2_mul,1400,0x00,37,1.005628027,0.012882937,109.660730000,7.363141000,102.297589000,109.047010454,101.725077492
avx2_mul,1400,0x00,38,1.003154264,0.000471287,104.137002000,6.860700000,97.276302000,103.809559204,96.970431620
avx2_mul,1400,0x00,39,1.003194426,0.000513049,104.072793000,6.881086000,97.191707000,103.741398812,96.882223936
avx2_mul,1400,0x00,40,1.003101910,0.000334064,104.007424000,6.886580000,97.120844000,103.685800028,96.820515520
avx2_mul,1400,0x00,41,1.010186691,0.024411078,112.512163000,7.572735000,104.939428000,111.377593812,103.881222038
avx2_mul,1400,0x00,42,1.007550691,0.023134631,114.285413000,7.740276000,106.545137000,113.428946025,105.746676473
avx2_mul,1400,0x00,43,1.003093300,0.000311499,104.187721000,6.916669000,97.271052000,103.866431002,96.971091354
avx2_mul,1400,0x00,44,1.003113688,0.000300657,104.154091000,6.912397000,97.241694000,103.830794324,96.939853562
avx2_mul,1400,0x00,45,1.003096164,0.000323912,104.010537000,6.909955000,97.100582000,103.689497293,96.800870612
avx2_mul,1400,0x00,46,1.003172629,0.000575870,104.203469000,6.903974000,97.299495000,103.873915618,96.991776092
avx2_mul,1400,0x00,47,1.003099798,0.000323544,104.115151000,6.926130000,97.189021000,103.793412380,96.888685639
avx2_mul,1400,0x00,48,1.003137759,0.000495205,103.957437000,6.922773000,97.034664000,103.632263983,96.731145027
avx2_mul,1400,0x00,49,1.003083432,0.000323425,103.947549000,6.902082000,97.045467000,103.628019050,96.747153730
avx2_mul,1400,0x00,50,1.003185449,0.000477301,103.905801000,6.889264000,97.016537000,103.575865371,96.708477085
avx2_mul,1400,0x00,51,1.003480533,0.001576175,104.967932000,6.980695000,97.987237000,104.603854883,97.647372148
avx2_mul,1400,0x00,52,1.003143192,0.000348518,104.048928000,6.908490000,97.140438000,103.722906955,96.836063628
avx2_mul,1400,0x00,53,1.003069604,0.000331011,103.960672000,6.895735000,97.064937000,103.642530514,96.767897912
avx2_mul,1400,0x00,54,1.003083850,0.000289903,104.067299000,6.913007000,97.154292000,103.747357704,96.855603839
avx2_mul,1400,0x00,55,1.005716369,0.013801189,110.198937000,7.417705000,102.781232000,109.572579737,102.197036064
avx2_mul,1400,0x00,56,1.003087120,0.000301558,104.018471000,6.903364000,97.115107000,103.698341768,96.816223693
avx2_mul,1400,0x00,57,1.003111187,0.000328195,104.068276000,6.892987000,97.175289000,103.745504354,96.873896211
avx2_mul,1400,0x00,58,1.003611138,0.002009950,105.269323000,6.970747000,98.298576000,104.890548765,97.944883520
avx2_mul,1400,0x00,59,1.003097164,0.000317846,104.226967000,6.904646000,97.322321000,103.905155652,97.021828448
avx2_mul,1400,0x00,60,1.003109614,0.000379037,104.040688000,6.928388000,97.112300000,103.718164492,96.811254320
avx2_mul,1400,0x00,61,1.012372388,0.047991342,126.208234000,8.717446000,117.490788000,124.665820099,116.054911600
avx2_mul,1400,0x00,62,1.004051570,0.004705630,105.881138000,7.061017000,98.820121000,105.453884210,98.421359974
avx2_mul,1400,0x00,63,1.003052611,0.000281699,103.982338000,6.931806000,97.050532000,103.665886386,96.755176096
avx2_mul,1400,0x00,64,1.003096170,0.000303636,104.191445000,6.914045000,97.277400000,103.869846331,96.977142312
avx2_mul,1400,0x00,65,1.003073404,0.000271157,104.018899000,6.905744000,97.113155000,103.700186414,96.815601526
avx2_mul,1400,0x00,66,1.003118988,0.000309070,103.910195000,6.892805000,97.017390000,103.587108064,96.715734794
avx2_mul,1400,0x00,67,1.004538334,0.007658343,107.395172000,7.184185000,100.210987000,106.909978850,99.758250778
avx2_mul,1400,0x00,68,1.005106263,0.010241828,108.722134000,7.299237000,101.422897000,108.169790566,100.907636039
avx2_mul,1400,0x00,69,1.003073506,0.000262257,104.067788000,6.922529000,97.145259000,103.748915087,96.847597329
avx2_mul,1400,0x00,70,1.003179703,0.000437384,104.031105000,6.896772000,97.134333000,103.701365494,96.826453669
avx2_mul,1400,0x00,71,1.012444342,0.048151720,126.081709000,8.704811000,117.376898000,124.531990283,115.934173459
avx2_mul,1400,0x00,72,1.003009353,0.000296061,103.928079000,6.901289000,97.026790000,103.616261109,96.735678210
avx2_mul,1400,0x00,73,1.003184729,0.000578346,104.259743000,6.902875000,97.356868000,103.928758074,97.047797070
avx2_mul,1400,0x00,74,1.003125331,0.000298370,104.187050000,6.919416000,97.267634000,103.862445487,96.964587575
avx2_mul,1400,0x00,75,1.003058218,0.000265958,104.140359000,6.913435000,97.226924000,103.822846114,96.930489443
avx2_mul,1400,0x00,76,1.003062683,0.000290417,103.904824000,6.908796000,96.996028000,103.587568146,96.699866989
avx2_mul,1400,0x00,77,1.003042789,0.000275408,104.475441000,6.920637000,97.554804000,104.158508676,97.258865831
avx2_mul,1400,0x00,78,1.005610833,0.012523387,109.876610000,7.375225000,102.501385000,109.263550450,101.929475719
avx2_mul,1400,0x00,79,1.003014997,0.000278861,104.269996000,6.917890000,97.352106000,103.956567236,97.059471959
avx2_mul,1400,0x00,80,1.003098210,0.000391446,104.109658000,6.909528000,97.200130000,103.788100650,96.899913701
avx2_mul,1400,0x00,81,1.012318065,0.047875520,126.578106000,8.693093000,117.885013000,125.037881309,116.450567396
avx2_mul,1400,0x00,82,1.003107381,0.000326173,104.444008000,6.931196000,97.512812000,104.120466079,97.210741224
avx2_mul,1400,0x00,83,1.003059313,0.000285547,104.163185000,6.918561000,97.244624000,103.845489127,96.948029615
avx2_mul,1400,0x00,84,1.005412279,0.012344586,109.760828000,7.357526000,102.403302000,109.169969658,101.852050280
avx2_mul,1400,0x00,85,1.003177529,0.000827231,104.564307000,6.900495000,97.663812000,104.233103266,97.354465339
avx2_mul,1400,0x00,86,1.003085220,0.000276493,104.391883000,6.894514000,97.497369000,104.070801663,97.197493332
avx2_mul,1400,0x00,87,1.003234616,0.000581152,104.701697000,6.901106000,97.800591000,104.364119143,97.485263600
avx2_mul,1400,0x00,88,1.003103995,0.000308885,104.457557000,6.913618000,97.543939000,104.134324614,97.242100042
avx2_mul,1400,0x00,89,1.003202191,0.000423478,104.332069000,6.913923000,97.418146000,103.999044160,97.107190195
avx2_mul,1400,0x00,90,1.004568614,0.007144413,107.982084000,7.173749000,100.808335000,107.490999097,100.349875138
avx2_mul,1400,0x00,91,1.003157984,0.000488201,104.529639000,6.917340000,97.612299000,104.200575265,97.305011345
avx2_mul,1400,0x00,92,1.003193604,0.000680302,104.637549000,6.925276000,97.712273000,104.304441969,97.401212148
avx2_mul,1400,0x00,93,1.004235059,0.006058943,106.985078000,7.102704000,99.882374000,106.533900607,99.461150125
avx2_mul,1400,0x00,94,1.003031124,0.000282437,103.981728000,6.912824000,97.068904000,103.667499008,96.775565310
avx2_mul,1400,0x00,95,1.003019376,0.000284914,104.357704000,6.926252000,97.431452000,104.043557328,97.138155337
avx2_mul,1400,0x00,96,1.003035015,0.000261300,104.257180000,6.917890000,97.339290000,103.941715320,97.044757691
avx2_mul,1400,0x00,97,1.003134457,0.000491474,104.454384000,6.900190000,97.554194000,104.127999282,97.249370049
avx2_mul,1400,0x00,98,1.003034516,0.000280949,104.187417000,6.912702000,97.274715000,103.872215057,96.980426303
avx2_mul,1400,0x00,99,1.003089915,0.000401692,104.165810000,6.900861000,97.264949000,103.844937935,96.965334328
avx2_mul,1400,0xAA,0,1.009936041,0.035079106,119.846922000,8.203898000,111.643024000,118.667833583,110.544647886
avx2_mul,1400,0xAA,1,1.010851711,0.040730747,122.466849000,8.402932000,114.063917000,121.152141000,112.839416285
avx2_mul,1400,0xAA,2,1.003172477,0.000836282,104.163796000,6.909773000,97.254023000,103.834383839,96.946462608
avx2_mul,1400,0xAA,3,1.007656253,0.022457206,114.245862000,7.734904000,106.510958000,113.377812813,105.701679231
avx2_mul,1400,0xAA,4,1.004996225,0.009909491,108.488675000,7.273541000,101.215134000,107.949335872,100.711954455
avx2_mul,1400,0xAA,5,1.003001968,0.000262929,104.044777000,6.919965000,97.124812000,103.733372735,96.834119073
avx2_mul,1400,0xAA,6,1.003071733,0.000365651,104.045449000,6.889509000,97.155940000,103.726827884,96.858416808
avx2_mul,1400,0xAA,7,1.003113155,0.000314881,104.072060000,6.914472000,97.157588000,103.749073021,96.856060041
avx2_mul,1400,0xAA,8,1.003184884,0.000381950,104.162514000,6.944929000,97.217585000,103.831821674,96.908941246
avx2_mul,1400,0xAA,9,1.003232810,0.000758220,104.213356000,6.925947000,97.287409000,103.877539629,96.973910751
avx2_mul,1400,0xAA,10,1.009730486,0.034535042,119.816527000,8.165018000,111.651509000,118.661889099,110.575555062
avx2_mul,1400,0xAA,11,1.003193891,0.000438348,104.121865000,6.909468000,97.212397000,103.790369839,96.902899670
avx2_mul,1400,0xAA,12,1.007180202,0.021046292,113.576796000,7.681620000,105.895176000,112.767105376,105.140247756
avx2_mul,1400,0xAA,13,1.003173536,0.000899166,104.192055000,6.938032000,97.254023000,103.862443762,96.946360205
avx2_mul,1400,0xAA,14,1.003024859,0.000316672,103.819437000,6.888654000,96.930783000,103.506344879,96.638465248
avx2_mul,1400,0xAA,15,1.003792623,0.004233620,105.744175000,7.059918000,98.684257000,105.344642475,98.311398917
avx2_mul,1400,0xAA,16,1.003029562,0.000251864,103.916848000,6.922406000,96.994442000,103.602976308,96.701478826
avx2_mul,1400,0xAA,17,1.003054521,0.000287904,103.889443000,6.907881000,96.981562000,103.573076825,96.686231840
avx2_mul,1400,0xAA,18,1.003029520,0.000254613,103.858071000,6.895918000,96.962153000,103.544381178,96.669291403
avx2_mul,1400,0xAA,19,1.007081253,0.020600349,113.162857000,7.648907000,105.513950000,112.367156730,104.772032725
avx2_mul,1400,0xAA,20,1.003162182,0.000657574,103.989358000,6.932965000,97.056393000,103.661561306,96.750450495
avx2_mul,1400,0xAA,21,1.012505838,0.047987994,125.956586000,8.700295000,117.256291000,124.400849164,115.808014757
avx2_mul,1400,0xAA,22,1.063610760,0.033247809,114.253675000,7.628277000,106.625398000,107.420570881,100.248513876
avx2_mul,1400,0xAA,23,1.003109994,0.000336073,103.858865000,6.911115000,96.947750000,103.536865931,96.647177822
avx2_mul,1400,0xAA,24,1.003161008,0.000587804,104.074136000,6.932783000,97.141353000,103.746193456,96.835255985
avx2_mul,1400,0xAA,25,1.003110077,0.000335446,103.964700000,6.905439000,97.059261000,103.642364237,96.758335100
avx2_mul,1400,0xAA,26,1.007182654,0.021173371,113.355117000,7.676921000,105.678196000,112.546732748,104.924559184
avx2_mul,1400,0xAA,27,1.003158470,0.000638466,104.145485000,6.932538000,97.212947000,103.817580258,96.906869532
avx2_mul,1400,0xAA,28,1.003172368,0.000484669,104.163796000,6.918684000,97.245112000,103.834395095,96.937590297
avx2_mul,1400,0xAA,29,1.003076312,0.000315777,104.255959000,6.903119000,97.352840000,103.936218722,97.054270744
avx2_mul,1400,0xAA,30,1.003155567,0.000390377,104.007241000,6.866621000,97.140620000,103.680071565,96.835050489
avx2_mul,1400,0xAA,31,1.014984707,0.048922835,126.931621000,8.755592000,118.176029000,125.057668453,116.431339468
avx2_mul,1400,0xAA,32,1.003246126,0.000898030,104.302040000,6.926191000,97.375849000,103.964557982,97.060777521
avx2_mul,1400,0xAA,33,1.003109453,0.000299524,103.833475000,6.910016000,96.923459000,103.511610553,96.623014316
avx2_mul,1400,0xAA,34,1.003113436,0.000313322,103.947244000,6.921918000,97.025326000,103.624615396,96.724181455
avx2_mul,1400,0xAA,35,1.003164030,0.000579631,104.107155000,6.926496000,97.180659000,103.778795769,96.874146288
avx2_mul,1400,0xAA,36,1.003119370,0.000318832,103.999795000,6.917707000,97.082088000,103.676390005,96.780194788
avx2_mul,1400,0xAA,37,1.004507668,0.007376704,107.138154000,7.168927000,99.969227000,106.657377981,99.520621109
avx2_mul,1400,0xAA,38,1.011612938,0.043943840,123.918994000,8.506570000,115.412424000,122.496450352,114.087532590
avx2_mul,1400,0xAA,39,1.003552377,0.002731165,105.166418000,7.005475000,98.160943000,104.794149684,97.813472680
avx2_mul,1400,0xAA,40,1.003592531,0.002392452,105.204808000,6.986188000,98.218620000,104.828209453,97.867029704
avx2_mul,1400,0xAA,41,1.003229552,0.000328206,104.525795000,6.934796000,97.590999000,104.189310249,97.276838434
avx2_mul,1400,0xAA,42,1.003199126,0.000377060,104.231666000,6.901228000,97.330438000,103.899279137,97.020058629
avx2_mul,1400,0xAA,43,1.003192352,0.000692555,104.051797000,6.933881000,97.117916000,103.720684048,96.808867999
avx2_mul,1400,0xAA,44,1.003131309,0.000339196,103.957314000,6.920576000,97.036738000,103.632807679,96.733834494
avx2_mul,1400,0xAA,45,1.003099145,0.000305429,104.166970000,6.922346000,97.244624000,103.845138902,96.944179971
avx2_mul,1400,0xAA,46,1.003102005,0.000330540,104.009926000,6.910932000,97.098994000,103.688284409,96.798723861
avx2_mul,1400,0xAA,47,1.003198209,0.000677290,104.244973000,6.928754000,97.316219000,103.912638612,97.005973574
avx2_mul,1400,0xAA,48,1.003221423,0.000527077,104.106057000,6.919050000,97.187007000,103.771764300,96.874931911
avx2_mul,1400,0xAA,49,1.003086604,0.000324173,104.044716000,6.920820000,97.123896000,103.724559334,96.825035434
avx2_mul,1400,0xAA,50,1.003216479,0.000462758,103.863687000,6.897871000,96.965816000,103.530682715,96.654927438
avx2_mul,1400,0xAA,51,1.003318987,0.000621488,104.612526000,6.960736000,97.651790000,104.266466933,97.328757103
avx2_mul,1400,0xAA,52,1.003148936,0.000396778,104.084206000,6.931501000,97.152705000,103.757480379,96.847737714
avx2_mul,1400,0xAA,53,1.003074458,0.000317353,104.042824000,6.927412000,97.115412000,103.723929125,96.817749884
avx2_mul,1400,0xAA,54,1.003110159,0.000377994,103.999978000,6.896527000,97.103451000,103.677524392,96.802380185
avx2_mul,1400,0xAA,55,1.003201902,0.000780112,104.203285000,6.931806000,97.271479000,103.870701194,96.961019318
avx2_mul,1400,0xAA,56,1.003094413,0.000330568,104.178322000,6.915083000,97.263239000,103.856945676,96.963194791
avx2_mul,1400,0xAA,57,1.008747887,0.029084409,117.171453000,7.966532000,109.204921000,116.155339218,108.257893184
avx2_mul,1400,0xAA,58,1.003045261,0.000312807,103.945169000,6.884382000,97.060787000,103.629589877,96.766108966
avx2_mul,1400,0xAA,59,1.003263867,0.000733895,104.095254000,6.915998000,97.179256000,103.756606266,96.863107727
avx2_mul,1400,0xAA,60,1.003128935,0.000350377,104.089456000,6.922223000,97.167233000,103.764782706,96.864151336
avx2_mul,1400,0xAA,61,1.014786726,0.049263660,126.816082000,8.758949000,118.057133000,124.968211283,116.336891249
avx2_mul,1400,0xAA,62,1.003055676,0.000287744,104.047768000,6.915082000,97.132686000,103.730800309,96.836784187
avx2_mul,1400,0xAA,63,1.003086425,0.000366947,104.030312000,6.921491000,97.108821000,103.710218164,96.810024097
avx2_mul,1400,0xAA,64,1.003084173,0.000325302,104.108742000,6.927046000,97.181696000,103.788639905,96.882892423
avx2_mul,1400,0xAA,65,1.003090186,0.000362393,103.877603000,6.921369000,96.956234000,103.557590816,96.657544241
avx2_mul,1400,0xAA,66,1.003143206,0.000746957,104.079262000,6.917402000,97.161860000,103.753144534,96.857417223
avx2_mul,1400,0xAA,67,1.003181254,0.000530676,104.113076000,6.909650000,97.203426000,103.782916168,96.895177814
avx2_mul,1400,0xAA,68,1.003028278,0.000325111,103.839211000,6.904584000,96.934627000,103.525706348,96.641968223
avx2_mul,1400,0xAA,69,1.003075087,0.000401065,104.065530000,6.912824000,97.152706000,103.746500504,96.854868869
avx2_mul,1400,0xAA,70,1.003106772,0.000568963,103.899087000,6.896772000,97.002315000,103.577295920,96.701884259
avx2_mul,1400,0xAA,71,1.012415234,0.048122399,126.199079000,8.703164000,117.495915000,124.651501393,116.055064176
avx2_mul,1400,0xAA,72,1.006423218,0.017471522,111.674092000,7.556926000,104.117166000,110.961363015,103.452667004
avx2_mul,1400,0xAA,73,1.003094362,0.000317039,103.963906000,6.919538000,97.044368000,103.643196461,96.745003964
avx2_mul,1400,0xAA,74,1.003041131,0.000284279,103.968545000,6.906660000,97.061885000,103.653321685,96.767602059
avx2_mul,1400,0xAA,75,1.003096501,0.000318800,104.109291000,6.922712000,97.186579000,103.787911672,96.886569682
avx2_mul,1400,0xAA,76,1.003066733,0.000289100,103.869973000,6.902265000,96.967708000,103.552405417,96.671243105
avx2_mul,1400,0xAA,77,1.003161151,0.000480265,104.067116000,6.912152000,97.154964000,103.739180785,96.848810287
avx2_mul,1400,0xAA,78,1.003109055,0.000754956,104.087319000,6.919416000,97.167903000,103.764708828,96.866738995
avx2_mul,1400,0xAA,79,1.003186551,0.000471715,104.031838000,6.898786000,97.133052000,103.701388208,96.824515715
avx2_mul,1400,0xAA,80,1.003090090,0.000340644,103.931680000,6.914350000,97.017330000,103.611511102,96.718461247
avx2_mul,1400,0xAA,81,1.012531110,0.048753977,126.550213000,8.713112000,117.837101000,124.984024411,116.378746102
avx2_mul,1400,0xAA,82,1.003158543,0.000694869,104.077004000,6.915998000,97.161006000,103.749307396,96.855085090
avx2_mul,1400,0xAA,83,1.003086567,0.000370165,104.080666000,6.918806000,97.161860000,103.760402547,96.862886195
avx2_mul,1400,0xAA,84,1.003050668,0.000316437,104.059426000,6.927533000,97.131893000,103.742940734,96.836477062
avx2_mul,1400,0xAA,85,1.003040203,0.000304014,103.979348000,6.897688000,97.081660000,103.664187855,96.787406664
avx2_mul,1400,0xAA,86,1.003206325,0.000482753,104.192666000,6.926374000,97.266292000,103.859658159,96.955421388
avx2_mul,1400,0xAA,87,1.003188279,0.000360171,104.012795000,6.935591000,97.077204000,103.682227184,96.768678503
avx2_mul,1400,0xAA,88,1.003127047,0.000393660,103.947061000,6.912031000,97.035030000,103.623026958,96.732542823
avx2_mul,1400,0xAA,89,1.003396684,0.001949593,104.657325000,6.946027000,97.711298000,104.303040531,97.380527122
avx2_mul,1400,0xAA,90,1.003193371,0.000825358,104.232704000,6.915449000,97.317255000,103.900909892,97.007474187
avx2_mul,1400,0xAA,91,1.012295641,0.047267951,126.071699000,8.679787000,117.391912000,124.540395026,115.966035274
avx2_mul,1400,0xAA,92,1.006545442,0.018137610,112.074787000,7.568157000,104.506630000,111.345978301,103.827036105
avx2_mul,1400,0xAA,93,1.003047737,0.000275916,104.002724000,6.904951000,97.097773000,103.686714128,96.802743662
avx2_mul,1400,0xAA,94,1.003045779,0.000311892,103.943582000,6.914899000,97.028683000,103.627954183,96.734052482
avx2_mul,1400,0xAA,95,1.005894432,0.014996074,110.651206000,7.462750000,103.188456000,110.002801995,102.583782897
avx2_mul,1400,0xAA,96,1.003085789,0.000500811,104.015053000,6.922956000,97.092097000,103.695071932,96.793412992
avx2_mul,1400,0xAA,97,1.003006002,0.000281957,103.891152000,6.903485000,96.987667000,103.579790989,96.696995682
avx2_mul,1400,0xAA,98,1.003137122,0.000409266,103.972940000,6.915387000,97.057553000,103.647784267,96.754023834
avx2_mul,1400,0xAA,99,1.003119549,0.000298329,103.990335000,6.909345000,97.080990000,103.666940880,96.779082891
avx2_mul,1600,0x00,0,0.877607522,0.000245696,94.055240000,6.031112000,88.024128000,107.172326590,100.300106552
avx2_mul,1600,0x00,1,0.877582493,0.000155748,94.179203000,6.032883000,88.146320000,107.316638332,100.442204249
avx2_mul,1600,0x00,2,0.880649966,0.014507683,100.707933000,6.567976000,94.139957000,114.356369563,106.898269010
avx2_mul,1600,0x00,3,0.878328909,0.002284298,95.059388000,6.099776000,88.959612000,108.227552396,101.282800904
avx2_mul,1600,0x00,4,0.878250726,0.003245169,95.615966000,6.158920000,89.457046000,108.870921678,101.858209000
avx2_mul,1600,0x00,5,0.878177287,0.003326718,95.341981000,6.123703000,89.218278000,108.568033379,101.594836633
avx2_mul,1600,0x00,6,0.877801012,0.001013314,94.499391000,6.065109000,88.434282000,107.654684552,100.745249589
avx2_mul,1600,0x00,7,0.877628616,0.000244702,94.218631000,6.043076000,88.175555000,107.355923961,100.470236909
avx2_mul,1600,0x00,8,0.877651430,0.000306948,94.194338000,6.049972000,88.144366000,107.325453827,100.432088426
avx2_mul,1600,0x00,9,0.877669419,0.000272600,94.132267000,6.018112000,88.114155000,107.252531465,100.395608040
avx2_mul,1600,0x00,10,0.877630872,0.000206919,94.136477000,6.017074000,88.119403000,107.262039192,100.405997328
avx2_mul,1600,0x00,11,0.878019501,0.001312991,94.652285000,6.056686000,88.595599000,107.802030509,100.903908093
avx2_mul,1600,0x00,12,0.877704705,0.000325859,94.258243000,6.044785000,88.213458000,107.391748590,100.504711336
avx2_mul,1600,0x00,13,0.877651189,0.000313513,94.032657000,6.024338000,88.008319000,107.141263182,100.277103392
avx2_mul,1600,0x00,14,0.877664311,0.000273170,94.174258000,5.998886000,88.175372000,107.300999755,100.465942289
avx2_mul,1600,0x00,15,0.880071373,0.011612562,99.363393000,6.450912000,92.912481000,112.903789461,105.573802146
avx2_mul,1600,0x00,16,0.877597524,0.000257321,94.279910000,6.017990000,88.261920000,107.429553335,100.572207187
avx2_mul,1600,0x00,17,0.877677439,0.000370512,94.332033000,6.016464000,88.315569000,107.479158937,100.624175853
avx2_mul,1600,0x00,18,0.877618269,0.000285727,94.079716000,6.015243000,88.064473000,107.198903341,100.344849350
avx2_mul,1600,0x00,19,0.877605530,0.000215124,94.252139000,5.980820000,88.271319000,107.396929268,100.581999556
avx2_mul,1600,0x00,20,0.877714799,0.000690114,94.378115000,6.029709000,88.348406000,107.527086392,100.657304763
avx2_mul,1600,0x00,21,0.877887870,0.000988580,94.512270000,6.061691000,88.450579000,107.658703607,100.753845701
avx2_mul,1600,0x00,22,0.877663899,0.000340865,94.092532000,6.041915000,88.050617000,107.207932483,100.323845068
avx2_mul,1600,0x00,23,0.880336233,0.014095733,100.466478000,6.512252000,93.954226000,114.122847859,106.725387940
avx2_mul,1600,0x00,24,0.877735152,0.000998161,94.571169000,6.055100000,88.516069000,107.744538653,100.845988461
avx2_mul,1600,0x00,25,0.877711814,0.000310506,94.234195000,6.028305000,88.205890000,107.363480198,100.495274824
avx2_mul,1600,0x00,26,0.877729128,0.000449124,94.145145000,6.034470000,88.110675000,107.259907440,100.384813736
avx2_mul,1600,0x00,27,0.877633292,0.000252222,94.106876000,6.030136000,88.076740000,107.228015238,100.357109068
avx2_mul,1600,0x00,28,0.877660542,0.000304897,94.199832000,6.023666000,88.176166000,107.330599303,100.467278339
avx2_mul,1600,0x00,29,0.877717698,0.000888195,94.434450000,6.067672000,88.366778000,107.590914762,100.677903875
avx2_mul,1600,0x00,30,0.877639413,0.000274996,93.960513000,6.036666000,87.923847000,107.060498472,100.182199808
avx2_mul,1600,0x00,31,0.877914485,0.000972125,94.524660000,6.052047000,88.472613000,107.669552826,100.775889371
avx2_mul,1600,0x00,32,0.877699275,0.000312830,94.258060000,6.035751000,88.222309000,107.392204431,100.515417392
avx2_mul,1600,0x00,33,0.877776581,0.000995908,94.496706000,6.039536000,88.457170000,107.654622003,100.774128569
avx2_mul,1600,0x00,34,0.880411506,0.014449611,100.694444000,6.559614000,94.134830000,114.372021876,106.921399120
avx2_mul,1600,0x00,35,0.877626719,0.000294748,94.109562000,6.019028000,88.090534000,107.231878802,100.373578038
avx2_mul,1600,0x00,36,0.877635535,0.000271904,94.366457000,6.008590000,88.357867000,107.523514268,100.677175715
avx2_mul,1600,0x00,37,0.877690260,0.000385745,94.292239000,5.954147000,88.338092000,107.432249491,100.648367670
avx2_mul,1600,0x00,38,0.877631990,0.000288924,94.189456000,6.010910000,88.178546000,107.322268436,100.473258749
avx2_mul,1600,0x00,39,0.880404719,0.014278387,100.460375000,6.514510000,93.945865000,114.107038297,106.707589091
avx2_mul,1600,0x00,40,0.882985029,0.027837053,106.924348000,7.058576000,99.865772000,121.094179922,113.100187083
avx2_mul,1600,0x00,41,0.877635023,0.000253292,94.293154000,6.027207000,88.265947000,107.440053691,100.572498453
avx2_mul,1600,0x00,42,0.877827217,0.001165996,94.858217000,6.064803000,88.793414000,108.060236848,101.151356739
avx2_mul,1600,0x00,43,0.877652528,0.000252860,94.286624000,6.026168000,88.260456000,107.430470461,100.564236039
avx2_mul,1600,0x00,44,0.877670098,0.000288763,94.153201000,6.034348000,88.118853000,107.276300338,100.400883236
avx2_mul,1600,0x00,45,0.877658591,0.000247195,94.379275000,6.043747000,88.335528000,107.535294439,100.649078019
avx2_mul,1600,0x00,46,0.877779938,0.001042481,94.580263000,6.031235000,88.549028000,107.749401501,100.878391198
avx2_mul,1600,0x00,47,0.877599523,0.000159325,94.321719000,6.040085000,88.281634000,107.476948813,100.594441653
avx2_mul,1600,0x00,48,0.877705535,0.000425849,94.071048000,6.031357000,88.039691000,107.178369381,100.306637619
avx2_mul,1600,0x00,49,0.877603084,0.000257086,94.245059000,6.016708000,88.228351000,107.389161095,100.533319192
avx2_mul,1600,0x00,50,0.877640607,0.000257268,94.253788000,6.033249000,88.220539000,107.394515786,100.520119874
avx2_mul,1600,0x00,51,0.878112966,0.001365622,94.757814000,6.048813000,88.709001000,107.910733199,101.022310827
avx2_mul,1600,0x00,52,0.877696009,0.000290503,94.037724000,6.028976000,88.008748000,107.141564984,100.272471429
avx2_mul,1600,0x00,53,0.877637908,0.000283331,94.080570000,6.009261000,88.071309000,107.197477605,100.350393011
avx2_mul,1600,0x00,54,0.877621260,0.000251598,94.171390000,6.020431000,88.150959000,107.302995381,100.443053313
avx2_mul,1600,0x00,55,0.877608541,0.000170678,94.119937000,5.982101000,88.137836000,107.245921890,100.429555910
avx2_mul,1600,0x00,56,0.877580136,0.000160007,94.391787000,6.052963000,88.338824000,107.559165409,100.661831761
avx2_mul,1600,0x00,57,0.877606328,0.000249811,94.167789000,6.016037000,88.151752000,107.300717907,100.445665921
avx2_mul,1600,0x00,58,0.877633902,0.000285709,94.167788000,6.033737000,88.134051000,107.297345516,100.422341043
avx2_mul,1600,0x00,59,0.877645804,0.000263505,94.272586000,6.037643000,88.234943000,107.415298493,100.535936713
avx2_mul,1600,0x00,60,0.877885122,0.001127160,94.618593000,6.044662000,88.573931000,107.780153285,100.894671518
avx2_mul,1600,0x00,61,0.877904741,0.000894050,94.257205000,6.051010000,88.206195000,107.366096323,100.473537579
avx2_mul,1600,0x00,62,0.877789804,0.000404138,94.209109000,6.035568000,88.173541000,107.325362630,100.449493288
avx2_mul,1600,0x00,63,0.877662230,0.000257167,94.230899000,6.029404000,88.201495000,107.365790381,100.495944790
avx2_mul,1600,0x00,64,0.877705653,0.000352725,94.196781000,6.032639000,88.164142000,107.321606874,100.448415409
avx2_mul,1600,0x00,65,0.877666699,0.000294285,93.988651000,6.014938000,87.973713000,107.089229995,100.235901726
avx2_mul,1600,0x00,66,0.877638371,0.000254985,94.165957000,6.009262000,88.156695000,107.294712825,100.447630704
avx2_mul,1600,0x00,67,0.877646663,0.000276023,94.201602000,6.001938000,88.199664000,107.334313422,100.495641035
avx2_mul,1600,0x00,68,0.877638020,0.000257400,94.185489000,6.016464000,88.169025000,107.317010969,100.461719990
avx2_mul,1600,0x00,69,0.877805356,0.001046881,94.328128000,6.016587000,88.311541000,107.459048074,100.604923802
avx2_mul,1600,0x00,70,0.877641371,0.000261764,94.144107000,5.989792000,88.154315000,107.269449869,100.444575609
avx2_mul,1600,0x00,71,0.877976056,0.000984317,94.494936000,6.030441000,88.464495000,107.628147006,100.759575864
avx2_mul,1600,0x00,72,0.877674383,0.000318319,94.215641000,6.014755000,88.200886000,107.346919140,100.493859374
avx2_mul,1600,0x00,73,0.877695500,0.000304918,94.058964000,6.025009000,88.033955000,107.165826825,100.301249079
avx2_mul,1600,0x00,74,0.877624684,0.000307587,94.246463000,6.022202000,88.224261000,107.388117884,100.526184632
avx2_mul,1600,0x00,75,0.877651690,0.000263768,94.323550000,6.045578000,88.277972000,107.472646655,100.584289842
avx2_mul,1600,0x00,76,0.877667707,0.000292771,94.395388000,6.041183000,88.354205000,107.552536413,100.669312896
avx2_mul,1600,0x00,77,0.877670883,0.000269240,94.116458000,6.040390000,88.076068000,107.234340137,100.352045057
avx2_mul,1600,0x00,78,0.879007162,0.006344603,96.873470000,6.251876000,90.621594000,110.207827809,103.095398847
avx2_mul,1600,0x00,79,0.877628042,0.000245712,94.210757000,6.044418000,88.166339000,107.347022283,100.459801605
avx2_mul,1600,0x00,80,0.877687552,0.000295269,94.312868000,6.023789000,88.289079000,107.456084760,100.592834866
avx2_mul,1600,0x00,81,0.877897522,0.000979593,94.556887000,6.057053000,88.499834000,107.708342541,100.808843625
avx2_mul,1600,0x00,82,0.877720612,0.000444158,94.287051000,6.038010000,88.249041000,107.422623624,100.543430047
avx2_mul,1600,0x00,83,0.877756257,0.001040557,94.602114000,6.055161000,88.546953000,107.777202686,100.878748869
avx2_mul,1600,0x00,84,0.877628934,0.000252534,94.190188000,6.031357000,88.158831000,107.323476166,100.451144632
avx2_mul,1600,0x00,85,0.880106469,0.010846794,99.069448000,6.425521000,92.643927000,112.565299211,105.264454111
avx2_mul,1600,0x00,86,0.877605541,0.000227676,94.056156000,6.036300000,88.019856000,107.173612296,100.295465204
avx2_mul,1600,0x00,87,0.877735944,0.001040563,94.575686000,6.076827000,88.498859000,107.749587557,100.826290137
avx2_mul,1600,0x00,88,0.882024360,0.022903595,104.486244000,6.861860000,97.624384000,118.461857429,110.682185676
avx2_mul,1600,0x00,89,0.877637427,0.000280187,94.242740000,6.049667000,88.193073000,107.382316517,100.489188658
avx2_mul,1600,0x00,90,0.877634627,0.000242733,94.072513000,6.044540000,88.027973000,107.188698031,100.301390016
avx2_mul,1600,0x00,91,0.881052151,0.016556946,101.599837000,6.642134000,94.957703000,115.316484773,107.777618896
avx2_mul,1600,0x00,92,0.877836587,0.001119760,94.673098000,6.087875000,88.585223000,107.848202530,100.913113367
avx2_mul,1600,0x00,93,0.880998678,0.017410843,102.215436000,6.689253000,95.526183000,116.022235393,108.429428313
avx2_mul,1600,0x00,94,0.885320908,0.040289443,112.385820000,7.541973000,104.843847000,126.943596356,118.424681993
avx2_mul,1600,0x00,95,0.878021380,0.002058730,95.083497000,6.118880000,88.964617000,108.292917620,101.323975704
avx2_mul,1600,0x00,96,0.877593461,0.000370969,94.062503000,6.040878000,88.021625000,107.182319819,100.298861510
avx2_mul,1600,0x00,97,0.877577144,0.000241856,94.152347000,6.039170000,88.113177000,107.286690022,100.405049995
avx2_mul,1600,0x00,98,0.877582641,0.000256091,94.190005000,6.033737000,88.156268000,107.328929098,100.453523043
avx2_mul,1600,0x00,99,0.877582119,0.000243109,94.239566000,6.051010000,88.188556000,107.385467348,100.490374720
avx2_mul,1600,0xAA,0,0.881121054,0.018001595,102.535321000,6.701521000,95.833800000,116.369164597,108.763488887
avx2_mul,1600,0xAA,1,0.877574060,0.000225342,94.434511000,6.043991000,88.390520000,107.608594267,100.721436506
avx2_mul,1600,0xAA,2,0.877644854,0.000394990,94.490603000,6.030624000,88.459979000,107.663826170,100.792454484
avx2_mul,1600,0xAA,3,0.877640261,0.000259665,94.210391000,5.990585000,88.219806000,107.345110776,100.519324325
avx2_mul,1600,0xAA,4,0.877671749,0.000281845,94.308718000,6.039657000,88.269061000,107.453291160,100.571838036
avx2_mul,1600,0xAA,5,0.882609584,0.024611197,105.424107000,6.930646000,98.493461000,119.445912300,111.593464147
avx2_mul,1600,0xAA,6,0.877822082,0.001003133,94.628115000,6.075119000,88.552996000,107.798740720,100.878068381
avx2_mul,1600,0xAA,7,0.877636228,0.000256798,94.134646000,6.042282000,88.092364000,107.259298343,100.374575711
avx2_mul,1600,0xAA,8,0.877683024,0.000384273,94.398074000,6.006881000,88.391193000,107.553719820,100.709698870
avx2_mul,1600,0xAA,9,0.877627733,0.000275045,94.404360000,6.038253000,88.366107000,107.567658171,100.687459686
avx2_mul,1600,0xAA,10,0.877772717,0.000356813,94.391788000,6.044601000,88.347187000,107.535568397,100.649274387
avx2_mul,1600,0xAA,11,0.878037825,0.001414184,94.566530000,6.051621000,88.514909000,107.702114047,100.809904138
avx2_mul,1600,0xAA,12,0.879108464,0.007251312,97.558893000,6.264632000,91.294261000,110.974808055,103.848688514
avx2_mul,1600,0xAA,13,0.877610511,0.000280258,94.379092000,6.016769000,88.362323000,107.540977200,100.685123810
avx2_mul,1600,0xAA,14,0.877583379,0.000255802,94.435305000,5.999985000,88.435320000,107.608356340,100.771416237
avx2_mul,1600,0xAA,15,0.879458202,0.009727255,98.610954000,6.372664000,92.238290000,112.126936575,104.880811645
avx2_mul,1600,0xAA,16,0.877566674,0.000239717,94.271182000,6.036789000,88.234393000,107.423384281,100.544375333
avx2_mul,1600,0xAA,17,0.877583747,0.000176189,94.346194000,6.021347000,88.324847000,107.506769954,100.645490878
avx2_mul,1600,0xAA,18,0.877639397,0.000287260,94.440432000,6.038742000,88.401690000,107.607329695,100.726665475
avx2_mul,1600,0xAA,19,0.877695710,0.000425771,94.331240000,6.026473000,88.304767000,107.476018031,100.609773924
avx2_mul,1600,0xAA,20,0.884346084,0.033681281,109.798974000,7.262982000,102.535992000,124.158376470,115.945548785
avx2_mul,1600,0xAA,21,0.877581070,0.000251526,94.310122000,5.992782000,88.317340000,107.465993970,100.637243666
avx2_mul,1600,0xAA,22,0.877677813,0.000380230,94.321963000,6.023911000,88.298052000,107.467639723,100.604174667
avx2_mul,1600,0xAA,23,0.878403208,0.004382019,96.137937000,6.184371000,89.953566000,109.446249838,102.405780334
avx2_mul,1600,0xAA,24,0.877742552,0.001112259,94.712831000,6.082687000,88.630144000,107.905023863,100.975102342
avx2_mul,1600,0xAA,25,0.877604150,0.000244444,94.255619000,6.032090000,88.223529000,107.401063470,100.527702626
avx2_mul,1600,0xAA,26,0.878307107,0.003545682,95.764526000,6.138412000,89.626114000,109.033076483,102.044163437
avx2_mul,1600,0xAA,27,0.877652776,0.000274978,94.251712000,6.041427000,88.210285000,107.390661328,100.507042695
avx2_mul,1600,0xAA,28,0.884191339,0.034044234,109.636865000,7.292462000,102.344403000,123.996764269,115.749158033
avx2_mul,1600,0xAA,29,0.884149821,0.033938624,109.625391000,7.289227000,102.336164000,123.989609379,115.745274739
avx2_mul,1600,0xAA,30,0.877723467,0.000464285,94.167727000,6.018356000,88.149371000,107.286327118,100.429547932
avx2_mul,1600,0xAA,31,0.877878171,0.000892961,94.674013000,6.056442000,88.617571000,107.844136172,100.945181167
avx2_mul,1600,0xAA,32,0.877740587,0.000390433,94.247745000,6.038375000,88.209370000,107.375398091,100.495945225
avx2_mul,1600,0xAA,33,0.877661371,0.000476981,94.377444000,6.050155000,88.327289000,107.532867550,100.639371724
avx2_mul,1600,0xAA,34,0.884687533,0.036871413,111.037924000,7.393475000,103.644449000,125.510894970,117.153735265
avx2_mul,1600,0xAA,35,0.877590073,0.000267828,94.102176000,6.022873000,88.079303000,107.227940399,100.364971926
avx2_mul,1600,0xAA,36,0.877633619,0.000248724,94.212222000,6.026596000,88.185626000,107.348009468,100.481139430
avx2_mul,1600,0xAA,37,0.877809399,0.001211799,94.691225000,6.061386000,88.629839000,107.872193107,100.967065403
avx2_mul,1600,0xAA,38,0.877631782,0.000266447,94.301944000,6.030624000,88.271320000,107.450466094,100.578992059
avx2_mul,1600,0xAA,39,0.877647181,0.000294981,94.243777000,6.008042000,88.235735000,107.382304650,100.536681343
avx2_mul,1600,0xAA,40,0.877668240,0.000274331,94.208865000,6.028610000,88.180255000,107.339949945,100.471056072
avx2_mul,1600,0xAA,41,0.877944882,0.001046275,94.697817000,6.052536000,88.645281000,107.863054880,100.969073124
avx2_mul,1600,0xAA,42,0.877702236,0.000486576,94.397402000,6.047226000,88.350176000,107.550599896,100.660762143
avx2_mul,1600,0xAA,43,0.877604290,0.000267135,94.395877000,6.035568000,88.360309000,107.560865471,100.683542665
avx2_mul,1600,0xAA,44,0.877652859,0.000365387,94.359804000,6.023483000,88.336321000,107.513811488,100.650638947
avx2_mul,1600,0xAA,45,0.877620143,0.000255317,94.250919000,6.030258000,88.220661000,107.393750888,100.522602762
avx2_mul,1600,0xAA,46,0.877859395,0.001275981,94.887880000,6.059432000,88.828448000,108.090066059,101.187557486
avx2_mul,1600,0xAA,47,0.877592298,0.000240471,94.134830000,6.041611000,88.093219000,107.264877056,100.380574390
avx2_mul,1600,0xAA,48,0.877625854,0.000267533,94.248355000,6.039291000,88.209064000,107.390130527,100.508734573
avx2_mul,1600,0xAA,49,0.879541511,0.010097807,98.873709000,6.405257000,92.468452000,112.415056885,105.132561495
avx2_mul,1600,0xAA,50,0.877613329,0.000194786,94.301944000,6.019333000,88.282611000,107.452725371,100.593972430
avx2_mul,1600,0xAA,51,0.877876665,0.000893647,94.644594000,6.050400000,88.594194000,107.810809611,100.918725289
avx2_mul,1600,0xAA,52,0.877748544,0.000364072,94.402163000,6.065841000,88.336322000,107.550349855,100.639667928
avx2_mul,1600,0xAA,53,0.877666458,0.000435141,94.434817000,6.030441000,88.404376000,107.597614325,100.726620283
avx2_mul,1600,0xAA,54,0.878066408,0.002330237,95.206421000,6.102402000,89.104019000,108.427358264,101.477539954
avx2_mul,1600,0xAA,55,0.877677898,0.000510122,94.329593000,6.038253000,88.291340000,107.476322740,100.596517500
avx2_mul,1600,0xAA,56,0.877638295,0.000272917,94.188113000,6.036423000,88.151690000,107.319967154,100.441936610
avx2_mul,1600,0xAA,57,0.880980461,0.017294281,101.945113000,6.658064000,95.287049000,115.717791209,108.160229722
avx2_mul,1600,0xAA,58,0.877580515,0.000271212,94.267032000,6.010971000,88.256061000,107.416961113,100.567480182
avx2_mul,1600,0xAA,59,0.877556409,0.000175100,94.279910000,6.013169000,88.266741000,107.434586543,100.582412784
avx2_mul,1600,0xAA,60,0.877621970,0.000276454,94.224978000,6.011032000,88.213946000,107.363969000,100.514742107
avx2_mul,1600,0xAA,61,0.884312296,0.033376439,109.416407000,7.268841000,102.147566000,123.730504988,115.510738024
avx2_mul,1600,0xAA,62,0.877682053,0.000319160,94.395877000,6.029709000,88.366168000,107.551335589,100.681297652
avx2_mul,1600,0xAA,63,0.877644177,0.000274194,94.551516000,6.037033000,88.514483000,107.733314332,100.854634842
avx2_mul,1600,0xAA,64,0.877710124,0.000453408,94.431154000,6.041732000,88.389422000,107.588087889,100.704571529
avx2_mul,1600,0xAA,65,0.877635696,0.000259380,94.407107000,6.037094000,88.370013000,107.569812210,100.690996743
avx2_mul,1600,0xAA,66,0.877744644,0.000417365,94.345279000,6.029647000,88.315632000,107.486020769,100.616543360
avx2_mul,1600,0xAA,67,0.877659038,0.000283686,94.396548000,6.013107000,88.383441000,107.554920477,100.703618614
avx2_mul,1600,0xAA,68,0.877632516,0.000189995,94.311404000,6.038192000,88.273212000,107.461155153,100.581063671
avx2_mul,1600,0xAA,69,0.880845339,0.016508662,101.839095000,6.631208000,95.207887000,115.615182919,108.086950997
avx2_mul,1600,0xAA,70,0.877661474,0.000288665,94.413638000,6.052719000,88.360919000,107.574094096,100.677677677
avx2_mul,1600,0xAA,71,0.880630170,0.014207146,100.960191000,6.544051000,94.416140000,114.645391905,107.214291745
avx2_mul,1600,0xAA,72,0.877706781,0.000332507,94.654604000,6.049301000,88.605303000,107.843081586,100.950915398
avx2_mul,1600,0xAA,73,0.877662206,0.000281431,94.529483000,6.040085000,88.489398000,107.705997058,100.823981451
avx2_mul,1600,0xAA,74,0.877661362,0.000254161,94.489688000,6.047409000,88.442279000,107.660758508,100.770391382
avx2_mul,1600,0xAA,75,0.877732221,0.000433479,94.401431000,6.049423000,88.352008000,107.551515944,100.659410524
avx2_mul,1600,0xAA,76,0.880665946,0.015933415,101.612655000,6.575606000,95.037049000,115.381610335,107.914981211
avx2_mul,1600,0xAA,77,0.877690435,0.000364458,94.349673000,6.035202000,88.314471000,107.497665682,100.621434888
avx2_mul,1600,0xAA,78,0.877624935,0.000270916,94.401003000,6.024948000,88.376055000,107.564175990,100.699115806
avx2_mul,1600,0xAA,79,0.877647018,0.000213184,94.313418000,6.020981000,88.292437000,107.461674293,100.601306883
avx2_mul,1600,0xAA,80,0.877648576,0.000275094,94.429323000,6.038925000,88.390398000,107.593546680,100.712745905
avx2_mul,1600,0xAA,81,0.877898718,0.000903262,94.785158000,6.058395000,88.726763000,107.968215483,101.067197321
avx2_mul,1600,0xAA,82,0.877677275,0.000359669,94.379214000,6.041793000,88.337421000,107.532935699,100.649092206
avx2_mul,1600,0xAA,83,0.877627641,0.000293214,94.504397000,6.049729000,88.454668000,107.681655133,100.788379767
avx2_mul,1600,0xAA,84,0.878142288,0.002923697,95.750854000,6.127731000,89.623123000,109.037971751,102.059910128
avx2_mul,1600,0xAA,85,0.877630859,0.000290941,94.584902000,6.010605000,88.574297000,107.772990190,100.924319208
avx2_mul,1600,0xAA,86,0.881486979,0.019585696,103.327678000,6.742720000,96.584958000,117.219743975,109.570487480
avx2_mul,1600,0xAA,87,0.878918374,0.006813849,97.342891000,6.275924000,91.066967000,110.753050444,103.612542080
avx2_mul,1600,0xAA,88,0.877652019,0.000369205,94.299380000,6.040329000,88.259051000,107.445066961,100.562693462
avx2_mul,1600,0xAA,89,0.877605158,0.000184219,94.282656000,6.042282000,88.240374000,107.431747854,100.546781479
avx2_mul,1600,0xAA,90,0.877613543,0.000287006,94.408999000,6.013900000,88.395099000,107.574683311,100.722122699
avx2_mul,1600,0xAA,91,0.877873334,0.000921545,94.514772000,6.063706000,88.451066000,107.663336288,100.756068732
avx2_mul,1600,0xAA,92,0.877690868,0.000317507,94.264041000,6.061020000,88.203021000,107.400047585,100.494404357
avx2_mul,1600,0xAA,93,0.877661241,0.000317538,94.394777000,6.048263000,88.346514000,107.552632578,100.661291458
avx2_mul,1600,0xAA,94,0.877627546,0.000292631,94.317630000,6.036606000,88.281024000,107.468857817,100.590534519
avx2_mul,1600,0xAA,95,0.877631865,0.000313218,94.222660000,6.039719000,88.182941000,107.360117327,100.478280830
avx2_mul,1600,0xAA,96,0.877633851,0.000281175,94.233645000,6.030807000,88.202838000,107.372391004,100.500724655
avx2_mul,1600,0xAA,97,0.877658650,0.000395209,94.233523000,6.031539000,88.201984000,107.369218085,100.496911865
avx2_mul,1600,0xAA,98,0.879146798,0.008122354,97.869256000,6.319198000,91.550058000,111.322996595,104.135120788
avx2_mul,1600,0xAA,99,0.877642692,0.000333439,94.423098000,6.011154000,88.411944000,107.587175115,100.737970929
avx2_mul,1800,0x00,0,0.786945687,0.035805784,103.045207000,6.690901000,96.354306000,130.943226049,122.440859102
avx2_mul,1800,0x00,1,0.780044787,0.000206120,86.682945000,5.380174000,81.302771000,111.125599992,104.228337055
avx2_mul,1800,0x00,2,0.780018883,0.000120565,86.570030000,5.355516000,81.214514000,110.984531178,104.118651237
avx2_mul,1800,0x00,3,0.780033631,0.000216536,86.860739000,5.376757000,81.483982000,111.355120487,104.462139487
avx2_mul,1800,0x00,4,0.780268437,0.000825295,86.843039000,5.384569000,81.458470000,111.298926013,104.398007371
avx2_mul,1800,0x00,5,0.780136128,0.000388254,86.716391000,5.371935000,81.344456000,111.155461068,104.269566662
avx2_mul,1800,0x00,6,0.780030790,0.000196317,86.661705000,5.365404000,81.296301000,111.100364323,104.221912773
avx2_mul,1800,0x00,7,0.780119050,0.000289619,86.762718000,5.358202000,81.404516000,111.217278881,104.348837460
avx2_mul,1800,0x00,8,0.780030026,0.000222449,86.780722000,5.375536000,81.405186000,111.253053195,104.361605662
avx2_mul,1800,0x00,9,0.780072688,0.000216435,86.759116000,5.376695000,81.382421000,111.219271417,104.326715014
avx2_mul,1800,0x00,10,0.780086339,0.000238067,86.702537000,5.370103000,81.332434000,111.144796032,104.260810589
avx2_mul,1800,0x00,11,0.780279981,0.000912991,86.912986000,5.396776000,81.516210000,111.386922797,104.470461871
avx2_mul,1800,0x00,12,0.780120631,0.000266623,86.794333000,5.359362000,81.434971000,111.257579388,104.387664930
avx2_mul,1800,0x00,13,0.780770199,0.002572870,87.613607000,5.444688000,82.168919000,112.214332847,105.240849477
avx2_mul,1800,0x00,14,0.780032385,0.000198699,86.556236000,5.374315000,81.181921000,110.964926119,104.075064747
avx2_mul,1800,0x00,15,0.780058378,0.000223028,86.682517000,5.365831000,81.316686000,111.123115204,104.244359521
avx2_mul,1800,0x00,16,0.781758185,0.008939877,90.703442000,5.690354000,85.013088000,116.024934264,108.746015909
avx2_mul,1800,0x00,17,0.780062861,0.000367664,86.542014000,5.376695000,81.165319000,110.942359092,104.049715856
avx2_mul,1800,0x00,18,0.780005354,0.000205843,86.661522000,5.365831000,81.295691000,111.103752803,104.224529507
avx2_mul,1800,0x00,19,0.780036290,0.000184909,86.746238000,5.374254000,81.371984000,111.207951650,104.318202968
avx2_mul,1800,0x00,20,0.780094404,0.000342257,86.583214000,5.384141000,81.199073000,110.990687240,104.088777710
avx2_mul,1800,0x00,21,0.780217161,0.000798345,86.956443000,5.400499000,81.555944000,111.451589822,104.529800262
avx2_mul,1800,0x00,22,0.780063264,0.000243243,86.664634000,5.369432000,81.295202000,111.099494074,104.216165187
avx2_mul,1800,0x00,23,0.780038895,0.000212470,86.493065000,5.365770000,81.127295000,110.883015597,104.004166309
avx2_mul,1800,0x00,24,0.780029459,0.000190560,86.641197000,5.373582000,81.267615000,111.074262625,104.185315115
avx2_mul,1800,0x00,25,0.780027053,0.000124201,86.583762000,5.372057000,81.211705000,111.000973147,104.113959451
avx2_mul,1800,0x00,26,0.780028357,0.000216713,86.590903000,5.368516000,81.222387000,111.009942465,104.127479855
avx2_mul,1800,0x00,27,0.780023931,0.000197211,86.654624000,5.366868000,81.287756000,111.092263450,104.211874542
avx2_mul,1800,0x00,28,0.780045099,0.000223909,86.741843000,5.352587000,81.389256000,111.201061491,104.339167213
avx2_mul,1800,0x00,29,0.780050466,0.000205695,86.595726000,5.379075000,81.216651000,111.012978989,104.117175148
avx2_mul,1800,0x00,30,0.780113354,0.000343086,86.803245000,5.376390000,81.426855000,111.270041092,104.378234960
avx2_mul,1800,0x00,31,0.780237750,0.000912896,86.997764000,5.399645000,81.598119000,111.501608339,104.581095969
avx2_mul,1800,0x00,32,0.780072562,0.000258630,86.548484000,5.373460000,81.175024000,110.949273531,104.060863061
avx2_mul,1800,0x00,33,0.783377408,0.017150761,94.297610000,5.985153000,88.312457000,120.373154789,112.732963818
avx2_mul,1800,0x00,34,0.780021797,0.000182532,86.630150000,5.368761000,81.261389000,111.061191317,104.178356731
avx2_mul,1800,0x00,35,0.780068483,0.000141876,86.672751000,5.358506000,81.314245000,111.109156297,104.239879923
avx2_mul,1800,0x00,36,0.780082586,0.000244532,86.452354000,5.360704000,81.091650000,110.824617274,103.952647436
avx2_mul,1800,0x00,37,0.780061472,0.000210875,86.526756000,5.368699000,81.158057000,110.922996531,104.040591503
avx2_mul,1800,0x00,38,0.780070913,0.000217678,86.612266000,5.334886000,81.277380000,111.031272328,104.192296653
avx2_mul,1800,0x00,39,0.780038127,0.000197944,86.441490000,5.371629000,81.069861000,110.817006272,103.930639035
avx2_mul,1800,0x00,40,0.780017014,0.000124549,86.739341000,5.371141000,81.368200000,111.201857656,104.315929656
avx2_mul,1800,0x00,41,0.785257696,0.025885744,98.392753000,6.316207000,92.076546000,125.299953790,117.256470697
avx2_mul,1800,0x00,42,0.780103309,0.000254923,86.302696000,5.344591000,80.958105000,110.629829358,103.778697033
avx2_mul,1800,0x00,43,0.780107148,0.000388295,86.601890000,5.366746000,81.235144000,111.012814307,104.133315752
avx2_mul,1800,0x00,44,0.780041953,0.000204994,86.610862000,5.357225000,81.253637000,111.033594584,104.165726802
avx2_mul,1800,0x00,45,0.780045546,0.000252615,86.538780000,5.367967000,81.170813000,110.940675784,104.059068642
avx2_mul,1800,0x00,46,0.780130112,0.000355593,86.630821000,5.362230000,81.268591000,111.046631416,104.173124141
avx2_mul,1800,0x00,47,0.780071003,0.000220346,86.661521000,5.366685000,81.294836000,111.094401282,104.214662154
avx2_mul,1800,0x00,48,0.781522000,0.007396943,89.848220000,5.641282000,84.206938000,114.965695154,107.747367326
avx2_mul,1800,0x00,49,0.785282946,0.027131040,98.793875000,6.349959000,92.443916000,125.806724135,117.720518991
avx2_mul,1800,0x00,50,0.780012997,0.000117325,86.647483000,5.364244000,81.283239000,111.084665617,104.207544316
avx2_mul,1800,0x00,51,0.780280119,0.000813579,86.898764000,5.381456000,81.517308000,111.368676371,104.471850639
avx2_mul,1800,0x00,52,0.781114928,0.005434141,88.648027000,5.567491000,83.080536000,113.489095893,106.361475106
avx2_mul,1800,0x00,53,0.780031605,0.000227053,86.688438000,5.358324000,81.330114000,111.134520058,104.265152241
avx2_mul,1800,0x00,54,0.780037060,0.000197088,86.689292000,5.308763000,81.380529000,111.134837589,104.329054542
avx2_mul,1800,0x00,55,0.780103919,0.000342829,86.511741000,5.327317000,81.184424000,110.897713626,104.068729858
avx2_mul,1800,0x00,56,0.782962726,0.015286062,93.537053000,5.900559000,87.636494000,119.465524894,111.929330889
avx2_mul,1800,0x00,57,0.780024861,0.000220283,86.700889000,5.333604000,81.367285000,111.151443103,104.313707200
avx2_mul,1800,0x00,58,0.783210914,0.016141910,93.916691000,5.933518000,87.983173000,119.912387966,112.336500178
avx2_mul,1800,0x00,59,0.780026407,0.000185760,86.485252000,5.323106000,81.162146000,110.874774505,104.050510671
avx2_mul,1800,0x00,60,0.780002622,0.000131748,86.627769000,5.337877000,81.289892000,111.060868901,104.217459859
avx2_mul,1800,0x00,61,0.780298825,0.000796835,86.889548000,5.347338000,81.542210000,111.354195670,104.501259549
avx2_mul,1800,0x00,62,0.781296237,0.006241115,89.323257000,5.593186000,83.730071000,114.327002730,107.168148333
avx2_mul,1800,0x00,63,0.780059493,0.000252652,86.694114000,5.360216000,81.333898000,111.137823186,104.266275505
avx2_mul,1800,0x00,64,0.780093525,0.000218838,86.583518000,5.333299000,81.250219000,110.991202035,104.154458963
avx2_mul,1800,0x00,65,0.780069639,0.000156529,86.356103000,5.332323000,81.023780000,110.703068843,103.867367605
avx2_mul,1800,0x00,66,0.780076472,0.000253212,86.687461000,5.317491000,81.369970000,111.126875469,104.310247628
avx2_mul,1800,0x00,67,0.780076142,0.000216341,86.673423000,5.316759000,81.356664000,111.108926918,104.293234555
avx2_mul,1800,0x00,68,0.780156579,0.000392081,86.488731000,5.349534000,81.139197000,110.860734063,104.003733627
avx2_mul,1800,0x00,69,0.780042063,0.000206686,86.755942000,5.334154000,81.421788000,111.219568892,104.381278688
avx2_mul,1800,0x00,70,0.780053657,0.000255547,86.697105000,5.342211000,81.354894000,111.142489025,104.293971679
avx2_mul,1800,0x00,71,0.783041304,0.014566019,93.126165000,5.879196000,87.246969000,118.928803026,111.420647363
avx2_mul,1800,0x00,72,0.780064280,0.000258009,86.775779000,5.333360000,81.442419000,111.241831199,104.404753622
avx2_mul,1800,0x00,73,0.781734537,0.008703665,90.486829000,5.672837000,84.813992000,115.751351333,108.494620647
avx2_mul,1800,0x00,74,0.780012977,0.000196302,86.479392000,5.369005000,81.110387000,110.869170839,103.985945613
avx2_mul,1800,0x00,75,0.780018194,0.000125668,86.537681000,5.356126000,81.181555000,110.943157036,104.076489002
avx2_mul,1800,0x00,76,0.780058596,0.000232196,86.726890000,5.366136000,81.360754000,111.179968316,104.300823561
avx2_mul,1800,0x00,77,0.780042037,0.000198797,86.558555000,5.375597000,81.182958000,110.966525960,104.075106342
avx2_mul,1800,0x00,78,0.780055316,0.000226182,86.633018000,5.382493000,81.250525000,111.060095610,104.159952905
avx2_mul,1800,0x00,79,0.780030579,0.000122693,86.630637000,5.356066000,81.274571000,111.060565214,104.194083126
avx2_mul,1800,0x00,80,0.780107691,0.000365726,86.666893000,5.388597000,81.278296000,111.096062812,104.188558804
avx2_mul,1800,0x00,81,0.780279280,0.000863199,86.970053000,5.409898000,81.560155000,111.460159450,104.526875257
avx2_mul,1800,0x00,82,0.780094844,0.000248929,86.677696000,5.370714000,81.306982000,111.111740598,104.227046976
avx2_mul,1800,0x00,83,0.782001307,0.009907424,91.103953000,5.718735000,85.385218000,116.501023977,109.188075840
avx2_mul,1800,0x00,84,0.780033507,0.000128973,86.439232000,5.355821000,81.083411000,110.814767833,103.948625609
avx2_mul,1800,0x00,85,0.780044496,0.000201550,86.651756000,5.344591000,81.307165000,111.085657903,104.234009017
avx2_mul,1800,0x00,86,0.780030961,0.000222538,86.661643000,5.361314000,81.300329000,111.100260489,104.227053827
avx2_mul,1800,0x00,87,0.780043823,0.000195038,86.523399000,5.370470000,81.152929000,110.921202632,104.036371499
avx2_mul,1800,0x00,88,0.780054600,0.000231407,86.727012000,5.371629000,81.355383000,111.180694285,104.294472473
avx2_mul,1800,0x00,89,0.784199710,0.016889514,94.034977000,5.961045000,88.073932000,119.912027273,112.310589878
avx2_mul,1800,0x00,90,0.780014221,0.000191755,86.539817000,5.393479000,81.146338000,110.946460542,104.031869943
avx2_mul,1800,0x00,91,0.780249058,0.000974331,87.126242000,5.409838000,81.716404000,111.664655170,104.731179320
avx2_mul,1800,0x00,92,0.780098816,0.000249989,86.700217000,5.388963000,81.311254000,111.140044284,104.231992526
avx2_mul,1800,0x00,93,0.780119476,0.000379865,86.591880000,5.383043000,81.208837000,110.998228651,104.097948420
avx2_mul,1800,0x00,94,0.785767241,0.029994706,100.149158000,6.478804000,93.670354000,127.453974567,119.208779732
avx2_mul,1800,0x00,95,0.780071797,0.000250838,86.591759000,5.376452000,81.215307000,111.004857939,104.112605173
avx2_mul,1800,0x00,96,0.785819056,0.029860910,100.096973000,6.487838000,93.609135000,127.379162260,119.123014800
avx2_mul,1800,0x00,97,0.780017735,0.000196431,86.420982000,5.366625000,81.054357000,110.793611635,103.913479608
avx2_mul,1800,0x00,98,0.780079649,0.000224451,86.633750000,5.359301000,81.274449000,111.057569697,104.187372524
avx2_mul,1800,0x00,99,0.780046242,0.000202048,86.391686000,5.376695000,81.014991000,110.752005950,103.859215866
avx2_mul,1800,0xAA,0,0.785498289,0.026748677,98.632377000,6.374251000,92.258126000,125.566635135,117.451721210
avx2_mul,1800,0xAA,1,0.780344521,0.001638207,87.201132000,5.435838000,81.765294000,111.746965102,104.781018843
avx2_mul,1800,0xAA,2,0.780033678,0.000191154,86.654197000,5.334887000,81.319310000,111.090327785,104.251024369
avx2_mul,1800,0xAA,3,0.780039699,0.000223027,86.579429000,5.373522000,81.205907000,110.993618734,104.104838582
avx2_mul,1800,0xAA,4,0.780059231,0.000186712,86.596947000,5.376939000,81.220008000,111.013296825,104.120308725
avx2_mul,1800,0xAA,5,0.780028818,0.000122990,86.524009000,5.369310000,81.154699000,110.924118422,104.040641972
avx2_mul,1800,0xAA,6,0.780269070,0.000973264,86.888999000,5.384019000,81.504980000,111.357738438,104.457530282
avx2_mul,1800,0xAA,7,0.780118615,0.000255222,86.561485000,5.361253000,81.200232000,110.959389195,104.087032994
avx2_mul,1800,0xAA,8,0.780059991,0.000231148,86.727866000,5.344408000,81.383458000,111.181020630,104.329742448
avx2_mul,1800,0xAA,9,0.780049016,0.000134416,86.534324000,5.332261000,81.202063000,110.934469744,104.098667264
avx2_mul,1800,0xAA,10,0.780120927,0.000372149,86.586754000,5.349169000,81.237585000,110.991451462,104.134605536
avx2_mul,1800,0xAA,11,0.780043982,0.000234925,86.628319000,5.343614000,81.284705000,111.055685324,104.205284419
avx2_mul,1800,0xAA,12,0.780282266,0.000963237,86.797202000,5.376451000,81.420751000,111.238209302,104.347816895
avx2_mul,1800,0xAA,13,0.780113218,0.000324712,86.556297000,5.379563000,81.176734000,110.953506429,104.057631737
avx2_mul,1800,0xAA,14,0.780104043,0.000206002,86.415672000,5.350450000,81.065222000,110.774546970,103.915910554
avx2_mul,1800,0xAA,15,0.780030525,0.000213416,86.310143000,5.341539000,80.968604000,110.649699208,103.801840276
avx2_mul,1800,0xAA,16,0.780067092,0.000231988,86.420433000,5.359300000,81.061133000,110.785897576,103.915591095
avx2_mul,1800,0xAA,17,0.780090148,0.000218055,86.483544000,5.369799000,81.113745000,110.863525542,103.979963409
avx2_mul,1800,0xAA,18,0.780067783,0.000234238,86.373619000,5.378587000,80.995032000,110.725786741,103.830761570
avx2_mul,1800,0xAA,19,0.780050771,0.000133376,86.488365000,5.380541000,81.107824000,110.875302213,103.977621705
avx2_mul,1800,0xAA,20,0.780057197,0.000211084,86.386132000,5.380052000,81.006080000,110.743330459,103.846333653
avx2_mul,1800,0xAA,21,0.780303773,0.000823475,86.832602000,5.395860000,81.436742000,111.280510238,104.365434101
avx2_mul,1800,0xAA,22,0.780105127,0.000311391,86.487450000,5.390123000,81.097327000,110.866403835,103.956920976
avx2_mul,1800,0xAA,23,0.780129353,0.000333701,86.371178000,5.367418000,81.003760000,110.713919069,103.833754924
avx2_mul,1800,0xAA,24,0.780050929,0.000238082,86.293175000,5.378160000,80.915015000,110.625052600,103.730425848
avx2_mul,1800,0xAA,25,0.780022611,0.000199449,86.283654000,5.367662000,80.915992000,110.616862664,103.735444194
avx2_mul,1800,0xAA,26,0.780113351,0.000320689,86.106835000,5.359911000,80.746924000,110.377337912,103.506655606
avx2_mul,1800,0xAA,27,0.780055506,0.000213820,86.215844000,5.354112000,80.861732000,110.525268160,103.661510443
avx2_mul,1800,0xAA,28,0.780047570,0.000133459,86.174035000,5.361009000,80.813026000,110.472794587,103.600125272
avx2_mul,1800,0xAA,29,0.780078417,0.000244621,86.212853000,5.361863000,80.850990000,110.518187779,103.644695472
avx2_mul,1800,0xAA,30,0.784156277,0.021125796,95.892393000,6.157394000,89.734999000,122.287349872,114.435096207
avx2_mul,1800,0xAA,31,0.780284976,0.000798778,86.235924000,5.404283000,80.831641000,110.518498524,103.592461032
avx2_mul,1800,0xAA,32,0.780482591,0.002030316,87.081869000,5.446336000,81.635533000,111.574390010,104.596225393
avx2_mul,1800,0xAA,33,0.780026685,0.000131739,86.175317000,5.374193000,80.801124000,110.477396065,103.587640747
avx2_mul,1800,0xAA,34,0.780012022,0.000228867,86.454796000,5.394640000,81.060156000,110.837773769,103.921675235
avx2_mul,1800,0xAA,35,0.780125815,0.000219234,86.534812000,5.403672000,81.131140000,110.924174389,103.997507058
avx2_mul,1800,0xAA,36,0.780200597,0.000631183,86.524681000,5.398118000,81.126563000,110.900557248,103.981672516
avx2_mul,1800,0xAA,37,0.780027898,0.000198401,86.130456000,5.392687000,80.737769000,110.419712234,103.506258220
avx2_mul,1800,0xAA,38,0.780089222,0.000262219,86.167931000,5.373033000,80.794898000,110.459071278,103.571355300
avx2_mul,1800,0xAA,39,0.780042789,0.000219921,86.234643000,5.381822000,80.852821000,110.551170023,103.651776714
avx2_mul,1800,0xAA,40,0.780251047,0.000360483,86.441978000,5.387559000,81.054419000,110.787391248,103.882486703
avx2_mul,1800,0xAA,41,0.782700196,0.012541054,92.117745000,5.855393000,86.262352000,117.692247214,110.211230820
avx2_mul,1800,0xAA,42,0.780082470,0.000209070,86.254296000,5.396349000,80.857947000,110.570740020,103.653075277
avx2_mul,1800,0xAA,43,0.780015880,0.000133290,86.069909000,5.386461000,80.683448000,110.343790632,103.438211996
avx2_mul,1800,0xAA,44,0.780519076,0.000965983,86.683310000,5.420396000,81.262914000,111.058541222,104.113937092
avx2_mul,1800,0xAA,45,0.780256566,0.000952115,86.479515000,5.414842000,81.064673000,110.834716118,103.894893712
avx2_mul,1800,0xAA,46,0.780212471,0.000552036,86.540367000,5.399644000,81.140723000,110.918974224,103.998238914
avx2_mul,1800,0xAA,47,0.780027027,0.000138065,86.387413000,5.385790000,81.001623000,110.749256153,103.844636423
avx2_mul,1800,0xAA,48,0.782816083,0.014004939,92.474067000,5.904953000,86.569114000,118.130003958,110.586785152
avx2_mul,1800,0xAA,49,0.780010873,0.000215138,86.388573000,5.369127000,81.019446000,110.753036845,103.869636647
avx2_mul,1800,0xAA,50,0.780075365,0.000189865,86.464744000,5.384691000,81.080053000,110.841526180,103.938743140
avx2_mul,1800,0xAA,51,0.780358027,0.000833142,86.588279000,5.403429000,81.184850000,110.959682572,104.035387811
avx2_mul,1800,0xAA,52,0.780057767,0.000198112,86.608726000,5.387316000,81.221410000,111.028605342,104.122301444
avx2_mul,1800,0xAA,53,0.780120808,0.000367502,86.387841000,5.377794000,81.010047000,110.736491243,103.842951235
avx2_mul,1800,0xAA,54,0.780051160,0.000233810,86.453331000,5.362352000,81.090979000,110.830334493,103.955975125
avx2_mul,1800,0xAA,55,0.780054062,0.000215611,86.437340000,5.373033000,81.064307000,110.809422319,103.921395885
avx2_mul,1800,0xAA,56,0.781699240,0.008243049,89.924575000,5.679185000,84.245390000,115.037306388,107.772127266
avx2_mul,1800,0xAA,57,0.780046998,0.000137465,86.508629000,5.383470000,81.125159000,110.901816503,104.000347724
avx2_mul,1800,0xAA,58,0.780061960,0.000204222,86.171593000,5.384325000,80.787268000,110.467626172,103.565193704
avx2_mul,1800,0xAA,59,0.780081731,0.000232036,86.423424000,5.390978000,81.032446000,110.787652814,103.876866694
avx2_mul,1800,0xAA,60,0.787261543,0.035659506,102.418867000,6.706954000,95.711913000,130.095097235,121.575750572
avx2_mul,1800,0xAA,61,0.780304425,0.000972850,86.712973000,5.408921000,81.304052000,111.127106588,104.195297890
avx2_mul,1800,0xAA,62,0.780037108,0.000199231,86.541832000,5.390367000,81.151465000,110.945788492,104.035390327
avx2_mul,1800,0xAA,63,0.780033523,0.000309825,86.433921000,5.388597000,81.045324000,110.807956894,103.899796102
avx2_mul,1800,0xAA,64,0.785891757,0.030634041,100.168689000,6.521651000,93.647038000,127.458632911,119.160224206
avx2_mul,1800,0xAA,65,0.780022643,0.000201133,86.015222000,5.390123000,80.625099000,110.272724480,103.362510978
avx2_mul,1800,0xAA,66,0.780044915,0.000221367,86.208397000,5.388475000,80.819922000,110.517221978,103.609318474
avx2_mul,1800,0xAA,67,0.780044940,0.000193036,86.166406000,5.383714000,80.782692000,110.463386836,103.561587053
avx2_mul,1800,0xAA,68,0.780015845,0.000122587,86.274315000,5.368944000,80.905371000,110.605849305,103.722727591
avx2_mul,1800,0xAA,69,0.780038833,0.000226993,86.274865000,5.372912000,80.901953000,110.603294742,103.715288953
avx2_mul,1800,0xAA,70,0.780042972,0.000193400,86.432884000,5.384569000,81.048315000,110.805285159,103.902371871
avx2_mul,1800,0xAA,71,0.780317528,0.000862714,86.663597000,5.418748000,81.244849000,111.061963800,104.117677906
avx2_mul,1800,0xAA,72,0.780104194,0.000200748,86.291405000,5.382005000,80.909400000,110.615230272,103.716145451
avx2_mul,1800,0xAA,73,0.780107351,0.000374983,85.925805000,5.387560000,80.538245000,110.146129106,103.239951395
avx2_mul,1800,0xAA,74,0.780063395,0.000238681,86.601341000,5.382310000,81.219031000,111.018337144,104.118500499
avx2_mul,1800,0xAA,75,0.780056905,0.000211492,86.184533000,5.377977000,80.806556000,110.484930604,103.590591272
avx2_mul,1800,0xAA,76,0.780116976,0.000321696,86.079675000,5.342638000,80.737037000,110.342009811,103.493500978
avx2_mul,1800,0xAA,77,0.780010461,0.000123341,86.289757000,5.348863000,80.940894000,110.626409990,103.768985288
avx2_mul,1800,0xAA,78,0.786252849,0.032300489,100.816088000,6.546248000,94.269840000,128.223494621,119.897613188
avx2_mul,1800,0xAA,79,0.780032761,0.000225683,85.691919000,5.357652000,80.334267000,109.856820503,102.988324372
avx2_mul,1800,0xAA,80,0.780036864,0.000194324,86.241722000,5.365709000,80.876013000,110.561085020,103.682296016
avx2_mul,1800,0xAA,81,0.780291539,0.000812813,86.330345000,5.382799000,80.947546000,110.638576399,103.740130454
avx2_mul,1800,0xAA,82,0.780087143,0.000194836,86.507469000,5.364427000,81.143042000,110.894622238,104.017920000
avx2_mul,1800,0xAA,83,0.780009428,0.000197181,85.957300000,5.346544000,80.610756000,110.200334686,103.345873945
avx2_mul,1800,0xAA,84,0.780038465,0.000228032,86.266259000,5.369249000,80.897010000,110.592314173,103.709001054
avx2_mul,1800,0xAA,85,0.783294138,0.016684049,93.309148000,5.952805000,87.356343000,119.124021870,111.524316072
avx2_mul,1800,0xAA,86,0.780143633,0.000394442,86.047021000,5.371568000,80.675453000,110.296383112,103.411025372
avx2_mul,1800,0xAA,87,0.780064113,0.000146323,86.056481000,5.372423000,80.684058000,110.319753986,103.432598286
avx2_mul,1800,0xAA,88,0.780112173,0.000293192,86.439354000,5.368456000,81.070898000,110.803749773,103.922103535
avx2_mul,1800,0xAA,89,0.780036834,0.000239927,85.785669000,5.378709000,80.406960000,109.976433432,103.080978292
avx2_mul,1800,0xAA,90,0.780078796,0.000219193,85.949060000,5.368394000,80.580666000,110.179972142,103.298110940
avx2_mul,1800,0xAA,91,0.780308982,0.000873725,86.719383000,5.398302000,81.321081000,111.134672316,104.216512810
avx2_mul,1800,0xAA,92,0.780090254,0.000203570,86.467247000,5.358141000,81.109106000,110.842619295,103.974002522
avx2_mul,1800,0xAA,93,0.780521174,0.002598879,87.553426000,5.458970000,82.094456000,112.173031262,105.179024969
avx2_mul,1800,0xAA,94,0.780052962,0.000226759,86.612266000,5.373399000,81.238867000,111.033827434,104.145322089
avx2_mul,1800,0xAA,95,0.780052954,0.000211220,85.977930000,5.358140000,80.619790000,110.220632484,103.351688561
avx2_mul,1800,0xAA,96,0.780046768,0.000123275,85.905358000,5.380297000,80.525061000,110.128471113,103.231068011
avx2_mul,1800,0xAA,97,0.780051883,0.000221859,86.212731000,5.373826000,80.838905000,110.521790751,103.632728477
avx2_mul,1800,0xAA,98,0.780068643,0.000215131,86.172570000,5.364488000,80.808082000,110.467932177,103.590988661
avx2_mul,1800,0xAA,99,0.780133882,0.000380719,86.508202000,5.359972000,81.148230000,110.888917941,104.018338255
avx2_mul,2000,0x00,0,0.702565143,0.000962294,78.792645000,4.851550000,73.941095000,112.149949039,105.244468391
avx2_mul,2000,0x00,1,0.702567567,0.000879851,79.195293000,4.842578000,74.352715000,112.722671464,105.829984939
avx2_mul,2000,0x00,2,0.702490332,0.000862594,78.650861000,4.782825000,73.868036000,111.960061788,105.151676276
avx2_mul,2000,0x00,3,0.702681401,0.001126674,79.138225000,4.827258000,74.310967000,112.623195763,105.753428053
avx2_mul,2000,0x00,4,0.702447924,0.000735306,79.092449000,4.831164000,74.261285000,112.595462624,105.717851013
avx2_mul,2000,0x00,5,0.702371708,0.000774986,78.572004000,4.823901000,73.748103000,111.866698401,104.998681158
avx2_mul,2000,0x00,6,0.705305672,0.014676521,85.508753000,5.343553000,80.165200000,121.236446031,113.660223105
avx2_mul,2000,0x00,7,0.708114329,0.029439029,92.643318000,5.888230000,86.755088000,130.831017320,122.515651056
avx2_mul,2000,0x00,8,0.702719301,0.001486799,78.947735000,4.876757000,74.070978000,112.346046183,105.406209757
avx2_mul,2000,0x00,9,0.704972761,0.012519140,84.636258000,5.300951000,79.335307000,120.056068379,112.536698421
avx2_mul,2000,0x00,10,0.702523532,0.000895009,79.014873000,4.847705000,74.167168000,112.472919970,105.572503431
avx2_mul,2000,0x00,11,0.702783719,0.001207773,79.303569000,4.867236000,74.436333000,112.842069120,105.916416365
avx2_mul,2000,0x00,12,0.702606422,0.000968281,79.743875000,4.848254000,74.895621000,113.497219137,106.596835293
avx2_mul,2000,0x00,13,0.702550460,0.000902258,78.612836000,4.836413000,73.776423000,111.896355448,105.012276261
avx2_mul,2000,0x00,14,0.702532217,0.000832533,79.025615000,4.835620000,74.189995000,112.486819929,105.603690754
avx2_mul,2000,0x00,15,0.702553286,0.000912696,78.763715000,4.811328000,73.952387000,112.110663475,105.262317453
avx2_mul,2000,0x00,16,0.702551498,0.000953581,78.514081000,4.825060000,73.689021000,111.755623876,104.887714532
avx2_mul,2000,0x00,17,0.703142033,0.003179377,79.996866000,4.933947000,75.062919000,113.770564445,106.753565365
avx2_mul,2000,0x00,18,0.702422505,0.000871667,79.077862000,4.818713000,74.259149000,112.578770574,105.718635871
avx2_mul,2000,0x00,19,0.702550933,0.001014644,78.983928000,4.838244000,74.145684000,112.424486661,105.537805892
avx2_mul,2000,0x00,20,0.702681034,0.001088751,78.735578000,4.822253000,73.913325000,112.050239330,105.187590747
avx2_mul,2000,0x00,21,0.702765959,0.001213656,78.811200000,4.829944000,73.981256000,112.144304992,105.271541818
avx2_mul,2000,0x00,22,0.702620363,0.001030793,78.897565000,4.817431000,74.080134000,112.290461721,105.434083437
avx2_mul,2000,0x00,23,0.702585033,0.001022777,79.119182000,4.818103000,74.301079000,112.611539239,105.753859706
avx2_mul,2000,0x00,24,0.702516198,0.000938641,78.222883000,4.806994000,73.415889000,111.346732290,104.504193975
avx2_mul,2000,0x00,25,0.702601062,0.001018956,78.820294000,4.803149000,74.017145000,112.183567926,105.347328618
avx2_mul,2000,0x00,26,0.702516141,0.000944846,78.503094000,4.841296000,73.661798000,111.745608954,104.854242740
avx2_mul,2000,0x00,27,0.702579045,0.001047021,78.704511000,4.856677000,73.847834000,112.022286381,105.109644972
avx2_mul,2000,0x00,28,0.702559722,0.000949719,79.222087000,4.837512000,74.384575000,112.762067757,105.876515046
avx2_mul,2000,0x00,29,0.702568173,0.000934409,79.420757000,4.831652000,74.589105000,113.043488219,106.166359159
avx2_mul,2000,0x00,30,0.702577300,0.000925815,79.072368000,4.833606000,74.238762000,112.546146914,105.666326001
avx2_mul,2000,0x00,31,0.702643305,0.001135913,79.241985000,4.777148000,74.464837000,112.776972931,105.978149167
avx2_mul,2000,0x00,32,0.702507306,0.000817623,79.527690000,4.820667000,74.707023000,113.205498750,106.343410690
avx2_mul,2000,0x00,33,0.702486280,0.000777536,79.308513000,4.829394000,74.479119000,112.896885274,106.022168806
avx2_mul,2000,0x00,34,0.702454304,0.000702263,78.790692000,4.834826000,73.955866000,112.164864748,105.282102450
avx2_mul,2000,0x00,35,0.702458266,0.000759795,79.855203000,4.804370000,75.050833000,113.679640328,106.840273160
avx2_mul,2000,0x00,36,0.702465472,0.000789352,78.597516000,4.774890000,73.822626000,111.888084401,105.090753868
avx2_mul,2000,0x00,37,0.702582304,0.000886399,78.738385000,4.777881000,73.960504000,112.069980311,105.269522953
avx2_mul,2000,0x00,38,0.708023276,0.028636960,91.959603000,5.844955000,86.114648000,129.882174921,121.626860164
avx2_mul,2000,0x00,39,0.702596415,0.001027266,78.769635000,4.806995000,73.962640000,112.112207376,105.270448870
avx2_mul,2000,0x00,40,0.705523212,0.015979527,86.649986000,5.381090000,81.268896000,122.816633793,115.189542429
avx2_mul,2000,0x00,41,0.702662296,0.001202898,79.505595000,4.819140000,74.686455000,113.149083752,106.290682460
avx2_mul,2000,0x00,42,0.702601559,0.000915851,78.663983000,4.796252000,73.867731000,111.961013983,105.134595885
avx2_mul,2000,0x00,43,0.702456098,0.000765793,78.970013000,4.830493000,74.139520000,112.419855500,105.543279133
avx2_mul,2000,0x00,44,0.702496824,0.000919822,78.755657000,4.829089000,73.926568000,112.108203706,105.234024581
avx2_mul,2000,0x00,45,0.702471716,0.000749123,78.694012000,4.830248000,73.863764000,112.024456244,105.148381535
avx2_mul,2000,0x00,46,0.702523367,0.000847843,79.835489000,4.847644000,74.987845000,113.641044274,106.740712939
avx2_mul,2000,0x00,47,0.702547572,0.000849040,79.150493000,4.831836000,74.318657000,112.662111656,105.784519030
avx2_mul,2000,0x00,48,0.707995989,0.029227089,91.899362000,5.890854000,86.008508000,129.802094053,121.481631666
avx2_mul,2000,0x00,49,0.702576982,0.000899709,78.638348000,4.840076000,73.798272000,111.928443394,105.039410418
avx2_mul,2000,0x00,50,0.702438649,0.000740663,78.355207000,4.833422000,73.521785000,111.547402956,104.666486012
avx2_mul,2000,0x00,51,0.702813196,0.001377905,79.921975000,4.858141000,75.063834000,113.717237341,106.804815906
avx2_mul,2000,0x00,52,0.702496041,0.000824335,79.284038000,4.831470000,74.452568000,112.860476599,105.982900473
avx2_mul,2000,0x00,53,0.702509263,0.000891696,78.519635000,4.852649000,73.666986000,111.770248718,104.862654386
avx2_mul,2000,0x00,54,0.702500593,0.000853843,78.863263000,4.856921000,74.006342000,112.260777887,105.347017172
avx2_mul,2000,0x00,55,0.702585095,0.000908782,78.347639000,4.860827000,73.486812000,111.513380465,104.594891822
avx2_mul,2000,0x00,56,0.702750463,0.001118434,79.533671000,4.863940000,74.669731000,113.174839701,106.253549348
avx2_mul,2000,0x00,57,0.702560010,0.000869027,79.207561000,4.835925000,74.371636000,112.741345719,105.858054712
avx2_mul,2000,0x00,58,0.702551025,0.000929111,78.642987000,4.837634000,73.805353000,111.939181978,105.053370371
avx2_mul,2000,0x00,59,0.702578006,0.000923872,78.988445000,4.857531000,74.130914000,112.426583692,105.512716537
avx2_mul,2000,0x00,60,0.702561562,0.000873884,78.962322000,4.850146000,74.112176000,112.392032594,105.488515151
avx2_mul,2000,0x00,61,0.702752131,0.001089929,79.568949000,4.861315000,74.707634000,113.224770872,106.307232260
avx2_mul,2000,0x00,62,0.702729391,0.000989101,78.990825000,4.850817000,74.140008000,112.405751095,105.502927529
avx2_mul,2000,0x00,63,0.702579628,0.000880624,78.781842000,4.858630000,73.923212000,112.132260630,105.216845204
avx2_mul,2000,0x00,64,0.702552654,0.000922464,78.891399000,4.851245000,74.040154000,112.292507340,105.387338061
avx2_mul,2000,0x00,65,0.702489061,0.000785466,78.786847000,4.838976000,73.947871000,112.153841724,105.265512401
avx2_mul,2000,0x00,66,0.702499980,0.000857477,79.246502000,4.841052000,74.405450000,112.806411684,105.915234267
avx2_mul,2000,0x00,67,0.702567017,0.000892303,79.244426000,4.830920000,74.413506000,112.792693147,105.916594667
avx2_mul,2000,0x00,68,0.702440719,0.000749392,79.515422000,4.839587000,74.675835000,113.198765251,106.309092041
avx2_mul,2000,0x00,69,0.702508042,0.000859284,79.141949000,4.842761000,74.299188000,112.656289034,105.762757982
avx2_mul,2000,0x00,70,0.702581002,0.000942494,79.058818000,4.850207000,74.208611000,112.526267757,105.622854509
avx2_mul,2000,0x00,71,0.703809555,0.005969258,81.910740000,5.070605000,76.840135000,116.381966361,109.177453490
avx2_mul,2000,0x00,72,0.702511945,0.000753974,79.323588000,4.854724000,74.468864000,112.914219484,106.003697846
avx2_mul,2000,0x00,73,0.702430348,0.000734577,78.744306000,4.862658000,73.881648000,112.102653554,105.180034094
avx2_mul,2000,0x00,74,0.702547788,0.000851688,79.497904000,4.866565000,74.631339000,113.156578644,106.229555195
avx2_mul,2000,0x00,75,0.702491453,0.000739138,78.968548000,4.829150000,74.139398000,112.412112088,105.537793580
avx2_mul,2000,0x00,76,0.702495142,0.000819324,78.706830000,4.848071000,73.858759000,112.038966971,105.137750563
avx2_mul,2000,0x00,77,0.705275424,0.014735278,85.415614000,5.388048000,80.027566000,121.109585101,113.469948421
avx2_mul,2000,0x00,78,0.702502463,0.000792244,78.432295000,4.862476000,73.569819000,111.647003589,104.725353835
avx2_mul,2000,0x00,79,0.702553702,0.000909868,79.269207000,4.854785000,74.414422000,112.830103610,105.919905876
avx2_mul,2000,0x00,80,0.704477350,0.010435619,83.356781000,5.230578000,78.126203000,118.324288218,110.899524313
avx2_mul,2000,0x00,81,0.708383878,0.029179807,91.778452000,5.920212000,85.858240000,129.560334169,121.202984177
avx2_mul,2000,0x00,82,0.702623840,0.000859542,78.577008000,4.843493000,73.733515000,111.833677537,104.940240791
avx2_mul,2000,0x00,83,0.702630066,0.001026196,78.729046000,4.854907000,73.874139000,112.049070784,105.139450437
avx2_mul,2000,0x00,84,0.702635556,0.000976870,78.617963000,4.855762000,73.762201000,111.890100597,104.979317388
avx2_mul,2000,0x00,85,0.702560014,0.000979194,79.064312000,4.859729000,74.204583000,112.537449414,105.620276639
avx2_mul,2000,0x00,86,0.702498956,0.000878677,78.612287000,4.861377000,73.750910000,111.903777725,104.983657830
avx2_mul,2000,0x00,87,0.704825990,0.011409631,83.227997000,5.260424000,77.967573000,118.083042058,110.619605585
avx2_mul,2000,0x00,88,0.702664842,0.001030898,78.731427000,4.857959000,73.873468000,112.046913780,105.133291940
avx2_mul,2000,0x00,89,0.702704906,0.000993542,78.751508000,4.850207000,73.901301000,112.069102236,105.166906228
avx2_mul,2000,0x00,90,0.702974935,0.002077080,79.775186000,4.885363000,74.889823000,113.482262311,106.532707277
avx2_mul,2000,0x00,91,0.706161158,0.017234441,87.211874000,5.473558000,81.738316000,123.501374934,115.750229273
avx2_mul,2000,0x00,92,0.702748657,0.001078405,78.416547000,4.851489000,73.565058000,111.585481169,104.681890598
avx2_mul,2000,0x00,93,0.702671965,0.001061485,78.466718000,4.860950000,73.605768000,111.669060313,104.751251941
avx2_mul,2000,0x00,94,0.702659642,0.001025621,78.516278000,4.853991000,73.662287000,111.741550724,104.833524829
avx2_mul,2000,0x00,95,0.708203662,0.029205186,91.415659000,5.931382000,85.484277000,129.081031155,120.705782175
avx2_mul,2000,0x00,96,0.702646527,0.001019195,78.366804000,4.865405000,73.501399000,111.530906276,104.606507151
avx2_mul,2000,0x00,97,0.702545703,0.000909711,78.259992000,4.864428000,73.395564000,111.394876754,104.470874545
avx2_mul,2000,0x00,98,0.702631015,0.000936823,78.367903000,4.854724000,73.513179000,111.534932809,104.625582241
avx2_mul,2000,0x00,99,0.702723539,0.001085658,78.392682000,4.861437000,73.531245000,111.555508904,104.637515225
avx2_mul,2000,0xAA,0,0.703028690,0.001170047,78.555158000,4.874072000,73.681086000,111.738196596,104.805233450
avx2_mul,2000,0xAA,1,0.702934027,0.001316785,78.521528000,4.867846000,73.653682000,111.705401890,104.780362253
avx2_mul,2000,0xAA,2,0.702934036,0.001187916,78.370038000,4.858935000,73.511103000,111.489889478,104.577526795
avx2_mul,2000,0xAA,3,0.702839370,0.001112730,78.563886000,4.861987000,73.701899000,111.780713092,104.863076993
avx2_mul,2000,0xAA,4,0.702844162,0.001203377,78.427961000,4.860462000,73.567499000,111.586558165,104.671138986
avx2_mul,2000,0xAA,5,0.702813548,0.001119278,78.322859000,4.866503000,73.456356000,111.441874180,104.517558317
avx2_mul,2000,0xAA,6,0.703382100,0.003167412,79.556498000,4.955005000,74.601493000,113.105661904,106.061119543
avx2_mul,2000,0xAA,7,0.703089317,0.001396969,78.350874000,4.848132000,73.502742000,111.438009473,104.542538470
avx2_mul,2000,0xAA,8,0.702805707,0.001176053,78.515974000,4.861316000,73.654658000,111.717894693,104.800881997
avx2_mul,2000,0xAA,9,0.702927660,0.001272086,78.464765000,4.871569000,73.593196000,111.625661514,104.695262726
avx2_mul,2000,0xAA,10,0.702866291,0.001152730,78.424116000,4.865588000,73.558528000,111.577574631,104.655080176
avx2_mul,2000,0xAA,11,0.702872069,0.001142875,78.357953000,4.865649000,73.492304000,111.482524977,104.560000646
avx2_mul,2000,0xAA,12,0.702762043,0.001052916,78.096602000,4.871508000,73.225094000,111.128087827,104.196142582
avx2_mul,2000,0xAA,13,0.702822818,0.001049112,78.482648000,4.865100000,73.617548000,111.667757560,104.745529256
avx2_mul,2000,0xAA,14,0.703065583,0.001210064,78.471357000,4.869433000,73.601924000,111.613139436,104.687138343
avx2_mul,2000,0xAA,15,0.702862986,0.001204676,78.606916000,4.877856000,73.729060000,111.838178305,104.898196980
avx2_mul,2000,0xAA,16,0.702898440,0.001131122,78.813031000,4.871448000,73.941583000,112.125773038,105.195258301
avx2_mul,2000,0xAA,17,0.702776981,0.001125035,78.185347000,4.878589000,73.306758000,111.252003258,104.310129619
avx2_mul,2000,0xAA,18,0.702877120,0.001184385,78.436505000,4.859057000,73.577448000,111.593481734,104.680385739
avx2_mul,2000,0xAA,19,0.702751176,0.001105621,78.200788000,4.853869000,73.346919000,111.278060598,104.371108091
avx2_mul,2000,0xAA,20,0.702766867,0.001092137,78.183577000,4.870959000,73.312618000,111.251085842,104.319969377
avx2_mul,2000,0xAA,21,0.703077258,0.001293424,78.608502000,4.870044000,73.738458000,111.806350044,104.879594918
avx2_mul,2000,0xAA,22,0.702869146,0.001208877,78.304304000,4.871508000,73.432796000,111.406660101,104.475771143
avx2_mul,2000,0xAA,23,0.702940378,0.001207325,78.337507000,4.877185000,73.460322000,111.442605148,104.504342456
avx2_mul,2000,0xAA,24,0.702902913,0.001177018,78.278608000,4.866259000,73.412349000,111.364751183,104.441662786
avx2_mul,2000,0xAA,25,0.702905274,0.001198965,78.227888000,4.868091000,73.359797000,111.292219407,104.366547942
avx2_mul,2000,0xAA,26,0.702829564,0.001236518,78.361799000,4.869128000,73.492671000,111.494739325,104.566846346
avx2_mul,2000,0xAA,27,0.702884144,0.001234866,78.267072000,4.861560000,73.405512000,111.351312599,104.434724647
avx2_mul,2000,0xAA,28,0.702848503,0.001164200,78.263655000,4.869861000,73.393794000,111.352097390,104.423348198
avx2_mul,2000,0xAA,29,0.702866338,0.001283992,78.458417000,4.868823000,73.589594000,111.626368773,104.699272198
avx2_mul,2000,0xAA,30,0.702885193,0.001204382,78.279279000,4.859302000,73.419977000,111.368513361,104.455148207
avx2_mul,2000,0xAA,31,0.703056498,0.001273423,78.570783000,4.861560000,73.709223000,111.756001425,104.841109075
avx2_mul,2000,0xAA,32,0.702963467,0.001302502,78.410749000,4.867480000,73.543269000,111.543135097,104.618906135
avx2_mul,2000,0xAA,33,0.702913955,0.001217320,78.309492000,4.876574000,73.432918000,111.406938825,104.469284559
avx2_mul,2000,0xAA,34,0.702871832,0.001212893,78.315535000,4.858508000,73.457027000,111.422212988,104.509846071
avx2_mul,2000,0xAA,35,0.702963438,0.001228931,78.137007000,4.861499000,73.275508000,111.153728260,104.238007278
avx2_mul,2000,0xAA,36,0.702906760,0.001159580,78.280806000,4.859240000,73.421566000,111.367268615,104.454203791
avx2_mul,2000,0xAA,37,0.702886533,0.001212261,78.204573000,4.857836000,73.346737000,111.262016494,104.350750203
avx2_mul,2000,0xAA,38,0.702751946,0.001106403,78.234785000,4.861071000,73.373714000,111.326315752,104.409122524
avx2_mul,2000,0xAA,39,0.702809492,0.001198908,78.404096000,4.858386000,73.545710000,111.558106253,104.645299789
avx2_mul,2000,0xAA,40,0.702751290,0.001159059,78.013961000,4.857043000,73.156918000,111.012191770,104.100723848
avx2_mul,2000,0xAA,41,0.703014521,0.001319535,78.493085000,4.874133000,73.618952000,111.652153177,104.718963529
avx2_mul,2000,0xAA,42,0.702844238,0.001218955,78.454938000,4.871204000,73.583734000,111.624928834,104.694226781
avx2_mul,2000,0xAA,43,0.702921498,0.001262665,78.520002000,4.899158000,73.620844000,111.705221985,104.735513401
avx2_mul,2000,0xAA,44,0.702839874,0.001190371,78.640728000,4.859851000,73.780877000,111.889963733,104.975371689
avx2_mul,2000,0xAA,45,0.708449051,0.028654816,91.044506000,5.917893000,85.126613000,128.512425737,120.159117909
avx2_mul,2000,0xAA,46,0.702892616,0.001164878,78.281599000,4.866443000,73.415156000,111.370637901,104.447186309
avx2_mul,2000,0xAA,47,0.702827901,0.001109262,78.426801000,4.864978000,73.561823000,111.587489427,104.665484778
avx2_mul,2000,0xAA,48,0.702925370,0.001234334,78.189985000,4.868091000,73.321894000,111.235115825,104.309642362
avx2_mul,2000,0xAA,49,0.702891059,0.001168923,78.309431000,4.865406000,73.444025000,111.410481060,104.488489467
avx2_mul,2000,0xAA,50,0.702753458,0.001099945,78.529401000,4.856555000,73.672846000,111.745307112,104.834554921
avx2_mul,2000,0xAA,51,0.702983534,0.001230595,78.571515000,4.873827000,73.697688000,111.768642097,104.835582125
avx2_mul,2000,0xAA,52,0.705646252,0.014511635,84.821744000,5.386705000,79.435039000,120.204342914,112.570624195
avx2_mul,2000,0xAA,53,0.702833827,0.001160423,78.440778000,4.860888000,73.579890000,111.606435306,104.690308313
avx2_mul,2000,0xAA,54,0.702880407,0.001200655,78.330915000,4.871325000,73.459590000,111.442735162,104.512217602
avx2_mul,2000,0xAA,55,0.702773702,0.001052195,78.625226000,4.861682000,73.763544000,111.878440739,104.960592242
avx2_mul,2000,0xAA,56,0.702720211,0.001023012,78.233259000,4.878588000,73.354671000,111.329171678,104.386738652
avx2_mul,2000,0xAA,57,0.702765590,0.001121554,78.341535000,4.857959000,73.483576000,111.476054256,104.563423541
avx2_mul,2000,0xAA,58,0.702699660,0.001071027,78.290938000,4.862963000,73.427975000,111.414509613,104.494109222
avx2_mul,2000,0xAA,59,0.702681567,0.001005814,78.290266000,4.849597000,73.440669000,111.416422039,104.514864876
avx2_mul,2000,0xAA,60,0.702738556,0.001101875,78.490888000,4.861437000,73.629451000,111.692872568,104.775026724
avx2_mul,2000,0xAA,61,0.702914480,0.001167357,78.627362000,4.861133000,73.766229000,111.859072796,104.943390822
avx2_mul,2000,0xAA,62,0.702788308,0.001071502,78.579328000,4.868518000,73.710810000,111.810807217,104.883375520
avx2_mul,2000,0xAA,63,0.702763914,0.001030783,78.355329000,4.856860000,73.498469000,111.495948285,104.584864913
avx2_mul,2000,0xAA,64,0.702744382,0.001133546,78.354536000,4.859607000,73.494929000,111.497918690,104.582734276
avx2_mul,2000,0xAA,65,0.702761278,0.001049669,78.426374000,4.861560000,73.564814000,111.597460508,104.679663312
avx2_mul,2000,0xAA,66,0.702770023,0.001069913,78.384870000,4.842517000,73.542353000,111.537014162,104.646400103
avx2_mul,2000,0xAA,67,0.705236196,0.012963167,84.147063000,5.329271000,78.817792000,119.317561287,111.760843364
avx2_mul,2000,0xAA,68,0.704172746,0.007472988,81.568761000,5.105822000,76.462939000,115.836293617,108.585484740
avx2_mul,2000,0xAA,69,0.702773267,0.001134079,78.036421000,4.853564000,73.182857000,111.040679293,104.134377893
avx2_mul,2000,0xAA,70,0.708906955,0.031816513,92.623847000,6.007614000,86.616233000,130.657269441,122.182794816
avx2_mul,2000,0xAA,71,0.702988741,0.001334345,78.740948000,4.853991000,73.886957000,112.008832261,105.104040313
avx2_mul,2000,0xAA,72,0.702759466,0.001073064,78.711591000,4.863696000,73.847895000,112.003601289,105.082746804
avx2_mul,2000,0xAA,73,0.702649659,0.001003793,78.336286000,4.848133000,73.488153000,111.486976414,104.587189393
avx2_mul,2000,0xAA,74,0.702748693,0.001119293,78.404157000,4.847521000,73.556636000,111.567844706,104.669900887
avx2_mul,2000,0xAA,75,0.702621084,0.000949502,78.266707000,4.840320000,73.426387000,111.392482825,104.503534981
avx2_mul,2000,0xAA,76,0.702536971,0.000848315,78.373578000,4.815051000,73.558527000,111.557941118,104.704136690
avx2_mul,2000,0xAA,77,0.702660561,0.000941899,78.083724000,4.821399000,73.262325000,111.125809938,104.264176790
avx2_mul,2000,0xAA,78,0.702647308,0.000977076,78.544538000,4.833423000,73.711115000,111.783731550,104.904856547
avx2_mul,2000,0xAA,79,0.702674681,0.001021519,78.297468000,4.835498000,73.461970000,111.427763329,104.546203293
avx2_mul,2000,0xAA,80,0.708916058,0.032103657,92.616767000,6.039535000,86.577232000,130.645604674,122.126210966
avx2_mul,2000,0xAA,81,0.702968276,0.001500179,78.862102000,4.869067000,73.993035000,112.184439475,105.258000307
avx2_mul,2000,0xAA,82,0.702774188,0.001033601,78.394880000,4.842456000,73.552424000,111.550596619,104.660110201
avx2_mul,2000,0xAA,83,0.702706745,0.001054459,78.530317000,4.839038000,73.691279000,111.754039099,104.867755400
avx2_mul,2000,0xAA,84,0.705110536,0.012527085,83.889128000,5.297960000,78.591168000,118.973017219,111.459358401
avx2_mul,2000,0xAA,85,0.702809640,0.001180155,78.454023000,4.831958000,73.622065000,111.629121872,104.753920221
avx2_mul,2000,0xAA,86,0.702589462,0.000929837,78.395673000,4.824756000,73.570917000,111.581054439,104.713948880
avx2_mul,2000,0xAA,87,0.705446523,0.014244857,84.759427000,5.351304000,79.408123000,120.150038693,112.564341085
avx2_mul,2000,0xAA,88,0.702839836,0.001192830,78.602826000,4.827075000,73.775751000,111.836042839,104.968084091
avx2_mul,2000,0xAA,89,0.702678201,0.001011579,78.428632000,4.829699000,73.598933000,111.613868112,104.740595260
avx2_mul,2000,0xAA,90,0.702797999,0.001137574,78.417157000,4.826464000,73.590693000,111.578514839,104.711016633
avx2_mul,2000,0xAA,91,0.702897823,0.001144251,78.548627000,4.835314000,73.713313000,111.749708697,104.870595063
avx2_mul,2000,0xAA,92,0.702672350,0.000987289,78.707440000,4.829638000,73.877802000,112.011579787,105.138336518
avx2_mul,2000,0xAA,93,0.708222188,0.028563802,91.244151000,5.884323000,85.359828000,128.835487797,120.526904554
avx2_mul,2000,0xAA,94,0.702735699,0.001030982,78.524396000,4.806201000,73.718195000,111.741008956,104.901736369
avx2_mul,2000,0xAA,95,0.702785055,0.001159185,78.464704000,4.819750000,73.644954000,111.648225120,104.790153840
avx2_mul,2000,0xAA,96,0.702720481,0.001023212,78.273848000,4.848742000,73.425106000,111.386888682,104.486930405
avx2_mul,2000,0xAA,97,0.702796715,0.001085758,78.526838000,4.819324000,73.707514000,111.734782340,104.877430995
avx2_mul,2000,0xAA,98,0.702706009,0.000986479,78.291975000,4.796924000,73.495051000,111.414978676,104.588618948
avx2_mul,2000,0xAA,99,0.702888863,0.001090219,78.296125000,4.808338000,73.487787000,111.391898676,104.551076103
avx2_mul,2100,0x00,0,0.668785840,0.000668281,77.201951000,4.609851000,72.592100000,115.435983152,108.543117422
avx2_mul,2100,0x00,1,0.669009299,0.001154014,77.556076000,4.627674000,72.928402000,115.926753297,109.009549000
avx2_mul,2100,0x00,2,0.668832099,0.000665767,77.137864000,4.598560000,72.539304000,115.332179959,108.456672627
avx2_mul,2100,0x00,3,0.668814511,0.000758263,77.182358000,4.605762000,72.576596000,115.401739622,108.515283172
avx2_mul,2100,0x00,4,0.668817481,0.000696473,77.243760000,4.613880000,72.629880000,115.493033897,108.594470191
avx2_mul,2100,0x00,5,0.668807762,0.000728786,77.289841000,4.597034000,72.692807000,115.563612421,108.690136572
avx2_mul,2100,0x00,6,0.671448776,0.013683793,83.536713000,5.113024000,78.423689000,124.412637223,116.797724244
avx2_mul,2100,0x00,7,0.668864766,0.000729780,77.220505000,4.618702000,72.601803000,115.450101320,108.544816074
avx2_mul,2100,0x00,8,0.668997414,0.000886069,77.373947000,4.625232000,72.748715000,115.656571145,108.742894196
avx2_mul,2100,0x00,9,0.668759123,0.000647854,77.143052000,4.605579000,72.537473000,115.352522880,108.465769722
avx2_mul,2100,0x00,10,0.668805398,0.000653971,77.125047000,4.610096000,72.514951000,115.317620351,108.424589864
avx2_mul,2100,0x00,11,0.668776763,0.000662050,77.212021000,4.564014000,72.648007000,115.452607389,108.628186662
avx2_mul,2100,0x00,12,0.668740380,0.000646005,77.009324000,4.611560000,72.397764000,115.155785935,108.259896079
avx2_mul,2100,0x00,13,0.668773101,0.000665867,77.228257000,4.599598000,72.628659000,115.477516729,108.599850760
avx2_mul,2100,0x00,14,0.671490401,0.013554195,83.365754000,5.111193000,78.254561000,124.150328702,116.538614532
avx2_mul,2100,0x00,15,0.668791692,0.000605474,77.051683000,4.598987000,72.452696000,115.210287350,108.333726149
avx2_mul,2100,0x00,16,0.668980836,0.000945189,77.416550000,4.618946000,72.797604000,115.723120710,108.818668813
avx2_mul,2100,0x00,17,0.668968600,0.000795211,77.107346000,4.588916000,72.518430000,115.263027238,108.403339058
avx2_mul,2100,0x00,18,0.668815575,0.000707359,77.207261000,4.606006000,72.601255000,115.438790383,108.551980072
avx2_mul,2100,0x00,19,0.668774770,0.000659198,77.060411000,4.609669000,72.450742000,115.226253283,108.333545589
avx2_mul,2100,0x00,20,0.670464489,0.008635985,81.076941000,4.911548000,76.165393000,120.926525222,113.600935162
avx2_mul,2100,0x00,21,0.668798582,0.000754866,77.280259000,4.620655000,72.659604000,115.550871513,108.641982760
avx2_mul,2100,0x00,22,0.668819805,0.000768038,77.230942000,4.615039000,72.615903000,115.473467501,108.573194862
avx2_mul,2100,0x00,23,0.669025787,0.000966345,77.443649000,4.595509000,72.848140000,115.755850523,108.886894065
avx2_mul,2100,0x00,24,0.671415995,0.013535452,83.474945000,5.096728000,78.378217000,124.326714915,116.735701240
avx2_mul,2100,0x00,25,0.668795603,0.000673002,77.152573000,4.607898000,72.544675000,115.360466940,108.470621997
avx2_mul,2100,0x00,26,0.668777101,0.000633810,77.132310000,4.618824000,72.513486000,115.333359832,108.426986998
avx2_mul,2100,0x00,27,0.668855451,0.000757654,77.170274000,4.613208000,72.557066000,115.376609185,108.479441805
avx2_mul,2100,0x00,28,0.671458111,0.013613607,83.481110000,5.075671000,78.405439000,124.328098191,116.768920762
avx2_mul,2100,0x00,29,0.668859875,0.000724352,77.047166000,4.579761000,72.467405000,115.191789672,108.344673896
avx2_mul,2100,0x00,30,0.668808498,0.000702104,77.177842000,4.598011000,72.579831000,115.396024792,108.521095699
avx2_mul,2100,0x00,31,0.669016245,0.000901406,77.405014000,4.619251000,72.785763000,115.699752565,108.795210209
avx2_mul,2100,0x00,32,0.671442812,0.013626232,83.590362000,5.096056000,78.494306000,124.493643439,116.903933771
avx2_mul,2100,0x00,33,0.668826706,0.000663448,77.251695000,4.612659000,72.639036000,115.503305057,108.606662083
avx2_mul,2100,0x00,34,0.668796990,0.000696975,77.151719000,4.628040000,72.523679000,115.358950642,108.439003234
avx2_mul,2100,0x00,35,0.668820868,0.000656664,77.236192000,4.585925000,72.650267000,115.481133638,108.624402304
avx2_mul,2100,0x00,36,0.668814599,0.000728411,77.208909000,4.620838000,72.588071000,115.441422891,108.532425981
avx2_mul,2100,0x00,37,0.668801087,0.000625989,77.111802000,4.603748000,72.508054000,115.298559683,108.414976369
avx2_mul,2100,0x00,38,0.668816951,0.000681395,77.245774000,4.607044000,72.638730000,115.496136638,108.607788503
avx2_mul,2100,0x00,39,0.668833327,0.000699986,77.126817000,4.614979000,72.511838000,115.315451317,108.415407896
avx2_mul,2100,0x00,40,0.668793993,0.000621380,77.304063000,4.605823000,72.698240000,115.587256753,108.700497829
avx2_mul,2100,0x00,41,0.669009250,0.000988714,77.363266000,4.546619000,72.816647000,115.638559482,108.842511450
avx2_mul,2100,0x00,42,0.668838185,0.000678688,77.298142000,4.581715000,72.716427000,115.570766879,108.720507579
avx2_mul,2100,0x00,43,0.672925520,0.021029589,87.074851000,5.355821000,81.719030000,129.397457039,121.438446948
avx2_mul,2100,0x00,44,0.668831287,0.000700168,77.156297000,4.612965000,72.543332000,115.359879913,108.462826670
avx2_mul,2100,0x00,45,0.668835439,0.000683278,77.459701000,4.624011000,72.835690000,115.812794161,108.899268454
avx2_mul,2100,0x00,46,0.668885105,0.000709664,77.312913000,4.617054000,72.695859000,115.584743020,108.682131549
avx2_mul,2100,0x00,47,0.668764732,0.000610070,77.414108000,4.576343000,72.837765000,115.756863849,108.913884872
avx2_mul,2100,0x00,48,0.668828411,0.000627984,77.277146000,4.611561000,72.665585000,115.541063622,108.646079911
avx2_mul,2100,0x00,49,0.668837393,0.000725606,77.219773000,4.612049000,72.607724000,115.453731804,108.558111063
avx2_mul,2100,0x00,50,0.668810615,0.000705148,77.252183000,4.614795000,72.637388000,115.506813465,108.606810844
avx2_mul,2100,0x00,51,0.669035629,0.000903451,77.291428000,4.615894000,72.675534000,115.526624704,108.627300062
avx2_mul,2100,0x00,52,0.669181820,0.001684341,77.912825000,4.658618000,73.254207000,116.429978708,109.468316176
avx2_mul,2100,0x00,53,0.668833013,0.000643867,77.304916000,4.591357000,72.713559000,115.581788798,108.717060362
avx2_mul,2100,0x00,54,0.668854714,0.000777419,77.108872000,4.608265000,72.500607000,115.284934635,108.395149899
avx2_mul,2100,0x00,55,0.668815965,0.000635662,77.338303000,4.616016000,72.722287000,115.634654433,108.732881387
avx2_mul,2100,0x00,56,0.671391845,0.013590917,83.567901000,5.089159000,78.478742000,124.469639600,116.889626473
avx2_mul,2100,0x00,57,0.668829073,0.000646856,77.237229000,4.594349000,72.642880000,115.481267327,108.612024969
avx2_mul,2100,0x00,58,0.668852680,0.000624716,77.128892000,4.603503000,72.525389000,115.315217072,108.432531039
avx2_mul,2100,0x00,59,0.668797774,0.000667179,77.288804000,4.581958000,72.706846000,115.563787833,108.712751269
avx2_mul,2100,0x00,60,0.668827623,0.000667802,77.239792000,4.594288000,72.645504000,115.485349809,108.616183761
avx2_mul,2100,0x00,61,0.669046079,0.000964394,77.377549000,4.618580000,72.758969000,115.653542370,108.750310818
avx2_mul,2100,0x00,62,0.668777578,0.000588652,77.352524000,4.598926000,72.753598000,115.662555820,108.785940712
avx2_mul,2100,0x00,63,0.668873729,0.000669760,77.132371000,4.605274000,72.527097000,115.316789406,108.431672235
avx2_mul,2100,0x00,64,0.671483843,0.013668265,83.672332000,5.111071000,78.561261000,124.608109202,116.996502377
avx2_mul,2100,0x00,65,0.668808756,0.000575279,77.221482000,4.577076000,72.644406000,115.461230637,108.617606118
avx2_mul,2100,0x00,66,0.668757697,0.000582467,77.246445000,4.601917000,72.644528000,115.507373368,108.626081353
avx2_mul,2100,0x00,67,0.669080632,0.001586755,77.801497000,4.643360000,73.158137000,116.281197300,109.341286359
avx2_mul,2100,0x00,68,0.668793388,0.000682426,77.204026000,4.593555000,72.610471000,115.437782939,108.569361271
avx2_mul,2100,0x00,69,0.668768052,0.000621241,77.422226000,4.565174000,72.857052000,115.768427861,108.942183716
avx2_mul,2100,0x00,70,0.668776456,0.000576389,77.076951000,4.586536000,72.490415000,115.250694391,108.392594116
avx2_mul,2100,0x00,71,0.668982231,0.000865895,77.354233000,4.554615000,72.799618000,115.629727447,108.821452442
avx2_mul,2100,0x00,72,0.668850967,0.000728907,77.296372000,4.577258000,72.719114000,115.565912072,108.722447341
avx2_mul,2100,0x00,73,0.668826553,0.000632183,77.206162000,4.600514000,72.605648000,115.435252544,108.556766661
avx2_mul,2100,0x00,74,0.668805544,0.000653184,77.250595000,4.595264000,72.655331000,115.505314882,108.634462751
avx2_mul,2100,0x00,75,0.668808602,0.000626542,77.128709000,4.597889000,72.530820000,115.322543311,108.447797705
avx2_mul,2100,0x00,76,0.668791094,0.000656054,77.328110000,4.598438000,72.729672000,115.623713776,108.747967309
avx2_mul,2100,0x00,77,0.668807881,0.000610481,77.208299000,4.594898000,72.613401000,115.441670516,108.571389629
avx2_mul,2100,0x00,78,0.668782323,0.000649613,77.190476000,4.574329000,72.616147000,115.419432301,108.579644756
avx2_mul,2100,0x00,79,0.668808805,0.000706588,77.302476000,4.610279000,72.692197000,115.582323929,108.689054938
avx2_mul,2100,0x00,80,0.668813707,0.000670511,77.101243000,4.601978000,72.499265000,115.280596433,108.399789484
avx2_mul,2100,0x00,81,0.668981159,0.000885741,77.314011000,4.604542000,72.709469000,115.569788348,108.686871041
avx2_mul,2100,0x00,82,0.668792641,0.000549023,77.099168000,4.582874000,72.516294000,115.281124937,108.428666164
avx2_mul,2100,0x00,83,0.668842938,0.000649051,77.240463000,4.585682000,72.654781000,115.483708753,108.627566986
avx2_mul,2100,0x00,84,0.668772708,0.000625765,77.164597000,4.577564000,72.587033000,115.382395415,108.537672316
avx2_mul,2100,0x00,85,0.668831431,0.000665516,77.218918000,4.596302000,72.622616000,115.453482554,108.581344398
avx2_mul,2100,0x00,86,0.668821974,0.000627882,77.253404000,4.607471000,72.645933000,115.506677392,108.617742551
avx2_mul,2100,0x00,87,0.668866176,0.000689931,77.098985000,4.616626000,72.482359000,115.268177408,108.366010475
avx2_mul,2100,0x00,88,0.668836788,0.000659971,77.198960000,4.611500000,72.587460000,115.422718077,108.527911924
avx2_mul,2100,0x00,89,0.668844567,0.000685344,77.275681000,4.609974000,72.665707000,115.536082391,108.643637977
avx2_mul,2100,0x00,90,0.670672479,0.009379676,81.487524000,4.906298000,76.581226000,121.501219304,114.185729030
avx2_mul,2100,0x00,91,0.671777949,0.014172141,83.833465000,5.118883000,78.714582000,124.793415900,117.173512617
avx2_mul,2100,0x00,92,0.668877254,0.000650867,77.127549000,4.604114000,72.523435000,115.308972601,108.425625963
avx2_mul,2100,0x00,93,0.668760783,0.000540072,77.307602000,4.621754000,72.685848000,115.598288604,108.687366017
avx2_mul,2100,0x00,94,0.668756851,0.000588903,77.062364000,4.615344000,72.447020000,115.232260969,108.330882700
avx2_mul,2100,0x00,95,0.668781726,0.000594685,77.072190000,4.619678000,72.452512000,115.242667307,108.335065294
avx2_mul,2100,0x00,96,0.670119656,0.006556581,80.236733000,4.809802000,75.426931000,119.734934343,112.557407228
avx2_mul,2100,0x00,97,0.668804267,0.000645701,77.073228000,4.618580000,72.454648000,115.240335257,108.334607790
avx2_mul,2100,0x00,98,0.668825730,0.000707158,77.253098000,4.614002000,72.639096000,115.505571272,108.606910238
avx2_mul,2100,0x00,99,0.668800250,0.000628679,77.141709000,4.612354000,72.529355000,115.343421304,108.446961561
avx2_mul,2100,0xAA,0,0.669046116,0.000902512,77.244249000,4.547657000,72.696592000,115.454297087,108.657072062
avx2_mul,2100,0xAA,1,0.668837361,0.000724373,77.204514000,4.589771000,72.614743000,115.430923192,108.568610662
avx2_mul,2100,0xAA,2,0.668889700,0.000736218,77.239549000,4.593739000,72.645810000,115.474268759,108.606560975
avx2_mul,2100,0xAA,3,0.668848831,0.000704557,77.129746000,4.595569000,72.534177000,115.317157450,108.446293984
avx2_mul,2100,0xAA,4,0.668836320,0.000758059,77.247056000,4.610095000,72.636961000,115.494708799,108.601998485
avx2_mul,2100,0xAA,5,0.668840552,0.000736701,77.165879000,4.611743000,72.554136000,115.372608305,108.477477638
avx2_mul,2100,0xAA,6,0.668778921,0.000650553,77.146897000,4.592640000,72.554257000,115.354857249,108.487655168
avx2_mul,2100,0xAA,7,0.668805213,0.000671303,77.252183000,4.623218000,72.628965000,115.507746548,108.595094086
avx2_mul,2100,0xAA,8,0.669062773,0.000842895,77.241196000,4.621509000,72.619687000,115.446859567,108.539422498
avx2_mul,2100,0xAA,9,0.668963846,0.000743186,77.316757000,4.590321000,72.726436000,115.576884224,108.715047032
avx2_mul,2100,0xAA,10,0.671775312,0.015269230,84.206206000,5.128160000,79.078046000,125.348765335,117.715022468
avx2_mul,2100,0xAA,11,0.668839827,0.000684359,77.200730000,4.602405000,72.598325000,115.424840036,108.543663383
avx2_mul,2100,0xAA,12,0.668893104,0.000797369,77.180772000,4.579151000,72.601621000,115.385809127,108.539945455
avx2_mul,2100,0xAA,13,0.668818381,0.000677317,77.198349000,4.610157000,72.588192000,115.424981127,108.531993238
avx2_mul,2100,0xAA,14,0.668824044,0.000733298,77.332261000,4.608936000,72.723325000,115.624223862,108.733119930
avx2_mul,2100,0xAA,15,0.669813613,0.004064454,78.872479000,4.714526000,74.157953000,117.752875580,110.714311552
avx2_mul,2100,0xAA,16,0.668794576,0.000631011,77.371811000,4.589649000,72.782162000,115.688454612,108.825885504
avx2_mul,2100,0xAA,17,0.668843955,0.000764555,77.367234000,4.603076000,72.764158000,115.673070566,108.790933162
avx2_mul,2100,0xAA,18,0.668833758,0.000710055,77.148057000,4.543750000,72.604307000,115.347133814,108.553592154
avx2_mul,2100,0xAA,19,0.668794519,0.000715468,77.320664000,4.616199000,72.704465000,115.611988173,108.709720182
avx2_mul,2100,0xAA,20,0.668805927,0.000645489,77.059434000,4.611987000,72.447447000,115.219424477,108.323572013
avx2_mul,2100,0xAA,21,0.668865025,0.000709104,77.303940000,4.603442000,72.700498000,115.574797826,108.692330018
avx2_mul,2100,0xAA,22,0.669806959,0.005227729,79.332316000,4.770252000,74.562064000,118.440567063,111.318736006
avx2_mul,2100,0xAA,23,0.669094278,0.001345635,77.551254000,4.640247000,72.911007000,115.904823281,108.969706429
avx2_mul,2100,0xAA,24,0.668923625,0.000734018,77.185716000,4.570423000,72.615293000,115.387935394,108.555431905
avx2_mul,2100,0xAA,25,0.668816240,0.000650506,77.169786000,4.607532000,72.562254000,115.382643794,108.493558686
avx2_mul,2100,0xAA,26,0.668812262,0.000625931,77.327866000,4.592152000,72.735714000,115.619689444,108.753559347
avx2_mul,2100,0xAA,27,0.671701199,0.014730699,83.834563000,5.107408000,78.727155000,124.809309749,117.205619286
avx2_mul,2100,0xAA,28,0.668841317,0.000614318,77.177598000,4.598743000,72.578855000,115.389997661,108.514311480
avx2_mul,2100,0xAA,29,0.668710739,0.000534047,77.199692000,4.594104000,72.605588000,115.445569371,108.575477816
avx2_mul,2100,0xAA,30,0.668817379,0.000687320,77.234544000,4.561634000,72.672910000,115.479272038,108.658824265
avx2_mul,2100,0xAA,31,0.668988146,0.000936321,77.450485000,4.598194000,72.852291000,115.772582021,108.899225554
avx2_mul,2100,0xAA,32,0.668784958,0.000597355,76.966600000,4.615467000,72.351133000,115.084227057,108.182954918
avx2_mul,2100,0xAA,33,0.670061691,0.006161433,80.150002000,4.811511000,75.338491000,119.615854963,112.435156428
avx2_mul,2100,0xAA,34,0.668774119,0.000580021,77.305283000,4.601124000,72.704159000,115.592515862,108.712578576
avx2_mul,2100,0xAA,35,0.668793141,0.000655231,77.272568000,4.596607000,72.675961000,115.540311714,108.667324063
avx2_mul,2100,0xAA,36,0.671427752,0.013547920,83.483368000,5.034106000,78.449262000,124.337082894,116.839469058
avx2_mul,2100,0xAA,37,0.669101701,0.001396163,77.567551000,4.625416000,72.942135000,115.927893972,109.015019597
avx2_mul,2100,0xAA,38,0.668956188,0.000740112,77.292343000,4.606983000,72.685360000,115.541711642,108.654888438
avx2_mul,2100,0xAA,39,0.668880291,0.000717061,77.206406000,4.603931000,72.602475000,115.426343157,108.543301360
avx2_mul,2100,0xAA,40,0.668844390,0.000708239,77.303330000,4.618274000,72.685056000,115.577451486,108.672595781
avx2_mul,2100,0xAA,41,0.669008677,0.000872512,77.404221000,4.613453000,72.790768000,115.699876061,108.803922153
avx2_mul,2100,0xAA,42,0.668792252,0.000567992,77.288315000,4.587268000,72.701047000,115.564010707,108.704977899
avx2_mul,2100,0xAA,43,0.668863736,0.000690540,77.375778000,4.603687000,72.772091000,115.682423598,108.799576234
avx2_mul,2100,0xAA,44,0.668834545,0.000679620,77.136399000,4.610279000,72.526120000,115.329567762,108.436564054
avx2_mul,2100,0xAA,45,0.668833830,0.000699330,77.451218000,4.601124000,72.850094000,115.800389469,108.921066394
avx2_mul,2100,0xAA,46,0.668820633,0.000669286,77.287522000,4.584400000,72.703122000,115.557921174,108.703467568
avx2_mul,2100,0xAA,47,0.668828149,0.000655217,77.350205000,4.603198000,72.747007000,115.650343178,108.767860728
avx2_mul,2100,0xAA,48,0.668795470,0.000652075,77.355637000,4.606739000,72.748898000,115.664116185,108.776002848
avx2_mul,2100,0xAA,49,0.668813173,0.000664200,77.222581000,4.598072000,72.624509000,115.462111227,108.587138987
avx2_mul,2100,0xAA,50,0.668782996,0.000597468,77.312669000,4.571033000,72.741636000,115.602025483,108.767173186
avx2_mul,2100,0xAA,51,0.668974547,0.000968399,77.468002000,4.611988000,72.856014000,115.801120388,108.907004575
avx2_mul,2100,0xAA,52,0.668811954,0.000649466,77.268845000,4.613879000,72.654966000,115.531495077,108.632875860
avx2_mul,2100,0xAA,53,0.668859910,0.000683811,77.309067000,4.609241000,72.699826000,115.583346892,108.692156479
avx2_mul,2100,0xAA,54,0.668798053,0.000625517,77.227097000,4.572804000,72.654293000,115.471473993,108.634127535
avx2_mul,2100,0xAA,55,0.670747219,0.009962424,81.863194000,4.954638000,76.908556000,122.047757678,114.661013667
avx2_mul,2100,0xAA,56,0.668915869,0.000762229,77.189195000,4.611072000,72.578123000,115.394474170,108.501122985
avx2_mul,2100,0xAA,57,0.668837544,0.000706693,77.309189000,4.606922000,72.702267000,115.587394449,108.699440801
avx2_mul,2100,0xAA,58,0.668857300,0.000688578,77.313584000,4.603077000,72.710507000,115.590551204,108.708549618
avx2_mul,2100,0xAA,59,0.668861213,0.000729896,77.248643000,4.615833000,72.632810000,115.492783135,108.591750587
avx2_mul,2100,0xAA,60,0.668793982,0.000677723,77.197618000,4.567371000,72.630247000,115.428099065,108.598834563
avx2_mul,2100,0xAA,61,0.669054146,0.000968260,77.275925000,4.606861000,72.669064000,115.500255752,108.614623213
avx2_mul,2100,0xAA,62,0.668906208,0.000737171,77.163926000,4.601001000,72.562925000,115.358364324,108.479969495
avx2_mul,2100,0xAA,63,0.668897644,0.000790602,77.196457000,4.593128000,72.603329000,115.408474938,108.541762160
avx2_mul,2100,0xAA,64,0.668862346,0.000764461,77.245774000,4.565357000,72.680417000,115.488298139,108.662742733
avx2_mul,2100,0xAA,65,0.668874485,0.000723605,77.108262000,4.538990000,72.569272000,115.280615023,108.494603444
avx2_mul,2100,0xAA,66,0.668827740,0.000719876,77.165025000,4.557972000,72.607053000,115.373541474,108.558674615
avx2_mul,2100,0xAA,67,0.668868063,0.000693992,77.319748000,4.554859000,72.764889000,115.597906769,108.788104880
avx2_mul,2100,0xAA,68,0.668949573,0.000854538,77.034471000,4.544911000,72.489560000,115.157366310,108.363265252
avx2_mul,2100,0xAA,69,0.668838250,0.000708879,77.262620000,4.493641000,72.768979000,115.517645783,108.799069202
avx2_mul,2100,0xAA,70,0.668818591,0.000666158,77.098069000,4.594959000,72.503110000,115.275008923,108.404746845
avx2_mul,2100,0xAA,71,0.669383882,0.001805759,77.702682000,4.620655000,73.082027000,116.080897869,109.178050151
avx2_mul,2100,0xAA,72,0.668808901,0.000595265,77.094529000,4.575306000,72.519223000,115.271386068,108.430409527
avx2_mul,2100,0xAA,73,0.668845329,0.000666394,77.074753000,4.587147000,72.487606000,115.235540546,108.377232948
avx2_mul,2100,0xAA,74,0.668825176,0.000672391,77.342698000,4.609973000,72.732725000,115.639633134,108.746990386
avx2_mul,2100,0xAA,75,0.668799201,0.000575581,76.980332000,4.591358000,72.388974000,115.102308514,108.237231535
avx2_mul,2100,0xAA,76,0.668808017,0.000619528,77.170091000,4.563465000,72.606626000,115.384518429,108.561237485
avx2_mul,2100,0xAA,77,0.668817824,0.000630990,77.079209000,4.584888000,72.494321000,115.246941982,108.391729945
avx2_mul,2100,0xAA,78,0.670005778,0.005960525,79.751017000,4.781116000,74.969901000,119.030342166,111.894409675
avx2_mul,2100,0xAA,79,0.668910273,0.000807472,77.176377000,4.550953000,72.625424000,115.376277093,108.572744267
avx2_mul,2100,0xAA,80,0.668869431,0.000776041,77.157579000,4.588794000,72.568785000,115.355217874,108.494695052
avx2_mul,2100,0xAA,81,0.669023958,0.001182289,77.582992000,4.596912000,72.986080000,115.964445109,109.093372783
avx2_mul,2100,0xAA,82,0.668874415,0.000774517,77.132554000,4.553638000,72.578916000,115.316944774,108.509033010
avx2_mul,2100,0xAA,83,0.668920072,0.000681203,77.244432000,4.587818000,72.656614000,115.476325628,108.617781244
avx2_mul,2100,0xAA,84,0.668822176,0.000720757,77.158799000,4.586780000,72.572019000,115.365192420,108.507196130
avx2_mul,2100,0xAA,85,0.668837582,0.000688967,77.255967000,4.571888000,72.684079000,115.507813905,108.672241084
avx2_mul,2100,0xAA,86,0.668892344,0.000722501,77.291489000,4.593128000,72.698361000,115.551463073,108.684695886
avx2_mul,2100,0xAA,87,0.668750737,0.000570605,76.990831000,4.570178000,72.420653000,115.126349386,108.292445889
avx2_mul,2100,0xAA,88,0.668751312,0.000592692,77.317307000,4.583057000,72.734250000,115.614437920,108.761282016
avx2_mul,2100,0xAA,89,0.673001117,0.021894600,87.442952000,5.387987000,82.054965000,129.929876386,121.923965460
avx2_mul,2100,0xAA,90,0.668777266,0.000597088,77.206101000,4.613270000,72.592831000,115.443668524,108.545602104
avx2_mul,2100,0xAA,91,0.668961150,0.000897484,77.423203000,4.580616000,72.842587000,115.736471356,108.889114079
avx2_mul,2100,0xAA,92,0.668903188,0.000724994,77.189744000,4.607044000,72.582700000,115.397482547,108.510022477
avx2_mul,2100,0xAA,93,0.668869518,0.000636923,77.305222000,4.600452000,72.704770000,115.575938135,108.697986789
avx2_mul,2100,0xAA,94,0.668764159,0.000630895,77.230027000,4.605884000,72.624143000,115.481707567,108.594550203
avx2_mul,2100,0xAA,95,0.668832774,0.000654547,77.120042000,4.600514000,72.519528000,115.305417191,108.426995288
avx2_mul,2100,0xAA,96,0.668845673,0.000718262,77.168015000,4.612293000,72.555722000,115.374918495,108.479018310
avx2_mul,2100,0xAA,97,0.668858456,0.000646847,77.034654000,4.557972000,72.476682000,115.173327420,108.358773524
avx2_mul,2100,0xAA,98,0.668845386,0.000727212,77.305344000,4.615894000,72.689450000,115.580290449,108.679003402
avx2_mul,2100,0xAA,99,0.668813721,0.000714090,77.264756000,4.625294000,72.639462000,115.525076127,108.609407598
avx2_mul,2300,0x00,0,0.610435937,0.000096353,72.345152000,4.167226000,68.177926000,118.513913729,111.687274362
avx2_mul,2300,0x00,1,0.610423179,0.000162614,72.161436000,4.169850000,67.991586000,118.215425699,111.384344997
avx2_mul,2300,0x00,2,0.610411735,0.000089891,71.959776000,4.154470000,67.805306000,117.887274980,111.081262308
avx2_mul,2300,0x00,3,0.620758737,0.036734025,86.052392000,5.157580000,80.894812000,138.624536170,130.316026451
avx2_mul,2300,0x00,4,0.610435463,0.000171041,71.814757000,4.181569000,67.633188000,117.645126101,110.794985087
avx2_mul,2300,0x00,5,0.610459817,0.000149566,72.299619000,4.188161000,68.111458000,118.434689671,111.574023527
avx2_mul,2300,0x00,6,0.610429327,0.000184532,72.487974000,4.167470000,68.320504000,118.749166888,111.922053876
avx2_mul,2300,0x00,7,0.611936575,0.007780822,75.747548000,4.462635000,71.284913000,123.783331573,116.490688544
avx2_mul,2300,0x00,8,0.613116085,0.013936155,78.373151000,4.689990000,73.683161000,127.827589089,120.178156765
avx2_mul,2300,0x00,9,0.610422773,0.000196575,71.983031000,4.183217000,67.799814000,117.923239748,111.070256561
avx2_mul,2300,0x00,10,0.610410851,0.000160304,71.775207000,4.149099000,67.626108000,117.585077178,110.787853645
avx2_mul,2300,0x00,11,0.610646824,0.000671847,72.744077000,4.206044000,68.538033000,119.126267678,112.238417230
avx2_mul,2300,0x00,12,0.610438531,0.000196476,72.242247000,4.170460000,68.071787000,118.344834660,111.512926467
avx2_mul,2300,0x00,13,0.611766874,0.006733635,75.403921000,4.442188000,70.961733000,123.255972460,115.994729350
avx2_mul,2300,0x00,14,0.610387011,0.000095135,72.088805000,4.175893000,67.912912000,118.103438748,111.262053000
avx2_mul,2300,0x00,15,0.611395382,0.005043935,74.528984000,4.371449000,70.157535000,121.899815041,114.749860809
avx2_mul,2300,0x00,16,0.610386090,0.000088921,71.832335000,4.139088000,67.693247000,117.683440322,110.902342149
avx2_mul,2300,0x00,17,0.610421103,0.000167073,72.193113000,4.135914000,68.057199000,118.267721516,111.492211985
avx2_mul,2300,0x00,18,0.610446446,0.000191721,72.190734000,4.147756000,68.042978000,118.258914312,111.464287159
avx2_mul,2300,0x00,19,0.610427500,0.000106671,72.404539000,4.168019000,68.236520000,118.612839418,111.784806602
avx2_mul,2300,0x00,20,0.610443049,0.000167757,72.231077000,4.164357000,68.066720000,118.325660534,111.503800565
avx2_mul,2300,0x00,21,0.610604584,0.000686037,72.567380000,4.191396000,68.375984000,118.845128135,111.980790541
avx2_mul,2300,0x00,22,0.610434274,0.000196959,72.500974000,4.180592000,68.320382000,118.769500879,111.920947021
avx2_mul,2300,0x00,23,0.610474294,0.000199841,72.130614000,4.135365000,67.995249000,118.155038974,111.381019100
avx2_mul,2300,0x00,24,0.610463761,0.000260788,71.970336000,4.176808000,67.793528000,117.894526455,111.052501968
avx2_mul,2300,0x00,25,0.610445049,0.000189440,72.035521000,4.133107000,67.902414000,118.004923078,111.234277613
avx2_mul,2300,0x00,26,0.610430104,0.000164179,71.847777000,4.180837000,67.666940000,117.700251873,110.851249879
avx2_mul,2300,0x00,27,0.610392993,0.000081602,71.675293000,4.144032000,67.531261000,117.424829210,110.635708029
avx2_mul,2300,0x00,28,0.610469157,0.000251155,72.062560000,4.163381000,67.899179000,118.044554986,111.224585540
avx2_mul,2300,0x00,29,0.610411935,0.000085285,72.250121000,4.162220000,68.087901000,118.362890533,111.544183748
avx2_mul,2300,0x00,30,0.610429350,0.000175320,72.018004000,4.158132000,67.859872000,117.979261722,111.167446394
avx2_mul,2300,0x00,31,0.616099091,0.028275777,85.856470000,5.221545000,80.634925000,139.354969354,130.879798601
avx2_mul,2300,0x00,32,0.610420504,0.000116274,72.293638000,4.170765000,68.122873000,118.432519039,111.599909436
avx2_mul,2300,0x00,33,0.610467216,0.000207103,72.137999000,4.179372000,67.958627000,118.168506188,111.322320365
avx2_mul,2300,0x00,34,0.610446794,0.000196050,72.304746000,4.197194000,68.107552000,118.445615015,111.570005153
avx2_mul,2300,0x00,35,0.610405570,0.000098767,72.013243000,4.171254000,67.841989000,117.976058039,111.142480165
avx2_mul,2300,0x00,36,0.610434411,0.000165739,72.241514000,4.168690000,68.072824000,118.344432522,111.515377799
avx2_mul,2300,0x00,37,0.610422438,0.000093705,72.490049000,4.161854000,68.328195000,118.753906360,111.935916484
avx2_mul,2300,0x00,38,0.610446531,0.000192563,72.436155000,4.180653000,68.255502000,118.660933146,111.812416875
avx2_mul,2300,0x00,39,0.610431481,0.000159131,72.406797000,4.187123000,68.219674000,118.615764880,111.756480698
avx2_mul,2300,0x00,40,0.610453084,0.000254270,72.354185000,4.180531000,68.173654000,118.525382049,111.677139146
avx2_mul,2300,0x00,41,0.610615046,0.000628067,72.570920000,4.208302000,68.362618000,118.848889282,111.956982462
avx2_mul,2300,0x00,42,0.610390259,0.000082238,72.354551000,4.186390000,68.168161000,118.538181025,111.679634481
avx2_mul,2300,0x00,43,0.610468399,0.000244454,72.292967000,4.167165000,68.125802000,118.422128179,111.595951744
avx2_mul,2300,0x00,44,0.610481227,0.000263850,72.389036000,4.202137000,68.186899000,118.577005878,111.693686921
avx2_mul,2300,0x00,45,0.610412395,0.000088160,72.557798000,4.199940000,68.357858000,118.866849054,111.986353121
avx2_mul,2300,0x00,46,0.610429237,0.000160272,72.313108000,4.207021000,68.106087000,118.462720412,111.570814279
avx2_mul,2300,0x00,47,0.610437607,0.000184686,72.296567000,4.197194000,68.099373000,118.433999159,111.558285812
avx2_mul,2300,0x00,48,0.615784902,0.027927818,85.281826000,5.211901000,80.069925000,138.492882373,130.029048682
avx2_mul,2300,0x00,49,0.615431753,0.026153816,84.366849000,5.153673000,79.213176000,137.085629150,128.711551962
avx2_mul,2300,0x00,50,0.610430284,0.000192716,72.259398000,4.153432000,68.105966000,118.374530118,111.570424700
avx2_mul,2300,0x00,51,0.615297422,0.024465375,84.194548000,5.066332000,79.128216000,136.835528711,128.601572542
avx2_mul,2300,0x00,52,0.610426434,0.000189428,72.041380000,4.181325000,67.860055000,118.018119814,111.168277198
avx2_mul,2300,0x00,53,0.610487072,0.000221747,72.321836000,4.189991000,68.131845000,118.465794425,111.602436967
avx2_mul,2300,0x00,54,0.610416729,0.000081851,72.017516000,4.177541000,67.839975000,117.980901453,111.137148983
avx2_mul,2300,0x00,55,0.611801927,0.007142779,75.236135000,4.437061000,70.799074000,122.974661779,115.722214856
avx2_mul,2300,0x00,56,0.610463080,0.000264296,72.295103000,4.154713000,68.140390000,118.426658947,111.620820666
avx2_mul,2300,0x00,57,0.610433189,0.000185512,72.603208000,4.200795000,68.402413000,118.937189750,112.055527551
avx2_mul,2300,0x00,58,0.610439160,0.000169629,72.432370000,4.190907000,68.241463000,118.656165429,111.790768725
avx2_mul,2300,0x00,59,0.610448008,0.000207202,72.497068000,4.204823000,68.292245000,118.760430092,111.872336522
avx2_mul,2300,0x00,60,0.612539758,0.011063652,77.334213000,4.572254000,72.761959000,126.251744477,118.787324509
avx2_mul,2300,0x00,61,0.610610172,0.000663272,72.537107000,4.201161000,68.335946000,118.794462289,111.914195311
avx2_mul,2300,0x00,62,0.610387288,0.000089145,72.412351000,4.192250000,68.220101000,118.633452030,111.765271638
avx2_mul,2300,0x00,63,0.610464906,0.000217856,72.390806000,4.151906000,68.238900000,118.583075423,111.781855634
avx2_mul,2300,0x00,64,0.611239512,0.004141375,74.245598000,4.345081000,69.900517000,121.467275236,114.358636287
avx2_mul,2300,0x00,65,0.610448994,0.000172484,72.522031000,4.186512000,68.335519000,118.801131211,111.943044716
avx2_mul,2300,0x00,66,0.610445005,0.000196112,72.493100000,4.192189000,68.300911000,118.754514134,111.887083057
avx2_mul,2300,0x00,67,0.610426291,0.000110588,72.436888000,4.186696000,68.250192000,118.666068336,111.807425352
avx2_mul,2300,0x00,68,0.610443239,0.000182580,72.186522000,4.188404000,67.998118000,118.252635750,111.391385216
avx2_mul,2300,0x00,69,0.610456988,0.000205034,72.483396000,4.149770000,68.333626000,118.736286831,111.938477841
avx2_mul,2300,0x00,70,0.610484859,0.000415201,72.847897000,4.187977000,68.659920000,119.327933984,112.467850666
avx2_mul,2300,0x00,71,0.610594594,0.000617773,72.829464000,4.174733000,68.654731000,119.276299962,112.439139859
avx2_mul,2300,0x00,72,0.610445497,0.000258939,72.640500000,4.185109000,68.455391000,118.995881469,112.140054010
avx2_mul,2300,0x00,73,0.610481155,0.000210960,72.285582000,4.193532000,68.092050000,118.407556651,111.538332331
avx2_mul,2300,0x00,74,0.610437409,0.000169063,72.571408000,4.202382000,68.369026000,118.884273693,112.000059295
avx2_mul,2300,0x00,75,0.610445216,0.000193038,72.323546000,4.183217000,68.140329000,118.476718481,111.623987244
avx2_mul,2300,0x00,76,0.610425002,0.000187591,72.604489000,4.172658000,68.431831000,118.940883400,112.105223023
avx2_mul,2300,0x00,77,0.610399574,0.000103145,72.388487000,4.189198000,68.199289000,118.591968373,111.728926233
avx2_mul,2300,0x00,78,0.610403499,0.000163703,72.289671000,4.201344000,68.088327000,118.429319558,111.546423229
avx2_mul,2300,0x00,79,0.610452996,0.000204372,72.285154000,4.187978000,68.097176000,118.412317510,111.551874484
avx2_mul,2300,0x00,80,0.610416454,0.000098854,72.351072000,4.189443000,68.161629000,118.527394658,111.664140941
avx2_mul,2300,0x00,81,0.610647720,0.000609674,72.625730000,4.191945000,68.433785000,118.932287262,112.067535515
avx2_mul,2300,0x00,82,0.610446586,0.000190064,72.305418000,4.175405000,68.130013000,118.446756297,111.606837628
avx2_mul,2300,0x00,83,0.610490632,0.000275892,72.507688000,4.151235000,68.356453000,118.769534220,111.969700148
avx2_mul,2300,0x00,84,0.610462811,0.000200882,71.936339000,4.152456000,67.783883000,117.839019360,111.036875273
avx2_mul,2300,0x00,85,0.610424848,0.000118943,71.999328000,4.153310000,67.846018000,117.949536770,111.145570620
avx2_mul,2300,0x00,86,0.610453505,0.000209860,71.912292000,4.192800000,67.719492000,117.801423652,110.933087303
avx2_mul,2300,0x00,87,0.610441258,0.000168319,72.108580000,4.176808000,67.931772000,118.125338176,111.283061467
avx2_mul,2300,0x00,88,0.610413442,0.000110670,71.909789000,4.166676000,67.743113000,117.805054831,110.979064914
avx2_mul,2300,0x00,89,0.610501523,0.000308325,72.430967000,4.189137000,68.241830000,118.641746643,111.779950492
avx2_mul,2300,0x00,90,0.610406430,0.000095374,72.146544000,4.181874000,67.964670000,118.194272681,111.343306183
avx2_mul,2300,0x00,91,0.610618185,0.000659165,72.439145000,4.180836000,68.258309000,118.632472532,111.785581780
avx2_mul,2300,0x00,92,0.610461301,0.000254039,72.171995000,4.176015000,67.995980000,118.225340182,111.384587145
avx2_mul,2300,0x00,93,0.610456702,0.000155575,72.244200000,4.177907000,68.066293000,118.344511099,111.500607210
avx2_mul,2300,0x00,94,0.610437743,0.000177989,72.086546000,4.186574000,67.899972000,118.089922918,111.231608456
avx2_mul,2300,0x00,95,0.610417560,0.000098951,72.147764000,4.184682000,67.963082000,118.194116227,111.338674516
avx2_mul,2300,0x00,96,0.610438852,0.000195266,72.511839000,4.141347000,68.370492000,118.786408696,112.002196020
avx2_mul,2300,0x00,97,0.610439408,0.000162183,72.390928000,4.149220000,68.241708000,118.588228498,111.791124730
avx2_mul,2300,0x00,98,0.610421708,0.000101544,71.777953000,4.167592000,67.610361000,117.587484332,110.760086245
avx2_mul,2300,0x00,99,0.610457511,0.000199410,71.992553000,4.196095000,67.796458000,117.932127494,111.058438621
avx2_mul,2300,0xAA,0,0.610558941,0.000407503,72.113097000,4.191700000,67.921397000,118.109968075,111.244619425
avx2_mul,2300,0xAA,1,0.610648658,0.000680088,72.429807000,4.184987000,68.244820000,118.611260505,111.757913743
avx2_mul,2300,0xAA,2,0.610508846,0.000341218,72.080321000,4.191334000,67.888987000,118.065973056,111.200660579
avx2_mul,2300,0xAA,3,0.613110033,0.013305915,78.015548000,4.666492000,73.349056000,127.245590122,119.634408203
avx2_mul,2300,0xAA,4,0.610541481,0.000457883,71.808227000,4.176870000,67.631357000,117.614002026,110.772746961
avx2_mul,2300,0xAA,5,0.610507757,0.000430131,72.077086000,4.174306000,67.902780000,118.060884879,111.223451688
avx2_mul,2300,0xAA,6,0.612694115,0.011512346,77.384323000,4.594044000,72.790279000,126.301724088,118.803620399
avx2_mul,2300,0xAA,7,0.610575488,0.000538971,72.432065000,4.160023000,68.272042000,118.629172659,111.815890631
avx2_mul,2300,0xAA,8,0.610526527,0.000404196,71.445862000,4.125600000,67.320262000,117.023354253,110.265908310
avx2_mul,2300,0xAA,9,0.610662484,0.000693887,72.484861000,4.125600000,68.359261000,118.698729535,111.942788062
avx2_mul,2300,0xAA,10,0.610476657,0.000343555,71.529968000,4.129567000,67.400401000,117.170684928,110.406188769
avx2_mul,2300,0xAA,11,0.613144888,0.013813063,78.107832000,4.626209000,73.481623000,127.388865950,119.843815690
avx2_mul,2300,0xAA,12,0.610517290,0.000460249,71.760010000,4.100881000,67.659129000,117.539685138,110.822625573
avx2_mul,2300,0xAA,13,0.612186263,0.008499601,76.052662000,4.440296000,71.612366000,124.231245592,116.978067486
avx2_mul,2300,0xAA,14,0.610486243,0.000422083,72.248534000,4.122914000,68.125620000,118.345883937,111.592391863
avx2_mul,2300,0xAA,15,0.610469132,0.000400392,72.134276000,4.166676000,67.967600000,118.162036830,111.336669608
avx2_mul,2300,0xAA,16,0.610529053,0.000464261,72.151427000,4.180531000,67.970896000,118.178531704,111.331140934
avx2_mul,2300,0xAA,17,0.610670089,0.000735776,72.151915000,4.185719000,67.966196000,118.152037074,111.297732148
avx2_mul,2300,0xAA,18,0.610483427,0.000405687,72.254453000,4.193532000,68.060921000,118.356125306,111.486926547
avx2_mul,2300,0xAA,19,0.610528926,0.000403612,72.082152000,4.199758000,67.882394000,118.065089100,111.186204540
avx2_mul,2300,0xAA,20,0.610500332,0.000248976,72.346983000,4.201223000,68.145760000,118.504412269,111.622805853
avx2_mul,2300,0xAA,21,0.613200696,0.014148282,78.696027000,4.662708000,74.033319000,128.336493203,120.732607513
avx2_mul,2300,0xAA,22,0.610466243,0.000230057,72.116454000,4.193532000,67.922922000,118.133401794,111.264009676
avx2_mul,2300,0xAA,23,0.610460572,0.000256642,71.620055000,4.202321000,67.417734000,117.321344479,110.437491212
avx2_mul,2300,0xAA,24,0.610466751,0.000287318,72.126891000,4.200734000,67.926157000,118.150400216,111.269216286
avx2_mul,2300,0xAA,25,0.610628071,0.000611635,72.287779000,4.209340000,68.078439000,118.382665999,111.489206300
avx2_mul,2300,0xAA,26,0.610455279,0.000223488,71.996520000,4.199941000,67.796579000,117.939057178,111.059042953
avx2_mul,2300,0xAA,27,0.610488346,0.000236442,72.087462000,4.195851000,67.891611000,118.081634969,111.208692956
avx2_mul,2300,0xAA,28,0.610443076,0.000205413,72.062987000,4.159536000,67.903451000,118.050297869,111.236335747
avx2_mul,2300,0xAA,29,0.610512601,0.000348268,71.847472000,4.189809000,67.657663000,117.683847739,110.821075387
avx2_mul,2300,0xAA,30,0.610439682,0.000245761,72.106322000,4.197987000,67.908335000,118.121944062,111.244955029
avx2_mul,2300,0xAA,31,0.610425481,0.000220341,71.795715000,4.199879000,67.595836000,117.615855289,110.735606785
avx2_mul,2300,0xAA,32,0.610478242,0.000293721,72.034728000,4.195546000,67.839182000,117.997207752,111.124651601
avx2_mul,2300,0xAA,33,0.611637086,0.005338376,74.719169000,4.396595000,70.322574000,122.162587454,114.974346092
avx2_mul,2300,0xAA,34,0.610455506,0.000208171,72.197630000,4.159779000,68.037851000,118.268455669,111.454234229
avx2_mul,2300,0xAA,35,0.610472304,0.000260169,72.475705000,4.200734000,68.274971000,118.720709477,111.839588130
avx2_mul,2300,0xAA,36,0.610457404,0.000283795,72.097960000,4.203663000,67.894297000,118.104816927,111.218729594
avx2_mul,2300,0xAA,37,0.610440165,0.000241328,72.097167000,4.197621000,67.899546000,118.106853225,111.230469201
avx2_mul,2300,0xAA,38,0.610428374,0.000155231,71.720031000,4.187062000,67.532969000,117.491312776,110.632093612
avx2_mul,2300,0xAA,39,0.610496510,0.000349340,72.308164000,4.178090000,68.130074000,118.441568221,111.597810831
avx2_mul,2300,0xAA,40,0.610448806,0.000209957,71.916442000,4.187916000,67.728526000,117.809128808,110.948740255
avx2_mul,2300,0xAA,41,0.610677952,0.000689093,72.196348000,4.180165000,68.016183000,118.223275967,111.378154101
avx2_mul,2300,0xAA,42,0.610473060,0.000314748,72.585995000,4.172535000,68.413460000,118.901225509,112.066304737
avx2_mul,2300,0xAA,43,0.610486768,0.000227043,71.928099000,4.184071000,67.744028000,117.820897587,110.967233891
avx2_mul,2300,0xAA,44,0.610467623,0.000302552,71.988402000,4.175465000,67.812937000,117.923374361,111.083593109
avx2_mul,2300,0xAA,45,0.610521841,0.000370508,71.889281000,4.178212000,67.711069000,117.750547368,110.906874109
avx2_mul,2300,0xAA,46,0.610426505,0.000166274,72.403440000,4.193776000,68.209664000,118.611232391,111.740993357
avx2_mul,2300,0xAA,47,0.610463031,0.000309262,72.103026000,4.196339000,67.906687000,118.112027062,111.238000644
avx2_mul,2300,0xAA,48,0.610465017,0.000291340,71.789428000,4.161366000,67.628062000,117.597939346,110.781224405
avx2_mul,2300,0xAA,49,0.610420957,0.000206840,71.891235000,4.206960000,67.684275000,117.773209108,110.881309424
avx2_mul,2300,0xAA,50,0.610473623,0.000232371,72.012450000,4.186573000,67.825877000,117.961607724,111.103697988
avx2_mul,2300,0xAA,51,0.610612555,0.000638310,72.238889000,4.154225000,68.084664000,118.305607071,111.502234021
avx2_mul,2300,0xAA,52,0.610455329,0.000228984,72.276305000,4.176076000,68.100229000,118.397369343,111.556449451
avx2_mul,2300,0xAA,53,0.610458389,0.000178957,72.270689000,4.170155000,68.100534000,118.387576168,111.556389839
avx2_mul,2300,0xAA,54,0.610418260,0.000208327,71.850647000,4.126088000,67.724559000,117.707237336,110.947793410
avx2_mul,2300,0xAA,55,0.610433690,0.000188646,72.051268000,4.149831000,67.901437000,118.032915254,111.234746890
avx2_mul,2300,0xAA,56,0.610398305,0.000085478,72.090391000,4.154714000,67.935677000,118.103851947,111.297289791
avx2_mul,2300,0xAA,57,0.615137495,0.024424725,83.359101000,5.063830000,78.295271000,135.512957109,127.280927620
avx2_mul,2300,0xAA,58,0.610474029,0.000281720,72.247923000,4.159535000,68.088388000,118.347250745,111.533635748
avx2_mul,2300,0xAA,59,0.615862939,0.028288300,85.810205000,5.193651000,80.616554000,139.333282702,130.900154695
avx2_mul,2300,0xAA,60,0.610457874,0.000353828,71.831847000,4.161000000,67.670847000,117.668802435,110.852607288
avx2_mul,2300,0xAA,61,0.610637929,0.000705314,72.569943000,4.137745000,68.432198000,118.842835498,112.066733326
avx2_mul,2300,0xAA,62,0.610399737,0.000183432,72.049742000,4.162160000,67.887582000,118.036980761,111.218236013
avx2_mul,2300,0xAA,63,0.610607704,0.000897657,72.381284000,4.201100000,68.180184000,118.539749015,111.659554135
avx2_mul,2300,0xAA,64,0.610456667,0.000198601,71.866394000,4.191639000,67.674755000,117.725627247,110.859228322
avx2_mul,2300,0xAA,65,0.610398103,0.000165581,72.665890000,4.190603000,68.475287000,119.046716631,112.181356173
avx2_mul,2300,0xAA,66,0.610439520,0.000190664,71.953246000,4.184132000,67.769114000,117.871211822,111.016917726
avx2_mul,2300,0xAA,67,0.610454312,0.000270737,71.970580000,4.137318000,67.833262000,117.896751024,111.119310157
avx2_mul,2300,0xAA,68,0.610473176,0.000377928,71.717162000,4.179494000,67.537668000,117.477990582,110.631671751
avx2_mul,2300,0xAA,69,0.610458177,0.000384879,72.195433000,4.194325000,68.001108000,118.264339399,111.393557485
avx2_mul,2300,0xAA,70,0.610418740,0.000244248,72.154357000,4.164113000,67.990244000,118.204688487,111.382956572
avx2_mul,2300,0xAA,71,0.610599241,0.000674323,72.448362000,4.196706000,68.251656000,118.651248114,111.778154077
avx2_mul,2300,0xAA,72,0.610391159,0.000118750,72.269286000,4.182179000,68.087107000,118.398317075,111.546679502
avx2_mul,2300,0xAA,73,0.610459678,0.000193454,72.066710000,4.185536000,67.881174000,118.053186116,111.196818448
avx2_mul,2300,0xAA,74,0.610459014,0.000226710,72.205687000,4.148305000,68.057382000,118.280974340,111.485587748
avx2_mul,2300,0xAA,75,0.610422351,0.000116528,72.065978000,4.160451000,67.905527000,118.059205835,111.243513402
avx2_mul,2300,0xAA,76,0.610397477,0.000152021,71.747924000,4.140187000,67.607737000,117.542956399,110.760184259
avx2_mul,2300,0xAA,77,0.610539522,0.000254746,72.362607000,4.189626000,68.172981000,118.522395917,111.660225908
avx2_mul,2300,0xAA,78,0.610450830,0.000254703,72.294065000,4.178029000,68.116036000,118.427334992,111.583165419
avx2_mul,2300,0xAA,79,0.610428247,0.000178815,71.896910000,4.125783000,67.771127000,117.781099278,111.022265594
avx2_mul,2300,0xAA,80,0.610450566,0.000196290,71.907226000,4.110585000,67.796641000,117.793692098,111.060001887
avx2_mul,2300,0xAA,81,0.610600352,0.000633189,72.015136000,4.156057000,67.859079000,117.941523824,111.135014485
avx2_mul,2300,0xAA,82,0.610403417,0.000124755,72.110350000,4.176869000,67.933481000,118.135560803,111.292759988
avx2_mul,2300,0xAA,83,0.610444058,0.000213290,71.909362000,4.179982000,67.729380000,117.798446889,110.951002079
avx2_mul,2300,0xAA,84,0.610414636,0.000175567,71.951659000,4.193776000,67.757883000,117.873417049,111.003044436
avx2_mul,2300,0xAA,85,0.610404138,0.000082526,72.022887000,4.183950000,67.838937000,117.992134337,111.137741087
avx2_mul,2300,0xAA,86,0.610418816,0.000160382,71.899291000,4.202504000,67.696787000,117.786819685,110.902195734
avx2_mul,2300,0xAA,87,0.610436878,0.000191722,72.116515000,4.175282000,67.941233000,118.139184656,111.299358699
avx2_mul,2300,0xAA,88,0.610401705,0.000080973,71.992064000,4.185536000,67.806528000,117.942108373,111.085089514
avx2_mul,2300,0xAA,89,0.611745082,0.006803948,75.442556000,4.439808000,71.002748000,123.323518624,116.065907355
avx2_mul,2300,0xAA,90,0.610424970,0.000145799,71.767577000,4.194081000,67.573496000,117.569857868,110.699101913
avx2_mul,2300,0xAA,91,0.612379728,0.009220986,76.532092000,4.520435000,72.011657000,124.974894560,117.593143026
avx2_mul,2300,0xAA,92,0.610466394,0.000258937,72.042662000,4.170094000,67.872568000,118.012494579,111.181497752
avx2_mul,2300,0xAA,93,0.610512087,0.000371790,72.051207000,4.183644000,67.867563000,118.017658538,111.164978484
avx2_mul,2300,0xAA,94,0.610424412,0.000194430,71.669616000,4.146474000,67.523142000,117.409485331,110.616713087
avx2_mul,2300,0xAA,95,0.610475403,0.000268621,72.057311000,4.178334000,67.878977000,118.034749066,111.190355370
avx2_mul,2300,0xAA,96,0.610392358,0.000108186,71.441406000,4.181447000,67.259959000,117.041776567,110.191351682
avx2_mul,2300,0xAA,97,0.615291241,0.025221594,84.348356000,5.096301000,79.252055000,137.086879155,128.804133261
avx2_mul,2300,0xAA,98,0.610462118,0.000281603,71.700866000,4.176075000,67.524791000,117.453424030,110.612581860
avx2_mul,2300,0xAA,99,0.610447576,0.000216312,71.733703000,4.174672000,67.559031000,117.510013724,110.671306903
avx2_mul,2500,0x00,0,0.561857587,0.000775425,71.356629000,3.866445000,67.490184000,127.001273351,120.119734169
avx2_mul,2500,0x00,1,0.561837172,0.000769416,71.221620000,3.862234000,67.359386000,126.765588913,119.891294738
avx2_mul,2500,0x00,2,0.561829317,0.000734275,71.367920000,3.868032000,67.499888000,127.027760526,120.143050385
avx2_mul,2500,0x00,3,0.561777367,0.000700429,71.340455000,3.883901000,67.456554000,126.990617903,120.077023255
avx2_mul,2500,0x00,4,0.561953955,0.000922526,71.523742000,3.886465000,67.637277000,127.276872671,120.360887893
avx2_mul,2500,0x00,5,0.561730680,0.000587516,71.158448000,3.867849000,67.290599000,126.677161295,119.791568011
avx2_mul,2500,0x00,6,0.561750467,0.000522086,71.362732000,3.860098000,67.502634000,127.036355498,120.164802686
avx2_mul,2500,0x00,7,0.561754633,0.000584664,71.230225000,3.884877000,67.345348000,126.799532818,119.883920960
avx2_mul,2500,0x00,8,0.561749239,0.000614493,71.288636000,3.872488000,67.416148000,126.904730941,120.011107002
avx2_mul,2500,0x00,9,0.561742265,0.000551456,71.222474000,3.878103000,67.344371000,126.788526383,119.884821177
avx2_mul,2500,0x00,10,0.561756898,0.000627104,71.400391000,3.874929000,67.525462000,127.101939144,120.204063894
avx2_mul,2500,0x00,11,0.561734085,0.000598260,71.227357000,3.867178000,67.360179000,126.799065457,119.914708421
avx2_mul,2500,0x00,12,0.561777499,0.000650241,71.374757000,3.877614000,67.497143000,127.051647914,120.149246149
avx2_mul,2500,0x00,13,0.561894787,0.000802899,71.285523000,3.854727000,67.430796000,126.866318505,120.006089348
avx2_mul,2500,0x00,14,0.561779068,0.000684342,71.425415000,3.873770000,67.551645000,127.141467212,120.245927278
avx2_mul,2500,0x00,15,0.561783030,0.000648229,71.225404000,3.878835000,67.346569000,126.784541736,119.880034491
avx2_mul,2500,0x00,16,0.561843511,0.000722767,71.392029000,3.882070000,67.509959000,127.067462142,120.157940313
avx2_mul,2500,0x00,17,0.561775448,0.000701189,71.174500000,3.874746000,67.299754000,126.695640077,119.798318359
avx2_mul,2500,0x00,18,0.561796723,0.000707189,71.493347000,3.879079000,67.614268000,127.258390916,120.353617640
avx2_mul,2500,0x00,19,0.561769053,0.000664397,71.096192000,3.866385000,67.229807000,126.557687140,119.675170236
avx2_mul,2500,0x00,20,0.561775982,0.000671523,71.273804000,3.851675000,67.422129000,126.872287736,120.016040540
avx2_mul,2500,0x00,21,0.561778738,0.000661409,71.275696000,3.887259000,67.388437000,126.875033203,119.955477977
avx2_mul,2500,0x00,22,0.561953236,0.000913130,71.605957000,3.894826000,67.711131000,127.423337848,120.492465752
avx2_mul,2500,0x00,23,0.564119972,0.012129017,76.939561000,4.316029000,72.623532000,136.388649274,128.737743058
avx2_mul,2500,0x00,24,0.561809863,0.000590995,71.380616000,3.878713000,67.501903000,127.054757726,120.150797406
avx2_mul,2500,0x00,25,0.566062810,0.022149077,81.834752000,4.692371000,77.142381000,144.568324512,136.278836283
avx2_mul,2500,0x00,26,0.561862986,0.000761154,71.460998000,3.871267000,67.589731000,127.185808201,120.295752983
avx2_mul,2500,0x00,27,0.561765943,0.000670508,71.185303000,3.857778000,67.327525000,126.717014202,119.849780531
avx2_mul,2500,0x00,28,0.561777962,0.000746851,71.461060000,3.873220000,67.587840000,127.205167889,120.310593412
avx2_mul,2500,0x00,29,0.561806206,0.000706141,71.316346000,3.882620000,67.433726000,126.941185869,120.030226254
avx2_mul,2500,0x00,30,0.561827918,0.000720074,71.444763000,3.884878000,67.559885000,127.164850065,120.250138508
avx2_mul,2500,0x00,31,0.561963170,0.000961504,71.274903000,3.885122000,67.389781000,126.831982569,119.918501034
avx2_mul,2500,0x00,32,0.561823472,0.000818814,71.539185000,3.877798000,67.661387000,127.333919941,120.431755483
avx2_mul,2500,0x00,33,0.561874427,0.000781205,71.384827000,3.882253000,67.502574000,127.047652645,120.138185307
avx2_mul,2500,0x00,34,0.561821096,0.000812472,71.514893000,3.865042000,67.649851000,127.291220534,120.411731620
avx2_mul,2500,0x00,35,0.561801072,0.000731363,71.419739000,3.879384000,67.540355000,127.126384337,120.221121614
avx2_mul,2500,0x00,36,0.561742536,0.000659823,71.403992000,3.885915000,67.518077000,127.111598960,120.193990361
avx2_mul,2500,0x00,37,0.561797889,0.000744424,71.281190000,3.879750000,67.401440000,126.880487337,119.974534017
avx2_mul,2500,0x00,38,0.561726923,0.000660714,71.403748000,3.881948000,67.521800000,127.114697752,120.203959023
avx2_mul,2500,0x00,39,0.561766682,0.000699643,71.430603000,3.890860000,67.539743000,127.153505762,120.227391902
avx2_mul,2500,0x00,40,0.561789237,0.000783898,71.425415000,3.889089000,67.536326000,127.139165821,120.216482469
avx2_mul,2500,0x00,41,0.561937346,0.000883915,71.427613000,3.874441000,67.553172000,127.109567430,120.214775642
avx2_mul,2500,0x00,42,0.564280448,0.012986447,77.539597000,4.330799000,73.208798000,137.413226560,129.738321257
avx2_mul,2500,0x00,43,0.561827981,0.000678935,71.261414000,3.885976000,67.375438000,126.838492153,119.921827036
avx2_mul,2500,0x00,44,0.562242469,0.002358511,72.367795000,3.956960000,68.410835000,128.712786708,121.674969009
avx2_mul,2500,0x00,45,0.563945069,0.011091698,76.508655000,4.275441000,72.233214000,135.666857029,128.085549491
avx2_mul,2500,0x00,46,0.561857100,0.000771194,71.421326000,3.878591000,67.542735000,127.116531984,120.213369238
avx2_mul,2500,0x00,47,0.561862032,0.000718923,71.329530000,3.874197000,67.455333000,126.952037853,120.056756135
avx2_mul,2500,0x00,48,0.561787219,0.000747428,71.502442000,3.853017000,67.649425000,127.276733246,120.418234387
avx2_mul,2500,0x00,49,0.561818752,0.000759204,71.266602000,3.881582000,67.385020000,126.849810081,119.940852368
avx2_mul,2500,0x00,50,0.561842699,0.000750864,71.368653000,3.885915000,67.482738000,127.026039705,120.109664345
avx2_mul,2500,0x00,51,0.561988313,0.000988949,71.437989000,3.880849000,67.557140000,127.116502769,120.210933903
avx2_mul,2500,0x00,52,0.561791621,0.000736655,71.335510000,3.881521000,67.453989000,126.978593683,120.069410894
avx2_mul,2500,0x00,53,0.561845247,0.000767716,71.341614000,3.885428000,67.456186000,126.977338283,120.061861076
avx2_mul,2500,0x00,54,0.561819485,0.000775475,71.261170000,3.872549000,67.388621000,126.839976068,119.947105484
avx2_mul,2500,0x00,55,0.561844236,0.000786985,71.281495000,3.873831000,67.407664000,126.870563900,119.975715196
avx2_mul,2500,0x00,56,0.561828936,0.000765181,71.248413000,3.856619000,67.391794000,126.815136226,119.950735416
avx2_mul,2500,0x00,57,0.561795969,0.000743885,71.337159000,3.888967000,67.448192000,126.980546174,120.058162936
avx2_mul,2500,0x00,58,0.561819323,0.000720649,71.191529000,3.878286000,67.313243000,126.716056340,119.812972305
avx2_mul,2500,0x00,59,0.561777275,0.000653307,71.244507000,3.876760000,67.367747000,126.819845220,119.918960873
avx2_mul,2500,0x00,60,0.561824665,0.000733590,71.308045000,3.873892000,67.434153000,126.922240168,120.027042707
avx2_mul,2500,0x00,61,0.562003187,0.001045658,71.552856000,3.892141000,67.660715000,127.317527140,120.392048618
avx2_mul,2500,0x00,62,0.561836197,0.000754542,71.349122000,3.883596000,67.465526000,126.992746858,120.080418998
avx2_mul,2500,0x00,63,0.562113766,0.001706355,72.035460000,3.906545000,68.128915000,128.151033357,121.201292513
avx2_mul,2500,0x00,64,0.561746233,0.000632383,71.213624000,3.873464000,67.340160000,126.771876344,119.876478081
avx2_mul,2500,0x00,65,0.561843971,0.000681932,71.408081000,3.873037000,67.535044000,127.095928131,120.202489387
avx2_mul,2500,0x00,66,0.561777773,0.000693100,71.300721000,3.878042000,67.422679000,126.919797147,120.016636884
avx2_mul,2500,0x00,67,0.564234211,0.012603403,77.334702000,4.339893000,72.994809000,137.061348759,129.369697111
avx2_mul,2500,0x00,68,0.561793530,0.000638606,71.467712000,3.900808000,67.566904000,127.213483468,120.269993042
avx2_mul,2500,0x00,69,0.564321692,0.012948254,77.470566000,4.345509000,73.125057000,137.280857970,129.580446903
avx2_mul,2500,0x00,70,0.561808588,0.000658618,71.342835000,3.845327000,67.497508000,126.987797205,120.143247149
avx2_mul,2500,0x00,71,0.561935027,0.000937279,71.465516000,3.888357000,67.577159000,127.177542821,120.257958152
avx2_mul,2500,0x00,72,0.565553032,0.019618017,80.627967000,4.583668000,76.044299000,142.564821500,134.460067845
avx2_mul,2500,0x00,73,0.561806780,0.000678628,71.319337000,3.879507000,67.439830000,126.946380059,120.040968557
avx2_mul,2500,0x00,74,0.561729677,0.000639803,71.316834000,3.876210000,67.440624000,126.959348787,120.058858822
avx2_mul,2500,0x00,75,0.561809897,0.000824752,71.505433000,3.896231000,67.609202000,127.276919373,120.341778111
avx2_mul,2500,0x00,76,0.561747748,0.000713154,71.507202000,3.885732000,67.621470000,127.294149918,120.376931261
avx2_mul,2500,0x00,77,0.561767548,0.000736507,71.532104000,3.871755000,67.660349000,127.333991127,120.441896680
avx2_mul,2500,0x00,78,0.561762062,0.000730192,71.354981000,3.885610000,67.469371000,127.019935614,120.103110396
avx2_mul,2500,0x00,79,0.563435921,0.008557892,75.305288000,4.181386000,71.123902000,133.653686609,126.232459377
avx2_mul,2500,0x00,80,0.561781709,0.000680641,71.341736000,3.883779000,67.457957000,126.991916656,120.078592609
avx2_mul,2500,0x00,81,0.561914805,0.000926580,71.565552000,3.880422000,67.685130000,127.360146672,120.454434339
avx2_mul,2500,0x00,82,0.561836352,0.000705558,71.311890000,3.863638000,67.448252000,126.926443626,120.049640461
avx2_mul,2500,0x00,83,0.561755548,0.000628115,71.367127000,3.880605000,67.486522000,127.043030079,120.135034221
avx2_mul,2500,0x00,84,0.561763597,0.000693423,71.276734000,3.843740000,67.432994000,126.880300602,120.038027404
avx2_mul,2500,0x00,85,0.561757463,0.000634893,71.379822000,3.868825000,67.510997000,127.065195831,120.178193419
avx2_mul,2500,0x00,86,0.561748875,0.000635620,71.226381000,3.879873000,67.346508000,126.793989518,119.887214674
avx2_mul,2500,0x00,87,0.563898498,0.011108375,76.494555000,4.276234000,72.218321000,135.653056726,128.069716796
avx2_mul,2500,0x00,88,0.561786206,0.000679493,71.202332000,3.877737000,67.324595000,126.742756041,119.840242306
avx2_mul,2500,0x00,89,0.563005253,0.006473003,74.301018000,4.099477000,70.201541000,131.972157646,124.690738906
avx2_mul,2500,0x00,90,0.566198126,0.022837179,82.162143000,4.697620000,77.464523000,145.112000871,136.815223150
avx2_mul,2500,0x00,91,0.561978910,0.000969366,71.448243000,3.852773000,67.595470000,127.136875903,120.281150665
avx2_mul,2500,0x00,92,0.561824617,0.000791887,71.351258000,3.886709000,67.464549000,126.999166361,120.081155148
avx2_mul,2500,0x00,93,0.561872885,0.000760671,71.361267000,3.880728000,67.480539000,127.006070009,120.099297851
avx2_mul,2500,0x00,94,0.561838518,0.000819922,71.264100000,3.875967000,67.388133000,126.840894150,119.942173476
avx2_mul,2500,0x00,95,0.561753743,0.000715640,71.414429000,3.876516000,67.537913000,127.127642517,120.226903448
avx2_mul,2500,0x00,96,0.561839003,0.000812555,71.338074000,3.887930000,67.450144000,126.972448676,120.052441383
avx2_mul,2500,0x00,97,0.561796968,0.000777587,71.358398000,3.879507000,67.478891000,127.018125952,120.112593841
avx2_mul,2500,0x00,98,0.561810852,0.000731366,71.304505000,3.870474000,67.434031000,126.919059552,120.029776468
avx2_mul,2500,0x00,99,0.561850228,0.000739933,71.427369000,3.858267000,67.569102000,127.128842252,120.261768416
avx2_mul,2500,0xAA,0,0.561841886,0.000664332,71.362366000,3.886892000,67.475474000,127.015033469,120.096909181
avx2_mul,2500,0xAA,1,0.561778245,0.000665492,71.333558000,3.882558000,67.451000000,126.978142344,120.066949124
avx2_mul,2500,0xAA,2,0.561963837,0.000884557,71.405884000,3.887075000,67.518809000,127.064909331,120.147960688
avx2_mul,2500,0xAA,3,0.561812787,0.000670927,71.211976000,3.872915000,67.339061000,126.753925147,119.860320931
avx2_mul,2500,0xAA,4,0.561775910,0.000621581,71.319520000,3.882558000,67.436962000,126.953681536,120.042459589
avx2_mul,2500,0xAA,5,0.561797085,0.000636770,71.411621000,3.848135000,67.563486000,127.112836503,120.263148060
avx2_mul,2500,0xAA,6,0.561866567,0.000838736,71.332032000,3.884023000,67.448009000,126.955466352,120.042752141
avx2_mul,2500,0xAA,7,0.561785087,0.000673674,71.392395000,3.885488000,67.506907000,127.081328150,120.165003582
avx2_mul,2500,0xAA,8,0.561831504,0.000695613,71.254884000,3.877432000,67.377452000,126.826074288,119.924659939
avx2_mul,2500,0xAA,9,0.561816917,0.000700543,71.350953000,3.880483000,67.470470000,127.000363990,120.093339868
avx2_mul,2500,0xAA,10,0.561795828,0.000684268,71.184205000,3.880300000,67.303905000,126.708319079,119.801361412
avx2_mul,2500,0xAA,11,0.561967248,0.001012461,71.651611000,3.885977000,67.765634000,127.501400183,120.586447377
avx2_mul,2500,0xAA,12,0.561910557,0.000774383,71.323486000,3.872244000,67.451242000,126.930318548,120.039107925
avx2_mul,2500,0xAA,13,0.561839641,0.000679187,71.442139000,3.878164000,67.563975000,127.157526446,120.254909191
avx2_mul,2500,0xAA,14,0.564027558,0.011141585,76.455676000,4.280812000,72.174864000,135.553085805,127.963364457
avx2_mul,2500,0xAA,15,0.561827413,0.000735113,71.329407000,3.872976000,67.456431000,126.959641576,120.066108242
avx2_mul,2500,0xAA,16,0.561830154,0.000722300,71.221742000,3.866629000,67.355113000,126.767389627,119.885186928
avx2_mul,2500,0xAA,17,0.561834543,0.000729137,71.437378000,3.868459000,67.568919000,127.150206108,120.264799995
avx2_mul,2500,0xAA,18,0.561922022,0.000857169,71.365296000,3.875967000,67.489329000,127.002134115,120.104438619
avx2_mul,2500,0xAA,19,0.561910990,0.000816115,71.370300000,3.839163000,67.531137000,127.013532937,120.181199934
avx2_mul,2500,0xAA,20,0.563994878,0.011201324,76.343616000,4.254689000,72.088927000,135.362250474,127.818407147
avx2_mul,2500,0xAA,21,0.562090254,0.001121970,71.611389000,3.887380000,67.724009000,127.401940378,120.486004772
avx2_mul,2500,0xAA,22,0.561828264,0.000778484,71.376770000,3.875844000,67.500926000,127.043750953,120.145123292
avx2_mul,2500,0xAA,23,0.563225041,0.006713091,74.511161000,4.097097000,70.414064000,132.293764516,125.019412882
avx2_mul,2500,0xAA,24,0.561910508,0.000806136,71.351624000,3.878164000,67.473460000,126.980405303,120.078658588
avx2_mul,2500,0xAA,25,0.561823251,0.000747914,71.530030000,3.855458000,67.674572000,127.317674764,120.455270991
avx2_mul,2500,0xAA,26,0.561936248,0.000822905,71.355286000,3.831594000,67.523692000,126.981105483,120.162549085
avx2_mul,2500,0xAA,27,0.564070300,0.011622335,76.869677000,4.274892000,72.594785000,136.276767310,128.698116207
avx2_mul,2500,0xAA,28,0.561843332,0.000745908,71.251526000,3.863881000,67.387645000,126.817427509,119.940277276
avx2_mul,2500,0xAA,29,0.561822872,0.000687025,71.399598000,3.858816000,67.540782000,127.085602168,120.217216789
avx2_mul,2500,0xAA,30,0.561848207,0.000785352,71.204530000,3.870290000,67.334240000,126.732681661,119.844184110
avx2_mul,2500,0xAA,31,0.561973091,0.000973737,71.603149000,3.894461000,67.708688000,127.413839100,120.483861381
avx2_mul,2500,0xAA,32,0.561796165,0.000745161,71.311524000,3.881704000,67.429820000,126.934871476,120.025418828
avx2_mul,2500,0xAA,33,0.561794413,0.000571822,71.429749000,3.862539000,67.567210000,127.145709132,120.270348836
avx2_mul,2500,0xAA,34,0.561809247,0.000697136,71.271852000,3.881154000,67.390698000,126.861301013,119.952988235
avx2_mul,2500,0xAA,35,0.561867670,0.000743026,71.449219000,3.898733000,67.550486000,127.163783997,120.224902816
avx2_mul,2500,0xAA,36,0.561780435,0.000631543,71.292115000,3.878774000,67.413341000,126.903876657,119.999446100
avx2_mul,2500,0xAA,37,0.561860122,0.000825589,71.427246000,3.883718000,67.543528000,127.126384581,120.214133924
avx2_mul,2500,0xAA,38,0.561848100,0.000800136,71.264405000,3.885061000,67.379344000,126.839273753,119.924484867
avx2_mul,2500,0xAA,39,0.561890285,0.000821027,71.540344000,3.887319000,67.653025000,127.320841672,120.402553343
avx2_mul,2500,0xAA,40,0.561846501,0.000683192,71.309754000,3.882193000,67.427561000,126.920349088,120.010645111
avx2_mul,2500,0xAA,41,0.561972905,0.000954436,71.647643000,3.875051000,67.772592000,127.493055891,120.597614910
avx2_mul,2500,0xAA,42,0.566096600,0.022165100,81.758091000,4.688037000,77.070054000,144.424274920,136.142937425
avx2_mul,2500,0xAA,43,0.561942004,0.000738860,71.566223000,3.877981000,67.688242000,127.355176399,120.454142173
avx2_mul,2500,0xAA,44,0.561843269,0.000717124,71.267030000,3.872304000,67.394726000,126.845036605,119.952893876
avx2_mul,2500,0xAA,45,0.561885163,0.000780556,71.514465000,3.878042000,67.636423000,127.275944745,120.374103847
avx2_mul,2500,0xAA,46,0.561815945,0.000730833,71.367188000,3.901174000,67.466014000,127.029481191,120.085616326
avx2_mul,2500,0xAA,47,0.561931252,0.000799339,71.540894000,3.893056000,67.647838000,127.312538120,120.384544734
avx2_mul,2500,0xAA,48,0.561823961,0.000708169,71.253846000,3.859182000,67.394664000,126.825929482,119.956905960
avx2_mul,2500,0xAA,49,0.561870060,0.000777705,71.380371000,3.866568000,67.513803000,127.040709272,120.159103947
avx2_mul,2500,0xAA,50,0.561849092,0.000777229,71.357117000,3.889150000,67.467967000,127.004062200,120.082007760
avx2_mul,2500,0xAA,51,0.562052269,0.001159859,71.657104000,3.892446000,67.764658000,127.491886403,120.566470002
avx2_mul,2500,0xAA,52,0.564000397,0.011048550,76.378528000,4.267262000,72.111266000,135.422826756,127.856764701
avx2_mul,2500,0xAA,53,0.561909459,0.000814238,71.409791000,3.886708000,67.523083000,127.084158864,120.167193977
avx2_mul,2500,0xAA,54,0.561890650,0.000818975,71.209657000,3.879446000,67.330211000,126.732233326,119.827961119
avx2_mul,2500,0xAA,55,0.561868549,0.000809639,71.426209000,3.861318000,67.564891000,127.122632282,120.250352273
avx2_mul,2500,0xAA,56,0.561941855,0.000886920,71.352845000,3.884023000,67.468822000,126.975494725,120.063706667
avx2_mul,2500,0xAA,57,0.561867790,0.000809655,71.308655000,3.876394000,67.432261000,126.913583953,120.014462726
avx2_mul,2500,0xAA,58,0.561868045,0.000764424,71.203065000,3.874624000,67.328441000,126.725599821,119.829631923
avx2_mul,2500,0xAA,59,0.561869160,0.000794455,71.272522000,3.880300000,67.392222000,126.848966056,119.942909848
avx2_mul,2500,0xAA,60,0.561868693,0.000822289,71.236817000,3.875295000,67.361522000,126.785524555,119.888370385
avx2_mul,2500,0xAA,61,0.562131844,0.001162579,71.552673000,3.892019000,67.660654000,127.288061948,120.364385517
avx2_mul,2500,0xAA,62,0.561894496,0.000851529,71.260621000,3.853201000,67.407420000,126.822066215,119.964549321
avx2_mul,2500,0xAA,63,0.564352254,0.012427032,77.205491000,4.311452000,72.894039000,136.803725763,129.164078772
avx2_mul,2500,0xAA,64,0.561868725,0.000738254,71.294373000,3.877065000,67.417308000,126.887954186,119.987650201
avx2_mul,2500,0xAA,65,0.561867015,0.000804468,71.375489000,3.881704000,67.493785000,127.032709009,120.124127623
avx2_mul,2500,0xAA,66,0.561847746,0.000760928,71.319214000,3.889822000,67.429392000,126.936905042,120.013637970
avx2_mul,2500,0xAA,67,0.561817172,0.000773609,71.252137000,3.879507000,67.372630000,126.824419995,119.919136225
avx2_mul,2500,0xAA,68,0.561859061,0.000842862,71.315613000,3.883230000,67.432383000,126.927939755,120.016544581
avx2_mul,2500,0xAA,69,0.561783177,0.000687965,71.259033000,3.859548000,67.399485000,126.844369806,119.974196115
avx2_mul,2500,0xAA,70,0.564198329,0.012142602,76.988206000,4.319752000,72.668454000,136.455926896,128.799484516
avx2_mul,2500,0xAA,71,0.562002028,0.000906148,71.435913000,3.891897000,67.544016000,127.109706905,120.184648259
avx2_mul,2500,0xAA,72,0.561861468,0.000808877,71.251405000,3.880788000,67.370617000,126.813118574,119.906099284
avx2_mul,2500,0xAA,73,0.561892927,0.000750021,71.266053000,3.890005000,67.376048000,126.832087692,119.909051625
avx2_mul,2500,0xAA,74,0.561906562,0.000830959,71.276307000,3.888906000,67.387401000,126.847258710,119.926346471
avx2_mul,2500,0xAA,75,0.561819036,0.000703131,71.272522000,3.883901000,67.388621000,126.860283094,119.947201214
avx2_mul,2500,0xAA,76,0.561818134,0.000687218,71.254029000,3.855031000,67.398998000,126.827570503,119.965864256
avx2_mul,2500,0xAA,77,0.564064734,0.011971900,76.972398000,4.308704000,72.663694000,136.460220513,128.821551156
avx2_mul,2500,0xAA,78,0.561842430,0.000667844,71.261537000,3.887136000,67.374401000,126.835449244,119.916897364
avx2_mul,2500,0xAA,79,0.561826824,0.000705162,71.231568000,3.869863000,67.361705000,126.785630227,119.897630522
avx2_mul,2500,0xAA,80,0.561861010,0.000753752,71.375488000,3.879140000,67.496348000,127.034064908,120.129973092
avx2_mul,2500,0xAA,81,0.561995511,0.000886569,71.414673000,3.884085000,67.530588000,127.073386955,120.162148474
avx2_mul,2500,0xAA,82,0.561917804,0.000776570,71.432008000,3.890798000,67.541210000,127.121809454,120.197668641
avx2_mul,2500,0xAA,83,0.561822022,0.000672757,71.152284000,3.866506000,67.285778000,126.645594561,119.763511180
avx2_mul,2500,0xAA,84,0.561834807,0.000729477,71.265076000,3.855214000,67.409862000,126.843469182,119.981640841
avx2_mul,2500,0xAA,85,0.561828022,0.000788161,71.314393000,3.871022000,67.443371000,126.932780508,120.042732578
avx2_mul,2500,0xAA,86,0.561854652,0.000805027,71.404480000,3.869619000,67.534861000,127.087102890,120.199878615
avx2_mul,2500,0xAA,87,0.561833649,0.000747225,71.384644000,3.870900000,67.513744000,127.056547949,120.166786176
avx2_mul,2500,0xAA,88,0.561846313,0.000795238,71.434815000,3.868154000,67.566661000,127.142980816,120.258261792
avx2_mul,2500,0xAA,89,0.561843595,0.000720092,71.233766000,3.880849000,67.352917000,126.785757820,119.878410236
avx2_mul,2500,0xAA,90,0.561821486,0.000727076,71.387451000,3.876882000,67.510569000,127.064294947,120.163736501
avx2_mul,2500,0xAA,91,0.564064398,0.010730114,76.376147000,4.255910000,72.120237000,135.403239820,127.858161612
avx2_mul,2500,0xAA,92,0.561841327,0.000730054,71.344544000,3.882253000,67.462291000,126.983439158,120.073564766
avx2_mul,2500,0xAA,93,0.561863959,0.000720350,71.212281000,3.874929000,67.337352000,126.742923872,119.846362993
avx2_mul,2500,0xAA,94,0.561830733,0.000735500,71.272889000,3.872732000,67.400157000,126.858295180,119.965236879
avx2_mul,2500,0xAA,95,0.561851130,0.000697801,71.275025000,3.891165000,67.383860000,126.857491624,119.931875935
avx2_mul,2500,0xAA,96,0.561846692,0.000683352,71.419372000,3.882986000,67.536386000,127.115408897,120.204295857
avx2_mul,2500,0xAA,97,0.561751692,0.000642673,71.292176000,3.885976000,67.406200000,126.910478382,119.992873944
avx2_mul,2500,0xAA,98,0.561774248,0.000663370,71.351563000,3.859671000,67.491892000,127.011096061,120.140594231
avx2_mul,2500,0xAA,99,0.561732686,0.000587276,71.198487000,3.883657000,67.314830000,126.747986570,119.834276377
avx2_mul,2700,0x00,0,0.520081286,0.000380943,68.291146000,3.575491000,64.715655000,131.308600837,124.433731282
avx2_mul,2700,0x00,1,0.520031672,0.000136259,68.100595000,3.570669000,64.529926000,130.954706534,124.088453589
avx2_mul,2700,0x00,2,0.520063687,0.000230655,67.989999000,3.547598000,64.442401000,130.733986486,123.912518096
avx2_mul,2700,0x00,3,0.520088337,0.000280432,68.208993000,3.574454000,64.634539000,131.148860895,124.276078440
avx2_mul,2700,0x00,4,0.520160272,0.000583165,68.359566000,3.588980000,64.770586000,131.420198155,124.520440150
avx2_mul,2700,0x00,5,0.520012795,0.000248976,68.180123000,3.567985000,64.612138000,131.112394996,124.251054212
avx2_mul,2700,0x00,6,0.520087331,0.000372656,68.225960000,3.583243000,64.642717000,131.181737979,124.292043142
avx2_mul,2700,0x00,7,0.520134138,0.000465946,68.323312000,3.581655000,64.741657000,131.357100050,124.471078275
avx2_mul,2700,0x00,8,0.520060142,0.000376679,68.205635000,3.572562000,64.633073000,131.149514170,124.279997148
avx2_mul,2700,0x00,9,0.520080326,0.000387501,68.166879000,3.551382000,64.615497000,131.069905044,124.241379103
avx2_mul,2700,0x00,10,0.520094088,0.000403061,68.169930000,3.585196000,64.584734000,131.072303129,124.178942715
avx2_mul,2700,0x00,11,0.520058127,0.000450160,68.026987000,3.569449000,64.457538000,130.806506835,123.942949067
avx2_mul,2700,0x00,12,0.522049683,0.010227568,73.008602000,3.937246000,69.071356000,139.849911431,132.308012404
avx2_mul,2700,0x00,13,0.520135680,0.000592265,68.306710000,3.598868000,64.707842000,131.324791915,124.405697272
avx2_mul,2700,0x00,14,0.520061978,0.000257758,68.155465000,3.577200000,64.578265000,131.052582075,124.174171128
avx2_mul,2700,0x00,15,0.520082109,0.000213601,67.796274000,3.577689000,64.218585000,130.356866454,123.477781518
avx2_mul,2700,0x00,16,0.520041925,0.000152801,68.078073000,3.573233000,64.504840000,130.908816541,124.037768600
avx2_mul,2700,0x00,17,0.520068235,0.000266046,68.038156000,3.575248000,64.462908000,130.825440690,123.950865853
avx2_mul,2700,0x00,18,0.519976002,0.000252489,68.098092000,3.584341000,64.513751000,130.963913143,124.070631561
avx2_mul,2700,0x00,19,0.520040623,0.000389496,68.129892000,3.580558000,64.549334000,131.008788591,124.123638002
avx2_mul,2700,0x00,20,0.520048142,0.000350226,68.051584000,3.569815000,64.481769000,130.856316009,123.991922673
avx2_mul,2700,0x00,21,0.520086680,0.000402287,68.202401000,3.587759000,64.614642000,131.136603962,124.238217334
avx2_mul,2700,0x00,22,0.520105278,0.000438420,68.154855000,3.585989000,64.568866000,131.040498608,124.145761813
avx2_mul,2700,0x00,23,0.520260361,0.000600081,68.197457000,3.585501000,64.611956000,131.083323151,124.191579574
avx2_mul,2700,0x00,24,0.520054797,0.000447289,68.074838000,3.581046000,64.493792000,130.899355869,124.013454580
avx2_mul,2700,0x00,25,0.520076222,0.000354388,68.133981000,3.570242000,64.563739000,131.007683403,124.142839654
avx2_mul,2700,0x00,26,0.520088604,0.000377778,68.118844000,3.588187000,64.530657000,130.975459595,124.076275554
avx2_mul,2700,0x00,27,0.520094104,0.000441916,68.192330000,3.582449000,64.609881000,131.115368433,124.227289956
avx2_mul,2700,0x00,28,0.520079813,0.000331792,68.145455000,3.582998000,64.562457000,131.028840706,124.139517358
avx2_mul,2700,0x00,29,0.520040467,0.000200767,68.083871000,3.568595000,64.515276000,130.920332702,124.058184034
avx2_mul,2700,0x00,30,0.520085824,0.000251737,68.062143000,3.573965000,64.488178000,130.867137538,123.995262093
avx2_mul,2700,0x00,31,0.520005401,0.000263660,68.038888000,3.577140000,64.461748000,130.842656463,123.963612524
avx2_mul,2700,0x00,32,0.520058334,0.000397723,68.092965000,3.583731000,64.509234000,130.933321397,124.042304053
avx2_mul,2700,0x00,33,0.521462966,0.006312439,71.395325000,3.794057000,67.601268000,136.913509924,129.637716156
avx2_mul,2700,0x00,34,0.520080502,0.000368284,68.045236000,3.578360000,64.466876000,130.835968061,123.955571692
avx2_mul,2700,0x00,35,0.520085015,0.000391343,68.037973000,3.576590000,64.461383000,130.820867833,123.943934452
avx2_mul,2700,0x00,36,0.520147252,0.000424118,68.459480000,3.568839000,64.890641000,131.615575552,124.754366570
avx2_mul,2700,0x00,37,0.520094756,0.000405630,68.049020000,3.584220000,64.464800000,130.839657968,123.948182986
avx2_mul,2700,0x00,38,0.520083682,0.000322211,68.308663000,3.597036000,64.711627000,131.341677059,124.425413148
avx2_mul,2700,0x00,39,0.520087705,0.000448525,68.173959000,3.567740000,64.606219000,131.081658657,124.221777205
avx2_mul,2700,0x00,40,0.520098275,0.000392716,68.183175000,3.570608000,64.612567000,131.096714339,124.231457962
avx2_mul,2700,0x00,41,0.520110970,0.000502027,68.167123000,3.549796000,64.617327000,131.062651952,124.237577676
avx2_mul,2700,0x00,42,0.524151734,0.020291139,78.095931000,4.317738000,73.778193000,148.994891982,140.757319311
avx2_mul,2700,0x00,43,0.520009683,0.000215938,68.076669000,3.571219000,64.505450000,130.914233443,124.046632476
avx2_mul,2700,0x00,44,0.520039054,0.000167634,68.070687000,3.571341000,64.499346000,130.895336457,124.027888772
avx2_mul,2700,0x00,45,0.520151972,0.000391199,68.174935000,3.575003000,64.599932000,131.067339225,124.194342119
avx2_mul,2700,0x00,46,0.520042175,0.000417965,68.213937000,3.579580000,64.634357000,131.170009414,124.286759994
avx2_mul,2700,0x00,47,0.520051073,0.000386226,68.110726000,3.589652000,64.521074000,130.969301986,124.066803005
avx2_mul,2700,0x00,48,0.520018042,0.000243858,68.147286000,3.561575000,64.585711000,131.047926119,124.198981064
avx2_mul,2700,0x00,49,0.520089198,0.000409629,68.127756000,3.572074000,64.555682000,130.992445691,124.124250745
avx2_mul,2700,0x00,50,0.520077070,0.000301174,68.035104000,3.576101000,64.459003000,130.817349839,123.941251647
avx2_mul,2700,0x00,51,0.520226935,0.000632440,68.374825000,3.595023000,64.779802000,131.432688983,124.522199050
avx2_mul,2700,0x00,52,0.520048144,0.000321021,68.175057000,3.581473000,64.593584000,131.093741682,124.206931212
avx2_mul,2700,0x00,53,0.521922989,0.009308147,72.861813000,3.918752000,68.943061000,139.602612896,132.094317454
avx2_mul,2700,0x00,54,0.520010043,0.000269474,68.132455000,3.583670000,64.548785000,131.021421320,124.129881349
avx2_mul,2700,0x00,55,0.520089521,0.000357887,68.133065000,3.579214000,64.553851000,131.002572124,124.120653042
avx2_mul,2700,0x00,56,0.520087522,0.000402504,68.191110000,3.581717000,64.609393000,131.114681922,124.227923733
avx2_mul,2700,0x00,57,0.520051986,0.000466378,68.062021000,3.587332000,64.474689000,130.875417905,123.977392137
avx2_mul,2700,0x00,58,0.520042281,0.000422773,68.104562000,3.582876000,64.521686000,130.959663358,124.070077388
avx2_mul,2700,0x00,59,0.520061629,0.000413752,68.110178000,3.582083000,64.528095000,130.965589804,124.077784977
avx2_mul,2700,0x00,60,0.520108659,0.000355315,68.175789000,3.587210000,64.588579000,131.079896116,124.182856550
avx2_mul,2700,0x00,61,0.520268377,0.000651939,68.381661000,3.592459000,64.789202000,131.435359061,124.530347810
avx2_mul,2700,0x00,62,0.520049614,0.000431128,68.241952000,3.588248000,64.653704000,131.222003038,124.322184434
avx2_mul,2700,0x00,63,0.520068535,0.000308784,68.170724000,3.585134000,64.585590000,131.080269918,124.186690023
avx2_mul,2700,0x00,64,0.520126780,0.000432812,68.282784000,3.586173000,64.696611000,131.281038872,124.386233338
avx2_mul,2700,0x00,65,0.520066185,0.000315642,68.050363000,3.578238000,64.472125000,130.849428220,123.969077026
avx2_mul,2700,0x00,66,0.520072238,0.000299491,68.128854000,3.588430000,64.540424000,130.998828640,124.098960242
avx2_mul,2700,0x00,67,0.520093298,0.000359782,68.201424000,3.597953000,64.603471000,131.133056814,124.215157634
avx2_mul,2700,0x00,68,0.520105139,0.000438345,68.284860000,3.595938000,64.688922000,131.290492678,124.376625217
avx2_mul,2700,0x00,69,0.520078858,0.000355154,68.199044000,3.586844000,64.612200000,131.132121497,124.235390464
avx2_mul,2700,0x00,70,0.520077458,0.000414110,68.085580000,3.586539000,64.499041000,130.914306990,124.018143843
avx2_mul,2700,0x00,71,0.520268748,0.000640534,68.445260000,3.603995000,64.841265000,131.557508116,124.630328623
avx2_mul,2700,0x00,72,0.520099089,0.000456193,68.222604000,3.573965000,64.648639000,131.172319742,124.300619569
avx2_mul,2700,0x00,73,0.520112593,0.000395799,68.090340000,3.596243000,64.494097000,130.914615197,124.000260408
avx2_mul,2700,0x00,74,0.520038822,0.000373374,68.110238000,3.597891000,64.512347000,130.971448996,124.052944356
avx2_mul,2700,0x00,75,0.520056528,0.000415915,68.269539000,3.600455000,64.669084000,131.273304474,124.350105161
avx2_mul,2700,0x00,76,0.520096980,0.000459568,68.195016000,3.600333000,64.594683000,131.119807649,124.197381376
avx2_mul,2700,0x00,77,0.520081149,0.000422767,68.096932000,3.587942000,64.508990000,130.935205321,124.036393456
avx2_mul,2700,0x00,78,0.520095815,0.000422511,68.135629000,3.593130000,64.542499000,131.005916660,124.097324251
avx2_mul,2700,0x00,79,0.520127788,0.000462499,68.149362000,3.568045000,64.581317000,131.024266747,124.164327547
avx2_mul,2700,0x00,80,0.520026945,0.000473657,68.138742000,3.578909000,64.559833000,131.029252608,124.147091921
avx2_mul,2700,0x00,81,0.520213739,0.000649691,68.328377000,3.597342000,64.731035000,131.346736701,124.431613684
avx2_mul,2700,0x00,82,0.520086359,0.000468895,68.168709000,3.592520000,64.576189000,131.071903342,124.164358208
avx2_mul,2700,0x00,83,0.521743691,0.008301563,72.417478000,3.882436000,68.535042000,138.798952799,131.357682184
avx2_mul,2700,0x00,84,0.519975484,0.000309807,68.227364000,3.584525000,64.642839000,131.212655349,124.319013035
avx2_mul,2700,0x00,85,0.520080119,0.000423412,68.235787000,3.597402000,64.638385000,131.202452326,124.285437294
avx2_mul,2700,0x00,86,0.520033268,0.000226900,68.153634000,3.569083000,64.584551000,131.056296182,124.193114114
avx2_mul,2700,0x00,87,0.520095207,0.000429878,68.188486000,3.538260000,64.650226000,131.107699269,124.304598698
avx2_mul,2700,0x00,88,0.520068205,0.000337314,68.113229000,3.577262000,64.535967000,130.969800394,124.091352595
avx2_mul,2700,0x00,89,0.520094284,0.000384126,68.159981000,3.579153000,64.580828000,131.053124609,124.171385834
avx2_mul,2700,0x00,90,0.520057423,0.000433704,68.146432000,3.585684000,64.560748000,131.036360485,124.141575719
avx2_mul,2700,0x00,91,0.520232156,0.000693964,68.335762000,3.580557000,64.755205000,131.356282333,124.473668568
avx2_mul,2700,0x00,92,0.520046948,0.000338838,68.047067000,3.587515000,64.459552000,130.847930694,123.949486208
avx2_mul,2700,0x00,93,0.520132499,0.000423555,68.118234000,3.578788000,64.539446000,130.963233560,124.082702149
avx2_mul,2700,0x00,94,0.520094299,0.000361829,68.161874000,3.585013000,64.576861000,131.056760536,124.163754773
avx2_mul,2700,0x00,95,0.520123269,0.000455297,68.206063000,3.574149000,64.631914000,131.134419617,124.262685138
avx2_mul,2700,0x00,96,0.520109534,0.000447357,68.129098000,3.588309000,64.540789000,130.989904048,124.090763073
avx2_mul,2700,0x00,97,0.520080431,0.000410335,68.181894000,3.579642000,64.602252000,131.098749314,124.215886993
avx2_mul,2700,0x00,98,0.520133496,0.000380623,68.119088000,3.574820000,64.544268000,130.964624405,124.091734993
avx2_mul,2700,0x00,99,0.520082240,0.000300356,68.219796000,3.576102000,64.643694000,131.171170033,124.295138280
avx2_mul,2700,0xAA,0,0.519970720,0.000096233,67.929025000,3.569205000,64.359820000,130.640096427,123.775854148
avx2_mul,2700,0xAA,1,0.520022166,0.000192856,67.957895000,3.580007000,64.377888000,130.682688979,123.798353592
avx2_mul,2700,0xAA,2,0.524081098,0.020217475,78.299055000,4.304372000,73.994683000,149.402554727,141.189375484
avx2_mul,2700,0xAA,3,0.520338194,0.001532045,68.571174000,3.625418000,64.945756000,131.781934894,124.814508628
avx2_mul,2700,0xAA,4,0.520098441,0.000276506,68.247018000,3.581472000,64.665546000,131.219424403,124.333281856
avx2_mul,2700,0xAA,5,0.519993165,0.000265716,68.012827000,3.573355000,64.439472000,130.795617366,123.923690497
avx2_mul,2700,0xAA,6,0.519985908,0.000139322,68.043100000,3.572684000,64.470416000,130.855661618,123.984929265
avx2_mul,2700,0xAA,7,0.520002082,0.000196570,68.127694000,3.577383000,64.550311000,131.014271701,124.134716548
avx2_mul,2700,0xAA,8,0.520042974,0.000256309,68.091318000,3.567191000,64.524127000,130.934021528,124.074605718
avx2_mul,2700,0xAA,9,0.520032512,0.000200106,68.019052000,3.566336000,64.452716000,130.797691429,123.939781741
avx2_mul,2700,0xAA,10,0.523936668,0.020296245,77.862167000,4.320973000,73.541194000,148.609883000,140.362754559
avx2_mul,2700,0xAA,11,0.520136437,0.000600070,68.355416000,3.589407000,64.766009000,131.418241611,124.517346496
avx2_mul,2700,0xAA,12,0.520051997,0.000240539,68.044137000,3.588247000,64.455890000,130.841026331,123.941241266
avx2_mul,2700,0xAA,13,0.520060396,0.000120586,67.864938000,3.567740000,64.297198000,130.494339846,123.634098169
avx2_mul,2700,0xAA,14,0.519996265,0.000174526,68.089914000,3.587088000,64.502826000,130.943082877,124.044787172
avx2_mul,2700,0xAA,15,0.519996846,0.000083964,68.042794000,3.573966000,64.468828000,130.852320719,123.979267486
avx2_mul,2700,0xAA,16,0.520048128,0.000210448,67.989816000,3.571891000,64.417925000,130.737545972,123.869160509
avx2_mul,2700,0xAA,17,0.520032554,0.000175685,68.037973000,3.551444000,64.486529000,130.834064937,124.004792482
avx2_mul,2700,0xAA,18,0.520057272,0.000150424,68.030526000,3.572683000,64.457843000,130.813527024,123.943739420
avx2_mul,2700,0xAA,19,0.520007706,0.000123972,68.021311000,3.574393000,64.446918000,130.808274966,123.934544138
avx2_mul,2700,0xAA,20,0.520028374,0.000188781,67.995004000,3.573539000,64.421465000,130.752488625,123.880673198
avx2_mul,2700,0xAA,21,0.520152717,0.000560925,68.233590000,3.580862000,64.652728000,131.179916478,124.295665216
avx2_mul,2700,0xAA,22,0.520033494,0.000153697,67.974313000,3.566275000,64.408038000,130.711413423,123.853633986
avx2_mul,2700,0xAA,23,0.520070702,0.000102890,67.854014000,3.569937000,64.284077000,130.470749028,123.606418874
avx2_mul,2700,0xAA,24,0.520008704,0.000209590,68.104684000,3.564139000,64.540545000,130.968353837,124.114355107
avx2_mul,2700,0xAA,25,0.520033993,0.000183927,67.999033000,3.549368000,64.449665000,130.758823182,123.933561671
avx2_mul,2700,0xAA,26,0.520036294,0.000188427,68.097482000,3.574454000,64.523028000,130.947556401,124.074086149
avx2_mul,2700,0xAA,27,0.520116294,0.000259780,68.150888000,3.593131000,64.557757000,131.030096163,124.121773846
avx2_mul,2700,0xAA,28,0.520005188,0.000203919,68.109078000,3.572927000,64.536151000,130.977689462,124.106744549
avx2_mul,2700,0xAA,29,0.520022266,0.000120948,68.037790000,3.562735000,64.475055000,130.836301473,123.985181375
avx2_mul,2700,0xAA,30,0.520035438,0.000169613,68.040658000,3.567617000,64.473041000,130.838502614,123.978168221
avx2_mul,2700,0xAA,31,0.520235376,0.000592348,68.394539000,3.581168000,64.813371000,131.468451008,124.584705366
avx2_mul,2700,0xAA,32,0.520027346,0.000174523,67.891062000,3.553946000,64.337116000,130.552869032,123.718716891
avx2_mul,2700,0xAA,33,0.520097977,0.000152499,68.021067000,3.557608000,64.463459000,130.785101955,123.944836938
avx2_mul,2700,0xAA,34,0.520079573,0.000153875,68.041635000,3.569143000,64.472492000,130.829277954,123.966591576
avx2_mul,2700,0xAA,35,0.520061622,0.000220789,68.043832000,3.568228000,64.475604000,130.838018331,123.976854479
avx2_mul,2700,0xAA,36,0.520032730,0.000095786,68.023325000,3.575003000,64.448322000,130.805853217,123.931280155
avx2_mul,2700,0xAA,37,0.520065853,0.000158137,68.171212000,3.591544000,64.579668000,131.081884301,124.175943490
avx2_mul,2700,0xAA,38,0.520006380,0.000218589,67.932566000,3.577689000,64.354877000,130.637947110,123.757860373
avx2_mul,2700,0xAA,39,0.520015535,0.000228837,68.057199000,3.575919000,64.481280000,130.875318991,123.998757118
avx2_mul,2700,0xAA,40,0.519991374,0.000176039,67.963693000,3.581351000,64.382342000,130.701577861,123.814250144
avx2_mul,2700,0xAA,41,0.520173913,0.000597737,68.393502000,3.600516000,64.792986000,131.481991503,124.560237239
avx2_mul,2700,0xAA,42,0.523947287,0.020297572,78.120161000,4.326710000,73.793451000,149.099275645,140.841364772
avx2_mul,2700,0xAA,43,0.520043154,0.000308314,68.123788000,3.575614000,64.548174000,130.996413533,124.120803354
avx2_mul,2700,0xAA,44,0.520033751,0.000098832,67.844553000,3.565542000,64.279011000,130.461826604,123.605460078
avx2_mul,2700,0xAA,45,0.520080961,0.000228589,68.099252000,3.581351000,64.517901000,130.939713442,124.053572113
avx2_mul,2700,0xAA,46,0.520109415,0.000327097,68.170663000,3.577811000,64.592852000,131.069850057,124.190891710
avx2_mul,2700,0xAA,47,0.520090535,0.000290835,68.113412000,3.575552000,64.537860000,130.964529206,124.089664615
avx2_mul,2700,0xAA,48,0.520000407,0.000161344,68.138376000,3.558462000,64.579914000,131.035235883,124.192045086
avx2_mul,2700,0xAA,49,0.522328021,0.011988776,73.932855000,4.007253000,69.925602000,141.544876205,133.872967284
avx2_mul,2700,0xAA,50,0.520073178,0.000294329,68.221993000,3.582267000,64.639726000,131.177680216,124.289674541
avx2_mul,2700,0xAA,51,0.520140830,0.000524149,68.313790000,3.592764000,64.721026000,131.337103462,124.429812604
avx2_mul,2700,0xAA,52,0.520042792,0.000154618,68.010019000,3.572928000,64.437091000,130.777736048,123.907286050
avx2_mul,2700,0xAA,53,0.520040528,0.000259568,68.060495000,3.571280000,64.489215000,130.875366957,124.008056038
avx2_mul,2700,0xAA,54,0.520038616,0.000211048,68.031137000,3.575919000,64.455218000,130.819394658,123.943137997
avx2_mul,2700,0xAA,55,0.520052879,0.000302247,68.083200000,3.580436000,64.502764000,130.915917780,124.031164053
avx2_mul,2700,0xAA,56,0.520031414,0.000262012,67.995858000,3.556326000,64.439532000,130.753366337,123.914691012
avx2_mul,2700,0xAA,57,0.519996351,0.000158074,68.096139000,3.573599000,64.522540000,130.955032314,124.082678325
avx2_mul,2700,0xAA,58,0.520067572,0.000340943,68.149544000,3.573355000,64.576189000,131.039787205,124.168843523
avx2_mul,2700,0xAA,59,0.520048278,0.000189254,67.949716000,3.568167000,64.381549000,130.660399866,123.799177268
avx2_mul,2700,0xAA,60,0.520113660,0.000312923,68.045664000,3.586966000,64.458698000,130.828450020,123.931945901
avx2_mul,2700,0xAA,61,0.520218296,0.000619982,68.243600000,3.593679000,64.649921000,131.182621735,124.274600574
avx2_mul,2700,0xAA,62,0.520671194,0.003456594,69.729863000,3.688406000,66.041457000,133.923028141,126.839083340
avx2_mul,2700,0xAA,63,0.520047870,0.000160958,68.034677000,3.576590000,64.458087000,130.823873901,123.946449332
avx2_mul,2700,0xAA,64,0.520026313,0.000165126,68.059396000,3.550772000,64.508624000,130.876831173,124.048768996
avx2_mul,2700,0xAA,65,0.520136698,0.000281959,68.106332000,3.578177000,64.528155000,130.939294079,124.059992894
avx2_mul,2700,0xAA,66,0.520070107,0.000364288,68.252511000,3.589225000,64.663286000,131.237135403,124.335710087
avx2_mul,2700,0xAA,67,0.519984569,0.000163750,67.989023000,3.575735000,64.413288000,130.752001264,123.875383737
avx2_mul,2700,0xAA,68,0.520032642,0.000263426,68.240060000,3.575553000,64.664507000,131.222647375,124.347015518
avx2_mul,2700,0xAA,69,0.522029634,0.010168301,73.127925000,3.951650000,69.176275000,140.083857854,132.514076859
avx2_mul,2700,0xAA,70,0.519979616,0.000130783,68.094186000,3.569388000,64.524798000,130.955491094,124.091014317
avx2_mul,2700,0xAA,71,0.520157433,0.000541165,68.422677000,3.585623000,64.837054000,131.542245989,124.648904141
avx2_mul,2700,0xAA,72,0.520017699,0.000079465,67.968942000,3.562979000,64.405963000,130.705055054,123.853405570
avx2_mul,2700,0xAA,73,0.520038330,0.000305649,68.187020000,3.577200000,64.609820000,131.119219589,124.240495862
avx2_mul,2700,0xAA,74,0.519995287,0.000241806,68.195931000,3.592459000,64.603472000,131.147209856,124.238572237
avx2_mul,2700,0xAA,75,0.520014723,0.000243514,68.064889000,3.587942000,64.476947000,130.890311368,123.990618260
avx2_mul,2700,0xAA,76,0.520029387,0.000318414,68.189279000,3.585989000,64.603290000,131.125818409,124.230075423
avx2_mul,2700,0xAA,77,0.520007859,0.000179869,68.084969000,3.582511000,64.502458000,130.930653850,124.041313742
avx2_mul,2700,0xAA,78,0.519994521,0.000104543,68.007944000,3.587454000,64.420490000,130.785885687,123.886862997
avx2_mul,2700,0xAA,79,0.520028912,0.000205585,68.084542000,3.579642000,64.504900000,130.924532188,124.040987988
avx2_mul,2700,0xAA,80,0.520007329,0.000102676,67.904733000,3.567984000,64.336749000,130.584184454,123.722773471
avx2_mul,2700,0xAA,81,0.520189979,0.000600225,68.411507000,3.607718000,64.803789000,131.512543081,124.577157651
avx2_mul,2700,0xAA,82,0.519999739,0.000091112,68.120431000,3.570547000,64.549884000,131.000894671,124.134454682
avx2_mul,2700,0xAA,83,0.521489502,0.007057649,71.710937000,3.827504000,67.883433000,137.511755673,130.172194696
avx2_mul,2700,0xAA,84,0.520027370,0.000344871,68.329110000,3.574881000,64.754229000,131.395218624,124.520809305
avx2_mul,2700,0xAA,85,0.520042172,0.000268287,68.214425000,3.583609000,64.630816000,131.170948656,124.279951742
avx2_mul,2700,0xAA,86,0.519986544,0.000087749,67.967172000,3.570730000,64.396442000,130.709482251,123.842516100
avx2_mul,2700,0xAA,87,0.520042852,0.000168876,68.170175000,3.568168000,64.602007000,131.085688024,124.224391903
avx2_mul,2700,0xAA,88,0.520039552,0.000161928,68.128732000,3.568717000,64.560015000,131.006827754,124.144432409
avx2_mul,2700,0xAA,89,0.521968759,0.010177948,73.089290000,3.947682000,69.141608000,140.026177419,132.463115579
avx2_mul,2700,0xAA,90,0.520087928,0.000248820,68.182259000,3.581595000,64.600664000,131.097561248,124.211043013
avx2_mul,2700,0xAA,91,0.520147825,0.000564387,68.308052000,3.585440000,64.722612000,131.324305667,124.431188315
avx2_mul,2700,0xAA,92,0.520543937,0.002708466,69.396307000,3.669546000,65.726761000,133.314984688,126.265539408
avx2_mul,2700,0xAA,93,0.520065457,0.000152056,68.036752000,3.576102000,64.460650000,130.823439825,123.947186167
avx2_mul,2700,0xAA,94,0.520047862,0.000172647,68.086984000,3.580435000,64.506549000,130.924457166,124.039638934
avx2_mul,2700,0xAA,95,0.520044876,0.000111510,67.924875000,3.554739000,64.370136000,130.613487644,123.778041006
avx2_mul,2700,0xAA,96,0.520006993,0.000204963,68.086434000,3.584464000,64.501970000,130.933689149,124.040581850
avx2_mul,2700,0xAA,97,0.519996781,0.000130060,67.884165000,3.579581000,64.304584000,130.547279175,123.663426952
avx2_mul,2700,0xAA,98,0.520815505,0.004066496,70.082035000,3.739309000,66.342726000,134.562113352,127.382394305
avx2_mul,2700,0xAA,99,0.519982068,0.000095778,67.985421000,3.577505000,64.407916000,130.745702910,123.865648348
avx2_mul,2900,0x00,0,0.484341417,0.000168007,67.036754000,3.345817000,63.690937000,138.408056017,131.500083910
avx2_mul,2900,0x00,1,0.484392302,0.000305932,67.075573000,3.348624000,63.726949000,138.473655977,131.560614656
avx2_mul,2900,0x00,2,0.484476220,0.000522024,67.298717000,3.352652000,63.946065000,138.910258445,131.990100431
avx2_mul,2900,0x00,3,0.484274943,0.000196478,66.855115000,3.332755000,63.522360000,138.051980536,131.170032484
avx2_mul,2900,0x00,4,0.484475006,0.000488798,67.179638000,3.346671000,63.832967000,138.664816931,131.756986890
avx2_mul,2900,0x00,5,0.484321912,0.000192731,66.945386000,3.327140000,63.618246000,138.224978711,131.355291595
avx2_mul,2900,0x00,6,0.484387996,0.000217145,67.061534000,3.346549000,63.714985000,138.445904147,131.537085120
avx2_mul,2900,0x00,7,0.484289250,0.000203879,66.931897000,3.336906000,63.594991000,138.206448015,131.316131943
avx2_mul,2900,0x00,8,0.484331885,0.000234161,66.930676000,3.340812000,63.589864000,138.191760770,131.293986531
avx2_mul,2900,0x00,9,0.484273580,0.000204007,67.054150000,3.339469000,63.714681000,138.463366028,131.567534548
avx2_mul,2900,0x00,10,0.484315141,0.000236572,66.974438000,3.341910000,63.632528000,138.286896879,131.386617051
avx2_mul,2900,0x00,11,0.487355885,0.015817847,74.839408000,3.924673000,70.914735000,153.562130452,145.509138542
avx2_mul,2900,0x00,12,0.484340196,0.000383223,66.927624000,3.344413000,63.583211000,138.183088174,131.277997438
avx2_mul,2900,0x00,13,0.484435009,0.000566270,67.198070000,3.356681000,63.841389000,138.714313989,131.785250368
avx2_mul,2900,0x00,14,0.484323135,0.000209201,67.004956000,3.333243000,63.671713000,138.347626105,131.465355243
avx2_mul,2900,0x00,15,0.484350610,0.000210054,66.963757000,3.337333000,63.626424000,138.254718044,131.364393283
avx2_mul,2900,0x00,16,0.484351187,0.000192630,67.037853000,3.344108000,63.693745000,138.407533077,131.503228749
avx2_mul,2900,0x00,17,0.484410164,0.000286916,66.990613000,3.340018000,63.650595000,138.293161515,131.398141033
avx2_mul,2900,0x00,18,0.484239273,0.000272504,67.113658000,3.347465000,63.766193000,138.596065503,131.683232971
avx2_mul,2900,0x00,19,0.484235847,0.000210799,66.898083000,3.327811000,63.570272000,138.151860263,131.279566475
avx2_mul,2900,0x00,20,0.484262284,0.000237839,67.007335000,3.337088000,63.670247000,138.369923146,131.478847563
avx2_mul,2900,0x00,21,0.484300713,0.000242995,67.035961000,3.338737000,63.697224000,138.418051319,131.524117637
avx2_mul,2900,0x00,22,0.484325911,0.000278153,66.864331000,3.324699000,63.539632000,138.056481074,131.191890675
avx2_mul,2900,0x00,23,0.484456783,0.000524930,67.317027000,3.361808000,63.955219000,138.953626655,132.014291474
avx2_mul,2900,0x00,24,0.484264834,0.000213686,66.865735000,3.337211000,63.528524000,138.076792390,131.185499107
avx2_mul,2900,0x00,25,0.484340231,0.000198505,67.024487000,3.339224000,63.685263000,138.383067800,131.488691105
avx2_mul,2900,0x00,26,0.484326235,0.000251387,67.171215000,3.351066000,63.820149000,138.690019477,131.770993093
avx2_mul,2900,0x00,27,0.484314028,0.000201109,66.983959000,3.333427000,63.650532000,138.306873500,131.424093305
avx2_mul,2900,0x00,28,0.485511330,0.006182213,70.066777000,3.570608000,66.496169000,144.315431374,136.961106602
avx2_mul,2900,0x00,29,0.484133863,0.000179806,66.816113000,3.326469000,63.489644000,138.011649344,131.140679864
avx2_mul,2900,0x00,30,0.484318843,0.000254693,67.086803000,3.333915000,63.752888000,138.517846248,131.634126877
avx2_mul,2900,0x00,31,0.484337095,0.000220821,66.950573000,3.352226000,63.598347000,138.231355301,131.310089022
avx2_mul,2900,0x00,32,0.484315620,0.000220788,67.050305000,3.340201000,63.710104000,138.443407989,131.546663675
avx2_mul,2900,0x00,33,0.484547072,0.000532673,67.288035000,3.360160000,63.927875000,138.867901240,131.933260229
avx2_mul,2900,0x00,34,0.484265538,0.000239568,66.975720000,3.341422000,63.634298000,138.303708976,131.403730060
avx2_mul,2900,0x00,35,0.484348825,0.000201846,67.077221000,3.349356000,63.727865000,138.489488479,131.574315306
avx2_mul,2900,0x00,36,0.484225013,0.000319499,67.086803000,3.346305000,63.740498000,138.544687190,131.634046665
avx2_mul,2900,0x00,37,0.484227836,0.000207155,66.928539000,3.331474000,63.597065000,138.217041668,131.337069573
avx2_mul,2900,0x00,38,0.484344793,0.000337755,66.899121000,3.344840000,63.554281000,138.122928142,131.217021337
avx2_mul,2900,0x00,39,0.484293842,0.000193282,66.812756000,3.317924000,63.494832000,137.959127705,131.108072184
avx2_mul,2900,0x00,40,0.484333679,0.000228200,67.115490000,3.346549000,63.768941000,138.572833068,131.663239234
avx2_mul,2900,0x00,41,0.484347757,0.000180175,66.716382000,3.321769000,63.394613000,137.744793873,130.886562469
avx2_mul,2900,0x00,42,0.484322724,0.000329556,67.140880000,3.329032000,63.811848000,138.628390964,131.754808884
avx2_mul,2900,0x00,43,0.484428251,0.000478806,67.243175000,3.348868000,63.894307000,138.809358984,131.896326986
avx2_mul,2900,0x00,44,0.484296117,0.000277977,67.062634000,3.331901000,63.730733000,138.474440712,131.594556938
avx2_mul,2900,0x00,45,0.485895205,0.008118413,71.019715000,3.623282000,67.396433000,146.162617621,138.705696940
avx2_mul,2900,0x00,46,0.484194641,0.000232467,66.886731000,3.331839000,63.554892000,138.140172094,131.258974493
avx2_mul,2900,0x00,47,0.484295381,0.000214816,66.927380000,3.308646000,63.618734000,138.195371349,131.363495327
avx2_mul,2900,0x00,48,0.484304824,0.000249592,66.883862000,3.322990000,63.560872000,138.102820106,131.241459585
avx2_mul,2900,0x00,49,0.484261585,0.000179916,66.973522000,3.332999000,63.640523000,138.300298919,131.417657179
avx2_mul,2900,0x00,50,0.484309050,0.000195829,66.909619000,3.330680000,63.578939000,138.154798169,131.277619222
avx2_mul,2900,0x00,51,0.484324055,0.000252828,67.030407000,3.340324000,63.690083000,138.399912792,131.503034629
avx2_mul,2900,0x00,52,0.484350858,0.000169043,66.886914000,3.332511000,63.554403000,138.095995672,131.215630035
avx2_mul,2900,0x00,53,0.484234509,0.000373149,66.978162000,3.336479000,63.641683000,138.317614173,131.427400987
avx2_mul,2900,0x00,54,0.484372876,0.000609351,67.391551000,3.357596000,64.033955000,139.131553963,132.199712477
avx2_mul,2900,0x00,55,0.484303494,0.000281968,66.948071000,3.335319000,63.612752000,138.235779423,131.348942884
avx2_mul,2900,0x00,56,0.484314832,0.000224721,66.905041000,3.337516000,63.567525000,138.143696083,131.252484463
avx2_mul,2900,0x00,57,0.485892623,0.008275736,70.954348000,3.640189000,67.314159000,146.028864435,138.537108383
avx2_mul,2900,0x00,58,0.484110010,0.000238590,66.968090000,3.336234000,63.631856000,138.332380207,131.440901144
avx2_mul,2900,0x00,59,0.484196689,0.000284887,67.079907000,3.347526000,63.732381000,138.538549569,131.624983086
avx2_mul,2900,0x00,60,0.484225998,0.000200348,66.945813000,3.346549000,63.599264000,138.253239730,131.342109363
avx2_mul,2900,0x00,61,0.484391580,0.000363377,67.118297000,3.352286000,63.766011000,138.562063724,131.641452101
avx2_mul,2900,0x00,62,0.484328007,0.000228167,66.864087000,3.350883000,63.513204000,138.055379762,131.136756539
avx2_mul,2900,0x00,63,0.484374222,0.000242311,67.189891000,3.352164000,63.837727000,138.714836583,131.794228816
avx2_mul,2900,0x00,64,0.484466986,0.000461195,67.025952000,3.331290000,63.694662000,138.349885465,131.473689362
avx2_mul,2900,0x00,65,0.484308983,0.000222463,66.901012000,3.343620000,63.557392000,138.137045406,131.233147035
avx2_mul,2900,0x00,66,0.487582308,0.016252739,75.095450000,3.939504000,71.155946000,154.015945083,145.936275387
avx2_mul,2900,0x00,67,0.484150422,0.000226140,66.934033000,3.351066000,63.582967000,138.250489722,131.328950786
avx2_mul,2900,0x00,68,0.484215779,0.000210844,67.019055000,3.337271000,63.681784000,138.407416531,131.515301186
avx2_mul,2900,0x00,69,0.484276299,0.000335632,66.941601000,3.347159000,63.594442000,138.230182126,131.318509993
avx2_mul,2900,0x00,70,0.484316324,0.000161816,66.989819000,3.330070000,63.659749000,138.318317267,131.442501125
avx2_mul,2900,0x00,71,0.484853434,0.002406214,68.116342000,3.412283000,64.704059000,140.488521414,133.450759561
avx2_mul,2900,0x00,72,0.484084356,0.000142848,66.851758000,3.309501000,63.542257000,138.099397660,131.262777228
avx2_mul,2900,0x00,73,0.484192998,0.000246483,67.070324000,3.339103000,63.731221000,138.519813850,131.623590627
avx2_mul,2900,0x00,74,0.484433292,0.000549228,67.136608000,3.349906000,63.786702000,138.587931701,131.672828931
avx2_mul,2900,0x00,75,0.484308227,0.000272161,67.070324000,3.336417000,63.733907000,138.486856636,131.597820245
avx2_mul,2900,0x00,76,0.484357233,0.000192051,66.899670000,3.339835000,63.559835000,138.120514181,131.225118023
avx2_mul,2900,0x00,77,0.484361849,0.000228631,67.004284000,3.340873000,63.663411000,138.335180997,131.437707529
avx2_mul,2900,0x00,78,0.484376356,0.000266808,67.081738000,3.343863000,63.737875000,138.490942310,131.587502542
avx2_mul,2900,0x00,79,0.484363701,0.000214253,66.914624000,3.328117000,63.586507000,138.149543106,131.278431599
avx2_mul,2900,0x00,80,0.484315883,0.000177281,66.852246000,3.308036000,63.544210000,138.034386970,131.204059664
avx2_mul,2900,0x00,81,0.484209933,0.000272291,66.981335000,3.338798000,63.642537000,138.331187456,131.435835310
avx2_mul,2900,0x00,82,0.484225163,0.000226941,66.951306000,3.342643000,63.608663000,138.264822153,131.361746358
avx2_mul,2900,0x00,83,0.486440979,0.011184139,72.489438000,3.719717000,68.769721000,149.020006803,141.373206553
avx2_mul,2900,0x00,84,0.484350061,0.000547319,67.157909000,3.337943000,63.819966000,138.655725255,131.764133268
avx2_mul,2900,0x00,85,0.484295112,0.000201875,66.830517000,3.315849000,63.514668000,137.995439987,131.148687003
avx2_mul,2900,0x00,86,0.484331254,0.000190866,66.896496000,3.325736000,63.570760000,138.121369255,131.254713487
avx2_mul,2900,0x00,87,0.484365536,0.000218609,67.103344000,3.329825000,63.773519000,138.538642838,131.664031099
avx2_mul,2900,0x00,88,0.484246490,0.000210019,66.879162000,3.321037000,63.558125000,138.109750646,131.251596653
avx2_mul,2900,0x00,89,0.484305793,0.000210797,67.025647000,3.302360000,63.723287000,138.395303150,131.576553406
avx2_mul,2900,0x00,90,0.484303242,0.000176939,66.854931000,3.322989000,63.531942000,138.043533961,131.182153087
avx2_mul,2900,0x00,91,0.484331911,0.000240856,66.855175000,3.302664000,63.552511000,138.035866544,131.216856839
avx2_mul,2900,0x00,92,0.484212177,0.000210520,67.050793000,3.326346000,63.724447000,138.473991825,131.604387631
avx2_mul,2900,0x00,93,0.484273023,0.000267591,67.041760000,3.335685000,63.706075000,138.437940534,131.549914897
avx2_mul,2900,0x00,94,0.484380459,0.000542161,67.429453000,3.364432000,64.065021000,139.207624393,132.261778545
avx2_mul,2900,0x00,95,0.484273414,0.000200780,67.073742000,3.338798000,63.734944000,138.503870017,131.609421751
avx2_mul,2900,0x00,96,0.484322067,0.000199886,67.027173000,3.335135000,63.692038000,138.393803519,131.507610991
avx2_mul,2900,0x00,97,0.484334868,0.000225884,67.047496000,3.316459000,63.731037000,138.432106461,131.584656031
avx2_mul,2900,0x00,98,0.484335228,0.000153521,66.873242000,3.306449000,63.566793000,138.072223872,131.245446033
avx2_mul,2900,0x00,99,0.484268087,0.000330082,67.079845000,3.325858000,63.753987000,138.517996067,131.650192700
avx2_mul,2900,0xAA,0,0.485089560,0.003959404,68.776008000,3.487052000,65.288956000,141.780020972,134.591550456
avx2_mul,2900,0xAA,1,0.484262718,0.000196722,66.918896000,3.332328000,63.586568000,138.187172940,131.305932914
avx2_mul,2900,0xAA,2,0.484324753,0.000256986,66.953503000,3.344474000,63.609029000,138.240927252,131.335490401
avx2_mul,2900,0xAA,3,0.484249859,0.000171703,66.644543000,3.325736000,63.318807000,137.624289832,130.756479887
avx2_mul,2900,0xAA,4,0.484298750,0.000237224,66.896313000,3.321769000,63.574544000,138.130261619,131.271336210
avx2_mul,2900,0xAA,5,0.484884777,0.002604871,68.078500000,3.413932000,64.664568000,140.401396846,133.360689111
avx2_mul,2900,0xAA,6,0.484101622,0.000136743,67.024487000,3.337882000,63.686605000,138.451275504,131.556272781
avx2_mul,2900,0xAA,7,0.486002294,0.008991917,71.316285000,3.666616000,67.649669000,146.740634467,139.196192714
avx2_mul,2900,0xAA,8,0.484161838,0.000261905,66.973339000,3.335075000,63.638264000,138.328413629,131.440066102
avx2_mul,2900,0xAA,9,0.485794684,0.008153599,70.810122000,3.621145000,67.188977000,145.761417975,138.307353288
avx2_mul,2900,0xAA,10,0.484292064,0.000305426,66.905957000,3.346977000,63.558980000,138.152082190,131.241010854
avx2_mul,2900,0xAA,11,0.485692199,0.007556517,70.684511000,3.611136000,67.073375000,145.533552208,138.098522352
avx2_mul,2900,0xAA,12,0.484222322,0.000196898,66.678845000,3.337394000,63.341451000,137.702955813,130.810679581
avx2_mul,2900,0xAA,13,0.484283241,0.000187690,66.950574000,3.335868000,63.614706000,138.246729148,131.358470955
avx2_mul,2900,0xAA,14,0.484464134,0.000221395,66.829419000,3.352287000,63.477132000,137.945029042,131.025451789
avx2_mul,2900,0xAA,15,0.484474818,0.000507043,67.177379000,3.354362000,63.823017000,138.660207969,131.736500325
avx2_mul,2900,0xAA,16,0.484195835,0.000177763,66.842419000,3.328361000,63.514058000,138.048314544,131.174316967
avx2_mul,2900,0xAA,17,0.484296494,0.000227165,66.956128000,3.335074000,63.621054000,138.254414031,131.367983835
avx2_mul,2900,0xAA,18,0.484426032,0.000173201,67.134594000,3.343620000,63.790974000,138.585851184,131.683620960
avx2_mul,2900,0xAA,19,0.484334559,0.000241364,67.017772000,3.343253000,63.674519000,138.370823937,131.468047876
avx2_mul,2900,0xAA,20,0.484215151,0.000203702,66.817272000,3.323233000,63.494039000,137.990874318,131.127741276
avx2_mul,2900,0xAA,21,0.484260757,0.000246739,66.877148000,3.316886000,63.560262000,138.101522772,131.252142660
avx2_mul,2900,0xAA,22,0.484319528,0.000179704,66.904980000,3.336479000,63.568501000,138.142230763,131.253227105
avx2_mul,2900,0xAA,23,0.484350915,0.000255903,67.166149000,3.348624000,63.817525000,138.672493228,131.758861199
avx2_mul,2900,0xAA,24,0.484404282,0.000048009,66.775036000,3.331840000,63.443196000,137.849805433,130.971583821
avx2_mul,2900,0xAA,25,0.484302385,0.000634671,67.265330000,3.358024000,63.907306000,138.891180671,131.957446486
avx2_mul,2900,0xAA,26,0.484325611,0.000546168,67.041027000,3.355399000,63.685628000,138.421395560,131.493413800
avx2_mul,2900,0xAA,27,0.484262137,0.000247431,67.077709000,3.342337000,63.735372000,138.515287115,131.613370277
avx2_mul,2900,0xAA,28,0.484400921,0.000123528,66.700146000,3.336052000,63.364094000,137.696158479,130.809193870
avx2_mul,2900,0xAA,29,0.484191562,0.000257203,66.911023000,3.328666000,63.582357000,138.191220648,131.316532487
avx2_mul,2900,0xAA,30,0.484271088,0.000325044,67.091137000,3.342582000,63.748555000,138.540455156,131.638159974
avx2_mul,2900,0xAA,31,0.484247893,0.000234182,67.038037000,3.355093000,63.682944000,138.437436639,131.508974897
avx2_mul,2900,0xAA,32,0.485938994,0.008566550,71.178406000,3.662955000,67.515451000,146.476012140,138.938121490
avx2_mul,2900,0xAA,33,0.484252362,0.000215214,66.695691000,3.347648000,63.348043000,137.729201154,130.816177571
avx2_mul,2900,0xAA,34,0.484315738,0.000195472,66.913220000,3.346793000,63.566427000,138.160325588,131.249971990
avx2_mul,2900,0xAA,35,0.484386814,0.000212447,66.910351000,3.348014000,63.562337000,138.134129751,131.222269428
avx2_mul,2900,0xAA,36,0.484377612,0.000493008,67.105114000,3.356681000,63.748433000,138.538843121,131.608958426
avx2_mul,2900,0xAA,37,0.484297938,0.000244479,67.042369000,3.339591000,63.702778000,138.432076052,131.536339488
avx2_mul,2900,0xAA,38,0.484343436,0.000201179,66.882702000,3.340262000,63.542440000,138.089415565,131.192941385
avx2_mul,2900,0xAA,39,0.484325304,0.000253947,67.000866000,3.347587000,63.653279000,138.338561772,131.426705275
avx2_mul,2900,0xAA,40,0.484318923,0.000171638,66.917309000,3.338676000,63.578633000,138.167859785,131.274311250
avx2_mul,2900,0xAA,41,0.484368156,0.000388774,67.093639000,3.358451000,63.735188000,138.517856964,131.584182741
avx2_mul,2900,0xAA,42,0.487161062,0.014759053,74.170587000,3.889394000,70.281193000,152.250647274,144.266852377
avx2_mul,2900,0xAA,43,0.484162294,0.000219450,66.502759000,3.332511000,63.170248000,137.356336683,130.473291381
avx2_mul,2900,0xAA,44,0.484226429,0.000211215,66.829297000,3.330252000,63.499045000,138.012493778,131.135025302
avx2_mul,2900,0xAA,45,0.484232477,0.000240207,66.751843000,3.356864000,63.394979000,137.850817792,130.918478146
avx2_mul,2900,0xAA,46,0.484441229,0.000548681,67.064709000,3.346854000,63.717855000,138.437244789,131.528555355
avx2_mul,2900,0xAA,47,0.484306830,0.000254446,66.912426000,3.338675000,63.573751000,138.161227152,131.267508561
avx2_mul,2900,0xAA,48,0.484364931,0.000194262,66.963879000,3.353324000,63.610555000,138.250882103,131.327746706
avx2_mul,2900,0xAA,49,0.484213735,0.000425266,67.053784000,3.346976000,63.706808000,138.479723226,131.567535986
avx2_mul,2900,0xAA,50,0.484142380,0.000174656,66.838757000,3.342826000,63.495931000,138.055993031,131.151358899
avx2_mul,2900,0xAA,51,0.484370529,0.000294244,66.959301000,3.340385000,63.618916000,138.239832950,131.343490582
avx2_mul,2900,0xAA,52,0.484296733,0.000181521,66.796521000,3.346426000,63.450095000,137.924781324,131.014914353
avx2_mul,2900,0xAA,53,0.484404551,0.000186600,67.016552000,3.348991000,63.667561000,138.348312009,131.434687868
avx2_mul,2900,0xAA,54,0.484344668,0.000148933,66.809643000,3.333426000,63.476217000,137.938223456,131.055880731
avx2_mul,2900,0xAA,55,0.484640293,0.001253803,67.465343000,3.361442000,64.103901000,139.207044852,132.271092459
avx2_mul,2900,0xAA,56,0.484383201,0.000514358,67.174938000,3.356802000,63.818136000,138.681394817,131.751340286
avx2_mul,2900,0xAA,57,0.484302974,0.000248190,66.882519000,3.334037000,63.548482000,138.100574519,131.216377691
avx2_mul,2900,0xAA,58,0.484332176,0.000197333,66.949657000,3.342704000,63.606953000,138.230867929,131.329191418
avx2_mul,2900,0xAA,59,0.484862182,0.002825855,68.127084000,3.450980000,64.676104000,140.508141208,133.390696035
avx2_mul,2900,0xAA,60,0.484117735,0.000282618,67.079724000,3.352347000,63.727377000,138.560765688,131.636113356
avx2_mul,2900,0xAA,61,0.484259728,0.000239962,66.838879000,3.336356000,63.502523000,138.022790551,131.133190182
avx2_mul,2900,0xAA,62,0.484302088,0.000244326,66.943371000,3.356987000,63.586384000,138.226476208,131.294878998
avx2_mul,2900,0xAA,63,0.484318996,0.000180375,66.739332000,3.322319000,63.417013000,137.800359881,130.940585590
avx2_mul,2900,0xAA,64,0.484321672,0.000259629,66.881359000,3.343924000,63.537435000,138.092848030,131.188502849
avx2_mul,2900,0xAA,65,0.484249899,0.000162309,66.960278000,3.335075000,63.625203000,138.276286971,131.389192091
avx2_mul,2900,0xAA,66,0.484346677,0.000246836,66.813428000,3.332267000,63.481161000,137.945465857,131.065544598
avx2_mul,2900,0xAA,67,0.484323156,0.000623451,67.214611000,3.362784000,63.851827000,138.780502435,131.837237479
avx2_mul,2900,0xAA,68,0.484172555,0.000230997,66.984508000,3.346305000,63.638203000,138.348419987,131.437030721
avx2_mul,2900,0xAA,69,0.484247990,0.000257623,66.695447000,3.340019000,63.355428000,137.729940871,130.832609193
avx2_mul,2900,0xAA,70,0.484317846,0.000241761,67.022106000,3.347525000,63.674581000,138.384547450,131.472712537
avx2_mul,2900,0xAA,71,0.484289558,0.000269073,66.838513000,3.352042000,63.486471000,138.013533096,131.091967388
avx2_mul,2900,0xAA,72,0.484305020,0.000248130,67.092114000,3.344047000,63.748067000,138.532765983,131.627929440
avx2_mul,2900,0xAA,73,0.484348663,0.000143011,66.786023000,3.341239000,63.444784000,137.888319142,130.989902245
avx2_mul,2900,0xAA,74,0.484216321,0.000259849,66.939037000,3.346366000,63.592671000,138.242008856,131.331118306
avx2_mul,2900,0xAA,75,0.484229888,0.000218562,67.032360000,3.345451000,63.686909000,138.430860334,131.522053003
avx2_mul,2900,0xAA,76,0.484263315,0.000260366,66.811292000,3.346000000,63.465292000,137.964801145,131.055337029
avx2_mul,2900,0xAA,77,0.484464864,0.000573683,67.193187000,3.364493000,63.828694000,138.695686619,131.750924991
avx2_mul,2900,0xAA,78,0.484124789,0.000185913,66.889599000,3.343498000,63.546101000,138.166027583,131.259754503
avx2_mul,2900,0xAA,79,0.484259401,0.000269455,66.788587000,3.344962000,63.443625000,137.919030362,131.011653872
avx2_mul,2900,0xAA,80,0.485213646,0.004695728,69.146918000,3.501639000,65.645279000,142.508189021,135.291493802
avx2_mul,2900,0xAA,81,0.484163430,0.000190132,66.655041000,3.326224000,63.328817000,137.670540408,130.800496542
avx2_mul,2900,0xAA,82,0.484406415,0.000246283,66.860425000,3.345817000,63.514608000,138.025473991,131.118428795
avx2_mul,2900,0xAA,83,0.484223609,0.000211161,66.711133000,3.332755000,63.378378000,137.769269663,130.886592040
avx2_mul,2900,0xAA,84,0.484302374,0.000264628,66.876355000,3.342154000,63.534201000,138.088018239,131.187052681
avx2_mul,2900,0xAA,85,0.484378085,0.000111309,66.605238000,3.333427000,63.271811000,137.506712294,130.624842321
avx2_mul,2900,0xAA,86,0.485221606,0.004884785,69.311590000,3.524222000,65.787368000,142.845226179,135.582107721
avx2_mul,2900,0xAA,87,0.484193194,0.000528953,66.956189000,3.352409000,63.603780000,138.284035835,131.360334632
avx2_mul,2900,0xAA,88,0.484228635,0.000238201,66.733106000,3.327506000,63.405600000,137.813217077,130.941450810
avx2_mul,2900,0xAA,89,0.484317524,0.000233731,66.987560000,3.345634000,63.641926000,138.313310472,131.405375414
avx2_mul,2900,0xAA,90,0.484310849,0.000274178,66.826794000,3.343070000,63.483724000,137.983268747,131.080532604
avx2_mul,2900,0xAA,91,0.484275437,0.000177019,66.903393000,3.338554000,63.564839000,138.151530790,131.257615175
avx2_mul,2900,0xAA,92,0.484363794,0.000320996,66.932568000,3.349906000,63.582662000,138.186563207,131.270468232
avx2_mul,2900,0xAA,93,0.484316930,0.000139310,66.795728000,3.337272000,63.458456000,137.917392274,131.026714302
avx2_mul,2900,0xAA,94,0.484140060,0.000253257,66.873425000,3.340751000,63.532674000,138.128261953,131.227880684
avx2_mul,2900,0xAA,95,0.484173879,0.000209745,66.673291000,3.335197000,63.338094000,137.705262195,130.816834003
avx2_mul,2900,0xAA,96,0.484282458,0.000293401,67.071789000,3.345389000,63.726400000,138.497250659,131.589321322
avx2_mul,2900,0xAA,97,0.484421831,0.000482835,67.015393000,3.343742000,63.671651000,138.340984533,131.438442600
avx2_mul,2900,0xAA,98,0.484314877,0.000213278,66.858716000,3.349906000,63.508810000,138.048032717,131.131239204
avx2_mul,2900,0xAA,99,0.484333511,0.000202103,66.832958000,3.345023000,63.487935000,137.989539318,131.083093807
avx2_mul,3100,0x00,0,0.468138943,0.000204712,65.824783000,3.185112000,62.639671000,140.609500650,133.805725728
avx2_mul,3100,0x00,1,0.468237283,0.000325721,66.235670000,3.221244000,63.014426000,141.457488318,134.577976334
avx2_mul,3100,0x00,2,0.468209457,0.000257566,66.125197000,3.202385000,62.922812000,141.229947369,134.390305515
avx2_mul,3100,0x00,3,0.468247680,0.000266766,66.101027000,3.224174000,62.876853000,141.166800901,134.281184296
avx2_mul,3100,0x00,4,0.467963049,0.000193573,65.879287000,3.207694000,62.671593000,140.778822539,133.924234323
avx2_mul,3100,0x00,5,0.468153280,0.000297152,66.141860000,3.212150000,62.929710000,141.282487618,134.421166473
avx2_mul,3100,0x00,6,0.468246286,0.000485500,66.393812000,3.214591000,63.179221000,141.792501008,134.927329633
avx2_mul,3100,0x00,7,0.468246307,0.000316225,66.292616000,3.207878000,63.084738000,141.576377578,134.725542985
avx2_mul,3100,0x00,8,0.471369162,0.016476601,74.796745000,3.801443000,70.995302000,158.679758824,150.615075549
avx2_mul,3100,0x00,9,0.468034939,0.000228203,65.577652000,3.199333000,62.378319000,140.112727663,133.277056369
avx2_mul,3100,0x00,10,0.470134108,0.010196833,71.346924000,3.578971000,67.767953000,151.758663618,144.146003875
avx2_mul,3100,0x00,11,0.468042383,0.000239413,66.027358000,3.206412000,62.820946000,141.071322519,134.220635242
avx2_mul,3100,0x00,12,0.468085211,0.000233847,65.854202000,3.201530000,62.652672000,140.688490903,133.848860164
avx2_mul,3100,0x00,13,0.468165658,0.000280727,66.076064000,3.215812000,62.860252000,141.138212203,134.269250449
avx2_mul,3100,0x00,14,0.468181754,0.000228452,65.943678000,3.189079000,62.754599000,140.850593774,134.038967787
avx2_mul,3100,0x00,15,0.468227456,0.000368926,66.111769000,3.211356000,62.900413000,141.195840148,134.337301717
avx2_mul,3100,0x00,16,0.468326284,0.000514470,66.416578000,3.211845000,63.204733000,141.816891982,134.958756722
avx2_mul,3100,0x00,17,0.468183968,0.000250092,66.277174000,3.211052000,63.066122000,141.562245998,134.703719817
avx2_mul,3100,0x00,18,0.469657032,0.007626281,69.959659000,3.483634000,66.476025000,148.959036548,141.541636696
avx2_mul,3100,0x00,19,0.468038531,0.000197924,66.104140000,3.165886000,62.938254000,141.236534360,134.472377580
avx2_mul,3100,0x00,20,0.468189173,0.000278801,66.019179000,3.210685000,62.808494000,141.009623497,134.151957439
avx2_mul,3100,0x00,21,0.468166068,0.000220722,65.712479000,3.210319000,62.502160000,140.361473164,133.504250441
avx2_mul,3100,0x00,22,0.468242725,0.000264231,66.089979000,3.204826000,62.885153000,141.144700231,134.300331207
avx2_mul,3100,0x00,23,0.468214983,0.000298157,66.214064000,3.217399000,62.996665000,141.418080218,134.546452615
avx2_mul,3100,0x00,24,0.468188406,0.000288915,66.221510000,3.222159000,62.999351000,141.442011723,134.559827203
avx2_mul,3100,0x00,25,0.468157095,0.000197944,65.894606000,3.213737000,62.680869000,140.753193017,133.888537900
avx2_mul,3100,0x00,26,0.468220656,0.000283451,66.146987000,3.213859000,62.933128000,141.273107213,134.409123415
avx2_mul,3100,0x00,27,0.468338962,0.000535694,66.215224000,3.230949000,62.984275000,141.383120855,134.484380273
avx2_mul,3100,0x00,28,0.468189408,0.000296184,66.406568000,3.205192000,63.201376000,141.836972143,134.991041957
avx2_mul,3100,0x00,29,0.468179806,0.000187859,66.098281000,3.215629000,62.882652000,141.181401007,134.313037709
avx2_mul,3100,0x00,30,0.468247955,0.000269165,66.404494000,3.217216000,63.187278000,141.814808407,134.944055493
avx2_mul,3100,0x00,31,0.468157969,0.000198970,66.070021000,3.206474000,62.863547000,141.127622310,134.278493994
avx2_mul,3100,0x00,32,0.468172624,0.000518940,66.327345000,3.220695000,63.106650000,141.672839515,134.793550048
avx2_mul,3100,0x00,33,0.468048193,0.000204254,66.153639000,3.216789000,62.936850000,141.339374843,134.466601808
avx2_mul,3100,0x00,34,0.468121822,0.000250909,66.219069000,3.217460000,63.001609000,141.456915504,134.583790070
avx2_mul,3100,0x00,35,0.468157151,0.000239647,65.977370000,3.210807000,62.766563000,140.929963110,134.071567389
avx2_mul,3100,0x00,36,0.468127900,0.000214247,65.789871000,3.208061000,62.581810000,140.538239517,133.685281176
avx2_mul,3100,0x00,37,0.468178514,0.000282759,66.215040000,3.198722000,63.016318000,141.431180693,134.598910726
avx2_mul,3100,0x00,38,0.468121424,0.000491266,66.663831000,3.227226000,63.436605000,142.407135441,135.513142054
avx2_mul,3100,0x00,39,0.468179813,0.000226301,65.968093000,3.210685000,62.757408000,140.903326346,134.045523191
avx2_mul,3100,0x00,40,0.468265398,0.000256850,66.338270000,3.234000000,63.104270000,141.668101687,134.761761789
avx2_mul,3100,0x00,41,0.468153812,0.000512380,66.414258000,3.226555000,63.187703000,141.864182996,134.972099838
avx2_mul,3100,0x00,42,0.468115131,0.000222541,66.198378000,3.227225000,62.971153000,141.414736601,134.520652681
avx2_mul,3100,0x00,43,0.468195947,0.000305776,66.143996000,3.227592000,62.916404000,141.274174570,134.380496788
avx2_mul,3100,0x00,44,0.468212546,0.000282368,65.888076000,3.233146000,62.654930000,140.722576900,133.817281371
avx2_mul,3100,0x00,45,0.468208457,0.000249905,66.268995000,3.210990000,63.058005000,141.537372989,134.679337957
avx2_mul,3100,0x00,46,0.468136647,0.000260355,66.133803000,3.222465000,62.911338000,141.270296759,134.386697658
avx2_mul,3100,0x00,47,0.468162238,0.000268621,66.211928000,3.229851000,62.982077000,141.429450361,134.530450959
avx2_mul,3100,0x00,48,0.468260974,0.000571104,66.463758000,3.230948000,63.232810000,141.937427494,135.037540078
avx2_mul,3100,0x00,49,0.468242160,0.000225681,66.250075000,3.221550000,63.028525000,141.486779053,134.606685211
avx2_mul,3100,0x00,50,0.468049029,0.000231515,66.322523000,3.215446000,63.107077000,141.699947968,134.830056560
avx2_mul,3100,0x00,51,0.468134873,0.000251163,66.134352000,3.218314000,62.916038000,141.272004810,134.397246729
avx2_mul,3100,0x00,52,0.468138888,0.000307768,66.142653000,3.226127000,62.916526000,141.288525074,134.397136463
avx2_mul,3100,0x00,53,0.468151529,0.000227786,65.935134000,3.205070000,62.730064000,140.841436715,133.995213219
avx2_mul,3100,0x00,54,0.468181689,0.000264183,66.112502000,3.195426000,62.917076000,141.211208327,134.386024694
avx2_mul,3100,0x00,55,0.468190417,0.000225687,65.779067000,3.212394000,62.566673000,140.496397698,133.635099635
avx2_mul,3100,0x00,56,0.468119612,0.000305736,66.161268000,3.229057000,62.932211000,141.334108332,134.436176874
avx2_mul,3100,0x00,57,0.468091394,0.000205314,66.060683000,3.217460000,62.843223000,141.127745334,134.254173114
avx2_mul,3100,0x00,58,0.468288150,0.000656909,66.490369000,3.234183000,63.256186000,141.986016559,135.079621424
avx2_mul,3100,0x00,59,0.468245660,0.000463092,66.310499000,3.223075000,63.087424000,141.614764877,134.731465623
avx2_mul,3100,0x00,60,0.468211701,0.000261628,66.157545000,3.218925000,62.938620000,141.298358858,134.423423886
avx2_mul,3100,0x00,61,0.468201376,0.000257017,65.948501000,3.211051000,62.737450000,140.854991956,133.996722914
avx2_mul,3100,0x00,62,0.468169924,0.000245483,66.081740000,3.211052000,62.870688000,141.149049922,134.290318009
avx2_mul,3100,0x00,63,0.468970542,0.004095039,68.226754000,3.345511000,64.881243000,145.481960884,138.348227093
avx2_mul,3100,0x00,64,0.467938717,0.000184571,65.992507000,3.228080000,62.764427000,141.028097414,134.129587244
avx2_mul,3100,0x00,65,0.467990477,0.000234898,65.905898000,3.205497000,62.700401000,140.827433952,133.977942014
avx2_mul,3100,0x00,66,0.468254104,0.000601377,66.417189000,3.262260000,63.154929000,141.840057521,134.873199196
avx2_mul,3100,0x00,67,0.468158705,0.000212167,66.090163000,3.220023000,62.870140000,141.170424161,134.292365581
avx2_mul,3100,0x00,68,0.468180791,0.000215776,65.891860000,3.217887000,62.673973000,140.740203991,133.867032210
avx2_mul,3100,0x00,69,0.468113882,0.000382433,66.014784000,3.228324000,62.786460000,141.022914720,134.126464674
avx2_mul,3100,0x00,70,0.467954624,0.000160508,66.641431000,3.241630000,63.399801000,142.410027642,135.482796174
avx2_mul,3100,0x00,71,0.468192348,0.000293748,66.262221000,3.207145000,63.055076000,141.527774436,134.677715876
avx2_mul,3100,0x00,72,0.468175826,0.000259895,66.191542000,3.224357000,62.967185000,141.381802241,134.494737973
avx2_mul,3100,0x00,73,0.468157247,0.000248895,65.742873000,3.222037000,62.520836000,140.429040609,133.546658625
avx2_mul,3100,0x00,74,0.468189032,0.000215330,66.006850000,3.218742000,62.788108000,140.983332540,134.108455557
avx2_mul,3100,0x00,75,0.468297831,0.000645574,66.428724000,3.243583000,63.185141000,141.851444995,134.925119938
avx2_mul,3100,0x00,76,0.468133045,0.000209968,65.727371000,3.211295000,62.516076000,140.403186011,133.543394689
avx2_mul,3100,0x00,77,0.470148162,0.010050719,70.850527000,3.588248000,67.262279000,150.698296368,143.066132100
avx2_mul,3100,0x00,78,0.467965135,0.000180391,65.789992000,3.233878000,62.556114000,140.587379474,133.676868928
avx2_mul,3100,0x00,79,0.468082114,0.000306567,65.988784000,3.211601000,62.777183000,140.976939775,134.115748322
avx2_mul,3100,0x00,80,0.468210033,0.000462890,66.274794000,3.210990000,63.063804000,141.549281911,134.691269968
avx2_mul,3100,0x00,81,0.468158410,0.000265828,66.119947000,3.224235000,62.895712000,141.234132576,134.347072708
avx2_mul,3100,0x00,82,0.468190085,0.000240187,66.100295000,3.215934000,62.884361000,141.182603226,134.313739269
avx2_mul,3100,0x00,83,0.468278786,0.000660550,66.331800000,3.239982000,63.091818000,141.650234759,134.731317876
avx2_mul,3100,0x00,84,0.468113351,0.000223196,66.224806000,3.212699000,63.012107000,141.471730818,134.608651625
avx2_mul,3100,0x00,85,0.469007355,0.004271590,67.873178000,3.369437000,64.503741000,144.716660125,137.532472151
avx2_mul,3100,0x00,86,0.468011179,0.000218691,65.770889000,3.216362000,62.554527000,140.532730640,133.660326428
avx2_mul,3100,0x00,87,0.468165977,0.000283437,66.004042000,3.224357000,62.779685000,140.984277484,134.097068334
avx2_mul,3100,0x00,88,0.469594922,0.007469886,69.729131000,3.496329000,66.232802000,148.487830204,141.042415361
avx2_mul,3100,0x00,89,0.467983880,0.000190513,65.800307000,3.199088000,62.601219000,140.603789515,133.767895941
avx2_mul,3100,0x00,90,0.468105519,0.000291890,65.989944000,3.227592000,62.762352000,140.972369138,134.077359637
avx2_mul,3100,0x00,91,0.468320700,0.000669309,66.658093000,3.252250000,63.405843000,142.334287199,135.389793820
avx2_mul,3100,0x00,92,0.468120970,0.000251186,66.353590000,3.225333000,63.128257000,141.744536663,134.854580420
avx2_mul,3100,0x00,93,0.468218408,0.000267391,66.208571000,3.228019000,62.980552000,141.405313981,134.511054925
avx2_mul,3100,0x00,94,0.468214364,0.000357382,66.054457000,3.224052000,62.830405000,141.077382613,134.191536627
avx2_mul,3100,0x00,95,0.468112402,0.000241684,65.812698000,3.221305000,62.591393000,140.591656564,133.710178976
avx2_mul,3100,0x00,96,0.468154729,0.000274841,65.883620000,3.228080000,62.655540000,140.730438003,133.835110875
avx2_mul,3100,0x00,97,0.468160355,0.000240917,65.767654000,3.192375000,62.575279000,140.481040796,133.662063148
avx2_mul,3100,0x00,98,0.468180232,0.000265176,66.016311000,3.230766000,62.785545000,141.006190431,134.105501815
avx2_mul,3100,0x00,99,0.468172976,0.000233023,65.758377000,3.223869000,62.534508000,140.457438663,133.571374819
avx2_mul,3100,0xAA,0,0.468102181,0.000232801,66.022902000,3.224296000,62.798606000,141.043782095,134.155764624
avx2_mul,3100,0xAA,1,0.468143135,0.000252293,65.818618000,3.233695000,62.584923000,140.595072638,133.687580545
avx2_mul,3100,0xAA,2,0.468138274,0.000276233,65.665115000,3.232169000,62.432946000,140.268631325,133.364327239
avx2_mul,3100,0xAA,3,0.468317199,0.000589737,66.087782000,3.237052000,62.850730000,141.117563236,134.205470313
avx2_mul,3100,0xAA,4,0.468170249,0.000237143,65.420304000,3.215080000,62.205224000,139.736141189,132.868810325
avx2_mul,3100,0xAA,5,0.468248832,0.000258037,65.825759000,3.208060000,62.617699000,140.578586772,133.727400429
avx2_mul,3100,0xAA,6,0.468186204,0.000249944,65.363419000,3.228630000,62.134789000,139.609878359,132.713840048
avx2_mul,3100,0xAA,7,0.468188343,0.000219066,65.539505000,3.226859000,62.312646000,139.985341305,133.093117166
avx2_mul,3100,0xAA,8,0.468256145,0.000442757,65.952407000,3.245841000,62.706566000,140.846858411,133.915094605
avx2_mul,3100,0xAA,9,0.468192986,0.000218270,65.408585000,3.229423000,62.179162000,139.704324725,132.806692565
avx2_mul,3100,0xAA,10,0.468209610,0.000273530,65.865554000,3.225089000,62.640465000,140.675356866,133.787226145
avx2_mul,3100,0xAA,11,0.468214309,0.000226943,65.218400000,3.211112000,62.007288000,139.291770267,132.433560391
avx2_mul,3100,0xAA,12,0.468120608,0.000315256,65.543472000,3.215263000,62.328209000,140.014070797,133.145620781
avx2_mul,3100,0xAA,13,0.468260305,0.000489164,65.981093000,3.225883000,62.755210000,140.906867997,134.017787362
avx2_mul,3100,0xAA,14,0.468114563,0.000228972,65.809218000,3.224052000,62.585166000,140.583573288,133.696259256
avx2_mul,3100,0xAA,15,0.468232591,0.000278733,65.614700000,3.220267000,62.394433000,140.132705884,133.255211536
avx2_mul,3100,0xAA,16,0.468262169,0.000290063,65.718643000,3.227897000,62.490746000,140.345830371,133.452476155
avx2_mul,3100,0xAA,17,0.468225028,0.000232593,65.884658000,3.218254000,62.666404000,140.711525441,133.838219222
avx2_mul,3100,0xAA,18,0.468211690,0.000222733,65.304642000,3.208366000,62.096276000,139.476743853,132.624360484
avx2_mul,3100,0xAA,19,0.468200691,0.000266188,65.476211000,3.220512000,62.255699000,139.846463821,132.967977604
avx2_mul,3100,0xAA,20,0.468255910,0.000254266,65.322586000,3.218558000,62.104028000,139.501893239,132.628391101
avx2_mul,3100,0xAA,21,0.468429264,0.001291114,65.986708000,3.263114000,62.723594000,140.868030727,133.901954420
avx2_mul,3100,0xAA,22,0.468126119,0.000210093,65.587113000,3.209099000,62.378014000,140.105647459,133.250445689
avx2_mul,3100,0xAA,23,0.468180113,0.000253465,65.652481000,3.204398000,62.448083000,140.229110896,133.384740726
avx2_mul,3100,0xAA,24,0.468341604,0.000548418,65.878616000,3.236625000,62.641991000,140.663599886,133.752778870
avx2_mul,3100,0xAA,25,0.468270853,0.000656471,65.885940000,3.237480000,62.648460000,140.700493257,133.786802219
avx2_mul,3100,0xAA,26,0.468206702,0.000291087,65.841262000,3.225211000,62.616051000,140.624347620,133.735913543
avx2_mul,3100,0xAA,27,0.468224048,0.000385820,65.489030000,3.232292000,62.256738000,139.866865563,132.963563581
avx2_mul,3100,0xAA,28,0.471099343,0.015057377,73.058895000,3.776540000,69.282355000,155.081717174,147.065276354
avx2_mul,3100,0xAA,29,0.468056765,0.000268464,65.271927000,3.214286000,62.057641000,139.453014913,132.585715385
avx2_mul,3100,0xAA,30,0.468040391,0.000249601,65.349687000,3.224784000,62.124903000,139.624033004,132.734063544
avx2_mul,3100,0xAA,31,0.468409901,0.001552844,66.190992000,3.256706000,62.934286000,141.309976302,134.357292353
avx2_mul,3100,0xAA,32,0.469248843,0.006051305,68.982978000,3.443655000,65.539323000,147.007241484,139.668587270
avx2_mul,3100,0xAA,33,0.468004148,0.000221118,65.597672000,3.235038000,62.362634000,140.164723529,133.252310435
avx2_mul,3100,0xAA,34,0.468293556,0.000533660,66.234389000,3.231620000,63.002769000,141.437754506,134.536912162
avx2_mul,3100,0xAA,35,0.468253208,0.000395813,66.061537000,3.231010000,62.830527000,141.080799503,134.180665254
avx2_mul,3100,0xAA,36,0.468226325,0.000254852,65.587540000,3.233085000,62.354455000,140.076575223,133.171613179
avx2_mul,3100,0xAA,37,0.468221950,0.000265058,65.560684000,3.230948000,62.329736000,140.020526654,133.120064167
avx2_mul,3100,0xAA,38,0.468100252,0.000290678,65.449295000,3.222526000,62.226769000,139.818969805,132.934705192
avx2_mul,3100,0xAA,39,0.468088294,0.000251892,65.566544000,3.227287000,62.339257000,140.073026522,133.178414880
avx2_mul,3100,0xAA,40,0.468129889,0.000301132,65.842788000,3.202751000,62.640037000,140.650681546,133.809095327
avx2_mul,3100,0xAA,41,0.468155395,0.000314983,65.488175000,3.226860000,62.261315000,139.885550128,132.992838791
avx2_mul,3100,0xAA,42,0.468175198,0.000290763,65.952895000,3.233818000,62.719077000,140.872253083,133.964971337
avx2_mul,3100,0xAA,43,0.468162622,0.000266119,65.753555000,3.217155000,62.536400000,140.450245107,133.578370145
avx2_mul,3100,0xAA,44,0.468173106,0.000309829,65.891738000,3.217643000,62.674095000,140.742253486,133.869490064
avx2_mul,3100,0xAA,45,0.468329137,0.000539100,66.088393000,3.245658000,62.842735000,141.115270743,134.184978046
avx2_mul,3100,0xAA,46,0.468167035,0.000262081,65.610183000,3.228080000,62.382103000,140.142680123,133.247534245
avx2_mul,3100,0xAA,47,0.468266054,0.000253471,65.638138000,3.233817000,62.404321000,140.172744574,133.266805159
avx2_mul,3100,0xAA,48,0.468173775,0.000302407,65.870009000,3.229545000,62.640464000,140.695640300,133.797464506
avx2_mul,3100,0xAA,49,0.468128270,0.000256539,65.674819000,3.200554000,62.474265000,140.292358289,133.455441563
avx2_mul,3100,0xAA,50,0.468166347,0.000285777,65.976882000,3.225882000,62.751000000,140.926152613,134.035691511
avx2_mul,3100,0xAA,51,0.468136810,0.000218103,66.000381000,3.229912000,62.770469000,140.985240981,134.085736542
avx2_mul,3100,0xAA,52,0.468262652,0.000431640,65.485794000,3.241386000,62.244408000,139.848424064,132.926270476
avx2_mul,3100,0xAA,53,0.468190534,0.000271779,65.752701000,3.220145000,62.532556000,140.440047844,133.562196273
avx2_mul,3100,0xAA,54,0.468197924,0.000233507,65.986098000,3.224906000,62.761192000,140.936331735,134.048419954
avx2_mul,3100,0xAA,55,0.468358994,0.000531091,66.049635000,3.236625000,62.813010000,141.023522355,134.112957928
avx2_mul,3100,0xAA,56,0.468220962,0.000249913,66.041396000,3.224113000,62.817283000,141.047499577,134.161620347
avx2_mul,3100,0xAA,57,0.468202168,0.000250868,65.682693000,3.222587000,62.460106000,140.287032908,133.404136549
avx2_mul,3100,0xAA,58,0.468254713,0.000269793,65.656631000,3.178642000,62.477989000,140.215633024,133.427357516
avx2_mul,3100,0xAA,59,0.468215573,0.000278419,66.009536000,3.231498000,62.778038000,140.981077524,134.079346385
avx2_mul,3100,0xAA,60,0.468206721,0.000217475,65.495682000,3.220145000,62.275537000,139.886249070,133.008635283
avx2_mul,3100,0xAA,61,0.468281334,0.000422590,65.902663000,3.240287000,62.662376000,140.733055645,133.813525084
avx2_mul,3100,0xAA,62,0.468249732,0.000302406,65.655715000,3.212577000,62.443138000,140.215168335,133.354348605
avx2_mul,3100,0xAA,63,0.468207666,0.000274481,65.734024000,3.215263000,62.518761000,140.395018618,133.527845710
avx2_mul,3100,0xAA,64,0.468211753,0.000244753,65.530533000,3.213493000,62.317040000,139.959180029,133.095847401
avx2_mul,3100,0xAA,65,0.468251139,0.000294943,65.760208000,3.219901000,62.540307000,140.437902896,133.561462603
avx2_mul,3100,0xAA,66,0.468326683,0.000529205,65.930068000,3.203788000,62.726280000,140.777944815,133.937019211
avx2_mul,3100,0xAA,67,0.468299309,0.000295511,65.905471000,3.224052000,62.681419000,140.733650015,133.849053048
avx2_mul,3100,0xAA,68,0.468225412,0.000258695,66.097182000,3.222831000,62.874351000,141.165302804,134.282227002
avx2_mul,3100,0xAA,69,0.468207960,0.000317548,65.739517000,3.228080000,62.511437000,140.406662458,133.512119273
avx2_mul,3100,0xAA,70,0.468173773,0.000213383,65.684280000,3.198661000,62.485619000,140.298931376,133.466722510
avx2_mul,3100,0xAA,71,0.468191085,0.000215718,65.935806000,3.200980000,62.734826000,140.830973032,133.994063689
avx2_mul,3100,0xAA,72,0.468239471,0.000270077,65.622268000,3.210868000,62.411400000,140.146809633,133.289489396
avx2_mul,3100,0xAA,73,0.468209541,0.000220932,65.720657000,3.211966000,62.508691000,140.365907206,133.505803517
avx2_mul,3100,0xAA,74,0.468191942,0.000245175,65.815322000,3.219901000,62.595421000,140.573376357,133.696066616
avx2_mul,3100,0xAA,75,0.471014123,0.015017437,73.473445000,3.749380000,69.724065000,155.989897981,148.029669579
avx2_mul,3100,0xAA,76,0.467993093,0.000210671,65.981398000,3.218681000,62.762717000,140.987973832,134.110348830
avx2_mul,3100,0xAA,77,0.468259689,0.000582568,66.015029000,3.245048000,62.769981000,140.979526021,134.049508177
avx2_mul,3100,0xAA,78,0.468119184,0.000288467,65.429765000,3.229728000,62.200037000,139.771595015,132.872223850
avx2_mul,3100,0xAA,79,0.468187496,0.000271500,65.285233000,3.226859000,62.058374000,139.442495844,132.550259238
avx2_mul,3100,0xAA,80,0.468142600,0.000278419,65.676346000,3.230278000,62.446068000,140.291325773,133.391124851
avx2_mul,3100,0xAA,81,0.468148666,0.000240434,65.598770000,3.222221000,62.376549000,140.123799979,133.240898807
avx2_mul,3100,0xAA,82,0.468170320,0.000267943,65.643447000,3.232902000,62.410545000,140.212747735,133.307350573
avx2_mul,3100,0xAA,83,0.468183354,0.000309195,65.521988000,3.223014000,62.298974000,139.949418118,133.065333132
avx2_mul,3100,0xAA,84,0.468262618,0.000519320,65.875380000,3.207206000,62.668174000,140.680416069,133.831255206
avx2_mul,3100,0xAA,85,0.468154434,0.000230903,65.904068000,3.208610000,62.695458000,140.774204297,133.920461678
avx2_mul,3100,0xAA,86,0.468304365,0.000761143,66.190809000,3.242851000,62.947958000,141.341430727,134.416765401
avx2_mul,3100,0xAA,87,0.468279556,0.000529835,65.948867000,3.227714000,62.721153000,140.832257398,133.939549918
avx2_mul,3100,0xAA,88,0.468210804,0.000302732,65.993422000,3.219291000,62.774131000,140.948097441,134.072367591
avx2_mul,3100,0xAA,89,0.468238162,0.000259930,65.396744000,3.201652000,62.195092000,139.665557653,132.827900536
avx2_mul,3100,0xAA,90,0.468202923,0.000212132,65.848342000,3.204825000,62.643517000,140.640604245,133.795655522
avx2_mul,3100,0xAA,91,0.468259554,0.000270141,65.793166000,3.216911000,62.576255000,140.505763146,133.635831776
avx2_mul,3100,0xAA,92,0.468211540,0.000228074,65.649124000,3.183524000,62.465600000,140.212528775,133.413200418
avx2_mul,3100,0xAA,93,0.468195519,0.000255642,66.090590000,3.219963000,62.870627000,141.160236007,134.282846397
avx2_mul,3100,0xAA,94,0.468211129,0.000219472,65.467117000,3.202507000,62.264610000,139.823923429,132.984045425
avx2_mul,3100,0xAA,95,0.468240249,0.000322980,65.831740000,3.216361000,62.615379000,140.593936917,133.724896914
avx2_mul,3100,0xAA,96,0.468226768,0.000256084,65.549759000,3.223258000,62.326501000,139.995752998,133.111785189
avx2_mul,3100,0xAA,97,0.468231789,0.000277150,65.765884000,3.211418000,62.554466000,140.455828887,133.597221511
avx2_mul,3100,0xAA,98,0.468377316,0.000565044,65.876846000,3.225517000,62.651329000,140.649095717,133.762517552
avx2_mul,3100,0xAA,99,0.468140160,0.000215086,65.659561000,3.205436000,62.454125000,140.256202384,133.409030799
avx2_mul,3300,0x00,0,0.468059567,0.000254586,66.003859000,3.215995000,62.787864000,141.015938169,134.145028514
avx2_mul,3300,0x00,1,0.468118778,0.000285722,66.149977000,3.223136000,62.926841000,141.310240196,134.424944948
avx2_mul,3300,0x00,2,0.468142580,0.000232530,65.896743000,3.217704000,62.679039000,140.762122076,133.888780199
avx2_mul,3300,0x00,3,0.468164212,0.000345123,66.256850000,3.231621000,63.025229000,141.524807539,134.622056502
avx2_mul,3300,0x00,4,0.468374936,0.001088830,66.346021000,3.259025000,63.086996000,141.651518732,134.693364590
avx2_mul,3300,0x00,5,0.467979175,0.000265713,66.098647000,3.213126000,62.885521000,141.242710094,134.376750733
avx2_mul,3300,0x00,6,0.468217318,0.000495136,66.241652000,3.228569000,63.013083000,141.476296259,134.580846485
avx2_mul,3300,0x00,7,0.468194618,0.000690974,66.362623000,3.232719000,63.129904000,141.741533186,134.836885258
avx2_mul,3300,0x00,8,0.468154645,0.000257556,65.855850000,3.210808000,62.645042000,140.671145173,133.812710603
avx2_mul,3300,0x00,9,0.468146136,0.000239469,66.097426000,3.211845000,62.885581000,141.189728960,134.328954608
avx2_mul,3300,0x00,10,0.468148451,0.000263436,66.166701000,3.219047000,62.947654000,141.337007373,134.460882937
avx2_mul,3300,0x00,11,0.468157068,0.000297774,66.057754000,3.218558000,62.839196000,141.101691207,134.226737859
avx2_mul,3300,0x00,12,0.469881793,0.009045838,70.442142000,3.549186000,66.892956000,149.914602078,142.361242799
avx2_mul,3300,0x00,13,0.468081679,0.000304608,66.169264000,3.232047000,62.937217000,141.362644488,134.457766250
avx2_mul,3300,0x00,14,0.468140727,0.000255814,66.063551000,3.205192000,62.858359000,141.118999362,134.272357288
avx2_mul,3300,0x00,15,0.468173855,0.000278102,66.140395000,3.222770000,62.917625000,141.273149480,134.389445989
avx2_mul,3300,0x00,16,0.468143915,0.000218168,65.664810000,3.221427000,62.443383000,140.266289823,133.385014856
avx2_mul,3300,0x00,17,0.468293015,0.000483095,66.343580000,3.229789000,63.113791000,141.671086041,134.774145669
avx2_mul,3300,0x00,18,0.468102431,0.000254780,66.171400000,3.219291000,62.952109000,141.360940732,134.483619045
avx2_mul,3300,0x00,19,0.468178533,0.000234715,65.940444000,3.216362000,62.724082000,140.844655185,133.974707557
avx2_mul,3300,0x00,20,0.468202486,0.000391330,66.241530000,3.220878000,63.020652000,141.480517384,134.601275828
avx2_mul,3300,0x00,21,0.468179349,0.000304053,65.858718000,3.208793000,62.649925000,140.669848298,133.816079530
avx2_mul,3300,0x00,22,0.468134119,0.000366070,66.316480000,3.196098000,63.120382000,141.661283293,134.833970621
avx2_mul,3300,0x00,23,0.468103010,0.000233968,65.934096000,3.199943000,62.734153000,140.853817603,134.017837207
avx2_mul,3300,0x00,24,0.468143514,0.000275956,65.962660000,3.220389000,62.742271000,140.902646352,134.023582767
avx2_mul,3300,0x00,25,0.468116108,0.000220122,65.711990000,3.196953000,62.515037000,140.375408647,133.546006832
avx2_mul,3300,0x00,26,0.468194353,0.000295429,65.993056000,3.229484000,62.763572000,140.952268203,134.054525887
avx2_mul,3300,0x00,27,0.468209114,0.000524465,66.191664000,3.238456000,62.953208000,141.372010947,134.455323718
avx2_mul,3300,0x00,28,0.468120205,0.000237053,66.154249000,3.218315000,62.935934000,141.318935250,134.443959629
avx2_mul,3300,0x00,29,0.468114626,0.000246053,65.626785000,3.213615000,62.413170000,140.193835761,133.328818475
avx2_mul,3300,0x00,30,0.468250443,0.000424054,66.395216000,3.212638000,63.182578000,141.794240511,134.933300933
avx2_mul,3300,0x00,31,0.468122089,0.000255229,65.951064000,3.165214000,62.785850000,140.884323736,134.122809868
avx2_mul,3300,0x00,32,0.468146275,0.000246017,66.171767000,3.202262000,62.969505000,141.348485556,134.508183346
avx2_mul,3300,0x00,33,0.468158588,0.000269500,65.997206000,3.203788000,62.793418000,140.971900852,134.128518962
avx2_mul,3300,0x00,34,0.468160689,0.000262073,65.930984000,3.208671000,62.722313000,140.829816576,133.976035228
avx2_mul,3300,0x00,35,0.468137610,0.000285712,66.153334000,3.217704000,62.935630000,141.311726674,134.438311825
avx2_mul,3300,0x00,36,0.468118074,0.000221636,65.733291000,3.214287000,62.519004000,140.420322533,133.553920283
avx2_mul,3300,0x00,37,0.468151755,0.000282893,65.740188000,3.202689000,62.537499000,140.424952653,133.583818411
avx2_mul,3300,0x00,38,0.468201442,0.000516301,66.082778000,3.220817000,62.861961000,141.141765172,134.262638561
avx2_mul,3300,0x00,39,0.468162851,0.000390022,66.188124000,3.207878000,62.980246000,141.378419730,134.526363879
avx2_mul,3300,0x00,40,0.470016799,0.009637950,71.008180000,3.527518000,67.480662000,151.075834229,143.570745033
avx2_mul,3300,0x00,41,0.468095384,0.000592495,65.922072000,3.180656000,62.741416000,140.830425226,134.035536604
avx2_mul,3300,0x00,42,0.469438880,0.007046335,69.516973000,3.433524000,66.083449000,148.085248130,140.771145810
avx2_mul,3300,0x00,43,0.468015912,0.000220617,65.568863000,3.193901000,62.374962000,140.099644593,133.275301841
avx2_mul,3300,0x00,44,0.468092512,0.000241464,65.432022000,3.204276000,62.227746000,139.784380934,132.938990508
avx2_mul,3300,0x00,45,0.468165752,0.000280071,65.896438000,3.197380000,62.699058000,140.754503406,133.924913708
avx2_mul,3300,0x00,46,0.468147223,0.000247632,65.824783000,3.198234000,62.626549000,140.607013672,133.775329445
avx2_mul,3300,0x00,47,0.468202073,0.000385042,66.413649000,3.213982000,63.199667000,141.848259127,134.983740185
avx2_mul,3300,0x00,48,0.468169235,0.000321086,66.273084000,3.191337000,63.081747000,141.557964492,134.741333328
avx2_mul,3300,0x00,49,0.468328790,0.000635694,66.407606000,3.219475000,63.188131000,141.796975441,134.922584916
avx2_mul,3300,0x00,50,0.468120615,0.000240322,65.632645000,3.199943000,62.432702000,140.204560432,133.368837116
avx2_mul,3300,0x00,51,0.469469250,0.006836703,68.969489000,3.456595000,65.512894000,146.909491976,139.546720078
avx2_mul,3300,0x00,52,0.467975354,0.000192509,65.645950000,3.200615000,62.445335000,140.276511186,133.437230075
avx2_mul,3300,0x00,53,0.469927570,0.009539915,70.168827000,3.561209000,66.607618000,149.318387660,141.740179377
avx2_mul,3300,0x00,54,0.468003163,0.000216791,65.746353000,3.205863000,62.540490000,140.482710830,133.632622509
avx2_mul,3300,0x00,55,0.468087579,0.000245739,65.372697000,3.214164000,62.158533000,139.659114892,132.792528076
avx2_mul,3300,0x00,56,0.468184625,0.000412659,66.036635000,3.228752000,62.807883000,141.048277771,134.151955617
avx2_mul,3300,0x00,57,0.468155544,0.000261961,65.823990000,3.169730000,62.654260000,140.602820769,133.832143710
avx2_mul,3300,0x00,58,0.468215209,0.000610100,65.625199000,3.233574000,62.391625000,140.160331678,133.254161316
avx2_mul,3300,0x00,59,0.468265770,0.000543559,66.050734000,3.229056000,62.821678000,141.053944547,134.158168249
avx2_mul,3300,0x00,60,0.468138155,0.000267841,65.470109000,3.217033000,62.253076000,139.852110687,132.980137170
avx2_mul,3300,0x00,61,0.468174838,0.000245972,65.507096000,3.198967000,62.308129000,139.920155213,133.087308293
avx2_mul,3300,0x00,62,0.468144379,0.000285137,65.949599000,3.200736000,62.748863000,140.874486383,134.037416152
avx2_mul,3300,0x00,63,0.468167207,0.000255102,65.871719000,3.178398000,62.693321000,140.701266706,133.912243564
avx2_mul,3300,0x00,64,0.468178927,0.000349070,66.155898000,3.207023000,62.948875000,141.304732540,134.454738194
avx2_mul,3300,0x00,65,0.468135756,0.000239411,65.808242000,3.178702000,62.629540000,140.575124121,133.784995489
avx2_mul,3300,0x00,66,0.468182916,0.000260234,65.467728000,3.181144000,62.286584000,139.833654268,133.038993694
avx2_mul,3300,0x00,67,0.469338742,0.007047778,69.264410000,3.451224000,65.813186000,147.578718360,140.225342872
avx2_mul,3300,0x00,68,0.467951082,0.000199576,65.704544000,3.189689000,62.514855000,140.409001009,133.592713752
avx2_mul,3300,0x00,69,0.468039739,0.000236089,65.783829000,3.209526000,62.574303000,140.551802622,133.694423358
avx2_mul,3300,0x00,70,0.468239840,0.000534833,66.285108000,3.226249000,63.058859000,141.562298393,134.672135015
avx2_mul,3300,0x00,71,0.468085126,0.000223205,65.757949000,3.204094000,62.553855000,140.482885297,133.637775668
avx2_mul,3300,0x00,72,0.468174769,0.000278392,66.258619000,3.225760000,63.032859000,141.525394869,134.635318308
avx2_mul,3300,0x00,73,0.468119124,0.000266168,65.968825000,3.200431000,62.768394000,140.923157511,134.086369954
avx2_mul,3300,0x00,74,0.468149104,0.000241415,65.751541000,3.167717000,62.583824000,140.449998661,133.683528376
avx2_mul,3300,0x00,75,0.468158116,0.000266022,65.612869000,3.200859000,62.412010000,140.151087245,133.313954899
avx2_mul,3300,0x00,76,0.468144857,0.000253091,65.589493000,3.204337000,62.385156000,140.105123541,133.260368219
avx2_mul,3300,0x00,77,0.468157497,0.000283443,65.509598000,3.205925000,62.303673000,139.930682206,133.082719678
avx2_mul,3300,0x00,78,0.468144786,0.000230542,65.583694000,3.206657000,62.377037000,140.092757511,133.243045423
avx2_mul,3300,0x00,79,0.468201569,0.000409651,65.830032000,3.223563000,62.606469000,140.601903910,133.716914166
avx2_mul,3300,0x00,80,0.468406530,0.000449686,65.902663000,3.242057000,62.660606000,140.695440305,133.773980437
avx2_mul,3300,0x00,81,0.468219597,0.000369620,66.225782000,3.226982000,62.998800000,141.441713353,134.549686574
avx2_mul,3300,0x00,82,0.468105792,0.000276236,66.111647000,3.225273000,62.886374000,141.232277233,134.342225764
avx2_mul,3300,0x00,83,0.468125687,0.000252718,65.758926000,3.198173000,62.560753000,140.472800054,133.640931839
avx2_mul,3300,0x00,84,0.468127043,0.000248924,65.893630000,3.205985000,62.687645000,140.760143908,133.911607714
avx2_mul,3300,0x00,85,0.468195065,0.000312923,65.973342000,3.229789000,62.743553000,140.909947481,134.011564217
avx2_mul,3300,0x00,86,0.468157356,0.000239473,65.693741000,3.209099000,62.484642000,140.324060143,133.469315776
avx2_mul,3300,0x00,87,0.468210932,0.000335345,65.854446000,3.207450000,62.646996000,140.651235510,133.800797419
avx2_mul,3300,0x00,88,0.468061933,0.000233878,65.604995000,3.208182000,62.396813000,140.163064799,133.308882102
avx2_mul,3300,0x00,89,0.468113726,0.000264807,65.996352000,3.212699000,62.783653000,140.983586626,134.120512925
avx2_mul,3300,0x00,90,0.468093924,0.000343304,66.094741000,3.211295000,62.883446000,141.199741304,134.339376676
avx2_mul,3300,0x00,91,0.468213253,0.000534224,66.293959000,3.216361000,63.077598000,141.589240888,134.719804829
avx2_mul,3300,0x00,92,0.468087665,0.000225659,65.633316000,3.208000000,62.425316000,140.215863262,133.362446175
avx2_mul,3300,0x00,93,0.468177463,0.000278604,65.747024000,3.210807000,62.536217000,140.431843192,133.573745020
avx2_mul,3300,0x00,94,0.468164637,0.000299010,66.095900000,3.220512000,62.875388000,141.180889834,134.301873891
avx2_mul,3300,0x00,95,0.468125898,0.000235100,65.824538000,3.219962000,62.604576000,140.612895486,133.734485186
avx2_mul,3300,0x00,96,0.468184494,0.000409577,65.910049000,3.227531000,62.682518000,140.777940886,133.884224750
avx2_mul,3300,0x00,97,0.468155071,0.000257334,65.130509000,3.209464000,61.921045000,139.121656466,132.266098987
avx2_mul,3300,0x00,98,0.468167003,0.000367157,65.975600000,3.215446000,62.760154000,140.923216613,134.055056366
avx2_mul,3300,0x00,99,0.468145620,0.000236464,65.968520000,3.216972000,62.751548000,140.914530024,134.042796393
avx2_mul,3300,0xAA,0,0.468160353,0.000345234,65.109086000,3.188652000,61.920434000,139.074326975,132.263301693
avx2_mul,3300,0xAA,1,0.468180763,0.000257240,65.506791000,3.196097000,62.310694000,139.917732897,133.091102566
avx2_mul,3300,0xAA,2,0.468089225,0.000313612,65.713088000,3.213187000,62.499901000,140.385816454,133.521340988
avx2_mul,3300,0xAA,3,0.468211991,0.000524197,66.009231000,3.233391000,62.775840000,140.981504604,134.075677627
avx2_mul,3300,0xAA,4,0.468164814,0.000355572,65.770949000,3.221976000,62.548973000,140.486741161,133.604600714
avx2_mul,3300,0xAA,5,0.468217956,0.000369320,65.740921000,3.231010000,62.509911000,140.406663590,133.506009824
avx2_mul,3300,0xAA,6,0.468176008,0.000415196,65.975356000,3.213066000,62.762290000,140.919984904,134.057040319
avx2_mul,3300,0xAA,7,0.468102911,0.000216554,65.761978000,3.220084000,62.541894000,140.486154635,133.607145935
avx2_mul,3300,0xAA,8,0.468167705,0.000323212,65.383012000,3.192374000,62.190638000,139.657245196,132.838376734
avx2_mul,3300,0xAA,9,0.468155860,0.000244487,65.406998000,3.211906000,62.195092000,139.712013741,132.851251606
avx2_mul,3300,0xAA,10,0.468157043,0.000308420,65.714675000,3.222648000,62.492027000,140.368869790,133.485179693
avx2_mul,3300,0xAA,11,0.468139177,0.000249256,65.214311000,3.221061000,61.993250000,139.305390947,132.424828154
avx2_mul,3300,0xAA,12,0.468276765,0.000613851,65.851089000,3.233513000,62.617576000,140.624292911,133.719160648
avx2_mul,3300,0xAA,13,0.468231266,0.000571344,65.637894000,3.221000000,62.416894000,140.182637921,133.303558639
avx2_mul,3300,0xAA,14,0.468135664,0.000279792,65.963454000,3.226555000,62.736899000,140.906705048,134.014354721
avx2_mul,3300,0xAA,15,0.468097887,0.000224819,65.828018000,3.210380000,62.617638000,140.628744090,133.770392264
avx2_mul,3300,0xAA,16,0.468293532,0.000660727,66.016432000,3.222465000,62.793967000,140.972333706,134.091040707
avx2_mul,3300,0xAA,17,0.469725284,0.008311970,69.404852000,3.492605000,65.912247000,147.756261609,140.320841128
avx2_mul,3300,0xAA,18,0.468127401,0.000265927,65.412186000,3.192374000,62.219812000,139.731589991,132.912134440
avx2_mul,3300,0xAA,19,0.468116366,0.000305915,65.739517000,3.219840000,62.519677000,140.434135206,133.555845457
avx2_mul,3300,0xAA,20,0.468127926,0.000246688,65.361527000,3.204399000,62.157128000,139.623216903,132.778081589
avx2_mul,3300,0xAA,21,0.468136875,0.000319456,65.314164000,3.211539000,62.102625000,139.519374670,132.659118248
avx2_mul,3300,0xAA,22,0.468161042,0.000281602,65.692214000,3.214958000,62.477256000,140.319693549,133.452488231
avx2_mul,3300,0xAA,23,0.468133318,0.000296485,65.914870000,3.212822000,62.702048000,140.803628882,133.940579671
avx2_mul,3300,0xAA,24,0.468287115,0.000442206,65.836623000,3.217704000,62.618919000,140.590293521,133.719073078
avx2_mul,3300,0xAA,25,0.468243196,0.000768267,65.839065000,3.235771000,62.603294000,140.608695679,133.698246088
avx2_mul,3300,0xAA,26,0.468103121,0.000230897,65.573257000,3.142997000,62.430260000,140.082930648,133.368604550
avx2_mul,3300,0xAA,27,0.468154102,0.000299196,65.813430000,3.202018000,62.611412000,140.580697230,133.741030570
avx2_mul,3300,0xAA,28,0.468095211,0.000217792,65.492142000,3.204215000,62.287927000,139.912010262,133.066789625
avx2_mul,3300,0xAA,29,0.468183642,0.000300464,65.632279000,3.212760000,62.419519000,140.184904153,133.322725062
avx2_mul,3300,0xAA,30,0.467916669,0.000153878,65.541520000,3.202324000,62.339196000,140.070923654,133.227132413
avx2_mul,3300,0xAA,31,0.468113604,0.000417363,65.923477000,3.217521000,62.705956000,140.827945325,133.954568918
avx2_mul,3300,0xAA,32,0.468134017,0.000607141,66.106154000,3.221061000,62.885093000,141.212028125,134.331389500
avx2_mul,3300,0xAA,33,0.468047865,0.000232032,65.510697000,3.194633000,62.316064000,139.965806692,133.140365880
avx2_mul,3300,0xAA,34,0.468085453,0.000246571,65.629471000,3.182242000,62.447229000,140.208311430,133.409890376
avx2_mul,3300,0xAA,35,0.468278251,0.000614167,65.921462000,3.201285000,62.720177000,140.774126940,133.937838920
avx2_mul,3300,0xAA,36,0.468079327,0.000251534,65.972426000,3.212822000,62.759604000,140.942832229,134.078991386
avx2_mul,3300,0xAA,37,0.468178582,0.000277204,65.457169000,3.206840000,62.250329000,139.812395476,132.962786958
avx2_mul,3300,0xAA,38,0.468153137,0.000324503,65.598404000,3.218375000,62.380029000,140.121679810,133.247059640
avx2_mul,3300,0xAA,39,0.468184338,0.000334928,65.812087000,3.222770000,62.589317000,140.568749589,133.685200233
avx2_mul,3300,0xAA,40,0.468138270,0.000316553,65.861465000,3.216911000,62.644554000,140.688060047,133.816348828
avx2_mul,3300,0xAA,41,0.468113510,0.000235554,65.451065000,3.208549000,62.242516000,139.818791045,132.964579548
avx2_mul,3300,0xAA,42,0.468241100,0.000671458,65.870925000,3.246024000,62.624901000,140.677366799,133.744989443
avx2_mul,3300,0xAA,43,0.468103493,0.000206931,65.472672000,3.210502000,62.262170000,139.867941575,133.009411253
avx2_mul,3300,0xAA,44,0.468508913,0.001861694,66.670422000,3.286185000,63.384237000,142.303422880,135.289287380
avx2_mul,3300,0xAA,45,0.468179520,0.000435962,65.809585000,3.237174000,62.572411000,140.564852250,133.650466070
avx2_mul,3300,0xAA,46,0.468215723,0.000376750,66.242262000,3.224784000,63.017478000,141.478081045,134.590691660
avx2_mul,3300,0xAA,47,0.468150379,0.000284219,65.483903000,3.231376000,62.252527000,139.877923649,132.975491987
avx2_mul,3300,0xAA,48,0.468203292,0.000393398,66.036757000,3.234183000,62.802574000,141.042914741,134.135267881
avx2_mul,3300,0xAA,49,0.468104808,0.000229322,66.003127000,3.198356000,62.804771000,141.000745789,134.168181912
avx2_mul,3300,0xAA,50,0.468187959,0.000268810,65.895828000,3.211540000,62.684288000,140.746524432,133.887014402
avx2_mul,3300,0xAA,51,0.468148889,0.000252838,65.844985000,3.212394000,62.632591000,140.649666254,133.787759550
avx2_mul,3300,0xAA,52,0.468174609,0.000230398,65.846206000,3.210258000,62.635948000,140.644547396,133.787580064
avx2_mul,3300,0xAA,53,0.468168086,0.000296094,66.041701000,3.216606000,62.825095000,141.064081395,134.193459292
avx2_mul,3300,0xAA,54,0.468157243,0.000255527,65.674332000,3.214957000,62.459375000,140.282635785,133.415376871
avx2_mul,3300,0xAA,55,0.468146666,0.000336110,65.803604000,3.220512000,62.583092000,140.561940806,133.682660803
avx2_mul,3300,0xAA,56,0.468199106,0.000464610,66.513563000,3.240287000,63.273276000,142.062558614,135.141812813
avx2_mul,3300,0xAA,57,0.468125504,0.000289144,66.037001000,3.226920000,62.810081000,141.066872923,134.173593297
avx2_mul,3300,0xAA,58,0.468179441,0.000265412,65.451492000,3.218986000,62.232506000,139.800013111,132.924474124
avx2_mul,3300,0xAA,59,0.468241613,0.000831242,65.952345000,3.248160000,62.704185000,140.851097251,133.914165744
avx2_mul,3300,0xAA,60,0.468127479,0.000261135,65.732742000,3.229239000,62.503503000,140.416328915,133.518124583
avx2_mul,3300,0xAA,61,0.469527934,0.007043754,69.409735000,3.457816000,65.951919000,147.828765806,140.464313663
avx2_mul,3300,0xAA,62,0.468023870,0.000206265,65.634781000,3.212760000,62.422021000,140.238105676,133.373584007
avx2_mul,3300,0xAA,63,0.468200771,0.000459121,66.157423000,3.230278000,62.927145000,141.301396895,134.402053283
avx2_mul,3300,0xAA,64,0.468134667,0.000247882,65.510392000,3.208182000,62.302210000,139.939202462,133.086084709
avx2_mul,3300,0xAA,65,0.468206546,0.000416027,65.993483000,3.233207000,62.760276000,140.949509633,134.043995323
avx2_mul,3300,0xAA,66,0.468249501,0.000498150,66.387892000,3.235221000,63.152671000,141.778884694,134.869702743
avx2_mul,3300,0xAA,67,0.468258673,0.000779091,66.117323000,3.225089000,62.892234000,141.198288153,134.310879146
avx2_mul,3300,0xAA,68,0.468138365,0.000234006,65.516800000,3.210136000,62.306664000,139.951785323,133.094547724
avx2_mul,3300,0xAA,69,0.468173533,0.000295998,66.026076000,3.192008000,62.834068000,141.029065905,134.211064081
avx2_mul,3300,0xAA,70,0.468110394,0.000212550,65.481278000,3.207633000,62.273645000,139.884264010,133.031963702
avx2_mul,3300,0xAA,71,0.468178272,0.000289079,65.645157000,3.222403000,62.422754000,140.214018614,133.331163962
avx2_mul,3300,0xAA,72,0.467915732,0.000225500,65.630935000,3.220939000,62.409996000,140.262296193,133.378708445
avx2_mul,3300,0xAA,73,0.468067494,0.000458040,65.824477000,3.227103000,62.597374000,140.630310594,133.735785671
avx2_mul,3300,0xAA,74,0.468035178,0.000273272,65.880325000,3.227531000,62.652794000,140.759344771,133.863429355
avx2_mul,3300,0xAA,75,0.468096954,0.000240056,65.512223000,3.215568000,62.296655000,139.954388605,133.084939931
avx2_mul,3300,0xAA,76,0.468120238,0.000279586,65.462174000,3.221061000,62.241113000,139.840512599,132.959671438
avx2_mul,3300,0xAA,77,0.468221028,0.000460347,65.833816000,3.224906000,62.608910000,140.604142174,133.716570266
avx2_mul,3300,0xAA,78,0.468460140,0.001616087,66.749952000,3.221000000,63.528952000,142.488007494,135.612289109
avx2_mul,3300,0xAA,79,0.468041046,0.000258871,65.511001000,3.207450000,62.303551000,139.968495349,133.115570747
avx2_mul,3300,0xAA,80,0.468172548,0.000313783,65.802810000,3.215751000,62.587059000,140.552474213,133.683743842
avx2_mul,3300,0xAA,81,0.468160896,0.000270554,65.494400000,3.212027000,62.282373000,139.897203194,133.036256397
avx2_mul,3300,0xAA,82,0.468176344,0.000444714,65.499527000,3.233817000,62.265710000,139.903538185,132.996275478
avx2_mul,3300,0xAA,83,0.470012442,0.009944431,70.722048000,3.576346000,67.145702000,150.468459312,142.859413932
avx2_mul,3300,0xAA,84,0.468165602,0.000800576,65.938613000,3.242789000,62.695824000,140.844634213,133.918048867
avx2_mul,3300,0xAA,85,0.468114522,0.000236096,65.451798000,3.219963000,62.231835000,139.820054493,132.941474899
avx2_mul,3300,0xAA,86,0.468192663,0.000293717,65.625747000,3.226310000,62.399437000,140.168251654,133.277263701
avx2_mul,3300,0xAA,87,0.468053535,0.000237103,65.467118000,3.183402000,62.283716000,139.871004393,133.069641377
avx2_mul,3300,0xAA,88,0.468261762,0.000670078,66.063735000,3.236686000,62.827049000,141.082916236,134.170786611
avx2_mul,3300,0xAA,89,0.468060945,0.000182326,65.209000000,3.202324000,62.006676000,139.317327586,132.475645890
avx2_mul,3300,0xAA,90,0.468189339,0.000300645,65.707961000,3.225029000,62.482932000,140.344846618,133.456545817
avx2_mul,3300,0xAA,91,0.468162711,0.000315387,65.824966000,3.221183000,62.603783000,140.602752832,133.722275337
avx2_mul,3300,0xAA,92,0.468130507,0.000220413,65.309281000,3.199638000,62.109643000,139.510841493,132.675914159
avx2_mul,3300,0xAA,93,0.468169194,0.000289925,65.806228000,3.206779000,62.599449000,140.560782114,133.711166538
avx2_mul,3300,0xAA,94,0.469772087,0.008380182,69.402533000,3.509512000,65.893021000,147.736604486,140.265934990
avx2_mul,3300,0xAA,95,0.468092804,0.000394458,65.457412000,3.184257000,62.273155000,139.838535170,133.035916171
avx2_mul,3300,0xAA,96,0.468109614,0.000233370,65.068925000,3.212882000,61.856043000,139.003607475,132.140082553
avx2_mul,3300,0xAA,97,0.468171593,0.000457398,65.614334000,3.222648000,62.391686000,140.150182179,133.266706012
avx2_mul,3300,0xAA,98,0.468222582,0.000462524,65.650283000,3.216788000,62.433495000,140.211697297,133.341486161
avx2_mul,3300,0xAA,99,0.468226445,0.000262739,65.813003000,3.210075000,62.602928000,140.558064913,133.702247526
avx2_mul,3500,0x00,0,0.468089216,0.000226957,65.760024000,3.194083000,62.565941000,140.486090637,133.662427771
avx2_mul,3500,0x00,1,0.468084647,0.000208244,65.875564000,3.190360000,62.685204000,140.734297497,133.918521721
avx2_mul,3500,0x00,2,0.468249595,0.000759780,66.341199000,3.205559000,63.135640000,141.679137992,134.833303989
avx2_mul,3500,0x00,3,0.468141756,0.000233719,66.036330000,3.213126000,62.823204000,141.060542408,134.196967518
avx2_mul,3500,0x00,4,0.468298130,0.001045369,66.675366000,3.244987000,63.430379000,142.378031834,135.448713105
avx2_mul,3500,0x00,5,0.468109470,0.000219191,65.892654000,3.202263000,62.690391000,140.763343134,133.922500974
avx2_mul,3500,0x00,6,0.468255300,0.000551277,66.306959000,3.242546000,63.064413000,141.604289326,134.679549769
avx2_mul,3500,0x00,7,0.468113850,0.000230346,66.346327000,3.216178000,63.130149000,141.731177235,134.860673399
avx2_mul,3500,0x00,8,0.468148936,0.000265903,65.942153000,3.217399000,62.724754000,140.857210012,133.984612955
avx2_mul,3500,0x00,9,0.468083505,0.000242812,66.133559000,3.199394000,62.934165000,141.285813830,134.450721452
avx2_mul,3500,0x00,10,0.468154740,0.000337239,65.876540000,3.198661000,62.677879000,140.715311492,133.882824859
avx2_mul,3500,0x00,11,0.467982246,0.000200638,65.938796000,3.214347000,62.724449000,140.900208413,134.031685029
avx2_mul,3500,0x00,12,0.468095845,0.000445991,66.153945000,3.229667000,62.924278000,141.325640243,134.426055396
avx2_mul,3500,0x00,13,0.468020356,0.000223054,65.880080000,3.208305000,62.671775000,140.763278979,133.908224587
avx2_mul,3500,0x00,14,0.468044846,0.000262185,65.912917000,3.217948000,62.694969000,140.826071729,133.950773283
avx2_mul,3500,0x00,15,0.468030909,0.000212426,65.706497000,3.200614000,62.505883000,140.389225843,133.550758687
avx2_mul,3500,0x00,16,0.468073797,0.000276312,65.947097000,3.213859000,62.733238000,140.890384087,134.024246690
avx2_mul,3500,0x00,17,0.468198194,0.000453343,66.077345000,3.217277000,62.860068000,141.131140213,134.259526782
avx2_mul,3500,0x00,18,0.468099083,0.000225565,65.522659000,3.208488000,62.314171000,139.976046396,133.121753973
avx2_mul,3500,0x00,19,0.468161845,0.000397767,66.047500000,3.219474000,62.828026000,141.078348750,134.201508964
avx2_mul,3500,0x00,20,0.468125331,0.000301380,66.063979000,3.213676000,62.850303000,141.124554911,134.259564306
avx2_mul,3500,0x00,21,0.468691197,0.002411956,67.260509000,3.294426000,63.966083000,143.507088260,136.478097701
avx2_mul,3500,0x00,22,0.468009033,0.000207495,65.767349000,3.219596000,62.547753000,140.525811294,133.646465436
avx2_mul,3500,0x00,23,0.468102551,0.000269698,65.953139000,3.218254000,62.734885000,140.894636953,134.019532359
avx2_mul,3500,0x00,24,0.468134100,0.000225935,65.682632000,3.209464000,62.473168000,140.307300803,133.451436214
avx2_mul,3500,0x00,25,0.468154200,0.000276861,65.895034000,3.213371000,62.681663000,140.754977633,133.891061860
avx2_mul,3500,0x00,26,0.468136916,0.000253242,65.821670000,3.215568000,62.606102000,140.603459758,133.734597484
avx2_mul,3500,0x00,27,0.468142802,0.000277747,65.836990000,3.209647000,62.627343000,140.634416921,133.778288863
avx2_mul,3500,0x00,28,0.468283099,0.000509593,66.313124000,3.199577000,63.113547000,141.609048204,134.776478325
avx2_mul,3500,0x00,29,0.468223139,0.000404087,65.987135000,3.218315000,62.768820000,140.930956993,134.057492751
avx2_mul,3500,0x00,30,0.468153391,0.000230538,65.829299000,3.210502000,62.618797000,140.614807530,133.757008227
avx2_mul,3500,0x00,31,0.468112366,0.000280651,66.183547000,3.202384000,62.981163000,141.383889461,134.542831132
avx2_mul,3500,0x00,32,0.468138967,0.000222516,65.760147000,3.188712000,62.571435000,140.471423264,133.659958670
avx2_mul,3500,0x00,33,0.468156102,0.000275187,66.090529000,3.187370000,62.903159000,141.171991080,134.363642349
avx2_mul,3500,0x00,34,0.468136256,0.000231843,65.958022000,3.207633000,62.750389000,140.894923475,134.043001716
avx2_mul,3500,0x00,35,0.468168741,0.000250137,65.925185000,3.204277000,62.720908000,140.815008012,133.970730041
avx2_mul,3500,0x00,36,0.468146175,0.000335020,66.338026000,3.177116000,63.160910000,141.703659238,134.917069552
avx2_mul,3500,0x00,37,0.468255735,0.000179019,65.691848000,3.186760000,62.505088000,140.290535908,133.484938534
avx2_mul,3500,0x00,38,0.468351661,0.001073735,66.808362000,3.240470000,63.567892000,142.645724643,135.726842373
avx2_mul,3500,0x00,39,0.468013009,0.000205283,66.371046000,3.215507000,63.155539000,141.814532263,134.943981795
avx2_mul,3500,0x00,40,0.468101418,0.000256215,66.222853000,3.226737000,62.996116000,141.471165101,134.577921724
avx2_mul,3500,0x00,41,0.468128223,0.000314690,66.169752000,3.203910000,62.965842000,141.349631937,134.505545544
avx2_mul,3500,0x00,42,0.468109584,0.000272083,66.118605000,3.199028000,62.919577000,141.245997101,134.412067383
avx2_mul,3500,0x00,43,0.468097067,0.000226535,65.876418000,3.209098000,62.667320000,140.732387744,133.876762654
avx2_mul,3500,0x00,44,0.468170638,0.000362134,66.173292000,3.229790000,62.943502000,141.344387440,134.445642111
avx2_mul,3500,0x00,45,0.468112220,0.000242161,66.146743000,3.200858000,62.945885000,141.305311234,134.467510680
avx2_mul,3500,0x00,46,0.468179335,0.000354818,66.325697000,3.203544000,63.122153000,141.667288604,134.824731149
avx2_mul,3500,0x00,47,0.468126305,0.000208297,66.098402000,3.202202000,62.896200000,141.197794769,134.357328932
avx2_mul,3500,0x00,48,0.468153879,0.000274723,66.017653000,3.192557000,62.825096000,141.016994521,134.197533778
avx2_mul,3500,0x00,49,0.468284114,0.000519978,66.322218000,3.221000000,63.101218000,141.628161210,134.749858267
avx2_mul,3500,0x00,50,0.468033698,0.000241113,66.307813000,3.221366000,63.086447000,141.673160038,134.790394943
avx2_mul,3500,0x00,51,0.470629411,0.013345906,72.762814000,3.690909000,69.071905000,154.607451861,146.764956441
avx2_mul,3500,0x00,52,0.467954113,0.000412043,65.906936000,3.174064000,62.732872000,140.840595560,134.057742476
avx2_mul,3500,0x00,53,0.467970096,0.000189295,65.668411000,3.179069000,62.489342000,140.326083988,133.532767434
avx2_mul,3500,0x00,54,0.468045712,0.000224788,65.659073000,3.149833000,62.509240000,140.283462452,133.553707382
avx2_mul,3500,0x00,55,0.468236809,0.001003655,66.417005000,3.214286000,63.202719000,141.844903472,134.980244528
avx2_mul,3500,0x00,56,0.468044170,0.000213877,65.632218000,3.196220000,62.435998000,140.226547518,133.397662111
avx2_mul,3500,0x00,57,0.470650974,0.013386246,72.582639000,3.678824000,68.903815000,154.217547572,146.401088663
avx2_mul,3500,0x00,58,0.467976902,0.000201241,65.770705000,3.187552000,62.583153000,140.542630841,133.731286124
avx2_mul,3500,0x00,59,0.468222946,0.000479820,66.186232000,3.202812000,62.983420000,141.356233297,134.515876525
avx2_mul,3500,0x00,60,0.468097530,0.000224877,66.038161000,3.162040000,62.876121000,141.077781527,134.322693536
avx2_mul,3500,0x00,61,0.468162357,0.000273827,66.189466000,3.194083000,62.995383000,141.381435265,134.558838465
avx2_mul,3500,0x00,62,0.468189655,0.000319568,66.179030000,3.182915000,62.996115000,141.350901955,134.552556526
avx2_mul,3500,0x00,63,0.468146471,0.000352847,66.068739000,3.155510000,62.913229000,141.128349956,134.387916790
avx2_mul,3500,0x00,64,0.468111827,0.000224391,65.627091000,3.169914000,62.457177000,140.195327825,133.423625383
avx2_mul,3500,0x00,65,0.468149157,0.000265584,65.782181000,3.184318000,62.597863000,140.515431815,133.713501384
avx2_mul,3500,0x00,66,0.468149441,0.000225982,65.664809000,3.181266000,62.483543000,140.264631855,133.469224831
avx2_mul,3500,0x00,67,0.468025243,0.000281231,65.855422000,3.182914000,62.672508000,140.709124145,133.908392670
avx2_mul,3500,0x00,68,0.468343511,0.001323880,66.486768000,3.241691000,63.245077000,141.961544001,135.039934282
avx2_mul,3500,0x00,69,0.468073295,0.000337070,65.932083000,3.196220000,62.735863000,140.858458887,134.029998402
avx2_mul,3500,0x00,70,0.468214001,0.000440770,66.474866000,3.208366000,63.266500000,141.975391205,135.123041657
avx2_mul,3500,0x00,71,0.468138269,0.000292865,66.197462000,3.181266000,63.016196000,141.405790486,134.610221292
avx2_mul,3500,0x00,72,0.468096596,0.000263277,66.217359000,3.204276000,63.013083000,141.460885629,134.615554925
avx2_mul,3500,0x00,73,0.468089304,0.000246607,65.923171000,3.213005000,62.710166000,140.834602300,133.970516813
avx2_mul,3500,0x00,74,0.468121022,0.000224549,65.737442000,3.206107000,62.531335000,140.428305631,133.579420734
avx2_mul,3500,0x00,75,0.468133137,0.000246900,65.859756000,3.219840000,62.639916000,140.685952018,133.807908684
avx2_mul,3500,0x00,76,0.468165801,0.000272223,66.315138000,3.215141000,63.099997000,141.648830123,134.781303717
avx2_mul,3500,0x00,77,0.468139126,0.000238616,65.540726000,3.205253000,62.335473000,140.002666515,133.155870725
avx2_mul,3500,0x00,78,0.468146414,0.000272450,65.893691000,3.200798000,62.692893000,140.754450103,133.917277143
avx2_mul,3500,0x00,79,0.468122147,0.000227760,65.743301000,3.215873000,62.527428000,140.440484319,133.570753795
avx2_mul,3500,0x00,80,0.469062397,0.004198849,68.494454000,3.342948000,65.151506000,146.024184397,138.897311684
avx2_mul,3500,0x00,81,0.468031887,0.000212887,65.997634000,3.206169000,62.791465000,141.010977741,134.160656024
avx2_mul,3500,0x00,82,0.468125595,0.000265022,66.117079000,3.211478000,62.905601000,141.237906518,134.377615101
avx2_mul,3500,0x00,83,0.468197857,0.000323583,66.379957000,3.219046000,63.160911000,141.777575382,134.902178688
avx2_mul,3500,0x00,84,0.468114919,0.000265528,65.755447000,3.214896000,62.540551000,140.468599293,133.600849797
avx2_mul,3500,0x00,85,0.468115410,0.000237418,65.925185000,3.217216000,62.707969000,140.831050724,133.958352381
avx2_mul,3500,0x00,86,0.468160046,0.000354188,65.967482000,3.227530000,62.739952000,140.907970594,134.013896596
avx2_mul,3500,0x00,87,0.468105085,0.000224614,65.875625000,3.194206000,62.681419000,140.728283362,133.904589058
avx2_mul,3500,0x00,88,0.468050320,0.000211210,66.525342000,3.214470000,63.310872000,142.132884496,135.265097282
avx2_mul,3500,0x00,89,0.468122345,0.000219476,66.020949000,3.192496000,62.828453000,141.033534673,134.213744862
avx2_mul,3500,0x00,90,0.468146631,0.000260605,65.794876000,3.202263000,62.592613000,140.543307530,133.703008392
avx2_mul,3500,0x00,91,0.469364548,0.005885531,68.700325000,3.418387000,65.281938000,146.368798697,139.085788047
avx2_mul,3500,0x00,92,0.467961673,0.000176216,65.848342000,3.203178000,62.645164000,140.713109330,133.868151319
avx2_mul,3500,0x00,93,0.468160983,0.000672165,66.377943000,3.223808000,63.154135000,141.784440493,134.898330547
avx2_mul,3500,0x00,94,0.468023291,0.000196137,65.937270000,3.182182000,62.755088000,140.884591061,134.085395254
avx2_mul,3500,0x00,95,0.468153891,0.000374824,65.784316000,3.206779000,62.577537000,140.518571617,133.668732142
avx2_mul,3500,0x00,96,0.468128940,0.000241208,65.476334000,3.201652000,62.274682000,139.868161056,133.028908608
avx2_mul,3500,0x00,97,0.468190981,0.000503790,66.246595000,3.169853000,63.076742000,141.494812327,134.724385027
avx2_mul,3500,0x00,98,0.468128110,0.000223662,65.518509000,3.166496000,62.352013000,139.958501969,133.194336492
avx2_mul,3500,0x00,99,0.468133211,0.000237889,65.754165000,3.189934000,62.564231000,140.460372080,133.646213364
avx2_mul,3500,0xAA,0,0.468068869,0.000280520,65.970351000,3.219840000,62.750511000,140.941548145,134.062560425
avx2_mul,3500,0xAA,1,0.468038882,0.000212237,65.531937000,3.203483000,62.328454000,140.013873858,133.169393362
avx2_mul,3500,0xAA,2,0.468119714,0.000285295,65.414689000,3.221367000,62.193322000,139.739231277,132.857728741
avx2_mul,3500,0xAA,3,0.468234428,0.000477379,65.711562000,3.232780000,62.478782000,140.339022668,133.434831504
avx2_mul,3500,0xAA,4,0.471491764,0.017721740,74.801811000,3.862539000,70.939272000,158.649241924,150.457075504
avx2_mul,3500,0xAA,5,0.467995391,0.000189230,65.858962000,3.197074000,62.661888000,140.725663653,133.894241676
avx2_mul,3500,0xAA,6,0.468291886,0.000834470,65.850661000,3.237113000,62.613548000,140.618838172,133.706241363
avx2_mul,3500,0xAA,7,0.468074885,0.000220211,65.536148000,3.214104000,62.322044000,140.012100777,133.145455927
avx2_mul,3500,0xAA,8,0.468102327,0.000233748,65.383134000,3.207023000,62.176111000,139.677011368,132.825896094
avx2_mul,3500,0xAA,9,0.468130107,0.000262635,65.653213000,3.207023000,62.446190000,140.245653875,133.394945173
avx2_mul,3500,0xAA,10,0.469222120,0.005773986,68.463204000,3.405570000,65.057634000,145.907878341,138.649972427
avx2_mul,3500,0xAA,11,0.468063286,0.000257255,65.737258000,3.208488000,62.528770000,140.445234568,133.590417932
avx2_mul,3500,0xAA,12,0.468159359,0.000224318,65.195512000,3.214774000,61.980738000,139.259230381,132.392393395
avx2_mul,3500,0xAA,13,0.468105293,0.000481195,66.029372000,3.219475000,62.809897000,141.056666177,134.178993460
avx2_mul,3500,0xAA,14,0.468059396,0.000230368,65.725906000,3.176749000,62.549157000,140.422148603,133.635084760
avx2_mul,3500,0xAA,15,0.468096408,0.000271157,65.418716000,3.201652000,62.217064000,139.754791688,132.915063921
avx2_mul,3500,0xAA,16,0.468132185,0.000303615,65.941055000,3.214592000,62.726463000,140.859904719,133.993057914
avx2_mul,3500,0xAA,17,0.469889658,0.009148884,69.982426000,3.557059000,66.425367000,148.933743806,141.363755966
avx2_mul,3500,0xAA,18,0.468009562,0.000207244,65.951003000,3.211356000,62.739647000,140.918067289,134.056335695
avx2_mul,3500,0xAA,19,0.468116967,0.000325433,65.977919000,3.179924000,62.797995000,140.943233413,134.150221791
avx2_mul,3500,0xAA,20,0.468102820,0.000221255,65.830642000,3.186455000,62.644187000,140.632867796,133.825698807
avx2_mul,3500,0xAA,21,0.468240307,0.000541304,66.191725000,3.168510000,63.023215000,141.362723393,134.595877497
avx2_mul,3500,0xAA,22,0.468139574,0.000234991,66.247328000,3.071220000,63.176108000,141.511915975,134.951436637
avx2_mul,3500,0xAA,23,0.468133323,0.000269011,66.054763000,3.154350000,62.900413000,141.102458871,134.364314323
avx2_mul,3500,0xAA,24,0.468232809,0.000439244,66.103346000,3.181083000,62.922263000,141.176237001,134.382430716
avx2_mul,3500,0xAA,25,0.468122971,0.000240688,65.890151000,3.205131000,62.685020000,140.753936630,133.907165165
avx2_mul,3500,0xAA,26,0.468896049,0.004058122,68.149850000,3.321219000,64.828631000,145.341062710,138.258002381
avx2_mul,3500,0xAA,27,0.468074926,0.000218081,66.074050000,3.212394000,62.861656000,141.161267747,134.298276761
avx2_mul,3500,0xAA,28,0.469401280,0.006614029,69.245428000,3.440360000,65.805068000,147.518617860,140.189366431
avx2_mul,3500,0xAA,29,0.467889704,0.000070565,65.995741000,3.187370000,62.808371000,141.049782547,134.237557415
avx2_mul,3500,0xAA,30,0.468021427,0.000412124,66.408887000,3.189872000,63.219015000,141.892834824,135.077181058
avx2_mul,3500,0xAA,31,0.468011083,0.000188385,65.680496000,3.151359000,62.529137000,140.339616679,133.606103064
avx2_mul,3500,0xAA,32,0.468070077,0.000268640,65.694656000,3.199638000,62.495018000,140.352180759,133.516370995
avx2_mul,3500,0xAA,33,0.468114283,0.000223925,65.618912000,3.176567000,62.442345000,140.177119825,133.391240581
avx2_mul,3500,0xAA,34,0.468281068,0.000468612,65.904617000,3.213188000,62.691429000,140.737308133,133.875642741
avx2_mul,3500,0xAA,35,0.468088063,0.000239121,66.037307000,3.186210000,62.851097000,141.078810271,134.271950081
avx2_mul,3500,0xAA,36,0.468092680,0.000279483,65.878494000,3.197319000,62.681175000,140.738141943,133.907616411
avx2_mul,3500,0xAA,37,0.468168334,0.000336592,66.117201000,3.199088000,62.918113000,141.225273386,134.392073091
avx2_mul,3500,0xAA,38,0.468192520,0.000383850,66.001784000,3.228385000,62.773399000,140.971461803,134.076039814
avx2_mul,3500,0xAA,39,0.468135279,0.000209692,66.114211000,3.211723000,62.902488000,141.228858304,134.368185453
avx2_mul,3500,0xAA,40,0.468138859,0.000251277,66.051772000,3.183280000,62.868492000,141.094401083,134.294538317
avx2_mul,3500,0xAA,41,0.468136552,0.000227467,65.648697000,3.199759000,62.448938000,140.234076296,133.398978750
avx2_mul,3500,0xAA,42,0.470764464,0.013351189,72.653501000,3.696890000,68.956611000,154.330894994,146.477944558
avx2_mul,3500,0xAA,43,0.467959536,0.000165976,65.743545000,3.206779000,62.536766000,140.489807146,133.637122776
avx2_mul,3500,0xAA,44,0.468147048,0.000317466,65.856887000,3.218254000,62.638633000,140.675642923,133.801191804
avx2_mul,3500,0xAA,45,0.468245533,0.000438832,66.162062000,3.215201000,62.946861000,141.297796385,134.431311234
avx2_mul,3500,0xAA,46,0.468158203,0.000286040,65.931960000,3.223868000,62.708092000,140.832649322,133.946370323
avx2_mul,3500,0xAA,47,0.468167304,0.000255031,66.079482000,3.215996000,62.863486000,141.145016803,134.275686177
avx2_mul,3500,0xAA,48,0.468135700,0.000245800,65.684280000,3.179313000,62.504967000,140.310341606,133.518906987
avx2_mul,3500,0xAA,49,0.468890328,0.003792533,67.916025000,3.333549000,64.582476000,144.844158482,137.734715612
avx2_mul,3500,0xAA,50,0.467996393,0.000188578,66.039626000,3.190483000,62.849143000,141.111399635,134.294075720
avx2_mul,3500,0xAA,51,0.468133984,0.000288729,65.995498000,3.192680000,62.802818000,140.975661232,134.155647932
avx2_mul,3500,0xAA,52,0.468093066,0.000232081,65.742019000,3.187247000,62.554772000,140.446470607,133.637467797
avx2_mul,3500,0xAA,53,0.468221883,0.000636998,65.886184000,3.210990000,62.675194000,140.715729918,133.857891534
avx2_mul,3500,0xAA,54,0.468100394,0.000178280,65.500137000,3.182670000,62.317467000,139.927540768,133.128422376
avx2_mul,3500,0xAA,55,0.468278535,0.000502517,65.726150000,3.218986000,62.507164000,140.356956581,133.482872549
avx2_mul,3500,0xAA,56,0.468122248,0.000181850,66.002700000,3.208366000,62.794334000,140.994580469,134.140887844
avx2_mul,3500,0xAA,57,0.468165677,0.000275242,65.730545000,3.182548000,62.547997000,140.400179219,133.602269517
avx2_mul,3500,0xAA,58,0.468204336,0.000243092,65.673050000,3.192924000,62.480126000,140.265787607,133.446277935
avx2_mul,3500,0xAA,59,0.468097486,0.000315518,65.783889000,3.208244000,62.575645000,140.534591420,133.680796873
avx2_mul,3500,0xAA,60,0.468911770,0.004331197,68.199532000,3.368095000,64.831437000,145.442141360,138.259350881
avx2_mul,3500,0xAA,61,0.468038218,0.000287476,66.049026000,3.225333000,62.823693000,141.118873374,134.227698942
avx2_mul,3500,0xAA,62,0.468098978,0.000221231,65.525894000,3.212517000,62.313377000,139.982988726,133.120087611
avx2_mul,3500,0xAA,63,0.468165964,0.000286410,65.951857000,3.211112000,62.740745000,140.872814475,134.013896385
avx2_mul,3500,0xAA,64,0.468123049,0.000222083,65.951736000,3.207512000,62.744224000,140.885470532,134.033613935
avx2_mul,3500,0xAA,65,0.468188424,0.000295360,65.546829000,3.215018000,62.331811000,140.000960457,133.134028605
avx2_mul,3500,0xAA,66,0.468267467,0.000528998,66.003432000,3.201225000,62.802207000,140.952418589,134.116101256
avx2_mul,3500,0xAA,67,0.468119454,0.000230206,65.657119000,3.181694000,62.475425000,140.257189696,133.460433065
avx2_mul,3500,0xAA,68,0.468183326,0.000272541,65.521683000,3.214530000,62.307153000,139.948775247,133.082810945
avx2_mul,3500,0xAA,69,0.468164549,0.000251379,65.724380000,3.191398000,62.532982000,140.387349032,133.570519342
avx2_mul,3500,0xAA,70,0.468178395,0.000288793,65.778335000,3.207512000,62.570823000,140.498441839,133.647395241
avx2_mul,3500,0xAA,71,0.468135943,0.000234990,65.530533000,3.202201000,62.328332000,139.981844836,133.141521966
avx2_mul,3500,0xAA,72,0.468175957,0.000302601,65.858107000,3.200797000,62.657310000,140.669562266,133.832822897
avx2_mul,3500,0xAA,73,0.468153721,0.000219173,65.634292000,3.208183000,62.426109000,140.198163564,133.345322598
avx2_mul,3500,0xAA,74,0.468043264,0.000262551,66.104934000,3.198722000,62.906212000,141.236802524,134.402558239
avx2_mul,3500,0xAA,75,0.468092326,0.000243151,65.682510000,3.194450000,62.488060000,140.319561733,133.495160169
avx2_mul,3500,0xAA,76,0.468163039,0.000291485,65.809646000,3.223197000,62.586449000,140.569930724,133.685156127
avx2_mul,3500,0xAA,77,0.468276597,0.000543978,66.227003000,3.227531000,62.999472000,141.427103979,134.534743738
avx2_mul,3500,0xAA,78,0.468116740,0.000286761,66.129470000,3.220634000,62.908836000,141.267048185,134.387067769
avx2_mul,3500,0xAA,79,0.468127229,0.000252929,65.652115000,3.198600000,62.453515000,140.244170779,133.411412921
avx2_mul,3500,0xAA,80,0.468177472,0.000336203,66.056960000,3.221855000,62.835105000,141.093845604,134.212149687
avx2_mul,3500,0xAA,81,0.468108617,0.000231832,65.979568000,3.197684000,62.781884000,140.949270187,134.118197482
avx2_mul,3500,0xAA,82,0.468375585,0.001282686,66.518629000,3.234061000,63.284568000,142.019847159,135.115001768
avx2_mul,3500,0xAA,83,0.467900931,0.000127813,65.634293000,3.170951000,62.463342000,140.273909820,133.496938906
avx2_mul,3500,0xAA,84,0.468069195,0.000248074,65.377457000,3.184990000,62.192467000,139.674769795,132.870241668
avx2_mul,3500,0xAA,85,0.468160458,0.000287984,65.879226000,3.215324000,62.663902000,140.719330177,133.851334497
avx2_mul,3500,0xAA,86,0.468190974,0.000214152,65.503555000,3.196769000,62.306786000,139.907769677,133.079852918
avx2_mul,3500,0xAA,87,0.468257928,0.000636073,66.089736000,3.202079000,62.887657000,141.139598720,134.301318338
avx2_mul,3500,0xAA,88,0.468008394,0.000140117,66.040846000,3.175712000,62.865134000,141.110387711,134.324800022
avx2_mul,3500,0xAA,89,0.468165806,0.000287196,66.030837000,3.209709000,62.821128000,141.041563094,134.185639483
avx2_mul,3500,0xAA,90,0.468167814,0.000261937,65.985366000,3.204948000,62.780418000,140.943832503,134.098107739
avx2_mul,3500,0xAA,91,0.468229939,0.000786469,66.125014000,3.234183000,62.890831000,141.223378853,134.316125100
avx2_mul,3500,0xAA,92,0.468045830,0.000204172,65.513199000,3.174980000,62.338219000,139.971760885,133.188279874
avx2_mul,3500,0xAA,93,0.468120339,0.000283766,65.762894000,3.206412000,62.556482000,140.482881219,133.633334784
avx2_mul,3500,0xAA,94,0.468107367,0.000213637,65.791335000,3.216605000,62.574730000,140.547531781,133.676020609
avx2_mul,3500,0xAA,95,0.468163554,0.000311112,66.048903000,3.226066000,62.822837000,141.080830483,134.189935255
avx2_mul,3500,0xAA,96,0.468197036,0.000201213,65.594986000,3.203971000,62.391015000,140.101241393,133.258030625
avx2_mul,3500,0xAA,97,0.468166979,0.000300845,65.575149000,3.223930000,62.351219000,140.067864590,133.181582247
avx2_mul,3500,0xAA,98,0.468248925,0.000455531,66.257948000,3.222892000,63.035056000,141.501548573,134.618688136
avx2_mul,3500,0xAA,99,0.468122146,0.000244128,65.297868000,3.219536000,62.078332000,139.488952869,132.611397458
avx2_mul,3700,0x00,0,0.468040157,0.000210342,66.263441000,3.178336000,63.085105000,141.576401104,134.785667547
avx2_mul,3700,0x00,1,0.468174304,0.000625853,66.369276000,3.225822000,63.143454000,141.761893737,134.871677915
avx2_mul,3700,0x00,2,0.468023011,0.000201559,66.201673000,3.216422000,62.985251000,141.449611428,134.577252748
avx2_mul,3700,0x00,3,0.468123314,0.000280452,66.242445000,3.213920000,63.028525000,141.506400300,134.640858878
avx2_mul,3700,0x00,4,0.468053745,0.000235321,66.037612000,3.203300000,62.834312000,141.089805808,134.245933638
avx2_mul,3700,0x00,5,0.468066026,0.000229417,66.013930000,3.218193000,62.795737000,141.035508578,134.159997812
avx2_mul,3700,0x00,6,0.468197547,0.000502609,66.205336000,3.223442000,62.981894000,141.404704870,134.519914426
avx2_mul,3700,0x00,7,0.468081731,0.000199311,66.345899000,3.214774000,63.131125000,141.739988139,134.872012341
avx2_mul,3700,0x00,8,0.468150336,0.000355258,66.080764000,3.206474000,62.874290000,141.152871051,134.303631066
avx2_mul,3700,0x00,9,0.468077619,0.000223549,66.210158000,3.221733000,62.988425000,141.451236477,134.568333155
avx2_mul,3700,0x00,10,0.468094558,0.000262771,66.164381000,3.218620000,62.945761000,141.348323419,134.472319535
avx2_mul,3700,0x00,11,0.471482187,0.017561043,75.118826000,3.860952000,71.257874000,159.324844204,151.135877354
avx2_mul,3700,0x00,12,0.467909241,0.000160819,66.259535000,3.194633000,63.064902000,141.607665012,134.780202071
avx2_mul,3700,0x00,13,0.468013241,0.000216270,66.023879000,3.202018000,62.821861000,141.072673220,134.230947986
avx2_mul,3700,0x00,14,0.468029280,0.000244739,66.159193000,3.211356000,62.947837000,141.356953159,134.495510643
avx2_mul,3700,0x00,15,0.468071690,0.000228461,65.828384000,3.201042000,62.627342000,140.637396945,133.798611196
avx2_mul,3700,0x00,16,0.468115169,0.000379432,65.835647000,3.200004000,62.635643000,140.639849592,133.803916450
avx2_mul,3700,0x00,17,0.468191401,0.000478454,66.367140000,3.178764000,63.188376000,141.752154906,134.962700863
avx2_mul,3700,0x00,18,0.468075357,0.000323338,65.826492000,3.199699000,62.626793000,140.632252864,133.796389897
avx2_mul,3700,0x00,19,0.468785107,0.003527489,67.961740000,3.328971000,64.632769000,144.974187413,137.872914467
avx2_mul,3700,0x00,20,0.468011655,0.000254408,66.048354000,3.202994000,62.845360000,141.125446843,134.281613013
avx2_mul,3700,0x00,21,0.468061293,0.000225290,66.067274000,3.200675000,62.866599000,141.150902602,134.312749037
avx2_mul,3700,0x00,22,0.468080681,0.000238422,66.024550000,3.218070000,62.806480000,141.053781163,134.178748444
avx2_mul,3700,0x00,23,0.468080744,0.000226766,65.636978000,3.181755000,62.455223000,140.225759800,133.428310771
avx2_mul,3700,0x00,24,0.468050499,0.000247646,66.274001000,3.197746000,63.076255000,141.595834578,134.763781181
avx2_mul,3700,0x00,25,0.468096342,0.000330680,65.985183000,3.203056000,62.782127000,140.964961867,134.122233752
avx2_mul,3700,0x00,26,0.468080297,0.000217188,66.064284000,3.172966000,62.891318000,141.138784036,134.360105211
avx2_mul,3700,0x00,27,0.468244162,0.000553598,66.246535000,3.227714000,63.018821000,141.478613972,134.585385473
avx2_mul,3700,0x00,28,0.468102500,0.000227071,66.045852000,3.199943000,62.845909000,141.092713636,134.256725793
avx2_mul,3700,0x00,29,0.468089829,0.000266066,66.343825000,3.202934000,63.140891000,141.733105315,134.890542620
avx2_mul,3700,0x00,30,0.468119776,0.000283096,66.221999000,3.204215000,63.017784000,141.463792837,134.618931404
avx2_mul,3700,0x00,31,0.468104312,0.000271556,66.137221000,3.194572000,62.942649000,141.287356876,134.462869433
avx2_mul,3700,0x00,32,0.468056899,0.000232687,65.917373000,3.195487000,62.721886000,140.831965518,134.004831873
avx2_mul,3700,0x00,33,0.468156122,0.000464884,65.927382000,3.220512000,62.706870000,140.823496601,133.944355538
avx2_mul,3700,0x00,34,0.468062026,0.000222788,65.869522000,3.164299000,62.705223000,140.728190702,133.967764034
avx2_mul,3700,0x00,35,0.468210264,0.000773517,65.991957000,3.194389000,62.797568000,140.945130914,134.122578647
avx2_mul,3700,0x00,36,0.468030728,0.000213342,65.915542000,3.188896000,62.726646000,140.835928148,134.022495166
avx2_mul,3700,0x00,37,0.468976153,0.004602873,68.785591000,3.383780000,65.401811000,146.671830859,139.456581260
avx2_mul,3700,0x00,38,0.468106303,0.000473940,66.370924000,3.225334000,63.145590000,141.786008007,134.895833744
avx2_mul,3700,0x00,39,0.468076015,0.000237969,66.425184000,3.221793000,63.203391000,141.911103937,135.028048840
avx2_mul,3700,0x00,40,0.468084133,0.000237169,66.186538000,3.204460000,62.982078000,141.398807147,134.552901087
avx2_mul,3700,0x00,41,0.468319683,0.001025438,66.896252000,3.253410000,63.642842000,142.843135506,135.896150113
avx2_mul,3700,0x00,42,0.468048607,0.000217445,66.102553000,3.218559000,62.883994000,141.230103074,134.353554458
avx2_mul,3700,0x00,43,0.468086796,0.000234886,65.958816000,3.202018000,62.756798000,140.911507307,134.070857184
avx2_mul,3700,0x00,44,0.468204764,0.000875629,66.531446000,3.244865000,63.286581000,142.099036811,135.168596865
avx2_mul,3700,0x00,45,0.467944949,0.000165848,66.041884000,3.215995000,62.825889000,141.131738008,134.259145401
avx2_mul,3700,0x00,46,0.468111131,0.000264105,66.293653000,3.210258000,63.083395000,141.619475965,134.761578790
avx2_mul,3700,0x00,47,0.468091149,0.000247960,65.999709000,3.210807000,62.788902000,140.997558149,134.138195380
avx2_mul,3700,0x00,48,0.468107366,0.000273757,66.078993000,3.213676000,62.865317000,141.162044820,134.296790751
avx2_mul,3700,0x00,49,0.468197770,0.000522382,66.508680000,3.226554000,63.282126000,142.052534744,135.161100811
avx2_mul,3700,0x00,50,0.468061740,0.000397282,66.200575000,3.228568000,62.972007000,141.435561417,134.537821818
avx2_mul,3700,0x00,51,0.468079146,0.000252828,65.962905000,3.203971000,62.758934000,140.922545884,134.077611595
avx2_mul,3700,0x00,52,0.468202156,0.000775571,66.240919000,3.215996000,63.024923000,141.479312197,134.610492909
avx2_mul,3700,0x00,53,0.468119671,0.000237228,65.910659000,3.220023000,62.690636000,140.798738289,133.920106175
avx2_mul,3700,0x00,54,0.468129566,0.000285830,66.338392000,3.208122000,63.130270000,141.709468582,134.856404315
avx2_mul,3700,0x00,55,0.468078640,0.000225213,66.023390000,3.205436000,62.817954000,141.051918178,134.203846663
avx2_mul,3700,0x00,56,0.468092258,0.000255683,66.031447000,3.224235000,62.807212000,141.065027015,134.176993842
avx2_mul,3700,0x00,57,0.468078533,0.000228726,65.560440000,3.205253000,62.355187000,140.062907061,133.215224937
avx2_mul,3700,0x00,58,0.468085363,0.000229634,65.886184000,3.207084000,62.679100000,140.756770330,133.905276457
avx2_mul,3700,0x00,59,0.468273811,0.000646393,66.299025000,3.220329000,63.078696000,141.581748632,134.704727273
avx2_mul,3700,0x00,60,0.468089473,0.000224147,66.050307000,3.174491000,62.875816000,141.106157679,134.324353809
avx2_mul,3700,0x00,61,0.468250408,0.000923189,66.476698000,3.234671000,63.242027000,141.968265121,135.060271133
avx2_mul,3700,0x00,62,0.467969819,0.000215052,66.148451000,3.227714000,62.920737000,141.351959859,134.454690265
avx2_mul,3700,0x00,63,0.468144514,0.000298851,66.258924000,3.222343000,63.036581000,141.535192688,134.651969873
avx2_mul,3700,0x00,64,0.469198462,0.005604429,69.122015000,3.411735000,65.710280000,147.319355596,140.047944286
avx2_mul,3700,0x00,65,0.467952492,0.000170722,65.819717000,3.218131000,62.601586000,140.654699206,133.777652807
avx2_mul,3700,0x00,66,0.468037480,0.000240787,66.116408000,3.218559000,62.897849000,141.263063014,134.386350915
avx2_mul,3700,0x00,67,0.468086497,0.000311206,66.136427000,3.219108000,62.917319000,141.291037774,134.413872940
avx2_mul,3700,0x00,68,0.468055522,0.000198909,65.770401000,3.210441000,62.559960000,140.518374335,133.659271405
avx2_mul,3700,0x00,69,0.468208550,0.000668172,66.253309000,3.224846000,63.028463000,141.503842549,134.616215236
avx2_mul,3700,0x00,70,0.468201816,0.000515401,66.300551000,3.237723000,63.062828000,141.606778806,134.691549328
avx2_mul,3700,0x00,71,0.468071068,0.000234915,66.242872000,3.219596000,63.023276000,141.523107255,134.644673149
avx2_mul,3700,0x00,72,0.468114105,0.000249741,66.073073000,3.212822000,62.860251000,141.147366121,134.284035228
avx2_mul,3700,0x00,73,0.468085176,0.000251753,66.033827000,3.224723000,62.809104000,141.072245845,134.183065913
avx2_mul,3700,0x00,74,0.468064137,0.000224027,65.774306000,3.213249000,62.561057000,140.524130885,133.659155022
avx2_mul,3700,0x00,75,0.468105594,0.000294483,66.285414000,3.225212000,63.060202000,141.603550267,134.713626194
avx2_mul,3700,0x00,76,0.468058903,0.000201065,65.912063000,3.203239000,62.708824000,140.820017764,133.976351334
avx2_mul,3700,0x00,77,0.468094271,0.000236857,66.093520000,3.214774000,62.878746000,141.197028129,134.329236326
avx2_mul,3700,0x00,78,0.468052441,0.000700407,66.142775000,3.216239000,62.926536000,141.314881072,134.443345492
avx2_mul,3700,0x00,79,0.467951575,0.000149748,65.998305000,3.217521000,62.780784000,141.036612473,134.160856158
avx2_mul,3700,0x00,80,0.468182972,0.000506522,66.440259000,3.235832000,63.204427000,141.910883103,134.999414309
avx2_mul,3700,0x00,81,0.468114925,0.000218544,66.285719000,3.226859000,63.058860000,141.601379267,134.708074163
avx2_mul,3700,0x00,82,0.468026151,0.000272303,66.090834000,3.220817000,62.870017000,141.211840019,134.330136953
avx2_mul,3700,0x00,83,0.468099736,0.000276990,66.250990000,3.224540000,63.026450000,141.531782579,134.643207869
avx2_mul,3700,0x00,84,0.468093103,0.000276747,66.052382000,3.218315000,62.834067000,141.109496416,134.234122733
avx2_mul,3700,0x00,85,0.468071366,0.000227823,65.717788000,3.209953000,62.507835000,140.401214086,133.543385908
avx2_mul,3700,0x00,86,0.468011894,0.000249959,66.148146000,3.193169000,62.954977000,141.338600308,134.515763020
avx2_mul,3700,0x00,87,0.468070315,0.000216540,65.645401000,3.218925000,62.426476000,140.246879253,133.369867628
avx2_mul,3700,0x00,88,0.468154466,0.000322170,66.174208000,3.224418000,62.949790000,141.351226466,134.463717681
avx2_mul,3700,0x00,89,0.468115707,0.000236221,65.949355000,3.223991000,62.725364000,140.882593831,133.995426935
avx2_mul,3700,0x00,90,0.468130183,0.000279784,65.921402000,3.230643000,62.690759000,140.818525271,133.917361626
avx2_mul,3700,0x00,91,0.468190492,0.000492932,66.331984000,3.234245000,63.097739000,141.677341058,134.769372921
avx2_mul,3700,0x00,92,0.468091207,0.000362041,66.217848000,3.221671000,62.996177000,141.463558713,134.580987647
avx2_mul,3700,0x00,93,0.468117256,0.000214128,65.748794000,3.222465000,62.526329000,140.453685935,133.569801692
avx2_mul,3700,0x00,94,0.468104025,0.000244364,65.955458000,3.224724000,62.730734000,140.899147224,134.010242569
avx2_mul,3700,0x00,95,0.468085271,0.000294151,65.967483000,3.207146000,62.760337000,140.930482344,134.078854661
avx2_mul,3700,0x00,96,0.468063204,0.000208437,65.745437000,3.226982000,62.518455000,140.462733233,133.568403642
avx2_mul,3700,0x00,97,0.468101943,0.000280197,66.001967000,3.223014000,62.778953000,140.999130718,134.113848461
avx2_mul,3700,0x00,98,0.468033987,0.000226304,66.076552000,3.220451000,62.856101000,141.178961060,134.298155198
avx2_mul,3700,0x00,99,0.468056232,0.000244229,65.836684000,3.226371000,62.610313000,140.659774293,133.766647406
avx2_mul,3700,0xAA,0,0.470331791,0.011221856,71.267518000,3.641287000,67.626231000,151.526049038,143.784095228
avx2_mul,3700,0xAA,1,0.467960803,0.000201980,65.490189000,3.226493000,62.263696000,139.948022580,133.053229297
avx2_mul,3700,0xAA,2,0.468055166,0.000263121,65.096452000,3.239433000,61.857019000,139.078588954,132.157539391
avx2_mul,3700,0xAA,3,0.468176149,0.000427796,65.787429000,3.235221000,62.552208000,140.518540245,133.608275789
avx2_mul,3700,0xAA,4,0.468046032,0.000266503,65.931472000,3.216301000,62.715171000,140.865358292,133.993596158
avx2_mul,3700,0xAA,5,0.468069053,0.000245632,65.842910000,3.228691000,62.614219000,140.669223030,133.771328415
avx2_mul,3700,0xAA,6,0.468094522,0.000249530,65.977675000,3.221122000,62.756553000,140.949470361,134.068120876
avx2_mul,3700,0xAA,7,0.468092242,0.000234803,64.959490000,3.207512000,61.751978000,138.774976622,131.922669087
avx2_mul,3700,0xAA,8,0.468103059,0.000231183,65.604752000,3.214714000,62.390038000,140.150231180,133.282696489
avx2_mul,3700,0xAA,9,0.469037352,0.005081328,67.735239000,3.403129000,64.332110000,144.413315384,137.157754633
avx2_mul,3700,0xAA,10,0.468022401,0.000182738,65.398575000,3.225944000,62.172631000,139.733856606,132.841143786
avx2_mul,3700,0xAA,11,0.468209853,0.000804144,65.778580000,3.241508000,62.537072000,140.489525281,133.566330525
avx2_mul,3700,0xAA,12,0.468081092,0.000225674,65.157670000,3.221672000,61.935998000,139.201670563,132.318948630
avx2_mul,3700,0xAA,13,0.468088938,0.000263822,65.942397000,3.211417000,62.730980000,140.875785810,134.015087473
avx2_mul,3700,0xAA,14,0.468183184,0.000514270,66.003615000,3.238090000,62.765525000,140.978183916,134.061895352
avx2_mul,3700,0xAA,15,0.468058102,0.000231595,65.537918000,3.218681000,62.319237000,140.020902768,133.144233001
avx2_mul,3700,0xAA,16,0.468130697,0.000327712,65.671646000,3.225211000,62.446435000,140.284853036,133.395300562
avx2_mul,3700,0xAA,17,0.468119652,0.000416458,65.115678000,3.216849000,61.898829000,139.100500720,132.228648650
avx2_mul,3700,0xAA,18,0.468069509,0.000227890,64.969499000,3.189994000,61.779505000,138.803100427,131.987886144
avx2_mul,3700,0xAA,19,0.468219242,0.000827329,65.451371000,3.234733000,62.216638000,139.787871074,132.879284857
avx2_mul,3700,0xAA,20,0.468099366,0.000220437,64.932695000,3.202568000,61.730127000,138.715622731,131.873981329
avx2_mul,3700,0xAA,21,0.468126987,0.000278428,65.855850000,3.186942000,62.668908000,140.679456235,133.871598351
avx2_mul,3700,0xAA,22,0.468089193,0.000210890,65.698685000,3.210624000,62.488061000,140.355056135,133.496055658
avx2_mul,3700,0xAA,23,0.468034092,0.000189865,66.425917000,3.230705000,63.195212000,141.925381443,135.022668464
avx2_mul,3700,0xAA,24,0.468201022,0.000456786,65.715713000,3.236747000,62.478966000,140.357901654,133.444745022
avx2_mul,3700,0xAA,25,0.468131448,0.000239838,65.638504000,3.210563000,62.427941000,140.213831500,133.355580442
avx2_mul,3700,0xAA,26,0.468148181,0.000370016,65.749161000,3.225273000,62.523888000,140.445191798,133.555764188
avx2_mul,3700,0xAA,27,0.468119175,0.000237998,65.647598000,3.219108000,62.428490000,140.236934441,133.360249668
avx2_mul,3700,0xAA,28,0.468240852,0.000905779,65.586746000,3.243277000,62.343469000,140.070533562,133.144019173
avx2_mul,3700,0xAA,29,0.467970295,0.000140817,64.965776000,3.207389000,61.758387000,138.824572124,131.970741800
avx2_mul,3700,0xAA,30,0.468043110,0.000264208,65.854751000,3.182304000,62.672447000,140.702319077,133.903150513
avx2_mul,3700,0xAA,31,0.468051523,0.000208218,65.111101000,3.210441000,61.900660000,139.110969157,132.251807631
avx2_mul,3700,0xAA,32,0.468073374,0.000257447,64.871721000,3.225883000,61.645838000,138.593059504,131.701227629
avx2_mul,3700,0xAA,33,0.468089518,0.000221942,65.379227000,3.214653000,62.164574000,139.672486855,132.804883803
avx2_mul,3700,0xAA,34,0.468012429,0.000344283,65.490433000,3.219414000,62.271019000,139.933106328,133.054199273
avx2_mul,3700,0xAA,35,0.468119837,0.000415983,65.817031000,3.235893000,62.581138000,140.598679735,133.686148486
avx2_mul,3700,0xAA,36,0.468080637,0.000304561,65.508805000,3.225822000,62.282983000,139.951965114,133.060370496
avx2_mul,3700,0xAA,37,0.468223103,0.000216170,65.365067000,3.207816000,62.157251000,139.602395901,132.751354209
avx2_mul,3700,0xAA,38,0.468141357,0.000310033,65.819289000,3.224235000,62.595054000,140.597039806,133.709729057
avx2_mul,3700,0xAA,39,0.468064949,0.000219462,65.705337000,3.208976000,62.496361000,140.376537937,133.520703057
avx2_mul,3700,0xAA,40,0.468105167,0.000255636,65.279923000,3.226920000,62.053003000,139.455676976,132.562097872
avx2_mul,3700,0xAA,41,0.468095113,0.000229882,65.468887000,3.228263000,62.240624000,139.862359618,132.965763367
avx2_mul,3700,0xAA,42,0.468118233,0.000272589,66.046950000,3.230827000,62.816123000,141.090317176,134.188584300
avx2_mul,3700,0xAA,43,0.469778599,0.008659231,69.791631000,3.544364000,66.247267000,148.562814777,141.018060701
avx2_mul,3700,0xAA,44,0.467986344,0.000173159,65.469009000,3.217948000,62.251061000,139.895126951,133.018969042
avx2_mul,3700,0xAA,45,0.468218015,0.000527825,65.769790000,3.239188000,62.530602000,140.468303008,133.550183892
avx2_mul,3700,0xAA,46,0.467996642,0.000180917,65.746475000,3.222587000,62.523888000,140.484928885,133.599009822
avx2_mul,3700,0xAA,47,0.468085353,0.000262187,65.677932000,3.204948000,62.472984000,140.311871690,133.464940935
avx2_mul,3700,0xAA,48,0.468109107,0.000255119,65.739456000,3.217155000,62.522301000,140.436182424,133.563521864
avx2_mul,3700,0xAA,49,0.470328562,0.011630803,70.986390000,3.651480000,67.334910000,150.929362440,143.165683397
avx2_mul,3700,0xAA,50,0.468017918,0.000209013,65.359757000,3.219963000,62.139794000,139.652253720,132.772254306
avx2_mul,3700,0xAA,51,0.468120016,0.000411204,65.507034000,3.229361000,62.277673000,139.936408968,133.037834051
avx2_mul,3700,0xAA,52,0.468083760,0.000220012,65.276261000,3.222648000,62.053613000,139.454231322,132.569463525
avx2_mul,3700,0xAA,53,0.468129160,0.000868935,66.027724000,3.250480000,62.777244000,141.045954188,134.102400399
avx2_mul,3700,0xAA,54,0.467987854,0.000212390,65.245133000,3.222953000,62.022180000,139.416295567,132.529465127
avx2_mul,3700,0xAA,55,0.468067361,0.000268823,65.712540000,3.229362000,62.483178000,140.391203073,133.491849976
avx2_mul,3700,0xAA,56,0.468184158,0.000414306,65.989943000,3.224968000,62.764975000,140.948688261,134.060441528
avx2_mul,3700,0xAA,57,0.468084279,0.000256405,65.582596000,3.232780000,62.349816000,140.108521066,133.202115215
avx2_mul,3700,0xAA,58,0.468110513,0.000225526,65.466569000,3.223502000,62.243067000,139.852806628,132.966607935
avx2_mul,3700,0xAA,59,0.468186780,0.000467696,65.664077000,3.232291000,62.431786000,140.251882080,133.348032717
avx2_mul,3700,0xAA,60,0.468076343,0.000211009,65.501358000,3.219474000,62.281884000,139.937339153,133.059243206
avx2_mul,3700,0xAA,61,0.468086951,0.000229654,65.376969000,3.222159000,62.154810000,139.668428943,132.784752746
avx2_mul,3700,0xAA,62,0.468106165,0.000322174,65.332962000,3.227470000,62.105492000,139.568685321,132.673945958
avx2_mul,3700,0xAA,63,0.468015022,0.000229370,65.467301000,3.213554000,62.253747000,139.882905297,133.016557319
avx2_mul,3700,0xAA,64,0.468066537,0.000277943,65.747696000,3.220084000,62.527612000,140.466559362,133.587016080
avx2_mul,3700,0xAA,65,0.468066053,0.000223545,65.706986000,3.188896000,62.518090000,140.379729557,133.566810789
avx2_mul,3700,0xAA,66,0.468097072,0.000265374,65.686722000,3.213798000,62.472924000,140.327137189,133.461471509
avx2_mul,3700,0xAA,67,0.468198248,0.000494115,66.135817000,3.236076000,62.899741000,141.256011343,134.344246903
avx2_mul,3700,0xAA,68,0.468140906,0.000344554,65.417374000,3.224906000,62.192468000,139.738641126,132.849890407
avx2_mul,3700,0xAA,69,0.468132835,0.000241355,65.465714000,3.209831000,62.255883000,139.844311626,132.987644537
avx2_mul,3700,0xAA,70,0.468209673,0.001120867,65.948378000,3.256645000,62.691733000,140.852233205,133.896706247
avx2_mul,3700,0xAA,71,0.468007371,0.000215305,65.084306000,3.220634000,61.863672000,139.066839622,132.185251426
avx2_mul,3700,0xAA,72,0.468113357,0.000272232,65.654617000,3.229606000,62.425011000,140.253671505,133.354475079
avx2_mul,3700,0xAA,73,0.468076369,0.000208078,65.834366000,3.194328000,62.640038000,140.648770820,133.824397258
avx2_mul,3700,0xAA,74,0.468133142,0.000277795,65.499405000,3.220634000,62.278771000,139.916188694,133.036449337
avx2_mul,3700,0xAA,75,0.468100493,0.000225105,65.500870000,3.213127000,62.287743000,139.929077302,133.064895248
avx2_mul,3700,0xAA,76,0.468039034,0.000285827,65.285782000,3.217094000,62.068688000,139.487900116,132.614340931
avx2_mul,3700,0xAA,77,0.468177999,0.000418542,65.911818000,3.233512000,62.678306000,140.783672291,133.877085466
avx2_mul,3700,0xAA,78,0.468094181,0.000259613,65.730178000,3.223442000,62.506736000,140.420839925,133.534529149
avx2_mul,3700,0xAA,79,0.468231939,0.000760172,65.919753000,3.239005000,62.680748000,140.784400934,133.866878373
avx2_mul,3700,0xAA,80,0.468064273,0.000281912,66.026564000,3.225394000,62.801170000,141.063028698,134.172107547
avx2_mul,3700,0xAA,81,0.468092797,0.000278411,65.818618000,3.225089000,62.593529000,140.610192022,133.720342351
avx2_mul,3700,0xAA,82,0.468097759,0.000228703,65.188737000,3.196953000,61.991784000,139.263082991,132.433413459
avx2_mul,3700,0xAA,83,0.468046072,0.000259791,65.339860000,3.227469000,62.112391000,139.601342611,132.705720159
avx2_mul,3700,0xAA,84,0.468076645,0.000232753,65.159685000,3.217277000,61.942408000,139.207298101,132.333900257
avx2_mul,3700,0xAA,85,0.469058350,0.004579559,68.099496000,3.388541000,64.710955000,145.183421243,137.959285907
avx2_mul,3700,0xAA,86,0.468004507,0.000193410,65.233232000,3.222526000,62.010706000,139.385905444,132.500232444
avx2_mul,3700,0xAA,87,0.468089009,0.000297602,65.662674000,3.230766000,62.431908000,140.278179443,133.376145989
avx2_mul,3700,0xAA,88,0.468186455,0.000468899,65.904372000,3.237784000,62.666588000,140.765225748,133.849639090
avx2_mul,3700,0xAA,89,0.468070072,0.000266700,65.706436000,3.225273000,62.481163000,140.377349313,133.486772040
avx2_mul,3700,0xAA,90,0.468068625,0.000245079,65.801467000,3.218009000,62.583458000,140.580811297,133.705731810
avx2_mul,3700,0xAA,91,0.468083461,0.000264446,65.601700000,3.210868000,62.390832000,140.149578966,133.289973219
avx2_mul,3700,0xAA,92,0.468094148,0.000216620,65.544998000,3.207145000,62.337853000,140.025245584,133.173749971
avx2_mul,3700,0xAA,93,0.468012645,0.000354348,65.217789000,3.222892000,61.994897000,139.350484772,132.464149472
avx2_mul,3700,0xAA,94,0.467988566,0.000187328,65.287614000,3.192192000,62.095422000,139.506857001,132.685767279
avx2_mul,3700,0xAA,95,0.470049405,0.010497778,71.068788000,3.602774000,67.466014000,151.194294221,143.529623308
avx2_mul,3700,0xAA,96,0.467937623,0.000170383,65.129167000,3.223136000,61.906031000,139.183437831,132.295477033
avx2_mul,3700,0xAA,97,0.468087686,0.000228616,65.321183000,3.209709000,62.111474000,139.549031087,132.691963280
avx2_mul,3700,0xAA,98,0.468218971,0.000420269,65.944167000,3.219413000,62.724754000,140.840442506,133.964572021
avx2_mul,3700,0xAA,99,0.468186326,0.000233506,65.615920000,3.187309000,62.428611000,140.149159418,133.341380496
