kernel,freq_mhz,operand,trial,mean_time_s,std_time_s,pkg_J,dram_J,cores_J,pkg_W,cores_W
avx512_fma,800,0x00,0,1.756238071,0.000303562,169.620964000,12.070403000,157.550561000,96.581987848,89.709113833
avx512_fma,800,0x00,1,1.756263547,0.000219596,169.212458000,12.063872000,157.148586000,96.347987341,89.478931714
avx512_fma,800,0x00,2,1.756517094,0.000306912,168.675777000,11.974273000,156.701504000,96.028542828,89.211488192
avx512_fma,800,0x00,3,1.756511317,0.000302204,169.443414000,11.904328000,157.539086000,96.465882309,89.688625662
avx512_fma,800,0x00,4,1.756480955,0.000306217,169.025385000,11.956939000,157.068446000,96.229557460,89.422231161
avx512_fma,800,0x00,5,1.756476458,0.000204725,169.280206000,11.989349000,157.290857000,96.374878965,89.549083522
avx512_fma,800,0x00,6,1.756418706,0.000307722,170.210990000,11.970001000,158.240989000,96.907980686,90.092976404
avx512_fma,800,0x00,7,1.756231925,0.000287248,168.926325000,12.018952000,156.907373000,96.186797793,89.343195970
avx512_fma,800,0x00,8,1.756303689,0.000294671,169.198786000,11.989959000,157.208827000,96.338000667,89.511186448
avx512_fma,800,0x00,9,1.756294625,0.000213398,169.134943000,11.966339000,157.168604000,96.302146925,89.488746240
avx512_fma,800,0x00,10,1.756456044,0.000313143,169.170160000,11.977997000,157.192163000,96.313346738,89.493934980
avx512_fma,800,0x00,11,1.756367447,0.000305955,169.129755000,12.043976000,157.085779000,96.295200265,89.437878909
avx512_fma,800,0x00,12,1.756192864,0.000286954,169.233514000,12.006988000,157.226526000,96.363854700,89.526913130
avx512_fma,800,0x00,13,1.756177020,0.000165627,168.990840000,12.060211000,156.930629000,96.226541017,89.359231591
avx512_fma,800,0x00,14,1.756195095,0.000273072,168.836298000,12.035430000,156.800868000,96.137552403,89.284424278
avx512_fma,800,0x00,15,1.756188153,0.000270747,169.018549000,12.021637000,156.996912000,96.241708928,89.396407653
avx512_fma,800,0x00,16,1.756194299,0.000265142,168.856074000,11.973846000,156.882228000,96.148856720,89.330792222
avx512_fma,800,0x00,17,1.756256827,0.000272907,168.991450000,11.989288000,157.002162000,96.222515630,89.395901313
avx512_fma,800,0x00,18,1.756212686,0.000191388,168.863093000,11.964142000,156.898951000,96.151846719,89.339379132
avx512_fma,800,0x00,19,1.756199313,0.000268353,168.979364000,12.009857000,156.969507000,96.218784921,89.380234815
avx512_fma,800,0x00,20,1.756264671,0.000274442,169.246088000,11.934357000,157.311731000,96.367074294,89.571767642
avx512_fma,800,0x00,21,1.756289584,0.000295167,169.891045000,11.996124000,157.894921000,96.732934310,89.902555023
avx512_fma,800,0x00,22,1.756211236,0.000185163,170.171318000,11.956024000,158.215294000,96.896839331,90.088988571
avx512_fma,800,0x00,23,1.756242636,0.000268916,169.269281000,12.050506000,157.218775000,96.381489405,89.519962555
avx512_fma,800,0x00,24,1.756237439,0.000274130,169.702202000,12.011505000,157.690697000,96.628279433,89.788939414
avx512_fma,800,0x00,25,1.756205137,0.000261993,169.279474000,12.040374000,157.239100000,96.389351372,89.533447270
avx512_fma,800,0x00,26,1.756158907,0.000186632,169.693901000,12.034881000,157.659020000,96.627873647,89.774916918
avx512_fma,800,0x00,27,1.756205581,0.000268967,169.306757000,12.009491000,157.297266000,96.404862163,89.566544868
avx512_fma,800,0x00,28,1.756274569,0.000271900,169.716362000,12.025787000,157.690575000,96.634299106,89.786971694
avx512_fma,800,0x00,29,1.756478383,0.000291305,169.659050000,12.018280000,157.640770000,96.590457161,89.748198174
avx512_fma,800,0x00,30,1.756488968,0.000192443,170.063102000,11.980682000,158.082420000,96.819908965,89.999096414
avx512_fma,800,0x00,31,1.756454241,0.000305218,170.037284000,11.945098000,158.092186000,96.807124258,90.006435849
avx512_fma,800,0x00,32,1.756361705,0.000295626,169.687432000,11.967193000,157.720239000,96.613033358,89.799406662
avx512_fma,800,0x00,33,1.756433246,0.000291638,169.364374000,11.969086000,157.395288000,96.425169779,89.610742858
avx512_fma,800,0x00,34,1.756253758,0.000207627,168.428463000,11.963776000,156.464687000,95.902122463,89.090022592
avx512_fma,800,0x00,35,1.756230720,0.000266756,168.754817000,11.954986000,156.799831000,96.089206878,89.282022684
avx512_fma,800,0x00,36,1.756294025,0.000289853,168.909907000,11.952484000,156.957423000,96.174048659,89.368534417
avx512_fma,800,0x00,37,1.756402303,0.000297534,169.540093000,11.879181000,157.660912000,96.526913427,89.763553471
avx512_fma,800,0x00,38,1.756366351,0.000184579,169.399712000,11.928315000,157.471397000,96.448962310,89.657489111
avx512_fma,800,0x00,39,1.756350436,0.000286520,170.458060000,11.988678000,158.469382000,97.052419893,90.226516728
avx512_fma,800,0x00,40,1.756373272,0.000298642,170.204581000,11.960540000,158.244041000,96.906838507,90.097044602
avx512_fma,800,0x00,41,1.756292144,0.000313448,169.734490000,12.015778000,157.718712000,96.643653854,89.802093899
avx512_fma,800,0x00,42,1.756346485,0.000207405,169.583001000,12.014922000,157.568079000,96.554411346,89.713550445
avx512_fma,800,0x00,43,1.756314100,0.000286923,169.440972000,12.027802000,157.413170000,96.475324079,89.627003498
avx512_fma,800,0x00,44,1.756327844,0.000292587,169.926201000,12.046966000,157.879235000,96.750843855,89.891665462
avx512_fma,800,0x00,45,1.756320223,0.000288815,170.107780000,12.028411000,158.079369000,96.854649743,90.006006286
avx512_fma,800,0x00,46,1.756305190,0.000279489,170.178580000,12.050811000,158.127769000,96.895790638,90.034334515
avx512_fma,800,0x00,47,1.756139489,0.000170771,169.942314000,11.987274000,157.955040000,96.770396105,89.944472496
avx512_fma,800,0x00,48,1.756262256,0.000299225,170.833609000,12.043609000,158.790000000,97.271127017,90.413603913
avx512_fma,800,0x00,49,1.756261976,0.000286422,170.516592000,11.974152000,158.542440000,97.090635870,90.272659871
avx512_fma,800,0x00,50,1.756361504,0.000286857,170.371756000,11.950104000,158.421652000,97.002670333,90.198772633
avx512_fma,800,0x00,51,1.756335859,0.000224497,169.934807000,12.027130000,157.907677000,96.755302338,89.907449212
avx512_fma,800,0x00,52,1.756426250,0.000314499,169.974296000,12.008575000,157.965721000,96.772805580,89.935868931
avx512_fma,800,0x00,53,1.756338716,0.000298112,170.740896000,12.076751000,158.664145000,97.214104797,90.338010289
avx512_fma,800,0x00,54,1.756380118,0.000292324,170.368521000,12.019867000,158.348654000,96.999800469,90.156255113
avx512_fma,800,0x00,55,1.756336299,0.000201384,169.658745000,12.056305000,157.602440000,96.598097462,89.733634770
avx512_fma,800,0x00,56,1.756298166,0.000296409,170.384268000,12.068573000,158.315695000,97.013292683,90.141695801
avx512_fma,800,0x00,57,1.756257752,0.000285557,169.650140000,12.055817000,157.594323000,96.597518131,89.733026294
avx512_fma,800,0x00,58,1.756305761,0.000307150,170.013053000,12.049895000,157.963158000,96.801511889,89.940579545
avx512_fma,800,0x00,59,1.756390242,0.000237529,169.910575000,12.031280000,157.879295000,96.738510033,89.888506136
avx512_fma,800,0x00,60,1.756538280,0.000306720,170.082451000,12.006622000,158.075829000,96.828206342,89.992817590
avx512_fma,800,0x00,61,1.756443477,0.000331620,170.008476000,12.054840000,157.953636000,96.791316207,89.928106456
avx512_fma,800,0x00,62,1.756312223,0.000298103,169.580010000,12.101531000,157.478479000,96.554591949,89.664284609
avx512_fma,800,0x00,63,1.756324858,0.000205739,169.374383000,12.051116000,157.323267000,96.436819296,89.575266353
avx512_fma,800,0x00,64,1.756339036,0.000310184,169.518731000,12.060944000,157.457787000,96.518227717,89.651134431
avx512_fma,800,0x00,65,1.756276303,0.000283515,169.261590000,12.049164000,157.212426000,96.375262630,89.514631432
avx512_fma,800,0x00,66,1.757251205,0.005209752,171.481189000,12.217071000,159.264118000,97.584903345,90.632527404
avx512_fma,800,0x00,67,1.756372325,0.000285462,169.428766000,12.080169000,157.348597000,96.465176296,89.587267309
avx512_fma,800,0x00,68,1.756251256,0.000212876,169.346917000,12.060760000,157.286157000,96.425221847,89.557890105
avx512_fma,800,0x00,69,1.756280872,0.000280451,169.766411000,12.052338000,157.714073000,96.662449431,89.800028852
avx512_fma,800,0x00,70,1.756288406,0.000287385,170.122062000,12.046356000,158.075706000,96.864536266,90.005551171
avx512_fma,800,0x00,71,1.756425961,0.000310929,170.170951000,12.047394000,158.123557000,96.884784639,90.025745735
avx512_fma,800,0x00,72,1.756284806,0.000211149,169.246515000,12.036041000,157.210474000,96.366212627,89.513086663
avx512_fma,800,0x00,73,1.756288336,0.000300893,169.298639000,12.001068000,157.297571000,96.395697421,89.562498250
avx512_fma,800,0x00,74,1.756300521,0.000292320,169.651726000,11.981231000,157.670495000,96.596068817,89.774211819
avx512_fma,800,0x00,75,1.756290210,0.000303061,169.901054000,12.034698000,157.866356000,96.738598783,89.886258590
avx512_fma,800,0x00,76,1.756270918,0.000222317,169.326471000,12.078277000,157.248194000,96.412500635,89.535271800
avx512_fma,800,0x00,77,1.756235466,0.000279524,169.577264000,12.025421000,157.551843000,96.557248340,89.709976869
avx512_fma,800,0x00,78,1.756299334,0.000282173,169.934563000,12.072417000,157.862146000,96.757175543,89.883394540
avx512_fma,800,0x00,79,1.756208245,0.000292469,169.264215000,12.046295000,157.217920000,96.380492184,89.521228747
avx512_fma,800,0x00,80,1.756290886,0.000181187,169.898308000,11.994781000,157.903527000,96.736998046,89.907388500
avx512_fma,800,0x00,81,1.756363151,0.000312555,169.958610000,12.048614000,157.909996000,96.767351258,89.907372448
avx512_fma,800,0x00,82,1.756445898,0.000301253,169.446404000,12.088470000,157.357934000,96.471177489,89.588830579
avx512_fma,800,0x00,83,1.756444700,0.000316175,170.102347000,12.024627000,158.077720000,96.844692581,89.998688832
avx512_fma,800,0x00,84,1.756425862,0.000230136,169.671441000,12.029388000,157.642053000,96.600400082,89.751612291
avx512_fma,800,0x00,85,1.756409901,0.000314438,169.108698000,12.040740000,157.067958000,96.280884022,89.425570811
avx512_fma,800,0x00,86,1.756304113,0.000303493,169.120478000,12.030120000,157.090358000,96.293390643,89.443711300
avx512_fma,800,0x00,87,1.756264908,0.000288633,169.317194000,11.907684000,157.409510000,96.407548353,89.627429961
avx512_fma,800,0x00,88,1.756208196,0.000178460,169.409540000,12.008392000,157.401148000,96.463244152,89.625562819
avx512_fma,800,0x00,89,1.756233415,0.000293444,169.275933000,11.975495000,157.300438000,96.385783113,89.566931530
avx512_fma,800,0x00,90,1.756308338,0.000286028,170.168082000,12.015655000,158.152427000,96.889639642,90.048212805
avx512_fma,800,0x00,91,1.756405148,0.000314533,169.834953000,12.038726000,157.796227000,96.694634016,89.840448914
avx512_fma,800,0x00,92,1.756318878,0.000229964,169.654656000,12.049469000,157.605187000,96.596727451,89.736088903
avx512_fma,800,0x00,93,1.756408496,0.000306529,169.301019000,12.041840000,157.259179000,96.390457818,89.534512842
avx512_fma,800,0x00,94,1.756382212,0.000295279,169.401300000,12.047149000,157.354151000,96.448995459,89.589925197
avx512_fma,800,0x00,95,1.756407795,0.000304113,169.165339000,12.020661000,157.144678000,96.313247689,89.469358113
avx512_fma,800,0x00,96,1.756474199,0.000305592,169.048884000,11.994598000,157.054286000,96.243306105,89.414513512
avx512_fma,800,0x00,97,1.756418591,0.000205077,168.986628000,11.994476000,156.992152000,96.210908287,89.381968956
avx512_fma,800,0x00,98,1.756385675,0.000304113,169.400628000,12.056121000,157.344507000,96.448422714,89.584257756
avx512_fma,800,0x00,99,1.756342058,0.000296640,170.162589000,12.057098000,158.105491000,96.884651943,90.019760253
avx512_fma,800,0xAA,0,1.756251359,0.000178419,169.908440000,12.047454000,157.860986000,96.744944361,89.885189384
avx512_fma,800,0xAA,1,1.756258291,0.000298320,169.852287000,12.034698000,157.817589000,96.712589391,89.860124660
avx512_fma,800,0xAA,2,1.756207443,0.000293429,169.586602000,11.966522000,157.620080000,96.564106194,89.750263074
avx512_fma,800,0xAA,3,1.756327785,0.000312814,169.520745000,12.047882000,157.472863000,96.519992692,89.660292526
avx512_fma,800,0xAA,4,1.756432223,0.000222295,169.820671000,12.005524000,157.815147000,96.685012232,89.849835878
avx512_fma,800,0xAA,5,1.756452013,0.000301912,169.412164000,12.000213000,157.411951000,96.451347775,89.619272143
avx512_fma,800,0xAA,6,1.756484873,0.000300619,169.372796000,12.004975000,157.367821000,96.427130456,89.592471539
avx512_fma,800,0xAA,7,1.756477828,0.000322314,169.525934000,12.023651000,157.502283000,96.514701907,89.669382936
avx512_fma,800,0xAA,8,1.756465584,0.000200237,169.795464000,12.010712000,157.784752000,96.668824900,89.830824709
avx512_fma,800,0xAA,9,1.756444704,0.000311126,170.433523000,11.997527000,158.435996000,97.033241437,90.202666598
avx512_fma,800,0xAA,10,1.756478561,0.000348428,170.201041000,11.959748000,158.241293000,96.899014161,90.090079362
avx512_fma,800,0xAA,11,1.756507577,0.000339219,169.796013000,11.993500000,157.802513000,96.666826405,89.838788679
avx512_fma,800,0xAA,12,1.756425454,0.000228700,169.282343000,11.981292000,157.301051000,96.378894227,89.557487730
avx512_fma,800,0xAA,13,1.756287865,0.000303707,169.877983000,12.048858000,157.829125000,96.725591755,89.865179950
avx512_fma,800,0xAA,14,1.756268934,0.000305475,169.584771000,12.077240000,157.507531000,96.559682702,89.683036554
avx512_fma,800,0xAA,15,1.756246440,0.000292428,169.836907000,12.035858000,157.801049000,96.704484712,89.851313240
avx512_fma,800,0xAA,16,1.756273172,0.000298118,169.537530000,12.021331000,157.516199000,96.532551262,89.687755594
avx512_fma,800,0xAA,17,1.756243960,0.000194616,170.284354000,12.070038000,158.214316000,96.959396229,90.086753092
avx512_fma,800,0xAA,18,1.756250964,0.000272193,169.876762000,12.027557000,157.849205000,96.726928805,89.878501534
avx512_fma,800,0xAA,19,1.756237728,0.000279561,169.479730000,12.037689000,157.442041000,96.501588217,89.647340178
avx512_fma,800,0xAA,20,1.756330875,0.000294517,170.061637000,12.037445000,158.024192000,96.827789939,89.974044342
avx512_fma,800,0xAA,21,1.756452723,0.000230721,170.550650000,12.050689000,158.499961000,97.099482232,90.238671896
avx512_fma,800,0xAA,22,1.756444558,0.000309454,169.970512000,12.063995000,157.906517000,96.769642508,89.901224747
avx512_fma,800,0xAA,23,1.756440940,0.000315072,170.186637000,12.059478000,158.127159000,96.892888959,90.027028728
avx512_fma,800,0xAA,24,1.756405498,0.000315487,169.925530000,12.044342000,157.881188000,96.746184278,89.888803102
avx512_fma,800,0xAA,25,1.756292455,0.000201441,170.649709000,11.992767000,158.656942000,97.164745251,90.336288541
avx512_fma,800,0xAA,26,1.756353254,0.000298792,170.360770000,11.994293000,158.366477000,96.996870993,90.167781815
avx512_fma,800,0xAA,27,1.756271213,0.000299147,170.437308000,12.014679000,158.422629000,97.044981854,90.203966121
avx512_fma,800,0xAA,28,1.756349882,0.000298864,170.188835000,12.038543000,158.150292000,96.899163838,90.044867253
avx512_fma,800,0xAA,29,1.756369078,0.000229214,170.152641000,12.054107000,158.098534000,96.877497549,90.014414411
avx512_fma,800,0xAA,30,1.756397179,0.000305163,170.410636000,12.012848000,158.397788000,97.022836333,90.183353700
avx512_fma,800,0xAA,31,1.757334365,0.004665634,171.895922000,12.216338000,159.679584000,97.816286636,90.864656803
avx512_fma,800,0xAA,32,1.756447309,0.000309180,170.154045000,12.054412000,158.099633000,96.873981981,90.011030877
avx512_fma,800,0xAA,33,1.756418648,0.000210654,170.264151000,12.057220000,158.206931000,96.938250575,90.073588773
avx512_fma,800,0xAA,34,1.756387754,0.000303377,170.344779000,11.988128000,158.356651000,96.985861240,90.160416248
avx512_fma,800,0xAA,35,1.756375587,0.000300587,170.459098000,12.070465000,158.388633000,97.051621112,90.179249912
avx512_fma,800,0xAA,36,1.756373176,0.000311806,170.321158000,12.081024000,158.240134000,96.973217492,90.094825038
avx512_fma,800,0xAA,37,1.756273103,0.000213747,170.441580000,12.058746000,158.382834000,97.047309849,90.181210278
avx512_fma,800,0xAA,38,1.756326497,0.000286578,170.327140000,12.066559000,158.260581000,96.979200789,90.108861464
avx512_fma,800,0xAA,39,1.756315185,0.000291552,170.049614000,12.006256000,158.043358000,96.821809356,89.985760733
avx512_fma,800,0xAA,40,1.756395413,0.000292718,170.280509000,12.050201000,158.230308000,96.948846314,90.088089956
avx512_fma,800,0xAA,41,1.756337835,0.000295458,170.080985000,12.003570000,158.077415000,96.838422325,90.003991180
avx512_fma,800,0xAA,42,1.756282938,0.000196596,170.229362000,12.039092000,158.190270000,96.925932781,90.071062339
avx512_fma,800,0xAA,43,1.756288688,0.000285788,170.274405000,12.061981000,158.212424000,96.951262173,90.083381576
avx512_fma,800,0xAA,44,1.756260528,0.000286927,169.786126000,11.987396000,157.798730000,96.674794715,89.849272072
avx512_fma,800,0xAA,45,1.756237263,0.000283962,170.017448000,12.013031000,158.004417000,96.807789897,89.967580290
avx512_fma,800,0xAA,46,1.756240381,0.000200308,170.433768000,12.010895000,158.422873000,97.044669878,90.205688648
avx512_fma,800,0xAA,47,1.756278089,0.000280219,169.824761000,11.987152000,157.837609000,96.695826270,89.870510807
avx512_fma,800,0xAA,48,1.756244693,0.000283846,170.150871000,11.991180000,158.159691000,96.883350969,90.055612188
avx512_fma,800,0xAA,49,1.756287261,0.000298311,169.386957000,12.005584000,157.381373000,96.446043154,89.610268470
avx512_fma,800,0xAA,50,1.756304099,0.000194067,170.299491000,11.990631000,158.308860000,96.964694821,90.137499573
avx512_fma,800,0xAA,51,1.756339832,0.000298959,170.086662000,11.976898000,158.109764000,96.841544509,90.022307262
avx512_fma,800,0xAA,52,1.756262241,0.000296358,170.430594000,12.050750000,158.379844000,97.041654748,90.180065561
avx512_fma,800,0xAA,53,1.756269368,0.000305854,169.819878000,12.073577000,157.746301000,96.693526109,89.818967332
avx512_fma,800,0xAA,54,1.756274574,0.000212870,169.802117000,12.062286000,157.739831000,96.683126632,89.815017179
avx512_fma,800,0xAA,55,1.756348866,0.000297363,169.655022000,12.085479000,157.569543000,96.595286556,89.714262385
avx512_fma,800,0xAA,56,1.756399555,0.000298870,169.837273000,12.082122000,157.755151000,96.696262810,89.817348520
avx512_fma,800,0xAA,57,1.756311963,0.000295870,169.309625000,12.056244000,157.253381000,96.400655797,89.536132719
avx512_fma,800,0xAA,58,1.756349778,0.000196752,169.438775000,12.055572000,157.383203000,96.472113438,89.608120769
avx512_fma,800,0xAA,59,1.756329795,0.000302833,169.858330000,12.066253000,157.792077000,96.712092709,89.841940514
avx512_fma,800,0xAA,60,1.756314219,0.000296784,170.187675000,12.074554000,158.113121000,96.900470984,90.025531483
avx512_fma,800,0xAA,61,1.756462284,0.000323022,170.098197000,12.063629000,158.034568000,96.841360386,89.973220310
avx512_fma,800,0xAA,62,1.756386188,0.000216202,169.993706000,12.005951000,157.987755000,96.786064008,89.950465389
avx512_fma,800,0xAA,63,1.756406344,0.000305707,170.036980000,12.027863000,158.009117000,96.809591093,89.961595446
avx512_fma,800,0xAA,64,1.756294288,0.000303383,170.022331000,12.053802000,157.968529000,96.807426947,89.944225215
avx512_fma,800,0xAA,65,1.756310503,0.000285377,170.198355000,12.087860000,158.110495000,96.906756912,90.024226757
avx512_fma,800,0xAA,66,1.756284606,0.000197742,169.629875000,12.085845000,157.544030000,96.584502534,89.703018202
avx512_fma,800,0xAA,67,1.756222071,0.000186831,169.136164000,12.096100000,157.040064000,96.306820631,89.419252026
avx512_fma,800,0xAA,68,1.756257653,0.000299561,169.802910000,12.127410000,157.675500000,96.684509646,89.779252904
avx512_fma,800,0xAA,69,1.756237147,0.000290739,170.340934000,12.122283000,158.218651000,96.991988966,90.089570907
avx512_fma,800,0xAA,70,1.756280572,0.000287478,170.602103000,12.120696000,158.481407000,97.138296520,90.236952742
avx512_fma,800,0xAA,71,1.756322893,0.000253763,171.001881000,12.140594000,158.861287000,97.363578036,90.451071200
avx512_fma,800,0xAA,72,1.756314642,0.000314176,169.529046000,12.121856000,157.407190000,96.525441344,89.623570969
avx512_fma,800,0xAA,73,1.756360376,0.000305921,170.098136000,12.140289000,157.957847000,96.846944586,89.934758928
avx512_fma,800,0xAA,74,1.756351990,0.000319627,169.785942000,12.136016000,157.649926000,96.669655592,89.759869817
avx512_fma,800,0xAA,75,1.756278408,0.000232699,169.814507000,12.135712000,157.678795000,96.689970219,89.780068040
avx512_fma,800,0xAA,76,1.756281944,0.000312838,169.317865000,12.122345000,157.195520000,96.406995221,89.504717919
avx512_fma,800,0xAA,77,1.756317983,0.000313545,170.068290000,12.111541000,157.956749000,96.832288728,89.936304561
avx512_fma,800,0xAA,78,1.756318987,0.000295689,170.220207000,12.130889000,158.089318000,96.918730761,90.011734314
avx512_fma,800,0xAA,79,1.756289942,0.000206514,169.791740000,12.095001000,157.696739000,96.676372110,89.789695424
avx512_fma,800,0xAA,80,1.756375182,0.000290678,170.288261000,12.108002000,158.180259000,96.954376676,90.060632035
avx512_fma,800,0xAA,81,1.756487020,0.000358823,171.118337000,12.109282000,159.009055000,97.420780801,90.526746368
avx512_fma,800,0xAA,82,1.756333070,0.000304109,169.659538000,12.112579000,157.546959000,96.598726591,89.702210657
avx512_fma,800,0xAA,83,1.756403904,0.000207906,169.922721000,12.119659000,157.803062000,96.744672821,89.844404053
avx512_fma,800,0xAA,84,1.756464819,0.000334678,170.076103000,12.127838000,157.948265000,96.828641912,89.923955938
avx512_fma,800,0xAA,85,1.756439704,0.000333460,170.026726000,12.115814000,157.910912000,96.801914451,89.903975416
avx512_fma,800,0xAA,86,1.756479399,0.000326288,170.710501000,12.141143000,158.569358000,97.189014079,90.276810605
avx512_fma,800,0xAA,87,1.756377714,0.000229616,169.266718000,12.107940000,157.158778000,96.372617706,89.478918303
avx512_fma,800,0xAA,88,1.756330280,0.000304033,169.959404000,12.122345000,157.837059000,96.769614424,89.867527079
avx512_fma,800,0xAA,89,1.756380603,0.000321559,169.674004000,12.120147000,157.553857000,96.604348579,89.703710426
avx512_fma,800,0xAA,90,1.756408987,0.000316997,170.476737000,12.094574000,158.382163000,97.059818217,90.173851401
avx512_fma,800,0xAA,91,1.756399743,0.000235060,170.072257000,12.070526000,158.001731000,96.830039815,89.957728400
avx512_fma,800,0xAA,92,1.756326336,0.000314681,170.005851000,12.052887000,157.952964000,96.796277282,89.933721757
avx512_fma,800,0xAA,93,1.756312601,0.000295874,170.352835000,12.059479000,158.293356000,96.994598185,90.128235674
avx512_fma,800,0xAA,94,1.756311449,0.000294256,169.111750000,12.075775000,157.035975000,96.288018926,89.412373374
avx512_fma,800,0xAA,95,1.756322748,0.000306091,169.852898000,12.085540000,157.767358000,96.709387951,89.828226721
avx512_fma,800,0xAA,96,1.756272776,0.000213895,169.404351000,12.080779000,157.323572000,96.456742525,89.578096359
avx512_fma,800,0xAA,97,1.756304877,0.000287860,169.828300000,12.066315000,157.761985000,96.696366484,89.826081512
avx512_fma,800,0xAA,98,1.756259586,0.000289390,170.110831000,12.096161000,158.014670000,96.859730952,89.972274739
avx512_fma,800,0xAA,99,1.756304096,0.000305739,169.523919000,12.102325000,157.421594000,96.523101750,89.632310443
avx512_fma,1000,0x00,0,1.404859254,0.000155037,143.462096000,9.625707000,133.836389000,102.118483099,95.266759717
avx512_fma,1000,0x00,1,1.404904988,0.000299778,144.306516000,9.615271000,134.691245000,102.716210166,95.872138088
avx512_fma,1000,0x00,2,1.404904367,0.000207925,143.263488000,9.653845000,133.609643000,101.973836331,95.102304556
avx512_fma,1000,0x00,3,1.404889477,0.000507564,142.964905000,9.580542000,133.384363000,101.762385841,94.942958292
avx512_fma,1000,0x00,4,1.404785226,0.000165222,141.892154000,9.607398000,132.284756000,101.006297159,94.167246021
avx512_fma,1000,0x00,5,1.404825082,0.000262134,141.335697000,9.646703000,131.688994000,100.607327400,93.740491719
avx512_fma,1000,0x00,6,1.404878187,0.000200263,142.180422000,9.627966000,132.552456000,101.204804347,94.351565332
avx512_fma,1000,0x00,7,1.404905784,0.000168118,141.437443000,9.635290000,131.802153000,100.673970164,93.815652611
avx512_fma,1000,0x00,8,1.404873413,0.000268280,141.839420000,9.673559000,132.165861000,100.962420296,94.076704537
avx512_fma,1000,0x00,9,1.404901184,0.000204810,141.730900000,9.621374000,132.109526000,100.883180725,94.034746036
avx512_fma,1000,0x00,10,1.404852253,0.000263843,142.413332000,9.663367000,132.749965000,101.372462279,94.493897661
avx512_fma,1000,0x00,11,1.404831806,0.000164335,142.594911000,9.662817000,132.932094000,101.503190938,94.624917709
avx512_fma,1000,0x00,12,1.404887771,0.000192485,142.754761000,9.677710000,133.077051000,101.612928782,94.724328710
avx512_fma,1000,0x00,13,1.404821626,0.000252435,141.772891000,9.686071000,132.086820000,100.918784523,94.023908463
avx512_fma,1000,0x00,14,1.404772347,0.000155986,142.005557000,9.672522000,132.333035000,101.087950153,94.202477200
avx512_fma,1000,0x00,15,1.404918552,0.000271433,142.683350000,9.673132000,133.010218000,101.559873233,94.674682636
avx512_fma,1000,0x00,16,1.404880527,0.000202155,142.664491000,9.665564000,132.998927000,101.549198169,94.669208151
avx512_fma,1000,0x00,17,1.404897492,0.000166575,143.096923000,9.675390000,133.421533000,101.855775081,94.968874042
avx512_fma,1000,0x00,18,1.404943123,0.000279385,143.675963000,9.661779000,134.014184000,102.264611749,95.387622324
avx512_fma,1000,0x00,19,1.404903390,0.000196090,141.772465000,9.664404000,132.108061000,100.912607953,94.033555579
avx512_fma,1000,0x00,20,1.404955302,0.000269537,142.878845000,9.673559000,133.205286000,101.696363415,94.811048997
avx512_fma,1000,0x00,21,1.404921944,0.000165487,143.717283000,9.679662000,134.037621000,102.295564240,95.405742325
avx512_fma,1000,0x00,22,1.404915109,0.000188896,143.598021000,9.690038000,133.907983000,102.211172797,95.313931863
avx512_fma,1000,0x00,23,1.404951274,0.000285793,143.471923000,9.672705000,133.799218000,102.118789200,95.234062891
avx512_fma,1000,0x00,24,1.404908670,0.000167241,143.444152000,9.662268000,133.781884000,102.102118826,95.224612690
avx512_fma,1000,0x00,25,1.404935691,0.000280871,143.376648000,9.646277000,133.730371000,102.052107414,95.186115564
avx512_fma,1000,0x00,26,1.404939363,0.000186805,142.928833000,9.670019000,133.258814000,101.733097328,94.850224479
avx512_fma,1000,0x00,27,1.404942680,0.000157967,142.255190000,9.671911000,132.583279000,101.253376432,94.369173154
avx512_fma,1000,0x00,28,1.405084922,0.000321147,143.626220000,9.679419000,133.946801000,102.218889240,95.330039428
avx512_fma,1000,0x00,29,1.404934046,0.000195186,142.729676000,9.640051000,133.089625000,101.591726974,94.730158612
avx512_fma,1000,0x00,30,1.404986518,0.000293168,143.557250000,9.633398000,133.923852000,102.176959082,95.320382258
avx512_fma,1000,0x00,31,1.404921778,0.000218295,142.787659000,9.636450000,133.151209000,101.633885377,94.774820234
avx512_fma,1000,0x00,32,1.404932559,0.000299915,142.771973000,9.654272000,133.117701000,101.621940554,94.750242736
avx512_fma,1000,0x00,33,1.404924876,0.000205036,142.331606000,9.635596000,132.696010000,101.309051059,94.450608900
avx512_fma,1000,0x00,34,1.404938230,0.000165602,143.235351000,9.638952000,133.596399000,101.951351239,95.090585555
avx512_fma,1000,0x00,35,1.404844652,0.000259499,143.339110000,9.641149000,133.697961000,102.032000351,95.169213787
avx512_fma,1000,0x00,36,1.404854609,0.000194773,142.925294000,9.624731000,133.300563000,101.736715701,94.885664399
avx512_fma,1000,0x00,37,1.404911434,0.000276421,142.359865000,9.626440000,132.733425000,101.330134774,94.478144133
avx512_fma,1000,0x00,38,1.404835472,0.000173172,142.479250000,9.593115000,132.886135000,101.420595391,94.591955888
avx512_fma,1000,0x00,39,1.404848272,0.000185573,142.244997000,9.616675000,132.628322000,101.252925165,94.407577387
avx512_fma,1000,0x00,40,1.404946801,0.000275942,142.934692000,9.622045000,133.312647000,101.736729005,94.888039083
avx512_fma,1000,0x00,41,1.404935835,0.000172280,142.149417000,9.604162000,132.545255000,101.178583037,94.342568350
avx512_fma,1000,0x00,42,1.404920037,0.000265716,142.698670000,9.594336000,133.104334000,101.570670409,94.741572845
avx512_fma,1000,0x00,43,1.404915082,0.000191041,143.294250000,9.642187000,133.652063000,101.994954586,95.131773229
avx512_fma,1000,0x00,44,1.404898884,0.000165948,142.591249000,9.619421000,132.971828000,101.495738003,94.648682237
avx512_fma,1000,0x00,45,1.404890733,0.000264907,142.469545000,9.627050000,132.842495000,101.409698034,94.557172229
avx512_fma,1000,0x00,46,1.404845391,0.000184358,142.240603000,9.610510000,132.630093000,101.250005072,94.409031639
avx512_fma,1000,0x00,47,1.404918771,0.000266368,142.135073000,9.650549000,132.484524000,101.169602094,94.300486810
avx512_fma,1000,0x00,48,1.404920300,0.000176130,143.040711000,9.630407000,133.410304000,101.814110736,94.959339686
avx512_fma,1000,0x00,49,1.404947731,0.000178794,143.002442000,9.641882000,133.360560000,101.784884155,94.922079376
avx512_fma,1000,0x00,50,1.404942580,0.000272432,142.666016000,9.636816000,133.029200000,101.545798398,94.686574301
avx512_fma,1000,0x00,51,1.404976987,0.000181820,142.648805000,9.657019000,132.991786000,101.531061621,94.657625905
avx512_fma,1000,0x00,52,1.404893111,0.000273746,143.157349000,9.643103000,133.514246000,101.899103865,95.035163165
avx512_fma,1000,0x00,53,1.404877423,0.000189037,142.311525000,9.625097000,132.686428000,101.298179257,94.446978686
avx512_fma,1000,0x00,54,1.404886104,0.000151759,142.614503000,9.662329000,132.952174000,101.513213466,94.635553441
avx512_fma,1000,0x00,55,1.404882149,0.000282001,143.031800000,9.654394000,133.377406000,101.810532687,94.938501461
avx512_fma,1000,0x00,56,1.404821686,0.000174923,141.704227000,9.649634000,132.054593000,100.869902863,94.000964195
avx512_fma,1000,0x00,57,1.404866651,0.000269101,142.782227000,9.659583000,133.122644000,101.634006939,94.758206314
avx512_fma,1000,0x00,58,1.404811618,0.000156897,142.291628000,9.658422000,132.633206000,101.288760816,94.413517279
avx512_fma,1000,0x00,59,1.404847003,0.000260221,142.247011000,9.667029000,132.579982000,101.254450263,94.373253251
avx512_fma,1000,0x00,60,1.404899194,0.000195431,142.908387000,9.652319000,133.256068000,101.721452795,94.850981914
avx512_fma,1000,0x00,61,1.404905504,0.000159093,142.504274000,9.651953000,132.852321000,101.433351637,94.563172132
avx512_fma,1000,0x00,62,1.404870620,0.000270383,142.462831000,9.639257000,132.823574000,101.406370821,94.545057853
avx512_fma,1000,0x00,63,1.404804461,0.000185938,143.050964000,9.652624000,133.398340000,101.829804749,94.958653449
avx512_fma,1000,0x00,64,1.404808242,0.000253138,143.142578000,9.642919000,133.499659000,101.894745303,95.030520911
avx512_fma,1000,0x00,65,1.404793597,0.000176764,142.448366000,9.619909000,132.828457000,101.401633885,94.553717564
avx512_fma,1000,0x00,66,1.404801090,0.000177199,142.843628000,9.641882000,133.201746000,101.682458135,94.818936979
avx512_fma,1000,0x00,67,1.404794711,0.000258002,143.252563000,9.656592000,133.595971000,101.974019328,95.099995725
avx512_fma,1000,0x00,68,1.404770428,0.000154645,142.740052000,9.627112000,133.112940000,101.610945933,94.757789140
avx512_fma,1000,0x00,69,1.404821867,0.000249605,142.544618000,9.669836000,132.874782000,101.468108770,94.584790517
avx512_fma,1000,0x00,70,1.404868981,0.000185759,142.588258000,9.657324000,132.930934000,101.495769308,94.621588064
avx512_fma,1000,0x00,71,1.404847279,0.000157630,143.117858000,9.621314000,133.496544000,101.874317708,95.025662950
avx512_fma,1000,0x00,72,1.404871221,0.000267716,143.507262000,9.650244000,133.857018000,102.149762833,95.280632156
avx512_fma,1000,0x00,73,1.404946246,0.000196487,142.790101000,9.626867000,133.163234000,101.633853526,94.781728738
avx512_fma,1000,0x00,74,1.404955369,0.000273581,142.520692000,9.665808000,132.854884000,101.441437314,94.561640124
avx512_fma,1000,0x00,75,1.404926305,0.000177959,142.777284000,9.652807000,133.124477000,101.626173181,94.755487534
avx512_fma,1000,0x00,76,1.404921519,0.000191661,143.289794000,9.627477000,133.662317000,101.991315547,95.138635972
avx512_fma,1000,0x00,77,1.405786794,0.004581285,145.158625000,9.774450000,135.384175000,103.257923319,96.304913062
avx512_fma,1000,0x00,78,1.404805952,0.000164489,143.280456000,9.618383000,133.662073000,101.993058759,95.146288935
avx512_fma,1000,0x00,79,1.404813705,0.000262445,142.625856000,9.644202000,132.981654000,101.526526587,94.661415602
avx512_fma,1000,0x00,80,1.404797285,0.000181247,142.830750000,9.639807000,133.190943000,101.673566352,94.811503689
avx512_fma,1000,0x00,81,1.404816410,0.000151661,143.311889000,9.663183000,133.648706000,102.014674672,95.136065529
avx512_fma,1000,0x00,82,1.404900852,0.000283856,143.001892000,9.621008000,133.380884000,101.787888978,94.939713192
avx512_fma,1000,0x00,83,1.404814964,0.000177411,142.831117000,9.640417000,133.190700000,101.672548111,94.810137582
avx512_fma,1000,0x00,84,1.404806067,0.000255781,142.024722000,9.626562000,132.398160000,101.099166141,94.246574724
avx512_fma,1000,0x00,85,1.404773027,0.000155730,142.936340000,9.600622000,133.335718000,101.750487262,94.916200288
avx512_fma,1000,0x00,86,1.404891963,0.000263401,143.640380000,9.629492000,134.010888000,102.243007883,95.388749864
avx512_fma,1000,0x00,87,1.404820486,0.000188966,143.156128000,9.605017000,133.551111000,101.903502551,95.066317946
avx512_fma,1000,0x00,88,1.404897239,0.000158693,143.184692000,9.652990000,133.531702000,101.918267042,95.047308989
avx512_fma,1000,0x00,89,1.404942444,0.000269068,142.936524000,9.670263000,133.266261000,101.738348525,94.855317093
avx512_fma,1000,0x00,90,1.404900730,0.000255432,143.700316000,9.635961000,134.064355000,102.285031922,95.426212081
avx512_fma,1000,0x00,91,1.404880616,0.000253751,143.308593000,9.590002000,133.718591000,102.007666233,95.181462007
avx512_fma,1000,0x00,92,1.404807761,0.000165614,143.316589000,9.616309000,133.700280000,102.018648370,95.173363722
avx512_fma,1000,0x00,93,1.404946371,0.000395533,144.086362000,9.637427000,134.448935000,102.556485434,95.696844952
avx512_fma,1000,0x00,94,1.404930800,0.000283153,143.718077000,9.588598000,134.129479000,102.295484571,95.470523513
avx512_fma,1000,0x00,95,1.404786138,0.000160970,142.863282000,9.598303000,133.264979000,101.697531158,94.864958752
avx512_fma,1000,0x00,96,1.404822479,0.000242551,143.419799000,9.638770000,133.781029000,102.091047906,95.229846478
avx512_fma,1000,0x00,97,1.404883500,0.000232902,143.394165000,9.614050000,133.780115000,102.068367219,95.225059572
avx512_fma,1000,0x00,98,1.404786063,0.000143567,143.538329000,9.636572000,133.901757000,102.178070212,95.318255574
avx512_fma,1000,0x00,99,1.404960457,0.000271580,143.436584000,9.666296000,133.770288000,102.092968735,95.212849119
avx512_fma,1000,0xAA,0,1.404832904,0.000162680,144.090024000,9.661352000,134.428672000,102.567375504,95.690150482
avx512_fma,1000,0xAA,1,1.404960055,0.000257879,144.307126000,9.653174000,134.653952000,102.712618416,95.841836597
avx512_fma,1000,0xAA,2,1.404923775,0.000196413,144.442257000,9.644872000,134.797385000,102.811454641,95.946404615
avx512_fma,1000,0xAA,3,1.404901271,0.000260008,144.504696000,9.648901000,134.855795000,102.857545207,95.989517397
avx512_fma,1000,0xAA,4,1.404865176,0.000163196,144.012876000,9.657873000,134.355003000,102.510104476,95.635513830
avx512_fma,1000,0xAA,5,1.404886727,0.000172041,144.750118000,9.658301000,135.091817000,103.033301691,96.158511850
avx512_fma,1000,0xAA,6,1.404859091,0.000269720,145.023310000,9.673071000,135.350239000,103.229790726,96.344352137
avx512_fma,1000,0xAA,7,1.404868129,0.000173669,144.376217000,9.672033000,134.704184000,102.768518971,95.883863537
avx512_fma,1000,0xAA,8,1.404879121,0.000264764,144.004026000,9.647498000,134.356528000,102.502787474,95.635650043
avx512_fma,1000,0xAA,9,1.404847173,0.000217438,143.738645000,9.655920000,134.082725000,102.316214742,95.442926183
avx512_fma,1000,0xAA,10,1.404860128,0.000178120,143.434752000,9.679907000,133.754845000,102.098955740,95.208656265
avx512_fma,1000,0xAA,11,1.404856500,0.000301258,143.684447000,9.662390000,134.022057000,102.276956401,95.399108023
avx512_fma,1000,0xAA,12,1.404796155,0.000186170,142.770386000,9.672338000,133.098048000,101.630678240,94.745452959
avx512_fma,1000,0xAA,13,1.404876854,0.000263318,143.067871000,9.655981000,133.411890000,101.836591978,94.963405214
avx512_fma,1000,0xAA,14,1.404833646,0.000183307,143.054749000,9.625402000,133.429347000,101.830383584,94.978752410
avx512_fma,1000,0xAA,15,1.404887854,0.000201752,143.469176000,9.660742000,133.808434000,102.121443770,95.244921938
avx512_fma,1000,0xAA,16,1.404929161,0.000272166,142.321474000,9.652075000,132.669399000,101.301530312,94.431379654
avx512_fma,1000,0xAA,17,1.404902890,0.000165555,143.073120000,9.628576000,133.444544000,101.838440958,94.984888253
avx512_fma,1000,0xAA,18,1.404899685,0.000264292,143.595519000,9.662023000,133.933496000,102.210514061,95.333138328
avx512_fma,1000,0xAA,19,1.404879744,0.000205641,142.683594000,9.645483000,133.038111000,101.562852338,94.697152238
avx512_fma,1000,0xAA,20,1.404898023,0.000188742,143.276794000,9.642859000,133.633935000,101.983767981,95.120024960
avx512_fma,1000,0xAA,21,1.404898897,0.000269401,143.110107000,9.680274000,133.429833000,101.865057569,94.974687008
avx512_fma,1000,0xAA,22,1.404829827,0.000181599,142.284059000,9.658239000,132.625820000,101.282060130,94.407035971
avx512_fma,1000,0xAA,23,1.404931141,0.000258223,142.641603000,9.626745000,133.014858000,101.529248525,94.677136903
avx512_fma,1000,0xAA,24,1.404905328,0.000165474,143.492979000,9.664282000,133.828697000,102.137116424,95.258160376
avx512_fma,1000,0xAA,25,1.404876491,0.000181241,143.630247000,9.653845000,133.976402000,102.236921153,95.365253028
avx512_fma,1000,0xAA,26,1.404882838,0.000263191,142.661866000,9.657568000,133.004298000,101.547162598,94.672875478
avx512_fma,1000,0xAA,27,1.404822946,0.000168657,143.564574000,9.665624000,133.898950000,102.194069634,95.313754912
avx512_fma,1000,0xAA,28,1.404849406,0.000249976,143.607664000,9.653356000,133.954308000,102.222817189,95.351364662
avx512_fma,1000,0xAA,29,1.404862007,0.000183568,143.571837000,9.669592000,133.902245000,102.196398154,95.313450253
avx512_fma,1000,0xAA,30,1.404906286,0.000266093,143.739622000,9.653113000,134.086509000,102.312605057,95.441603699
avx512_fma,1000,0xAA,31,1.404858487,0.000171869,143.570433000,9.607337000,133.963096000,102.195654809,95.357003736
avx512_fma,1000,0xAA,32,1.404801011,0.000179885,143.180114000,9.646642000,133.533472000,101.921989566,95.055079645
avx512_fma,1000,0xAA,33,1.404825389,0.000263764,143.794309000,9.617346000,134.176963000,102.357424739,95.511487815
avx512_fma,1000,0xAA,34,1.404756985,0.000154223,143.870115000,9.585058000,134.285057000,102.416372753,95.593087230
avx512_fma,1000,0xAA,35,1.404834968,0.000248795,144.380307000,9.644079000,134.736228000,102.773856197,95.908936674
avx512_fma,1000,0xAA,36,1.404846273,0.000183195,143.482970000,9.648108000,133.834862000,102.134285260,95.266553050
avx512_fma,1000,0xAA,37,1.404803801,0.000143728,143.125244000,9.638586000,133.486658000,101.882728307,95.021566633
avx512_fma,1000,0xAA,38,1.404843760,0.000259132,143.558470000,9.630774000,133.927696000,102.188210598,95.332804840
avx512_fma,1000,0xAA,39,1.404839999,0.000180002,143.440917000,9.613501000,133.827416000,102.104807015,95.261678256
avx512_fma,1000,0xAA,40,1.404893671,0.000253881,143.972898000,9.620886000,134.352012000,102.479569067,95.631445114
avx512_fma,1000,0xAA,41,1.404844646,0.000162520,143.525085000,9.636755000,133.888330000,102.164381970,95.304723125
avx512_fma,1000,0xAA,42,1.404852467,0.000166207,143.483519000,9.649573000,133.833946000,102.134225764,95.265481017
avx512_fma,1000,0xAA,43,1.404904456,0.000257804,143.621398000,9.609717000,134.011681000,102.228587440,95.388466064
avx512_fma,1000,0xAA,44,1.404887546,0.000161463,142.566712000,9.636389000,132.930323000,101.479091610,94.619902754
avx512_fma,1000,0xAA,45,1.404862227,0.000240180,142.938843000,9.628881000,133.309962000,101.745808398,94.891840220
avx512_fma,1000,0xAA,46,1.404833669,0.000183135,142.697754000,9.616431000,133.081323000,101.576262808,94.731017559
avx512_fma,1000,0xAA,47,1.404866235,0.000147641,142.762757000,9.659094000,133.103663000,101.620178121,94.744723532
avx512_fma,1000,0xAA,48,1.404892044,0.000254948,143.650328000,9.680578000,133.969750000,102.250082956,95.359462396
avx512_fma,1000,0xAA,49,1.404802549,0.000171545,142.522218000,9.662695000,132.859523000,101.453558810,94.575229177
avx512_fma,1000,0xAA,50,1.404877827,0.000246778,143.563659000,9.671728000,133.891931000,102.189426176,95.305035368
avx512_fma,1000,0xAA,51,1.404800944,0.000150478,143.162964000,9.658117000,133.504847000,101.909786289,95.034707624
avx512_fma,1000,0xAA,52,1.404818990,0.000158693,142.987549000,9.658972000,133.328577000,101.783610573,94.908011603
avx512_fma,1000,0xAA,53,1.404845630,0.000255476,143.064148000,9.673132000,133.391016000,101.836205272,94.950657287
avx512_fma,1000,0xAA,54,1.404787307,0.000153168,142.800233000,9.668738000,133.131495000,101.652564992,94.769859010
avx512_fma,1000,0xAA,55,1.404889385,0.000251092,143.559081000,9.657629000,133.901452000,102.185326836,95.311028331
avx512_fma,1000,0xAA,56,1.404909511,0.000177041,143.709532000,9.658850000,134.050682000,102.290952470,95.415883346
avx512_fma,1000,0xAA,57,1.404964492,0.000258780,143.364990000,9.677831000,133.687159000,102.041717631,95.153407604
avx512_fma,1000,0xAA,58,1.404915252,0.000158127,143.629576000,9.643225000,133.986351000,102.233622841,95.369703479
avx512_fma,1000,0xAA,59,1.404921848,0.000179641,143.392821000,9.663794000,133.729027000,102.064624628,95.186096817
avx512_fma,1000,0xAA,60,1.404951404,0.000257171,143.141968000,9.650244000,133.491724000,101.883928214,95.015189572
avx512_fma,1000,0xAA,61,1.404918967,0.000178225,143.408202000,9.661596000,133.746606000,102.075781827,95.198804418
avx512_fma,1000,0xAA,62,1.404929826,0.000261926,144.037107000,9.668310000,134.368797000,102.522634481,95.640931336
avx512_fma,1000,0xAA,63,1.404913280,0.000184387,143.244690000,9.636084000,133.608606000,101.959809207,95.100963088
avx512_fma,1000,0xAA,64,1.404917091,0.000158032,143.070556000,9.635657000,133.434899000,101.835586513,94.977062932
avx512_fma,1000,0xAA,65,1.404944807,0.000257621,143.622924000,9.676000000,133.946924000,102.226737499,95.339634211
avx512_fma,1000,0xAA,66,1.404926474,0.000183666,143.589659000,9.658118000,133.931541000,102.204394104,95.329929012
avx512_fma,1000,0xAA,67,1.404940939,0.000261925,144.114926000,9.669958000,134.444968000,102.577213068,95.694391353
avx512_fma,1000,0xAA,68,1.404928498,0.000152732,143.659178000,9.676123000,133.983055000,102.253729108,95.366458320
avx512_fma,1000,0xAA,69,1.404934251,0.000175410,143.730650000,9.666540000,134.064110000,102.304182456,95.423760835
avx512_fma,1000,0xAA,70,1.404895970,0.000264203,144.221555000,9.667944000,134.553611000,102.656394557,95.774786091
avx512_fma,1000,0xAA,71,1.404821095,0.000153943,143.750303000,9.665320000,134.084983000,102.326412585,95.446305194
avx512_fma,1000,0xAA,72,1.404858360,0.000244881,143.243408000,9.655553000,133.587855000,101.962882563,95.089909975
avx512_fma,1000,0xAA,73,1.404849243,0.000187577,143.499389000,9.666113000,133.833276000,102.145756710,95.265222697
avx512_fma,1000,0xAA,74,1.404779698,0.000140755,143.253174000,9.661902000,133.591272000,101.975544087,95.097667068
avx512_fma,1000,0xAA,75,1.404813838,0.000248960,143.457335000,9.657996000,133.799339000,102.118395394,95.243465964
avx512_fma,1000,0xAA,76,1.404837509,0.000182666,143.494750000,9.673620000,133.821130000,102.143307751,95.257372588
avx512_fma,1000,0xAA,77,1.404937688,0.000258963,143.658507000,9.675756000,133.982751000,102.252582584,95.365618072
avx512_fma,1000,0xAA,78,1.404897784,0.000158721,143.785826000,9.647192000,134.138634000,102.346112072,95.479283671
avx512_fma,1000,0xAA,79,1.404858929,0.000178102,144.099912000,9.663916000,134.435996000,102.572513874,95.693591158
avx512_fma,1000,0xAA,80,1.404847897,0.000256489,143.947874000,9.625464000,134.322410000,102.465095548,95.613489747
avx512_fma,1000,0xAA,81,1.404776239,0.000152841,143.875791000,9.614478000,134.261313000,102.419009534,95.574874693
avx512_fma,1000,0xAA,82,1.404792171,0.000240148,143.876097000,9.647436000,134.228661000,102.418065799,95.550547458
avx512_fma,1000,0xAA,83,1.404778527,0.000170017,143.867247000,9.654089000,134.213158000,102.412760636,95.540439615
avx512_fma,1000,0xAA,84,1.404836998,0.000249823,143.963254000,9.644202000,134.319052000,102.476838371,95.611841213
avx512_fma,1000,0xAA,85,1.404822230,0.000284201,144.451779000,9.639990000,134.811789000,102.825664317,95.963593233
avx512_fma,1000,0xAA,86,1.404785018,0.000163886,143.814268000,9.616858000,134.197410000,102.374574152,95.528787874
avx512_fma,1000,0xAA,87,1.404815936,0.000245689,143.860167000,9.579322000,134.280845000,102.404993615,95.586077519
avx512_fma,1000,0xAA,88,1.404786042,0.000155410,143.926816000,9.625159000,134.301657000,102.454617042,95.602926671
avx512_fma,1000,0xAA,89,1.404819539,0.000245855,143.623655000,9.624915000,133.998740000,102.236373403,95.385020094
avx512_fma,1000,0xAA,90,1.404820524,0.000174963,143.791074000,9.603186000,134.187888000,102.355476396,95.519595346
avx512_fma,1000,0xAA,91,1.404772409,0.000150589,143.417358000,9.595496000,133.821862000,102.092949039,95.262308050
avx512_fma,1000,0xAA,92,1.404916297,0.000255474,143.536010000,9.632483000,133.903527000,102.166947786,95.310679539
avx512_fma,1000,0xAA,93,1.404804211,0.000183693,144.387081000,9.621863000,134.765218000,102.780928399,95.931672876
avx512_fma,1000,0xAA,94,1.404893683,0.000260680,144.113828000,9.627722000,134.486106000,102.579881871,95.726892126
avx512_fma,1000,0xAA,95,1.404799830,0.000152755,143.886106000,9.644934000,134.241172000,102.424632275,95.558932412
avx512_fma,1000,0xAA,96,1.404802825,0.000164550,144.342465000,9.645056000,134.697409000,102.749270143,95.883498074
avx512_fma,1000,0xAA,97,1.404808942,0.000251458,144.026059000,9.629370000,134.396689000,102.523592132,95.669015889
avx512_fma,1000,0xAA,98,1.404777688,0.000147267,143.333556000,9.606298000,133.727258000,102.032910423,95.194605627
avx512_fma,1000,0xAA,99,1.404831725,0.000248103,143.721922000,9.593664000,134.128258000,102.305435869,95.476387360
avx512_fma,1200,0x00,0,1.170512774,0.000154046,121.172481000,8.094461000,113.078020000,103.520853126,96.605541156
avx512_fma,1200,0x00,1,1.170505531,0.000179275,121.340754000,8.083476000,113.257278000,103.665254745,96.759284812
avx512_fma,1200,0x00,2,1.170523721,0.000159945,121.369013000,8.085185000,113.283828000,103.687785910,96.780463269
avx512_fma,1200,0x00,3,1.170513032,0.000167812,121.192622000,8.079142000,113.113480000,103.538037359,96.635814333
avx512_fma,1200,0x00,4,1.170621287,0.000637192,121.482477000,8.085306000,113.397171000,103.776070309,96.869219999
avx512_fma,1200,0x00,5,1.170494723,0.000160145,121.278193000,8.092936000,113.185257000,103.612763616,96.698647863
avx512_fma,1200,0x00,6,1.170502251,0.000180078,121.268672000,8.086161000,113.182511000,103.603963091,96.695679922
avx512_fma,1200,0x00,7,1.170523959,0.000155855,121.236200000,8.087442000,113.148758000,103.574300223,96.665050793
avx512_fma,1200,0x00,8,1.170575025,0.000477269,121.236751000,8.087870000,113.148881000,103.570252571,96.660938920
avx512_fma,1200,0x00,9,1.170535852,0.000263707,121.175837000,8.089517000,113.086320000,103.521679254,96.610727327
avx512_fma,1200,0x00,10,1.170563787,0.000170163,121.251399000,8.080362000,113.171037000,103.583760551,96.680794569
avx512_fma,1200,0x00,11,1.170588696,0.000176174,121.274409000,8.080851000,113.193558000,103.601213142,96.697976312
avx512_fma,1200,0x00,12,1.170549723,0.000147497,121.160762000,8.093302000,113.067460000,103.507573924,96.593470371
avx512_fma,1200,0x00,13,1.170573274,0.000217065,120.982234000,8.092081000,112.890153000,103.352978150,96.440056781
avx512_fma,1200,0x00,14,1.170515114,0.000138102,120.956294000,8.091837000,112.864457000,103.335952330,96.422895929
avx512_fma,1200,0x00,15,1.170588849,0.000669569,121.393122000,8.106729000,113.286393000,103.702612680,96.777269928
avx512_fma,1200,0x00,16,1.170530662,0.000200187,121.102290000,8.075662000,113.026628000,103.459306024,96.560159970
avx512_fma,1200,0x00,17,1.170578649,0.000282355,121.061641000,8.082865000,112.978776000,103.420339220,96.515322624
avx512_fma,1200,0x00,18,1.170494989,0.000173209,121.017024000,8.073039000,112.943985000,103.389613015,96.492497630
avx512_fma,1200,0x00,19,1.170647135,0.000730807,122.551139000,8.167215000,114.383924000,104.686660324,97.709993526
avx512_fma,1200,0x00,20,1.170500640,0.000162683,121.147517000,8.081218000,113.066299000,103.500598703,96.596529004
avx512_fma,1200,0x00,21,1.170551567,0.000267679,121.042476000,8.087626000,112.954850000,103.406359340,96.497115676
avx512_fma,1200,0x00,22,1.170502963,0.000169113,121.215815000,8.100687000,113.115128000,103.558742538,96.638053522
avx512_fma,1200,0x00,23,1.170481852,0.000173323,121.016414000,8.076396000,112.940018000,103.390252317,96.490191469
avx512_fma,1200,0x00,24,1.170506589,0.000155779,120.961116000,8.088969000,112.872147000,103.340824534,96.430168004
avx512_fma,1200,0x00,25,1.170651694,0.000655707,121.166865000,8.113871000,113.052994000,103.503771100,96.572699254
avx512_fma,1200,0x00,26,1.170535726,0.000155600,120.882808000,8.079447000,112.803361000,103.271352896,96.369003123
avx512_fma,1200,0x00,27,1.170567600,0.000296084,120.951839000,8.102091000,112.849748000,103.327513112,96.406006825
avx512_fma,1200,0x00,28,1.170566912,0.000457567,121.200556000,8.102213000,113.098343000,103.540049515,96.618434938
avx512_fma,1200,0x00,29,1.170531561,0.000156885,120.939876000,8.059489000,112.880387000,103.320474250,96.435150292
avx512_fma,1200,0x00,30,1.170537473,0.000185147,121.023799000,8.049601000,112.974198000,103.391648521,96.514806741
avx512_fma,1200,0x00,31,1.170572453,0.000148744,121.052303000,8.056925000,112.995378000,103.412909347,96.530016300
avx512_fma,1200,0x00,32,1.170576509,0.000275775,121.066158000,8.058817000,113.007341000,103.424387118,96.539901620
avx512_fma,1200,0x00,33,1.170550686,0.000195201,120.886654000,8.067607000,112.819047000,103.273318673,96.381172013
avx512_fma,1200,0x00,34,1.170538874,0.000166754,120.857906000,8.041728000,112.816178000,103.249801155,96.379693569
avx512_fma,1200,0x00,35,1.170591676,0.000545713,121.084407000,8.069559000,113.014848000,103.438636594,96.545063743
avx512_fma,1200,0x00,36,1.170491585,0.000153716,120.970271000,8.061380000,112.908891000,103.349970710,96.462796035
avx512_fma,1200,0x00,37,1.170501800,0.000180518,120.856136000,8.055460000,112.800676000,103.251559333,96.369502420
avx512_fma,1200,0x00,38,1.170579754,0.000556363,121.150447000,8.062052000,113.088395000,103.496106597,96.608876596
avx512_fma,1200,0x00,39,1.170522712,0.000175459,121.084895000,8.064615000,113.020280000,103.445147849,96.555392599
avx512_fma,1200,0x00,40,1.170582310,0.000179746,121.142574000,8.069559000,113.073015000,103.489154939,96.595526926
avx512_fma,1200,0x00,41,1.170567568,0.000155059,121.088862000,8.039225000,113.049637000,103.444572777,96.576771875
avx512_fma,1200,0x00,42,1.170559743,0.000182678,121.037899000,8.069865000,112.968034000,103.401727040,96.507704714
avx512_fma,1200,0x00,43,1.170548610,0.000159129,121.075007000,8.073527000,113.001480000,103.434411823,96.537195483
avx512_fma,1200,0x00,44,1.170573655,0.000273344,121.125422000,8.009623000,113.115799000,103.475267429,96.632790695
avx512_fma,1200,0x00,45,1.170647681,0.000650881,121.377375000,8.081034000,113.296341000,103.683949492,96.780904167
avx512_fma,1200,0x00,46,1.170537779,0.000156119,121.183894000,8.097513000,113.086381000,103.528392011,96.610620412
avx512_fma,1200,0x00,47,1.170519002,0.000179170,121.074519000,8.089456000,112.985063000,103.436611237,96.525611943
avx512_fma,1200,0x00,48,1.170505759,0.000153046,120.987727000,8.086649000,112.901078000,103.363632423,96.454953043
avx512_fma,1200,0x00,49,1.170635119,0.000557841,121.377314000,8.106119000,113.271195000,103.685009942,96.760462006
avx512_fma,1200,0x00,50,1.170585110,0.000266066,121.261287000,8.063334000,113.197953000,103.590320722,96.702027057
avx512_fma,1200,0x00,51,1.170557274,0.000167827,121.145563000,8.052896000,113.092667000,103.493921819,96.614381468
avx512_fma,1200,0x00,52,1.170537806,0.000178519,121.176387000,8.067424000,113.108963000,103.521976300,96.629910141
avx512_fma,1200,0x00,53,1.170516646,0.000168481,121.263422000,8.053080000,113.210342000,103.598203756,96.718267425
avx512_fma,1200,0x00,54,1.170514463,0.000172402,121.018977000,8.073343000,112.945634000,103.389561434,96.492301080
avx512_fma,1200,0x00,55,1.170524039,0.000153480,120.917232000,8.019206000,112.898026000,103.301793000,96.450839297
avx512_fma,1200,0x00,56,1.170632400,0.000752250,121.309077000,8.067179000,113.241898000,103.626960088,96.735660138
avx512_fma,1200,0x00,57,1.170532939,0.000187139,121.030879000,8.055338000,112.975541000,103.398097552,96.516327947
avx512_fma,1200,0x00,58,1.170550319,0.000137683,121.072261000,8.068461000,113.003800000,103.431914919,96.539036528
avx512_fma,1200,0x00,59,1.170612275,0.000493064,121.176997000,8.060709000,113.116288000,103.515911816,96.630020412
avx512_fma,1200,0x00,60,1.170556663,0.000164531,120.937557000,8.056926000,112.880631000,103.316277489,96.433290740
avx512_fma,1200,0x00,61,1.170542044,0.000271493,120.919673000,8.064128000,112.855545000,103.302289410,96.413063995
avx512_fma,1200,0x00,62,1.170532976,0.000185414,121.005611000,8.041422000,112.964189000,103.376507511,96.506626727
avx512_fma,1200,0x00,63,1.170526082,0.000157758,121.033931000,8.079874000,112.954057000,103.401310641,96.498539207
avx512_fma,1200,0x00,64,1.170551518,0.000175066,120.994930000,8.089884000,112.905046000,103.365745250,96.454572288
avx512_fma,1200,0x00,65,1.170532779,0.000160076,120.862667000,8.078898000,112.783769000,103.254406200,96.352508067
avx512_fma,1200,0x00,66,1.170634832,0.000616470,121.178157000,8.095743000,113.082414000,103.514908074,96.599222003
avx512_fma,1200,0x00,67,1.170587089,0.000262251,120.969783000,8.093607000,112.876176000,103.341121853,96.426978449
avx512_fma,1200,0x00,68,1.170544841,0.000174396,120.836727000,8.069804000,112.766923000,103.231181584,96.337123604
avx512_fma,1200,0x00,69,1.170615142,0.000537717,121.094722000,8.055522000,113.039200000,103.445374740,96.563931204
avx512_fma,1200,0x00,70,1.170561242,0.000153508,120.991634000,8.060160000,112.931474000,103.362070783,96.476348185
avx512_fma,1200,0x00,71,1.170553470,0.000158761,120.927303000,8.050394000,112.876909000,103.307799382,96.430374122
avx512_fma,1200,0x00,72,1.170543147,0.000130096,121.023616000,8.033610000,112.990006000,103.390991052,96.527843783
avx512_fma,1200,0x00,73,1.170546896,0.000253124,120.978511000,8.053141000,112.925370000,103.352126621,96.472315971
avx512_fma,1200,0x00,74,1.170519011,0.000159195,120.866084000,8.052531000,112.813553000,103.258539855,96.379086449
avx512_fma,1200,0x00,75,1.170518651,0.000137892,120.847469000,8.048381000,112.799088000,103.242668494,96.366758404
avx512_fma,1200,0x00,76,1.170599598,0.000624460,121.073665000,8.090555000,112.983110000,103.428760070,96.517297764
avx512_fma,1200,0x00,77,1.170515189,0.000134421,120.826717000,8.059184000,112.767533000,103.225244894,96.340085199
avx512_fma,1200,0x00,78,1.170515235,0.000176784,120.923824000,8.069315000,112.854509000,103.308201705,96.414387119
avx512_fma,1200,0x00,79,1.170620247,0.000691222,121.114375000,8.061136000,113.053239000,103.461712082,96.575502811
avx512_fma,1200,0x00,80,1.170526262,0.000167550,120.863704000,8.031595000,112.832109000,103.255866978,96.394342157
avx512_fma,1200,0x00,81,1.170532075,0.000179258,120.993037000,8.040629000,112.952408000,103.365844932,96.496636331
avx512_fma,1200,0x00,82,1.170535204,0.000159380,120.817256000,8.061259000,112.755997000,103.215397150,96.328582495
avx512_fma,1200,0x00,83,1.170527078,0.000182837,121.075740000,8.054118000,113.021622000,103.436940698,96.556178904
avx512_fma,1200,0x00,84,1.170566023,0.000246059,120.984431000,8.038309000,112.946122000,103.355495187,96.488467749
avx512_fma,1200,0x00,85,1.170504204,0.000138652,121.055415000,8.046122000,113.009293000,103.421597830,96.547532811
avx512_fma,1200,0x00,86,1.170492706,0.000190489,120.775692000,8.037455000,112.738237000,103.183634866,96.316906899
avx512_fma,1200,0x00,87,1.170461777,0.000150649,120.914730000,8.058329000,112.856401000,103.305150508,96.420407101
avx512_fma,1200,0x00,88,1.170474621,0.000169217,120.981380000,8.064249000,112.917131000,103.360959566,96.471233934
avx512_fma,1200,0x00,89,1.170462999,0.000146563,120.966792000,8.080119000,112.886673000,103.349522425,96.446169646
avx512_fma,1200,0x00,90,1.170504150,0.000257671,120.847896000,8.038126000,112.809770000,103.244312250,96.377078164
avx512_fma,1200,0x00,91,1.170495824,0.000174492,120.900936000,8.053324000,112.847612000,103.290360858,96.410093678
avx512_fma,1200,0x00,92,1.170470513,0.000146754,120.875850000,8.062663000,112.813187000,103.271162040,96.382767235
avx512_fma,1200,0x00,93,1.170477320,0.000189433,120.891963000,8.051615000,112.840348000,103.284327628,96.405411768
avx512_fma,1200,0x00,94,1.170483528,0.000147966,120.955868000,8.068583000,112.887285000,103.338376959,96.445001008
avx512_fma,1200,0x00,95,1.170484522,0.000178878,120.799739000,8.061258000,112.738481000,103.204900845,96.317788840
avx512_fma,1200,0x00,96,1.170616887,0.000749732,121.169123000,8.096110000,113.073013000,103.508777587,96.592671994
avx512_fma,1200,0x00,97,1.170468784,0.000149917,120.878596000,8.052897000,112.825699000,103.273660666,96.393599351
avx512_fma,1200,0x00,98,1.170462799,0.000158740,120.848934000,8.065409000,112.783525000,103.248846569,96.358060289
avx512_fma,1200,0x00,99,1.170466379,0.000121874,120.832027000,8.054911000,112.777116000,103.234086136,96.352290004
avx512_fma,1200,0xAA,0,1.170652542,0.000666270,121.259272000,8.089273000,113.169999000,103.582632501,96.672577884
avx512_fma,1200,0xAA,1,1.170547886,0.000163611,121.032649000,8.077433000,112.955216000,103.398289334,96.497731829
avx512_fma,1200,0xAA,2,1.170579981,0.000200792,120.997737000,8.071757000,112.925980000,103.365629841,96.470110413
avx512_fma,1200,0xAA,3,1.170667258,0.000683126,121.185603000,8.093913000,113.091690000,103.518401298,96.604469995
avx512_fma,1200,0xAA,4,1.170527459,0.000151286,120.952938000,8.059550000,112.893388000,103.331995414,96.446595213
avx512_fma,1200,0xAA,5,1.170502098,0.000169757,120.897640000,8.049967000,112.847673000,103.286991305,96.409629005
avx512_fma,1200,0xAA,6,1.170462119,0.000154512,120.817257000,8.043925000,112.773332000,103.221842915,96.349407773
avx512_fma,1200,0xAA,7,1.170476870,0.000209471,120.865658000,8.022502000,112.843156000,103.261893578,96.407847843
avx512_fma,1200,0xAA,8,1.170500700,0.000258356,121.064326000,8.042094000,113.022232000,103.429520363,96.558876032
avx512_fma,1200,0xAA,9,1.170492266,0.000159131,120.974117000,8.035746000,112.938371000,103.353196317,96.487925840
avx512_fma,1200,0xAA,10,1.170547402,0.000239222,121.042598000,8.065836000,112.976762000,103.406831542,96.516178514
avx512_fma,1200,0xAA,11,1.170474542,0.000150292,120.906856000,8.073649000,112.833207000,103.297296649,96.399539620
avx512_fma,1200,0xAA,12,1.170465010,0.000168811,120.884518000,8.069438000,112.815080000,103.279053131,96.384837646
avx512_fma,1200,0xAA,13,1.170469659,0.000154492,120.883296000,8.077311000,112.805985000,103.277598906,96.376684443
avx512_fma,1200,0xAA,14,1.170495511,0.000308165,120.924740000,8.073404000,112.851336000,103.310725159,96.413301011
avx512_fma,1200,0xAA,15,1.170463092,0.000176531,120.909969000,8.049479000,112.860490000,103.300966753,96.423792195
avx512_fma,1200,0xAA,16,1.170463295,0.000149311,120.891109000,8.050700000,112.840409000,103.284835578,96.406619035
avx512_fma,1200,0xAA,17,1.170501581,0.000236796,121.051937000,8.051981000,112.999956000,103.418858144,96.539772180
avx512_fma,1200,0xAA,18,1.170470519,0.000146565,121.021968000,8.054239000,112.967729000,103.395998512,96.514800846
avx512_fma,1200,0xAA,19,1.170482543,0.000176312,121.033259000,8.063151000,112.970108000,103.404582737,96.515841810
avx512_fma,1200,0xAA,20,1.170575245,0.000337795,121.042781000,8.052287000,112.990494000,103.404528230,96.525613754
avx512_fma,1200,0xAA,21,1.170507696,0.000145709,120.995235000,8.075724000,112.919511000,103.369875687,96.470541296
avx512_fma,1200,0xAA,22,1.170475333,0.000151732,121.063594000,8.063211000,113.000383000,103.431136566,96.542301942
avx512_fma,1200,0xAA,23,1.170478733,0.000134806,120.998226000,8.052103000,112.946123000,103.374988873,96.495664394
avx512_fma,1200,0xAA,24,1.170518879,0.000199950,121.123591000,8.067057000,113.056534000,103.478545423,96.586681358
avx512_fma,1200,0xAA,25,1.170517306,0.000157934,120.936824000,8.030497000,112.906327000,103.319125116,96.458485843
avx512_fma,1200,0xAA,26,1.170518247,0.000259509,121.111079000,8.065165000,113.045914000,103.467911990,96.577660583
avx512_fma,1200,0xAA,27,1.170466355,0.000192657,121.030085000,8.066813000,112.963272000,103.403301147,96.511336278
avx512_fma,1200,0xAA,28,1.170507336,0.000156779,120.926265000,8.042094000,112.884171000,103.310984277,96.440378898
avx512_fma,1200,0xAA,29,1.170468132,0.000168948,121.241755000,8.069376000,113.172379000,103.583986375,96.689842244
avx512_fma,1200,0xAA,30,1.170480181,0.000177104,120.943172000,8.068338000,112.874834000,103.327825607,96.434639261
avx512_fma,1200,0xAA,31,1.170481110,0.000272794,121.319514000,8.075968000,113.243546000,103.649271231,96.749571668
avx512_fma,1200,0xAA,32,1.170463780,0.000170686,121.111079000,8.067789000,113.043290000,103.472726863,96.579912973
avx512_fma,1200,0xAA,33,1.170433587,0.000146896,121.169123000,8.069864000,113.099259000,103.524987990,96.630223441
avx512_fma,1200,0xAA,34,1.170463593,0.000202453,121.022090000,8.045146000,112.976944000,103.396714561,96.523244895
avx512_fma,1200,0xAA,35,1.170442701,0.000145046,121.261042000,8.037455000,113.223587000,103.602715391,96.735694054
avx512_fma,1200,0xAA,36,1.170470262,0.000168290,121.082576000,8.039286000,113.043290000,103.447802105,96.579378136
avx512_fma,1200,0xAA,37,1.170520965,0.000293361,121.180354000,8.071024000,113.109330000,103.526854782,96.631613912
avx512_fma,1200,0xAA,38,1.170457251,0.000153380,121.323054000,8.064493000,113.258561000,103.654408496,96.764372149
avx512_fma,1200,0xAA,39,1.170469653,0.000163512,121.290156000,8.067668000,113.222488000,103.625203524,96.732527597
avx512_fma,1200,0xAA,40,1.170504007,0.000167291,121.212336000,8.065287000,113.147049000,103.555677938,96.665238478
avx512_fma,1200,0xAA,41,1.170517015,0.000221351,121.119318000,8.056681000,113.062637000,103.475059726,96.592049142
avx512_fma,1200,0xAA,42,1.170473683,0.000141374,121.024471000,8.050211000,112.974260000,103.397857408,96.520119689
avx512_fma,1200,0xAA,43,1.170475069,0.000228953,121.019344000,8.057413000,112.961931000,103.393354736,96.509472102
avx512_fma,1200,0xAA,44,1.170481842,0.000286502,121.049067000,8.060282000,112.988785000,103.418150265,96.531856337
avx512_fma,1200,0xAA,45,1.170449646,0.000129805,121.016048000,8.071878000,112.944170000,103.392784489,96.496393834
avx512_fma,1200,0xAA,46,1.170444464,0.000156067,121.089778000,8.048136000,113.041642000,103.456235399,96.580098814
avx512_fma,1200,0xAA,47,1.170448559,0.000143477,121.105892000,8.063151000,113.042741000,103.469640828,96.580699884
avx512_fma,1200,0xAA,48,1.170494991,0.000276657,121.224543000,8.079448000,113.145095000,103.566904511,96.664313675
avx512_fma,1200,0xAA,49,1.170490175,0.000250135,121.061702000,8.033854000,113.027848000,103.428208629,96.564542301
avx512_fma,1200,0xAA,50,1.170516515,0.000144846,121.025386000,8.047343000,112.978043000,103.394855605,96.519819755
avx512_fma,1200,0xAA,51,1.170572260,0.000308595,121.206110000,8.040873000,113.165237000,103.544321115,96.675139884
avx512_fma,1200,0xAA,52,1.170481903,0.000150697,121.111934000,8.040019000,113.071915000,103.471855228,96.602873333
avx512_fma,1200,0xAA,53,1.170483298,0.000167964,121.011348000,8.043864000,112.967484000,103.385796492,96.513537813
avx512_fma,1200,0xAA,54,1.170480664,0.000155642,121.017329000,8.045389000,112.971940000,103.391138988,96.517561963
avx512_fma,1200,0xAA,55,1.170515999,0.000386268,121.217341000,8.064432000,113.152909000,103.558892922,96.669254500
avx512_fma,1200,0xAA,56,1.170452595,0.000162465,121.401606000,8.059245000,113.342361000,103.721933341,96.836353321
avx512_fma,1200,0xAA,57,1.170459316,0.000146248,121.095454000,8.063945000,113.031509000,103.459771989,96.570215994
avx512_fma,1200,0xAA,58,1.170492380,0.000296685,121.322870000,8.070353000,113.252517000,103.651140421,96.756304418
avx512_fma,1200,0xAA,59,1.170454150,0.000145370,121.183162000,8.064433000,113.118729000,103.535163648,96.645160313
avx512_fma,1200,0xAA,60,1.170516249,0.000255772,121.157343000,8.056804000,113.100539000,103.507613075,96.624492908
avx512_fma,1200,0xAA,61,1.170563093,0.000272717,121.306025000,8.082620000,113.223405000,103.630488393,96.725589332
avx512_fma,1200,0xAA,62,1.170494544,0.000150503,121.162043000,8.062235000,113.099808000,103.513547835,96.625660113
avx512_fma,1200,0xAA,63,1.170532321,0.000172529,121.050471000,8.063701000,112.986770000,103.414889855,96.525972002
avx512_fma,1200,0xAA,64,1.170553973,0.000330539,121.117061000,8.076945000,113.040116000,103.469864508,96.569759783
avx512_fma,1200,0xAA,65,1.170571736,0.000276478,121.087885000,8.078531000,113.009354000,103.443369815,96.542014904
avx512_fma,1200,0xAA,66,1.170567166,0.000269426,121.075252000,8.074259000,113.000993000,103.432981522,96.535249177
avx512_fma,1200,0xAA,67,1.170538182,0.000161004,120.986140000,8.064250000,112.921890000,103.359413493,96.470061124
avx512_fma,1200,0xAA,68,1.170531620,0.000274356,121.020564000,8.077677000,112.942887000,103.389401779,96.488539933
avx512_fma,1200,0xAA,69,1.170475270,0.000152290,120.951351000,8.077677000,112.873674000,103.335246887,96.434052810
avx512_fma,1200,0xAA,70,1.170552665,0.000178496,120.953975000,8.059245000,112.894730000,103.330656170,96.445664799
avx512_fma,1200,0xAA,71,1.170560389,0.000143533,120.999446000,8.046061000,112.953385000,103.368819866,96.495136906
avx512_fma,1200,0xAA,72,1.170585314,0.000375319,121.018794000,8.094339000,112.924455000,103.383147357,96.468368140
avx512_fma,1200,0xAA,73,1.170538913,0.000186410,121.058467000,8.063578000,112.994889000,103.421138468,96.532364493
avx512_fma,1200,0xAA,74,1.170520927,0.000157264,120.965694000,8.031413000,112.934281000,103.343469709,96.482069103
avx512_fma,1200,0xAA,75,1.170544631,0.000288077,121.070552000,8.074015000,112.996537000,103.430957488,96.533300804
avx512_fma,1200,0xAA,76,1.170537494,0.000157822,121.033809000,8.059244000,112.974565000,103.400198302,96.515118549
avx512_fma,1200,0xAA,77,1.170503357,0.000179084,120.906307000,8.047404000,112.858903000,103.294284668,96.419119425
avx512_fma,1200,0xAA,78,1.170552001,0.000374887,120.968380000,8.048380000,112.920000000,103.343020988,96.467307655
avx512_fma,1200,0xAA,79,1.170495487,0.000160223,120.910335000,8.049295000,112.861040000,103.298420464,96.421593438
avx512_fma,1200,0xAA,80,1.170515347,0.000176049,121.018062000,8.042948000,112.975114000,103.388701648,96.517413698
avx512_fma,1200,0xAA,81,1.170514586,0.000155192,120.960140000,8.049601000,112.910539000,103.339284678,96.462308434
avx512_fma,1200,0xAA,82,1.170787225,0.001768748,121.695612000,8.113810000,113.581802000,103.943406148,97.013188744
avx512_fma,1200,0xAA,83,1.170461893,0.000147478,120.874507000,8.034892000,112.839615000,103.270775154,96.406056151
avx512_fma,1200,0xAA,84,1.170539374,0.000256479,121.003169000,8.026652000,112.976517000,103.373856252,96.516631132
avx512_fma,1200,0xAA,85,1.170563725,0.000365506,121.100703000,8.052469000,113.048234000,103.455028027,96.575890372
avx512_fma,1200,0xAA,86,1.170484983,0.000135838,121.102412000,8.035990000,113.066422000,103.463447811,96.597926157
avx512_fma,1200,0xAA,87,1.170485591,0.000142531,121.064692000,8.029277000,113.035415000,103.431168205,96.571385338
avx512_fma,1200,0xAA,88,1.170509970,0.000127968,121.006099000,7.988322000,113.017777000,103.378956227,96.554305262
avx512_fma,1200,0xAA,89,1.170545574,0.000411588,121.084650000,8.041545000,113.043105000,103.442918183,96.573006254
avx512_fma,1200,0xAA,90,1.170502654,0.000157120,120.909908000,8.032023000,112.877885000,103.297423222,96.435394354
avx512_fma,1200,0xAA,91,1.170480262,0.000126389,121.062251000,8.037943000,113.024308000,103.429553638,96.562335741
avx512_fma,1200,0xAA,92,1.170523613,0.000375732,121.042598000,8.048563000,112.994035000,103.408933122,96.532896696
avx512_fma,1200,0xAA,93,1.170498817,0.000150098,120.910335000,8.040934000,112.869401000,103.298126658,96.428462301
avx512_fma,1200,0xAA,94,1.170485970,0.000153992,120.870174000,8.047831000,112.822343000,103.264949002,96.389316824
avx512_fma,1200,0xAA,95,1.170547917,0.000459550,121.051875000,8.045512000,113.006363000,103.414711367,96.541424181
avx512_fma,1200,0xAA,96,1.170491393,0.000152452,120.972529000,8.046915000,112.925614000,103.351916732,96.477098987
avx512_fma,1200,0xAA,97,1.170506127,0.000173621,120.994747000,8.076212000,112.918535000,103.369597297,96.469836747
avx512_fma,1200,0xAA,98,1.170527317,0.000146870,120.943416000,8.086222000,112.857194000,103.323873139,96.415685792
avx512_fma,1200,0xAA,99,1.170682721,0.000956819,121.319330000,8.104228000,113.215102000,103.631263856,96.708612781
avx512_fma,1400,0x00,0,1.003084547,0.000126113,107.565277000,6.910382000,100.654895000,107.234507123,100.345374975
avx512_fma,1400,0x00,1,1.003078406,0.000142533,107.626128000,6.900801000,100.725327000,107.295827853,100.416205127
avx512_fma,1400,0x00,2,1.003165869,0.000192579,107.763518000,6.920087000,100.843431000,107.423429495,100.525181444
avx512_fma,1400,0x00,3,1.003112260,0.000165281,107.631499000,6.880048000,100.751451000,107.297561089,100.438859153
avx512_fma,1400,0x00,4,1.003088582,0.000130656,107.749235000,6.890302000,100.858933000,107.417467374,100.548381109
avx512_fma,1400,0x00,5,1.003098292,0.000275997,107.890593000,6.892561000,100.998032000,107.557348953,100.686077158
avx512_fma,1400,0x00,6,1.003038856,0.000126596,107.797881000,6.909529000,100.888352000,107.471291180,100.582695632
avx512_fma,1400,0x00,7,1.003045589,0.000160181,107.725371000,6.887616000,100.837755000,107.398279949,100.531577106
avx512_fma,1400,0x00,8,1.003038996,0.000131694,107.320221000,6.887495000,100.432726000,106.995063480,100.128436130
avx512_fma,1400,0x00,9,1.003056995,0.000206586,107.596526000,6.894026000,100.702500000,107.268606372,100.395591148
avx512_fma,1400,0x00,10,1.003011369,0.000135658,107.625945000,6.892988000,100.732957000,107.302816632,100.430523642
avx512_fma,1400,0x00,11,1.003058976,0.000151682,107.654205000,6.899518000,100.754687000,107.325897659,100.447420754
avx512_fma,1400,0x00,12,1.003041528,0.000113055,107.519134000,6.887739000,100.631395000,107.193103202,100.326249927
avx512_fma,1400,0x00,13,1.003047544,0.000143125,107.578033000,6.881452000,100.696581000,107.251180278,100.390636091
avx512_fma,1400,0x00,14,1.003027721,0.000115255,107.506072000,6.877851000,100.628221000,107.181556117,100.324466474
avx512_fma,1400,0x00,15,1.003037669,0.000159445,107.690764000,6.886701000,100.804063000,107.364625839,100.498781001
avx512_fma,1400,0x00,16,1.003011773,0.000135550,107.620208000,6.904828000,100.715380000,107.297053627,100.412958958
avx512_fma,1400,0x00,17,1.003070353,0.000253031,107.808440000,6.900800000,100.907640000,107.478443209,100.598766248
avx512_fma,1400,0x00,18,1.003044437,0.000134460,107.679839000,6.881575000,100.798264000,107.353009503,100.492321437
avx512_fma,1400,0x00,19,1.003040733,0.000165389,107.781340000,6.887373000,100.893967000,107.454599300,100.588105471
avx512_fma,1400,0x00,20,1.003018477,0.000134429,107.750395000,6.911482000,100.838913000,107.426131639,100.535449009
avx512_fma,1400,0x00,21,1.003059074,0.000141256,107.802520000,6.894513000,100.908007000,107.473749831,100.600263336
avx512_fma,1400,0x00,22,1.003049863,0.000123050,107.696623000,6.906781000,100.789842000,107.369161808,100.483381492
avx512_fma,1400,0x00,23,1.003026256,0.000138907,107.577545000,6.907087000,100.670458000,107.252970037,100.366722586
avx512_fma,1400,0x00,24,1.003031543,0.000118545,107.564116000,6.913251000,100.650865000,107.239016276,100.346659754
avx512_fma,1400,0x00,25,1.003030964,0.000138347,107.466034000,6.895613000,100.570421000,107.141292626,100.266516822
avx512_fma,1400,0x00,26,1.003010533,0.000113423,107.489288000,6.897992000,100.591296000,107.166659251,100.289371552
avx512_fma,1400,0x00,27,1.003028291,0.000136135,107.608123000,6.886274000,100.721849000,107.283238147,100.417754828
avx512_fma,1400,0x00,28,1.003016889,0.000112218,107.439483000,6.895673000,100.543810000,107.116324926,100.241392834
avx512_fma,1400,0x00,29,1.003061879,0.000244495,107.598358000,6.893964000,100.704394000,107.269910502,100.396990552
avx512_fma,1400,0x00,30,1.003001872,0.000112008,107.430145000,6.892561000,100.537584000,107.108618591,100.236686255
avx512_fma,1400,0x00,31,1.003036304,0.000151843,107.479583000,6.895612000,100.583971000,107.154230148,100.279491945
avx512_fma,1400,0x00,32,1.003026265,0.000125283,107.527434000,6.904523000,100.622911000,107.203009266,100.319318141
avx512_fma,1400,0x00,33,1.003022144,0.000169700,107.580413000,6.916486000,100.663927000,107.256269114,100.360622750
avx512_fma,1400,0x00,34,1.003028349,0.000133993,107.579681000,6.909284000,100.670397000,107.254875846,100.366452394
avx512_fma,1400,0x00,35,1.003053154,0.000155424,107.544891000,6.880415000,100.664476000,107.217539364,100.358067387
avx512_fma,1400,0x00,36,1.003013674,0.000127644,107.595122000,6.900312000,100.694810000,107.271839638,100.392260448
avx512_fma,1400,0x00,37,1.003041038,0.000141961,107.435211000,6.900006000,100.535205000,107.109487018,100.230400579
avx512_fma,1400,0x00,38,1.003050345,0.000122076,107.395599000,6.915021000,100.480578000,107.069001576,100.175009632
avx512_fma,1400,0x00,39,1.003054447,0.000146687,107.573028000,6.899702000,100.673326000,107.245452472,100.366761069
avx512_fma,1400,0x00,40,1.003061349,0.000125541,107.620635000,6.913374000,100.707261000,107.292176230,100.399901886
avx512_fma,1400,0x00,41,1.003130523,0.000340405,107.720733000,6.929853000,100.790880000,107.384563163,100.476336525
avx512_fma,1400,0x00,42,1.003082850,0.000126267,107.603606000,6.909955000,100.693651000,107.272899772,100.384181654
avx512_fma,1400,0x00,43,1.003093991,0.000146772,107.559417000,6.889264000,100.670153000,107.227655599,100.359641173
avx512_fma,1400,0x00,44,1.003070916,0.000123378,107.507476000,6.912031000,100.595445000,107.178340305,100.287470588
avx512_fma,1400,0x00,45,1.003108004,0.000239910,107.606048000,6.912214000,100.693834000,107.272644155,100.381846783
avx512_fma,1400,0x00,46,1.003069186,0.000122329,107.433563000,6.903364000,100.530199000,107.104838372,100.222597247
avx512_fma,1400,0x00,47,1.003047219,0.000140821,107.549163000,6.887677000,100.661486000,107.222432815,100.355680311
avx512_fma,1400,0x00,48,1.003027735,0.000118753,107.472626000,6.913740000,100.558886000,107.148209661,100.255339443
avx512_fma,1400,0x00,49,1.003061713,0.000145287,107.556426000,6.910871000,100.645555000,107.228124285,100.338347801
avx512_fma,1400,0x00,50,1.003065215,0.000121347,107.515960000,6.909406000,100.606554000,107.187407558,100.299115653
avx512_fma,1400,0x00,51,1.003425948,0.001799266,108.990993000,6.989729000,102.001264000,108.618870398,101.653006087
avx512_fma,1400,0x00,52,1.003067096,0.000129314,107.471161000,6.915021000,100.556140000,107.142544576,100.248667755
avx512_fma,1400,0x00,53,1.003027588,0.000152012,107.373199000,6.914899000,100.458300000,107.049098385,100.155071660
avx512_fma,1400,0x00,54,1.003021893,0.000123414,107.400238000,6.911664000,100.488574000,107.076663730,100.185823116
avx512_fma,1400,0x00,55,1.003037328,0.000145043,107.543670000,6.901655000,100.642015000,107.218013706,100.337257819
avx512_fma,1400,0x00,56,1.003000329,0.000125152,107.606658000,6.899519000,100.707139000,107.284768421,100.405888323
avx512_fma,1400,0x00,57,1.003059127,0.000265023,107.551055000,6.897199000,100.653856000,107.223046054,100.346882115
avx512_fma,1400,0x00,58,1.003030347,0.000130480,107.593169000,6.914839000,100.678330000,107.268109456,100.374161507
avx512_fma,1400,0x00,59,1.003016985,0.000154692,107.549529000,6.895429000,100.654100000,107.226029696,100.351341526
avx512_fma,1400,0x00,60,1.003027337,0.000135583,107.486420000,6.908185000,100.578235000,107.162004533,100.274669814
avx512_fma,1400,0x00,61,1.003513232,0.002268265,108.841518000,7.021100000,101.820418000,108.460471210,101.463951606
avx512_fma,1400,0x00,62,1.003069461,0.000113735,107.486114000,6.909162000,100.576952000,107.157199210,100.269179714
avx512_fma,1400,0x00,63,1.003062591,0.000140542,107.594024000,6.915143000,100.678881000,107.265513600,100.371484192
avx512_fma,1400,0x00,64,1.003026590,0.000111295,107.393585000,6.922163000,100.471422000,107.069529406,100.168253740
avx512_fma,1400,0x00,65,1.003099780,0.000501285,107.735015000,6.931318000,100.803697000,107.402092116,100.492193284
avx512_fma,1400,0x00,66,1.003070788,0.000475359,107.676055000,6.921491000,100.754564000,107.346416888,100.446115253
avx512_fma,1400,0x00,67,1.003014966,0.000132678,107.483184000,6.895979000,100.587205000,107.160099931,100.284849577
avx512_fma,1400,0x00,68,1.003042533,0.000119875,107.383148000,6.887495000,100.495653000,107.057422298,100.190819162
avx512_fma,1400,0x00,69,1.003045604,0.000208003,107.453704000,6.881208000,100.572496000,107.127436297,100.267122095
avx512_fma,1400,0x00,70,1.003031897,0.000112178,107.400726000,6.901411000,100.499315000,107.076082336,100.195532455
avx512_fma,1400,0x00,71,1.003112612,0.000156018,108.273771000,6.950666000,101.323105000,107.937802462,101.008704060
avx512_fma,1400,0x00,72,1.003097567,0.000134896,107.621245000,6.932355000,100.688890000,107.288910446,100.377962568
avx512_fma,1400,0x00,73,1.003049271,0.000147857,107.552826000,6.920453000,100.632373000,107.225865317,100.326450500
avx512_fma,1400,0x00,74,1.003046309,0.000121982,107.505035000,6.916853000,100.588182000,107.178536050,100.282689928
avx512_fma,1400,0x00,75,1.003056096,0.000167086,107.450286000,6.916730000,100.533556000,107.122908155,100.227251939
avx512_fma,1400,0x00,76,1.003077068,0.000142237,107.479217000,6.916120000,100.563097000,107.149510650,100.254606740
avx512_fma,1400,0x00,77,1.003124288,0.000348250,107.595000000,6.937849000,100.657151000,107.259889250,100.343648575
avx512_fma,1400,0x00,78,1.003058586,0.000142076,107.520477000,6.931623000,100.588854000,107.192619110,100.282132431
avx512_fma,1400,0x00,79,1.003081503,0.000167283,107.498505000,6.931989000,100.566516000,107.168265683,100.257572005
avx512_fma,1400,0x00,80,1.003065178,0.000144293,107.514495000,6.928204000,100.586291000,107.185951031,100.278918312
avx512_fma,1400,0x00,81,1.003649424,0.002131459,109.025783000,7.039349000,101.986434000,108.629348429,101.615595589
avx512_fma,1400,0x00,82,1.003134976,0.000593897,107.816069000,6.932234000,100.883835000,107.479124566,100.568555033
avx512_fma,1400,0x00,83,1.003003273,0.000152763,107.546050000,6.915388000,100.630662000,107.224026982,100.329345592
avx512_fma,1400,0x00,84,1.003058336,0.000136910,107.403717000,6.898847000,100.504870000,107.076241901,100.198429561
avx512_fma,1400,0x00,85,1.003056552,0.000161923,107.492096000,6.910017000,100.582079000,107.164542016,100.275581482
avx512_fma,1400,0x00,86,1.003050346,0.000138188,107.478546000,6.915632000,100.562914000,107.151696267,100.257095185
avx512_fma,1400,0x00,87,1.003051022,0.000161219,107.524627000,6.924299000,100.600328000,107.197564909,100.294327835
avx512_fma,1400,0x00,88,1.003055903,0.000141441,107.438568000,6.904828000,100.533740000,107.111246417,100.227454617
avx512_fma,1400,0x00,89,1.003127447,0.000424195,107.726836000,6.913252000,100.813584000,107.390976402,100.499277824
avx512_fma,1400,0x00,90,1.003073811,0.000140295,107.555877000,6.908491000,100.647386000,107.226283624,100.338962949
avx512_fma,1400,0x00,91,1.003090524,0.000160365,107.773833000,6.935957000,100.837876000,107.441781599,100.527194297
avx512_fma,1400,0x00,92,1.003106922,0.000130019,107.661528000,6.905683000,100.755845000,107.328068026,100.443773993
avx512_fma,1400,0x00,93,1.003092680,0.000329576,107.730987000,6.919416000,100.811571000,107.398836811,100.500754370
avx512_fma,1400,0x00,94,1.003056196,0.000119791,107.626372000,6.907820000,100.718552000,107.298446946,100.411674271
avx512_fma,1400,0x00,95,1.003060467,0.000147042,107.556182000,6.911115000,100.645067000,107.228014155,100.337985862
avx512_fma,1400,0x00,96,1.003039277,0.000123881,107.446014000,6.902876000,100.543138000,107.120445279,100.238485462
avx512_fma,1400,0x00,97,1.003036889,0.000148696,107.801237000,6.914044000,100.887193000,107.474847790,100.581737403
avx512_fma,1400,0x00,98,1.003030167,0.000119755,107.389617000,6.904218000,100.485399000,107.065191551,100.181831285
avx512_fma,1400,0x00,99,1.003043052,0.000141856,107.421722000,6.931806000,100.489916000,107.095823816,100.185047669
avx512_fma,1400,0xAA,0,1.003057232,0.000144677,107.471527000,6.915570000,100.555957000,107.143963006,100.249471070
avx512_fma,1400,0xAA,1,1.003064782,0.000119557,107.501434000,6.915083000,100.586351000,107.172972227,100.279017693
avx512_fma,1400,0xAA,2,1.003048348,0.000144075,107.590484000,6.927106000,100.663378000,107.263507543,100.357453596
avx512_fma,1400,0xAA,3,1.003123875,0.000128955,107.568267000,6.917097000,100.651170000,107.233283607,100.337727464
avx512_fma,1400,0xAA,4,1.003107346,0.000155151,107.442230000,6.913129000,100.529101000,107.109404060,100.217689998
avx512_fma,1400,0xAA,5,1.003082075,0.000125241,107.562957000,6.918928000,100.644029000,107.232458490,100.334789625
avx512_fma,1400,0xAA,6,1.003153403,0.000384714,107.438384000,6.923749000,100.514635000,107.100652508,100.198668244
avx512_fma,1400,0xAA,7,1.003091735,0.000123464,107.389435000,6.918378000,100.471057000,107.058438629,100.161384495
avx512_fma,1400,0xAA,8,1.003076804,0.000151858,107.444977000,6.925458000,100.519519000,107.115403939,100.211188853
avx512_fma,1400,0xAA,9,1.003049806,0.000120033,107.611358000,6.903974000,100.707384000,107.284162111,100.401179872
avx512_fma,1400,0xAA,10,1.003098425,0.000309826,107.618560000,6.899031000,100.719529000,107.286141978,100.408421077
avx512_fma,1400,0xAA,11,1.003277478,0.001122182,108.399686000,6.980573000,101.419113000,108.045568998,101.087799934
avx512_fma,1400,0xAA,12,1.003035141,0.000135568,107.517242000,6.922651000,100.594591000,107.191899467,100.290196110
avx512_fma,1400,0xAA,13,1.003052310,0.000113951,107.516571000,6.907758000,100.608813000,107.189395777,100.302658233
avx512_fma,1400,0xAA,14,1.003087330,0.000147475,107.415191000,6.890790000,100.524401000,107.084585535,100.215004200
avx512_fma,1400,0xAA,15,1.003129685,0.000229022,107.558258000,6.903608000,100.654650000,107.222684799,100.340615506
avx512_fma,1400,0xAA,16,1.003064667,0.000122650,107.551788000,6.890546000,100.661242000,107.223184679,100.353691386
avx512_fma,1400,0xAA,17,1.003142068,0.000455115,107.619537000,6.930829000,100.688708000,107.282448245,100.373328170
avx512_fma,1400,0xAA,18,1.003079615,0.000118764,107.524932000,6.897260000,100.627672000,107.194813260,100.318728952
avx512_fma,1400,0xAA,19,1.003053491,0.000142195,107.475372000,6.906476000,100.568896000,107.148195986,100.262744647
avx512_fma,1400,0xAA,20,1.003063625,0.000120412,107.448273000,6.900800000,100.547473000,107.120097196,100.240374088
avx512_fma,1400,0xAA,21,1.003121883,0.000381882,107.571807000,6.904829000,100.666978000,107.237025572,100.353685553
avx512_fma,1400,0xAA,22,1.003078723,0.000121179,107.484222000,6.889143000,100.595079000,107.154323485,100.286325152
avx512_fma,1400,0xAA,23,1.003045760,0.000134672,107.479156000,6.893232000,100.585924000,107.152794267,100.280493648
avx512_fma,1400,0xAA,24,1.003050473,0.000115411,107.504486000,6.895185000,100.609301000,107.177543808,100.303328416
avx512_fma,1400,0xAA,25,1.003044356,0.000133134,107.483123000,6.880659000,100.602464000,107.156899281,100.297123878
avx512_fma,1400,0xAA,26,1.003037552,0.000116270,107.460479000,6.901105000,100.559374000,107.135050728,100.254844710
avx512_fma,1400,0xAA,27,1.003051829,0.000137171,107.314667000,6.869428000,100.445239000,106.988157446,100.139629980
avx512_fma,1400,0xAA,28,1.003056102,0.000119323,107.390167000,6.878950000,100.511217000,107.062971619,100.204980341
avx512_fma,1400,0xAA,29,1.003094198,0.000489736,107.546599000,6.915876000,100.630723000,107.214855056,100.320312134
avx512_fma,1400,0xAA,30,1.003046956,0.000118382,107.524200000,6.869184000,100.655016000,107.197573748,100.349256267
avx512_fma,1400,0xAA,31,1.003066341,0.000137815,107.392791000,6.891401000,100.501390000,107.064494701,100.194160491
avx512_fma,1400,0xAA,32,1.003081184,0.000123051,107.368988000,6.884687000,100.484301000,107.039180597,100.175641424
avx512_fma,1400,0xAA,33,1.003128789,0.000393569,107.591765000,6.912885000,100.678880000,107.256183019,100.364859517
avx512_fma,1400,0xAA,34,1.003064341,0.000124256,107.349518000,6.865217000,100.484301000,107.021567465,100.177323560
avx512_fma,1400,0xAA,35,1.003093766,0.000141484,107.332062000,6.894514000,100.437548000,107.001025918,100.127776141
avx512_fma,1400,0xAA,36,1.003070890,0.000120362,107.343597000,6.916303000,100.427294000,107.014965823,100.119837004
avx512_fma,1400,0xAA,37,1.003071122,0.000139639,107.363250000,6.908063000,100.455187000,107.034533884,100.147621433
avx512_fma,1400,0xAA,38,1.003054814,0.000125122,107.382232000,6.906782000,100.475450000,107.055198323,100.169450998
avx512_fma,1400,0xAA,39,1.003074115,0.000146032,107.454804000,6.892499000,100.562305000,107.125487908,100.254112308
avx512_fma,1400,0xAA,40,1.003086313,0.000124544,107.495330000,6.911054000,100.584276000,107.164586547,100.274796595
avx512_fma,1400,0xAA,41,1.003447856,0.001594032,108.437771000,6.984357000,101.453414000,108.065177828,101.104819143
avx512_fma,1400,0xAA,42,1.003036991,0.000113420,107.553131000,6.900556000,100.652575000,107.227482075,100.347819550
avx512_fma,1400,0xAA,43,1.003071881,0.000140454,107.484283000,6.872357000,100.611926000,107.155115272,100.303804680
avx512_fma,1400,0xAA,44,1.003069231,0.000122665,107.387848000,6.883161000,100.504687000,107.059258379,100.197158749
avx512_fma,1400,0xAA,45,1.003117166,0.000328718,107.599639000,6.891340000,100.708299000,107.265275315,100.395350014
avx512_fma,1400,0xAA,46,1.003078053,0.000121809,107.495636000,6.891706000,100.603930000,107.165774113,100.295216052
avx512_fma,1400,0xAA,47,1.003081959,0.000147696,107.495086000,6.868757000,100.626329000,107.164808450,100.317155636
avx512_fma,1400,0xAA,48,1.003073460,0.000123694,107.530304000,6.886701000,100.643603000,107.200826578,100.335226723
avx512_fma,1400,0xAA,49,1.003076470,0.000144520,107.387725000,6.896406000,100.491319000,107.058363180,100.183108693
avx512_fma,1400,0xAA,50,1.003068900,0.000124889,107.601470000,6.881635000,100.719835000,107.272262204,100.411681637
avx512_fma,1400,0xAA,51,1.003366069,0.001437409,109.036342000,6.991925000,102.044417000,108.670549436,101.702080782
avx512_fma,1400,0xAA,52,1.003053300,0.000115706,107.326568000,6.848798000,100.477770000,106.999865365,100.171915142
avx512_fma,1400,0xAA,53,1.003123938,0.000462705,107.566436000,6.899274000,100.667162000,107.231451567,100.353663353
avx512_fma,1400,0xAA,54,1.003101945,0.000123043,107.547698000,6.895368000,100.652330000,107.215122590,100.341077500
avx512_fma,1400,0xAA,55,1.003097851,0.000153850,107.510589000,6.870404000,100.640185000,107.178565811,100.329379567
avx512_fma,1400,0xAA,56,1.003078182,0.000120039,107.384613000,6.878645000,100.505968000,107.055078028,100.197541770
avx512_fma,1400,0xAA,57,1.003137576,0.000383261,107.547821000,6.874738000,100.673083000,107.211436976,100.358201523
avx512_fma,1400,0xAA,58,1.003086924,0.000123826,107.502105000,6.862409000,100.639696000,107.171275372,100.329984919
avx512_fma,1400,0xAA,59,1.003102073,0.000141820,107.435882000,6.851240000,100.584642000,107.103638721,100.273586041
avx512_fma,1400,0xAA,60,1.003075870,0.000122559,107.520843000,6.905255000,100.615588000,107.191137017,100.307056552
avx512_fma,1400,0xAA,61,1.003400933,0.001557015,108.963100000,6.980390000,101.982710000,108.593779873,101.637049245
avx512_fma,1400,0xAA,62,1.003059758,0.000116975,107.597075000,6.870404000,100.726671000,107.268858272,100.419411919
avx512_fma,1400,0xAA,63,1.003106810,0.000147456,107.564056000,6.861311000,100.702745000,107.230909933,100.390849701
avx512_fma,1400,0xAA,64,1.003079800,0.000122268,107.505645000,6.888533000,100.617112000,107.175565746,100.308182908
avx512_fma,1400,0xAA,65,1.003156967,0.000551718,107.664153000,6.877240000,100.786913000,107.325330481,100.469733374
avx512_fma,1400,0xAA,66,1.003063956,0.000126496,107.623260000,6.902753000,100.720507000,107.294514352,100.412846478
avx512_fma,1400,0xAA,67,1.003086419,0.000148160,107.597503000,6.881635000,100.715868000,107.266433844,100.405973100
avx512_fma,1400,0xAA,68,1.003081036,0.000123396,107.499542000,6.883344000,100.616198000,107.169349411,100.307148098
avx512_fma,1400,0xAA,69,1.003180056,0.000463102,107.618133000,6.899274000,100.718859000,107.276986150,100.399582680
avx512_fma,1400,0xAA,70,1.003077527,0.000121299,107.560760000,6.894025000,100.666735000,107.230754485,100.357880937
avx512_fma,1400,0xAA,71,1.003091185,0.000158388,107.694426000,6.888716000,100.805710000,107.362548462,100.495061139
avx512_fma,1400,0xAA,72,1.003052852,0.000129052,107.708830000,6.895429000,100.813401000,107.381011713,100.506569365
avx512_fma,1400,0xAA,73,1.003107117,0.000199323,107.560577000,6.888227000,100.672350000,107.227408853,100.360518089
avx512_fma,1400,0xAA,74,1.003060731,0.000149029,107.363617000,6.881879000,100.481738000,107.036008586,100.175128892
avx512_fma,1400,0xAA,75,1.003075293,0.000144960,107.578154000,6.883832000,100.694322000,107.248333949,100.385606846
avx512_fma,1400,0xAA,76,1.003043551,0.000116495,107.534881000,6.897810000,100.637071000,107.208586235,100.331706367
avx512_fma,1400,0xAA,77,1.003037568,0.000135496,107.790008000,6.881452000,100.908556000,107.463580076,100.602967652
avx512_fma,1400,0xAA,78,1.003064382,0.000149742,107.704681000,6.875837000,100.828844000,107.375640992,100.520809815
avx512_fma,1400,0xAA,79,1.003056009,0.000161149,107.790068000,6.883405000,100.906663000,107.461664183,100.599230842
avx512_fma,1400,0xAA,80,1.003022894,0.000113881,107.759246000,6.892927000,100.866319000,107.434482931,100.562329722
avx512_fma,1400,0xAA,81,1.003608718,0.002454096,109.466150000,7.013471000,102.452679000,109.072538004,102.084285634
avx512_fma,1400,0xAA,82,1.003060110,0.000116929,107.647124000,6.900068000,100.747056000,107.318716883,100.439699435
avx512_fma,1400,0xAA,83,1.003070678,0.000135742,107.529143000,6.905195000,100.623948000,107.199966448,100.315910167
avx512_fma,1400,0xAA,84,1.003046960,0.000112559,107.456390000,6.892194000,100.564196000,107.129969242,100.258711691
avx512_fma,1400,0xAA,85,1.003045521,0.000138597,107.617034000,6.897688000,100.719346000,107.290279182,100.413534454
avx512_fma,1400,0xAA,86,1.003149450,0.000698080,107.906340000,6.908307000,100.998033000,107.567561355,100.680943414
avx512_fma,1400,0xAA,87,1.003033127,0.000135343,107.584502000,6.899640000,100.684862000,107.259171334,100.380395534
avx512_fma,1400,0xAA,88,1.003030838,0.000109426,107.547637000,6.874677000,100.672960000,107.222662511,100.368758581
avx512_fma,1400,0xAA,89,1.003132194,0.000527944,107.645171000,6.890302000,100.754869000,107.309058200,100.440270576
avx512_fma,1400,0xAA,90,1.003045764,0.000126878,107.489227000,6.893354000,100.595873000,107.162834248,100.290412027
avx512_fma,1400,0xAA,91,1.003094269,0.000156261,107.566314000,6.901837000,100.664477000,107.234501652,100.353954911
avx512_fma,1400,0xAA,92,1.003067787,0.000129300,107.567352000,6.905988000,100.661364000,107.238367484,100.353500792
avx512_fma,1400,0xAA,93,1.003149159,0.000658749,107.870573000,6.929670000,100.940903000,107.531937815,100.624021941
avx512_fma,1400,0xAA,94,1.003035988,0.000116844,107.465240000,6.900740000,100.564500000,107.139964362,100.260111512
avx512_fma,1400,0xAA,95,1.003090953,0.000148417,107.589263000,6.892805000,100.696458000,107.257734396,100.386169080
avx512_fma,1400,0xAA,96,1.003085751,0.000125398,107.518279000,6.886640000,100.631639000,107.187525022,100.322070104
avx512_fma,1400,0xAA,97,1.003079586,0.000146151,107.656707000,6.893720000,100.762987000,107.326186728,100.453631357
avx512_fma,1400,0xAA,98,1.003057966,0.000122616,107.562469000,6.895429000,100.667040000,107.234549363,100.360142069
avx512_fma,1400,0xAA,99,1.003046768,0.000139361,107.678252000,6.902387000,100.775865000,107.351177889,100.469756981
avx512_fma,1600,0x00,0,0.877596932,0.000134771,95.821410000,6.040695000,89.780715000,109.186126922,102.302904363
avx512_fma,1600,0x00,1,0.877564405,0.000103133,95.362183000,6.018295000,89.343888000,108.666876684,101.808924192
avx512_fma,1600,0x00,2,0.877546439,0.000034849,95.567016000,6.014145000,89.552871000,108.902516988,102.049153186
avx512_fma,1600,0x00,3,0.877564285,0.000122662,95.461731000,6.035690000,89.426041000,108.780328287,101.902552945
avx512_fma,1600,0x00,4,0.877576280,0.000111140,95.771422000,5.982590000,89.788832000,109.131734964,102.314561191
avx512_fma,1600,0x00,5,0.877582806,0.000134007,96.399411000,6.017074000,90.382337000,109.846512819,102.990095447
avx512_fma,1600,0x00,6,0.877611429,0.000113945,95.042908000,6.025498000,89.017410000,108.297254161,101.431461625
avx512_fma,1600,0x00,7,0.877607809,0.000133437,95.826354000,6.012009000,89.814345000,109.190407174,102.339956507
avx512_fma,1600,0x00,8,0.877585258,0.000109510,95.940978000,6.018601000,89.922377000,109.323825983,102.465687760
avx512_fma,1600,0x00,9,0.877591173,0.000130146,95.474670000,6.022079000,89.452591000,108.791739202,101.929684083
avx512_fma,1600,0x00,10,0.877589780,0.000111878,95.736633000,6.015854000,89.720779000,109.090414707,102.235441985
avx512_fma,1600,0x00,11,0.877569314,0.000044067,95.940184000,6.033798000,89.906386000,109.324907376,102.449327405
avx512_fma,1600,0x00,12,0.877570124,0.000128268,95.877135000,6.046371000,89.830764000,109.252961515,102.363060830
avx512_fma,1600,0x00,13,0.877538371,0.000100595,95.716490000,6.005599000,89.710891000,109.073851550,102.230163343
avx512_fma,1600,0x00,14,0.877574698,0.000124796,95.163636000,6.025253000,89.138383000,108.439357029,101.573556302
avx512_fma,1600,0x00,15,0.877569244,0.000106077,95.127442000,6.027573000,89.099869000,108.398787534,101.530300469
avx512_fma,1600,0x00,16,0.877574591,0.000129456,95.572814000,6.037704000,89.535110000,108.905630372,102.025640837
avx512_fma,1600,0x00,17,0.877561056,0.000100522,95.392455000,6.037826000,89.354629000,108.701786964,101.821552300
avx512_fma,1600,0x00,18,0.877577963,0.000126258,95.223694000,5.996567000,89.227127000,108.507389651,101.674302163
avx512_fma,1600,0x00,19,0.877542650,0.000035129,96.073790000,6.007309000,90.066481000,109.480479382,102.634875923
avx512_fma,1600,0x00,20,0.877570297,0.000102449,95.138917000,5.993942000,89.144975000,108.411733258,101.581577295
avx512_fma,1600,0x00,21,0.877589963,0.000136111,95.773497000,5.957565000,89.815932000,109.132397820,102.343845935
avx512_fma,1600,0x00,22,0.877583133,0.000108183,95.714110000,5.999557000,89.714553000,109.065576114,102.229121795
avx512_fma,1600,0x00,23,0.877598304,0.000131127,96.011351000,5.983689000,90.027662000,109.402388932,102.584133961
avx512_fma,1600,0x00,24,0.877558948,0.000098970,95.553588000,5.990585000,89.563003000,108.885663156,102.059244242
avx512_fma,1600,0x00,25,0.877562017,0.000125631,95.867125000,6.011948000,89.855177000,109.242564252,102.391825632
avx512_fma,1600,0x00,26,0.877557491,0.000105348,95.700927000,6.014328000,89.686599000,109.053740559,102.200254539
avx512_fma,1600,0x00,27,0.877554752,0.000032392,95.706542000,5.986862000,89.719680000,109.060479485,102.238270400
avx512_fma,1600,0x00,28,0.877561485,0.000128795,96.192381000,5.977829000,90.214552000,109.613266563,102.801403120
avx512_fma,1600,0x00,29,0.877551399,0.000108443,95.107301000,6.032821000,89.074480000,108.378040439,101.503433427
avx512_fma,1600,0x00,30,0.877568789,0.000126452,95.104554000,6.022507000,89.082047000,108.372762568,101.510044710
avx512_fma,1600,0x00,31,0.877578898,0.000100692,95.322754000,6.017502000,89.305252000,108.620152828,101.763217212
avx512_fma,1600,0x00,32,0.877593922,0.000132311,95.405029000,6.008469000,89.396560000,108.712043876,101.865518568
avx512_fma,1600,0x00,33,0.877552863,0.000106759,95.426758000,6.017074000,89.409684000,108.741891287,101.885239961
avx512_fma,1600,0x00,34,0.877572056,0.000128618,95.886961000,5.992111000,89.894850000,109.263917811,102.435861973
avx512_fma,1600,0x00,35,0.877560600,0.000103767,95.764831000,6.014695000,89.750136000,109.126174311,102.272294362
avx512_fma,1600,0x00,36,0.877544891,0.000035691,95.709472000,6.005599000,89.703873000,109.065043866,102.221406505
avx512_fma,1600,0x00,37,0.877547603,0.000130281,96.245298000,6.019089000,90.226209000,109.675301538,102.816312945
avx512_fma,1600,0x00,38,0.877548627,0.000100733,95.580749000,6.024154000,89.556595000,108.917894797,102.053142444
avx512_fma,1600,0x00,39,0.877565741,0.000125198,95.291260000,6.040146000,89.251114000,108.585893449,101.703051833
avx512_fma,1600,0x00,40,0.877551696,0.000102515,95.903807000,6.058273000,89.845534000,109.285649370,102.382041270
avx512_fma,1600,0x00,41,0.877590247,0.000134275,95.948058000,6.043319000,89.904739000,109.331271974,102.445006978
avx512_fma,1600,0x00,42,0.877574545,0.000105815,95.990111000,6.044663000,89.945448000,109.381147795,102.493228091
avx512_fma,1600,0x00,43,0.877548898,0.000122604,95.604248000,6.052536000,89.551712000,108.944639064,102.047546479
avx512_fma,1600,0x00,44,0.877533847,0.000029677,95.521911000,6.032577000,89.489334000,108.852679963,101.978213501
avx512_fma,1600,0x00,45,0.877555709,0.000097256,95.549926000,6.047714000,89.502212000,108.881892131,101.990347879
avx512_fma,1600,0x00,46,0.877560854,0.000124844,96.017089000,6.020676000,89.996413000,109.413596308,102.552902861
avx512_fma,1600,0x00,47,0.877542833,0.000100772,95.304321000,6.054794000,89.249527000,108.603611559,101.703898212
avx512_fma,1600,0x00,48,0.877549629,0.000121295,95.015443000,6.042038000,88.973405000,108.273583412,101.388459429
avx512_fma,1600,0x00,49,0.878781051,0.006494944,98.451041000,6.279647000,92.171394000,112.031365328,104.885504603
avx512_fma,1600,0x00,50,0.877554961,0.000112940,95.779540000,6.058517000,89.721023000,109.143636838,102.239776377
avx512_fma,1600,0x00,51,0.877575690,0.000120060,95.470825000,6.026413000,89.444412000,108.789277245,101.922162452
avx512_fma,1600,0x00,52,0.877560379,0.000040457,95.601439000,6.035079000,89.566360000,108.940012890,102.062903184
avx512_fma,1600,0x00,53,0.877533900,0.000118559,96.003295000,6.046371000,89.956924000,109.401238000,102.511052899
avx512_fma,1600,0x00,54,0.877558334,0.000098809,95.749938000,6.044846000,89.705092000,109.109485168,102.221229689
avx512_fma,1600,0x00,55,0.877554380,0.000115471,96.083982000,6.036117000,90.047865000,109.490630143,102.612290588
avx512_fma,1600,0x00,56,0.877557016,0.000100304,95.527710000,6.012131000,89.515579000,108.856414237,102.005428041
avx512_fma,1600,0x00,57,0.877553190,0.000121797,95.136353000,6.034408000,89.101945000,108.410924957,101.534523537
avx512_fma,1600,0x00,58,0.877551108,0.000102750,95.824950000,6.030746000,89.794204000,109.195862343,102.323617588
avx512_fma,1600,0x00,59,0.877562293,0.000121936,95.528381000,6.028244000,89.500137000,108.856524244,101.987218156
avx512_fma,1600,0x00,60,0.877560152,0.000094330,95.963194000,6.037399000,89.925795000,109.352269266,102.472514085
avx512_fma,1600,0x00,61,0.877561468,0.000039996,96.072813000,6.031173000,90.041640000,109.477018383,102.604368184
avx512_fma,1600,0x00,62,0.877530445,0.000115044,95.764831000,6.040817000,89.724014000,109.129924213,102.246041116
avx512_fma,1600,0x00,63,0.877535031,0.000095183,96.233335000,6.030624000,90.202711000,109.663240323,102.791008689
avx512_fma,1600,0x00,64,0.877541485,0.000113300,96.271665000,6.037949000,90.233716000,109.706112605,102.825584332
avx512_fma,1600,0x00,65,0.877509994,0.000093624,96.001586000,6.018417000,89.983169000,109.402270754,102.543753999
avx512_fma,1600,0x00,66,0.877540200,0.000123468,95.715453000,6.036789000,89.678664000,109.072442555,102.193226078
avx512_fma,1600,0x00,67,0.877547787,0.000099792,95.790160000,6.037582000,89.752578000,109.156631060,102.276570406
avx512_fma,1600,0x00,68,0.877568917,0.000121055,95.866331000,6.039596000,89.826735000,109.240800573,102.358610597
avx512_fma,1600,0x00,69,0.877540435,0.000029656,95.521667000,6.032028000,89.489639000,108.851584771,101.977795527
avx512_fma,1600,0x00,70,0.877511222,0.000095393,95.940490000,6.018357000,89.922133000,109.332493492,102.474054709
avx512_fma,1600,0x00,71,0.877529910,0.000125071,95.531921000,6.042099000,89.489822000,108.864575353,101.979227136
avx512_fma,1600,0x00,72,0.877524657,0.000096295,95.455139000,6.031356000,89.423783000,108.777728620,101.904581578
avx512_fma,1600,0x00,73,0.877505143,0.000111304,96.080748000,6.035629000,90.045119000,109.493088121,102.614918751
avx512_fma,1600,0x00,74,0.877508678,0.000090903,95.876097000,6.024155000,89.851942000,109.259428925,102.394362911
avx512_fma,1600,0x00,75,0.877515510,0.000115622,95.978697000,6.039230000,89.939467000,109.375499234,102.493307489
avx512_fma,1600,0x00,76,0.877548439,0.000099542,96.091551000,6.041184000,90.050367000,109.499996448,102.615836293
avx512_fma,1600,0x00,77,0.877543968,0.000043779,96.701596000,6.042771000,90.658825000,110.195727569,103.309723879
avx512_fma,1600,0x00,78,0.877533424,0.000122320,96.949520000,6.039353000,90.910167000,110.479575315,103.597383896
avx512_fma,1600,0x00,79,0.877533838,0.000099100,96.552426000,6.020920000,90.531506000,110.027011894,103.165829179
avx512_fma,1600,0x00,80,0.877576162,0.000126715,96.126890000,6.041489000,90.085401000,109.536806242,102.652516008
avx512_fma,1600,0x00,81,0.877563974,0.000117128,96.622617000,6.027572000,90.595045000,110.103217369,103.234690198
avx512_fma,1600,0x00,82,0.877566804,0.000134895,97.070430000,6.036178000,91.034252000,110.613151684,103.734840002
avx512_fma,1600,0x00,83,0.877578244,0.000110558,96.519955000,6.042221000,90.477734000,109.984443712,103.099335700
avx512_fma,1600,0x00,84,0.877602123,0.000134425,96.161070000,6.034225000,90.126845000,109.572512920,102.696703439
avx512_fma,1600,0x00,85,0.877592644,0.000046549,96.039427000,6.046554000,89.992873000,109.435086623,102.545154212
avx512_fma,1600,0x00,86,0.877602837,0.000120799,96.587766000,6.042221000,90.545545000,110.058630032,103.173714963
avx512_fma,1600,0x00,87,0.877619611,0.000135891,96.361265000,6.037582000,90.323683000,109.798440937,102.918943344
avx512_fma,1600,0x00,88,0.877602196,0.000115590,96.488522000,6.036423000,90.452099000,109.945625099,103.067311634
avx512_fma,1600,0x00,89,0.877592063,0.000134812,96.018064000,6.046981000,89.971083000,109.410816297,102.520392768
avx512_fma,1600,0x00,90,0.877604988,0.000112787,96.353208000,6.044418000,90.308790000,109.791089787,102.903688183
avx512_fma,1600,0x00,91,0.877665598,0.000152039,96.501889000,6.039963000,90.461926000,109.952912827,103.071062823
avx512_fma,1600,0x00,92,0.877619824,0.000122213,96.838985000,6.021836000,90.817149000,110.342750224,103.481196010
avx512_fma,1600,0x00,93,0.877595048,0.000128846,96.452206000,6.018051000,90.434155000,109.905139314,103.047704311
avx512_fma,1600,0x00,94,0.877554740,0.000039427,96.858517000,6.039962000,90.818555000,110.373191020,103.490472802
avx512_fma,1600,0x00,95,0.877626834,0.000111407,96.331419000,6.027267000,90.304152000,109.763529668,102.895841981
avx512_fma,1600,0x00,96,0.877614428,0.000135903,96.452267000,6.048264000,90.404003000,109.902781813,103.011071961
avx512_fma,1600,0x00,97,0.877583534,0.000110364,96.194273000,6.045090000,90.149183000,109.612668494,102.724332780
avx512_fma,1600,0x00,98,0.877602532,0.000138407,96.109251000,6.022384000,90.086867000,109.513415811,102.651101973
avx512_fma,1600,0x00,99,0.877553857,0.000107418,95.853209000,6.031051000,89.822158000,109.227722309,102.355151524
avx512_fma,1600,0xAA,0,0.877575598,0.000137340,96.650692000,6.022812000,90.627880000,110.133750578,103.270738417
avx512_fma,1600,0xAA,1,0.877551499,0.000104799,96.219786000,6.040146000,90.179640000,109.645742809,102.762789496
avx512_fma,1600,0xAA,2,0.877569670,0.000124894,96.688778000,6.035080000,90.653698000,110.177893964,103.300855924
avx512_fma,1600,0xAA,3,0.877555994,0.000103488,96.412107000,6.050338000,90.361769000,109.864336452,102.969804320
avx512_fma,1600,0xAA,4,0.877572791,0.000125056,96.490292000,6.034958000,90.455334000,109.951325946,103.074451388
avx512_fma,1600,0xAA,5,0.877593328,0.000051301,96.583920000,6.038436000,90.545484000,110.055440180,103.174763438
avx512_fma,1600,0xAA,6,0.877586641,0.000109416,96.528806000,6.057174000,90.471632000,109.993476950,103.091396044
avx512_fma,1600,0xAA,7,0.877557880,0.000126059,96.383481000,6.021530000,90.361951000,109.831480352,102.969790496
avx512_fma,1600,0xAA,8,0.877555026,0.000104358,96.084349000,6.046738000,90.037611000,109.490967741,102.600530306
avx512_fma,1600,0xAA,9,0.877560089,0.000125336,95.929076000,6.010666000,89.918410000,109.313398810,102.464106010
avx512_fma,1600,0xAA,10,0.877564165,0.000103546,96.447019000,6.027084000,90.419935000,109.903096432,103.035126836
avx512_fma,1600,0xAA,11,0.877629517,0.000139841,96.578243000,6.031051000,90.547192000,110.044433516,103.172455209
avx512_fma,1600,0xAA,12,0.877613351,0.000119439,96.719784000,6.010543000,90.709241000,110.207739947,103.359002982
avx512_fma,1600,0xAA,13,0.877562626,0.000127213,96.861934000,6.034286000,90.827648000,110.376092923,103.499904468
avx512_fma,1600,0xAA,14,0.877548785,0.000038737,96.895748000,6.023300000,90.872448000,110.416366246,103.552588294
avx512_fma,1600,0xAA,15,0.877552046,0.000105394,96.743893000,6.030258000,90.713635000,110.242912060,103.371230740
avx512_fma,1600,0xAA,16,0.877609381,0.000138304,96.619626000,6.030930000,90.588696000,110.094112552,103.222114453
avx512_fma,1600,0xAA,17,0.877614743,0.000123923,96.884335000,6.034957000,90.849378000,110.395063179,103.518518490
avx512_fma,1600,0xAA,18,0.877595656,0.000132984,96.494748000,6.020737000,90.474011000,109.953538777,103.093047891
avx512_fma,1600,0xAA,19,0.877589419,0.000112700,96.394345000,6.044602000,90.349743000,109.839912538,102.952179082
avx512_fma,1600,0xAA,20,0.877598746,0.000134288,96.542477000,6.045516000,90.496961000,110.007537585,103.118835853
avx512_fma,1600,0xAA,21,0.877615166,0.000119934,96.630673000,6.043686000,90.586987000,110.105974408,103.219486760
avx512_fma,1600,0xAA,22,0.877611641,0.000047488,96.474485000,6.027511000,90.446974000,109.928447287,103.060362681
avx512_fma,1600,0xAA,23,0.877590454,0.000134446,96.235716000,6.039352000,90.196364000,109.659027778,102.777284738
avx512_fma,1600,0xAA,24,0.877589091,0.000111958,96.450132000,6.040817000,90.409315000,109.903522097,103.020099018
avx512_fma,1600,0xAA,25,0.877584559,0.000127910,96.703122000,6.039658000,90.663464000,110.192369486,103.310231535
avx512_fma,1600,0xAA,26,0.877568948,0.000109332,96.719235000,6.051987000,90.667248000,110.212690657,103.316381240
avx512_fma,1600,0xAA,27,0.877563607,0.000126370,96.386350000,6.057113000,90.329237000,109.834032828,102.931840265
avx512_fma,1600,0xAA,28,0.877576041,0.000105576,96.780392000,6.056992000,90.723400000,110.281488452,103.379531563
avx512_fma,1600,0xAA,29,0.877574668,0.000131006,96.536679000,6.043808000,90.492871000,110.003948961,103.117004500
avx512_fma,1600,0xAA,30,0.877553468,0.000037737,96.444944000,6.033920000,90.411024000,109.902071535,103.026228386
avx512_fma,1600,0xAA,31,0.877565337,0.000111674,96.890194000,6.037094000,90.853100000,110.407954779,103.528587799
avx512_fma,1600,0xAA,32,0.877546030,0.000117860,96.279112000,6.025131000,90.253981000,109.714030667,102.848144666
avx512_fma,1600,0xAA,33,0.877529316,0.000101706,96.590390000,6.076218000,90.514172000,110.070841274,103.146607642
avx512_fma,1600,0xAA,34,0.877527191,0.000117273,96.771725000,6.046616000,90.725109000,110.277750872,103.387233907
avx512_fma,1600,0xAA,35,0.877548080,0.000103741,96.251646000,6.041061000,90.210585000,109.682475781,102.798452968
avx512_fma,1600,0xAA,36,0.877561138,0.000123412,95.936217000,6.054367000,89.881850000,109.321405448,102.422322597
avx512_fma,1600,0xAA,37,0.877568070,0.000101463,96.210569000,6.034408000,90.176161000,109.633169521,102.756884700
avx512_fma,1600,0xAA,38,0.877581300,0.000127527,96.675900000,6.060775000,90.615125000,110.161759417,103.255533176
avx512_fma,1600,0xAA,39,0.877534957,0.000034624,96.804928000,6.030685000,90.774243000,110.314611616,103.442309892
avx512_fma,1600,0xAA,40,0.877515455,0.000098436,96.848507000,6.035324000,90.813183000,110.366725148,103.488984172
avx512_fma,1600,0xAA,41,0.877553397,0.000128827,96.837521000,6.027755000,90.809766000,110.349434347,103.480615859
avx512_fma,1600,0xAA,42,0.877553456,0.000100670,97.123835000,6.030685000,91.093150000,110.675690827,103.803533971
avx512_fma,1600,0xAA,43,0.877545375,0.000127125,97.092342000,6.032577000,91.059765000,110.640822419,103.766446265
avx512_fma,1600,0xAA,44,0.877598472,0.000110493,96.697812000,6.040939000,90.656873000,110.184571971,103.301083459
avx512_fma,1600,0xAA,45,0.877576829,0.000129984,96.480405000,6.025314000,90.455091000,109.939553749,103.073700187
avx512_fma,1600,0xAA,46,0.877576635,0.000099541,96.813351000,6.010239000,90.803112000,110.318970659,103.470293559
avx512_fma,1600,0xAA,47,0.877578034,0.000040621,96.740292000,6.012070000,90.728222000,110.235543977,103.384791378
avx512_fma,1600,0xAA,48,0.877604851,0.000135780,96.873531000,6.026840000,90.846691000,110.383996713,103.516623553
avx512_fma,1600,0xAA,49,0.877605100,0.000113378,96.234556000,6.018600000,90.215956000,109.655875948,102.797893925
avx512_fma,1600,0xAA,50,0.877599296,0.000137058,96.837520000,6.048447000,90.789073000,110.343661894,103.451624688
avx512_fma,1600,0xAA,51,0.877605446,0.000114938,96.375363000,6.014267000,90.361096000,109.816277217,102.963235199
avx512_fma,1600,0xAA,52,0.877621297,0.000142022,96.861813000,6.033005000,90.828808000,110.368576258,103.494307113
avx512_fma,1600,0xAA,53,0.877579527,0.000104696,96.931575000,6.029343000,90.902232000,110.453323062,103.582899567
avx512_fma,1600,0xAA,54,0.877573177,0.000135798,97.186702000,6.016830000,91.169872000,110.744841036,103.888626470
avx512_fma,1600,0xAA,55,0.877583678,0.000047434,96.726376000,6.025436000,90.700940000,110.218977861,103.353038863
avx512_fma,1600,0xAA,56,0.877592181,0.000112256,96.899654000,6.000229000,90.899425000,110.415356990,103.578207426
avx512_fma,1600,0xAA,57,0.877588707,0.000131380,96.820492000,6.029098000,90.791394000,110.325590127,103.455517676
avx512_fma,1600,0xAA,58,0.877600713,0.000113527,96.803036000,6.030380000,90.772656000,110.304190252,103.432750984
avx512_fma,1600,0xAA,59,0.877595041,0.000134912,96.903560000,6.039901000,90.863659000,110.419447961,103.537115319
avx512_fma,1600,0xAA,60,0.877592150,0.000108924,96.580136000,6.020554000,90.559582000,110.051276074,103.190966307
avx512_fma,1600,0xAA,61,0.877605397,0.000142417,96.594113000,6.042831000,90.551282000,110.065541199,103.179951139
avx512_fma,1600,0xAA,62,0.877595528,0.000111687,97.109492000,6.038742000,91.070750000,110.654041469,103.773033301
avx512_fma,1600,0xAA,63,0.877577479,0.000042460,96.643002000,6.023361000,90.619641000,110.124751749,103.261128713
avx512_fma,1600,0xAA,64,0.877566946,0.000131735,96.281614000,6.024277000,90.257337000,109.714266705,102.849517496
avx512_fma,1600,0xAA,65,0.877591565,0.000112853,96.706295000,6.022263000,90.684032000,110.195105392,103.332843675
avx512_fma,1600,0xAA,66,0.877586711,0.000130481,97.008662000,6.049484000,90.959178000,110.540258594,103.646940905
avx512_fma,1600,0xAA,67,0.877564527,0.000105124,96.682858000,6.027817000,90.655041000,110.171793629,103.302991606
avx512_fma,1600,0xAA,68,0.877559708,0.000128983,97.069454000,6.028732000,91.040722000,110.612933880,103.743051475
avx512_fma,1600,0xAA,69,0.877559840,0.000104462,96.548032000,6.033737000,90.514295000,110.018744646,103.143159961
avx512_fma,1600,0xAA,70,0.877585506,0.000131849,96.942684000,6.021225000,90.921459000,110.465229133,103.604102828
avx512_fma,1600,0xAA,71,0.877598601,0.000113460,97.319697000,6.032455000,91.287242000,110.893176973,104.019356765
avx512_fma,1600,0xAA,72,0.877563518,0.000040667,96.822384000,6.006393000,90.815991000,110.330912835,103.486515960
avx512_fma,1600,0xAA,73,0.877566112,0.000131946,97.118281000,6.016098000,91.102183000,110.667765885,103.812330244
avx512_fma,1600,0xAA,74,0.877554090,0.000107724,96.234251000,6.017197000,90.217054000,109.661902485,102.805120583
avx512_fma,1600,0xAA,75,0.877570958,0.000125099,96.921993000,6.004074000,90.917919000,110.443482807,103.601786479
avx512_fma,1600,0xAA,76,0.877559901,0.000108082,97.040889000,6.005905000,91.034984000,110.580359059,103.736490065
avx512_fma,1600,0xAA,77,0.877569584,0.000128837,96.361081000,6.004257000,90.356824000,109.804490395,102.962574828
avx512_fma,1600,0xAA,78,0.877582066,0.000107435,96.361082000,5.995773000,90.365309000,109.802929766,102.970778985
avx512_fma,1600,0xAA,79,0.877599271,0.000133627,96.420224000,5.982040000,90.438184000,109.868167779,103.051799313
avx512_fma,1600,0xAA,80,0.877554496,0.000037683,96.461972000,5.994980000,90.466992000,109.921346661,103.089884882
avx512_fma,1600,0xAA,81,0.877603752,0.000121553,96.734310000,6.022446000,90.711864000,110.225497344,103.363122396
avx512_fma,1600,0xAA,82,0.877600262,0.000135517,96.817013000,6.016281000,90.800732000,110.320173359,103.464795958
avx512_fma,1600,0xAA,83,0.877571339,0.000112694,96.514646000,6.017746000,90.496900000,109.979259453,103.121986738
avx512_fma,1600,0xAA,84,0.877623267,0.000142859,97.070979000,5.990525000,91.080454000,110.606660819,103.780810563
avx512_fma,1600,0xAA,85,0.877628080,0.000110625,96.332883000,6.011887000,90.320996000,109.765041925,102.914888498
avx512_fma,1600,0xAA,86,0.877576822,0.000132444,96.371336000,6.003586000,90.367750000,109.815270368,102.974175836
avx512_fma,1600,0xAA,87,0.877574039,0.000105760,96.741696000,6.025925000,90.715771000,110.237645666,103.371074038
avx512_fma,1600,0xAA,88,0.877569902,0.000038799,96.641537000,6.007004000,90.634533000,110.124033165,103.278989840
avx512_fma,1600,0xAA,89,0.877569363,0.000127381,96.570431000,5.983688000,90.586743000,110.043074706,103.224596019
avx512_fma,1600,0xAA,90,0.877566376,0.000106991,96.510251000,5.979172000,90.531079000,109.974873254,103.161517408
avx512_fma,1600,0xAA,91,0.877597204,0.000138194,97.150386000,5.974839000,91.175547000,110.700427946,103.892248778
avx512_fma,1600,0xAA,92,0.877569495,0.000108183,96.868099000,6.005112000,90.862987000,110.382254074,103.539363531
avx512_fma,1600,0xAA,93,0.877590372,0.000131547,96.554684000,5.988816000,90.565868000,110.022496893,103.198338163
avx512_fma,1600,0xAA,94,0.877590631,0.000107130,95.904418000,6.019210000,89.885208000,109.281497148,102.422706968
avx512_fma,1600,0xAA,95,0.877582826,0.000134647,96.437741000,6.019211000,90.418530000,109.890187154,103.031334837
avx512_fma,1600,0xAA,96,0.877564495,0.000041033,96.525266000,6.015609000,90.509657000,109.992218863,103.137327815
avx512_fma,1600,0xAA,97,0.877573202,0.000119621,96.053770000,6.012436000,90.041334000,109.453855032,102.602647647
avx512_fma,1600,0xAA,98,0.877583931,0.000131888,96.324704000,5.980698000,90.344006000,109.761243990,102.946285572
avx512_fma,1600,0xAA,99,0.877572944,0.000107633,96.203856000,6.006942000,90.196914000,109.624911094,102.779962149
avx512_fma,1800,0x00,0,0.780068150,0.000104384,86.678367000,5.285204000,81.393163000,111.116403104,104.341092511
avx512_fma,1800,0x00,1,0.780078850,0.000129410,86.881797000,5.325365000,81.556432000,111.375660335,104.548959416
avx512_fma,1800,0x00,2,0.780017145,0.000028815,86.890342000,5.314928000,81.575414000,111.395425817,104.581565334
avx512_fma,1800,0x00,3,0.780019080,0.000104938,86.689658000,5.294115000,81.395543000,111.137868586,104.350707687
avx512_fma,1800,0x00,4,0.780032632,0.000117072,86.809471000,5.307725000,81.501746000,111.289537738,104.485046766
avx512_fma,1800,0x00,5,0.780020094,0.000100340,86.842917000,5.265124000,81.577793000,111.334204972,104.584219886
avx512_fma,1800,0x00,6,0.780058395,0.000124649,86.900168000,5.336473000,81.563695000,111.402131667,104.561011777
avx512_fma,1800,0x00,7,0.780041479,0.000034416,86.776145000,5.317796000,81.458349000,111.245552100,104.428227454
avx512_fma,1800,0x00,8,0.780034893,0.000102292,86.880820000,5.311632000,81.569188000,111.380684135,104.571204137
avx512_fma,1800,0x00,9,0.780032703,0.000124884,86.553673000,5.303880000,81.249793000,110.961595107,104.162034041
avx512_fma,1800,0x00,10,0.780037290,0.000099908,86.583397000,5.287767000,81.295630000,110.999048505,104.220184126
avx512_fma,1800,0x00,11,0.780018820,0.000032680,86.699363000,5.292040000,81.407323000,111.150347634,104.365844665
avx512_fma,1800,0x00,12,0.780015629,0.000116993,86.876853000,5.269457000,81.607396000,111.378349102,104.622770360
avx512_fma,1800,0x00,13,0.780049193,0.000108462,86.559593000,5.280993000,81.278600000,110.966838698,104.196761829
avx512_fma,1800,0x00,14,0.780065978,0.000128422,86.874595000,5.339403000,81.535192000,111.368265595,104.523456115
avx512_fma,1800,0x00,15,0.780042403,0.000105750,86.688987000,5.301500000,81.387487000,111.133685418,104.337260017
avx512_fma,1800,0x00,16,0.780013930,0.000028243,86.537742000,5.310472000,81.227270000,110.943841800,104.135665947
avx512_fma,1800,0x00,17,0.781812738,0.000127387,87.491353000,5.329820000,82.161533000,111.908323704,105.091064610
avx512_fma,1800,0x00,18,0.780023809,0.000100281,86.860069000,5.329637000,81.530432000,111.355663786,104.523004398
avx512_fma,1800,0x00,19,0.780011456,0.000120415,86.631614000,5.346727000,81.284887000,111.064540545,104.209863017
avx512_fma,1800,0x00,20,0.780033460,0.000099187,86.954977000,5.347704000,81.607273000,111.475957680,104.620221006
avx512_fma,1800,0x00,21,0.780020099,0.000035355,86.995627000,5.304858000,81.690769000,111.529981255,104.729056499
avx512_fma,1800,0x00,22,0.780033386,0.000122916,86.847862000,5.300645000,81.547217000,111.338647292,104.543239432
avx512_fma,1800,0x00,23,0.780026326,0.000098934,86.762717000,5.289842000,81.472875000,111.230498387,104.448878558
avx512_fma,1800,0x00,24,0.780037332,0.000121418,86.842123000,5.319078000,81.523045000,111.330726684,104.511722282
avx512_fma,1800,0x00,25,0.780001605,0.000028854,86.628380000,5.306199000,81.322181000,111.061797181,104.258991944
avx512_fma,1800,0x00,26,0.780020018,0.000103925,86.865195000,5.317125000,81.548070000,111.362776600,104.546124619
avx512_fma,1800,0x00,27,0.780040743,0.000125880,87.108175000,5.367723000,81.740452000,111.671314369,104.789977656
avx512_fma,1800,0x00,28,0.780031404,0.000101736,86.535484000,5.347764000,81.187720000,110.938461616,104.082629953
avx512_fma,1800,0x00,29,0.780016130,0.000118498,86.823569000,5.356920000,81.466649000,111.309966044,104.442261916
avx512_fma,1800,0x00,30,0.779995372,0.000032009,86.876853000,5.344225000,81.532628000,111.381241626,104.529630461
avx512_fma,1800,0x00,31,0.780046105,0.000108255,86.802573000,5.346666000,81.455907000,111.278772426,104.424477576
avx512_fma,1800,0x00,32,0.780044223,0.000128265,87.022117000,5.346422000,81.675695000,111.560491641,104.706493056
avx512_fma,1800,0x00,33,0.780028150,0.000093252,86.662742000,5.357469000,81.305273000,111.102069862,104.233767736
avx512_fma,1800,0x00,34,0.780000579,0.000028788,86.554039000,5.314257000,81.239782000,110.966634321,104.153489377
avx512_fma,1800,0x00,35,0.780009163,0.000120136,86.866354000,5.316149000,81.550205000,111.365812276,104.550316698
avx512_fma,1800,0x00,36,0.780009626,0.000098035,86.991660000,5.362657000,81.629003000,111.526392947,104.651276507
avx512_fma,1800,0x00,37,0.780027322,0.000119522,86.843772000,5.349962000,81.493810000,111.334269355,104.475583964
avx512_fma,1800,0x00,38,0.780026030,0.000092434,87.040365000,5.335253000,81.705112000,111.586487743,104.746648049
avx512_fma,1800,0x00,39,0.780025217,0.000035976,86.773765000,5.285692000,81.488073000,111.244820128,104.468511000
avx512_fma,1800,0x00,40,0.780024217,0.000125500,86.661155000,5.327440000,81.333715000,111.100595458,104.270756226
avx512_fma,1800,0x00,41,0.780039803,0.000097905,87.043722000,5.329576000,81.714146000,111.588821069,104.756379981
avx512_fma,1800,0x00,42,0.780022892,0.000119302,86.988059000,5.339952000,81.648107000,111.519879599,104.673988209
avx512_fma,1800,0x00,43,0.780024642,0.000097574,86.744102000,5.355577000,81.388525000,111.206873954,104.340966501
avx512_fma,1800,0x00,44,0.780027478,0.000034021,86.792075000,5.333116000,81.458959000,111.267971199,104.430883855
avx512_fma,1800,0x00,45,0.780017873,0.000131389,86.868979000,5.335863000,81.533116000,111.367934027,104.527240773
avx512_fma,1800,0x00,46,0.780031503,0.000094488,86.685570000,5.339220000,81.346350000,111.130857780,104.285980386
avx512_fma,1800,0x00,47,0.780036953,0.000122786,86.802818000,5.291185000,81.511633000,111.280392102,104.497142951
avx512_fma,1800,0x00,48,0.779990218,0.000031662,87.072165000,5.286790000,81.785375000,111.632380759,104.854359858
avx512_fma,1800,0x00,49,0.780004140,0.000100566,86.736778000,5.303514000,81.433264000,111.200407234,104.401066398
avx512_fma,1800,0x00,50,0.780053310,0.000119392,86.826804000,5.329942000,81.496862000,111.308807830,104.476015852
avx512_fma,1800,0x00,51,0.780052455,0.000102424,87.097555000,5.336412000,81.761143000,111.656023122,104.814929344
avx512_fma,1800,0x00,52,0.780077531,0.000123800,87.014547000,5.335497000,81.679050000,111.546024063,104.706323148
avx512_fma,1800,0x00,53,0.780007549,0.000031901,86.818321000,5.341234000,81.477087000,111.304462577,104.456792949
avx512_fma,1800,0x00,54,0.780020289,0.000094660,86.839194000,5.329942000,81.509252000,111.329404100,104.496322868
avx512_fma,1800,0x00,55,0.780026695,0.000119310,86.648520000,5.339159000,81.309361000,111.084044414,104.239203031
avx512_fma,1800,0x00,56,0.780026988,0.000095286,86.616599000,5.330736000,81.285863000,111.043079684,104.209039220
avx512_fma,1800,0x00,57,0.779997381,0.000028670,86.721152000,5.274767000,81.446385000,111.181337344,104.418792847
avx512_fma,1800,0x00,58,0.780664412,0.003491271,88.504534000,5.419603000,83.084931000,113.370780945,106.428485486
avx512_fma,1800,0x00,59,0.780017090,0.000093126,86.607628000,5.327440000,81.280188000,111.032987757,104.203086119
avx512_fma,1800,0x00,60,0.780024554,0.000123319,87.034262000,5.333909000,81.700353000,111.578874790,104.740745176
avx512_fma,1800,0x00,61,0.780035464,0.000095631,87.007895000,5.342028000,81.665867000,111.543511832,104.695069361
avx512_fma,1800,0x00,62,0.780019057,0.000035795,86.762351000,5.350145000,81.412206000,111.231065796,104.372073115
avx512_fma,1800,0x00,63,0.780020545,0.000121752,87.254293000,5.353014000,81.901279000,111.861531842,104.998874139
avx512_fma,1800,0x00,64,0.780031161,0.000096948,87.065329000,5.332628000,81.732701000,111.617757466,104.781328021
avx512_fma,1800,0x00,65,0.780027767,0.000122570,86.587608000,5.349047000,81.238561000,111.005802141,104.148293698
avx512_fma,1800,0x00,66,0.779988839,0.000024849,86.826072000,5.337327000,81.488745000,111.317069782,104.474244943
avx512_fma,1800,0x00,67,0.780007635,0.000096905,86.927756000,5.349473000,81.578283000,111.444750158,104.586518571
avx512_fma,1800,0x00,68,0.780009466,0.000117503,86.558982000,5.324511000,81.234471000,110.971707085,104.145493774
avx512_fma,1800,0x00,69,0.780006598,0.000098823,87.015646000,5.354600000,81.661046000,111.557576799,104.692763077
avx512_fma,1800,0x00,70,0.780045840,0.000124136,87.123801000,5.333483000,81.790318000,111.690616792,104.853219903
avx512_fma,1800,0x00,71,0.780009997,0.000035539,86.667746000,5.357348000,81.310398000,111.111070839,104.242763993
avx512_fma,1800,0x00,72,0.780029072,0.000107854,87.234395000,5.375536000,81.858859000,111.834799680,104.943343716
avx512_fma,1800,0x00,73,0.780025732,0.000121911,87.271261000,5.344957000,81.926304000,111.882541142,105.030258218
avx512_fma,1800,0x00,74,0.780035380,0.000099298,86.684105000,5.365587000,81.318518000,111.128427257,104.249781574
avx512_fma,1800,0x00,75,0.780027286,0.000122509,86.835410000,5.360032000,81.475378000,111.323554448,104.451958929
avx512_fma,1800,0x00,76,0.780000777,0.000029592,86.559776000,5.351976000,81.207800000,110.973961197,104.112460343
avx512_fma,1800,0x00,77,0.779991815,0.000092882,86.502769000,5.355394000,81.147375000,110.902149710,104.036187915
avx512_fma,1800,0x00,78,0.780030297,0.000118553,86.861838000,5.352342000,81.509496000,111.357005376,104.495294979
avx512_fma,1800,0x00,79,0.780022633,0.000098594,86.838096000,5.357225000,81.480871000,111.327661970,104.459624077
avx512_fma,1800,0x00,80,0.779998560,0.000032688,86.550681000,5.360155000,81.190526000,110.962616453,104.090610173
avx512_fma,1800,0x00,81,0.780043144,0.000120502,86.989218000,5.366441000,81.622777000,111.518470066,104.638798035
avx512_fma,1800,0x00,82,0.780028287,0.000099407,86.981283000,5.367357000,81.613926000,111.510421452,104.629444068
avx512_fma,1800,0x00,83,0.780021068,0.000122621,86.649315000,5.340624000,81.308691000,111.085864932,104.239096019
avx512_fma,1800,0x00,84,0.780022735,0.000096719,86.605247000,5.353563000,81.251684000,111.029131719,104.165789461
avx512_fma,1800,0x00,85,0.779995026,0.000038570,86.845176000,5.329881000,81.515295000,111.340679216,104.507454874
avx512_fma,1800,0x00,86,0.780015260,0.000125907,86.660178000,5.356188000,81.303990000,111.100618749,104.233845398
avx512_fma,1800,0x00,87,0.780019785,0.000098178,86.816245000,5.339586000,81.476659000,111.300054996,104.454605559
avx512_fma,1800,0x00,88,0.780021515,0.000120430,87.141257000,5.336473000,81.804784000,111.716478682,104.875035344
avx512_fma,1800,0x00,89,0.780001146,0.000031036,86.575095000,5.322313000,81.252782000,110.993548463,104.170080283
avx512_fma,1800,0x00,90,0.780023448,0.000103115,86.810630000,5.349168000,81.461462000,111.292333833,104.434632296
avx512_fma,1800,0x00,91,0.780199930,0.000873295,87.595601000,5.385545000,82.210056000,112.273274641,105.370499091
avx512_fma,1800,0x00,92,0.780055758,0.000099460,86.699241000,5.361376000,81.337865000,111.144927950,104.271860293
avx512_fma,1800,0x00,93,0.780037410,0.000125571,86.917014000,5.366441000,81.550573000,111.426725023,104.547002422
avx512_fma,1800,0x00,94,0.780006326,0.000040181,86.899436000,5.309923000,81.589513000,111.408629827,104.601091445
avx512_fma,1800,0x00,95,0.780014712,0.000101548,86.673057000,5.335619000,81.337438000,111.117208000,104.276799841
avx512_fma,1800,0x00,96,0.780032145,0.000121176,86.735008000,5.331652000,81.403356000,111.194145754,104.358976158
avx512_fma,1800,0x00,97,0.780050123,0.000101832,86.990928000,5.320543000,81.670385000,111.519664502,104.698893831
avx512_fma,1800,0x00,98,0.780006069,0.000035098,86.540672000,5.339403000,81.201269000,110.948716216,104.103381016
avx512_fma,1800,0x00,99,0.780019663,0.000120829,86.885642000,5.316148000,81.569494000,111.389040750,104.573638198
avx512_fma,1800,0xAA,0,0.780028900,0.000091130,87.358786000,5.367234000,81.991552000,111.994294124,105.113479832
avx512_fma,1800,0xAA,1,0.780062861,0.000124154,87.030966000,5.344713000,81.686253000,111.569170065,104.717526092
avx512_fma,1800,0xAA,2,0.780041881,0.000104105,86.917868000,5.331408000,81.586460000,111.427181244,104.592409761
avx512_fma,1800,0xAA,3,0.780018202,0.000036099,87.062460000,5.346238000,81.716222000,111.615933778,104.761942442
avx512_fma,1800,0xAA,4,0.780034049,0.000125294,87.131612000,5.341722000,81.789890000,111.702318810,104.854256205
avx512_fma,1800,0xAA,5,0.780037988,0.000103779,86.999350000,5.334459000,81.664891000,111.532196260,104.693479326
avx512_fma,1800,0xAA,6,0.780068967,0.000123194,87.491354000,5.330369000,82.160985000,112.158485546,105.325283325
avx512_fma,1800,0xAA,7,0.780017760,0.000037332,87.069601000,5.307055000,81.762546000,111.625152042,104.821390288
avx512_fma,1800,0xAA,8,0.779977093,0.000092375,86.871970000,5.309495000,81.562475000,111.377591424,104.570346638
avx512_fma,1800,0xAA,9,0.780050957,0.000129369,86.885764000,5.326951000,81.558813000,111.384728365,104.555750143
avx512_fma,1800,0xAA,10,0.780031032,0.000102522,86.961570000,5.316271000,81.645299000,111.484756904,104.669296005
avx512_fma,1800,0xAA,11,0.780027444,0.000121482,86.987265000,5.358507000,81.628758000,111.518210849,104.648571788
avx512_fma,1800,0xAA,12,0.779997115,0.000038971,87.790791000,5.340928000,82.449863000,112.552712424,105.705343509
avx512_fma,1800,0xAA,13,0.780030383,0.000096895,87.211081000,5.315050000,81.896031000,111.804723176,104.990821925
avx512_fma,1800,0xAA,14,0.780025642,0.000120769,86.815818000,5.345690000,81.470128000,111.298671841,104.445448422
avx512_fma,1800,0xAA,15,0.780011533,0.000097308,87.167501000,5.331835000,81.835666000,111.751554089,104.915969260
avx512_fma,1800,0xAA,16,0.779981700,0.000029065,87.346517000,5.349962000,81.996555000,111.985341400,105.126254837
avx512_fma,1800,0xAA,17,0.779987085,0.000118585,86.645957000,5.347948000,81.298009000,111.086399565,104.229942450
avx512_fma,1800,0xAA,18,0.780007609,0.000099452,86.983115000,5.326037000,81.657078000,111.515726217,104.687540265
avx512_fma,1800,0xAA,19,0.780004886,0.000118303,87.000082000,5.344774000,81.655308000,111.537867936,104.685636503
avx512_fma,1800,0xAA,20,0.779994076,0.000096293,86.716209000,5.357958000,81.358251000,111.175471220,104.306242130
avx512_fma,1800,0xAA,21,0.779988220,0.000036520,87.483113000,5.364671000,82.118442000,112.159531040,105.281643835
avx512_fma,1800,0xAA,22,0.779987963,0.000118864,87.815327000,5.369920000,82.445407000,112.585490015,105.700870949
avx512_fma,1800,0xAA,23,0.779992083,0.000096305,86.937217000,5.353624000,81.583593000,111.459101874,104.595411691
avx512_fma,1800,0xAA,24,0.779996686,0.000112939,86.913718000,5.371873000,81.541845000,111.428317022,104.541271094
avx512_fma,1800,0xAA,25,0.779965933,0.000026592,86.942710000,5.361742000,81.580968000,111.469881375,104.595552927
avx512_fma,1800,0xAA,26,0.779978531,0.000091599,86.819541000,5.358445000,81.461096000,111.310167648,104.440177270
avx512_fma,1800,0xAA,27,0.779986819,0.000113469,87.660847000,5.360643000,82.300204000,112.387600483,105.514865112
avx512_fma,1800,0xAA,28,0.779977798,0.000088959,87.148459000,5.340319000,81.808140000,111.731973991,104.885216281
avx512_fma,1800,0xAA,29,0.780002101,0.000116322,86.958579000,5.365465000,81.593114000,111.485057448,104.606274692
avx512_fma,1800,0xAA,30,0.780007287,0.000022372,86.910727000,5.371386000,81.539341000,111.422968027,104.536640053
avx512_fma,1800,0xAA,31,0.780034706,0.000104258,87.468953000,5.376024000,82.092929000,112.134693971,105.242662166
avx512_fma,1800,0xAA,32,0.780048702,0.000122799,87.024680000,5.370286000,81.654394000,111.563136698,104.678584509
avx512_fma,1800,0xAA,33,0.780024132,0.000097672,86.945273000,5.368150000,81.577123000,111.464850106,104.582819439
avx512_fma,1800,0xAA,34,0.780028113,0.000118217,87.177084000,5.356309000,81.820775000,111.761464151,104.894648828
avx512_fma,1800,0xAA,35,0.780001713,0.000031366,86.968405000,5.362291000,81.606114000,111.497710247,104.622993294
avx512_fma,1800,0xAA,36,0.780014397,0.000100908,86.957235000,5.361925000,81.595310000,111.481576907,104.607440969
avx512_fma,1800,0xAA,37,0.779993340,0.000119862,87.186117000,5.381151000,81.804966000,111.778027494,104.879057049
avx512_fma,1800,0xAA,38,0.779997013,0.000092033,86.930991000,5.375535000,81.555456000,111.450415270,104.558677339
avx512_fma,1800,0xAA,39,0.779997192,0.000032758,87.056967000,5.338061000,81.718906000,111.611897911,104.768205327
avx512_fma,1800,0xAA,40,0.780001818,0.000127248,86.980857000,5.362474000,81.618383000,111.513659288,104.638708647
avx512_fma,1800,0xAA,41,0.780034397,0.000101576,87.049765000,5.369677000,81.680088000,111.597341531,104.713443819
avx512_fma,1800,0xAA,42,0.780050342,0.000119245,87.121664000,5.368883000,81.752781000,111.687232684,104.804493565
avx512_fma,1800,0xAA,43,0.780026160,0.000098306,86.849631000,5.363817000,81.485814000,111.341946481,104.465488648
avx512_fma,1800,0xAA,44,0.780005329,0.000037188,86.850242000,5.363756000,81.486486000,111.345703403,104.469140127
avx512_fma,1800,0xAA,45,0.779991370,0.000125458,86.797752000,5.366259000,81.431493000,111.280400382,104.400505036
avx512_fma,1800,0xAA,46,0.779995483,0.000096695,86.837729000,5.368028000,81.469701000,111.331066506,104.448939472
avx512_fma,1800,0xAA,47,0.780006083,0.000122813,87.099386000,5.366747000,81.732639000,111.665008643,104.784617430
avx512_fma,1800,0xAA,48,0.780001685,0.000035807,87.182944000,5.368944000,81.814000000,111.772763706,104.889517035
avx512_fma,1800,0xAA,49,0.780011105,0.000106741,86.897971000,5.353868000,81.544103000,111.406069056,104.542233442
avx512_fma,1800,0xAA,50,0.780010971,0.000123353,87.226340000,5.357408000,81.868932000,111.827068099,104.958692913
avx512_fma,1800,0xAA,51,0.780083987,0.000105056,87.080527000,5.353380000,81.727147000,111.629681454,104.767112695
avx512_fma,1800,0xAA,52,0.780090229,0.000127533,87.192099000,5.382554000,81.809545000,111.771812796,104.871900706
avx512_fma,1800,0xAA,53,0.780020306,0.000039687,87.045126000,5.356004000,81.689122000,111.593410165,104.726917132
avx512_fma,1800,0xAA,54,0.780021366,0.000103287,87.036215000,5.372789000,81.663426000,111.581834547,104.693832199
avx512_fma,1800,0xAA,55,0.780029808,0.000115803,87.203634000,5.361437000,81.842197000,111.795258491,104.921883979
avx512_fma,1800,0xAA,56,0.780023848,0.000098184,87.131185000,5.372972000,81.758213000,111.703232197,104.815017157
avx512_fma,1800,0xAA,57,0.780008617,0.000122769,86.947714000,5.374803000,81.572911000,111.470196720,104.579499769
avx512_fma,1800,0xAA,58,0.779966516,0.000029152,87.058127000,5.384263000,81.673864000,111.617774951,104.714577322
avx512_fma,1800,0xAA,59,0.779996874,0.000095608,86.964743000,5.355516000,81.609227000,111.493707084,104.627633413
avx512_fma,1800,0xAA,60,0.780006748,0.000120754,86.754966000,5.331163000,81.423803000,111.223353165,104.388587935
avx512_fma,1800,0xAA,61,0.780024021,0.000096723,87.250387000,5.366075000,81.884312000,111.856025824,104.976654346
avx512_fma,1800,0xAA,62,0.780018074,0.000034244,87.328939000,5.356432000,81.972507000,111.957583942,105.090522551
avx512_fma,1800,0xAA,63,0.780003610,0.000126650,87.244039000,5.360033000,81.884006000,111.850814383,104.979009007
avx512_fma,1800,0xAA,64,0.780008507,0.000099434,86.877464000,5.356736000,81.520728000,111.380149284,104.512613931
avx512_fma,1800,0xAA,65,0.780013686,0.000117692,87.218771000,5.353929000,81.864842000,111.816975206,104.953084104
avx512_fma,1800,0xAA,66,0.779999856,0.000097410,86.760032000,5.355944000,81.404088000,111.230830761,104.364234623
avx512_fma,1800,0xAA,67,0.779969865,0.000033216,87.871052000,5.365282000,82.505770000,112.659547492,105.780715060
avx512_fma,1800,0xAA,68,0.779995878,0.000115333,87.788106000,5.366014000,82.422092000,112.549448663,105.669907177
avx512_fma,1800,0xAA,69,0.780001287,0.000096699,86.862143000,5.377794000,81.484349000,111.361537997,104.466941684
avx512_fma,1800,0xAA,70,0.779996217,0.000114242,87.065634000,5.364427000,81.701207000,111.623149075,104.745645205
avx512_fma,1800,0xAA,71,0.780002430,0.000037435,87.516927000,5.363451000,82.153476000,112.200838923,105.324641114
avx512_fma,1800,0xAA,72,0.780005101,0.000105967,87.328512000,5.387071000,81.941441000,111.958898546,105.052442433
avx512_fma,1800,0xAA,73,0.780036109,0.000127646,88.175983000,5.392076000,82.783907000,113.040898931,106.128300994
avx512_fma,1800,0xAA,74,0.780013170,0.000097384,87.275290000,5.361802000,81.913488000,111.889508219,105.015519156
avx512_fma,1800,0xAA,75,0.780019220,0.000123452,87.636799000,5.376940000,82.259859000,112.352101990,105.458759032
avx512_fma,1800,0xAA,76,0.779982308,0.000025754,87.204306000,5.358262000,81.846044000,111.802928243,104.933205756
avx512_fma,1800,0xAA,77,0.780860367,0.004604049,89.623428000,5.531053000,84.092375000,114.775229697,107.691949212
avx512_fma,1800,0xAA,78,0.780022347,0.000107216,87.362569000,5.366502000,81.996067000,112.000084731,105.120151075
avx512_fma,1800,0xAA,79,0.780004063,0.000101925,87.964985000,5.370775000,82.594210000,112.775034296,105.889461192
avx512_fma,1800,0xAA,80,0.779969219,0.000023198,87.437398000,5.370165000,82.067233000,112.103652075,105.218553450
avx512_fma,1800,0xAA,81,0.779985643,0.000117364,87.724935000,5.351060000,82.373875000,112.469935532,105.609475923
avx512_fma,1800,0xAA,82,0.779994194,0.000095402,87.303243000,5.385423000,81.917820000,111.928067767,105.023627911
avx512_fma,1800,0xAA,83,0.780006452,0.000114106,87.798298000,5.367112000,82.431186000,112.560989421,105.680133518
avx512_fma,1800,0xAA,84,0.779986285,0.000099480,87.112203000,5.370470000,81.741733000,111.684275371,104.798936352
avx512_fma,1800,0xAA,85,0.779972329,0.000028966,86.978598000,5.371751000,81.606847000,111.514979147,104.627874566
avx512_fma,1800,0xAA,86,0.779997551,0.000123761,87.408163000,5.334886000,82.073277000,112.062099287,105.222480376
avx512_fma,1800,0xAA,87,0.779989932,0.000098194,87.411764000,5.376634000,82.035130000,112.067810583,105.174601098
avx512_fma,1800,0xAA,88,0.780004462,0.000121992,87.600789000,5.379259000,82.221530000,112.308061345,105.411614902
avx512_fma,1800,0xAA,89,0.779975537,0.000092066,87.362997000,5.392809000,81.970188000,112.007355195,105.093280656
avx512_fma,1800,0xAA,90,0.779971146,0.000032308,86.945944000,5.362902000,81.583042000,111.473282700,104.597512960
avx512_fma,1800,0xAA,91,0.779992348,0.000122085,87.171652000,5.353929000,81.817723000,111.759624545,104.895545671
avx512_fma,1800,0xAA,92,0.780013787,0.000099509,87.489461000,5.356554000,82.132907000,112.163993101,105.296737560
avx512_fma,1800,0xAA,93,0.780004924,0.000115272,87.220236000,5.361498000,81.858738000,111.820109525,104.946437530
avx512_fma,1800,0xAA,94,0.779975626,0.000027782,87.094503000,5.359727000,81.734776000,111.663108606,104.791449001
avx512_fma,1800,0xAA,95,0.780025642,0.000105065,87.910054000,5.353746000,82.556308000,112.701492390,105.837941105
avx512_fma,1800,0xAA,96,0.780026233,0.000120308,87.364156000,5.377244000,81.986912000,112.001561404,105.107890686
avx512_fma,1800,0xAA,97,0.780035498,0.000095407,86.796348000,5.337511000,81.458837000,111.272305149,104.429653742
avx512_fma,1800,0xAA,98,0.780019988,0.000120237,87.255697000,5.379930000,81.875767000,111.863411690,104.966242277
avx512_fma,1800,0xAA,99,0.779998417,0.000031240,87.635274000,5.366747000,82.268527000,112.353143445,105.472684607
avx512_fma,2000,0x00,0,0.702131338,0.000414028,82.052036000,4.854662000,77.197374000,116.861378469,109.947199114
avx512_fma,2000,0x00,1,0.702108904,0.000377358,82.158542000,4.834827000,77.323715000,117.016806911,110.130657234
avx512_fma,2000,0x00,2,0.702150052,0.000404043,82.045627000,4.826282000,77.219345000,116.849136092,109.975559732
avx512_fma,2000,0x00,3,0.702135621,0.000520882,81.941746000,4.838976000,77.102770000,116.703587591,109.811790832
avx512_fma,2000,0x00,4,0.702142549,0.000435812,82.326999000,4.835132000,77.491867000,117.251118245,110.364864152
avx512_fma,2000,0x00,5,0.702133868,0.000519930,82.002720000,4.834094000,77.168626000,116.790720088,109.905859205
avx512_fma,2000,0x00,6,0.702124295,0.000505823,82.530001000,4.824328000,77.705673000,117.543291889,110.672246361
avx512_fma,2000,0x00,7,0.702175570,0.000518959,82.334445000,4.815967000,77.518478000,117.256208408,110.397571901
avx512_fma,2000,0x00,8,0.702164085,0.000551613,82.103489000,4.796435000,77.307054000,116.929206150,110.098274313
avx512_fma,2000,0x00,9,0.702175989,0.000508824,81.905736000,4.845324000,77.060412000,116.645594949,109.745153926
avx512_fma,2000,0x00,10,0.702136359,0.000474530,82.205051000,4.840503000,77.364548000,117.078470473,110.184506164
avx512_fma,2000,0x00,11,0.702106616,0.000456061,81.902379000,4.837512000,77.064867000,116.652338946,109.762342631
avx512_fma,2000,0x00,12,0.702121912,0.000423515,82.222995000,4.845813000,77.377182000,117.106436312,110.204767363
avx512_fma,2000,0x00,13,0.702081877,0.000374217,81.640355000,4.820361000,76.819994000,116.283239491,109.417429163
avx512_fma,2000,0x00,14,0.702104590,0.000291971,81.988864000,4.799243000,77.189621000,116.775855343,109.940345263
avx512_fma,2000,0x00,15,0.702148786,0.000398265,82.392184000,4.841479000,77.550705000,117.342913082,110.447680769
avx512_fma,2000,0x00,16,0.702081344,0.000243005,82.252658000,4.834338000,77.418320000,117.155453132,110.269729646
avx512_fma,2000,0x00,17,0.702076734,0.000209483,81.906833000,4.816150000,77.090683000,116.663647980,109.803785284
avx512_fma,2000,0x00,18,0.702101848,0.000299847,82.124057000,4.824268000,77.299789000,116.968866015,110.097686266
avx512_fma,2000,0x00,19,0.702180279,0.000557827,82.285434000,4.846240000,77.439194000,117.185623767,110.283920395
avx512_fma,2000,0x00,20,0.702154870,0.000570372,82.111362000,4.827502000,77.283860000,116.941953252,110.066686548
avx512_fma,2000,0x00,21,0.702184988,0.000605618,82.101780000,4.851061000,77.250719000,116.923291468,110.014768666
avx512_fma,2000,0x00,22,0.702128138,0.000472510,82.026340000,4.835803000,77.190537000,116.825313700,109.937962606
avx512_fma,2000,0x00,23,0.702097768,0.000399021,82.266940000,4.849047000,77.417893000,117.173054380,110.266541900
avx512_fma,2000,0x00,24,0.702117532,0.000466459,81.700840000,4.849963000,76.850877000,116.363480865,109.455858168
avx512_fma,2000,0x00,25,0.702126180,0.000470113,81.721104000,4.850634000,76.870470000,116.390908534,109.482415249
avx512_fma,2000,0x00,26,0.702145385,0.000563668,82.063450000,4.830493000,77.232957000,116.875296394,109.995677013
avx512_fma,2000,0x00,27,0.702163449,0.000564129,82.474764000,4.860339000,77.614425000,117.458070607,110.536122441
avx512_fma,2000,0x00,28,0.702142655,0.000577439,82.226413000,4.857104000,77.369309000,117.107844743,110.190298904
avx512_fma,2000,0x00,29,0.702206168,0.000691937,81.850560000,4.851550000,76.999010000,116.562006539,109.652995741
avx512_fma,2000,0x00,30,0.702135204,0.000541933,82.188266000,4.853564000,77.334702000,117.054757472,110.142179989
avx512_fma,2000,0x00,31,0.702138901,0.000498983,82.028171000,4.838061000,77.190110000,116.826130722,109.935669312
avx512_fma,2000,0x00,32,0.702156176,0.000522015,82.310153000,4.822009000,77.488144000,117.224850914,110.357420038
avx512_fma,2000,0x00,33,0.702108238,0.000485111,81.999851000,4.848132000,77.151719000,116.790897168,109.885790891
avx512_fma,2000,0x00,34,0.702117259,0.000583964,82.365145000,4.843615000,77.521530000,117.309671459,110.411087303
avx512_fma,2000,0x00,35,0.702178468,0.000642554,82.214878000,4.850513000,77.364365000,117.085444467,110.177637944
avx512_fma,2000,0x00,36,0.702148589,0.000540735,81.978977000,4.860034000,77.118943000,116.754456727,109.832796441
avx512_fma,2000,0x00,37,0.702150919,0.000622046,82.164524000,4.826038000,77.338486000,117.018324405,110.145104032
avx512_fma,2000,0x00,38,0.702195482,0.000725170,82.155429000,4.848011000,77.307418000,116.997945796,110.093869765
avx512_fma,2000,0x00,39,0.702145322,0.000554474,81.982334000,4.841357000,77.140977000,116.759781033,109.864688448
avx512_fma,2000,0x00,40,0.702123067,0.000518815,82.054111000,4.848803000,77.205308000,116.865710387,109.959794276
avx512_fma,2000,0x00,41,0.702210717,0.000617953,82.221713000,4.850207000,77.371506000,117.089800832,110.182747319
avx512_fma,2000,0x00,42,0.702187973,0.000570085,82.159519000,4.855457000,77.304062000,117.005021698,110.090267832
avx512_fma,2000,0x00,43,0.702158223,0.000573873,82.108554000,4.840685000,77.267869000,116.937395771,110.043386924
avx512_fma,2000,0x00,44,0.702152371,0.000562436,82.372592000,4.846302000,77.526290000,117.314411281,110.412345288
avx512_fma,2000,0x00,45,0.702166001,0.000565015,82.133762000,4.843555000,77.290207000,116.972000691,110.073980863
avx512_fma,2000,0x00,46,0.702141209,0.000490585,81.988621000,4.842578000,77.146043000,116.769418986,109.872547047
avx512_fma,2000,0x00,47,0.702088511,0.000433049,81.959080000,4.842151000,77.116929000,116.736107680,109.839326255
avx512_fma,2000,0x00,48,0.702133922,0.000513959,82.025181000,4.843433000,77.181748000,116.822700605,109.924539377
avx512_fma,2000,0x00,49,0.702172151,0.000540315,81.722081000,4.837146000,76.884935000,116.384679936,109.495847908
avx512_fma,2000,0x00,50,0.702118943,0.000396212,81.952061000,4.827380000,77.124681000,116.721051119,109.845606367
avx512_fma,2000,0x00,51,0.702163935,0.000566848,82.339572000,4.820178000,77.519394000,117.265453200,110.400705863
avx512_fma,2000,0x00,52,0.702188248,0.000642163,82.246493000,4.834887000,77.411606000,117.128837211,110.243380194
avx512_fma,2000,0x00,53,0.702195285,0.000628379,81.975071000,4.821948000,77.153123000,116.741129855,109.874168342
avx512_fma,2000,0x00,54,0.702178297,0.000663880,81.634373000,4.833239000,76.801134000,116.258752773,109.375545156
avx512_fma,2000,0x00,55,0.702182007,0.000593900,82.040805000,4.825732000,77.215073000,116.836951316,109.964471033
avx512_fma,2000,0x00,56,0.702191442,0.000553634,82.146945000,4.847949000,77.298996000,116.986536890,110.082509424
avx512_fma,2000,0x00,57,0.702167801,0.000560516,81.727635000,4.831897000,76.895738000,116.393310705,109.511911423
avx512_fma,2000,0x00,58,0.702155478,0.000498450,81.738743000,4.835864000,76.902879000,116.411173206,109.524003413
avx512_fma,2000,0x00,59,0.702090505,0.000306897,81.558080000,4.841601000,76.716479000,116.164624721,109.268646257
avx512_fma,2000,0x00,60,0.702136386,0.000414618,81.953220000,4.838916000,77.114304000,116.719802052,109.828098252
avx512_fma,2000,0x00,61,0.702172823,0.000471827,82.344943000,4.824756000,77.520187000,117.271617896,110.400437694
avx512_fma,2000,0x00,62,0.702185598,0.000565371,81.959018000,4.863391000,77.095627000,116.719878928,109.793802670
avx512_fma,2000,0x00,63,0.702150361,0.000541401,82.158359000,4.869738000,77.288621000,117.009637217,110.074174001
avx512_fma,2000,0x00,64,0.702180086,0.000651069,81.431493000,4.854785000,76.576708000,115.969527747,109.055653237
avx512_fma,2000,0x00,65,0.702192967,0.000710217,81.974156000,4.849047000,77.125109000,116.740212173,109.834636035
avx512_fma,2000,0x00,66,0.702211961,0.000631187,82.038914000,4.840258000,77.198656000,116.829274573,109.936401382
avx512_fma,2000,0x00,67,0.702170320,0.000616651,81.552099000,4.831347000,76.720752000,116.142902427,109.262311123
avx512_fma,2000,0x00,68,0.702160736,0.000569765,82.012424000,4.845325000,77.167099000,116.800071312,109.899478964
avx512_fma,2000,0x00,69,0.702163317,0.000538104,82.095798000,4.825733000,77.270065000,116.918380667,110.045716028
avx512_fma,2000,0x00,70,0.702149199,0.000611591,81.442967000,4.830310000,76.612657000,115.990970407,109.111649026
avx512_fma,2000,0x00,71,0.702187592,0.000588219,82.161471000,4.843249000,77.318222000,117.007864978,110.110493033
avx512_fma,2000,0x00,72,0.702198309,0.000650185,81.981175000,4.804981000,77.176194000,116.749319861,109.906550607
avx512_fma,2000,0x00,73,0.702212906,0.000689843,82.055271000,4.844959000,77.210312000,116.852410832,109.952852368
avx512_fma,2000,0x00,74,0.702225578,0.000715907,81.817662000,4.839282000,76.978380000,116.511936532,109.620586871
avx512_fma,2000,0x00,75,0.702217047,0.000670680,82.028110000,4.841113000,77.186997000,116.813042920,109.919002076
avx512_fma,2000,0x00,76,0.702225827,0.000679180,82.493197000,4.840075000,77.653122000,117.473886444,110.581409953
avx512_fma,2000,0x00,77,0.702188223,0.000602031,81.884801000,4.840808000,77.043993000,116.613748745,109.719859269
avx512_fma,2000,0x00,78,0.702198169,0.000698916,82.875582000,4.834521000,78.041061000,118.023067633,111.138229117
avx512_fma,2000,0x00,79,0.702212795,0.000643834,82.207370000,4.841540000,77.365830000,117.069028977,110.174338312
avx512_fma,2000,0x00,80,0.702660298,0.002388095,83.030427000,4.903491000,78.126936000,118.165815245,111.187349248
avx512_fma,2000,0x00,81,0.702253900,0.000713925,82.315463000,4.839832000,77.475631000,117.216099464,110.324244539
avx512_fma,2000,0x00,82,0.702217358,0.000683934,81.652013000,4.836779000,76.815234000,116.277406292,109.389540381
avx512_fma,2000,0x00,83,0.702187571,0.000557018,82.079257000,4.834583000,77.244674000,116.890785855,110.005755132
avx512_fma,2000,0x00,84,0.702166744,0.000657865,82.059787000,4.826220000,77.233567000,116.866524549,109.993199882
avx512_fma,2000,0x00,85,0.702253531,0.000809760,82.155185000,4.840197000,77.314988000,116.987927197,110.095548898
avx512_fma,2000,0x00,86,0.702237316,0.000738387,82.180393000,4.837390000,77.343003000,117.026525201,110.137984978
avx512_fma,2000,0x00,87,0.702193264,0.000624389,82.036411000,4.845019000,77.191392000,116.828820761,109.928983854
avx512_fma,2000,0x00,88,0.702184549,0.000559650,82.123386000,4.834400000,77.288986000,116.954134304,110.069334561
avx512_fma,2000,0x00,89,0.702245603,0.000725177,82.522677000,4.828906000,77.693771000,117.512557836,110.636180139
avx512_fma,2000,0x00,90,0.702232557,0.000712728,81.832493000,4.835314000,76.997179000,116.531898433,109.646267807
avx512_fma,2000,0x00,91,0.702218783,0.000676986,82.449862000,4.833057000,77.616805000,117.413353211,110.530801623
avx512_fma,2000,0x00,92,0.702234168,0.000653724,81.915806000,4.832995000,77.082811000,116.650270984,109.767958474
avx512_fma,2000,0x00,93,0.702172148,0.000568162,82.068943000,4.836841000,77.232102000,116.878664561,109.990266878
avx512_fma,2000,0x00,94,0.702156378,0.000533050,82.016452000,4.825854000,77.190598000,116.806532875,109.933627986
avx512_fma,2000,0x00,95,0.702232518,0.000789280,82.030246000,4.829578000,77.200668000,116.813510983,109.936048215
avx512_fma,2000,0x00,96,0.702210260,0.000648268,82.196567000,4.813952000,77.382615000,117.054067206,110.198639035
avx512_fma,2000,0x00,97,0.702198035,0.000641832,81.865819000,4.843249000,77.022570000,116.585086926,109.687817558
avx512_fma,2000,0x00,98,0.702166818,0.000587722,81.741917000,4.822619000,76.919298000,116.413813546,109.545618015
avx512_fma,2000,0x00,99,0.702156177,0.000601188,81.983371000,4.838306000,77.145065000,116.759452731,109.868811936
avx512_fma,2000,0xAA,0,0.702075030,0.000319786,82.338534000,4.834888000,77.503646000,117.278824174,110.392255369
avx512_fma,2000,0xAA,1,0.702146133,0.000445766,82.026157000,4.839649000,77.186508000,116.822059076,109.929406999
avx512_fma,2000,0xAA,2,0.702121884,0.000314316,81.695347000,4.833179000,76.862168000,116.354936157,109.471260959
avx512_fma,2000,0xAA,3,0.702155851,0.000443863,82.086033000,4.848803000,77.237230000,116.905716747,110.000123075
avx512_fma,2000,0xAA,4,0.702121311,0.000319768,82.300266000,4.850817000,77.449449000,117.216590190,110.307788359
avx512_fma,2000,0xAA,5,0.702138309,0.000506769,82.057895000,4.829700000,77.228195000,116.868562763,109.990003453
avx512_fma,2000,0xAA,6,0.702095194,0.000347062,81.834690000,4.836474000,76.998216000,116.557826719,109.669196745
avx512_fma,2000,0xAA,7,0.702122636,0.000431841,81.678807000,4.843860000,76.834947000,116.331254357,109.432374092
avx512_fma,2000,0xAA,8,0.702136005,0.000440034,82.452853000,4.852709000,77.600144000,117.431455475,110.520103591
avx512_fma,2000,0xAA,9,0.702191030,0.000573004,81.692479000,4.846301000,76.846178000,116.339394115,109.437709542
avx512_fma,2000,0xAA,10,0.702138457,0.000445841,82.152561000,4.841235000,77.311326000,117.003363412,110.108377168
avx512_fma,2000,0xAA,11,0.702138957,0.000445948,81.494054000,4.832446000,76.661608000,116.065421423,109.182957563
avx512_fma,2000,0xAA,12,0.702138726,0.000418416,81.997654000,4.841601000,77.156053000,116.782696818,109.887191957
avx512_fma,2000,0xAA,13,0.702106395,0.000384357,81.927097000,4.857959000,77.069138000,116.687581178,109.768460327
avx512_fma,2000,0xAA,14,0.702138610,0.000468030,82.028354000,4.842211000,77.186143000,116.826439690,109.930064915
avx512_fma,2000,0xAA,15,0.702168738,0.000466582,82.665133000,4.847034000,77.818099000,117.728301697,110.825354101
avx512_fma,2000,0xAA,16,0.702128352,0.000374198,82.447421000,4.835986000,77.611435000,117.424998878,110.537389250
avx512_fma,2000,0xAA,17,0.702086955,0.000342691,82.123753000,4.817370000,77.306383000,116.970914302,110.109413788
avx512_fma,2000,0xAA,18,0.702087411,0.000321711,82.513095000,4.848194000,77.664901000,117.525387514,110.619988091
avx512_fma,2000,0xAA,19,0.702054850,0.000286436,81.758518000,4.833423000,76.925095000,116.456026216,109.571346193
avx512_fma,2000,0xAA,20,0.702093818,0.000384173,82.325167000,4.832080000,77.493087000,117.256647007,110.374261954
avx512_fma,2000,0xAA,21,0.702148448,0.000539650,82.771517000,4.850329000,77.921188000,117.883215749,110.975375942
avx512_fma,2000,0xAA,22,0.702209679,0.000604614,82.629855000,4.847400000,77.782455000,117.671199247,110.768132900
avx512_fma,2000,0xAA,23,0.702156554,0.000566918,82.755220000,4.829700000,77.925520000,117.858644936,110.980264364
avx512_fma,2000,0xAA,24,0.702139176,0.000494792,82.495577000,4.827380000,77.668197000,117.491773466,110.616526841
avx512_fma,2000,0xAA,25,0.702145183,0.000485765,82.179904000,4.829212000,77.350692000,117.041184701,110.163387744
avx512_fma,2000,0xAA,26,0.702139303,0.000508653,82.347507000,4.850024000,77.497483000,117.280868077,110.373372687
avx512_fma,2000,0xAA,27,0.702127262,0.000577581,82.344943000,4.841846000,77.503097000,117.279227687,110.383261295
avx512_fma,2000,0xAA,28,0.702144566,0.000479825,81.783177000,4.841357000,76.941820000,116.476265676,109.581165671
avx512_fma,2000,0xAA,29,0.702123313,0.000385574,82.496615000,4.819202000,77.677413000,117.495906295,110.632151865
avx512_fma,2000,0xAA,30,0.702140192,0.000462891,82.089512000,4.838001000,77.251511000,116.913278712,110.022915430
avx512_fma,2000,0xAA,31,0.702157602,0.000522906,82.407260000,4.835376000,77.571884000,117.362910856,110.476456890
avx512_fma,2000,0xAA,32,0.702213428,0.000712347,82.000217000,4.836475000,77.163742000,116.773923338,109.886451798
avx512_fma,2000,0xAA,33,0.702169132,0.000660771,82.809969000,4.826098000,77.983871000,117.934504940,111.061377401
avx512_fma,2000,0xAA,34,0.702179429,0.000626331,82.575900000,4.806018000,77.769882000,117.599429182,110.754999107
avx512_fma,2000,0xAA,35,0.702188284,0.000553954,82.159580000,4.806079000,77.353501000,117.005056735,110.160626103
avx512_fma,2000,0xAA,36,0.702167409,0.000521473,82.901765000,4.831531000,78.070234000,118.065526807,111.184644925
avx512_fma,2000,0xAA,37,0.702165790,0.000651259,82.197605000,4.827869000,77.369736000,117.062958848,110.187276399
avx512_fma,2000,0xAA,38,0.702184584,0.000562110,82.640230000,4.836475000,77.803755000,117.690179802,110.802425347
avx512_fma,2000,0xAA,39,0.702141673,0.000531536,82.325595000,4.842578000,77.483017000,117.249264932,110.352397550
avx512_fma,2000,0xAA,40,0.702154181,0.000568930,82.169284000,4.835437000,77.333847000,117.024559833,110.137985447
avx512_fma,2000,0xAA,41,0.702144836,0.000538983,82.461337000,4.837145000,77.624192000,117.442061400,110.552962815
avx512_fma,2000,0xAA,42,0.702189224,0.000624863,82.262790000,4.842944000,77.419846000,117.151883295,110.254961730
avx512_fma,2000,0xAA,43,0.702174438,0.000502045,82.537203000,4.830432000,77.706771000,117.545154748,110.665906890
avx512_fma,2000,0xAA,44,0.702176750,0.000655862,82.738436000,4.846424000,77.892012000,117.831352285,110.929352184
avx512_fma,2000,0xAA,45,0.702200223,0.000632786,82.475131000,4.841845000,77.633286000,117.452442045,110.557193594
avx512_fma,2000,0xAA,46,0.702165233,0.000509213,82.237277000,4.844836000,77.392441000,117.119551285,110.219699550
avx512_fma,2000,0xAA,47,0.702170563,0.000635539,82.253634000,4.864245000,77.389389000,117.141957146,110.214516355
avx512_fma,2000,0xAA,48,0.702194630,0.000615615,82.313632000,4.851123000,77.462509000,117.223385767,110.314869534
avx512_fma,2000,0xAA,49,0.702193929,0.000572407,82.504794000,4.848437000,77.656357000,117.495738138,110.591040163
avx512_fma,2000,0xAA,50,0.702215526,0.000734477,82.196872000,4.847034000,77.349838000,117.053623754,110.151136101
avx512_fma,2000,0xAA,51,0.702241540,0.000698973,82.825166000,4.844042000,77.981124000,117.943985484,111.046014168
avx512_fma,2000,0xAA,52,0.702219915,0.000733707,82.579379000,4.835376000,77.744003000,117.597603279,110.711760404
avx512_fma,2000,0xAA,53,0.702176470,0.000535747,82.155856000,4.845629000,77.310227000,117.001721821,110.100851160
avx512_fma,2000,0xAA,54,0.702167999,0.000557539,82.569429000,4.840136000,77.729293000,117.592127639,110.698996643
avx512_fma,2000,0xAA,55,0.702194892,0.000670851,82.551730000,4.834155000,77.717575000,117.562418851,110.678069427
avx512_fma,2000,0xAA,56,0.702204061,0.000715747,82.599886000,4.852893000,77.746993000,117.629462081,110.718518001
avx512_fma,2000,0xAA,57,0.702147939,0.000604205,82.632723000,4.844531000,77.788192000,117.685630694,110.786043395
avx512_fma,2000,0xAA,58,0.702161759,0.000603967,82.442355000,4.827624000,77.614731000,117.412197364,110.536824361
avx512_fma,2000,0xAA,59,0.702199949,0.000696999,82.692842000,4.842822000,77.850020000,117.762529166,110.865886685
avx512_fma,2000,0xAA,60,0.702207561,0.000700854,82.247409000,4.849536000,77.397873000,117.126920267,110.220791268
avx512_fma,2000,0xAA,61,0.702230530,0.000724853,82.828646000,4.836108000,77.992538000,117.950790266,111.064009086
avx512_fma,2000,0xAA,62,0.702231623,0.000716171,82.885286000,4.826709000,78.058577000,118.031263935,111.157877941
avx512_fma,2000,0xAA,63,0.702202903,0.000638914,82.510409000,4.811267000,77.699142000,117.502232881,110.650556561
avx512_fma,2000,0xAA,64,0.702202300,0.000666902,82.855012000,4.835986000,78.019026000,117.993079706,111.106195403
avx512_fma,2000,0xAA,65,0.702202089,0.000631681,82.335056000,4.826892000,77.508164000,117.252650350,110.378714661
avx512_fma,2000,0xAA,66,0.702228403,0.000729459,82.778108000,4.824451000,77.953657000,117.879179511,111.008977483
avx512_fma,2000,0xAA,67,0.702212526,0.000723372,82.600863000,4.835498000,77.765365000,117.629435421,110.743346353
avx512_fma,2000,0xAA,68,0.702219850,0.000657154,82.446627000,4.838428000,77.608199000,117.408567909,110.518378181
avx512_fma,2000,0xAA,69,0.702206762,0.000629744,82.977083000,4.838489000,78.138594000,118.166169168,111.275764143
avx512_fma,2000,0xAA,70,0.702203137,0.000658907,82.568331000,4.854663000,77.713668000,117.584679809,110.671205993
avx512_fma,2000,0xAA,71,0.702232716,0.000673517,82.799592000,4.844043000,77.955549000,117.909049476,111.010990054
avx512_fma,2000,0xAA,72,0.702193575,0.000622681,82.988923000,4.852099000,78.136824000,118.185249779,111.275333232
avx512_fma,2000,0xAA,73,0.702220254,0.000700091,82.411532000,4.845812000,77.565720000,117.358523230,110.457822243
avx512_fma,2000,0xAA,74,0.702192940,0.000689234,82.511630000,4.847827000,77.663803000,117.505638918,110.601799920
avx512_fma,2000,0xAA,75,0.702190238,0.000655240,82.820711000,4.819262000,78.001449000,117.946257998,111.083072300
avx512_fma,2000,0xAA,76,0.702193833,0.000636874,82.304721000,4.830188000,77.474533000,117.210828511,110.332118147
avx512_fma,2000,0xAA,77,0.702212315,0.000671976,82.874300000,4.825915000,78.048385000,118.018864345,111.146420080
avx512_fma,2000,0xAA,78,0.702209316,0.000736201,82.862337000,4.850390000,78.011947000,118.002332294,111.095004390
avx512_fma,2000,0xAA,79,0.702221102,0.000763732,82.813631000,4.840564000,77.973067000,117.930991709,111.037772488
avx512_fma,2000,0xAA,80,0.702160615,0.000563757,82.622530000,4.838794000,77.783736000,117.668989488,110.777697242
avx512_fma,2000,0xAA,81,0.702216191,0.000691522,82.831514000,4.813220000,78.018294000,117.957283116,111.102955254
avx512_fma,2000,0xAA,82,0.702235641,0.000694635,82.832002000,4.828967000,78.003035000,117.954710953,111.078148840
avx512_fma,2000,0xAA,83,0.702211922,0.000663659,82.659273000,4.826526000,77.832747000,117.712716712,110.839398485
avx512_fma,2000,0xAA,84,0.702174655,0.000659957,82.549715000,4.825244000,77.724471000,117.562937440,110.691080178
avx512_fma,2000,0xAA,85,0.702215001,0.000635052,82.825411000,4.838366000,77.987045000,117.948791821,111.058642805
avx512_fma,2000,0xAA,86,0.702206293,0.000662953,82.975434000,4.840137000,78.135297000,118.163899670,111.271143160
avx512_fma,2000,0xAA,87,0.702202231,0.000682893,82.791597000,4.853626000,77.937971000,117.902782672,110.990776718
avx512_fma,2000,0xAA,88,0.702193012,0.000738428,82.616366000,4.839343000,77.777023000,117.654782334,110.763026198
avx512_fma,2000,0xAA,89,0.702210373,0.000674512,82.770052000,4.857776000,77.912276000,117.870733875,110.952898157
avx512_fma,2000,0xAA,90,0.702219746,0.000684920,82.948945000,4.830371000,78.118574000,118.123914217,111.245197078
avx512_fma,2000,0xAA,91,0.702239827,0.000746712,83.017610000,4.839465000,78.178145000,118.218316265,111.326845842
avx512_fma,2000,0xAA,92,0.702234937,0.000719266,82.658846000,4.818896000,77.839950000,117.708250691,110.846023042
avx512_fma,2000,0xAA,93,0.702216841,0.000694712,83.085298000,4.849475000,78.235823000,118.318577888,111.412627024
avx512_fma,2000,0xAA,94,0.702208144,0.000699916,82.910188000,4.833911000,78.076277000,118.070672741,111.186800716
avx512_fma,2000,0xAA,95,0.702192573,0.000679878,83.269989000,4.839526000,78.430463000,118.585687408,111.693666353
avx512_fma,2000,0xAA,96,0.702181887,0.000608898,82.530733000,4.839343000,77.691390000,117.534693703,110.642828376
avx512_fma,2000,0xAA,97,0.702151055,0.000534586,82.654452000,4.835559000,77.818893000,117.716054661,110.829275863
avx512_fma,2000,0xAA,98,0.702156974,0.000598875,82.593233000,4.829883000,77.763350000,117.627875366,110.749238280
avx512_fma,2000,0xAA,99,0.702195163,0.000684369,82.597567000,4.844103000,77.753464000,117.627650252,110.729136480
avx512_fma,2100,0x00,0,0.668595188,0.000123930,79.799051000,4.541126000,75.257925000,119.353313415,112.561272308
avx512_fma,2100,0x00,1,0.668541525,0.000027916,79.519572000,4.580066000,74.939506000,118.944850819,112.094018333
avx512_fma,2100,0x00,2,0.668565651,0.000098213,79.593546000,4.572009000,75.021537000,119.051204474,112.212670375
avx512_fma,2100,0x00,3,0.668561111,0.000114804,79.623148000,4.580738000,75.042410000,119.096290043,112.244653111
avx512_fma,2100,0x00,4,0.668532575,0.000025873,79.391826000,4.515003000,74.876823000,118.755359047,112.001756953
avx512_fma,2100,0x00,5,0.668583711,0.000096968,79.627909000,4.562915000,75.064994000,119.099385342,112.274637855
avx512_fma,2100,0x00,6,0.668606714,0.000122110,79.571391000,4.566700000,75.004691000,119.010756697,112.180582991
avx512_fma,2100,0x00,7,0.668565412,0.000027770,79.617838000,4.544055000,75.073783000,119.087581554,112.290856925
avx512_fma,2100,0x00,8,0.668586077,0.000100155,79.641092000,4.530079000,75.111013000,119.118681583,112.343070847
avx512_fma,2100,0x00,9,0.668593427,0.000122601,79.680582000,4.513355000,75.167227000,119.176436355,112.425913813
avx512_fma,2100,0x00,10,0.668563406,0.000027155,79.542155000,4.520130000,75.022025000,118.974736426,112.213777091
avx512_fma,2100,0x00,11,0.668585670,0.000097218,79.548320000,4.528125000,75.020195000,118.979995437,112.207303169
avx512_fma,2100,0x00,12,0.668595892,0.000119487,79.610026000,4.550892000,75.059134000,119.070468360,112.263827675
avx512_fma,2100,0x00,13,0.668589896,0.000024874,79.614420000,4.532886000,75.081534000,119.078108272,112.298337850
avx512_fma,2100,0x00,14,0.668562479,0.000096060,79.578592000,4.521534000,75.057058000,119.029401862,112.266333128
avx512_fma,2100,0x00,15,0.668571966,0.000118726,79.653238000,4.533436000,75.119802000,119.139362790,112.358587898
avx512_fma,2100,0x00,16,0.668563209,0.000026276,79.497416000,4.510364000,74.987052000,118.907853365,112.161499482
avx512_fma,2100,0x00,17,0.668591742,0.000106774,79.575480000,4.542835000,75.032645000,119.019537560,112.224905332
avx512_fma,2100,0x00,18,0.668607428,0.000125429,79.608195000,4.561451000,75.046744000,119.065675424,112.243359654
avx512_fma,2100,0x00,19,0.668560497,0.000024616,79.489298000,4.538563000,74.950735000,118.896193136,112.107633209
avx512_fma,2100,0x00,20,0.668593391,0.000103317,79.535502000,4.553883000,74.981619000,118.959449849,112.148310135
avx512_fma,2100,0x00,21,0.668606334,0.000121939,79.529887000,4.571644000,74.958243000,118.948748964,112.111176889
avx512_fma,2100,0x00,22,0.668592366,0.000034239,79.434428000,4.515186000,74.919242000,118.808458017,112.055186170
avx512_fma,2100,0x00,23,0.668627704,0.000106698,79.577739000,4.547596000,75.030143000,119.016514693,112.215127359
avx512_fma,2100,0x00,24,0.668631738,0.000127539,79.573710000,4.582447000,74.991263000,119.009771036,112.156301866
avx512_fma,2100,0x00,25,0.668603529,0.000034475,79.596049000,4.590564000,75.005485000,119.048203484,112.182304937
avx512_fma,2100,0x00,26,0.668613740,0.000106976,79.603983000,4.568652000,75.035331000,119.058251716,112.225230310
avx512_fma,2100,0x00,27,0.668615925,0.000123673,79.524028000,4.555713000,74.968315000,118.938279812,112.124632652
avx512_fma,2100,0x00,28,0.668601847,0.000032976,79.565775000,4.545216000,75.020559000,119.003223365,112.205132667
avx512_fma,2100,0x00,29,0.668609048,0.000107200,79.819498000,4.513904000,75.305594000,119.381420578,112.630234648
avx512_fma,2100,0x00,30,0.668634434,0.000125775,79.643167000,4.546802000,75.096365000,119.113170037,112.313038649
avx512_fma,2100,0x00,31,0.668610075,0.000036666,79.642496000,4.543141000,75.099355000,119.116505991,112.321602399
avx512_fma,2100,0x00,32,0.668625687,0.000111046,79.761881000,4.518299000,75.243582000,119.292277504,112.534686392
avx512_fma,2100,0x00,33,0.668632017,0.000130762,79.668497000,4.553760000,75.114737000,119.151483881,112.340921592
avx512_fma,2100,0x00,34,0.668603872,0.000036434,79.547160000,4.562000000,74.985160000,118.975021444,112.151848274
avx512_fma,2100,0x00,35,0.668613468,0.000107984,79.550700000,4.524464000,75.026236000,118.978608487,112.211673301
avx512_fma,2100,0x00,36,0.668629726,0.000128608,79.617900000,4.541614000,75.076286000,119.076219518,112.283799402
avx512_fma,2100,0x00,37,0.668594067,0.000036378,79.527994000,4.561573000,74.966421000,118.948100171,112.125465588
avx512_fma,2100,0x00,38,0.668585514,0.000106876,79.553934000,4.513966000,75.039968000,118.988420043,112.236903739
avx512_fma,2100,0x00,39,0.668614077,0.000125209,79.504252000,4.515492000,74.988760000,118.909030936,112.155520722
avx512_fma,2100,0x00,40,0.668600523,0.000030060,79.574992000,4.547534000,75.027458000,119.017244564,112.215673460
avx512_fma,2100,0x00,41,0.668627047,0.000102911,79.594157000,4.552051000,75.042106000,119.041186473,112.233129546
avx512_fma,2100,0x00,42,0.668626018,0.000123248,79.662271000,4.569385000,75.092886000,119.143241373,112.309249157
avx512_fma,2100,0x00,43,0.668615879,0.000038583,79.491495000,4.580311000,74.911184000,118.889630855,112.039193787
avx512_fma,2100,0x00,44,0.668591371,0.000106675,79.622660000,4.564197000,75.058463000,119.090169913,112.263583156
avx512_fma,2100,0x00,45,0.668615914,0.000122846,79.738077000,4.579944000,75.158133000,119.258419228,112.408531419
avx512_fma,2100,0x00,46,0.668590309,0.000033127,79.590373000,4.556568000,75.033805000,119.042067875,112.226880853
avx512_fma,2100,0x00,47,0.668606340,0.000107072,79.520426000,4.494922000,75.025504000,118.934597656,112.211774773
avx512_fma,2100,0x00,48,0.668621669,0.000131156,79.579325000,4.569935000,75.009390000,119.019961111,112.185101856
avx512_fma,2100,0x00,49,0.668587438,0.000033765,79.678934000,4.561634000,75.117300000,119.175039021,112.352245559
avx512_fma,2100,0x00,50,0.668602600,0.000102582,79.593668000,4.504872000,75.088796000,119.044807795,112.307065524
avx512_fma,2100,0x00,51,0.668624211,0.000124413,79.647990000,4.503162000,75.144828000,119.122204582,112.387237572
avx512_fma,2100,0x00,52,0.668599321,0.000030935,79.522745000,4.559375000,74.963370000,118.939314646,112.120021151
avx512_fma,2100,0x00,53,0.668621177,0.000109474,79.663614000,4.520069000,75.143545000,119.146112589,112.385828653
avx512_fma,2100,0x00,54,0.668628474,0.000129132,79.487590000,4.561023000,74.926567000,118.881550889,112.060089981
avx512_fma,2100,0x00,55,0.668607412,0.000035524,79.475993000,4.552539000,74.923454000,118.867950843,112.058964109
avx512_fma,2100,0x00,56,0.668615741,0.000101990,79.426250000,4.554126000,74.872124000,118.792073173,111.980797694
avx512_fma,2100,0x00,57,0.668611340,0.000128566,79.676005000,4.583668000,75.092337000,119.166397906,112.310893483
avx512_fma,2100,0x00,58,0.668593351,0.000036515,79.531352000,4.585804000,74.945548000,118.953249885,112.094366245
avx512_fma,2100,0x00,59,0.668603966,0.000103200,79.473429000,4.572071000,74.901358000,118.864728692,112.026493753
avx512_fma,2100,0x00,60,0.668616665,0.000130644,79.595377000,4.573414000,75.021963000,119.044859647,112.204745959
avx512_fma,2100,0x00,61,0.668622042,0.000035019,79.507975000,4.568775000,74.939200000,118.913182733,112.080062201
avx512_fma,2100,0x00,62,0.668606903,0.000105368,79.417033000,4.580982000,74.836051000,118.779858018,111.928325406
avx512_fma,2100,0x00,63,0.668632404,0.000138652,79.528849000,4.570972000,74.957877000,118.942558700,112.106258260
avx512_fma,2100,0x00,64,0.668598044,0.000039790,79.548869000,4.586841000,74.962028000,118.978614607,112.118228099
avx512_fma,2100,0x00,65,0.668604942,0.000106221,79.491556000,4.537647000,74.953909000,118.891666860,112.104928210
avx512_fma,2100,0x00,66,0.668637510,0.000125816,79.485331000,4.593983000,74.891348000,118.876565799,112.005902804
avx512_fma,2100,0x00,67,0.668604488,0.000033916,79.339336000,4.572438000,74.766898000,118.664079412,111.825300903
avx512_fma,2100,0x00,68,0.668606361,0.000105613,79.441264000,4.570240000,74.871024000,118.816195438,111.980723522
avx512_fma,2100,0x00,69,0.668625855,0.000128687,79.608622000,4.572071000,75.036551000,119.063032637,112.225021565
avx512_fma,2100,0x00,70,0.668589529,0.000024550,79.624735000,4.564869000,75.059866000,119.093601650,112.265990980
avx512_fma,2100,0x00,71,0.668596695,0.000096378,79.517680000,4.546802000,74.970878000,118.932206247,112.131691025
avx512_fma,2100,0x00,72,0.668591919,0.000119926,79.427531000,4.560291000,74.867240000,118.798221606,111.977482576
avx512_fma,2100,0x00,73,0.668575621,0.000031852,79.514873000,4.575367000,74.939506000,118.931756556,112.088301820
avx512_fma,2100,0x00,74,0.668580200,0.000100510,79.483256000,4.587452000,74.895804000,118.883652310,112.022168823
avx512_fma,2100,0x00,75,0.668596800,0.000120638,79.635233000,4.578601000,75.056632000,119.108008027,112.259933072
avx512_fma,2100,0x00,76,0.668564634,0.000027171,79.524882000,4.565601000,74.959281000,118.948681982,112.119722193
avx512_fma,2100,0x00,77,0.668585774,0.000098739,79.723246000,4.542347000,75.180899000,119.241612883,112.447649896
avx512_fma,2100,0x00,78,0.668604768,0.000116219,79.470621000,4.557972000,74.912649000,118.860386328,112.043246787
avx512_fma,2100,0x00,79,0.668572527,0.000026666,79.394694000,4.573596000,74.821098000,118.752552344,111.911714865
avx512_fma,2100,0x00,80,0.668582489,0.000096287,79.514628000,4.571827000,74.942801000,118.930168366,112.092078714
avx512_fma,2100,0x00,81,0.668605596,0.000118361,79.480083000,4.563221000,74.916862000,118.874390960,112.049409195
avx512_fma,2100,0x00,82,0.668559788,0.000023303,79.442973000,4.574207000,74.868766000,118.827028475,111.985146747
avx512_fma,2100,0x00,83,0.668591169,0.000105566,79.752787000,4.568409000,75.184378000,119.284834593,112.451945957
avx512_fma,2100,0x00,84,0.668589369,0.000123924,79.518839000,4.544178000,74.974661000,118.935242909,112.138577854
avx512_fma,2100,0x00,85,0.668567850,0.000027053,79.384685000,4.560413000,74.824272000,118.738412176,111.917245114
avx512_fma,2100,0x00,86,0.668570197,0.000099268,79.436076000,4.565357000,74.870719000,118.814862375,111.986324374
avx512_fma,2100,0x00,87,0.668620439,0.000128085,79.504985000,4.551990000,74.952995000,118.908995910,112.100962926
avx512_fma,2100,0x00,88,0.668601475,0.000030764,79.461772000,4.577502000,74.884270000,118.847736696,112.001353350
avx512_fma,2100,0x00,89,0.668605818,0.000108989,79.511332000,4.543995000,74.967337000,118.921088960,112.124864824
avx512_fma,2100,0x00,90,0.668619934,0.000124500,79.575113000,4.461841000,75.113272000,119.013970381,112.340760723
avx512_fma,2100,0x00,91,0.668599097,0.000031479,79.536234000,4.485950000,75.050284000,118.959529438,112.250052835
avx512_fma,2100,0x00,92,0.668587732,0.000102463,79.648661000,4.484547000,75.164114000,119.129707547,112.422215345
avx512_fma,2100,0x00,93,0.668628897,0.000133312,79.495463000,4.515552000,74.979911000,118.893250516,112.139800257
avx512_fma,2100,0x00,94,0.668575906,0.000026961,79.355631000,4.522510000,74.833121000,118.693524993,111.929132259
avx512_fma,2100,0x00,95,0.668596274,0.000105363,79.537211000,4.469349000,75.067862000,118.961493065,112.276817762
avx512_fma,2100,0x00,96,0.668613302,0.000127874,79.613200000,4.494617000,75.118583000,119.072114951,112.349818245
avx512_fma,2100,0x00,97,0.668599265,0.000085949,79.579630000,4.531605000,75.048025000,119.024405519,112.246646045
avx512_fma,2100,0x00,98,0.668564738,0.000032613,79.535563000,4.520740000,75.014823000,118.964639487,112.202781218
avx512_fma,2100,0x00,99,0.668606698,0.000123776,79.506266000,4.498951000,75.007315000,118.913355527,112.184510284
avx512_fma,2100,0xAA,0,0.668573336,0.000112646,79.650675000,4.527393000,75.123282000,119.135285070,112.363562725
avx512_fma,2100,0xAA,1,0.668593814,0.000109339,79.630472000,4.543934000,75.086538000,119.101419040,112.305164116
avx512_fma,2100,0xAA,2,0.668571138,0.000034541,79.485209000,4.550159000,74.935050000,118.888184714,112.082388384
avx512_fma,2100,0xAA,3,0.668552237,0.000113623,79.482585000,4.592700000,74.889885000,118.887621107,112.018000831
avx512_fma,2100,0xAA,4,0.668574856,0.000098056,79.485393000,4.570972000,74.914421000,118.887798925,112.050910039
avx512_fma,2100,0xAA,5,0.668552181,0.000026730,79.447916000,4.547291000,74.900625000,118.835774198,112.034074749
avx512_fma,2100,0xAA,6,0.668577406,0.000113790,79.514689000,4.571277000,74.943412000,118.931163865,112.093844864
avx512_fma,2100,0xAA,7,0.668572449,0.000100484,79.625773000,4.570545000,75.055228000,119.098196718,112.261921891
avx512_fma,2100,0xAA,8,0.668578446,0.000030142,79.662760000,4.558704000,75.104056000,119.152450231,112.333947439
avx512_fma,2100,0xAA,9,0.668590427,0.000116758,79.625589000,4.556263000,75.069326000,119.094718898,112.279989262
avx512_fma,2100,0xAA,10,0.668597465,0.000094759,79.645793000,4.593738000,75.052055000,119.123683728,112.252975658
avx512_fma,2100,0xAA,11,0.668553543,0.000026495,79.467814000,4.571888000,74.895926000,118.865294763,112.026817807
avx512_fma,2100,0xAA,12,0.668595870,0.000115457,79.583719000,4.558521000,75.025198000,119.031125665,112.213074275
avx512_fma,2100,0xAA,13,0.668582887,0.000092628,79.551371000,4.595569000,74.955802000,118.985054187,112.111457672
avx512_fma,2100,0xAA,14,0.668571176,0.000026343,79.476054000,4.576526000,74.899528000,118.874484563,112.029250785
avx512_fma,2100,0xAA,15,0.668579972,0.000113913,79.618204000,4.599598000,75.018606000,119.085535496,112.205882811
avx512_fma,2100,0xAA,16,0.668583685,0.000097845,79.520426000,4.569873000,74.950553000,118.938627756,112.103472929
avx512_fma,2100,0xAA,17,0.668573932,0.000026865,79.473796000,4.526966000,74.946830000,118.870617327,112.099539687
avx512_fma,2100,0xAA,18,0.668592323,0.000117025,79.443828000,4.501514000,74.942314000,118.822524959,112.089701616
avx512_fma,2100,0xAA,19,0.668605418,0.000101182,79.488505000,4.550098000,74.938407000,118.887018976,112.081662814
avx512_fma,2100,0xAA,20,0.668596184,0.000028062,79.603678000,4.562794000,75.040884000,119.060921749,112.236482564
avx512_fma,2100,0xAA,21,0.668621156,0.000127483,79.534098000,4.578785000,74.955313000,118.952410168,112.104309478
avx512_fma,2100,0xAA,22,0.668603457,0.000103914,79.395487000,4.571582000,74.823905000,118.748244815,111.910736046
avx512_fma,2100,0xAA,23,0.668617681,0.000029074,79.577128000,4.590381000,74.986747000,119.017385083,112.151905555
avx512_fma,2100,0xAA,24,0.668618962,0.000126715,79.552531000,4.598072000,74.954459000,118.980369239,112.103400053
avx512_fma,2100,0xAA,25,0.668598794,0.000101660,79.463176000,4.582935000,74.880241000,118.850313073,111.995776331
avx512_fma,2100,0xAA,26,0.668580590,0.000027125,79.470865000,4.587574000,74.883291000,118.865049644,112.003387684
avx512_fma,2100,0xAA,27,0.668595241,0.000122925,79.762553000,4.593860000,75.168693000,119.298714796,112.427801400
avx512_fma,2100,0xAA,28,0.668592273,0.000103943,79.522135000,4.573780000,74.948355000,118.939656093,112.098745443
avx512_fma,2100,0xAA,29,0.668583451,0.000033109,79.456034000,4.572315000,74.883719000,118.842358263,112.003548547
avx512_fma,2100,0xAA,30,0.668565228,0.000141261,79.575053000,4.587452000,74.987601000,119.023618975,112.161981837
avx512_fma,2100,0xAA,31,0.668607608,0.000101833,79.675821000,4.568592000,75.107229000,119.166787814,112.333793479
avx512_fma,2100,0xAA,32,0.668583790,0.000028745,79.571574000,4.577259000,74.994315000,119.015111081,112.168910096
avx512_fma,2100,0xAA,33,0.668622452,0.000134938,79.612040000,4.583667000,75.028373000,119.068750600,112.213361606
avx512_fma,2100,0xAA,34,0.668618384,0.000106493,79.629801000,4.566700000,75.063101000,119.096038763,112.265984269
avx512_fma,2100,0xAA,35,0.668605400,0.000031689,79.565409000,4.557971000,75.007438000,119.002043670,112.184912069
avx512_fma,2100,0xAA,36,0.668619350,0.000127609,79.648051000,4.578296000,75.069755000,119.123161749,112.275773921
avx512_fma,2100,0xAA,37,0.668624069,0.000106150,79.606363000,4.536426000,75.069937000,119.059972106,112.275253741
avx512_fma,2100,0xAA,38,0.668595333,0.000031391,79.654520000,4.576160000,75.078360000,119.137116414,112.292677371
avx512_fma,2100,0xAA,39,0.668578456,0.000123735,79.581462000,4.554310000,75.027152000,119.030850155,112.218919618
avx512_fma,2100,0xAA,40,0.668620081,0.000105086,79.706705000,4.549365000,75.157340000,119.210755585,112.406644951
avx512_fma,2100,0xAA,41,0.668613450,0.000036110,79.532633000,4.539112000,74.993521000,118.951590009,112.162746621
avx512_fma,2100,0xAA,42,0.668586089,0.000121314,79.560221000,4.523426000,75.036795000,118.997721149,112.232061388
avx512_fma,2100,0xAA,43,0.668591330,0.000095739,79.523295000,4.500232000,75.023063000,118.941558764,112.210642887
avx512_fma,2100,0xAA,44,0.668568444,0.000020451,79.533793000,4.553272000,74.980521000,118.961332481,112.150852510
avx512_fma,2100,0xAA,45,0.668595431,0.000125327,79.518168000,4.566150000,74.952018000,118.933160961,112.103694606
avx512_fma,2100,0xAA,46,0.668575401,0.000094965,79.499675000,4.577808000,74.921867000,118.909063781,112.061955746
avx512_fma,2100,0xAA,47,0.668572941,0.000028038,79.510722000,4.575122000,74.935600000,118.926024602,112.082908883
avx512_fma,2100,0xAA,48,0.668569948,0.000121656,79.606425000,4.583973000,75.022452000,119.069702703,112.213317653
avx512_fma,2100,0xAA,49,0.668606272,0.000101815,79.645914000,4.541248000,75.104666000,119.122295583,112.330184608
avx512_fma,2100,0xAA,50,0.668597162,0.000032079,79.534343000,4.569141000,74.965202000,118.957045456,112.123123239
avx512_fma,2100,0xAA,51,0.668623105,0.000128196,79.569864000,4.598316000,74.971548000,119.005555441,112.128263937
avx512_fma,2100,0xAA,52,0.668609679,0.000102854,79.468120000,4.596606000,74.871514000,118.855772582,111.980900528
avx512_fma,2100,0xAA,53,0.668621577,0.000037304,79.597940000,4.597278000,75.000662000,119.047818342,112.172063565
avx512_fma,2100,0xAA,54,0.668611316,0.000137640,79.607157000,4.598194000,75.008963000,119.063430492,112.186200199
avx512_fma,2100,0xAA,55,0.668612097,0.000103722,79.534098000,4.574268000,74.959830000,118.954021793,112.112584107
avx512_fma,2100,0xAA,56,0.668599520,0.000030634,79.544596000,4.592457000,74.952139000,118.971961024,112.103190011
avx512_fma,2100,0xAA,57,0.668627997,0.000130145,79.627177000,4.600696000,75.026481000,119.090401997,112.209601286
avx512_fma,2100,0xAA,58,0.668613694,0.000102829,79.598368000,4.563221000,75.035147000,119.049861997,112.224962895
avx512_fma,2100,0xAA,59,0.668611004,0.000030229,79.556071000,4.587513000,74.968558000,118.987079936,112.125821339
avx512_fma,2100,0xAA,60,0.668616409,0.000129187,79.686076000,4.588794000,75.097282000,119.180556953,112.317437923
avx512_fma,2100,0xAA,61,0.668625351,0.000103002,79.836465000,4.572986000,75.263479000,119.403885707,112.564501001
avx512_fma,2100,0xAA,62,0.668592663,0.000029636,79.539653000,4.567981000,74.971672000,118.965788063,112.133554843
avx512_fma,2100,0xAA,63,0.668617917,0.000134783,79.689128000,4.589893000,75.099235000,119.184852685,112.320105451
avx512_fma,2100,0xAA,64,0.668599678,0.000100802,79.688150000,4.566150000,75.122000000,119.186641288,112.357218317
avx512_fma,2100,0xAA,65,0.668581799,0.000027669,79.527141000,4.587634000,74.939507000,118.949006816,112.087267527
avx512_fma,2100,0xAA,66,0.668604956,0.000124097,79.652261000,4.600085000,75.052176000,119.132023063,112.251899066
avx512_fma,2100,0xAA,67,0.668612551,0.000099412,79.618632000,4.591969000,75.026663000,119.080373058,112.212465787
avx512_fma,2100,0xAA,68,0.668598392,0.000029938,79.704446000,4.550037000,75.154409000,119.211243949,112.405907509
avx512_fma,2100,0xAA,69,0.668631528,0.000127507,79.693704000,4.587024000,75.106680000,119.189270430,112.328953785
avx512_fma,2100,0xAA,70,0.668608306,0.000103205,79.559794000,4.608447000,74.951347000,118.993128322,112.100532230
avx512_fma,2100,0xAA,71,0.668621462,0.000041926,79.576944000,4.583118000,74.993826000,119.016436926,112.161858867
avx512_fma,2100,0xAA,72,0.668615169,0.000124607,79.719827000,4.595020000,75.124807000,119.231256837,112.358813301
avx512_fma,2100,0xAA,73,0.668607384,0.000104220,79.627970000,4.593616000,75.034354000,119.095259578,112.224835907
avx512_fma,2100,0xAA,74,0.668590444,0.000032084,79.548075000,4.563587000,74.984488000,118.978779564,112.153095703
avx512_fma,2100,0xAA,75,0.668597894,0.000122707,79.493449000,4.598560000,74.894889000,118.895751476,112.017835701
avx512_fma,2100,0xAA,76,0.668613110,0.000104722,79.553325000,4.580555000,74.972770000,118.982598147,112.131767778
avx512_fma,2100,0xAA,77,0.668622699,0.000035796,79.644389000,4.589039000,75.055350000,119.117088142,112.253667254
avx512_fma,2100,0xAA,78,0.668621801,0.000125385,79.570536000,4.587269000,74.983267000,119.006792550,112.146009681
avx512_fma,2100,0xAA,79,0.668588294,0.000101711,79.597147000,4.596973000,75.000174000,119.052558499,112.176917629
avx512_fma,2100,0xAA,80,0.668589911,0.000026947,79.412028000,4.547291000,74.864737000,118.775390879,111.974075265
avx512_fma,2100,0xAA,81,0.668647448,0.000122625,79.595866000,4.600757000,74.995109000,119.040110370,112.159418588
avx512_fma,2100,0xAA,82,0.668603048,0.000107080,79.605936000,4.605151000,75.000785000,119.063076658,112.175356042
avx512_fma,2100,0xAA,83,0.668610572,0.000034862,79.549784000,4.603993000,74.945791000,118.977753708,112.091842550
avx512_fma,2100,0xAA,84,0.668602035,0.000129732,79.707926000,4.603381000,75.104545000,119.215799206,112.330715469
avx512_fma,2100,0xAA,85,0.668615632,0.000104283,79.655985000,4.605945000,75.050040000,119.135690542,112.246912026
avx512_fma,2100,0xAA,86,0.668597817,0.000033157,79.478679000,4.582447000,74.896232000,118.873674040,112.019857169
avx512_fma,2100,0xAA,87,0.668625460,0.000124923,79.602091000,4.600025000,75.002066000,119.053335238,112.173511963
avx512_fma,2100,0xAA,88,0.668602418,0.000108176,79.613810000,4.611865000,75.001945000,119.074965791,112.177196835
avx512_fma,2100,0xAA,89,0.668621023,0.000047834,79.644754000,4.602528000,75.042226000,119.117932620,112.234320170
avx512_fma,2100,0xAA,90,0.668603098,0.000127457,79.580974000,4.587147000,74.993827000,119.025733255,112.164940935
avx512_fma,2100,0xAA,91,0.668615769,0.000102121,79.713358000,4.614429000,75.098929000,119.221474744,112.320008737
avx512_fma,2100,0xAA,92,0.668601489,0.000030317,79.580302000,4.573413000,75.006889000,119.025014666,112.184747217
avx512_fma,2100,0xAA,93,0.668610524,0.000124293,79.659098000,4.603931000,75.055167000,119.141256535,112.255437612
avx512_fma,2100,0xAA,94,0.668597964,0.000104388,79.476603000,4.602771000,74.873832000,118.870542899,111.986329596
avx512_fma,2100,0xAA,95,0.668606987,0.000127328,79.405192000,4.598499000,74.806693000,118.762133121,111.884402123
avx512_fma,2100,0xAA,96,0.668576515,0.000027682,79.538187000,4.590565000,74.947622000,118.966468594,112.100291133
avx512_fma,2100,0xAA,97,0.668607464,0.000103733,79.602396000,4.609485000,74.992911000,119.056995661,112.162838409
avx512_fma,2100,0xAA,98,0.668615645,0.000127465,79.578959000,4.578602000,75.000357000,119.020485907,112.172602476
avx512_fma,2100,0xAA,99,0.668588377,0.000030388,79.446940000,4.612781000,74.834159000,118.827880895,111.928597030
avx512_fma,2300,0x00,0,0.610508503,0.000421258,75.453908000,4.213246000,71.240662000,123.591903584,116.690695850
avx512_fma,2300,0x00,1,0.610509235,0.000397111,75.544424000,4.182972000,71.361452000,123.740018482,116.888407136
avx512_fma,2300,0x00,2,0.610502593,0.000391221,76.038746000,4.219533000,71.819213000,124.551061540,117.639488927
avx512_fma,2300,0x00,3,0.610507835,0.000404767,75.365041000,4.205128000,71.159913000,123.446476311,116.558558158
avx512_fma,2300,0x00,4,0.610496275,0.000391787,75.468130000,4.208058000,71.260072000,123.617674752,116.724826802
avx512_fma,2300,0x00,5,0.610504745,0.000416368,75.285818000,4.202687000,71.083131000,123.317334705,116.433380021
avx512_fma,2300,0x00,6,0.610469413,0.000412820,75.889149000,4.211842000,71.677307000,124.312778647,117.413428883
avx512_fma,2300,0x00,7,0.610492926,0.000407921,75.350393000,4.214406000,71.135987000,123.425497302,116.522213382
avx512_fma,2300,0x00,8,0.610486769,0.000415201,75.321950000,4.173452000,71.148498000,123.380151515,116.543882140
avx512_fma,2300,0x00,9,0.610514436,0.000381122,75.909351000,4.223377000,71.685974000,124.336701123,117.418966261
avx512_fma,2300,0x00,10,0.610504792,0.000388140,76.171924000,4.220571000,71.951353000,124.768757021,117.855509069
avx512_fma,2300,0x00,11,0.610500818,0.000414945,75.684254000,4.208363000,71.475891000,123.970765931,117.077469679
avx512_fma,2300,0x00,12,0.610481147,0.000335455,75.654652000,4.200734000,71.453918000,123.926270947,117.045249277
avx512_fma,2300,0x00,13,0.610492055,0.000404776,75.378897000,4.211049000,71.167848000,123.472363667,116.574568737
avx512_fma,2300,0x00,14,0.610481398,0.000405575,75.669056000,4.196217000,71.472839000,123.949814387,117.076194631
avx512_fma,2300,0x00,15,0.610508314,0.000359632,75.963001000,4.208485000,71.754516000,124.425825490,117.532414049
avx512_fma,2300,0x00,16,0.610508453,0.000461632,75.995899000,4.207753000,71.788146000,124.479683560,117.587472680
avx512_fma,2300,0x00,17,0.610498604,0.000347511,75.555471000,4.203358000,71.352113000,123.760268320,116.875145283
avx512_fma,2300,0x00,18,0.610519696,0.000400564,75.874683000,4.198842000,71.675841000,124.278845543,117.401357351
avx512_fma,2300,0x00,19,0.610491461,0.000369585,76.086231000,4.206471000,71.879760000,124.631114210,117.740811448
avx512_fma,2300,0x00,20,0.610493111,0.000368568,75.934620000,4.205128000,71.729492000,124.382435540,117.494351259
avx512_fma,2300,0x00,21,0.610500943,0.000418626,75.901234000,4.186635000,71.714599000,124.326153660,117.468449260
avx512_fma,2300,0x00,22,0.610465062,0.000195819,76.002063000,4.204884000,71.797179000,124.498628636,117.610627562
avx512_fma,2300,0x00,23,0.610459160,0.000182102,75.769887000,4.193104000,71.576783000,124.119502215,117.250731496
avx512_fma,2300,0x00,24,0.610428026,0.000096950,75.651906000,4.192860000,71.459046000,123.932556742,117.063835419
avx512_fma,2300,0x00,25,0.610473576,0.000265157,75.996754000,4.197865000,71.798889000,124.488195731,117.611788355
avx512_fma,2300,0x00,26,0.610481156,0.000272477,75.736439000,4.191884000,71.544555000,124.060240379,117.193715579
avx512_fma,2300,0x00,27,0.610498295,0.000345634,76.017688000,4.199452000,71.818236000,124.517445285,117.638716816
avx512_fma,2300,0x00,28,0.610488788,0.000291531,76.059925000,4.196034000,71.863891000,124.588569927,117.715333128
avx512_fma,2300,0x00,29,0.610484324,0.000350616,76.329212000,4.191579000,72.137633000,125.030584748,118.164595179
avx512_fma,2300,0x00,30,0.610474012,0.000279091,76.203052000,4.193959000,72.009093000,124.826037625,117.956033469
avx512_fma,2300,0x00,31,0.610502773,0.000338828,75.853871000,4.184865000,71.669006000,124.248200626,117.393416034
avx512_fma,2300,0x00,32,0.610466283,0.000315310,75.759693000,4.189564000,71.570129000,124.101355066,117.238463349
avx512_fma,2300,0x00,33,0.610471739,0.000309849,75.444326000,4.161061000,71.283265000,123.583650345,116.767510087
avx512_fma,2300,0x00,34,0.610516756,0.000457963,75.933155000,4.160878000,71.772277000,124.375218593,117.559880671
avx512_fma,2300,0x00,35,0.610512321,0.000423199,75.917592000,4.192982000,71.724610000,124.350630493,117.482657713
avx512_fma,2300,0x00,36,0.610492736,0.000349915,75.807606000,4.191822000,71.615784000,124.174460298,117.308167297
avx512_fma,2300,0x00,37,0.610456764,0.000327253,75.501516000,4.195546000,71.305970000,123.680365959,116.807568005
avx512_fma,2300,0x00,38,0.610494994,0.000364226,75.733876000,4.175771000,71.558105000,124.053230062,117.213254243
avx512_fma,2300,0x00,39,0.610453120,0.000250682,75.585256000,4.186879000,71.398377000,123.818280981,116.959639655
avx512_fma,2300,0x00,40,0.610468336,0.000315232,75.899220000,4.193837000,71.705383000,124.329495074,117.459626890
avx512_fma,2300,0x00,41,0.610478150,0.000276585,75.637502000,4.142201000,71.495301000,123.898786550,117.113611683
avx512_fma,2300,0x00,42,0.610494765,0.000386259,76.251941000,4.209462000,72.042479000,124.901875329,118.006710549
avx512_fma,2300,0x00,43,0.610504594,0.000446319,75.360830000,4.194447000,71.166383000,123.440234031,116.569774678
avx512_fma,2300,0x00,44,0.610498883,0.000364549,75.924793000,4.204152000,71.720641000,124.365162807,117.478742347
avx512_fma,2300,0x00,45,0.610472243,0.000357552,75.823964000,4.208790000,71.615174000,124.205424306,117.311105938
avx512_fma,2300,0x00,46,0.610499448,0.000390837,75.725209000,4.212697000,71.512512000,124.038128453,117.137717631
avx512_fma,2300,0x00,47,0.610505669,0.000407307,75.662098000,4.213490000,71.448608000,123.933489553,117.031850124
avx512_fma,2300,0x00,48,0.610506598,0.000389226,76.426989000,4.182972000,72.244017000,125.186180201,118.334539263
avx512_fma,2300,0x00,49,0.610478821,0.000236397,75.721974000,4.205983000,71.515991000,124.037020479,117.147374423
avx512_fma,2300,0x00,50,0.610491874,0.000440000,75.601003000,4.204518000,71.396485000,123.836215000,116.949115962
avx512_fma,2300,0x00,51,0.610527646,0.000419587,76.006824000,4.206105000,71.800719000,124.493664536,117.604369637
avx512_fma,2300,0x00,52,0.610477718,0.000385586,75.674367000,4.196949000,71.477418000,123.959261295,117.084401043
avx512_fma,2300,0x00,53,0.610523981,0.000465778,76.048450000,4.198415000,71.850035000,124.562592793,117.685852267
avx512_fma,2300,0x00,54,0.610473510,0.000271374,75.820973000,4.191884000,71.629089000,124.200267014,117.333656213
avx512_fma,2300,0x00,55,0.610479589,0.000378758,76.525744000,4.203359000,72.322385000,125.353484937,118.468145814
avx512_fma,2300,0x00,56,0.610509617,0.000459943,76.097461000,4.202015000,71.895446000,124.645802357,117.763003322
avx512_fma,2300,0x00,57,0.610483042,0.000379801,75.837513000,4.202870000,71.634643000,124.225421147,117.340921971
avx512_fma,2300,0x00,58,0.610457807,0.000212343,76.032642000,4.205921000,71.826721000,124.550200156,117.660418497
avx512_fma,2300,0x00,59,0.610476910,0.000228736,75.975086000,4.197133000,71.777953000,124.452022214,117.576851459
avx512_fma,2300,0x00,60,0.610457585,0.000201054,75.534231000,4.209035000,71.325196000,123.733790583,116.838905332
avx512_fma,2300,0x00,61,0.611197056,0.003826131,77.996749000,4.311391000,73.685358000,127.613096616,120.559085221
avx512_fma,2300,0x00,62,0.610503536,0.000267703,75.792836000,4.214466000,71.578370000,124.148070440,117.244808213
avx512_fma,2300,0x00,63,0.610455112,0.000085309,75.976978000,4.206044000,71.770934000,124.459565571,117.569552006
avx512_fma,2300,0x00,64,0.610480760,0.000214002,75.513966000,4.190114000,71.323852000,123.695898223,116.832268323
avx512_fma,2300,0x00,65,0.610454504,0.000244562,75.738820000,4.193410000,71.545410000,124.069557277,117.200232904
avx512_fma,2300,0x00,66,0.610447892,0.000231211,75.605824000,4.169240000,71.436584000,123.853034731,117.023229840
avx512_fma,2300,0x00,67,0.610449974,0.000146432,75.565785000,4.167714000,71.398071000,123.787022952,116.959741153
avx512_fma,2300,0x00,68,0.610418395,0.000064088,76.034229000,4.115407000,71.918822000,124.560841556,117.818896960
avx512_fma,2300,0x00,69,0.610419365,0.000113964,76.265552000,4.160511000,72.105041000,124.939601118,118.123777051
avx512_fma,2300,0x00,70,0.610425646,0.000052702,75.547292000,4.128286000,71.419006000,123.761661147,116.998698246
avx512_fma,2300,0x00,71,0.610459573,0.000261131,75.534596000,4.142629000,71.391967000,123.733985583,116.947903124
avx512_fma,2300,0x00,72,0.610423392,0.000136905,75.753407000,4.141957000,71.611450000,124.099777334,117.314393524
avx512_fma,2300,0x00,73,0.610435387,0.000152037,75.342764000,4.168813000,71.173951000,123.424633732,116.595388423
avx512_fma,2300,0x00,74,0.610482484,0.000354925,76.174793000,4.177845000,71.996948000,124.778015708,117.934502407
avx512_fma,2300,0x00,75,0.610450739,0.000162523,75.502187000,4.137441000,71.364746000,123.682685892,116.905003868
avx512_fma,2300,0x00,76,0.610493978,0.000358247,76.039234000,4.192372000,71.846862000,124.553618447,117.686438506
avx512_fma,2300,0x00,77,0.610459209,0.000203819,75.796009000,4.178028000,71.617981000,124.162282824,117.318208828
avx512_fma,2300,0x00,78,0.610483063,0.000328040,76.166919000,4.191823000,71.975096000,124.764999418,117.898595984
avx512_fma,2300,0x00,79,0.610463576,0.000268342,75.528188000,4.204640000,71.323548000,123.722677301,116.835059160
avx512_fma,2300,0x00,80,0.610525933,0.000478155,76.445056000,4.210316000,72.234740000,125.211808102,118.315596540
avx512_fma,2300,0x00,81,0.610454818,0.000220129,76.205493000,4.155873000,72.049620000,124.833961109,118.026130491
avx512_fma,2300,0x00,82,0.610487810,0.000370301,76.425158000,4.194325000,72.230833000,125.187033569,118.316585168
avx512_fma,2300,0x00,83,0.610473021,0.000315470,76.073414000,4.200062000,71.873352000,124.613883699,117.733871220
avx512_fma,2300,0x00,84,0.610468158,0.000291025,76.209399000,4.186757000,72.022642000,124.837631522,117.979358993
avx512_fma,2300,0x00,85,0.610476014,0.000285783,76.177417000,4.194936000,71.982481000,124.783636550,117.912054528
avx512_fma,2300,0x00,86,0.610439613,0.000167298,75.772267000,4.164357000,71.607910000,124.127375419,117.305477049
avx512_fma,2300,0x00,87,0.610455234,0.000188226,76.385669000,4.192861000,72.192808000,125.129026338,118.260609509
avx512_fma,2300,0x00,88,0.610437129,0.000122981,75.869190000,4.160023000,71.709167000,124.286656875,117.471830577
avx512_fma,2300,0x00,89,0.610450947,0.000261400,76.135181000,4.190846000,71.944335000,124.719572275,117.854408053
avx512_fma,2300,0x00,90,0.610464059,0.000351838,76.185473000,4.190358000,71.995115000,124.799276618,117.935059247
avx512_fma,2300,0x00,91,0.610464291,0.000267717,76.238087000,4.177480000,72.060607000,124.885416107,118.042296761
avx512_fma,2300,0x00,92,0.610462112,0.000355072,76.102893000,4.195973000,71.906920000,124.664400059,117.790962846
avx512_fma,2300,0x00,93,0.610513282,0.000356241,76.664172000,4.203846000,72.460326000,125.573307413,118.687550582
avx512_fma,2300,0x00,94,0.610419792,0.000142736,76.384448000,4.173879000,72.210569000,125.134291233,118.296572247
avx512_fma,2300,0x00,95,0.610417559,0.000134919,75.787526000,4.163198000,71.624328000,124.156857705,117.336611565
avx512_fma,2300,0x00,96,0.610443078,0.000087999,75.894398000,4.188344000,71.706054000,124.326740242,117.465586188
avx512_fma,2300,0x00,97,0.610429346,0.000144654,76.166858000,4.163991000,72.002867000,124.775878729,117.954465194
avx512_fma,2300,0x00,98,0.610461638,0.000129510,75.589711000,4.177968000,71.411743000,123.823851148,116.979902668
avx512_fma,2300,0x00,99,0.610453048,0.000198774,75.910817000,4.196828000,71.713989000,124.351606219,117.476666343
avx512_fma,2300,0xAA,0,0.610468492,0.000426867,76.452868000,4.185231000,72.267637000,125.236386439,118.380617381
avx512_fma,2300,0xAA,1,0.610508303,0.000422520,76.257434000,4.203603000,72.053831000,124.908103113,118.022688152
avx512_fma,2300,0xAA,2,0.610432180,0.000319961,76.316211000,4.202199000,72.114012000,125.019967082,118.135993496
avx512_fma,2300,0xAA,3,0.610507560,0.000425445,76.224963000,4.202260000,72.022703000,124.855068148,117.971844621
avx512_fma,2300,0xAA,4,0.610468575,0.000408021,76.539415000,4.217152000,72.322263000,125.378140837,118.470083369
avx512_fma,2300,0xAA,5,0.610487253,0.000438232,76.452747000,4.207448000,72.245299000,125.232339610,118.340388994
avx512_fma,2300,0xAA,6,0.610474470,0.000357921,76.339648000,4.193654000,72.145994000,125.049697849,118.180198456
avx512_fma,2300,0xAA,7,0.610458153,0.000394274,76.604235000,4.216725000,72.387510000,125.486463868,118.578987939
avx512_fma,2300,0xAA,8,0.610473074,0.000394308,76.616625000,4.213613000,72.403012000,125.503692626,118.601483206
avx512_fma,2300,0xAA,9,0.610476585,0.000350051,76.602587000,4.201589000,72.400998000,125.479975719,118.597502080
avx512_fma,2300,0xAA,10,0.610482910,0.000389104,76.576098000,4.208119000,72.367979000,125.435285315,118.542186538
avx512_fma,2300,0xAA,11,0.610504169,0.000354819,76.661608000,4.211781000,72.449827000,125.570981944,118.672124880
avx512_fma,2300,0xAA,12,0.610416585,0.000149387,76.488086000,4.203602000,72.284484000,125.304730950,118.418283071
avx512_fma,2300,0xAA,13,0.610472536,0.000348358,76.613817000,4.193837000,72.419980000,125.499203471,118.629382548
avx512_fma,2300,0xAA,14,0.610477561,0.000471632,76.592883000,4.216725000,72.376158000,125.463879216,118.556622884
avx512_fma,2300,0xAA,15,0.610420637,0.000248259,76.561267000,4.196035000,72.365232000,125.423785479,118.549779675
avx512_fma,2300,0xAA,16,0.610432833,0.000108882,76.210254000,4.187245000,72.023009000,124.846256441,117.986787595
avx512_fma,2300,0xAA,17,0.610458143,0.000139565,76.771776000,4.213490000,72.558286000,125.760917232,118.858740485
avx512_fma,2300,0xAA,18,0.610456622,0.000160698,76.527209000,4.187490000,72.339719000,125.360600919,118.500998045
avx512_fma,2300,0xAA,19,0.610447427,0.000125752,76.453296000,4.168508000,72.284788000,125.241409163,118.412798190
avx512_fma,2300,0xAA,20,0.610395672,0.000059626,76.318286000,4.191274000,72.127012000,125.030844023,118.164356930
avx512_fma,2300,0xAA,21,0.610443917,0.000226006,76.938523000,4.197499000,72.741024000,126.037004991,119.160863082
avx512_fma,2300,0xAA,22,0.610413838,0.000086413,76.082813000,4.182729000,71.900084000,124.641363484,117.789079439
avx512_fma,2300,0xAA,23,0.610433051,0.000183565,76.219836000,4.198475000,72.021361000,124.861908960,117.984045785
avx512_fma,2300,0xAA,24,0.610459609,0.000222793,76.561877000,4.210805000,72.351072000,125.416777640,118.519015790
avx512_fma,2300,0xAA,25,0.610453717,0.000357225,76.733324000,4.202382000,72.530942000,125.698839784,118.814809297
avx512_fma,2300,0xAA,26,0.610455587,0.000236044,76.659472000,4.178883000,72.480589000,125.577476220,118.731961023
avx512_fma,2300,0xAA,27,0.610425805,0.000171622,76.553393000,4.213307000,72.340086000,125.409824369,118.507581762
avx512_fma,2300,0xAA,28,0.610418202,0.000145824,76.503955000,4.202321000,72.301634000,125.330396051,118.446064970
avx512_fma,2300,0xAA,29,0.610420943,0.000165617,76.288928000,4.191396000,72.097532000,124.977573007,118.111170328
avx512_fma,2300,0xAA,30,0.610448158,0.000275296,76.423938000,4.184743000,72.239195000,125.193166785,118.337968766
avx512_fma,2300,0xAA,31,0.610481086,0.000351863,76.738635000,4.191700000,72.546935000,125.701904315,118.835680120
avx512_fma,2300,0xAA,32,0.610469147,0.000272968,76.516406000,4.194508000,72.321898000,125.340332756,118.469374540
avx512_fma,2300,0xAA,33,0.610456866,0.000323703,76.480517000,4.163442000,72.317075000,125.284063821,118.463857137
avx512_fma,2300,0xAA,34,0.610508528,0.000381189,76.768298000,4.198171000,72.570127000,125.744841275,118.868326362
avx512_fma,2300,0xAA,35,0.610457038,0.000241218,76.232593000,4.162709000,72.069884000,124.877900191,118.058896159
avx512_fma,2300,0xAA,36,0.610442295,0.000155986,76.346118000,4.167714000,72.178404000,125.066887772,118.239520084
avx512_fma,2300,0xAA,37,0.610447858,0.000150067,76.561632000,4.151356000,72.410276000,125.418790573,118.618281817
avx512_fma,2300,0xAA,38,0.610490123,0.000331300,76.643785000,4.171681000,72.472104000,125.544676605,118.711345735
avx512_fma,2300,0xAA,39,0.610473125,0.000302590,76.258533000,4.178029000,72.080504000,124.917101029,118.073181403
avx512_fma,2300,0xAA,40,0.610448749,0.000216243,76.393664000,4.130849000,72.262815000,125.143452358,118.376546859
avx512_fma,2300,0xAA,41,0.610443728,0.000158820,75.850087000,4.184499000,71.665588000,124.254019743,117.399171688
avx512_fma,2300,0xAA,42,0.610472780,0.000200032,76.546496000,4.188893000,72.357603000,125.388876419,118.527156887
avx512_fma,2300,0xAA,43,0.610456970,0.000266457,76.095570000,4.172475000,71.923095000,124.653454295,117.818451657
avx512_fma,2300,0xAA,44,0.610475615,0.000219565,76.699144000,4.167592000,72.531552000,125.638341917,118.811546710
avx512_fma,2300,0xAA,45,0.610459198,0.000181872,76.341663000,4.158742000,72.182921000,125.056127084,118.243645568
avx512_fma,2300,0xAA,46,0.610449601,0.000248290,76.364185000,4.144277000,72.219908000,125.094987162,118.306094200
avx512_fma,2300,0xAA,47,0.610450226,0.000189628,76.651293000,4.185414000,72.465879000,125.565180893,118.708906909
avx512_fma,2300,0xAA,48,0.610480518,0.000287232,76.687792000,4.186025000,72.501767000,125.618737555,118.761802935
avx512_fma,2300,0xAA,49,0.610493976,0.000390524,76.779161000,4.172841000,72.606320000,125.765632467,118.930444628
avx512_fma,2300,0xAA,50,0.610499164,0.000299533,76.445300000,4.186574000,72.258726000,125.217698175,118.360073710
avx512_fma,2300,0xAA,51,0.610498888,0.000306863,77.019761000,4.191944000,72.827817000,126.158724528,119.292300880
avx512_fma,2300,0xAA,52,0.610460758,0.000197950,76.942979000,4.196156000,72.746823000,126.040827345,119.167075110
avx512_fma,2300,0xAA,53,0.610449382,0.000176107,77.050584000,4.154531000,72.896053000,126.219447991,119.413755130
avx512_fma,2300,0xAA,54,0.610448712,0.000221105,76.527392000,4.193959000,72.333433000,125.362525206,118.492236318
avx512_fma,2300,0xAA,55,0.610474244,0.000227345,76.745898000,4.183705000,72.562193000,125.715210398,118.862005627
avx512_fma,2300,0xAA,56,0.610466608,0.000336577,76.484912000,4.202443000,72.282469000,125.289263979,118.405278934
avx512_fma,2300,0xAA,57,0.610475917,0.000271128,76.977525000,4.177846000,72.799679000,126.094286287,119.250697725
avx512_fma,2300,0xAA,58,0.610443261,0.000135104,76.582507000,4.187062000,72.395445000,125.453931411,118.594879526
avx512_fma,2300,0xAA,59,0.610480491,0.000326912,76.587816000,4.211842000,72.375974000,125.454976974,118.555752415
avx512_fma,2300,0xAA,60,0.610521481,0.000463268,76.650072000,4.180104000,72.469968000,125.548526052,118.701749758
avx512_fma,2300,0xAA,61,0.610496512,0.000413941,76.791612000,4.204335000,72.587277000,125.785505000,118.898758032
avx512_fma,2300,0xAA,62,0.610487347,0.000321814,76.916612000,4.210194000,72.706418000,125.992147713,119.095700111
avx512_fma,2300,0xAA,63,0.610487781,0.000230430,76.623461000,4.196889000,72.426572000,125.511866766,118.637218113
avx512_fma,2300,0xAA,64,0.610429891,0.000175180,76.893358000,4.190907000,72.702451000,125.965912200,119.100411240
avx512_fma,2300,0xAA,65,0.610462880,0.000245960,76.327503000,4.204701000,72.122802000,125.032177237,118.144451319
avx512_fma,2300,0xAA,66,0.610421225,0.000116971,76.371204000,4.173146000,72.198058000,125.112301017,118.275798890
avx512_fma,2300,0xAA,67,0.610446125,0.000165963,76.378284000,4.188222000,72.190062000,125.118795671,118.257875719
avx512_fma,2300,0xAA,68,0.610450973,0.000193179,76.585498000,4.202809000,72.382689000,125.457246091,118.572485180
avx512_fma,2300,0xAA,69,0.610415522,0.000124555,76.411609000,4.207325000,72.204284000,125.179662438,118.287103439
avx512_fma,2300,0xAA,70,0.610452662,0.000175664,77.130051000,4.194997000,72.935054000,126.348947013,119.477002203
avx512_fma,2300,0xAA,71,0.610449834,0.000138829,76.652880000,4.176320000,72.476560000,125.567861122,118.726479953
avx512_fma,2300,0xAA,72,0.610442984,0.000179697,76.930101000,4.173207000,72.756894000,126.023400969,119.187042609
avx512_fma,2300,0xAA,73,0.610432654,0.000122296,76.505846000,4.156362000,72.349484000,125.330526582,118.521647714
avx512_fma,2300,0xAA,74,0.610403153,0.000070672,76.431812000,4.185841000,72.245971000,125.215296775,118.357794521
avx512_fma,2300,0xAA,75,0.610464957,0.000268023,76.450976000,4.177297000,72.273679000,125.234012438,118.391200327
avx512_fma,2300,0xAA,76,0.610461761,0.000326096,76.533801000,4.193532000,72.340269000,125.370344121,118.500901560
avx512_fma,2300,0xAA,77,0.610437794,0.000155000,76.521472000,4.208424000,72.313048000,125.355069400,118.460961527
avx512_fma,2300,0xAA,78,0.610484139,0.000278551,76.540149000,4.207142000,72.333007000,125.376146802,118.484662268
avx512_fma,2300,0xAA,79,0.610397540,0.000068623,76.243701000,4.182912000,72.060789000,124.908270392,118.055503590
avx512_fma,2300,0xAA,80,0.610454510,0.000250710,76.668444000,4.183034000,72.485410000,125.592395031,118.740067905
avx512_fma,2300,0xAA,81,0.610456835,0.000167989,76.801623000,4.203297000,72.598326000,125.810079601,118.924585396
avx512_fma,2300,0xAA,82,0.610458440,0.000302615,76.301074000,4.205129000,72.095945000,124.989792968,118.101315840
avx512_fma,2300,0xAA,83,0.610490471,0.000297952,77.035386000,4.213674000,72.821712000,126.186057956,119.283945314
avx512_fma,2300,0xAA,84,0.610423953,0.000161209,76.565600000,4.194020000,72.371580000,125.430202427,118.559534952
avx512_fma,2300,0xAA,85,0.610483177,0.000416569,76.854540000,4.208730000,72.645810000,125.891331563,118.997234950
avx512_fma,2300,0xAA,86,0.610491798,0.000360144,76.680468000,4.189321000,72.491147000,125.604419580,118.742212732
avx512_fma,2300,0xAA,87,0.610444829,0.000277916,76.746446000,4.168629000,72.577817000,125.722165876,118.893327618
avx512_fma,2300,0xAA,88,0.610440543,0.000193896,76.306506000,4.188771000,72.117735000,125.002355924,118.140473880
avx512_fma,2300,0xAA,89,0.610431730,0.000143666,76.765734000,4.197255000,72.568479000,125.756460916,118.880581446
avx512_fma,2300,0xAA,90,0.610447881,0.000253991,76.736742000,4.199330000,72.537412000,125.705640738,118.826544042
avx512_fma,2300,0xAA,91,0.610453962,0.000118663,77.021104000,4.208973000,72.812131000,126.170209026,119.275384418
avx512_fma,2300,0xAA,92,0.610433258,0.000141068,76.651659000,4.198964000,72.452695000,125.569270700,118.690608789
avx512_fma,2300,0xAA,93,0.610506548,0.000318896,76.871690000,4.188100000,72.683590000,125.914603710,119.054562624
avx512_fma,2300,0xAA,94,0.610461788,0.000293223,76.324634000,4.196339000,72.128295000,125.027701080,118.153660674
avx512_fma,2300,0xAA,95,0.610405565,0.000063003,76.243579000,4.172718000,72.070861000,124.906428430,118.070452088
avx512_fma,2300,0xAA,96,0.610473168,0.000259466,76.936082000,4.176808000,72.759274000,126.026967243,119.185048194
avx512_fma,2300,0xAA,97,0.610416495,0.000100421,76.722704000,4.191152000,72.531552000,125.689106769,118.823053779
avx512_fma,2300,0xAA,98,0.610409074,0.000102096,76.610095000,4.193837000,72.416258000,125.506153541,118.635618392
avx512_fma,2300,0xAA,99,0.610408850,0.000112110,76.535204000,4.185536000,72.349668000,125.383509809,118.526571215
avx512_fma,2500,0x00,0,0.561499304,0.000020127,73.281429000,3.852285000,69.429144000,130.510275728,123.649563752
avx512_fma,2500,0x00,1,0.561530675,0.000115259,73.320308000,3.865774000,69.454534000,130.572222037,123.687871509
avx512_fma,2500,0x00,2,0.561518517,0.000024075,73.104366000,3.867666000,69.236700000,130.190481215,123.302612196
avx512_fma,2500,0x00,3,0.561521438,0.000090809,73.361812000,3.878591000,69.483221000,130.648283426,123.740994164
avx512_fma,2500,0x00,4,0.561518517,0.000020838,73.230769000,3.873892000,69.356877000,130.415590501,123.516633688
avx512_fma,2500,0x00,5,0.561524172,0.000112865,73.477962000,3.883290000,69.594672000,130.854494984,123.938871061
avx512_fma,2500,0x00,6,0.561500080,0.000021284,73.302790000,3.869253000,69.433537000,130.548138214,123.657216663
avx512_fma,2500,0x00,7,0.561529185,0.000088419,73.419062000,3.867482000,69.551580000,130.748434724,123.861024234
avx512_fma,2500,0x00,8,0.561538132,0.000117781,73.305415000,3.864187000,69.441228000,130.543966319,123.662533377
avx512_fma,2500,0x00,9,0.561517038,0.000024956,73.244136000,3.857840000,69.386296000,130.439739287,123.569351140
avx512_fma,2500,0x00,10,0.561531004,0.000095248,73.459956000,3.848195000,69.611761000,130.820836982,123.967795976
avx512_fma,2500,0x00,11,0.561535970,0.000022323,73.210140000,3.862234000,69.347906000,130.374800472,123.496818991
avx512_fma,2500,0x00,12,0.561539113,0.000119668,73.214718000,3.866751000,69.347967000,130.382223259,123.496236316
avx512_fma,2500,0x00,13,0.561530289,0.000027101,73.274226000,3.875661000,69.398565000,130.490246913,123.588284402
avx512_fma,2500,0x00,14,0.561534518,0.000094453,73.441158000,3.878164000,69.562994000,130.786542382,123.880174425
avx512_fma,2500,0x00,15,0.561508274,0.000023420,73.204341000,3.861135000,69.343206000,130.370903509,123.494540009
avx512_fma,2500,0x00,16,0.561525678,0.000115442,73.371028000,3.867178000,69.503850000,130.663709298,123.776797178
avx512_fma,2500,0x00,17,0.561527572,0.000096180,73.323054000,3.841848000,69.481206000,130.577833794,123.736053996
avx512_fma,2500,0x00,18,0.561519209,0.000023718,73.226497000,3.865224000,69.361273000,130.407821808,123.524310192
avx512_fma,2500,0x00,19,0.561550953,0.000124988,73.389216000,3.861562000,69.527654000,130.690217104,123.813615832
avx512_fma,2500,0x00,20,0.561515120,0.000025276,73.182796000,3.853018000,69.329778000,130.330944655,123.469120522
avx512_fma,2500,0x00,21,0.561538794,0.000095803,73.456294000,3.869009000,69.587285000,130.812501024,123.922489070
avx512_fma,2500,0x00,22,0.561515679,0.000019206,73.373103000,3.865591000,69.507512000,130.669731453,123.785522973
avx512_fma,2500,0x00,23,0.561510702,0.000110840,73.434139000,3.871450000,69.562689000,130.779589267,123.884885417
avx512_fma,2500,0x00,24,0.561504034,0.000089554,73.218257000,3.831655000,69.386602000,130.396671430,123.572757852
avx512_fma,2500,0x00,25,0.561495306,0.000018720,73.354975000,3.858327000,69.496648000,130.642187400,123.770666021
avx512_fma,2500,0x00,26,0.561507548,0.000113676,73.356563000,3.862783000,69.493780000,130.642167353,123.762860002
avx512_fma,2500,0x00,27,0.561499798,0.000022446,73.244380000,3.854971000,69.389409000,130.444178717,123.578689159
avx512_fma,2500,0x00,28,0.561519657,0.000092724,73.319820000,3.866507000,69.453313000,130.573915122,123.688124120
avx512_fma,2500,0x00,29,0.561506926,0.000019854,73.233089000,3.860097000,69.372992000,130.422414308,123.547882903
avx512_fma,2500,0x00,30,0.561493623,0.000114194,73.469721000,3.871145000,69.598576000,130.846937425,123.952567055
avx512_fma,2500,0x00,31,0.561498976,0.000021502,73.417720000,3.877920000,69.539800000,130.753078975,123.846708415
avx512_fma,2500,0x00,32,0.561500500,0.000091746,73.416988000,3.861501000,69.555487000,130.751420557,123.874310028
avx512_fma,2500,0x00,33,0.561521244,0.000113459,73.542475000,3.874746000,69.667729000,130.970067017,124.069622841
avx512_fma,2500,0x00,34,0.561507626,0.000025084,73.451106000,3.869436000,69.581670000,130.810522565,123.919367717
avx512_fma,2500,0x00,35,0.561519817,0.000095523,73.253230000,3.855520000,69.397710000,130.455288981,123.589066485
avx512_fma,2500,0x00,36,0.561527744,0.000034174,73.367427000,3.858206000,69.509221000,130.656815774,123.785906828
avx512_fma,2500,0x00,37,0.561522188,0.000119126,73.254818000,3.872426000,69.382392000,130.457566242,123.561265286
avx512_fma,2500,0x00,38,0.561514043,0.000017784,73.473445000,3.883108000,69.590337000,130.848811244,123.933386688
avx512_fma,2500,0x00,39,0.561494464,0.000093178,73.302790000,3.868826000,69.433964000,130.549443742,123.659213749
avx512_fma,2500,0x00,40,0.561537204,0.000116496,73.443537000,3.874807000,69.568730000,130.790153251,123.889796568
avx512_fma,2500,0x00,41,0.561528246,0.000025071,73.303035000,3.872060000,69.430975000,130.542026131,123.646451375
avx512_fma,2500,0x00,42,0.561534056,0.000094917,73.407954000,3.877676000,69.530278000,130.727519020,123.822014433
avx512_fma,2500,0x00,43,0.561526613,0.000023766,73.337092000,3.861929000,69.475163000,130.603056514,123.725503592
avx512_fma,2500,0x00,44,0.561548473,0.000119806,73.389888000,3.868581000,69.521307000,130.691991153,123.802860135
avx512_fma,2500,0x00,45,0.561520892,0.000026450,73.276058000,3.863455000,69.412603000,130.495693214,123.615352593
avx512_fma,2500,0x00,46,0.561550592,0.000097038,73.295894000,3.859060000,69.436834000,130.524114839,123.651964666
avx512_fma,2500,0x00,47,0.561538968,0.000115087,73.291804000,3.868093000,69.423711000,130.519533324,123.631154738
avx512_fma,2500,0x00,48,0.561501906,0.000023187,73.209225000,3.868642000,69.340583000,130.381080115,123.491269131
avx512_fma,2500,0x00,49,0.561523627,0.000091044,73.245784000,3.870779000,69.375005000,130.441143560,123.547793368
avx512_fma,2500,0x00,50,0.561511524,0.000022995,73.323116000,3.865408000,69.457708000,130.581676183,123.697742666
avx512_fma,2500,0x00,51,0.561534796,0.000114756,73.368708000,3.878957000,69.489751000,130.657456243,123.749679504
avx512_fma,2500,0x00,52,0.561520695,0.000023788,73.351069000,3.875296000,69.475773000,130.629324373,123.727893963
avx512_fma,2500,0x00,53,0.561535657,0.000092671,73.223751000,3.851858000,69.371893000,130.399111849,123.539604444
avx512_fma,2500,0x00,54,0.561528078,0.000022695,73.379206000,3.860830000,69.518376000,130.677714806,123.802136980
avx512_fma,2500,0x00,55,0.561529900,0.000118066,73.342037000,3.871450000,69.470587000,130.611098308,123.716630180
avx512_fma,2500,0x00,56,0.561524143,0.000092156,73.442134000,3.870474000,69.571660000,130.790696994,123.897896301
avx512_fma,2500,0x00,57,0.561525916,0.000030649,73.293086000,3.876089000,69.416997000,130.524849994,123.622071534
avx512_fma,2500,0x00,58,0.561543778,0.000121323,73.453120000,3.868764000,69.584356000,130.805687577,123.916173080
avx512_fma,2500,0x00,59,0.561514132,0.000025993,73.456110000,3.870779000,69.585331000,130.817918686,123.924451927
avx512_fma,2500,0x00,60,0.561522607,0.000093740,73.491511000,3.870290000,69.621221000,130.878988830,123.986496965
avx512_fma,2500,0x00,61,0.561539110,0.000026820,73.453364000,3.831960000,69.621404000,130.807209517,123.983179040
avx512_fma,2500,0x00,62,0.561546937,0.000118958,73.571101000,3.874563000,69.696538000,131.015051714,124.115249143
avx512_fma,2500,0x00,63,0.561556309,0.000097802,73.352962000,3.848196000,69.504766000,130.624410918,123.771676933
avx512_fma,2500,0x00,64,0.561518565,0.000028283,73.372432000,3.857656000,69.514776000,130.667864901,123.797823125
avx512_fma,2500,0x00,65,0.561541071,0.000121563,73.453242000,3.867239000,69.586003000,130.806535365,123.919703399
avx512_fma,2500,0x00,66,0.561530652,0.000028082,73.299739000,3.854116000,69.445623000,130.535597125,123.672007427
avx512_fma,2500,0x00,67,0.561527308,0.000089179,73.462397000,3.865225000,69.597172000,130.826045240,123.942631121
avx512_fma,2500,0x00,68,0.561514166,0.000024032,73.420039000,3.850026000,69.570013000,130.753671916,123.897164574
avx512_fma,2500,0x00,69,0.561531766,0.000116775,73.622676000,3.882986000,69.739690000,131.110438330,124.195449306
avx512_fma,2500,0x00,70,0.561523028,0.000030801,73.362361000,3.875417000,69.486944000,130.648891315,123.747274089
avx512_fma,2500,0x00,71,0.561553442,0.000099928,73.527034000,3.872671000,69.654363000,130.935060632,124.038707215
avx512_fma,2500,0x00,72,0.561548433,0.000117189,73.419795000,3.866140000,69.553655000,130.745258525,123.860473927
avx512_fma,2500,0x00,73,0.561518800,0.000027047,73.365473000,3.861684000,69.503789000,130.655416942,123.778204644
avx512_fma,2500,0x00,74,0.561525772,0.000088123,73.334529000,3.867910000,69.466619000,130.598687844,123.710473280
avx512_fma,2500,0x00,75,0.561523801,0.000025068,73.322200000,3.860159000,69.462041000,130.577189873,123.702754645
avx512_fma,2500,0x00,76,0.561527022,0.000114799,73.372493000,3.854238000,69.518255000,130.666005673,123.802154333
avx512_fma,2500,0x00,77,0.561509630,0.000029995,73.416316000,3.872000000,69.544316000,130.748097775,123.852401257
avx512_fma,2500,0x00,78,0.561508771,0.000090440,73.483759000,3.871083000,69.612676000,130.868408101,123.974334135
avx512_fma,2500,0x00,79,0.561497069,0.000021895,73.296565000,3.865285000,69.431280000,130.537751747,123.653860070
avx512_fma,2500,0x00,80,0.561512052,0.000110452,73.399775000,3.857961000,69.541814000,130.718075818,123.847411180
avx512_fma,2500,0x00,81,0.561527359,0.000088281,73.400874000,3.871938000,69.528936000,130.716469785,123.821101392
avx512_fma,2500,0x00,82,0.561509160,0.000021804,73.410883000,3.868338000,69.542545000,130.738531579,123.849350996
avx512_fma,2500,0x00,83,0.561533317,0.000116600,73.410639000,3.854116000,69.556523000,130.732472596,123.868915471
avx512_fma,2500,0x00,84,0.561504926,0.000023635,73.271114000,3.862844000,69.408270000,130.490598809,123.611150700
avx512_fma,2500,0x00,85,0.561517667,0.000090808,73.431086000,3.866323000,69.564763000,130.772529975,123.887042262
avx512_fma,2500,0x00,86,0.561501133,0.000024132,73.206416000,3.852102000,69.354314000,130.376257044,123.515893323
avx512_fma,2500,0x00,87,0.561504948,0.000111265,73.369258000,3.863027000,69.506231000,130.665381114,123.785607365
avx512_fma,2500,0x00,88,0.561531102,0.000095815,73.386836000,3.867788000,69.519048000,130.690598904,123.802666984
avx512_fma,2500,0x00,89,0.561515287,0.000021917,73.245662000,3.852468000,69.393194000,130.442863574,123.582020979
avx512_fma,2500,0x00,90,0.561554709,0.000121664,73.339167000,3.833913000,69.505254000,130.600217163,123.772898407
avx512_fma,2500,0x00,91,0.561526204,0.000023438,73.280330000,3.854299000,69.426031000,130.502066389,123.638096426
avx512_fma,2500,0x00,92,0.561526690,0.000094451,73.403132000,3.859732000,69.543400000,130.720646708,123.847007268
avx512_fma,2500,0x00,93,0.561525932,0.000027075,73.357539000,3.855153000,69.502386000,130.639628242,123.774134094
avx512_fma,2500,0x00,94,0.561528679,0.000113957,73.385677000,3.862600000,69.523077000,130.689098809,123.810376234
avx512_fma,2500,0x00,95,0.561529476,0.000093017,73.492793000,3.870718000,69.622075000,130.879670915,123.986501158
avx512_fma,2500,0x00,96,0.561510168,0.000022547,73.316279000,3.872548000,69.443731000,130.569815500,123.673149647
avx512_fma,2500,0x00,97,0.561527722,0.000118167,73.300472000,3.864370000,69.436102000,130.537583715,123.655697301
avx512_fma,2500,0x00,98,0.561518067,0.000020813,73.287288000,3.845937000,69.441351000,130.516348938,123.667171281
avx512_fma,2500,0x00,99,0.561527397,0.000096250,73.306697000,3.872366000,69.434331000,130.548745185,123.652615051
avx512_fma,2500,0xAA,0,0.561516096,0.000019300,73.420772000,3.874074000,69.546698000,130.754527927,123.855217239
avx512_fma,2500,0xAA,1,0.561503403,0.000088803,73.279048000,3.877187000,69.401861000,130.505082645,123.600071954
avx512_fma,2500,0xAA,2,0.561488174,0.000023884,73.367915000,3.866568000,69.501347000,130.666892636,123.780606912
avx512_fma,2500,0xAA,3,0.561517152,0.000115841,73.346675000,3.857656000,69.489019000,130.622323284,123.752264223
avx512_fma,2500,0xAA,4,0.561520148,0.000024819,73.274715000,3.841482000,69.433233000,130.493474263,123.652255809
avx512_fma,2500,0xAA,5,0.561542372,0.000099179,73.378779000,3.874990000,69.503789000,130.673627956,123.773008887
avx512_fma,2500,0xAA,6,0.561538187,0.000113703,73.442683000,3.874441000,69.568242000,130.788403615,123.888710785
avx512_fma,2500,0xAA,7,0.561501550,0.000022961,73.307673000,3.874196000,69.433477000,130.556492593,123.656785909
avx512_fma,2500,0xAA,8,0.561549044,0.000088488,73.356196000,3.867665000,69.488531000,130.631859890,123.744367082
avx512_fma,2500,0xAA,9,0.561540614,0.000028621,73.285701000,3.865712000,69.419989000,130.508282278,123.624164012
avx512_fma,2500,0xAA,10,0.561548958,0.000125724,73.340266000,3.871084000,69.469182000,130.603511784,123.709929412
avx512_fma,2500,0xAA,11,0.561543814,0.000026294,73.411067000,3.849539000,69.561528000,130.730790951,123.875512873
avx512_fma,2500,0xAA,12,0.561551782,0.000102225,73.472285000,3.872060000,69.600225000,130.837951741,123.942665996
avx512_fma,2500,0xAA,13,0.561553519,0.000023203,73.324702000,3.869009000,69.455693000,130.574735063,123.684903788
avx512_fma,2500,0xAA,14,0.561545090,0.000126559,73.402827000,3.863515000,69.539312000,130.715820067,123.835669095
avx512_fma,2500,0xAA,15,0.561541734,0.000096856,73.304317000,3.855215000,69.449102000,130.541173633,123.675762272
avx512_fma,2500,0xAA,16,0.561529878,0.000028844,73.272091000,3.855703000,69.416388000,130.486540243,123.620114871
avx512_fma,2500,0xAA,17,0.561554614,0.000125745,73.446468000,3.874441000,69.572027000,130.791317758,123.891826771
avx512_fma,2500,0xAA,18,0.561536022,0.000029680,73.357722000,3.834036000,69.523686000,130.637606784,123.809841776
avx512_fma,2500,0xAA,19,0.561544549,0.000103293,73.333674000,3.861562000,69.472112000,130.592798274,123.716118574
avx512_fma,2500,0xAA,20,0.561530579,0.000026323,73.292048000,3.872610000,69.419438000,130.521917609,123.625392036
avx512_fma,2500,0xAA,21,0.561556617,0.000123240,73.417293000,3.865041000,69.552252000,130.738897467,123.856170274
avx512_fma,2500,0xAA,22,0.561545031,0.000097943,73.366695000,3.869375000,69.497320000,130.651489988,123.760902793
avx512_fma,2500,0xAA,23,0.561533835,0.000027378,73.218745000,3.860647000,69.358098000,130.390620300,123.515438855
avx512_fma,2500,0xAA,24,0.561547940,0.000120716,73.287166000,3.863272000,69.423894000,130.509188675,123.629505343
avx512_fma,2500,0xAA,25,0.561532787,0.000031953,73.300106000,3.859060000,69.441046000,130.535754534,123.663386452
avx512_fma,2500,0xAA,26,0.561541457,0.000099902,73.373042000,3.828115000,69.544927000,130.663624435,123.846469700
avx512_fma,2500,0xAA,27,0.561533505,0.000028622,73.238094000,3.850026000,69.388068000,130.425154131,123.568882934
avx512_fma,2500,0xAA,28,0.561557863,0.000122759,73.308772000,3.843008000,69.465764000,130.545357623,123.701881187
avx512_fma,2500,0xAA,29,0.561524148,0.000028024,73.314754000,3.856557000,69.458197000,130.563848860,123.695832563
avx512_fma,2500,0xAA,30,0.561544096,0.000103650,73.379817000,3.852712000,69.527105000,130.675075182,123.814150055
avx512_fma,2500,0xAA,31,0.561579630,0.000120415,73.456721000,3.849051000,69.607670000,130.803749077,123.949777183
avx512_fma,2500,0xAA,32,0.561545446,0.000041402,73.323481000,3.860830000,69.462651000,130.574438034,123.699072861
avx512_fma,2500,0xAA,33,0.561560910,0.000092349,73.330501000,3.836416000,69.494085000,130.583343124,123.751642534
avx512_fma,2500,0xAA,34,0.561536666,0.000026845,73.296992000,3.849172000,69.447820000,130.529307169,123.674595391
avx512_fma,2500,0xAA,35,0.561546936,0.000124042,73.430598000,3.849905000,69.580693000,130.764844934,123.908953194
avx512_fma,2500,0xAA,36,0.561534685,0.000028442,73.242366000,3.846609000,69.395757000,130.432487988,123.582316296
avx512_fma,2500,0xAA,37,0.561545774,0.000098884,73.367915000,3.849111000,69.518804000,130.653489643,123.798997674
avx512_fma,2500,0xAA,38,0.561561350,0.000123931,73.461909000,3.854116000,69.607793000,130.817245541,123.954031040
avx512_fma,2500,0xAA,39,0.561533878,0.000028540,73.332637000,3.841604000,69.491033000,130.593433299,123.752164851
avx512_fma,2500,0xAA,40,0.561545468,0.000099459,73.315059000,3.849721000,69.465338000,130.559434949,123.703852953
avx512_fma,2500,0xAA,41,0.561544361,0.000031391,73.372127000,3.867910000,69.504217000,130.661319229,123.773332688
avx512_fma,2500,0xAA,42,0.561544403,0.000123956,73.234066000,3.847097000,69.386969000,130.415450069,123.564527895
avx512_fma,2500,0xAA,43,0.561548000,0.000029796,73.320980000,3.872366000,69.448614000,130.569390303,123.673513193
avx512_fma,2500,0xAA,44,0.561543317,0.000102016,73.171321000,3.853018000,69.318303000,130.303965565,123.442485987
avx512_fma,2500,0xAA,45,0.561533370,0.000028171,73.194575000,3.852590000,69.341985000,130.347685278,123.486846359
avx512_fma,2500,0xAA,46,0.561544419,0.000123479,73.278071000,3.865164000,69.412907000,130.493810425,123.610714686
avx512_fma,2500,0xAA,47,0.561548879,0.000100371,73.420405000,3.855398000,69.565007000,130.746240814,123.880590926
avx512_fma,2500,0xAA,48,0.561519175,0.000029027,73.224117000,3.829519000,69.394598000,130.403591293,123.583665687
avx512_fma,2500,0xAA,49,0.561553380,0.000125541,73.295894000,3.861989000,69.433905000,130.523466946,123.646134996
avx512_fma,2500,0xAA,50,0.561522610,0.000022158,73.328365000,3.854971000,69.473394000,130.588445840,123.723235200
avx512_fma,2500,0xAA,51,0.561544954,0.000101195,73.246455000,3.857595000,69.388860000,130.437384268,123.567773973
avx512_fma,2500,0xAA,52,0.561548348,0.000028475,73.280391000,3.855520000,69.424871000,130.497028871,123.631155233
avx512_fma,2500,0xAA,53,0.561561779,0.000120869,73.373897000,3.870596000,69.503301000,130.660418389,123.767862406
avx512_fma,2500,0xAA,54,0.561548132,0.000100763,73.264522000,3.861746000,69.402776000,130.468819840,123.591856347
avx512_fma,2500,0xAA,55,0.561525530,0.000024604,73.208125000,3.832388000,69.375737000,130.373636022,123.548678297
avx512_fma,2500,0xAA,56,0.561552543,0.000124823,73.261592000,3.860708000,69.400884000,130.462577312,123.587516285
avx512_fma,2500,0xAA,57,0.561522808,0.000028340,73.349238000,3.855276000,69.493962000,130.625572050,123.759820658
avx512_fma,2500,0xAA,58,0.561545482,0.000103869,73.449397000,3.841360000,69.608037000,130.798660683,123.957968128
avx512_fma,2500,0xAA,59,0.561537087,0.000028747,73.323665000,3.828421000,69.495244000,130.576709436,123.758956716
avx512_fma,2500,0xAA,60,0.561530802,0.000119664,73.361201000,3.855520000,69.505681000,130.645016575,123.778928405
avx512_fma,2500,0xAA,61,0.561528135,0.000024288,73.232601000,3.835928000,69.396673000,130.416619260,123.585388979
avx512_fma,2500,0xAA,62,0.561531859,0.000094219,73.257076000,3.838491000,69.418585000,130.459340592,123.623591309
avx512_fma,2500,0xAA,63,0.561548082,0.000116682,73.399104000,3.838125000,69.560979000,130.708493860,123.873593832
avx512_fma,2500,0xAA,64,0.561513942,0.000021974,73.334529000,3.821097000,69.513432000,130.601439270,123.796448843
avx512_fma,2500,0xAA,65,0.561533139,0.000102217,73.506648000,3.787099000,69.719549000,130.903490697,124.159277865
avx512_fma,2500,0xAA,66,0.561509494,0.000024054,73.407343000,3.841848000,69.565495000,130.732149245,123.890149173
avx512_fma,2500,0xAA,67,0.561538297,0.000124199,73.410579000,3.814871000,69.595708000,130.731206288,123.937598413
avx512_fma,2500,0xAA,68,0.561508844,0.000022368,73.351191000,3.839162000,69.512029000,130.632298701,123.795074243
avx512_fma,2500,0xAA,69,0.561522672,0.000095185,73.457454000,3.797903000,69.659551000,130.818322522,124.054743437
avx512_fma,2500,0xAA,70,0.561543833,0.000117882,73.508723000,3.810720000,69.698003000,130.904692968,124.118544178
avx512_fma,2500,0xAA,71,0.561520460,0.000022870,73.402277000,3.840017000,69.562260000,130.720574278,123.881968611
avx512_fma,2500,0xAA,72,0.561544140,0.000098860,73.410884000,3.862112000,69.548772000,130.730389203,123.852725055
avx512_fma,2500,0xAA,73,0.561538693,0.000027960,73.456416000,3.864004000,69.592412000,130.812741746,123.931641566
avx512_fma,2500,0xAA,74,0.561541550,0.000125889,73.437434000,3.845083000,69.592351000,130.778272658,123.930902242
avx512_fma,2500,0xAA,75,0.561539501,0.000024136,73.339717000,3.847402000,69.492315000,130.604733759,123.753208632
avx512_fma,2500,0xAA,76,0.561547173,0.000101411,73.430903000,3.833791000,69.597112000,130.765332937,123.938139807
avx512_fma,2500,0xAA,77,0.561519742,0.000020944,73.320552000,3.813100000,69.507452000,130.575198929,123.784520497
avx512_fma,2500,0xAA,78,0.561548387,0.000125510,73.401851000,3.842642000,69.559209000,130.713314698,123.870374552
avx512_fma,2500,0xAA,79,0.561536634,0.000097088,73.340693000,3.844412000,69.496281000,130.607138733,123.760903296
avx512_fma,2500,0xAA,80,0.561528568,0.000029711,73.324580000,3.835195000,69.489385000,130.580319866,123.750400215
avx512_fma,2500,0xAA,81,0.561557634,0.000123978,73.519953000,3.831472000,69.688481000,130.921473623,124.098537264
avx512_fma,2500,0xAA,82,0.561525475,0.000025592,73.371028000,3.830801000,69.540227000,130.663756518,123.841624366
avx512_fma,2500,0xAA,83,0.561538078,0.000097728,73.401423000,3.830556000,69.570867000,130.714952190,123.893409447
avx512_fma,2500,0xAA,84,0.561530893,0.000025769,73.446467000,3.791189000,69.655278000,130.796841036,124.045317577
avx512_fma,2500,0xAA,85,0.561533970,0.000118206,73.467219000,3.856741000,69.610478000,130.833080238,123.964856402
avx512_fma,2500,0xAA,86,0.561532057,0.000089532,73.489253000,3.829641000,69.659612000,130.872765156,124.052778739
avx512_fma,2500,0xAA,87,0.561508092,0.000022640,73.334651000,3.801382000,69.533269000,130.603017213,123.833066691
avx512_fma,2500,0xAA,88,0.561530028,0.000114521,73.595759000,3.850576000,69.745183000,131.062909045,124.205615922
avx512_fma,2500,0xAA,89,0.561510059,0.000024698,73.452082000,3.863699000,69.588383000,130.811693947,123.930786050
avx512_fma,2500,0xAA,90,0.561532200,0.000094203,73.385859000,3.856374000,69.529485000,130.688603340,123.821011424
avx512_fma,2500,0xAA,91,0.561515808,0.000024736,73.372371000,3.835867000,69.536504000,130.668397794,123.837126183
avx512_fma,2500,0xAA,92,0.561531211,0.000119810,73.394710000,3.863333000,69.531377000,130.704595908,123.824598989
avx512_fma,2500,0xAA,93,0.561531947,0.000029365,73.377315000,3.866506000,69.510809000,130.673446687,123.787808181
avx512_fma,2500,0xAA,94,0.561516495,0.000098894,73.322932000,3.858877000,69.464055000,130.580192401,123.707950834
avx512_fma,2500,0xAA,95,0.561520971,0.000112297,73.288692000,3.863088000,69.425604000,130.518174385,123.638488318
avx512_fma,2500,0xAA,96,0.561503484,0.000021296,73.242366000,3.846181000,69.396185000,130.439735648,123.589945557
avx512_fma,2500,0xAA,97,0.561519325,0.000090282,73.285762000,3.857656000,69.428106000,130.513338958,123.643306480
avx512_fma,2500,0xAA,98,0.561509748,0.000020716,73.362300000,3.848379000,69.513921000,130.651872461,123.798244340
avx512_fma,2500,0xAA,99,0.561530179,0.000121918,73.515803000,3.850088000,69.665715000,130.920484371,124.064062142
avx512_fma,2700,0x00,0,0.520035808,0.000219794,74.245415000,3.592582000,70.652833000,142.769812813,135.861476997
avx512_fma,2700,0x00,1,0.520044447,0.000167321,73.872431000,3.565360000,70.307071000,142.050225594,135.194350060
avx512_fma,2700,0x00,2,0.520440476,0.002025509,75.021414000,3.654531000,71.366883000,144.149845201,137.127849082
avx512_fma,2700,0x00,3,0.520077326,0.000131612,73.950983000,3.590384000,70.360599000,142.192284385,135.288726351
avx512_fma,2700,0x00,4,0.520149721,0.000198847,73.926019000,3.582327000,70.343692000,142.124499986,135.237392571
avx512_fma,2700,0x00,5,0.520166302,0.000096254,73.809686000,3.583975000,70.225711000,141.896323842,135.006267743
avx512_fma,2700,0x00,6,0.520197916,0.000093452,74.049982000,3.582327000,70.467655000,142.349632232,135.463162888
avx512_fma,2700,0x00,7,0.520141118,0.000141902,73.862848000,3.575247000,70.287601000,142.005401053,135.131791413
avx512_fma,2700,0x00,8,0.520171187,0.000131921,74.633476000,3.569632000,71.063844000,143.478681503,136.616263721
avx512_fma,2700,0x00,9,0.519982196,0.000145176,74.090692000,3.576040000,70.514652000,142.486978672,135.609743199
avx512_fma,2700,0x00,10,0.520156604,0.000177096,74.114739000,3.574454000,70.540285000,142.485433010,135.613552561
avx512_fma,2700,0x00,11,0.520192415,0.000140651,73.982537000,3.578360000,70.404177000,142.221483515,135.342567376
avx512_fma,2700,0x00,12,0.520197233,0.000065269,74.018975000,3.572073000,70.446902000,142.290212728,135.423446104
avx512_fma,2700,0x00,13,0.520097331,0.000195243,74.119927000,3.577566000,70.542361000,142.511646439,135.632999339
avx512_fma,2700,0x00,14,0.520119109,0.000144873,73.922846000,3.566275000,70.356571000,142.126764334,135.270113733
avx512_fma,2700,0x00,15,0.520223762,0.000140083,74.054376000,3.586965000,70.467411000,142.351006121,135.455963529
avx512_fma,2700,0x00,16,0.520068755,0.000156116,74.075616000,3.549124000,70.526492000,142.434274839,135.609938700
avx512_fma,2700,0x00,17,0.520216190,0.000097100,74.077997000,3.574026000,70.503971000,142.398484447,135.528213835
avx512_fma,2700,0x00,18,0.520042561,0.000164459,73.929437000,3.573904000,70.355533000,142.160358698,135.288028877
avx512_fma,2700,0x00,19,0.520147435,0.000176259,74.229302000,3.580680000,70.648622000,142.708195773,135.824224502
avx512_fma,2700,0x00,20,0.520165085,0.000093727,73.722467000,3.570426000,70.152041000,141.728980244,134.864955523
avx512_fma,2700,0x00,21,0.520231636,0.000104768,73.846979000,3.579398000,70.267581000,141.950188809,135.069796018
avx512_fma,2700,0x00,22,0.520012717,0.000152233,74.036737000,3.584036000,70.452701000,142.374858547,135.482650176
avx512_fma,2700,0x00,23,0.520212774,0.000133854,74.301629000,3.570059000,70.731570000,142.829305013,135.966615020
avx512_fma,2700,0x00,24,0.520072397,0.000161147,73.970147000,3.540091000,70.430056000,142.230480722,135.423561104
avx512_fma,2700,0x00,25,0.520196230,0.000133994,73.810053000,3.568167000,70.241886000,141.888865581,135.029594422
avx512_fma,2700,0x00,26,0.520002049,0.000145343,73.996088000,3.576468000,70.419620000,142.299608584,135.421812605
avx512_fma,2700,0x00,27,0.520179424,0.000165913,73.828974000,3.585745000,70.243229000,141.929823707,135.036538752
avx512_fma,2700,0x00,28,0.520171978,0.000034245,74.062127000,3.575613000,70.486514000,142.380078373,135.506172913
avx512_fma,2700,0x00,29,0.520080400,0.000193474,74.102410000,3.594229000,70.508181000,142.482604691,135.571694374
avx512_fma,2700,0x00,30,0.520189498,0.000064448,74.116388000,3.585440000,70.530948000,142.479592944,135.587027811
avx512_fma,2700,0x00,31,0.520063411,0.000210717,74.456291000,3.594962000,70.861329000,143.167716631,136.255171109
avx512_fma,2700,0x00,32,0.520086597,0.000150078,74.157220000,3.564261000,70.592959000,142.586293221,135.733086426
avx512_fma,2700,0x00,33,0.520212822,0.000130282,73.962823000,3.583486000,70.379337000,142.178008583,135.289508623
avx512_fma,2700,0x00,34,0.520072564,0.000210661,74.031487000,3.580985000,70.450502000,142.348380003,135.462831242
avx512_fma,2700,0x00,35,0.520058718,0.000146230,74.085381000,3.564322000,70.521059000,142.455800461,135.602108994
avx512_fma,2700,0x00,36,0.520184572,0.000087362,74.068841000,3.577017000,70.491824000,142.389538188,135.513100109
avx512_fma,2700,0x00,37,0.520131599,0.000104393,74.285638000,3.575980000,70.709658000,142.820851894,135.945707200
avx512_fma,2700,0x00,38,0.520151069,0.000151280,74.331475000,3.582633000,70.748842000,142.903628273,136.015950416
avx512_fma,2700,0x00,39,0.520144591,0.000095030,74.274285000,3.574331000,70.699954000,142.795457802,135.923655111
avx512_fma,2700,0x00,40,0.520199129,0.000099142,73.931390000,3.546988000,70.384402000,142.121326034,135.302806350
avx512_fma,2700,0x00,41,0.519989282,0.000156301,74.108880000,3.579154000,70.529726000,142.520014441,135.636884109
avx512_fma,2700,0x00,42,0.520185474,0.000143190,74.094842000,3.570914000,70.523928000,142.439275487,135.574581681
avx512_fma,2700,0x00,43,0.520106700,0.000146792,73.820306000,3.551504000,70.268802000,141.933003470,135.104589218
avx512_fma,2700,0x00,44,0.520191406,0.000093177,73.883295000,3.569632000,70.313663000,142.030979680,135.168828634
avx512_fma,2700,0x00,45,0.520130768,0.000101924,74.473930000,3.580496000,70.893434000,143.183088901,136.299250798
avx512_fma,2700,0x00,46,0.520214573,0.000148103,74.946708000,3.588431000,71.358277000,144.068836055,137.170853592
avx512_fma,2700,0x00,47,0.520015486,0.000157012,74.062860000,3.555350000,70.507510000,142.424335299,135.587327378
avx512_fma,2700,0x00,48,0.520289524,0.000623953,74.498772000,3.577261000,70.921511000,143.187145991,136.311626042
avx512_fma,2700,0x00,49,0.520103500,0.000097519,74.063104000,3.584585000,70.478519000,142.400703005,135.508642095
avx512_fma,2700,0x00,50,0.520149796,0.000166561,74.059503000,3.579824000,70.479679000,142.381105636,135.498811285
avx512_fma,2700,0x00,51,0.520188215,0.000056256,73.918695000,3.583060000,70.335635000,142.099903108,135.211896240
avx512_fma,2700,0x00,52,0.520057818,0.000173854,74.181145000,3.577871000,70.603274000,142.640188251,135.760432041
avx512_fma,2700,0x00,53,0.520116535,0.000119035,74.163445000,3.569571000,70.593874000,142.590054273,135.727032705
avx512_fma,2700,0x00,54,0.520183894,0.000168189,74.969596000,3.584464000,71.385132000,144.121332580,137.230569446
avx512_fma,2700,0x00,55,0.520191614,0.000040781,74.359490000,3.551810000,70.807680000,142.946345083,136.118457238
avx512_fma,2700,0x00,56,0.520046634,0.000190036,74.005121000,3.580680000,70.424441000,142.304778510,135.419472906
avx512_fma,2700,0x00,57,0.520179299,0.000095265,74.211236000,3.579276000,70.631960000,142.664723873,135.783873347
avx512_fma,2700,0x00,58,0.520201963,0.000153587,74.426689000,3.588797000,70.837892000,143.072680024,136.173826780
avx512_fma,2700,0x00,59,0.520188488,0.000147362,74.258905000,3.580862000,70.678043000,142.753841604,135.870063736
avx512_fma,2700,0x00,60,0.520013017,0.000150962,74.105157000,3.597770000,70.507387000,142.506350108,135.587734832
avx512_fma,2700,0x00,61,0.520182804,0.000170560,75.017691000,3.599356000,71.418335000,144.214092435,137.294686466
avx512_fma,2700,0x00,62,0.520143456,0.000111964,74.741813000,3.589224000,71.152589000,143.694613722,136.794163551
avx512_fma,2700,0x00,63,0.520197938,0.000111644,74.153924000,3.546560000,70.607364000,142.549438683,135.731726147
avx512_fma,2700,0x00,64,0.520086716,0.000156750,74.389824000,3.571951000,70.817873000,143.033501350,136.165510128
avx512_fma,2700,0x00,65,0.520224856,0.000120307,74.530998000,3.567312000,70.963686000,143.266891500,136.409641296
avx512_fma,2700,0x00,66,0.520074624,0.000169935,74.932242000,3.583243000,71.348999000,144.079788728,137.189925558
avx512_fma,2700,0x00,67,0.520069034,0.000183531,74.097223000,3.588980000,70.508243000,142.475744727,135.574776275
avx512_fma,2700,0x00,68,0.520130190,0.000121029,74.481376000,3.584036000,70.897340000,143.197563711,136.306911967
avx512_fma,2700,0x00,69,0.520203419,0.000112423,74.770072000,3.585562000,71.184510000,143.732373199,136.839757989
avx512_fma,2700,0x00,70,0.520082468,0.000167824,74.122858000,3.580985000,70.541873000,142.521354775,135.635937140
avx512_fma,2700,0x00,71,0.520211133,0.000114907,74.509758000,3.550650000,70.959108000,143.229841149,136.404439361
avx512_fma,2700,0x00,72,0.520047857,0.000152612,74.639457000,3.578848000,71.060609000,143.524208438,136.642441783
avx512_fma,2700,0x00,73,0.520194595,0.000153791,74.174432000,3.581656000,70.592776000,142.589778301,135.704554900
avx512_fma,2700,0x00,74,0.520187049,0.000085252,74.137627000,3.564871000,70.572756000,142.521093378,135.668037336
avx512_fma,2700,0x00,75,0.520066960,0.000194471,74.366936000,3.573966000,70.792970000,142.994925154,136.122798532
avx512_fma,2700,0x00,76,0.519934845,0.000026381,74.871147000,3.568228000,71.302919000,144.001017991,137.138181171
avx512_fma,2700,0x00,77,0.519981076,0.000194147,75.122489000,3.573233000,71.549256000,144.471582565,137.599730564
avx512_fma,2700,0x00,78,0.520171932,0.000089318,74.182549000,3.574454000,70.608095000,142.611595306,135.739917342
avx512_fma,2700,0x00,79,0.520185975,0.000155616,74.437919000,3.551810000,70.886109000,143.098665819,136.270703954
avx512_fma,2700,0x00,80,0.520157239,0.000099282,74.287224000,3.582205000,70.705019000,142.816860758,135.930087432
avx512_fma,2700,0x00,81,0.520185099,0.000173131,74.366570000,3.585562000,70.781008000,142.961746086,136.068888123
avx512_fma,2700,0x00,82,0.520191594,0.000130322,74.738701000,3.581351000,71.157350000,143.675334105,136.790657297
avx512_fma,2700,0x00,83,0.520000640,0.000142674,74.512504000,3.572317000,70.940187000,143.293100454,136.423268530
avx512_fma,2700,0x00,84,0.520065354,0.000207323,74.920401000,3.566947000,71.353454000,144.059588671,137.200937212
avx512_fma,2700,0x00,85,0.520040192,0.000147646,74.398614000,3.564261000,70.834353000,143.063199919,136.209381594
avx512_fma,2700,0x00,86,0.520213285,0.000096927,74.356499000,3.571890000,70.784609000,142.934640858,136.068437888
avx512_fma,2700,0x00,87,0.520098782,0.000155959,73.940363000,3.538565000,70.401798000,142.165999160,135.362358924
avx512_fma,2700,0x00,88,0.520210423,0.000132776,74.465691000,3.580862000,70.884829000,143.145326653,136.261839052
avx512_fma,2700,0x00,89,0.519994669,0.000136586,74.701835000,3.572562000,71.129273000,143.658847839,136.788465863
avx512_fma,2700,0x00,90,0.520068037,0.000195215,74.372430000,3.572988000,70.799442000,143.005193110,136.134961238
avx512_fma,2700,0x00,91,0.520090287,0.000150718,74.091729000,3.585624000,70.506105000,142.459359206,135.565125473
avx512_fma,2700,0x00,92,0.520164750,0.000171032,74.915763000,3.582938000,71.332825000,144.023144491,137.135061442
avx512_fma,2700,0x00,93,0.520151633,0.000088957,74.266960000,3.581106000,70.685854000,142.779442193,135.894707485
avx512_fma,2700,0x00,94,0.520237904,0.000187609,74.521171000,3.570242000,70.950929000,143.244408704,136.381698452
avx512_fma,2700,0x00,95,0.519986109,0.000140211,74.516838000,3.541434000,70.975404000,143.305439683,136.494807750
avx512_fma,2700,0x00,96,0.519986720,0.000190697,74.089471000,3.579946000,70.509525000,142.483390651,135.598703292
avx512_fma,2700,0x00,97,0.520024199,0.000156375,74.266717000,3.575613000,70.691104000,142.813963675,135.938104802
avx512_fma,2700,0x00,98,0.520103345,0.000167680,74.139825000,3.575980000,70.563845000,142.548256551,135.672738373
avx512_fma,2700,0x00,99,0.520148718,0.000108865,74.330376000,3.582022000,70.748354000,142.902161360,136.015627033
avx512_fma,2700,0xAA,0,0.520043339,0.000192668,74.157647000,3.591300000,70.566347000,142.598974833,135.693204234
avx512_fma,2700,0xAA,1,0.520032823,0.000159265,74.367974000,3.562186000,70.805788000,143.006307823,136.156382510
avx512_fma,2700,0xAA,2,0.520086219,0.000205261,74.583733000,3.549003000,71.034730000,143.406478148,136.582603816
avx512_fma,2700,0xAA,3,0.520128994,0.000136093,74.330376000,3.570548000,70.759828000,142.907580463,136.042844899
avx512_fma,2700,0xAA,4,0.520223294,0.000099428,74.865592000,3.579703000,71.285889000,143.910495510,137.029406097
avx512_fma,2700,0xAA,5,0.520143128,0.000140680,74.765616000,3.574026000,71.191590000,143.740466699,136.869231060
avx512_fma,2700,0xAA,6,0.520205087,0.000126291,74.923087000,3.587088000,71.335999000,144.026056006,137.130529435
avx512_fma,2700,0xAA,7,0.519990654,0.000146679,74.519768000,3.583120000,70.936648000,143.309821912,136.419082677
avx512_fma,2700,0xAA,8,0.520029900,0.000276919,74.468681000,3.591177000,70.877504000,143.200767869,136.295055333
avx512_fma,2700,0xAA,9,0.520037001,0.000148524,74.180779000,3.586722000,70.594057000,142.645194114,135.748142576
avx512_fma,2700,0xAA,10,0.520184355,0.000130920,74.698356000,3.551993000,71.146363000,143.599774323,136.771439397
avx512_fma,2700,0xAA,11,0.520023985,0.000143366,74.516716000,3.575736000,70.940980000,143.294767580,136.418669349
avx512_fma,2700,0xAA,12,0.520197423,0.000095605,74.958122000,3.585195000,71.372927000,144.095527254,137.203538100
avx512_fma,2700,0xAA,13,0.520017913,0.000153849,74.612052000,3.584158000,71.027894000,143.479772871,136.587398757
avx512_fma,2700,0xAA,14,0.520068106,0.000202076,75.122977000,3.575735000,71.547242000,144.448344697,137.572831739
avx512_fma,2700,0xAA,15,0.520092880,0.000146993,74.553581000,3.577262000,70.976319000,143.346667106,136.468545650
avx512_fma,2700,0xAA,16,0.520198887,0.000096709,74.436943000,3.578116000,70.858827000,143.093237859,136.214876346
avx512_fma,2700,0xAA,17,0.520008059,0.000158216,74.471855000,3.569083000,70.902772000,143.212886156,136.349371378
avx512_fma,2700,0xAA,18,0.520030422,0.000207737,74.475151000,3.573966000,70.901185000,143.213065637,136.340456176
avx512_fma,2700,0xAA,19,0.520033697,0.000151165,74.188897000,3.569999000,70.618898000,142.661710918,135.796773092
avx512_fma,2700,0xAA,20,0.520183689,0.000114110,74.709831000,3.572744000,71.137087000,143.622017741,136.753782393
avx512_fma,2700,0xAA,21,0.520049189,0.000144290,74.351006000,3.582633000,70.768373000,142.969179787,136.080152603
avx512_fma,2700,0xAA,22,0.520226199,0.000117343,74.752189000,3.579092000,71.173097000,143.691703892,136.811827399
avx512_fma,2700,0xAA,23,0.521348800,0.006857691,78.048995000,3.821584000,74.227411000,149.705906970,142.375720351
avx512_fma,2700,0xAA,24,0.520068985,0.000110778,74.380791000,3.570303000,70.810488000,143.021008971,136.155952409
avx512_fma,2700,0xAA,25,0.520182902,0.000154827,74.684867000,3.546744000,71.138123000,143.574244160,136.755980842
avx512_fma,2700,0xAA,26,0.520190768,0.000063605,74.697014000,3.580862000,71.116152000,143.595424218,136.711676523
avx512_fma,2700,0xAA,27,0.520028665,0.000202585,74.644584000,3.587943000,71.056641000,143.539364266,136.639854220
avx512_fma,2700,0xAA,28,0.520017128,0.000148629,74.428704000,3.583853000,70.844851000,143.127408739,136.235610742
avx512_fma,2700,0xAA,29,0.520147173,0.000190767,74.621819000,3.576956000,71.044863000,143.462894393,136.586079170
avx512_fma,2700,0xAA,30,0.520147933,0.000119282,74.869620000,3.572012000,71.297608000,143.939089649,137.071789461
avx512_fma,2700,0xAA,31,0.520221653,0.000104125,74.490410000,3.576040000,70.914370000,143.189753013,136.315683125
avx512_fma,2700,0xAA,32,0.520127854,0.000153719,74.530266000,3.581778000,70.948488000,143.292203019,136.405861565
avx512_fma,2700,0xAA,33,0.520212638,0.000148513,74.855705000,3.555777000,71.299928000,143.894437515,137.059199889
avx512_fma,2700,0xAA,34,0.519960020,0.000112765,74.619438000,3.567496000,71.051942000,143.509953007,136.648856260
avx512_fma,2700,0xAA,35,0.520147032,0.000179067,74.821219000,3.569083000,71.252136000,143.846286386,136.984605406
avx512_fma,2700,0xAA,36,0.520120444,0.000133161,74.553764000,3.572257000,70.981507000,143.339422398,136.471288215
avx512_fma,2700,0xAA,37,0.520217459,0.000122907,75.015494000,3.586417000,71.429077000,144.200262083,137.306189355
avx512_fma,2700,0xAA,38,0.520084236,0.000158865,74.061517000,3.584463000,70.477054000,142.402926052,135.510844439
avx512_fma,2700,0xAA,39,0.520208663,0.000148263,74.491936000,3.587393000,70.904543000,143.196261987,136.300196514
avx512_fma,2700,0xAA,40,0.519977954,0.000139470,74.705680000,3.577506000,71.128174000,143.670860194,136.790749280
avx512_fma,2700,0xAA,41,0.520090566,0.000206538,74.631645000,3.570853000,71.060792000,143.497401941,136.631572731
avx512_fma,2700,0xAA,42,0.520105484,0.000145730,74.874137000,3.576651000,71.297486000,143.959522257,137.082742238
avx512_fma,2700,0xAA,43,0.520080104,0.000178630,74.639518000,3.581595000,71.057923000,143.515426695,136.628804856
avx512_fma,2700,0xAA,44,0.520154459,0.000160153,75.221487000,3.589468000,71.632019000,144.613750082,137.712976793
avx512_fma,2700,0xAA,45,0.520157528,0.000091812,74.781425000,3.585379000,71.196046000,143.766880076,136.874008581
avx512_fma,2700,0xAA,46,0.520198891,0.000155265,74.856681000,3.593497000,71.263184000,143.900116465,136.992187475
avx512_fma,2700,0xAA,47,0.520165126,0.000110607,74.575493000,3.573905000,71.001588000,143.368882836,136.498170400
avx512_fma,2700,0xAA,48,0.520215226,0.000118942,74.738700000,3.597464000,71.141236000,143.668805383,136.753467609
avx512_fma,2700,0xAA,49,0.520119441,0.000131562,74.474480000,3.566336000,70.908144000,143.187264626,136.330501121
avx512_fma,2700,0xAA,50,0.520207670,0.000097315,74.367180000,3.584708000,70.782472000,142.956715679,136.065798445
avx512_fma,2700,0xAA,51,0.520136513,0.000139586,74.484306000,3.586844000,70.897462000,143.201455949,136.305489394
avx512_fma,2700,0xAA,52,0.520169840,0.000165355,74.954398000,3.598013000,71.356385000,144.096008985,137.179012419
avx512_fma,2700,0xAA,53,0.520160801,0.000109127,74.830313000,3.591238000,71.239075000,143.859961972,136.955870015
avx512_fma,2700,0xAA,54,0.520218250,0.000226903,75.091910000,3.591422000,71.500488000,144.346935087,137.443251877
avx512_fma,2700,0xAA,55,0.520174684,0.000023989,74.561821000,3.576590000,70.985231000,143.339965141,136.464217217
avx512_fma,2700,0xAA,56,0.520000266,0.000202665,74.494194000,3.591544000,70.902650000,143.257992231,136.351180373
avx512_fma,2700,0xAA,57,0.519996200,0.000134988,74.577568000,3.573843000,71.003725000,143.419448203,136.546622972
avx512_fma,2700,0xAA,58,0.520005618,0.000192110,74.626274000,3.579825000,71.046449000,143.510514919,136.626310449
avx512_fma,2700,0xAA,59,0.520077188,0.000147414,74.587394000,3.578787000,71.008607000,143.416007604,136.534746360
avx512_fma,2700,0xAA,60,0.520216837,0.000121775,74.811088000,3.580435000,71.230653000,143.807510100,136.924928170
avx512_fma,2700,0xAA,61,0.520186339,0.000131534,74.617057000,3.585806000,71.031251000,143.442938307,136.549627722
avx512_fma,2700,0xAA,62,0.520191239,0.000288330,74.923209000,3.597525000,71.325684000,144.030124768,137.114350851
avx512_fma,2700,0xAA,63,0.520180928,0.000089602,74.525566000,3.585928000,70.939638000,143.268547516,136.374930686
avx512_fma,2700,0xAA,64,0.520232785,0.000121282,74.811088000,3.590872000,71.220216000,143.803101480,136.900668372
avx512_fma,2700,0xAA,65,0.520067584,0.000152987,74.238335000,3.550040000,70.688295000,142.747476057,135.921363242
avx512_fma,2700,0xAA,66,0.520185960,0.000151413,75.201651000,3.587454000,71.614197000,144.566860252,137.670376542
avx512_fma,2700,0xAA,67,0.520184549,0.000156259,74.691765000,3.588370000,71.103395000,143.587050275,136.688786945
avx512_fma,2700,0xAA,68,0.520171905,0.000094812,74.853263000,3.572684000,71.280579000,143.901011064,137.032735464
avx512_fma,2700,0xAA,69,0.520227809,0.000199510,74.522148000,3.586112000,70.936036000,143.249066389,136.355717100
avx512_fma,2700,0xAA,70,0.520164155,0.000061792,74.751518000,3.592337000,71.159181000,143.707553214,136.801392986
avx512_fma,2700,0xAA,71,0.520247373,0.000125323,74.842337000,3.589590000,71.252747000,143.859134735,136.959359392
avx512_fma,2700,0xAA,72,0.520098687,0.000160743,75.090018000,3.575125000,71.514893000,144.376480751,137.502544914
avx512_fma,2700,0xAA,73,0.520174664,0.000119217,74.957388000,3.583487000,71.373901000,144.100420864,137.211413674
avx512_fma,2700,0xAA,74,0.520042364,0.000161326,74.731804000,3.583059000,71.148745000,143.703300433,136.813363667
avx512_fma,2700,0xAA,75,0.520198562,0.000117873,75.285208000,3.591238000,71.693970000,144.723983430,137.820392637
avx512_fma,2700,0xAA,76,0.520038416,0.000150853,74.739738000,3.579825000,71.159913000,143.719647721,136.835877431
avx512_fma,2700,0xAA,77,0.520230818,0.000258291,74.827018000,3.593131000,71.233887000,143.834266412,136.927464894
avx512_fma,2700,0xAA,78,0.520048618,0.000157725,74.148248000,3.584341000,70.563907000,142.579453975,135.687134919
avx512_fma,2700,0xAA,79,0.520156974,0.000167966,74.951286000,3.587027000,71.364259000,144.093590496,137.197543380
avx512_fma,2700,0xAA,80,0.520119152,0.000084779,74.562188000,3.557058000,71.005130000,143.355974709,136.517045617
avx512_fma,2700,0xAA,81,0.520179186,0.000148121,74.952444000,3.580130000,71.372314000,144.089663680,137.207169926
avx512_fma,2700,0xAA,82,0.520160523,0.000080735,74.902823000,3.574820000,71.328003000,143.999437976,137.126905670
avx512_fma,2700,0xAA,83,0.520050794,0.000214392,75.208486000,3.586172000,71.622314000,144.617577490,137.721766463
avx512_fma,2700,0xAA,84,0.520031110,0.000146961,74.993521000,3.577322000,71.416199000,144.209682024,137.330628190
avx512_fma,2700,0xAA,85,0.520174677,0.000135606,74.383599000,3.598990000,70.784609000,142.997347507,136.078537035
avx512_fma,2700,0xAA,86,0.520177388,0.000081760,75.024467000,3.580435000,71.444032000,144.228620462,137.345516572
avx512_fma,2700,0xAA,87,0.520019252,0.000207866,74.825553000,3.591788000,71.233765000,143.889967061,136.982938161
avx512_fma,2700,0xAA,88,0.520033641,0.000152044,74.752860000,3.579764000,71.173096000,143.746200342,136.862484145
avx512_fma,2700,0xAA,89,0.520162633,0.000147048,75.194448000,3.591421000,71.603027000,144.559495846,137.655076398
avx512_fma,2700,0xAA,90,0.520147064,0.000083040,75.109366000,3.571952000,71.537414000,144.400249830,137.533053518
avx512_fma,2700,0xAA,91,0.520191804,0.000163839,75.250113000,3.582022000,71.668091000,144.658398042,137.772434107
avx512_fma,2700,0xAA,92,0.520176236,0.000196032,75.486074000,3.597159000,71.888915000,145.116344781,138.201075010
avx512_fma,2700,0xAA,93,0.520161463,0.000073901,74.837211000,3.595023000,71.242188000,143.873040062,136.961680310
avx512_fma,2700,0xAA,94,0.520137086,0.000183985,75.197134000,3.584829000,71.612305000,144.571759950,137.679674971
avx512_fma,2700,0xAA,95,0.520159784,0.000120328,74.839530000,3.582877000,71.256653000,143.877962660,136.989931118
avx512_fma,2700,0xAA,96,0.520199714,0.000101119,74.694145000,3.573599000,71.120546000,143.587439524,136.717772159
avx512_fma,2700,0xAA,97,0.519968057,0.000142268,74.751762000,3.578605000,71.173157000,143.762219717,136.879864245
avx512_fma,2700,0xAA,98,0.520150216,0.000190195,75.564748000,3.602530000,71.962218000,145.274856444,138.348914884
avx512_fma,2700,0xAA,99,0.520126392,0.000128024,75.095266000,3.578909000,71.516357000,144.378880094,137.498035257
avx512_fma,2900,0x00,0,0.484405937,0.000454892,72.606442000,3.340629000,69.265813000,149.887597203,142.991255224
avx512_fma,2900,0x00,1,0.484431267,0.000366299,72.266356000,3.330557000,68.935799000,149.177728579,142.302538579
avx512_fma,2900,0x00,2,0.484517641,0.000389958,72.433531000,3.333304000,69.100227000,149.496168739,142.616534813
avx512_fma,2900,0x00,3,0.484479643,0.000342963,72.294127000,3.327567000,68.966560000,149.220154182,142.351822253
avx512_fma,2900,0x00,4,0.484600775,0.000382971,72.453000000,3.333122000,69.119878000,149.510697705,142.632619561
avx512_fma,2900,0x00,5,0.484662224,0.000252945,72.507200000,3.344290000,69.162910000,149.603572223,142.703323275
avx512_fma,2900,0x00,6,0.484490007,0.000453519,72.348569000,3.321707000,69.026862000,149.329331649,142.473241845
avx512_fma,2900,0x00,7,0.484464411,0.000365049,72.487180000,3.332816000,69.154364000,149.623333241,142.743950722
avx512_fma,2900,0x00,8,0.484694948,0.000267379,72.353086000,3.330375000,69.022711000,149.275510815,142.404436520
avx512_fma,2900,0x00,9,0.484439617,0.000396006,72.442503000,3.325858000,69.116645000,149.538766931,142.673395309
avx512_fma,2900,0x00,10,0.484463165,0.000396098,72.330625000,3.319816000,69.010809000,149.300566612,142.448000222
avx512_fma,2900,0x00,11,0.484528651,0.000349185,72.400876000,3.331107000,69.069769000,149.425376259,142.550432967
avx512_fma,2900,0x00,12,0.484558762,0.000380612,72.316099000,3.324515000,68.991584000,149.241133577,142.380221635
avx512_fma,2900,0x00,13,0.484574900,0.000347263,72.354673000,3.318473000,69.036200000,149.315767350,142.467552551
avx512_fma,2900,0x00,14,0.484511489,0.000415753,72.473326000,3.305656000,69.167670000,149.580201172,142.757543557
avx512_fma,2900,0x00,15,0.484532845,0.000350101,72.438962000,3.319449000,69.119513000,149.502686459,142.651862961
avx512_fma,2900,0x00,16,0.484751952,0.000178417,72.481748000,3.330008000,69.151740000,149.523375182,142.653865971
avx512_fma,2900,0x00,17,0.484370758,0.000388268,72.348142000,3.308402000,69.039740000,149.365214080,142.534904975
avx512_fma,2900,0x00,18,0.484753468,0.000223842,72.289671000,3.319205000,68.970466000,149.126671182,142.279469005
avx512_fma,2900,0x00,19,0.484529549,0.000432480,72.523984000,3.333671000,69.190313000,149.679176640,142.798954361
avx512_fma,2900,0x00,20,0.484491731,0.000385004,72.442197000,3.335440000,69.106757000,149.522050368,142.637639785
avx512_fma,2900,0x00,21,0.484549778,0.000308631,72.446104000,3.327140000,69.118964000,149.512201539,142.645744977
avx512_fma,2900,0x00,22,0.484756224,0.000278288,72.400998000,3.320731000,69.080267000,149.355478820,142.505167606
avx512_fma,2900,0x00,23,0.484244765,0.000348043,72.307982000,3.298331000,69.009651000,149.321143542,142.509854621
avx512_fma,2900,0x00,24,0.484293996,0.000470481,72.612180000,3.331656000,69.280524000,149.934090795,143.054682779
avx512_fma,2900,0x00,25,0.484305066,0.000354861,72.444700000,3.339897000,69.104803000,149.584848786,142.688581872
avx512_fma,2900,0x00,26,0.484350142,0.000408518,72.384458000,3.317984000,69.066474000,149.446550503,142.596167463
avx512_fma,2900,0x00,27,0.484413637,0.000375955,72.432554000,3.332389000,69.100165000,149.526248728,142.647026625
avx512_fma,2900,0x00,28,0.484683444,0.000235894,72.221556000,3.324149000,68.897407000,149.007680914,142.149289031
avx512_fma,2900,0x00,29,0.484513545,0.000369754,72.336606000,3.314689000,69.021917000,149.297386494,142.456114390
avx512_fma,2900,0x00,30,0.484621691,0.000324991,72.253661000,3.317191000,68.936470000,149.092915893,142.248007663
avx512_fma,2900,0x00,31,0.484428475,0.000434392,72.653378000,3.303215000,69.350163000,149.977513137,143.158725288
avx512_fma,2900,0x00,32,0.484469148,0.000357321,72.264890000,3.307608000,68.957282000,149.163038072,142.335755030
avx512_fma,2900,0x00,33,0.484514180,0.000455581,72.482481000,3.325431000,69.157050000,149.598265650,142.734831848
avx512_fma,2900,0x00,34,0.484607247,0.000268661,72.351927000,3.327140000,69.024787000,149.300134176,142.434491905
avx512_fma,2900,0x00,35,0.484676089,0.000283413,72.489377000,3.332144000,69.157233000,149.562519508,142.687527990
avx512_fma,2900,0x00,36,0.484295148,0.000386496,72.622983000,3.337943000,69.285040000,149.956040801,143.063667395
avx512_fma,2900,0x00,37,0.484295370,0.000381905,72.424375000,3.334403000,69.089972000,149.545875422,142.660814755
avx512_fma,2900,0x00,38,0.484394381,0.000355723,72.375547000,3.317314000,69.058233000,149.414505830,142.566131586
avx512_fma,2900,0x00,39,0.484461814,0.000397447,72.364744000,3.302787000,69.061957000,149.371409520,142.553974368
avx512_fma,2900,0x00,40,0.484485163,0.000345192,72.471860000,3.325553000,69.146307000,149.585303061,142.721206385
avx512_fma,2900,0x00,41,0.484594381,0.000576411,72.735898000,3.332755000,69.403143000,150.096453476,143.219041915
avx512_fma,2900,0x00,42,0.484551994,0.000304503,72.315916000,3.319755000,68.996161000,149.242840660,142.391656385
avx512_fma,2900,0x00,43,0.484597443,0.000336616,72.407469000,3.325980000,69.081489000,149.417769498,142.554382062
avx512_fma,2900,0x00,44,0.484800828,0.000095101,72.299315000,3.325003000,68.974312000,149.131995850,142.273503019
avx512_fma,2900,0x00,45,0.484314941,0.000407967,72.477171000,3.329338000,69.147833000,149.648843759,142.774519399
avx512_fma,2900,0x00,46,0.484310759,0.000364333,72.558835000,3.325614000,69.233221000,149.818755088,142.952060641
avx512_fma,2900,0x00,47,0.484456189,0.000399465,72.565915000,3.308768000,69.257147000,149.788394971,142.958534863
avx512_fma,2900,0x00,48,0.484573256,0.000338220,72.471189000,3.298209000,69.172980000,149.556724718,142.750304922
avx512_fma,2900,0x00,49,0.484766825,0.000092380,72.534909000,3.331352000,69.203557000,149.628450828,142.756379906
avx512_fma,2900,0x00,50,0.484403148,0.000388303,72.550413000,3.334342000,69.216071000,149.772794364,142.889391527
avx512_fma,2900,0x00,51,0.484745339,0.000245625,72.387083000,3.324516000,69.062567000,149.330126971,142.471853701
avx512_fma,2900,0x00,52,0.484505902,0.000385083,72.515989000,3.336783000,69.179206000,149.669980565,142.782999450
avx512_fma,2900,0x00,53,0.484520423,0.000373461,72.255735000,3.309440000,68.946295000,149.128357784,142.298016187
avx512_fma,2900,0x00,54,0.484745451,0.000030526,72.455747000,3.336417000,69.119330000,149.471742136,142.588919418
avx512_fma,2900,0x00,55,0.484474014,0.000395020,72.394651000,3.328483000,69.066168000,149.429378889,142.559076450
avx512_fma,2900,0x00,56,0.484670118,0.000239330,72.507566000,3.326286000,69.181280000,149.601890816,142.738901166
avx512_fma,2900,0x00,57,0.484599768,0.000699111,72.742917000,3.347037000,69.395880000,150.109269196,143.202462337
avx512_fma,2900,0x00,58,0.484585303,0.000295721,72.474118000,3.321281000,69.152837000,149.559050885,142.705188461
avx512_fma,2900,0x00,59,0.484603346,0.000337707,72.530210000,3.330435000,69.199775000,149.669230631,142.796733721
avx512_fma,2900,0x00,60,0.484789524,0.000018747,72.476194000,3.334403000,69.141791000,149.500330275,142.622287676
avx512_fma,2900,0x00,61,0.484154079,0.000331766,72.501584000,3.333731000,69.167853000,149.748989364,142.863307417
avx512_fma,2900,0x00,62,0.484169732,0.000297836,72.513303000,3.340018000,69.173285000,149.768352199,142.869907756
avx512_fma,2900,0x00,63,0.484306091,0.000405686,72.527585000,3.339347000,69.188238000,149.755673967,142.860557294
avx512_fma,2900,0x00,64,0.484369527,0.000369279,72.591062000,3.331107000,69.259955000,149.867111608,142.989909777
avx512_fma,2900,0x00,65,0.484426462,0.000374371,72.551450000,3.298636000,69.252814000,149.767726713,142.958362944
avx512_fma,2900,0x00,66,0.484484497,0.000605833,72.749448000,3.331046000,69.418402000,150.158464259,143.283020314
avx512_fma,2900,0x00,67,0.484470778,0.000359187,72.635983000,3.313407000,69.322576000,149.928512314,143.089282477
avx512_fma,2900,0x00,68,0.484492834,0.000395967,72.547604000,3.324393000,69.223211000,149.739271589,142.877677838
avx512_fma,2900,0x00,69,0.484478020,0.000362096,72.651304000,3.332999000,69.318305000,149.957894835,143.078327835
avx512_fma,2900,0x00,70,0.484774042,0.000116432,72.478330000,3.322318000,69.156012000,149.509511083,142.656177958
avx512_fma,2900,0x00,71,0.484442418,0.000389286,72.507078000,3.334464000,69.172614000,149.671199866,142.788103187
avx512_fma,2900,0x00,72,0.484849698,0.000363957,72.669308000,3.340751000,69.328557000,149.880072621,142.989790929
avx512_fma,2900,0x00,73,0.484643237,0.000276603,72.387143000,3.298942000,69.088201000,149.361710898,142.554761475
avx512_fma,2900,0x00,74,0.484632611,0.000394762,72.528745000,3.327262000,69.201483000,149.657169860,142.791635177
avx512_fma,2900,0x00,75,0.484564157,0.000327174,72.279967000,3.327262000,68.952705000,149.164906002,142.298401435
avx512_fma,2900,0x00,76,0.484750876,0.000231738,72.524778000,3.324393000,69.200385000,149.612474468,142.754533271
avx512_fma,2900,0x00,77,0.484325284,0.000365265,72.657895000,3.321159000,69.336736000,150.018794113,143.161503956
avx512_fma,2900,0x00,78,0.484405926,0.000406151,72.570737000,3.314261000,69.256476000,149.813891776,142.971983325
avx512_fma,2900,0x00,79,0.484522053,0.000325389,72.429808000,3.325858000,69.103950000,149.487123617,142.622920056
avx512_fma,2900,0x00,80,0.484633799,0.000388188,72.350034000,3.330375000,69.019659000,149.288048392,142.416107127
avx512_fma,2900,0x00,81,0.484600078,0.000360588,72.506833000,3.333182000,69.173651000,149.622000377,142.743788520
avx512_fma,2900,0x00,82,0.484778752,0.000267253,72.519895000,3.301139000,69.218756000,149.593798660,142.784220090
avx512_fma,2900,0x00,83,0.484395534,0.000370862,72.502683000,3.316642000,69.186041000,149.676613090,142.829642456
avx512_fma,2900,0x00,84,0.484776251,0.000185518,72.587400000,3.331412000,69.255988000,149.733820169,142.861759104
avx512_fma,2900,0x00,85,0.484457332,0.000400298,72.406125000,3.335502000,69.070623000,149.458208501,142.573181117
avx512_fma,2900,0x00,86,0.484707822,0.000235446,72.372251000,3.313651000,69.058600000,149.311085291,142.474696755
avx512_fma,2900,0x00,87,0.484576073,0.000338766,72.465391000,3.326651000,69.138740000,149.543890055,142.678815231
avx512_fma,2900,0x00,88,0.484346390,0.000424934,72.651608000,3.330375000,69.321233000,149.999276201,143.123257166
avx512_fma,2900,0x00,89,0.484433677,0.000373133,72.345213000,3.311332000,69.033881000,149.339768124,142.504297848
avx512_fma,2900,0x00,90,0.484509168,0.000494494,72.643796000,3.314689000,69.329107000,149.932758187,143.091424285
avx512_fma,2900,0x00,91,0.484490441,0.000337196,72.611265000,3.300406000,69.310859000,149.871408907,143.059291019
avx512_fma,2900,0x00,92,0.484542740,0.000372059,72.408628000,3.333915000,69.074713000,149.437029966,142.556491424
avx512_fma,2900,0x00,93,0.484636102,0.000332062,72.549680000,3.317557000,69.232123000,149.699289176,142.853829283
avx512_fma,2900,0x00,94,0.484659061,0.000347835,72.294920000,3.330497000,68.964423000,149.166549797,142.294715005
avx512_fma,2900,0x00,95,0.484439313,0.000379943,72.449095000,3.341178000,69.107917000,149.552468376,142.655468252
avx512_fma,2900,0x00,96,0.484056635,0.000122274,72.517209000,3.331657000,69.185552000,149.811414267,142.928630803
avx512_fma,2900,0x00,97,0.484159612,0.000267493,72.706235000,3.329459000,69.376776000,150.169971331,143.293191608
avx512_fma,2900,0x00,98,0.484602193,0.000472631,72.526792000,3.327323000,69.199469000,149.662533759,142.796442249
avx512_fma,2900,0x00,99,0.484540666,0.000326263,72.380430000,3.295280000,69.085150000,149.379474275,142.578641592
avx512_fma,2900,0xAA,0,0.484484063,0.000405074,72.537717000,3.321769000,69.215948000,149.721575185,142.865273282
avx512_fma,2900,0xAA,1,0.484522859,0.000364717,72.425839000,3.323783000,69.102056000,149.478683360,142.618773783
avx512_fma,2900,0xAA,2,0.484513173,0.000379598,72.459348000,3.328178000,69.131170000,149.550831662,142.681713990
avx512_fma,2900,0xAA,3,0.484515493,0.000342033,72.231993000,3.304374000,68.927619000,149.080873587,142.260918299
avx512_fma,2900,0xAA,4,0.484554665,0.000383339,72.648434000,3.325126000,69.323308000,149.928252183,143.066021272
avx512_fma,2900,0xAA,5,0.484608813,0.000265997,72.429624000,3.317496000,69.112128000,149.459981078,142.614261578
avx512_fma,2900,0xAA,6,0.484280479,0.000449151,72.508176000,3.319510000,69.188666000,149.723515806,142.868996283
avx512_fma,2900,0xAA,7,0.484272784,0.000347367,72.502867000,3.333670000,69.169197000,149.714932208,142.831064042
avx512_fma,2900,0xAA,8,0.484315931,0.000395104,72.636838000,3.323233000,69.313605000,149.978213258,143.116508353
avx512_fma,2900,0xAA,9,0.484424837,0.000373813,72.502195000,3.318778000,69.183417000,149.666552037,142.815586211
avx512_fma,2900,0xAA,10,0.484540172,0.000374295,72.461973000,3.321891000,69.140082000,149.547916243,142.692156505
avx512_fma,2900,0xAA,11,0.484572700,0.000310312,72.506955000,3.320121000,69.186834000,149.630705722,142.779058893
avx512_fma,2900,0xAA,12,0.484821739,0.000138802,72.483641000,3.317923000,69.165718000,149.505756707,142.662163008
avx512_fma,2900,0xAA,13,0.484266913,0.000361090,72.510679000,3.334953000,69.175726000,149.732878863,142.846277876
avx512_fma,2900,0xAA,14,0.484353854,0.000407826,72.441831000,3.332694000,69.109137000,149.563857937,142.683157034
avx512_fma,2900,0xAA,15,0.484462666,0.000319725,72.339780000,3.285819000,69.053961000,149.319617519,142.537218729
avx512_fma,2900,0xAA,16,0.484603257,0.000365784,72.475462000,3.336784000,69.138678000,149.556283383,142.670683764
avx512_fma,2900,0xAA,17,0.484576436,0.000359480,72.430296000,3.329643000,69.100653000,149.471353945,142.600109799
avx512_fma,2900,0xAA,18,0.484638387,0.000374410,72.428769000,3.333549000,69.095220000,149.449096319,142.570670902
avx512_fma,2900,0xAA,19,0.484584882,0.000357288,72.487790000,3.324759000,69.163031000,149.587394670,142.726349013
avx512_fma,2900,0xAA,20,0.484582403,0.000373807,73.006710000,3.337150000,69.669560000,150.659020046,143.772368823
avx512_fma,2900,0xAA,21,0.484600669,0.000298176,72.441343000,3.328055000,69.113288000,149.486675705,142.619052082
avx512_fma,2900,0xAA,22,0.484526626,0.000445642,72.618955000,3.339897000,69.279058000,149.876087478,142.982974035
avx512_fma,2900,0xAA,23,0.484476871,0.000361922,72.490354000,3.295218000,69.195136000,149.626036633,142.824436393
avx512_fma,2900,0xAA,24,0.484690854,0.000267638,72.528318000,3.327018000,69.201300000,149.638305184,142.774098918
avx512_fma,2900,0xAA,25,0.484332816,0.000379555,72.572446000,3.334769000,69.237677000,149.840034869,142.954750842
avx512_fma,2900,0xAA,26,0.484306366,0.000377453,72.571592000,3.336051000,69.235541000,149.846454782,142.958147642
avx512_fma,2900,0xAA,27,0.484386129,0.000373133,72.519285000,3.325919000,69.193366000,149.713793779,142.847538117
avx512_fma,2900,0xAA,28,0.484502230,0.000392074,72.509519000,3.340751000,69.168768000,149.657760989,142.762537829
avx512_fma,2900,0xAA,29,0.484517166,0.000352806,72.900693000,3.336356000,69.564337000,150.460495892,143.574556162
avx512_fma,2900,0xAA,30,0.484559680,0.000401021,72.889706000,3.333121000,69.556585000,150.424620643,143.545961234
avx512_fma,2900,0xAA,31,0.484572046,0.000321181,72.598142000,3.324882000,69.273260000,149.819088139,142.957606899
avx512_fma,2900,0xAA,32,0.484787695,0.000026211,72.489866000,3.301810000,69.188056000,149.529096443,142.718259382
avx512_fma,2900,0xAA,33,0.484371229,0.000433165,72.545957000,3.341117000,69.204840000,149.773464364,142.875620726
avx512_fma,2900,0xAA,34,0.484389878,0.000359840,72.535398000,3.329154000,69.206244000,149.745899642,142.873018614
avx512_fma,2900,0xAA,35,0.484478699,0.000424639,72.477537000,3.313773000,69.163764000,149.599016604,142.759143140
avx512_fma,2900,0xAA,36,0.484513820,0.000333205,72.473386000,3.313773000,69.159613000,149.579605420,142.740227751
avx512_fma,2900,0xAA,37,0.484597051,0.000346433,72.731809000,3.317374000,69.414435000,150.087188668,143.241554766
avx512_fma,2900,0xAA,38,0.484514189,0.000393166,72.247313000,3.323661000,68.923652000,149.112894348,142.253113812
avx512_fma,2900,0xAA,39,0.484741635,0.000253612,72.486875000,3.332145000,69.154730000,149.537134475,142.663070516
avx512_fma,2900,0xAA,40,0.484503506,0.000398819,72.469480000,3.311821000,69.157659000,149.574727852,142.739233451
avx512_fma,2900,0xAA,41,0.484752616,0.000181035,72.516782000,3.328177000,69.188605000,149.595442274,142.729719657
avx512_fma,2900,0xAA,42,0.484503411,0.000382547,72.548154000,3.333793000,69.214361000,149.737137863,142.856292597
avx512_fma,2900,0xAA,43,0.484544057,0.000349457,72.667111000,3.331412000,69.335699000,149.970080138,143.094725969
avx512_fma,2900,0xAA,44,0.484399502,0.000376964,72.880612000,3.334037000,69.546575000,150.455588239,143.572763242
avx512_fma,2900,0xAA,45,0.484471754,0.000397767,72.662351000,3.336234000,69.326117000,149.982636519,143.096303164
avx512_fma,2900,0xAA,46,0.484568047,0.000356026,72.710324000,3.342765000,69.367559000,150.051833712,143.153390818
avx512_fma,2900,0xAA,47,0.484671993,0.000718605,72.729306000,3.350760000,69.378546000,150.058817267,143.145358165
avx512_fma,2900,0xAA,48,0.484155074,0.000259132,72.438474000,3.339958000,69.098516000,149.618330703,142.719801331
avx512_fma,2900,0xAA,49,0.484452374,0.000421790,72.549802000,3.310843000,69.238959000,149.756314366,142.922117284
avx512_fma,2900,0xAA,50,0.484439882,0.000366992,72.619138000,3.331962000,69.287176000,149.903302294,143.025334300
avx512_fma,2900,0xAA,51,0.484479701,0.000381910,72.668881000,3.341849000,69.327032000,149.993654662,143.095844513
avx512_fma,2900,0xAA,52,0.484545966,0.000313074,72.547910000,3.335684000,69.212226000,149.723483701,142.839340119
avx512_fma,2900,0xAA,53,0.484503129,0.000419018,72.969479000,3.348869000,69.620610000,150.606827055,143.694861378
avx512_fma,2900,0xAA,54,0.484459449,0.000349570,72.665463000,3.322074000,69.343389000,149.992869781,143.135589964
avx512_fma,2900,0xAA,55,0.484717357,0.000623492,72.825680000,3.349845000,69.475835000,150.243598526,143.332674148
avx512_fma,2900,0xAA,56,0.484552262,0.000292290,72.544919000,3.316886000,69.228033000,149.715365569,142.870106013
avx512_fma,2900,0xAA,57,0.484606050,0.000399517,72.557736000,3.292960000,69.264776000,149.725196484,142.930068766
avx512_fma,2900,0xAA,58,0.484721552,0.000210783,72.623960000,3.321647000,69.302313000,149.826141790,142.973450827
avx512_fma,2900,0xAA,59,0.484328889,0.000392163,72.437314000,3.333914000,69.103400000,149.562241058,142.678666533
avx512_fma,2900,0xAA,60,0.484736409,0.000143188,72.518002000,3.323356000,69.194646000,149.602960790,142.746954231
avx512_fma,2900,0xAA,61,0.484590440,0.000398837,72.861263000,3.336600000,69.524663000,150.356377122,143.470975096
avx512_fma,2900,0xAA,62,0.484613955,0.000253846,72.827329000,3.332145000,69.495184000,150.279058786,143.403183738
avx512_fma,2900,0xAA,63,0.484585495,0.000415230,72.826535000,3.337027000,69.489508000,150.286246242,143.399892780
avx512_fma,2900,0xAA,64,0.484508333,0.000339326,72.538388000,3.324088000,69.214300000,149.715460072,142.854715328
avx512_fma,2900,0xAA,65,0.484684311,0.000194543,72.619748000,3.328788000,69.290960000,149.828963620,142.961012823
avx512_fma,2900,0xAA,66,0.484353568,0.000433302,72.660275000,3.303215000,69.357060000,150.014947434,143.195105029
avx512_fma,2900,0xAA,67,0.484495508,0.000355896,72.460020000,3.332145000,69.127875000,149.557671518,142.680115490
avx512_fma,2900,0xAA,68,0.484502374,0.000370936,72.479306000,3.330009000,69.149297000,149.595357725,142.722307815
avx512_fma,2900,0xAA,69,0.484515764,0.000369660,72.836483000,3.335563000,69.500920000,150.328407143,143.444084176
avx512_fma,2900,0xAA,70,0.484514075,0.000388210,73.171322000,3.339469000,69.831853000,151.020013329,144.127604676
avx512_fma,2900,0xAA,71,0.484546341,0.000345541,72.519773000,3.326102000,69.193671000,149.665298934,142.800935885
avx512_fma,2900,0xAA,72,0.484555251,0.000390705,72.566526000,3.325126000,69.241400000,149.759033218,142.896810613
avx512_fma,2900,0xAA,73,0.484557203,0.000326228,72.885861000,3.329704000,69.556157000,150.417454273,143.545811511
avx512_fma,2900,0xAA,74,0.484614799,0.000395208,72.762876000,3.302238000,69.460638000,150.145798692,143.331648548
avx512_fma,2900,0xAA,75,0.484558632,0.000302867,72.661557000,3.323844000,69.337713000,149.954107201,143.094578173
avx512_fma,2900,0xAA,76,0.484625601,0.000390393,72.630551000,3.327994000,69.302557000,149.869406139,143.002261699
avx512_fma,2900,0xAA,77,0.484732607,0.000048483,72.783139000,3.336234000,69.446905000,150.151109912,143.268482357
avx512_fma,2900,0xAA,78,0.484424584,0.000439819,72.895260000,3.340385000,69.554875000,150.478036108,143.582463274
avx512_fma,2900,0xAA,79,0.484389740,0.000359209,72.702694000,3.342277000,69.360417000,150.091317018,143.191342215
avx512_fma,2900,0xAA,80,0.484460918,0.000419563,72.672055000,3.329277000,69.342778000,150.006021756,143.133894663
avx512_fma,2900,0xAA,81,0.484496416,0.000359617,72.766110000,3.331413000,69.434697000,150.189160566,143.313128276
avx512_fma,2900,0xAA,82,0.484536054,0.000393066,73.324275000,3.343925000,69.980350000,151.328831832,144.427539402
avx512_fma,2900,0xAA,83,0.484528054,0.000338818,72.771237000,3.322074000,69.449163000,150.189935265,143.333626377
avx512_fma,2900,0xAA,84,0.484592650,0.000339657,72.615049000,3.347038000,69.268011000,149.847606936,142.940696570
avx512_fma,2900,0xAA,85,0.484633229,0.000324721,72.604917000,3.334952000,69.269965000,149.814153449,142.932759856
avx512_fma,2900,0xAA,86,0.484405064,0.000430032,72.963192000,3.348014000,69.615178000,150.624337894,143.712737974
avx512_fma,2900,0xAA,87,0.484572125,0.000339496,72.651364000,3.343192000,69.308172000,149.928896494,143.029630469
avx512_fma,2900,0xAA,88,0.484600236,0.000392198,72.519406000,3.345634000,69.173772000,149.647896548,142.743991533
avx512_fma,2900,0xAA,89,0.484539974,0.000317991,72.629697000,3.341544000,69.288153000,149.894128284,142.997805627
avx512_fma,2900,0xAA,90,0.484174845,0.000293533,72.473752000,3.336418000,69.137334000,149.685083377,142.794147104
avx512_fma,2900,0xAA,91,0.484208855,0.000315098,72.696225000,3.320121000,69.376104000,150.134026249,143.277230956
avx512_fma,2900,0xAA,92,0.484543575,0.000369394,72.703977000,3.340446000,69.363531000,150.046313106,143.152307755
avx512_fma,2900,0xAA,93,0.484547372,0.000324922,72.669614000,3.329520000,69.340094000,149.974219552,143.102817105
avx512_fma,2900,0xAA,94,0.484063961,0.000119904,73.290706000,3.337332000,69.953374000,151.407069809,144.512666866
avx512_fma,2900,0xAA,95,0.484180741,0.000280676,72.984554000,3.336784000,69.647770000,150.738242635,143.846634361
avx512_fma,2900,0xAA,96,0.484341608,0.000438173,72.849911000,3.332206000,69.517705000,150.410185129,143.530317817
avx512_fma,2900,0xAA,97,0.484347427,0.000362601,72.631223000,3.318839000,69.312384000,149.956867768,143.104681056
avx512_fma,2900,0xAA,98,0.484749008,0.000232714,72.668942000,3.321952000,69.346990000,149.910450108,143.057518087
avx512_fma,2900,0xAA,99,0.484588351,0.000362403,72.564572000,3.308219000,69.256353000,149.744771866,142.917907381
avx512_fma,3100,0x00,0,0.468472914,0.000450311,71.595215000,3.173392000,68.421823000,152.826797259,146.052890151
avx512_fma,3100,0x00,1,0.468499718,0.000431700,71.848266000,3.200554000,68.647712000,153.358183952,146.526687850
avx512_fma,3100,0x00,2,0.468504675,0.000455085,71.958678000,3.186515000,68.772163000,153.592230547,146.790772264
avx512_fma,3100,0x00,3,0.468534055,0.000386380,71.699767000,3.171806000,68.527961000,153.030001249,146.260363125
avx512_fma,3100,0x00,4,0.468584499,0.000473816,71.800231000,3.200065000,68.600166000,153.227926028,146.398709516
avx512_fma,3100,0x00,5,0.468246677,0.000481082,72.122619000,3.162101000,68.960518000,154.026974700,147.273908082
avx512_fma,3100,0x00,6,0.468373673,0.000510529,72.050780000,3.201591000,68.849189000,153.831831455,146.996282873
avx512_fma,3100,0x00,7,0.468405859,0.000433004,72.087157000,3.213187000,68.873970000,153.898922422,147.039087225
avx512_fma,3100,0x00,8,0.468733702,0.001248448,72.377500000,3.236259000,69.141241000,154.410702179,147.506442918
avx512_fma,3100,0x00,9,0.468523682,0.000382157,71.756469000,3.202567000,68.553902000,153.154412076,146.318968904
avx512_fma,3100,0x00,10,0.468584623,0.000470081,72.089109000,3.216300000,68.872809000,153.844376082,146.980514485
avx512_fma,3100,0x00,11,0.468581174,0.000456335,71.704528000,3.220939000,68.483589000,153.024773544,146.150961320
avx512_fma,3100,0x00,12,0.468508868,0.000421248,71.997680000,3.218010000,68.779670000,153.674103061,146.805481733
avx512_fma,3100,0x00,13,0.468571901,0.000452376,71.843871000,3.189323000,68.654548000,153.325179981,146.518704826
avx512_fma,3100,0x00,14,0.468647101,0.000467796,71.990721000,3.202995000,68.787726000,153.613925673,146.779369371
avx512_fma,3100,0x00,15,0.468125349,0.000422967,72.392149000,3.215873000,69.176276000,154.642659716,147.772976181
avx512_fma,3100,0x00,16,0.468388042,0.000979480,72.382383000,3.246940000,69.135443000,154.535078761,147.602920578
avx512_fma,3100,0x00,17,0.468413241,0.000462882,72.128112000,3.224052000,68.904060000,153.983930589,147.101008166
avx512_fma,3100,0x00,18,0.468469334,0.000448476,71.984007000,3.209281000,68.774726000,153.657885034,146.807317089
avx512_fma,3100,0x00,19,0.468494147,0.000453685,71.853698000,3.218131000,68.635567000,153.371602197,146.502506781
avx512_fma,3100,0x00,20,0.468470641,0.000422495,72.176268000,3.198722000,68.977546000,154.067857678,147.239848147
avx512_fma,3100,0x00,21,0.468504060,0.000496666,71.947143000,3.207389000,68.739754000,153.567811002,146.721789225
avx512_fma,3100,0x00,22,0.468484526,0.000401512,71.970946000,3.183342000,68.787604000,153.625022825,146.830044927
avx512_fma,3100,0x00,23,0.468765156,0.000555425,72.363889000,3.228386000,69.135503000,154.371305171,147.484304385
avx512_fma,3100,0x00,24,0.468162990,0.000422007,71.747130000,3.202202000,68.544928000,153.252460299,146.412530466
avx512_fma,3100,0x00,25,0.468495959,0.000488646,71.795471000,3.221183000,68.574288000,153.246724045,146.371140733
avx512_fma,3100,0x00,26,0.468450987,0.000429959,72.033446000,3.218864000,68.814582000,153.769440296,146.898147262
avx512_fma,3100,0x00,27,0.468505442,0.000453063,72.089293000,3.228019000,68.861274000,153.870769648,146.980734426
avx512_fma,3100,0x00,28,0.468539345,0.000449588,71.998534000,3.229484000,68.769050000,153.665929545,146.773266136
avx512_fma,3100,0x00,29,0.468517869,0.000427123,72.253355000,3.229056000,69.024299000,154.216860842,147.324795002
avx512_fma,3100,0x00,30,0.468493975,0.000403849,71.879332000,3.216239000,68.663093000,153.426374210,146.561314746
avx512_fma,3100,0x00,31,0.468273628,0.000542267,72.685483000,3.210930000,69.474553000,155.220107927,148.363155472
avx512_fma,3100,0x00,32,0.468391135,0.000462498,72.577390000,3.220024000,69.357366000,154.950392178,148.075744555
avx512_fma,3100,0x00,33,0.468583107,0.001010201,72.686826000,3.257743000,69.429083000,155.120457722,148.168130690
avx512_fma,3100,0x00,34,0.468420190,0.000431465,72.216306000,3.207877000,69.008429000,154.169925926,147.321636573
avx512_fma,3100,0x00,35,0.468517882,0.000418380,72.007079000,3.204948000,68.802131000,153.691207387,146.850597623
avx512_fma,3100,0x00,36,0.468527028,0.000440321,72.090208000,3.230155000,68.860053000,153.865633659,146.971356895
avx512_fma,3100,0x00,37,0.468579807,0.000458302,72.117674000,3.219840000,68.897834000,153.906918203,147.035431312
avx512_fma,3100,0x00,38,0.468514391,0.000427332,72.333678000,3.225700000,69.107978000,154.389447583,147.504493646
avx512_fma,3100,0x00,39,0.468561454,0.000447325,72.175718000,3.219474000,68.956244000,154.036823442,147.165848523
avx512_fma,3100,0x00,40,0.468618517,0.000528212,72.796627000,3.195122000,69.601505000,155.343044036,148.524871299
avx512_fma,3100,0x00,41,0.468480705,0.000400640,71.987731000,3.226615000,68.761116000,153.662104363,146.774702246
avx512_fma,3100,0x00,42,0.468850597,0.000907477,72.514402000,3.243094000,69.271308000,154.664198900,147.747082829
avx512_fma,3100,0x00,43,0.468591379,0.000373047,71.721191000,3.203483000,68.517708000,153.057000661,146.220590211
avx512_fma,3100,0x00,44,0.468602412,0.000476040,72.111693000,3.217094000,68.894599000,153.886730420,147.021434980
avx512_fma,3100,0x00,45,0.468545855,0.000355836,71.884643000,3.206901000,68.677742000,153.420721269,146.576351681
avx512_fma,3100,0x00,46,0.468502818,0.000485270,71.920653000,3.225577000,68.695076000,153.511676516,146.626815043
avx512_fma,3100,0x00,47,0.468805041,0.000061660,71.977171000,3.216910000,68.760261000,153.533270263,146.671334657
avx512_fma,3100,0x00,48,0.468608323,0.000698643,72.523863000,3.213615000,69.310248000,154.764351132,147.906566402
avx512_fma,3100,0x00,49,0.468451226,0.000385929,72.348081000,3.215080000,69.133001000,154.441010971,147.577799138
avx512_fma,3100,0x00,50,0.468722739,0.000830237,72.867916000,3.249808000,69.618108000,155.460595070,148.527268124
avx512_fma,3100,0x00,51,0.468334385,0.000443081,71.878783000,3.211357000,68.667426000,153.477483688,146.620509056
avx512_fma,3100,0x00,52,0.468389910,0.000454875,72.071288000,3.225639000,68.845649000,153.870282835,146.983629369
avx512_fma,3100,0x00,53,0.468426725,0.000475017,71.773132000,3.213004000,68.560128000,153.221684931,146.362545963
avx512_fma,3100,0x00,54,0.468433580,0.000434333,72.089354000,3.201103000,68.888251000,153.894505160,147.060872525
avx512_fma,3100,0x00,55,0.468455775,0.000452896,71.931762000,3.202750000,68.729012000,153.550806288,146.713981620
avx512_fma,3100,0x00,56,0.468442243,0.000431874,72.029906000,3.220512000,68.809394000,153.764753379,146.889814052
avx512_fma,3100,0x00,57,0.468522366,0.000599296,72.536862000,3.199637000,69.337225000,154.820489355,147.991280696
avx512_fma,3100,0x00,58,0.468469103,0.000419903,72.271117000,3.220878000,69.050239000,154.270829172,147.395502758
avx512_fma,3100,0x00,59,0.468545156,0.000449662,72.435545000,3.202019000,69.233526000,154.596721575,147.762761262
avx512_fma,3100,0x00,60,0.468522202,0.000414189,71.797973000,3.202079000,68.595894000,153.243480786,146.409057596
avx512_fma,3100,0x00,61,0.468560083,0.000420706,72.674253000,3.231803000,69.442450000,155.101246559,148.203939009
avx512_fma,3100,0x00,62,0.468340350,0.000495341,72.433530000,3.208122000,69.225408000,154.660024583,147.810044644
avx512_fma,3100,0x00,63,0.468391975,0.000479370,72.199827000,3.222648000,68.977179000,154.144030755,147.263793322
avx512_fma,3100,0x00,64,0.468381237,0.000468448,72.468260000,3.226982000,69.241278000,154.720672400,147.831024092
avx512_fma,3100,0x00,65,0.468562227,0.000542033,72.572690000,3.229667000,69.343023000,154.883782349,147.991064982
avx512_fma,3100,0x00,66,0.468567466,0.000451867,72.615903000,3.178703000,69.437200000,154.974274162,148.190399420
avx512_fma,3100,0x00,67,0.468593774,0.000498870,72.466977000,3.228751000,69.238226000,154.647758876,147.757460332
avx512_fma,3100,0x00,68,0.468616921,0.000481254,72.177733000,3.220817000,68.956916000,154.022890955,147.149863431
avx512_fma,3100,0x00,69,0.468706370,0.000224262,72.320250000,3.202323000,69.117927000,154.297561711,147.465303378
avx512_fma,3100,0x00,70,0.468900124,0.000117706,72.062804000,3.219108000,68.843696000,153.684762030,146.819530322
avx512_fma,3100,0x00,71,0.468346848,0.000498815,72.316099000,3.215690000,69.100409000,154.407143488,147.541099632
avx512_fma,3100,0x00,72,0.468527402,0.000433153,72.083190000,3.228629000,68.854561000,153.850532025,146.959517776
avx512_fma,3100,0x00,73,0.468530577,0.000425798,72.138060000,3.210685000,68.927375000,153.966600088,147.113931006
avx512_fma,3100,0x00,74,0.468546178,0.000454655,72.861752000,3.212333000,69.649419000,155.506021507,148.650063328
avx512_fma,3100,0x00,75,0.468530214,0.000391152,71.807495000,3.170463000,68.637032000,153.261183432,146.494356217
avx512_fma,3100,0x00,76,0.468719040,0.000729978,72.511716000,3.214835000,69.296881000,154.701878538,147.843110864
avx512_fma,3100,0x00,77,0.468534534,0.000483532,71.886840000,3.168815000,68.718025000,153.429117515,146.665870041
avx512_fma,3100,0x00,78,0.468556176,0.000456007,72.576902000,3.197440000,69.379462000,154.894771904,148.070744895
avx512_fma,3100,0x00,79,0.468506656,0.000405310,72.145811000,3.195976000,68.949835000,153.991005342,147.169381876
avx512_fma,3100,0x00,80,0.468500572,0.000480461,71.718871000,3.197562000,68.521309000,153.081714937,146.256617613
avx512_fma,3100,0x00,81,0.468498738,0.000403227,72.355100000,3.180656000,69.174444000,154.440330485,147.651291926
avx512_fma,3100,0x00,82,0.468332213,0.000575649,72.646055000,3.216300000,69.429755000,155.116502797,148.248941882
avx512_fma,3100,0x00,83,0.468439538,0.000475932,72.970516000,3.161247000,69.809269000,155.773605847,149.025142616
avx512_fma,3100,0x00,84,0.468635662,0.000914164,72.513975000,3.210380000,69.303595000,154.734222937,147.883741293
avx512_fma,3100,0x00,85,0.468419615,0.000378110,71.937316000,3.189018000,68.748298000,153.574516717,146.766479868
avx512_fma,3100,0x00,86,0.468549275,0.000421578,72.371763000,3.204704000,69.167059000,154.459235787,147.619605104
avx512_fma,3100,0x00,87,0.468541048,0.000443903,72.033629000,3.214836000,68.818793000,153.740273811,146.878898454
avx512_fma,3100,0x00,88,0.468614995,0.000465179,72.096739000,3.209831000,68.886908000,153.850687055,147.001074832
avx512_fma,3100,0x00,89,0.468541890,0.000456568,71.949706000,3.193535000,68.756171000,153.560882368,146.744981654
avx512_fma,3100,0x00,90,0.468429829,0.000460616,72.679074000,3.184012000,69.495062000,155.154666814,148.357465174
avx512_fma,3100,0x00,91,0.468525104,0.000563264,72.854305000,3.210746000,69.643559000,155.497121547,148.644242214
avx512_fma,3100,0x00,92,0.468521560,0.000399173,72.007690000,3.160942000,68.846748000,153.691305178,146.944674345
avx512_fma,3100,0x00,93,0.468721267,0.000898587,72.385862000,3.231376000,69.154486000,154.432638476,147.538613761
avx512_fma,3100,0x00,94,0.468095701,0.000283141,71.950622000,3.190361000,68.760261000,153.709213524,146.893596556
avx512_fma,3100,0x00,95,0.468600852,0.000471126,72.590452000,3.218742000,69.371710000,154.908920343,148.040085196
avx512_fma,3100,0x00,96,0.468504538,0.000401270,72.223753000,3.212028000,69.011725000,154.158064883,147.302148370
avx512_fma,3100,0x00,97,0.468345998,0.000497393,72.761228000,3.216667000,69.544561000,155.357851448,148.489709064
avx512_fma,3100,0x00,98,0.468305806,0.000466780,72.205991000,3.202567000,69.003424000,154.185556002,147.346932687
avx512_fma,3100,0x00,99,0.469605927,0.005712532,75.740895000,3.397636000,72.343259000,161.286071369,154.050992323
avx512_fma,3100,0xAA,0,0.468089007,0.000373187,72.143065000,3.189140000,68.953925000,154.122536499,147.309430540
avx512_fma,3100,0xAA,1,0.468139459,0.000456864,72.360227000,3.229362000,69.130865000,154.569809660,147.671519116
avx512_fma,3100,0xAA,2,0.468164421,0.000417398,72.484922000,3.209464000,69.275458000,154.827916809,147.972496241
avx512_fma,3100,0xAA,3,0.468243883,0.000491413,72.606320000,3.218132000,69.388188000,155.060904507,148.188135597
avx512_fma,3100,0xAA,4,0.468291302,0.000457859,72.399533000,3.217521000,69.182012000,154.603625260,147.732857033
avx512_fma,3100,0xAA,5,0.468331944,0.000482086,72.401365000,3.228690000,69.172675000,154.594120568,147.700100115
avx512_fma,3100,0xAA,6,0.468306097,0.000448350,72.701230000,3.211967000,69.489263000,155.242971209,148.384279815
avx512_fma,3100,0xAA,7,0.468474971,0.000730253,72.974667000,3.232719000,69.741948000,155.770684646,148.870168719
avx512_fma,3100,0xAA,8,0.468484587,0.000410286,72.543455000,3.217521000,69.325934000,154.847047271,147.979113749
avx512_fma,3100,0xAA,9,0.468712964,0.001026385,72.885983000,3.224906000,69.661077000,155.502383283,148.622040202
avx512_fma,3100,0xAA,10,0.468558660,0.000436806,72.732541000,3.200737000,69.531804000,155.226116168,148.395088866
avx512_fma,3100,0xAA,11,0.468574792,0.000464248,72.748349000,3.217765000,69.530584000,155.254508595,148.387376479
avx512_fma,3100,0xAA,12,0.468508066,0.000404345,72.551572000,3.210136000,69.341436000,154.856612496,148.004785955
avx512_fma,3100,0xAA,13,0.468382156,0.000494065,73.083859000,3.223685000,69.860174000,156.034678135,149.152082466
avx512_fma,3100,0xAA,14,0.468359605,0.000457986,72.555418000,3.218254000,69.337164000,154.913910790,148.042579512
avx512_fma,3100,0xAA,15,0.468534790,0.000421117,72.784482000,3.214713000,69.569769000,155.344882714,148.483678234
avx512_fma,3100,0xAA,16,0.468355022,0.000620329,73.411921000,3.218254000,70.193667000,156.744173879,149.872775369
avx512_fma,3100,0xAA,17,0.468266153,0.000433585,72.467649000,3.179680000,69.287969000,154.757392818,147.967066465
avx512_fma,3100,0xAA,18,0.468460466,0.001100741,73.279231000,3.226188000,70.053043000,156.425646042,149.538857858
avx512_fma,3100,0xAA,19,0.468474771,0.000400927,73.084164000,3.209892000,69.874272000,156.004481900,149.152689241
avx512_fma,3100,0xAA,20,0.468541567,0.000444573,72.992916000,3.210380000,69.782536000,155.787492750,148.935635359
avx512_fma,3100,0xAA,21,0.468513418,0.000410608,73.113766000,3.207206000,69.906560000,156.054796303,149.209301858
avx512_fma,3100,0xAA,22,0.468576247,0.000454648,72.789425000,3.223564000,69.565861000,155.341687788,148.462201208
avx512_fma,3100,0xAA,23,0.468630821,0.000369745,73.000912000,3.200553000,69.800359000,155.774884635,148.945301817
avx512_fma,3100,0xAA,24,0.468644176,0.000568886,73.492366000,3.223869000,70.268497000,156.819117307,149.939977086
avx512_fma,3100,0xAA,25,0.468479250,0.000364644,73.011531000,3.209037000,69.802494000,155.847950612,148.998048507
avx512_fma,3100,0xAA,26,0.468647278,0.000491670,73.687800000,3.185722000,70.502078000,157.235096577,150.437399993
avx512_fma,3100,0xAA,27,0.468206897,0.000466145,73.073421000,3.189384000,69.884037000,156.070791332,149.258879724
avx512_fma,3100,0xAA,28,0.468215373,0.000472369,73.109249000,3.188774000,69.920475000,156.144486477,149.334000998
avx512_fma,3100,0xAA,29,0.468323543,0.000463060,73.040585000,3.227042000,69.813543000,155.961804772,149.071179588
avx512_fma,3100,0xAA,30,0.468480379,0.000468203,73.135555000,3.220695000,69.914860000,156.112311958,149.237541642
avx512_fma,3100,0xAA,31,0.468523994,0.000458419,72.853939000,3.218315000,69.635624000,155.496708706,148.627658151
avx512_fma,3100,0xAA,32,0.468481610,0.000421180,72.715879000,3.226310000,69.489569000,155.216079986,148.329342208
avx512_fma,3100,0xAA,33,0.468543099,0.000555410,73.200741000,3.230704000,69.970037000,156.230539365,149.335327356
avx512_fma,3100,0xAA,34,0.468459958,0.000421342,73.206477000,3.219718000,69.986759000,156.270510803,149.397526374
avx512_fma,3100,0xAA,35,0.468690449,0.001070865,73.378719000,3.227897000,70.150822000,156.561156944,149.674101736
avx512_fma,3100,0xAA,36,0.468343486,0.000389279,72.947751000,3.200370000,69.747381000,155.756945745,148.923563637
avx512_fma,3100,0xAA,37,0.468485717,0.000473142,73.006038000,3.222648000,69.783390000,155.834074304,148.955213574
avx512_fma,3100,0xAA,38,0.468445257,0.000428992,72.830380000,3.208427000,69.621953000,155.472552747,148.623455763
avx512_fma,3100,0xAA,39,0.468489124,0.000443636,73.243831000,3.212089000,70.031742000,156.340515175,149.484242883
avx512_fma,3100,0xAA,40,0.468573874,0.000448049,73.160152000,3.212272000,69.947880000,156.133655873,149.278233115
avx512_fma,3100,0xAA,41,0.468728407,0.000735188,73.300593000,3.226310000,70.074283000,156.381802293,149.498690549
avx512_fma,3100,0xAA,42,0.468242244,0.000438983,72.655514000,3.208121000,69.447393000,155.166508120,148.315095119
avx512_fma,3100,0xAA,43,0.468405746,0.000547530,73.295222000,3.197075000,70.098147000,156.478059041,149.652619715
avx512_fma,3100,0xAA,44,0.468532433,0.000394140,72.937496000,3.213859000,69.723637000,155.672245758,148.812829470
avx512_fma,3100,0xAA,45,0.468586799,0.000472228,73.478389000,3.226860000,70.251529000,156.808491456,149.922125878
avx512_fma,3100,0xAA,46,0.468583629,0.000458819,73.009701000,3.220146000,69.789555000,155.809329443,148.937245567
avx512_fma,3100,0xAA,47,0.468510766,0.000424983,73.247004000,3.231559000,70.015445000,156.340065738,149.442552954
avx512_fma,3100,0xAA,48,0.468561304,0.000446267,72.841306000,3.220573000,69.620733000,155.457365819,148.584043215
avx512_fma,3100,0xAA,49,0.468611318,0.000471096,73.075497000,3.222892000,69.852605000,155.940529351,149.062991665
avx512_fma,3100,0xAA,50,0.468574810,0.000476873,73.197262000,3.204642000,69.992620000,156.212541743,149.373416091
avx512_fma,3100,0xAA,51,0.468520921,0.000412684,73.090389000,3.217277000,69.873112000,156.002401865,149.135521741
avx512_fma,3100,0xAA,52,0.468572508,0.000515497,73.050899000,3.195792000,69.855107000,155.900949782,149.080677685
avx512_fma,3100,0xAA,53,0.468486921,0.000402112,73.216793000,3.213859000,70.002934000,156.283537032,149.423454372
avx512_fma,3100,0xAA,54,0.468603586,0.000434042,73.401545000,3.218009000,70.183536000,156.638888779,149.771657935
avx512_fma,3100,0xAA,55,0.468742581,0.000320923,73.279841000,3.218680000,70.061161000,156.332801872,149.466175855
avx512_fma,3100,0xAA,56,0.468281218,0.000520963,73.093502000,3.187186000,69.906316000,156.088903802,149.282767069
avx512_fma,3100,0xAA,57,0.468464358,0.000410421,73.258906000,3.196647000,70.062259000,156.380960044,149.557288301
avx512_fma,3100,0xAA,58,0.468636184,0.000617643,73.652522000,3.200126000,70.452396000,157.163540676,150.334947179
avx512_fma,3100,0xAA,59,0.468581861,0.000387230,73.047176000,3.201897000,69.845279000,155.889892488,149.056727862
avx512_fma,3100,0xAA,60,0.468872101,0.001362134,73.660273000,3.258353000,70.401920000,157.100993612,150.151650730
avx512_fma,3100,0xAA,61,0.468567246,0.000398287,73.269466000,3.172966000,70.096500000,156.369158602,149.597524376
avx512_fma,3100,0xAA,62,0.468577621,0.000470026,73.084163000,3.220512000,69.863651000,155.970237841,149.097284769
avx512_fma,3100,0xAA,63,0.468574208,0.000458605,73.158870000,3.212211000,69.946659000,156.130808658,149.275520966
avx512_fma,3100,0xAA,64,0.468512317,0.000419051,73.283077000,3.226554000,70.056523000,156.416543190,149.529735979
avx512_fma,3100,0xAA,65,0.468503852,0.000410426,72.901791000,3.221794000,69.679997000,155.605531796,148.728760158
avx512_fma,3100,0xAA,66,0.467870148,0.000021510,73.491939000,3.215874000,70.276065000,157.077640756,150.204207999
avx512_fma,3100,0xAA,67,0.468446781,0.000696807,73.447627000,3.227225000,70.220402000,156.789693175,149.900490103
avx512_fma,3100,0xAA,68,0.468335200,0.000422943,73.347896000,3.224540000,70.123356000,156.614100388,149.728989038
avx512_fma,3100,0xAA,69,0.468523395,0.000956688,73.503901000,3.236320000,70.267581000,156.884163727,149.976675147
avx512_fma,3100,0xAA,70,0.468315846,0.000305896,72.995358000,3.196220000,69.799138000,155.867794403,149.042870525
avx512_fma,3100,0xAA,71,0.468589550,0.000474958,73.006344000,3.214652000,69.791692000,155.800196557,148.939924065
avx512_fma,3100,0xAA,72,0.468491155,0.000401623,72.906369000,3.210929000,69.695440000,155.619520679,148.765754145
avx512_fma,3100,0xAA,73,0.468641298,0.000470655,72.793942000,3.220512000,69.573430000,155.329763414,148.457744215
avx512_fma,3100,0xAA,74,0.468516991,0.000417564,73.074642000,3.227348000,69.847294000,155.970100144,149.081666934
avx512_fma,3100,0xAA,75,0.468726793,0.000433357,73.325618000,3.229911000,70.095707000,156.435729809,149.544911862
avx512_fma,3100,0xAA,76,0.468232331,0.000467459,73.062008000,3.217277000,69.844731000,156.037939280,149.166826825
avx512_fma,3100,0xAA,77,0.468439774,0.000558778,73.485285000,3.229484000,70.255801000,156.872428540,149.978300035
avx512_fma,3100,0xAA,78,0.468430448,0.000425329,73.027462000,3.200797000,69.826665000,155.898196331,149.065171255
avx512_fma,3100,0xAA,79,0.468777173,0.000274770,73.133968000,3.229789000,69.904179000,156.010088093,149.120270951
avx512_fma,3100,0xAA,80,0.468368783,0.000498886,72.989377000,3.222526000,69.766851000,155.837407614,148.957089978
avx512_fma,3100,0xAA,81,0.468394832,0.000454426,72.790769000,3.213920000,69.576849000,155.404722610,148.543161001
avx512_fma,3100,0xAA,82,0.468473056,0.000458778,73.250422000,3.207816000,70.042606000,156.359946403,149.512560079
avx512_fma,3100,0xAA,83,0.468483917,0.000452790,73.283199000,3.210624000,70.072575000,156.426285625,149.573064235
avx512_fma,3100,0xAA,84,0.468585555,0.000532009,73.284114000,3.212516000,70.071598000,156.394308957,149.538536370
avx512_fma,3100,0xAA,85,0.468508048,0.000373658,73.195980000,3.205070000,69.990910000,156.232065564,149.391051804
avx512_fma,3100,0xAA,86,0.468747186,0.000876414,73.634089000,3.239921000,70.394168000,157.086999678,150.175126712
avx512_fma,3100,0xAA,87,0.468296560,0.000444040,73.162349000,3.190544000,69.971805000,156.230806109,149.417721676
avx512_fma,3100,0xAA,88,0.468422980,0.000498930,72.996640000,3.217948000,69.778692000,155.834882479,148.965134113
avx512_fma,3100,0xAA,89,0.468596348,0.000341595,72.981563000,3.224724000,69.756839000,155.745052788,148.863385844
avx512_fma,3100,0xAA,90,0.468489790,0.000506410,73.626216000,3.223929000,70.402287000,157.156500631,150.274965392
avx512_fma,3100,0xAA,91,0.468774218,0.000078541,72.603757000,3.220817000,69.382940000,154.880013047,148.009291757
avx512_fma,3100,0xAA,92,0.468569063,0.000750332,73.570796000,3.242668000,70.328128000,157.011637827,150.091274840
avx512_fma,3100,0xAA,93,0.468434817,0.000410566,73.320430000,3.214713000,70.105717000,156.522161475,149.659492676
avx512_fma,3100,0xAA,94,0.468584591,0.000477307,73.408259000,3.226310000,70.181949000,156.659566773,149.774342497
avx512_fma,3100,0xAA,95,0.468512877,0.000462776,73.293696000,3.222892000,70.070804000,156.439021264,149.560038519
avx512_fma,3100,0xAA,96,0.468520706,0.000435520,73.160336000,3.189445000,69.970891000,156.151766617,149.344287339
avx512_fma,3100,0xAA,97,0.468371895,0.000329003,73.454829000,3.223746000,70.231083000,156.830138117,149.947261426
avx512_fma,3100,0xAA,98,0.468551384,0.000426801,73.467341000,3.229606000,70.237735000,156.796764472,149.904017784
avx512_fma,3100,0xAA,99,0.468601525,0.000512842,73.036312000,3.226310000,69.810002000,155.860167074,148.975191617
avx512_fma,3300,0x00,0,0.468352749,0.000476484,71.881591000,3.204826000,68.676765000,153.477461447,146.634700289
avx512_fma,3300,0x00,1,0.468374958,0.000442000,71.752807000,3.230949000,68.521858000,153.195224723,146.297014342
avx512_fma,3300,0x00,2,0.468671022,0.001730311,72.555723000,3.280021000,69.275702000,154.811625900,147.813068612
avx512_fma,3300,0x00,3,0.468341111,0.000417128,71.826232000,3.219718000,68.606514000,153.363073092,146.488344553
avx512_fma,3300,0x00,4,0.468496690,0.000646074,71.907714000,3.227958000,68.679756000,153.486066369,146.596032626
avx512_fma,3300,0x00,5,0.468378476,0.000411920,71.993712000,3.213065000,68.780647000,153.708412499,146.848436722
avx512_fma,3300,0x00,6,0.468430322,0.000460001,71.843749000,3.223442000,68.620307000,153.371260566,146.489891348
avx512_fma,3300,0x00,7,0.468333059,0.000483881,71.932433000,3.215812000,68.716621000,153.592473587,146.725967075
avx512_fma,3300,0x00,8,0.468375175,0.000480917,71.934265000,3.220694000,68.713571000,153.582574196,146.706261840
avx512_fma,3300,0x00,9,0.468350083,0.000439404,71.820068000,3.198723000,68.621345000,153.346974115,146.517204850
avx512_fma,3300,0x00,10,0.468342163,0.000444878,71.704772000,3.209343000,68.495429000,153.103388228,146.250827742
avx512_fma,3300,0x00,11,0.468366292,0.000469160,71.781982000,3.217582000,68.564400000,153.260350482,146.390552083
avx512_fma,3300,0x00,12,0.468431644,0.000491492,71.614013000,3.210563000,68.403450000,152.880391348,146.026535415
avx512_fma,3300,0x00,13,0.468420633,0.000605906,72.111571000,3.236442000,68.875129000,153.946188361,147.036923969
avx512_fma,3300,0x00,14,0.468345111,0.000420444,71.685546000,3.192008000,68.493538000,153.061373605,146.245869556
avx512_fma,3300,0x00,15,0.468437636,0.000481539,71.872557000,3.202812000,68.669745000,153.430363959,146.593142196
avx512_fma,3300,0x00,16,0.468835306,0.000038024,71.829833000,3.213370000,68.616463000,153.209095206,146.355153192
avx512_fma,3300,0x00,17,0.468051989,0.000422621,71.995360000,3.183830000,68.811530000,153.819151962,147.016852055
avx512_fma,3300,0x00,18,0.468004980,0.000325942,71.885070000,3.206169000,68.678901000,153.598942625,146.748227055
avx512_fma,3300,0x00,19,0.468324340,0.000485485,71.900695000,3.215385000,68.685310000,153.527563860,146.661841269
avx512_fma,3300,0x00,20,0.468340568,0.000436388,71.951720000,3.210685000,68.741035000,153.631192508,146.775743252
avx512_fma,3300,0x00,21,0.468495952,0.000688539,72.123473000,3.207267000,68.916206000,153.946843646,147.100963784
avx512_fma,3300,0x00,22,0.468343086,0.000425441,71.832458000,3.209037000,68.623421000,153.375719847,146.523826238
avx512_fma,3300,0x00,23,0.468363730,0.000446386,71.919189000,3.207389000,68.711800000,153.554138303,146.706065335
avx512_fma,3300,0x00,24,0.468125737,0.000425805,71.858459000,3.193534000,68.664925000,153.502474591,146.680516835
avx512_fma,3300,0x00,25,0.468162178,0.000444903,72.380369000,3.204154000,69.176215000,154.605332004,147.761220820
avx512_fma,3300,0x00,26,0.468199322,0.000437344,71.870116000,3.188896000,68.681220000,153.503246648,146.692267114
avx512_fma,3300,0x00,27,0.468246445,0.000441495,72.150450000,3.198661000,68.951789000,154.086487641,147.255339136
avx512_fma,3300,0x00,28,0.468298003,0.000483328,71.866882000,3.202262000,68.664620000,153.463994317,146.625908349
avx512_fma,3300,0x00,29,0.468323530,0.000428562,71.911682000,3.210197000,68.701485000,153.551289663,146.696633010
avx512_fma,3300,0x00,30,0.468498271,0.000663693,72.458067000,3.230583000,69.227484000,154.660265391,147.764651903
avx512_fma,3300,0x00,31,0.468372762,0.000406014,71.762939000,3.220633000,68.542306000,153.217575613,146.341358068
avx512_fma,3300,0x00,32,0.468461526,0.000484420,71.835998000,3.221854000,68.614144000,153.344498942,146.466977907
avx512_fma,3300,0x00,33,0.468420341,0.000481756,71.749512000,3.213920000,68.535592000,153.173348197,146.312160246
avx512_fma,3300,0x00,34,0.468365623,0.000449854,71.836303000,3.208366000,68.627937000,153.376549252,146.526417977
avx512_fma,3300,0x00,35,0.468443816,0.000494249,71.897277000,3.197014000,68.700263000,153.481110268,146.656355859
avx512_fma,3300,0x00,36,0.468390166,0.000456066,71.763488000,3.199516000,68.563972000,153.213054318,146.382176495
avx512_fma,3300,0x00,37,0.468387820,0.000455023,72.157469000,3.217399000,68.940070000,154.054964502,147.185872562
avx512_fma,3300,0x00,38,0.468466124,0.000538871,72.306456000,3.223868000,69.082588000,154.347245810,147.465493139
avx512_fma,3300,0x00,39,0.468366557,0.000418550,71.890685000,3.207572000,68.683113000,153.492353306,146.643930946
avx512_fma,3300,0x00,40,0.468471831,0.000491196,72.054381000,3.226188000,68.828193000,153.807286368,146.920665253
avx512_fma,3300,0x00,41,0.468418595,0.000486205,71.852416000,3.189201000,68.663215000,153.393602943,146.585160595
avx512_fma,3300,0x00,42,0.468392740,0.000457629,72.187071000,3.209403000,68.977668000,154.116545362,147.264596721
avx512_fma,3300,0x00,43,0.468376487,0.000412826,71.871948000,3.202629000,68.669319000,153.449094871,146.611371184
avx512_fma,3300,0x00,44,0.468403799,0.000473298,72.055418000,3.198417000,68.857001000,153.831839415,147.003506668
avx512_fma,3300,0x00,45,0.467879092,0.000122534,71.958495000,3.206840000,68.751655000,153.797201498,146.943208545
avx512_fma,3300,0x00,46,0.467922183,0.000179244,72.114012000,3.205314000,68.908698000,154.115394702,147.265294166
avx512_fma,3300,0x00,47,0.468218547,0.000755262,72.621518000,3.208427000,69.413091000,155.101754106,148.249340808
avx512_fma,3300,0x00,48,0.468089368,0.000346344,71.939452000,3.198784000,68.740668000,153.687430199,146.853726590
avx512_fma,3300,0x00,49,0.468435017,0.000460770,71.795592000,3.195487000,68.600105000,153.266919376,146.445296561
avx512_fma,3300,0x00,50,0.468264753,0.000411116,72.758847000,3.197257000,69.561590000,155.379721824,148.551838704
avx512_fma,3300,0x00,51,0.468358148,0.000473114,72.032164000,3.191703000,68.840461000,153.797183456,146.982520331
avx512_fma,3300,0x00,52,0.468342013,0.000443122,71.915466000,3.137992000,68.777474000,153.553309354,146.853094739
avx512_fma,3300,0x00,53,0.468412930,0.000484489,71.854613000,3.182181000,68.672432000,153.400148419,146.606610506
avx512_fma,3300,0x00,54,0.468375962,0.000437090,71.920104000,3.195793000,68.724311000,153.552081876,146.728945630
avx512_fma,3300,0x00,55,0.468512172,0.000740728,72.357603000,3.217338000,69.140265000,154.441244581,147.574106030
avx512_fma,3300,0x00,56,0.468023239,0.000335655,72.030211000,3.182243000,68.847968000,153.903064904,147.103738008
avx512_fma,3300,0x00,57,0.468100698,0.000419060,72.137877000,3.164604000,68.973273000,154.107604048,147.347084326
avx512_fma,3300,0x00,58,0.468172119,0.000433693,71.751770000,3.167838000,68.583932000,153.259382901,146.492986796
avx512_fma,3300,0x00,59,0.468235423,0.000469554,72.231200000,3.167717000,69.063483000,154.262570675,147.497347785
avx512_fma,3300,0x00,60,0.468234077,0.000434566,71.991576000,3.175224000,68.816352000,153.751252982,146.969978066
avx512_fma,3300,0x00,61,0.468246458,0.000440610,71.863829000,3.151909000,68.711920000,153.474367540,146.743064087
avx512_fma,3300,0x00,62,0.468304648,0.000489453,72.314756000,3.177848000,69.136908000,154.418189736,147.632333535
avx512_fma,3300,0x00,63,0.468327256,0.000466940,71.775451000,3.182182000,68.593269000,153.259179587,146.464396749
avx512_fma,3300,0x00,64,0.468385764,0.000543369,72.563412000,3.189018000,69.374394000,154.922325972,148.113797093
avx512_fma,3300,0x00,65,0.468409548,0.000405206,71.807678000,3.160087000,68.647591000,153.301055127,146.554636291
avx512_fma,3300,0x00,66,0.468455720,0.000502633,71.961852000,3.203483000,68.758369000,153.615056840,146.776666645
avx512_fma,3300,0x00,67,0.468396679,0.000443965,72.236815000,3.213004000,69.023811000,154.221449872,147.361870925
avx512_fma,3300,0x00,68,0.468408340,0.000474176,72.239622000,3.204399000,69.035223000,154.223603360,147.382565897
avx512_fma,3300,0x00,69,0.468400934,0.000418368,72.267027000,3.205864000,69.061163000,154.284549207,147.440275925
avx512_fma,3300,0x00,70,0.468192470,0.000454827,72.170348000,3.195548000,68.974800000,154.146750789,147.321463745
avx512_fma,3300,0x00,71,0.468322301,0.000431889,72.168028000,3.216118000,68.951910000,154.099063570,147.231745924
avx512_fma,3300,0x00,72,0.468533983,0.000780410,72.753720000,3.243949000,69.509771000,155.279494269,148.355879089
avx512_fma,3300,0x00,73,0.468374448,0.000391746,72.140807000,3.222526000,68.918281000,154.023788793,147.143554365
avx512_fma,3300,0x00,74,0.468401908,0.000466658,72.120543000,3.209769000,68.910774000,153.971497176,147.118901259
avx512_fma,3300,0x00,75,0.468380739,0.000444376,72.053953000,3.211357000,68.842596000,153.836285231,146.979989208
avx512_fma,3300,0x00,76,0.468397939,0.000465152,72.417112000,3.234488000,69.182624000,154.605957950,147.700530463
avx512_fma,3300,0x00,77,0.468399937,0.000461038,72.383176000,3.207328000,69.175848000,154.532847440,147.685434051
avx512_fma,3300,0x00,78,0.468437367,0.000492114,71.887145000,3.216422000,68.670723000,153.461593798,146.595314069
avx512_fma,3300,0x00,79,0.468537382,0.000412001,72.210203000,3.205192000,69.005011000,154.118338797,147.277492960
avx512_fma,3300,0x00,80,0.468303606,0.000479148,72.282041000,3.179252000,69.102789000,154.348674774,147.559805420
avx512_fma,3300,0x00,81,0.468422302,0.000770525,72.833493000,3.216972000,69.616521000,155.486817582,148.619142863
avx512_fma,3300,0x00,82,0.468387360,0.000435580,71.843810000,3.203300000,68.640510000,153.385458636,146.546461099
avx512_fma,3300,0x00,83,0.468441916,0.000493418,71.874877000,3.207817000,68.667060000,153.433914681,146.586071033
avx512_fma,3300,0x00,84,0.468441853,0.000460423,72.466611000,3.182609000,69.284002000,154.697131536,147.903099411
avx512_fma,3300,0x00,85,0.468286494,0.000510568,72.109313000,3.186881000,68.922432000,153.985463782,147.180055044
avx512_fma,3300,0x00,86,0.468431021,0.000423288,72.234801000,3.184379000,69.050422000,154.205844179,147.407876370
avx512_fma,3300,0x00,87,0.468456420,0.000522643,72.249143000,3.168632000,69.080511000,154.228098801,147.464114221
avx512_fma,3300,0x00,88,0.468688596,0.000331458,72.025389000,3.199089000,68.826300000,153.674293853,146.848676528
avx512_fma,3300,0x00,89,0.468446645,0.000703073,72.943844000,3.228934000,69.714910000,155.714305426,148.821452137
avx512_fma,3300,0x00,90,0.468350618,0.000419690,72.512693000,3.221427000,69.291266000,154.825658769,147.947420811
avx512_fma,3300,0x00,91,0.468394417,0.000425686,72.183042000,3.214775000,68.968267000,154.107391828,147.243998753
avx512_fma,3300,0x00,92,0.468430752,0.000489729,72.195250000,3.214591000,68.980659000,154.121499751,147.259031846
avx512_fma,3300,0x00,93,0.468362601,0.000418938,72.050414000,3.208793000,68.841621000,153.834686576,146.983599427
avx512_fma,3300,0x00,94,0.468408631,0.000466865,72.501218000,3.216606000,69.284612000,154.781985540,147.914891757
avx512_fma,3300,0x00,95,0.468377108,0.000441838,72.106139000,3.224113000,68.882026000,153.948896666,147.065313021
avx512_fma,3300,0x00,96,0.468413749,0.000492450,72.275755000,3.225089000,69.050666000,154.298961463,147.413832648
avx512_fma,3300,0x00,97,0.468412431,0.000490582,71.882567000,3.187980000,68.694587000,153.459990061,146.654064792
avx512_fma,3300,0x00,98,0.468467946,0.000661473,72.585019000,3.225883000,69.359136000,154.941271063,148.055243902
avx512_fma,3300,0x00,99,0.468406790,0.000407899,72.085936000,3.216362000,68.869574000,153.896009896,147.029410034
avx512_fma,3300,0xAA,0,0.468335252,0.000446429,72.316343000,3.220207000,69.096136000,154.411487716,147.535629051
avx512_fma,3300,0xAA,1,0.468363261,0.000473636,72.480283000,3.212455000,69.267828000,154.752281169,147.893384944
avx512_fma,3300,0xAA,2,0.468357087,0.000427250,72.676206000,3.219291000,69.456915000,155.172640813,148.299058474
avx512_fma,3300,0xAA,3,0.468125702,0.000425513,72.567136000,3.221427000,69.345709000,155.016346372,148.134803691
avx512_fma,3300,0xAA,4,0.468277723,0.000453041,72.806027000,3.215507000,69.590520000,155.476170435,148.609503829
avx512_fma,3300,0xAA,5,0.468312320,0.000447481,72.402952000,3.199515000,69.203437000,154.603987226,147.771976065
avx512_fma,3300,0xAA,6,0.468228365,0.000322747,73.083004000,3.228629000,69.854375000,156.084102300,149.188687066
avx512_fma,3300,0xAA,7,0.468403806,0.000472493,72.697507000,3.212516000,69.484991000,155.202639337,148.344206597
avx512_fma,3300,0xAA,8,0.468401924,0.000443475,72.627255000,3.217094000,69.410161000,155.053280766,148.185046806
avx512_fma,3300,0xAA,9,0.468397928,0.000489090,72.432066000,3.209281000,69.222785000,154.637887426,147.786275131
avx512_fma,3300,0xAA,10,0.468382408,0.000459735,72.583188000,3.208304000,69.374884000,154.965657843,148.115904427
avx512_fma,3300,0xAA,11,0.468355206,0.000420264,72.114806000,3.209282000,68.905524000,153.974600946,147.122361543
avx512_fma,3300,0xAA,12,0.468411169,0.000517932,72.093382000,3.217827000,68.875555000,153.910467423,147.040804163
avx512_fma,3300,0xAA,13,0.468355548,0.000436243,72.997127000,3.233390000,69.763737000,155.858358630,148.954650513
avx512_fma,3300,0xAA,14,0.468484605,0.000735768,73.393245000,3.248893000,70.144352000,156.660953565,149.726055463
avx512_fma,3300,0xAA,15,0.468405079,0.000417759,72.668210000,3.233574000,69.434636000,155.139671307,148.236300390
avx512_fma,3300,0xAA,16,0.468427636,0.000472984,72.453428000,3.221549000,69.231879000,154.673683638,147.796316140
avx512_fma,3300,0xAA,17,0.468443106,0.000489146,72.448057000,3.221427000,69.226630000,154.657110151,147.780230204
avx512_fma,3300,0xAA,18,0.468405687,0.000442519,72.494199000,3.223381000,69.270818000,154.767973624,147.886372717
avx512_fma,3300,0xAA,19,0.468428708,0.000489562,72.782651000,3.218497000,69.564154000,155.376153775,148.505317416
avx512_fma,3300,0xAA,20,0.468397057,0.000431775,72.901669000,3.218497000,69.683172000,155.640749456,148.769448811
avx512_fma,3300,0xAA,21,0.468440575,0.000479365,72.490903000,3.201774000,69.289129000,154.749410981,147.914447971
avx512_fma,3300,0xAA,22,0.468463679,0.000465165,72.600522000,3.182121000,69.418401000,154.975775732,148.183101839
avx512_fma,3300,0xAA,23,0.468561264,0.000770927,72.955197000,3.220694000,69.734503000,155.700444435,148.826863007
avx512_fma,3300,0xAA,24,0.468051737,0.000319389,72.975644000,3.201225000,69.774419000,155.913627070,149.074158811
avx512_fma,3300,0xAA,25,0.468128554,0.000433319,72.572385000,3.197868000,69.374517000,155.026614774,148.195439933
avx512_fma,3300,0xAA,26,0.468197445,0.000409164,72.271848000,3.196037000,69.075811000,154.361901905,147.535642946
avx512_fma,3300,0xAA,27,0.468335514,0.000477374,72.470274000,3.198723000,69.271551000,154.740078130,147.910096407
avx512_fma,3300,0xAA,28,0.468340510,0.000445413,72.512510000,3.198479000,69.314031000,154.828609672,147.999221797
avx512_fma,3300,0xAA,29,0.468407060,0.000500937,73.061947000,3.211539000,69.850408000,155.979602312,149.123303012
avx512_fma,3300,0xAA,30,0.468360622,0.000450656,72.687130000,3.213737000,69.473393000,155.194793338,148.333121271
avx512_fma,3300,0xAA,31,0.468365031,0.000825697,73.057736000,3.216667000,69.841069000,155.984608390,149.116745111
avx512_fma,3300,0xAA,32,0.468397795,0.000380615,72.474058000,3.196158000,69.277900000,154.727581358,147.903983913
avx512_fma,3300,0xAA,33,0.468437600,0.000485085,72.438841000,3.211113000,69.227728000,154.639253991,147.784311091
avx512_fma,3300,0xAA,34,0.468341380,0.000493409,72.704159000,3.197013000,69.507146000,155.237529834,148.411284846
avx512_fma,3300,0xAA,35,0.468391729,0.000451464,72.827816000,3.205925000,69.621891000,155.484846329,148.640308303
avx512_fma,3300,0xAA,36,0.468085776,0.000393151,72.989987000,3.206229000,69.783758000,155.932931071,149.083269821
avx512_fma,3300,0xAA,37,0.468213148,0.000494313,72.781185000,3.223930000,69.557255000,155.444556299,148.558952989
avx512_fma,3300,0xAA,38,0.468565940,0.000358888,72.510312000,3.179130000,69.331182000,154.749429729,147.964621597
avx512_fma,3300,0xAA,39,0.468318072,0.000485519,72.776303000,3.209220000,69.567083000,155.399305351,148.546654994
avx512_fma,3300,0xAA,40,0.468481277,0.000822785,73.491389000,3.228080000,70.263309000,156.871560621,149.981039782
avx512_fma,3300,0xAA,41,0.468392043,0.000419884,72.527097000,3.201469000,69.325628000,154.842718000,148.007697958
avx512_fma,3300,0xAA,42,0.468434355,0.000481875,72.288023000,3.178398000,69.109625000,154.318363396,147.533212036
avx512_fma,3300,0xAA,43,0.468447772,0.000487467,72.639035000,3.183525000,69.455510000,155.063252186,148.267350507
avx512_fma,3300,0xAA,44,0.468404175,0.000462254,72.552427000,3.186149000,69.366278000,154.892784634,148.090648423
avx512_fma,3300,0xAA,45,0.468444096,0.000416307,72.431333000,3.201774000,69.229559000,154.621082196,147.786170559
avx512_fma,3300,0xAA,46,0.468411701,0.000548120,72.834897000,3.190361000,69.644536000,155.493333832,148.682314823
avx512_fma,3300,0xAA,47,0.468730197,0.000243844,72.431638000,3.188163000,69.243475000,154.527356111,147.725654357
avx512_fma,3300,0xAA,48,0.468548490,0.000906772,72.860531000,3.188285000,69.672246000,155.502648071,148.698048193
avx512_fma,3300,0xAA,49,0.468356327,0.000421561,72.883054000,3.196708000,69.686346000,155.614539255,148.789163324
avx512_fma,3300,0xAA,50,0.468427060,0.000438499,72.409849000,3.194939000,69.214910000,154.580841311,147.760272488
avx512_fma,3300,0xAA,51,0.468052633,0.000375414,73.008175000,3.204337000,69.803838000,155.982831398,149.136727410
avx512_fma,3300,0xAA,52,0.468192974,0.000457298,72.575681000,3.203483000,69.372198000,155.012324090,148.170096250
avx512_fma,3300,0xAA,53,0.468319822,0.000444803,72.607358000,3.195915000,69.411443000,155.037977527,148.213762853
avx512_fma,3300,0xAA,54,0.468439283,0.000519590,73.166927000,3.202445000,69.964482000,156.192978934,149.356564656
avx512_fma,3300,0xAA,55,0.468376193,0.000433227,72.647886000,3.201042000,69.446844000,155.105846593,148.271506920
avx512_fma,3300,0xAA,56,0.468451625,0.000487784,72.866391000,3.209098000,69.657293000,155.547311695,148.696875437
avx512_fma,3300,0xAA,57,0.468504173,0.000825731,73.489925000,3.207267000,70.282658000,156.860769414,150.015009681
avx512_fma,3300,0xAA,58,0.468416274,0.000433967,72.600888000,3.192130000,69.408758000,154.992241023,148.177511948
avx512_fma,3300,0xAA,59,0.468434294,0.000486279,72.480100000,3.198844000,69.281256000,154.728423899,147.899624127
avx512_fma,3300,0xAA,60,0.468364932,0.000425109,72.261961000,3.211601000,69.050360000,154.285592380,147.428543997
avx512_fma,3300,0xAA,61,0.468479944,0.000505995,73.015499000,3.208976000,69.806523000,155.856189663,149.006427915
avx512_fma,3300,0xAA,62,0.468413608,0.000467340,72.552671000,3.197501000,69.355170000,154.890186175,148.063951960
avx512_fma,3300,0xAA,63,0.468429390,0.000505477,73.009457000,3.193778000,69.815679000,155.860111584,149.042055185
avx512_fma,3300,0xAA,64,0.468357102,0.000428770,72.995052000,3.189689000,69.805363000,155.853411222,149.043033015
avx512_fma,3300,0xAA,65,0.468429921,0.000459722,73.225216000,3.201713000,70.023503000,156.320535333,149.485547094
avx512_fma,3300,0xAA,66,0.468444278,0.000472833,73.296504000,3.187065000,70.109439000,156.467924606,149.664415312
avx512_fma,3300,0xAA,67,0.467961796,0.000257679,72.718441000,3.197563000,69.520878000,155.393969537,148.561012166
avx512_fma,3300,0xAA,68,0.468123705,0.000430344,72.890927000,3.212455000,69.678472000,155.708685948,148.846279784
avx512_fma,3300,0xAA,69,0.468194806,0.000457976,72.711484000,3.207389000,69.504095000,155.301773954,148.451230215
avx512_fma,3300,0xAA,70,0.468244846,0.000452889,72.245726000,3.193778000,69.051948000,154.290488501,147.469744977
avx512_fma,3300,0xAA,71,0.468335770,0.000480272,72.691098000,3.198417000,69.492681000,155.211501426,148.382176813
avx512_fma,3300,0xAA,72,0.468349086,0.000456900,72.341611000,3.204276000,69.137335000,154.460877892,147.619237553
avx512_fma,3300,0xAA,73,0.468353858,0.000470068,73.073604000,3.194022000,69.879582000,156.022209873,149.202532950
avx512_fma,3300,0xAA,74,0.468395742,0.000519092,73.309138000,3.195792000,70.113346000,156.511110961,149.688264997
avx512_fma,3300,0xAA,75,0.468389732,0.000459789,72.611142000,3.179130000,69.432012000,155.022915938,148.235555359
avx512_fma,3300,0xAA,76,0.468411331,0.000508640,72.835018000,3.205253000,69.629765000,155.493715048,148.650898085
avx512_fma,3300,0xAA,77,0.468392577,0.000438939,72.909481000,3.193656000,69.715825000,155.658916324,148.840584534
avx512_fma,3300,0xAA,78,0.468420782,0.000489750,73.124630000,3.212455000,69.912175000,156.108851021,149.250797052
avx512_fma,3300,0xAA,79,0.468371331,0.000424649,72.905330000,3.201652000,69.703678000,155.657114884,148.821401868
avx512_fma,3300,0xAA,80,0.468361010,0.000575206,73.311702000,3.205803000,70.105899000,156.528191682,149.683465222
avx512_fma,3300,0xAA,81,0.468294583,0.000383152,73.190182000,3.205192000,69.984990000,156.290900385,149.446507737
avx512_fma,3300,0xAA,82,0.468514292,0.000747631,73.562739000,3.233817000,70.328922000,157.012796136,150.110515766
avx512_fma,3300,0xAA,83,0.468350908,0.000371925,72.871700000,3.214042000,69.657658000,155.592097221,148.729631609
avx512_fma,3300,0xAA,84,0.468449368,0.000466155,72.560483000,3.208366000,69.352117000,154.895038861,148.046132188
avx512_fma,3300,0xAA,85,0.468420604,0.000446369,73.052181000,3.214347000,69.837834000,155.954243611,149.092147939
avx512_fma,3300,0xAA,86,0.468459743,0.000518747,73.179501000,3.210991000,69.968510000,156.212998209,149.358639755
avx512_fma,3300,0xAA,87,0.468523811,0.000383628,72.993404000,3.210136000,69.783268000,155.794438458,148.942842175
avx512_fma,3300,0xAA,88,0.468218096,0.000580024,73.332881000,3.220085000,70.112796000,156.621202097,149.743883537
avx512_fma,3300,0xAA,89,0.468619001,0.000305078,72.957943000,3.221611000,69.736332000,155.687120762,148.812429396
avx512_fma,3300,0xAA,90,0.468007822,0.000313942,73.403987000,3.227225000,70.176762000,156.843504685,149.947840020
avx512_fma,3300,0xAA,91,0.468367772,0.000738239,73.618891000,3.244926000,70.373965000,157.181803158,150.253645006
avx512_fma,3300,0xAA,92,0.468274050,0.000432363,73.088497000,3.196525000,69.891972000,156.080604996,149.254420625
avx512_fma,3300,0xAA,93,0.468393368,0.000462217,73.296383000,3.226493000,70.069890000,156.484672788,149.596246910
avx512_fma,3300,0xAA,94,0.468369275,0.000435667,73.199947000,3.211478000,69.988469000,156.286825236,149.430103046
avx512_fma,3300,0xAA,95,0.468381918,0.000461059,73.221004000,3.222037000,69.998967000,156.327563344,149.448482675
avx512_fma,3300,0xAA,96,0.468426959,0.000492117,73.098446000,3.204216000,69.894230000,156.050894550,149.210519679
avx512_fma,3300,0xAA,97,0.468428158,0.000543408,73.376521000,3.221000000,70.155521000,156.644129396,149.767941565
avx512_fma,3300,0xAA,98,0.468338747,0.000402955,73.112728000,3.216667000,69.896061000,156.110781925,149.242533204
avx512_fma,3300,0xAA,99,0.468549469,0.000809671,73.578180000,3.235160000,70.343020000,157.033962986,150.129334525
avx512_fma,3500,0x00,0,0.468388182,0.000612406,72.090636000,3.226005000,68.864631000,153.912158118,147.024697843
avx512_fma,3500,0x00,1,0.468351109,0.000401177,71.982848000,3.208121000,68.774727000,153.694197759,146.844377321
avx512_fma,3500,0x00,2,0.468403770,0.000448977,71.923278000,3.203727000,68.719551000,153.549742018,146.710072470
avx512_fma,3500,0x00,3,0.468375725,0.000438811,72.192442000,3.207267000,68.985175000,154.133611570,147.285974445
avx512_fma,3500,0x00,4,0.468555461,0.001041977,72.931332000,3.231315000,69.700017000,155.651439651,148.755105553
avx512_fma,3500,0x00,5,0.468344257,0.000399897,72.314145000,3.214836000,69.099309000,154.403825681,147.539567280
avx512_fma,3500,0x00,6,0.468423306,0.000459127,72.297850000,3.194144000,69.103706000,154.342982266,147.524055967
avx512_fma,3500,0x00,7,0.468192519,0.000442251,72.356138000,3.173332000,69.182806000,154.543558467,147.765722708
avx512_fma,3500,0x00,8,0.468307314,0.000459588,72.058898000,3.193961000,68.864937000,153.870964442,147.050739972
avx512_fma,3500,0x00,9,0.468279580,0.000426224,72.032409000,3.178642000,68.853767000,153.823510592,147.035595567
avx512_fma,3500,0x00,10,0.468314582,0.000505998,72.282286000,3.201896000,69.080390000,154.345580608,147.508518245
avx512_fma,3500,0x00,11,0.468273845,0.000426260,71.930846000,3.179863000,68.750983000,153.608506625,146.817901010
avx512_fma,3500,0x00,12,0.468507437,0.001040702,72.460447000,3.231498000,69.228949000,154.662319552,147.764887960
avx512_fma,3500,0x00,13,0.468313069,0.000391419,72.027038000,3.175529000,68.851509000,153.801042012,147.020259646
avx512_fma,3500,0x00,14,0.468418585,0.000497760,71.947203000,3.198783000,68.748420000,153.595961600,146.767063042
avx512_fma,3500,0x00,15,0.468358545,0.000418608,71.980346000,3.194267000,68.786079000,153.686415771,146.866283978
avx512_fma,3500,0x00,16,0.468366280,0.000443573,72.080932000,3.186027000,68.894905000,153.898636662,147.096210583
avx512_fma,3500,0x00,17,0.468328889,0.000467383,72.157591000,3.192314000,68.965277000,154.074610103,147.258216594
avx512_fma,3500,0x00,18,0.468353250,0.000434910,72.621640000,3.192131000,69.429509000,155.057406004,148.241757770
avx512_fma,3500,0x00,19,0.468393790,0.000531239,72.418333000,3.202750000,69.215583000,154.609933960,147.772204542
avx512_fma,3500,0x00,20,0.468314983,0.000403688,72.586789000,3.171196000,69.415593000,154.995658066,148.224155736
avx512_fma,3500,0x00,21,0.468354820,0.000449150,72.380613000,3.191398000,69.189215000,154.542261439,147.728201104
avx512_fma,3500,0x00,22,0.468325913,0.000417422,72.003661000,3.184440000,68.819221000,153.746907755,146.947284011
avx512_fma,3500,0x00,23,0.467975982,0.000293384,72.463010000,3.188103000,69.274907000,154.843438039,148.030902521
avx512_fma,3500,0x00,24,0.468145797,0.000424772,72.219969000,3.143668000,69.076301000,154.268113744,147.552966406
avx512_fma,3500,0x00,25,0.468147809,0.000435332,72.467466000,3.209891000,69.257575000,154.796123387,147.939547455
avx512_fma,3500,0x00,26,0.468240502,0.000417942,71.933532000,3.183525000,68.750007000,153.625181181,146.826271252
avx512_fma,3500,0x00,27,0.468279986,0.000473659,72.236082000,3.198051000,69.038031000,154.258315937,147.428959363
avx512_fma,3500,0x00,28,0.468624051,0.000353592,72.460203000,3.179740000,69.280463000,154.623312288,147.838043814
avx512_fma,3500,0x00,29,0.468320856,0.000449937,72.290159000,3.208000000,69.082159000,154.360323937,147.510319371
avx512_fma,3500,0x00,30,0.468334504,0.000429777,72.587583000,3.203177000,69.384406000,154.990893111,148.151386360
avx512_fma,3500,0x00,31,0.468345430,0.000428841,72.163878000,3.188041000,68.975837000,154.082592438,147.275563275
avx512_fma,3500,0x00,32,0.468371513,0.000443394,71.965575000,3.213859000,68.751716000,153.650623355,146.788850365
avx512_fma,3500,0x00,33,0.468467141,0.000443742,72.095701000,3.185661000,68.910040000,153.897028455,147.096848211
avx512_fma,3500,0x00,34,0.468272590,0.000543528,72.171507000,3.212394000,68.959113000,154.122851679,147.262757653
avx512_fma,3500,0x00,35,0.468399789,0.000399645,72.361326000,3.202446000,69.158880000,154.486248236,147.649255397
avx512_fma,3500,0x00,36,0.468426540,0.000497500,72.002013000,3.181694000,68.820319000,153.710361846,146.918060969
avx512_fma,3500,0x00,37,0.468378042,0.000443944,72.288207000,3.181937000,69.106270000,154.337309731,147.543786739
avx512_fma,3500,0x00,38,0.468476416,0.000935152,73.260066000,3.224174000,70.035892000,156.379410949,149.497156285
avx512_fma,3500,0x00,39,0.468457277,0.000384172,72.369382000,3.219962000,69.149420000,154.484486605,147.610941983
avx512_fma,3500,0x00,40,0.468398681,0.000472290,72.405271000,3.203910000,69.201361000,154.580432994,147.740298453
avx512_fma,3500,0x00,41,0.468347272,0.000417549,72.826596000,3.201713000,69.624883000,155.497000418,148.660806019
avx512_fma,3500,0x00,42,0.468454522,0.000646805,72.620725000,3.175651000,69.445074000,155.021931966,148.242936669
avx512_fma,3500,0x00,43,0.468408877,0.000377728,72.495176000,3.196830000,69.298346000,154.769005500,147.944134838
avx512_fma,3500,0x00,44,0.468369578,0.000765199,72.423764000,3.244437000,69.179327000,154.629522050,147.702434656
avx512_fma,3500,0x00,45,0.468428025,0.000344831,72.626646000,3.214103000,69.412543000,155.043340887,148.181874820
avx512_fma,3500,0x00,46,0.468527947,0.000811991,73.285395000,3.235405000,70.049990000,156.416272563,149.510804013
avx512_fma,3500,0x00,47,0.468346799,0.000402285,72.966183000,3.197746000,69.768437000,155.795199365,148.967468283
avx512_fma,3500,0x00,48,0.468401310,0.000464289,72.651608000,3.203910000,69.447698000,155.105475782,148.265379622
avx512_fma,3500,0x00,49,0.468370110,0.000451056,72.688596000,3.201224000,69.487372000,155.194779521,148.359962504
avx512_fma,3500,0x00,50,0.468354892,0.000429193,72.889950000,3.180412000,69.709538000,155.629739756,148.839137048
avx512_fma,3500,0x00,51,0.468456988,0.000621777,72.879147000,3.176444000,69.702703000,155.572761084,148.792108677
avx512_fma,3500,0x00,52,0.468415010,0.000459318,72.851498000,3.194938000,69.656560000,155.527676266,148.706934118
avx512_fma,3500,0x00,53,0.468397562,0.000460394,72.245726000,3.172599000,69.073127000,154.240183731,147.466879900
avx512_fma,3500,0x00,54,0.468348570,0.000473783,71.998045000,3.148002000,68.850043000,153.727479192,147.005985408
avx512_fma,3500,0x00,55,0.468387382,0.000416686,72.857113000,3.202507000,69.654606000,155.548837885,148.711533720
avx512_fma,3500,0x00,56,0.468380129,0.000446956,72.047911000,3.194388000,68.853523000,153.823586049,147.003510205
avx512_fma,3500,0x00,57,0.467993776,0.000294550,72.469297000,3.180595000,69.288702000,154.850984611,148.054751064
avx512_fma,3500,0x00,58,0.468277959,0.000445181,72.103514000,3.163749000,68.939765000,153.975886740,147.219751974
avx512_fma,3500,0x00,59,0.468389771,0.000700711,72.200376000,3.179008000,69.021368000,154.145928225,147.358828682
avx512_fma,3500,0x00,60,0.468397153,0.000367645,72.204588000,3.204765000,68.999823000,154.152491176,147.310508941
avx512_fma,3500,0x00,61,0.468365529,0.000468923,72.564023000,3.218436000,69.345587000,154.930323721,148.058690772
avx512_fma,3500,0x00,62,0.468316138,0.000422619,72.152952000,3.210624000,68.942328000,154.068899407,147.213222787
avx512_fma,3500,0x00,63,0.468429649,0.000940043,72.610410000,3.229484000,69.380926000,155.008142939,148.113865417
avx512_fma,3500,0x00,64,0.468362700,0.000426452,72.861019000,3.166679000,69.694340000,155.565374833,148.804206620
avx512_fma,3500,0x00,65,0.468354852,0.000415786,72.134092000,3.200615000,68.933477000,154.015895623,147.182156234
avx512_fma,3500,0x00,66,0.468246296,0.000450362,72.485044000,3.207634000,69.277410000,154.801104859,147.950791197
avx512_fma,3500,0x00,67,0.468366058,0.000441820,72.195921000,3.190421000,69.005500000,154.144220802,147.332409937
avx512_fma,3500,0x00,68,0.468472712,0.000737933,72.444578000,3.175163000,69.269415000,154.639910073,147.862219674
avx512_fma,3500,0x00,69,0.468331900,0.000422154,72.068846000,3.180900000,68.887946000,153.884127913,147.092149831
avx512_fma,3500,0x00,70,0.468389971,0.000472765,72.632199000,3.185172000,69.447027000,155.067792965,148.267536342
avx512_fma,3500,0x00,71,0.468319416,0.000400604,72.231688000,3.158073000,69.073615000,154.235945747,147.492528981
avx512_fma,3500,0x00,72,0.468572649,0.001079786,73.246272000,3.216728000,70.029544000,156.317856118,149.452905713
avx512_fma,3500,0x00,73,0.468234432,0.000398732,72.615292000,3.158623000,69.456669000,155.083195555,148.337380247
avx512_fma,3500,0x00,74,0.468401411,0.000444193,72.187193000,3.156669000,69.030524000,154.113952844,147.374713968
avx512_fma,3500,0x00,75,0.468430243,0.000499553,72.004882000,3.187431000,68.817451000,153.715271528,146.910777054
avx512_fma,3500,0x00,76,0.468058161,0.000367605,72.123961000,3.190483000,68.933478000,154.091877770,147.275453524
avx512_fma,3500,0x00,77,0.468170111,0.000419291,72.362425000,3.190605000,69.171820000,154.564384327,147.749329449
avx512_fma,3500,0x00,78,0.468237164,0.000520010,72.767636000,3.201164000,69.566472000,155.407647307,148.571017821
avx512_fma,3500,0x00,79,0.468220628,0.000422418,72.564267000,3.200858000,69.363409000,154.978791217,148.142573830
avx512_fma,3500,0x00,80,0.467888015,0.000105189,73.153499000,3.213859000,69.939640000,156.348306953,149.479443258
avx512_fma,3500,0x00,81,0.468042119,0.000358614,73.053157000,3.205436000,69.847721000,156.082442313,149.233836447
avx512_fma,3500,0x00,82,0.468170871,0.000418889,72.754331000,3.221549000,69.532782000,155.401233908,148.520094561
avx512_fma,3500,0x00,83,0.468366678,0.000455686,72.370664000,3.208976000,69.161688000,154.517106834,147.665688593
avx512_fma,3500,0x00,84,0.468393143,0.000463884,72.729794000,3.215567000,69.514227000,155.275104182,148.410001541
avx512_fma,3500,0x00,85,0.468450403,0.000742875,72.525693000,3.236381000,69.289312000,154.820430395,147.911735302
avx512_fma,3500,0x00,86,0.468330896,0.000428546,72.347655000,3.219536000,69.128119000,154.479782685,147.605292812
avx512_fma,3500,0x00,87,0.468410963,0.000499419,72.914242000,3.203299000,69.710943000,155.662970621,148.824319839
avx512_fma,3500,0x00,88,0.467870581,0.000023744,73.675349000,3.187980000,70.487369000,157.469505548,150.655698201
avx512_fma,3500,0x00,89,0.468292110,0.001095407,73.299617000,3.246147000,70.053470000,156.525415289,149.593530403
avx512_fma,3500,0x00,90,0.468185309,0.000376022,72.734616000,3.190482000,69.544134000,155.354332145,148.539761208
avx512_fma,3500,0x00,91,0.468285563,0.000459630,72.748715000,3.195793000,69.552922000,155.351180368,148.526726977
avx512_fma,3500,0x00,92,0.468293403,0.000424511,72.790890000,3.199699000,69.591191000,155.438640747,148.605960678
avx512_fma,3500,0x00,93,0.468355934,0.000444886,72.553403000,3.200370000,69.353033000,154.910822435,148.077621946
avx512_fma,3500,0x00,94,0.468392281,0.000467131,72.433530000,3.161430000,69.272100000,154.642877311,147.893342508
avx512_fma,3500,0x00,95,0.468385022,0.000478672,72.832089000,3.213676000,69.618413000,155.496195749,148.635011355
avx512_fma,3500,0x00,96,0.468283683,0.000428784,73.061459000,3.206595000,69.854864000,156.019655718,149.172107711
avx512_fma,3500,0x00,97,0.468450127,0.001065588,73.512263000,3.247551000,70.264712000,156.926551663,149.994007908
avx512_fma,3500,0x00,98,0.468364919,0.000419908,73.342646000,3.216056000,70.126590000,156.592953550,149.726393162
avx512_fma,3500,0x00,99,0.468402585,0.000462269,72.947201000,3.206718000,69.740483000,155.736119651,148.890047268
avx512_fma,3500,0xAA,0,0.468432995,0.000478074,72.702817000,3.181693000,69.521124000,155.204304027,148.412098882
avx512_fma,3500,0xAA,1,0.468411245,0.000507499,72.488340000,3.198966000,69.289374000,154.753628881,147.924232634
avx512_fma,3500,0xAA,2,0.468359364,0.000432263,72.702145000,3.168754000,69.533391000,155.227269140,148.461622404
avx512_fma,3500,0xAA,3,0.468395168,0.000495094,72.569150000,3.204825000,69.364325000,154.931465938,148.089326609
avx512_fma,3500,0xAA,4,0.468375843,0.000427286,72.811520000,3.199516000,69.612004000,155.455327500,148.624240776
avx512_fma,3500,0xAA,5,0.468507644,0.000967735,72.908138000,3.225273000,69.682865000,155.617819522,148.733677842
avx512_fma,3500,0xAA,6,0.468071005,0.000333685,73.298458000,3.207145000,70.091313000,156.596877872,149.745043501
avx512_fma,3500,0xAA,7,0.468331441,0.000467491,72.689084000,3.208122000,69.480962000,155.208635554,148.358525318
avx512_fma,3500,0xAA,8,0.468294631,0.000419775,72.699460000,3.212333000,69.487127000,155.242992845,148.383351949
avx512_fma,3500,0xAA,9,0.468393294,0.000462409,73.011165000,3.203727000,69.807438000,155.875769054,149.035946543
avx512_fma,3500,0xAA,10,0.468385084,0.000410672,73.056392000,3.201042000,69.855350000,155.975060849,149.140850904
avx512_fma,3500,0xAA,11,0.468445845,0.000477771,72.910885000,3.171623000,69.739262000,155.644213213,148.873691000
avx512_fma,3500,0xAA,12,0.468882243,0.000193919,72.905698000,3.213554000,69.692144000,155.488289590,148.634641266
avx512_fma,3500,0xAA,13,0.468219953,0.000427328,72.988583000,3.208915000,69.779668000,155.885246830,149.031811865
avx512_fma,3500,0xAA,14,0.468299108,0.000454019,73.324703000,3.198966000,70.125737000,156.576644565,149.745612977
avx512_fma,3500,0xAA,15,0.468462027,0.000406163,73.441645000,3.194389000,70.247256000,156.771820982,149.952935315
avx512_fma,3500,0xAA,16,0.468157149,0.000417203,72.881588000,3.185478000,69.696110000,155.677614261,148.873322136
avx512_fma,3500,0xAA,17,0.468214457,0.000432933,73.269283000,3.191276000,70.078007000,156.486588486,149.670745971
avx512_fma,3500,0xAA,18,0.468455848,0.000580600,72.961056000,3.192496000,69.768560000,155.747988288,148.933053624
avx512_fma,3500,0xAA,19,0.468286623,0.000445400,73.041134000,3.171135000,69.869999000,155.975273325,149.203491162
avx512_fma,3500,0xAA,20,0.468375708,0.000509849,73.260921000,3.174248000,70.086673000,156.414860296,149.637719760
avx512_fma,3500,0xAA,21,0.468401315,0.000402323,72.737485000,3.207023000,69.530462000,155.288814714,148.442072619
avx512_fma,3500,0xAA,22,0.468420278,0.000461716,73.270137000,3.197380000,70.072757000,156.419652125,149.593773427
avx512_fma,3500,0xAA,23,0.468379661,0.000447170,73.392757000,3.203971000,70.188786000,156.695012936,149.854470383
avx512_fma,3500,0xAA,24,0.468378328,0.000420880,72.859127000,3.188529000,69.670598000,155.556144645,148.748551708
avx512_fma,3500,0xAA,25,0.468409143,0.000459783,72.961849000,3.163200000,69.798649000,155.765211061,149.012140485
avx512_fma,3500,0xAA,26,0.468374124,0.000415683,72.799496000,3.172538000,69.626958000,155.430226175,148.656713637
avx512_fma,3500,0xAA,27,0.468096338,0.000477314,73.361140000,3.199699000,70.161441000,156.722311450,149.886754871
avx512_fma,3500,0xAA,28,0.468236623,0.000410697,73.189022000,3.153129000,70.035893000,156.307769119,149.573718762
avx512_fma,3500,0xAA,29,0.468278059,0.000535339,73.115292000,3.184623000,69.930669000,156.136489138,149.335779726
avx512_fma,3500,0xAA,30,0.468283620,0.000406750,72.973079000,3.200370000,69.772709000,155.830944811,148.996689115
avx512_fma,3500,0xAA,31,0.468519482,0.000963815,73.691583000,3.236198000,70.455385000,157.286059226,150.378773352
avx512_fma,3500,0xAA,32,0.468364766,0.000427596,73.099667000,3.224235000,69.875432000,156.074223010,149.190197500
avx512_fma,3500,0xAA,33,0.468364224,0.000442225,73.192806000,3.218436000,69.974370000,156.273263958,149.401611865
avx512_fma,3500,0xAA,34,0.468362785,0.000426449,73.067623000,3.216728000,69.850895000,156.006466144,149.138439688
avx512_fma,3500,0xAA,35,0.468472520,0.000737064,73.333186000,3.215567000,70.117619000,156.536793296,149.672853867
avx512_fma,3500,0xAA,36,0.467896404,0.000044042,73.252620000,3.195610000,70.057010000,156.557347813,149.727609488
avx512_fma,3500,0xAA,37,0.468335222,0.000507769,73.225704000,3.198600000,70.027104000,156.353185874,149.523462525
avx512_fma,3500,0xAA,38,0.468305151,0.000439322,72.862240000,3.189262000,69.672978000,155.587099233,148.776877323
avx512_fma,3500,0xAA,39,0.468359787,0.000455920,73.127621000,3.165886000,69.961735000,156.135567302,149.376050175
avx512_fma,3500,0xAA,40,0.468356462,0.000424701,73.246150000,3.185722000,70.060428000,156.389749874,149.587832412
avx512_fma,3500,0xAA,41,0.468368109,0.000441955,72.918393000,3.198418000,69.719975000,155.686076054,148.857220843
avx512_fma,3500,0xAA,42,0.468342093,0.000419697,72.819393000,3.176323000,69.643070000,155.483340263,148.701282772
avx512_fma,3500,0xAA,43,0.468435118,0.000458016,73.338924000,3.190666000,70.148258000,156.561541096,149.750211466
avx512_fma,3500,0xAA,44,0.468420080,0.000493863,73.033992000,3.210929000,69.823063000,155.915587540,149.060781061
avx512_fma,3500,0xAA,45,0.468323452,0.000407266,73.255184000,3.209769000,70.045415000,156.420063143,149.566319254
avx512_fma,3500,0xAA,46,0.468407823,0.000556809,73.366023000,3.184990000,70.181033000,156.628517781,149.828908882
avx512_fma,3500,0xAA,47,0.468360054,0.000423199,73.491877000,3.216972000,70.274905000,156.913204512,150.044617044
avx512_fma,3500,0xAA,48,0.468393160,0.000457408,73.400447000,3.204459000,70.195988000,156.706914835,149.865527567
avx512_fma,3500,0xAA,49,0.468459770,0.000402469,73.186336000,3.196708000,69.989628000,156.227579692,149.403710906
avx512_fma,3500,0xAA,50,0.468122757,0.000408124,73.175777000,3.188468000,69.987309000,156.317495643,149.506316410
avx512_fma,3500,0xAA,51,0.468164723,0.000420058,72.882870000,3.198722000,69.684148000,155.677834074,148.845362840
avx512_fma,3500,0xAA,52,0.468253631,0.000465523,73.329768000,3.213004000,70.116764000,156.602668169,149.740993668
avx512_fma,3500,0xAA,53,0.468231999,0.000417028,73.020504000,3.187064000,69.833440000,155.949410027,149.142818409
avx512_fma,3500,0xAA,54,0.468306637,0.000504570,73.336238000,3.211052000,70.125186000,156.598758675,149.742029029
avx512_fma,3500,0xAA,55,0.468313979,0.000442411,73.064388000,3.199210000,69.865178000,156.015816806,149.184481118
avx512_fma,3500,0xAA,56,0.468529315,0.001117484,73.626277000,3.223564000,70.402713000,157.143373219,150.263197535
avx512_fma,3500,0xAA,57,0.468372648,0.000416126,73.469050000,3.196525000,70.272525000,156.860248678,150.035501299
avx512_fma,3500,0xAA,58,0.468404011,0.000474195,72.842892000,3.205802000,69.637090000,155.512955282,148.668859319
avx512_fma,3500,0xAA,59,0.468370660,0.000421452,73.046382000,3.208488000,69.837894000,155.958492314,149.108174237
avx512_fma,3500,0xAA,60,0.468540212,0.000405116,73.108272000,3.200981000,69.907291000,156.034146400,149.202329366
avx512_fma,3500,0xAA,61,0.468417221,0.000479226,73.116085000,3.217643000,69.898442000,156.091795353,149.222613658
avx512_fma,3500,0xAA,62,0.468391978,0.000414532,73.154048000,3.222098000,69.931950000,156.181257372,149.302194206
avx512_fma,3500,0xAA,63,0.468486992,0.000598894,73.221981000,3.202567000,70.019414000,156.294587222,149.458608729
avx512_fma,3500,0xAA,64,0.468406925,0.000418017,73.012691000,3.197624000,69.815067000,155.874490872,149.047896671
avx512_fma,3500,0xAA,65,0.468453203,0.000503354,73.387752000,3.225150000,70.162602000,156.659729468,149.775050312
avx512_fma,3500,0xAA,66,0.468392977,0.000449463,73.054989000,3.215752000,69.839237000,155.969437188,149.103937153
avx512_fma,3500,0xAA,67,0.468396972,0.000452923,72.983578000,3.201163000,69.782415000,155.815648683,148.981353859
avx512_fma,3500,0xAA,68,0.468271107,0.000455258,73.181331000,3.174919000,70.006412000,156.279834256,149.499746926
avx512_fma,3500,0xAA,69,0.468404363,0.000464538,73.335262000,3.201163000,70.134099000,156.564002835,149.729815852
avx512_fma,3500,0xAA,70,0.468365568,0.000425351,73.526118000,3.205375000,70.320743000,156.984464750,150.140718713
avx512_fma,3500,0xAA,71,0.468438629,0.000570812,73.133174000,3.230522000,69.902652000,156.121142463,149.224781238
avx512_fma,3500,0xAA,72,0.468453270,0.000398845,73.019772000,3.173576000,69.846196000,155.874185736,149.099601794
avx512_fma,3500,0xAA,73,0.468452646,0.000464981,73.048885000,3.190666000,69.858219000,155.936540382,149.125465612
avx512_fma,3500,0xAA,74,0.468404885,0.000440192,73.340816000,3.190849000,70.149967000,156.575685549,149.763525596
avx512_fma,3500,0xAA,75,0.468712446,0.000403490,73.012447000,3.201591000,69.810856000,155.772366822,148.941758780
avx512_fma,3500,0xAA,76,0.468155151,0.000433514,73.222286000,3.214835000,70.007451000,156.406024631,149.538995620
avx512_fma,3500,0xAA,77,0.468163263,0.000401159,73.467829000,3.210136000,70.257693000,156.927795982,150.070923061
avx512_fma,3500,0xAA,78,0.468223491,0.000456513,73.349788000,3.211723000,70.138065000,156.655506194,149.796125873
avx512_fma,3500,0xAA,79,0.468341113,0.000428092,73.354182000,3.213370000,70.140812000,156.625544852,149.764370569
avx512_fma,3500,0xAA,80,0.468420367,0.000609614,73.584651000,3.222892000,70.361759000,157.091057853,150.210716549
avx512_fma,3500,0xAA,81,0.468741353,0.000063525,72.962948000,3.177360000,69.785588000,155.657160322,148.878667285
avx512_fma,3500,0xAA,82,0.468258420,0.000455182,73.441889000,3.216667000,70.225222000,156.840509088,149.971082161
avx512_fma,3500,0xAA,83,0.468265059,0.000424559,73.042171000,3.209708000,69.832463000,155.984670782,149.130202482
avx512_fma,3500,0xAA,84,0.468295184,0.000450473,73.530452000,3.221733000,70.308719000,157.017313961,150.137608367
avx512_fma,3500,0xAA,85,0.468351844,0.000435158,73.202022000,3.206779000,69.995243000,156.297072178,149.450127857
avx512_fma,3500,0xAA,86,0.468366306,0.000463972,73.303889000,3.195304000,70.108585000,156.509740536,149.687507681
avx512_fma,3500,0xAA,87,0.468355898,0.000416440,72.823666000,3.201957000,69.621709000,155.487880702,148.651291234
avx512_fma,3500,0xAA,88,0.468426695,0.000508100,73.021237000,3.220329000,69.800908000,155.886156436,149.011379578
avx512_fma,3500,0xAA,89,0.468427720,0.000377461,73.383601000,3.204582000,70.179019000,156.659390268,149.818245171
avx512_fma,3500,0xAA,90,0.468332854,0.000491673,73.324336000,3.215018000,70.109318000,156.564578914,149.699764764
avx512_fma,3500,0xAA,91,0.468299719,0.000420137,73.442256000,3.209160000,70.233096000,156.827461235,149.974670446
avx512_fma,3500,0xAA,92,0.468351319,0.000459198,72.944333000,3.207450000,69.736883000,155.747042947,148.898658263
avx512_fma,3500,0xAA,93,0.468354806,0.000424423,73.092769000,3.202933000,69.889836000,156.062813899,149.224124607
avx512_fma,3500,0xAA,94,0.468370480,0.000429319,73.154598000,3.190544000,69.964054000,156.189600260,149.377591096
avx512_fma,3500,0xAA,95,0.468426334,0.000617325,73.216670000,3.205009000,70.011661000,156.303488219,149.461411319
avx512_fma,3500,0xAA,96,0.467983287,0.000265306,73.061031000,3.207878000,69.853153000,156.118889360,149.264204397
avx512_fma,3500,0xAA,97,0.468095592,0.000469077,73.090145000,3.224052000,69.866093000,156.143630322,149.256037150
avx512_fma,3500,0xAA,98,0.468134076,0.000354764,72.782162000,3.186943000,69.595219000,155.472899285,148.665142351
avx512_fma,3500,0xAA,99,0.468262002,0.000450710,73.392696000,3.210014000,70.182682000,156.734255095,149.879088565
avx512_fma,3700,0x00,0,0.468314015,0.000472377,71.994688000,3.234550000,68.760138000,153.731653679,146.824856328
avx512_fma,3700,0x00,1,0.468297826,0.000433969,71.827148000,3.223320000,68.603828000,153.379204432,146.496148777
avx512_fma,3700,0x00,2,0.468283390,0.000426636,71.860962000,3.226371000,68.634591000,153.456141245,146.566358112
avx512_fma,3700,0x00,3,0.468290287,0.000407794,72.063048000,3.226432000,68.836616000,153.885421039,146.995609124
avx512_fma,3700,0x00,4,0.468323019,0.000444661,72.226622000,3.228080000,68.998542000,154.223941886,147.331092566
avx512_fma,3700,0x00,5,0.468323835,0.000443659,72.383421000,3.220634000,69.162787000,154.558481988,147.681543938
avx512_fma,3700,0x00,6,0.468293063,0.000426923,72.473447000,3.210074000,69.263373000,154.760881067,147.906041107
avx512_fma,3700,0x00,7,0.468348441,0.000429098,71.904663000,3.222221000,68.682442000,153.528135643,146.648170393
avx512_fma,3700,0x00,8,0.468099839,0.000388030,72.409544000,3.228142000,69.181402000,154.688247987,147.791979862
avx512_fma,3700,0x00,9,0.468137233,0.000461395,72.553830000,3.230948000,69.322882000,154.984104890,148.082393654
avx512_fma,3700,0x00,10,0.468200464,0.000409121,72.007384000,3.221305000,68.786079000,153.796054216,146.915870950
avx512_fma,3700,0x00,11,0.468223878,0.000429939,72.138487000,3.219535000,68.918952000,154.068364338,147.192305358
avx512_fma,3700,0x00,12,0.468211102,0.000403574,72.028930000,3.223746000,68.805184000,153.838577593,146.953337188
avx512_fma,3700,0x00,13,0.468234514,0.000439438,72.332212000,3.230278000,69.101934000,154.478599703,147.579753279
avx512_fma,3700,0x00,14,0.468245961,0.000409083,72.116698000,3.219291000,68.897407000,154.014565019,147.139351417
avx512_fma,3700,0x00,15,0.468301832,0.000435588,71.901061000,3.211540000,68.689521000,153.535724206,146.677882154
avx512_fma,3700,0x00,16,0.468338178,0.000443692,72.049315000,3.223564000,68.825751000,153.840362490,146.957378880
avx512_fma,3700,0x00,17,0.468328059,0.000453057,72.028929000,3.231498000,68.797431000,153.800156973,146.900083536
avx512_fma,3700,0x00,18,0.468339148,0.000468922,72.632077000,3.229789000,69.402288000,155.084360089,148.188099084
avx512_fma,3700,0x00,19,0.468304143,0.000418635,72.270994000,3.233269000,69.037725000,154.324908495,147.420700943
avx512_fma,3700,0x00,20,0.468347600,0.000490618,72.577390000,3.221427000,69.355963000,154.964795225,148.086512947
avx512_fma,3700,0x00,21,0.468333480,0.000477903,72.083617000,3.236441000,68.847176000,153.915148252,147.004600238
avx512_fma,3700,0x00,22,0.468265945,0.000408997,72.744015000,3.236381000,69.507634000,155.347651951,148.436235401
avx512_fma,3700,0x00,23,0.468115445,0.000404109,71.996276000,3.198295000,68.797981000,153.800257694,146.967979380
avx512_fma,3700,0x00,24,0.468398979,0.001778450,72.817074000,3.294059000,69.523015000,155.459506278,148.426914090
avx512_fma,3700,0x00,25,0.468195086,0.000366880,72.069579000,3.234916000,68.834663000,153.930660979,147.021327457
avx512_fma,3700,0x00,26,0.468343976,0.000471025,72.416136000,3.239189000,69.176947000,154.621687797,147.705427169
avx512_fma,3700,0x00,27,0.468342640,0.000450800,72.040281000,3.233939000,68.806342000,153.819607477,146.914536860
avx512_fma,3700,0x00,28,0.468270468,0.000431580,71.964965000,3.222038000,68.742927000,153.682476027,146.801755975
avx512_fma,3700,0x00,29,0.468299973,0.000436634,72.057982000,3.223503000,68.834479000,153.871420383,146.988005508
avx512_fma,3700,0x00,30,0.468137476,0.000405950,72.215697000,3.225456000,68.990241000,154.261730006,147.371753958
avx512_fma,3700,0x00,31,0.468187439,0.000404961,72.416257000,3.223381000,69.192876000,154.673643599,147.788834792
avx512_fma,3700,0x00,32,0.468296922,0.000431203,71.970214000,3.199638000,68.770576000,153.685003259,146.852504797
avx512_fma,3700,0x00,33,0.468255213,0.000409961,72.267820000,3.233757000,69.034063000,154.334256284,147.428285112
avx512_fma,3700,0x00,34,0.468335745,0.000508735,71.830260000,3.231315000,68.598945000,153.373430919,146.473861463
avx512_fma,3700,0x00,35,0.468298558,0.000446258,72.373777000,3.225334000,69.148443000,154.546230835,147.658885258
avx512_fma,3700,0x00,36,0.468349543,0.000487884,72.119017000,3.233207000,68.885810000,153.985453839,147.082047942
avx512_fma,3700,0x00,37,0.468271177,0.000416248,71.983336000,3.223808000,68.759528000,153.721474998,146.836985498
avx512_fma,3700,0x00,38,0.468296957,0.000432858,72.410886000,3.228996000,69.181890000,154.626001505,147.730812564
avx512_fma,3700,0x00,39,0.468279780,0.000417297,72.463986000,3.226066000,69.237920000,154.745067289,147.855882360
avx512_fma,3700,0x00,40,0.468275680,0.000412195,72.259398000,3.226676000,69.032722000,154.309525452,147.418977563
avx512_fma,3700,0x00,41,0.468197140,0.000424630,72.824276000,3.209648000,69.614628000,155.541906972,148.686572487
avx512_fma,3700,0x00,42,0.468276892,0.000416280,71.828857000,3.214164000,68.614693000,153.389710660,146.525899838
avx512_fma,3700,0x00,43,0.468300246,0.000485270,72.507505000,3.226616000,69.280889000,154.831234004,147.941175699
avx512_fma,3700,0x00,44,0.468049481,0.000360411,71.740356000,3.224723000,68.515633000,153.275153496,146.385448170
avx512_fma,3700,0x00,45,0.468144108,0.000461668,71.966369000,3.227958000,68.738411000,153.726956587,146.831733635
avx512_fma,3700,0x00,46,0.468142975,0.000407781,72.023070000,3.230643000,68.792427000,153.848447618,146.947472550
avx512_fma,3700,0x00,47,0.468145637,0.000412894,72.324522000,3.234001000,69.090521000,154.491500793,147.583391976
avx512_fma,3700,0x00,48,0.468181947,0.000400782,72.242612000,3.226554000,69.016058000,154.304565852,147.412899004
avx512_fma,3700,0x00,49,0.468219487,0.000427314,71.990966000,3.212394000,68.778572000,153.754741014,146.893868950
avx512_fma,3700,0x00,50,0.468213325,0.000408442,72.098631000,3.232353000,68.866278000,153.986713250,147.083122882
avx512_fma,3700,0x00,51,0.468260364,0.000518297,72.077696000,3.231437000,68.846259000,153.926536336,147.025595651
avx512_fma,3700,0x00,52,0.468204931,0.000402038,72.307005000,3.224235000,69.082770000,154.434522710,147.548147133
avx512_fma,3700,0x00,53,0.468302992,0.000437005,72.308836000,3.229545000,69.079291000,154.406094491,147.509822085
avx512_fma,3700,0x00,54,0.468280996,0.000422076,72.033446000,3.221855000,68.811591000,153.825260209,146.945085633
avx512_fma,3700,0x00,55,0.468339604,0.000471354,72.278806000,3.224540000,69.054266000,154.329903710,147.444857107
avx512_fma,3700,0x00,56,0.468271719,0.000414891,73.075069000,3.243339000,69.831730000,156.052706359,149.126516134
avx512_fma,3700,0x00,57,0.468332815,0.000431764,71.968932000,3.230766000,68.738166000,153.670487585,146.772047206
avx512_fma,3700,0x00,58,0.467973484,0.000328756,72.376096000,3.225883000,69.150213000,154.658540522,147.765237564
avx512_fma,3700,0x00,59,0.468073800,0.000364871,72.064696000,3.227836000,68.836860000,153.960114884,147.064116857
avx512_fma,3700,0x00,60,0.468166391,0.000506292,72.634946000,3.236320000,69.398626000,155.147715503,148.234959560
avx512_fma,3700,0x00,61,0.468336300,0.000407683,72.362242000,3.232597000,69.129645000,154.509146655,147.606848024
avx512_fma,3700,0x00,62,0.468218792,0.000676388,72.341978000,3.243339000,69.098639000,154.504644393,147.577671248
avx512_fma,3700,0x00,63,0.468369881,0.000369110,72.644833000,3.224540000,69.420293000,155.101418588,148.216817059
avx512_fma,3700,0x00,64,0.467966763,0.000249774,72.507688000,3.214836000,69.292852000,154.941961242,148.072165657
avx512_fma,3700,0x00,65,0.468145003,0.000408092,72.180540000,3.220451000,68.960089000,154.184151205,147.304977068
avx512_fma,3700,0x00,66,0.468203008,0.000423095,71.945251000,3.228080000,68.717171000,153.662513314,146.767897213
avx512_fma,3700,0x00,67,0.468227095,0.000415850,71.837096000,3.210685000,68.626411000,153.423620325,146.566509670
avx512_fma,3700,0x00,68,0.468325334,0.000515131,72.649228000,3.237052000,69.412176000,155.125556491,148.213583622
avx512_fma,3700,0x00,69,0.468208639,0.000414633,72.315733000,3.228141000,69.087592000,154.451940756,147.557277288
avx512_fma,3700,0x00,70,0.468246726,0.000422874,73.072810000,3.230156000,69.842654000,156.056211260,149.157805312
avx512_fma,3700,0x00,71,0.468269565,0.000407222,72.843076000,3.219352000,69.623724000,155.557997893,148.683000582
avx512_fma,3700,0x00,72,0.468315601,0.000441317,72.640683000,3.224906000,69.415777000,155.110534222,148.224353203
avx512_fma,3700,0x00,73,0.468306059,0.000423792,73.142269000,3.216910000,69.925359000,156.184758971,149.315511957
avx512_fma,3700,0x00,74,0.468295795,0.000446625,72.445310000,3.226005000,69.219305000,154.699894397,147.811075330
avx512_fma,3700,0x00,75,0.468255288,0.000422581,72.504453000,3.230156000,69.274297000,154.839581735,147.941301929
avx512_fma,3700,0x00,76,0.468286541,0.000411298,72.186644000,3.193291000,68.993353000,154.150584317,147.331488065
avx512_fma,3700,0x00,77,0.468324190,0.000492612,72.281370000,3.234061000,69.047309000,154.340458037,147.434854891
avx512_fma,3700,0x00,78,0.468315725,0.000443088,72.299681000,3.218620000,69.081061000,154.382347672,147.509591043
avx512_fma,3700,0x00,79,0.468305779,0.000424445,72.290953000,3.227409000,69.063544000,154.366989007,147.475318764
avx512_fma,3700,0x00,80,0.468369133,0.000491938,72.261839000,3.218009000,69.043830000,154.283948037,147.413279643
avx512_fma,3700,0x00,81,0.468325193,0.000462837,72.665097000,3.217582000,69.447515000,155.159487734,148.289086462
avx512_fma,3700,0x00,82,0.468305024,0.000414841,72.502134000,3.228263000,69.273871000,154.818185278,147.924680333
avx512_fma,3700,0x00,83,0.467945401,0.000183463,72.366452000,3.225822000,69.140630000,154.647212785,147.753626496
avx512_fma,3700,0x00,84,0.468136059,0.000394147,72.230528000,3.198234000,69.032294000,154.293878113,147.462030961
avx512_fma,3700,0x00,85,0.468197885,0.000446892,72.560849000,3.217277000,69.343572000,154.979019252,148.107401279
avx512_fma,3700,0x00,86,0.468218537,0.000407193,72.418211000,3.211296000,69.206915000,154.667543678,147.809002746
avx512_fma,3700,0x00,87,0.468333969,0.000463172,72.605405000,3.221305000,69.384100000,155.029123934,148.150901960
avx512_fma,3700,0x00,88,0.468312038,0.000447433,72.316404000,3.212089000,69.104315000,154.419272050,147.560407149
avx512_fma,3700,0x00,89,0.468332188,0.000452980,72.277586000,3.220451000,69.057135000,154.329742558,147.453317911
avx512_fma,3700,0x00,90,0.468311360,0.000438235,73.121517000,3.222404000,69.899113000,156.138678644,149.257777874
avx512_fma,3700,0x00,91,0.468324250,0.000446590,72.359067000,3.229484000,69.129583000,154.506342679,147.610513555
avx512_fma,3700,0x00,92,0.468325869,0.000469105,72.468504000,3.231986000,69.236518000,154.739485503,147.838337787
avx512_fma,3700,0x00,93,0.468300442,0.000407764,72.701779000,3.230949000,69.470830000,155.246018206,148.346710181
avx512_fma,3700,0x00,94,0.468369167,0.000540914,72.551023000,3.231925000,69.319098000,154.901364352,148.000984850
avx512_fma,3700,0x00,95,0.468310131,0.000418437,73.016781000,3.223869000,69.792912000,155.915441950,149.031394844
avx512_fma,3700,0x00,96,0.468371785,0.000495767,72.534299000,3.218559000,69.315740000,154.864791736,147.992987968
avx512_fma,3700,0x00,97,0.468300897,0.000430707,72.331541000,3.219597000,69.111944000,154.455269053,147.580208547
avx512_fma,3700,0x00,98,0.468002142,0.000290874,72.720761000,3.225944000,69.494817000,155.385530147,148.492518966
avx512_fma,3700,0x00,99,0.468262187,0.000431185,72.531675000,3.222159000,69.309516000,154.895434799,148.014334655
avx512_fma,3700,0xAA,0,0.468119441,0.000388996,72.372984000,3.224174000,69.148810000,154.603670833,147.716167952
avx512_fma,3700,0xAA,1,0.468127820,0.000388472,72.639401000,3.177360000,69.462041000,155.170015400,148.382638394
avx512_fma,3700,0xAA,2,0.468220196,0.000510478,73.020626000,3.236930000,69.783696000,155.953601713,149.040337343
avx512_fma,3700,0xAA,3,0.468241240,0.000403362,72.535520000,3.227531000,69.307989000,154.910575642,148.017694952
avx512_fma,3700,0xAA,4,0.468388503,0.000788665,73.127498000,3.248344000,69.879154000,156.125732315,149.190583436
avx512_fma,3700,0xAA,5,0.468417439,0.000403005,73.223202000,3.223747000,69.999455000,156.320401238,149.438191627
avx512_fma,3700,0xAA,6,0.468167846,0.000403757,73.333309000,3.227348000,70.105961000,156.638927041,149.745356646
avx512_fma,3700,0xAA,7,0.468145809,0.000380624,73.034054000,3.212944000,69.821110000,156.007065715,149.143939019
avx512_fma,3700,0xAA,8,0.468286130,0.000434471,73.041927000,3.219413000,69.822514000,155.977131012,149.102246628
avx512_fma,3700,0xAA,9,0.468264314,0.000413165,72.724912000,3.221122000,69.503790000,155.307397691,148.428543366
avx512_fma,3700,0xAA,10,0.468325542,0.000516421,72.917538000,3.183403000,69.734135000,155.698400886,148.900986024
avx512_fma,3700,0xAA,11,0.468314263,0.000442147,72.766476000,3.184257000,69.582219000,155.379585235,148.580183104
avx512_fma,3700,0xAA,12,0.468336366,0.000431483,72.630978000,3.223380000,69.407598000,155.082934571,148.200317217
avx512_fma,3700,0xAA,13,0.468327479,0.000451492,72.970700000,3.219475000,69.751225000,155.811271385,148.936861616
avx512_fma,3700,0xAA,14,0.468286078,0.000429223,72.732358000,3.210807000,69.521551000,155.316080135,148.459572646
avx512_fma,3700,0xAA,15,0.468300067,0.000410900,73.158260000,3.209648000,69.948612000,156.220904394,149.367076633
avx512_fma,3700,0xAA,16,0.468331573,0.000447628,73.522272000,3.201896000,70.320376000,156.987647736,150.150833425
avx512_fma,3700,0xAA,17,0.468205038,0.000422776,72.659360000,3.189140000,69.470220000,155.187052971,148.375635445
avx512_fma,3700,0xAA,18,0.468228679,0.000415460,73.316097000,3.203239000,70.112858000,156.581816428,149.740631455
avx512_fma,3700,0xAA,19,0.468354560,0.000527887,73.042843000,3.186881000,69.855962000,155.956297428,149.151877711
avx512_fma,3700,0xAA,20,0.468016382,0.000317581,73.354426000,3.225944000,70.128482000,156.734740014,149.841938561
avx512_fma,3700,0xAA,21,0.468200475,0.000804994,73.219295000,3.242729000,69.976566000,156.384495279,149.458553995
avx512_fma,3700,0xAA,22,0.468149211,0.000331222,72.914120000,3.193596000,69.720524000,155.749744581,148.927996457
avx512_fma,3700,0xAA,23,0.468287660,0.000445870,73.264827000,3.221183000,70.043644000,156.452610618,149.573968980
avx512_fma,3700,0xAA,24,0.468282789,0.000411022,72.705259000,3.217032000,69.488227000,155.259301993,148.389453104
avx512_fma,3700,0xAA,25,0.468286316,0.000427575,73.048702000,3.229972000,69.818730000,155.991536704,149.094106880
avx512_fma,3700,0xAA,26,0.468295443,0.000414719,73.061031000,3.212272000,69.848759000,156.014823756,149.155325018
avx512_fma,3700,0xAA,27,0.467973345,0.000383627,73.038082000,3.183219000,69.854863000,156.073167040,149.271029620
avx512_fma,3700,0xAA,28,0.468150226,0.000397870,73.068844000,3.198601000,69.870243000,156.079907599,149.247483255
avx512_fma,3700,0xAA,29,0.468240503,0.000698856,72.974728000,3.237419000,69.737309000,155.848816152,148.934807256
avx512_fma,3700,0xAA,30,0.468425712,0.000363768,73.149287000,3.224540000,69.924747000,156.159845802,149.276064840
avx512_fma,3700,0xAA,31,0.467934948,0.000199256,72.986202000,3.222037000,69.764165000,155.975103771,149.089452214
avx512_fma,3700,0xAA,32,0.467956138,0.000268169,73.163998000,3.211784000,69.952214000,156.347982507,149.484552919
avx512_fma,3700,0xAA,33,0.468132145,0.000414210,73.002437000,3.219535000,69.782902000,155.944080740,149.066674360
avx512_fma,3700,0xAA,34,0.468109516,0.000379694,72.722470000,3.226249000,69.496221000,155.353538976,148.461457343
avx512_fma,3700,0xAA,35,0.468133312,0.000394401,72.869564000,3.216605000,69.652959000,155.659856223,148.788725886
avx512_fma,3700,0xAA,36,0.468196965,0.000504383,72.956112000,3.197990000,69.758122000,155.823547575,148.993110299
avx512_fma,3700,0xAA,37,0.468225657,0.000414582,73.252681000,3.222281000,70.030400000,156.447387812,149.565490271
avx512_fma,3700,0xAA,38,0.468232070,0.000427387,73.301631000,3.212150000,70.089481000,156.549787278,149.689620699
avx512_fma,3700,0xAA,39,0.468284605,0.000399433,73.125545000,3.202262000,69.923283000,156.156201242,149.317919636
avx512_fma,3700,0xAA,40,0.468306788,0.000438375,73.550654000,3.220695000,70.329959000,157.056561807,150.179243173
avx512_fma,3700,0xAA,41,0.468290025,0.000415928,72.686825000,3.208976000,69.477849000,155.217538592,148.364998863
avx512_fma,3700,0xAA,42,0.468302828,0.000437992,73.079586000,3.209464000,69.870122000,156.051985127,149.198590686
avx512_fma,3700,0xAA,43,0.468312062,0.000452309,72.516965000,3.212638000,69.304327000,154.847527857,147.987491006
avx512_fma,3700,0xAA,44,0.468325452,0.000507751,73.168697000,3.233451000,69.935246000,156.234722334,149.330440314
avx512_fma,3700,0xAA,45,0.468535715,0.000354157,73.016170000,3.188163000,69.828007000,155.839069956,149.034544920
avx512_fma,3700,0xAA,46,0.468374687,0.000506476,73.141353000,3.215812000,69.925541000,156.159918513,149.294022282
avx512_fma,3700,0xAA,47,0.468273716,0.000433013,72.957089000,3.226798000,69.730291000,155.800094099,148.909256773
avx512_fma,3700,0xAA,48,0.468299088,0.000441749,72.742245000,3.219291000,69.522954000,155.332877695,148.458444068
avx512_fma,3700,0xAA,49,0.468401712,0.000424813,73.210994000,3.219719000,69.991275000,156.299586806,149.425745572
avx512_fma,3700,0xAA,50,0.468212682,0.000455686,73.223689000,3.219169000,70.004520000,156.389802786,149.514361083
avx512_fma,3700,0xAA,51,0.468152722,0.000387428,72.808957000,3.212516000,69.596441000,155.523942463,148.661831341
avx512_fma,3700,0xAA,52,0.468200628,0.000411644,72.746152000,3.222282000,69.523870000,155.373887994,148.491620426
avx512_fma,3700,0xAA,53,0.468246029,0.000519250,73.430476000,3.227287000,70.203189000,156.820285686,149.927996586
avx512_fma,3700,0xAA,54,0.468421511,0.000383722,72.966671000,3.175102000,69.791569000,155.771392332,148.993091327
avx512_fma,3700,0xAA,55,0.468276467,0.000511552,73.282100000,3.201530000,70.080570000,156.493236695,149.656399431
avx512_fma,3700,0xAA,56,0.468235462,0.000427229,72.845822000,3.195731000,69.650091000,155.575192328,148.750141127
avx512_fma,3700,0xAA,57,0.468265538,0.000433090,73.409296000,3.210747000,70.198549000,156.768521249,149.911841145
avx512_fma,3700,0xAA,58,0.468268035,0.000417041,73.368160000,3.216300000,70.151860000,156.679838242,149.811336105
avx512_fma,3700,0xAA,59,0.468295474,0.000428075,73.062924000,3.212943000,69.849981000,156.018855677,149.157924540
avx512_fma,3700,0xAA,60,0.468331761,0.000449350,73.461238000,3.198783000,70.262455000,156.857262523,150.027097957
avx512_fma,3700,0xAA,61,0.468311578,0.000472090,73.066463000,3.211540000,69.854923000,156.021047725,149.163348378
avx512_fma,3700,0xAA,62,0.468275631,0.000411191,73.270137000,3.183708000,70.086429000,156.467969170,149.669178481
avx512_fma,3700,0xAA,63,0.468298055,0.000429283,73.206234000,3.189200000,70.017034000,156.324018756,149.513826052
avx512_fma,3700,0xAA,64,0.468314869,0.000451642,73.136166000,3.218986000,69.917180000,156.168789045,149.295238337
avx512_fma,3700,0xAA,65,0.468346428,0.000478741,73.629267000,3.229972000,70.399295000,157.211120973,150.314576439
avx512_fma,3700,0xAA,66,0.468307692,0.000448976,73.418696000,3.206229000,70.212467000,156.774482423,149.928067009
avx512_fma,3700,0xAA,67,0.468325986,0.000430783,73.428401000,3.213492000,70.214909000,156.789081076,149.927424675
avx512_fma,3700,0xAA,68,0.468034021,0.000337514,73.058834000,3.212089000,69.846745000,156.097272230,149.234333094
avx512_fma,3700,0xAA,69,0.468297271,0.000430429,73.285884000,3.208732000,70.077152000,156.494364713,149.642452059
avx512_fma,3700,0xAA,70,0.468354214,0.000537956,73.461421000,3.218131000,70.243290000,156.850133435,149.978985697
avx512_fma,3700,0xAA,71,0.468263852,0.000404703,73.227290000,3.192131000,70.035159000,156.380403303,149.563453868
avx512_fma,3700,0xAA,72,0.468337266,0.000485535,73.425532000,3.223319000,70.202213000,156.779178875,149.896704995
avx512_fma,3700,0xAA,73,0.468218992,0.000426321,73.345393000,3.206901000,70.138492000,156.647624681,149.798477056
avx512_fma,3700,0xAA,74,0.468252806,0.000430715,73.132259000,3.204825000,69.927434000,156.181144118,149.336924590
avx512_fma,3700,0xAA,75,0.468271223,0.000421444,73.398982000,3.218132000,70.180850000,156.744592546,149.872224901
avx512_fma,3700,0xAA,76,0.468315831,0.000468212,73.203060000,3.229239000,69.973821000,156.311307701,149.415877770
avx512_fma,3700,0xAA,77,0.468290583,0.000445741,73.028561000,3.215568000,69.812993000,155.947105746,149.080497448
avx512_fma,3700,0xAA,78,0.468275803,0.000439000,73.155391000,3.222282000,69.933109000,156.222872476,149.341709747
avx512_fma,3700,0xAA,79,0.468264126,0.000404396,73.320918000,3.216728000,70.104190000,156.580258604,149.710785119
avx512_fma,3700,0xAA,80,0.468402947,0.000835586,73.722101000,3.238700000,70.483401000,157.390344004,150.475998099
avx512_fma,3700,0xAA,81,0.468247231,0.000345501,73.143002000,3.217216000,69.925786000,156.205946695,149.335183160
avx512_fma,3700,0xAA,82,0.468127088,0.000385923,73.277217000,3.212089000,70.065128000,156.532742628,149.671167894
avx512_fma,3700,0xAA,83,0.468133798,0.000388188,73.335323000,3.222282000,70.113041000,156.654621575,149.771371503
avx512_fma,3700,0xAA,84,0.468203917,0.000414051,72.765621000,3.211357000,69.554264000,155.414379094,148.555493712
avx512_fma,3700,0xAA,85,0.468194662,0.000418766,73.172664000,3.215507000,69.957157000,156.286839571,149.418954774
avx512_fma,3700,0xAA,86,0.468259473,0.000418001,73.025387000,3.221306000,69.804081000,155.950688002,149.071369622
avx512_fma,3700,0xAA,87,0.468359184,0.000540095,73.516779000,3.228507000,70.288272000,156.966664772,150.073436004
avx512_fma,3700,0xAA,88,0.468267489,0.000398272,72.791806000,3.200737000,69.591069000,155.449198716,148.613923851
avx512_fma,3700,0xAA,89,0.468296420,0.000428054,73.413264000,3.197929000,70.215335000,156.766656446,149.937800057
avx512_fma,3700,0xAA,90,0.468279530,0.000408966,73.478205000,3.198967000,70.279238000,156.910990821,150.079671499
avx512_fma,3700,0xAA,91,0.468296164,0.000433516,73.162227000,3.223197000,69.939030000,156.230677535,149.347860106
avx512_fma,3700,0xAA,92,0.468306643,0.000437823,73.188717000,3.217094000,69.971623000,156.283747281,149.414115919
avx512_fma,3700,0xAA,93,0.468305516,0.000439307,73.181392000,3.232841000,69.948551000,156.268481923,149.365208542
avx512_fma,3700,0xAA,94,0.468276405,0.000411883,72.538388000,3.208061000,69.330327000,154.905067351,148.054282284
avx512_fma,3700,0xAA,95,0.468372883,0.000561264,72.987667000,3.215996000,69.771671000,155.832392592,148.966077065
avx512_fma,3700,0xAA,96,0.468280096,0.000420789,72.805478000,3.210319000,69.595159000,155.474210069,148.618657104
avx512_fma,3700,0xAA,97,0.468338977,0.000465914,73.286922000,3.200554000,70.086368000,156.482645142,149.648804367
avx512_fma,3700,0xAA,98,0.468338365,0.000460759,72.784909000,3.219291000,69.565618000,155.410947477,148.537090363
avx512_fma,3700,0xAA,99,0.468102553,0.000370075,73.536250000,3.225578000,70.310672000,157.094315329,150.203564612
