kernel,freq_mhz,operand,trial,mean_time_s,std_time_s,pkg_J,dram_J,cores_J,pkg_W,cores_W
imul,800,0x00,0,3.513937194,0.002203281,335.017453000,24.276610000,310.740843000,95.339624602,88.430960999
imul,800,0x00,1,3.513885153,0.001878268,335.024899000,24.257079000,310.767820000,95.343155627,88.439947940
imul,800,0x00,2,3.513711644,0.001921319,335.299251000,24.281248000,311.018003000,95.425944126,88.515517073
imul,800,0x00,3,3.513276532,0.001562610,335.267941000,24.295043000,310.972898000,95.428850519,88.513641090
imul,800,0x00,4,3.513704811,0.001865316,335.271663000,24.281860000,310.989803000,95.418278141,88.507663476
imul,800,0x00,5,3.514352640,0.002620140,335.300289000,24.311461000,310.988828000,95.408834383,88.491070718
imul,800,0x00,6,3.513408299,0.001762734,335.152401000,24.305846000,310.846555000,95.392386112,88.474361239
imul,800,0x00,7,3.513698859,0.001868355,335.235531000,24.282896000,310.952635000,95.408156599,88.497235380
imul,800,0x00,8,3.513594137,0.001899938,335.459591000,24.300292000,311.159299000,95.474769685,88.558691432
imul,800,0x00,9,3.513378181,0.001523153,335.156490000,24.278014000,310.878476000,95.394367677,88.484205221
imul,800,0x00,10,3.514156208,0.002441037,335.676997000,24.320678000,311.356319000,95.521364778,88.600591607
imul,800,0x00,11,3.513680774,0.001803853,335.375607000,24.272765000,311.102842000,95.448513564,88.540440076
imul,800,0x00,12,3.513326849,0.001649579,335.514705000,24.290954000,311.223751000,95.497720368,88.583773831
imul,800,0x00,13,3.513638480,0.001815108,335.598079000,24.280455000,311.317624000,95.512979189,88.602633933
imul,800,0x00,14,3.514039891,0.001933042,335.531855000,24.297851000,311.234004000,95.483223125,88.568716815
imul,800,0x00,15,3.513383887,0.001802174,335.738277000,24.282530000,311.455747000,95.559804394,88.648367790
imul,800,0x00,16,3.513212048,0.001605727,335.511165000,24.265136000,311.246029000,95.499833328,88.593009695
imul,800,0x00,17,3.513626395,0.002199776,335.710567000,24.252257000,311.458310000,95.545322494,88.642978797
imul,800,0x00,18,3.513238827,0.001586747,335.638056000,24.278380000,311.359676000,95.535223350,88.624682622
imul,800,0x00,19,3.513202765,0.001729816,335.539425000,24.239623000,311.299802000,95.508129613,88.608549764
imul,800,0x00,20,3.513680947,0.001968239,335.755060000,24.218200000,311.536860000,95.556501869,88.663958020
imul,800,0x00,21,3.513238946,0.001755544,335.907527000,24.224608000,311.682919000,95.611921702,88.716686742
imul,800,0x00,22,3.513178767,0.001597350,335.796931000,24.277282000,311.519649000,95.582079161,88.671732830
imul,800,0x00,23,3.513221338,0.001722714,335.854243000,24.257445000,311.596798000,95.597234186,88.692617976
imul,800,0x00,24,3.513340993,0.001554481,335.750605000,24.248961000,311.501644000,95.564479984,88.662513722
imul,800,0x00,25,3.513277503,0.001636409,335.949823000,24.226134000,311.723689000,95.622911283,88.727317645
imul,800,0x00,26,3.513941200,0.001687080,335.911310000,24.250548000,311.660762000,95.593890409,88.692651425
imul,800,0x00,27,3.513318662,0.001775572,335.955195000,24.228392000,311.726803000,95.623320091,88.727164538
imul,800,0x00,28,3.513251558,0.001531621,336.084284000,24.240844000,311.843440000,95.661889964,88.762058399
imul,800,0x00,29,3.513333881,0.001689543,336.078241000,24.255797000,311.822444000,95.657928455,88.754002491
imul,800,0x00,30,3.513739216,0.001992332,336.140985000,24.282714000,311.858271000,95.664750388,88.753960341
imul,800,0x00,31,3.513283644,0.001631368,336.226495000,24.281432000,311.945063000,95.701494412,88.790173135
imul,800,0x00,32,3.513188920,0.001671358,336.220880000,24.243834000,311.977046000,95.702476481,88.801670817
imul,800,0x00,33,3.513326490,0.001695938,336.325860000,24.227660000,312.098200000,95.728609617,88.832677778
imul,800,0x00,34,3.513280313,0.001622424,336.124628000,24.248718000,311.875910000,95.672590291,88.770573988
imul,800,0x00,35,3.513402571,0.001682028,336.751824000,24.157287000,312.594537000,95.847776388,88.972023749
imul,800,0x00,36,3.513263068,0.001636591,336.932548000,24.240660000,312.691888000,95.903022756,89.003266169
imul,800,0x00,37,3.513224477,0.001566954,336.310723000,24.224792000,312.085931000,95.727080693,88.831764963
imul,800,0x00,38,3.513345647,0.001631114,336.752068000,24.225585000,312.526483000,95.849398776,88.954095145
imul,800,0x00,39,3.513420561,0.001694333,336.569512000,24.212951000,312.356561000,95.795395433,88.903834751
imul,800,0x00,40,3.513710780,0.002042796,336.743523000,24.220702000,312.522821000,95.837006547,88.943809150
imul,800,0x00,41,3.513309271,0.001587595,336.547783000,24.213011000,312.334772000,95.792245164,88.900449101
imul,800,0x00,42,3.513310007,0.001696155,336.654595000,24.192320000,312.462275000,95.822627184,88.936721884
imul,800,0x00,43,3.513289684,0.001486943,336.975517000,24.172545000,312.802972000,95.914526652,89.034210146
imul,800,0x00,44,3.513347259,0.001698613,336.798149000,24.214415000,312.583734000,95.862470788,88.970349624
imul,800,0x00,45,3.513239675,0.001592531,336.458123000,24.198058000,312.260065000,95.768622149,88.880945750
imul,800,0x00,46,3.513330027,0.001594586,336.512566000,24.250121000,312.262445000,95.781655426,88.879337450
imul,800,0x00,47,3.513334624,0.001651244,336.450433000,24.200012000,312.250421000,95.763845190,88.875798764
imul,800,0x00,48,3.513311934,0.001663896,336.527276000,24.217834000,312.309442000,95.786335602,88.893171984
imul,800,0x00,49,3.513800148,0.001449044,336.454766000,24.221069000,312.233697000,95.752391107,88.859264583
imul,800,0x00,50,3.513679359,0.002032312,336.494683000,24.223327000,312.271356000,95.767043222,88.873037102
imul,800,0x00,51,3.513268082,0.001537695,336.412347000,24.216796000,312.195551000,95.754818343,88.861864138
imul,800,0x00,52,3.513348839,0.001694257,336.351250000,24.248900000,312.102350000,95.735227390,88.833293904
imul,800,0x00,53,3.513258275,0.001498023,336.191949000,24.216430000,311.975519000,95.692352422,88.799483152
imul,800,0x00,54,3.513249843,0.001676120,336.145074000,24.234557000,311.910517000,95.679239746,88.781194323
imul,800,0x00,55,3.513359921,0.001643246,336.111200000,24.249754000,311.861446000,95.666600520,88.764445731
imul,800,0x00,56,3.513324789,0.001599347,336.386712000,24.231506000,312.155206000,95.745976293,88.848946427
imul,800,0x00,57,3.513253957,0.001594735,336.451104000,24.191588000,312.259516000,95.766234990,88.880428185
imul,800,0x00,58,3.513351484,0.001713405,336.557854000,24.210692000,312.347162000,95.793960692,88.902907489
imul,800,0x00,59,3.513238931,0.001676523,336.414300000,24.174437000,312.239863000,95.756168765,88.875214332
imul,800,0x00,60,3.514479919,0.001964921,336.689995000,24.234313000,312.455682000,95.800802048,88.905240383
imul,800,0x00,61,3.513356362,0.001639151,336.339898000,24.225890000,312.114008000,95.731791290,88.836421877
imul,800,0x00,62,3.513221948,0.001551729,336.497369000,24.193115000,312.304254000,95.780276321,88.893972138
imul,800,0x00,63,3.513295960,0.001579266,336.331048000,24.206176000,312.124872000,95.730918167,88.841041459
imul,800,0x00,64,3.513298319,0.001595311,336.349847000,24.205749000,312.144098000,95.736204696,88.846454153
imul,800,0x00,65,3.513235252,0.001634489,336.349298000,24.226439000,312.122859000,95.737766998,88.842003618
imul,800,0x00,66,3.513263339,0.001467964,336.216424000,24.256835000,311.959589000,95.699180944,88.794820907
imul,800,0x00,67,3.513252054,0.001609435,336.438774000,24.260192000,312.178582000,95.762777284,88.857439544
imul,800,0x00,68,3.513151578,0.001607676,336.487848000,24.251158000,312.236690000,95.779484763,88.876521010
imul,800,0x00,69,3.513393651,0.001590043,336.546990000,24.229614000,312.317376000,95.789718832,88.893362658
imul,800,0x00,70,3.513608048,0.001941728,336.885734000,24.244200000,312.641534000,95.880282993,88.980196340
imul,800,0x00,71,3.513240946,0.001624277,337.171012000,24.218749000,312.952263000,95.971502433,89.077939090
imul,800,0x00,72,3.513368602,0.001503521,336.987541000,24.219298000,312.768243000,95.915794551,89.022325421
imul,800,0x00,73,3.513264439,0.001622743,336.649590000,24.251586000,312.398004000,95.822445438,88.919581613
imul,800,0x00,74,3.513270824,0.001499080,336.887260000,24.255797000,312.631463000,95.889920494,88.985870617
imul,800,0x00,75,3.513324181,0.001659289,336.391290000,24.277281000,312.114009000,95.747295927,88.837235894
imul,800,0x00,76,3.513262234,0.001498012,336.369989000,24.297484000,312.072505000,95.742921149,88.826988780
imul,800,0x00,77,3.513324681,0.001565108,336.563164000,24.273925000,312.289239000,95.796202894,88.887099067
imul,800,0x00,78,3.513292026,0.001535890,336.540643000,24.258178000,312.282465000,95.790683084,88.885997159
imul,800,0x00,79,3.513279314,0.001561028,336.463494000,24.235412000,312.228082000,95.769070399,88.870839479
imul,800,0x00,80,3.513755975,0.001846808,336.715752000,24.267577000,312.448175000,95.827870355,88.921421195
imul,800,0x00,81,3.513333328,0.001585623,336.710808000,24.280578000,312.430230000,95.837991046,88.927010580
imul,800,0x00,82,3.513196320,0.001538629,336.570671000,24.242186000,312.328485000,95.801839790,88.901517750
imul,800,0x00,83,3.513727160,0.001441782,336.602776000,24.270751000,312.332025000,95.796503458,88.889094346
imul,800,0x00,84,3.513308054,0.001529939,336.648919000,24.284606000,312.364313000,95.821064876,88.908888197
imul,800,0x00,85,3.513191176,0.001433510,336.389703000,24.261413000,312.128290000,95.750469068,88.844664121
imul,800,0x00,86,3.513423185,0.001531808,336.593133000,24.267882000,312.325251000,95.802046970,88.894856825
imul,800,0x00,87,3.513813826,0.002085830,336.472954000,24.235229000,312.237725000,95.757194509,88.860065008
imul,800,0x00,88,3.512973065,0.001501244,336.478631000,24.223021000,312.255610000,95.781728112,88.886423038
imul,800,0x00,89,3.513313601,0.001526954,336.458368000,24.208434000,312.249934000,95.766676753,88.876191944
imul,800,0x00,90,3.513952413,0.001771050,336.888969000,24.247130000,312.641839000,95.871807410,88.971563141
imul,800,0x00,91,3.513774903,0.001975228,336.710747000,24.266051000,312.444696000,95.825929746,88.919952081
imul,800,0x00,92,3.513134215,0.001525200,336.301080000,24.251708000,312.049372000,95.726795347,88.823640922
imul,800,0x00,93,3.513235577,0.001451237,336.425470000,24.227904000,312.197566000,95.759439581,88.863259844
imul,800,0x00,94,3.513849625,0.001517201,336.478325000,24.253905000,312.224420000,95.757747447,88.855373247
imul,800,0x00,95,3.513259270,0.001555480,336.491326000,24.231750000,312.259576000,95.777538788,88.880310847
imul,800,0x00,96,3.513250971,0.001609945,336.483391000,24.234557000,312.248834000,95.775506439,88.877463230
imul,800,0x00,97,3.513300988,0.001518699,336.585625000,24.213866000,312.371759000,95.803242057,88.911186386
imul,800,0x00,98,3.513370604,0.001659522,336.648369000,24.264037000,312.384332000,95.819202388,88.913003261
imul,800,0x00,99,3.513590721,0.002234946,336.864982000,24.237853000,312.627129000,95.874849624,88.976535357
imul,800,0xAA,0,3.513737021,0.001888962,338.877551000,24.247191000,314.630360000,96.443629377,89.542944763
imul,800,0xAA,1,3.513297331,0.001558362,338.390796000,24.228575000,314.162221000,96.317152850,89.420903339
imul,800,0xAA,2,3.513308627,0.001576733,338.407458000,24.253478000,314.153980000,96.321585710,89.418270181
imul,800,0xAA,3,3.513293612,0.001625636,338.640002000,24.261657000,314.378345000,96.388187092,89.482514046
imul,800,0xAA,4,3.513303797,0.001517465,339.075303000,24.262572000,314.812731000,96.511808416,89.605894951
imul,800,0xAA,5,3.513199251,0.001578815,339.312119000,24.242247000,315.069872000,96.582087924,89.681754278
imul,800,0xAA,6,3.513361381,0.001591374,339.021959000,24.280761000,314.741198000,96.495043421,89.584066050
imul,800,0xAA,7,3.513223160,0.001431411,338.489429000,24.296630000,314.192799000,96.347261062,89.431494858
imul,800,0xAA,8,3.513321437,0.001488734,338.041920000,24.300536000,313.741384000,96.217191063,89.300506543
imul,800,0xAA,9,3.514117516,0.004966592,339.889328000,24.373411000,315.515917000,96.721104648,89.785249233
imul,800,0xAA,10,3.513708841,0.001958741,339.436265000,24.251647000,315.184618000,96.603412610,89.701404477
imul,800,0xAA,11,3.513751579,0.001410318,338.185719000,24.239806000,313.945913000,96.246337108,89.347782827
imul,800,0xAA,12,3.513359483,0.001561398,338.742358000,24.319640000,314.422718000,96.415513318,89.493466166
imul,800,0xAA,13,3.513212682,0.001481058,338.898730000,24.307250000,314.591480000,96.464051761,89.545242056
imul,800,0xAA,14,3.513326822,0.001464721,338.707507000,24.262878000,314.444629000,96.406489957,89.500534653
imul,800,0xAA,15,3.513340431,0.001469799,338.635547000,24.262633000,314.372914000,96.385634610,89.479775790
imul,800,0xAA,16,3.513291283,0.001553276,339.461046000,24.289611000,315.171435000,96.621947537,89.708313270
imul,800,0xAA,17,3.513223045,0.001443050,338.746996000,24.247679000,314.499317000,96.420577829,89.518744757
imul,800,0xAA,18,3.513358346,0.001490209,339.769150000,24.304748000,315.464402000,96.707798209,89.789987498
imul,800,0xAA,19,3.513275486,0.001563160,339.775436000,24.299681000,315.475755000,96.711868283,89.795336659
imul,800,0xAA,20,3.513676241,0.001783354,341.410625000,24.272704000,317.137921000,97.166216115,90.258151075
imul,800,0xAA,21,3.513349118,0.001506428,340.773298000,24.310790000,316.462508000,96.993861568,90.074312959
imul,800,0xAA,22,3.513843433,0.001362889,340.529768000,24.324889000,316.204879000,96.910910931,89.988323326
imul,800,0xAA,23,3.513264206,0.001506516,341.104962000,24.267577000,316.837385000,97.090609189,90.183193300
imul,800,0xAA,24,3.513196221,0.001445546,340.244978000,24.212463000,316.032515000,96.847701237,89.955839389
imul,800,0xAA,25,3.513249893,0.001434747,341.413250000,24.212401000,317.200849000,97.178754836,90.287015922
imul,800,0xAA,26,3.513350513,0.001350866,340.634443000,24.237975000,316.396468000,96.954300945,90.055480315
imul,800,0xAA,27,3.513272921,0.001544099,341.542582000,24.250487000,317.292095000,97.214930263,90.312395918
imul,800,0xAA,28,3.514169072,0.005610330,343.024085000,24.419555000,318.604530000,97.611719303,90.662834800
imul,800,0xAA,29,3.513385150,0.001462089,341.737955000,24.258177000,317.479778000,97.267433104,90.362930475
imul,800,0xAA,30,3.513733834,0.001832553,342.306314000,24.316771000,317.989543000,97.419534365,90.499041195
imul,800,0xAA,31,3.513331736,0.001520418,342.288979000,24.284850000,318.004129000,97.425749887,90.513550350
imul,800,0xAA,32,3.513508178,0.001585140,342.156594000,24.199401000,317.957193000,97.383178497,90.495646214
imul,800,0xAA,33,3.513297188,0.001531853,342.228250000,24.248290000,317.979960000,97.409422446,90.507561118
imul,800,0xAA,34,3.513323377,0.001422554,341.543376000,24.228149000,317.315227000,97.213760119,90.317682987
imul,800,0xAA,35,3.513425470,0.001424900,343.403540000,24.255614000,319.147926000,97.740379852,90.836685948
imul,800,0xAA,36,3.513484798,0.001493209,341.441386000,24.238524000,317.202862000,97.180265655,90.281552441
imul,800,0xAA,37,3.513492954,0.001838189,343.382177000,24.238402000,319.143775000,97.732422265,90.833759790
imul,800,0xAA,38,3.513381938,0.001396553,342.310647000,24.211120000,318.099527000,97.430525074,90.539409781
imul,800,0xAA,39,3.513292994,0.001470397,342.588113000,24.249328000,318.338785000,97.511967712,90.609802694
imul,800,0xAA,40,3.513804470,0.001768747,343.464636000,24.282347000,319.182289000,97.747224957,90.836667694
imul,800,0xAA,41,3.513273956,0.001431745,342.651650000,24.309508000,318.342142000,97.530580968,90.611249226
imul,800,0xAA,42,3.513316572,0.001448249,342.229410000,24.254637000,317.974773000,97.409215181,90.505585377
imul,800,0xAA,43,3.513415185,0.001481107,343.714086000,24.231811000,319.482275000,97.829054606,90.932115382
imul,800,0xAA,44,3.513245309,0.001446529,343.156348000,24.253661000,318.902687000,97.675032005,90.771539972
imul,800,0xAA,45,3.513709164,0.001462443,342.828590000,24.246276000,318.582314000,97.568857878,90.668378962
imul,800,0xAA,46,3.513424208,0.001467854,342.621193000,24.274352000,318.346841000,97.517741293,90.608711651
imul,800,0xAA,47,3.513304032,0.001359447,343.014503000,24.227843000,318.786660000,97.633025737,90.736997731
imul,800,0xAA,48,3.513290440,0.001546258,342.959083000,24.301940000,318.657143000,97.617629085,90.700483913
imul,800,0xAA,49,3.513454002,0.001835481,343.204749000,24.279113000,318.925636000,97.683006181,90.772680050
imul,800,0xAA,50,3.513719944,0.002035777,342.724891000,24.215758000,318.509133000,97.539045938,90.647273575
imul,800,0xAA,51,3.513305967,0.001488796,342.536904000,24.269348000,318.267556000,97.497031909,90.589194042
imul,800,0xAA,52,3.513331993,0.001582670,342.755593000,24.315550000,318.440043000,97.558555162,90.637617986
imul,800,0xAA,53,3.513264966,0.001328445,341.050275000,24.280333000,316.769942000,97.075022325,90.163977119
imul,800,0xAA,54,3.513357690,0.001560293,342.606118000,24.231811000,318.374307000,97.515296835,90.618244744
imul,800,0xAA,55,3.514014396,0.004695430,343.697240000,24.332396000,319.364844000,97.807578813,90.883191700
imul,800,0xAA,56,3.513855891,0.001425024,342.683144000,24.313109000,318.370035000,97.523391587,90.604180966
imul,800,0xAA,57,3.513386468,0.001367031,342.894508000,24.275573000,318.618935000,97.596581294,90.687129908
imul,800,0xAA,58,3.513251045,0.001526886,342.234232000,24.285826000,317.948406000,97.412404529,90.499768429
imul,800,0xAA,59,3.513275831,0.001491495,342.770790000,24.306274000,318.464516000,97.564440266,90.646032727
imul,800,0xAA,60,3.513885076,0.001951176,343.474097000,24.304259000,319.169838000,97.747675186,90.831040612
imul,800,0xAA,61,3.513263450,0.001417580,340.504072000,24.214415000,316.289657000,96.919595356,90.027309781
imul,800,0xAA,62,3.513233749,0.001452674,342.046671000,24.231749000,317.814922000,97.359497100,90.462219341
imul,800,0xAA,63,3.513315787,0.001402762,343.352087000,24.223693000,319.128394000,97.728786087,90.833962374
imul,800,0xAA,64,3.513229920,0.001460704,342.481606000,24.238585000,318.243021000,97.483402400,90.584171335
imul,800,0xAA,65,3.513309793,0.001485715,342.311563000,24.237731000,318.073832000,97.432786496,90.533955358
imul,800,0xAA,66,3.513358937,0.001429056,343.418310000,24.187622000,319.230688000,97.746434721,90.861962501
imul,800,0xAA,67,3.513248352,0.001443126,342.693825000,24.260741000,318.433084000,97.543296302,90.637795020
imul,800,0xAA,68,3.513325832,0.001451496,343.414038000,24.303221000,319.110817000,97.746139815,90.828699713
imul,800,0xAA,69,3.514973112,0.003668068,345.557343000,24.289550000,321.267793000,98.310095680,91.399786775
imul,800,0xAA,70,3.514063478,0.002455932,344.489108000,24.268188000,320.220920000,98.031555242,91.125536569
imul,800,0xAA,71,3.513888519,0.002113347,344.081455000,24.279113000,319.802342000,97.920424384,91.010952763
imul,800,0xAA,72,3.514218812,0.002409113,343.947118000,24.278929000,319.668189000,97.872994357,90.964224500
imul,800,0xAA,73,3.513116247,0.001480163,343.245215000,24.283629000,318.961586000,97.703916074,90.791640109
imul,800,0xAA,74,3.513354467,0.001357256,343.523718000,24.190246000,319.333472000,97.776561191,90.891333347
imul,800,0xAA,75,3.513310117,0.001420826,343.681310000,24.221984000,319.459326000,97.822651169,90.928302764
imul,800,0xAA,76,3.513299614,0.001324825,344.357639000,24.246825000,320.110814000,98.015448971,91.114009394
imul,800,0xAA,77,3.514734311,0.006307027,345.773590000,24.448729000,321.324861000,98.378301000,91.422233532
imul,800,0xAA,78,3.513263981,0.001332063,344.738620000,24.271606000,320.467014000,98.124883843,91.216320714
imul,800,0xAA,79,3.513291779,0.001533489,343.531652000,24.278319000,319.253333000,97.780564113,90.870144902
imul,800,0xAA,80,3.514321408,0.001741773,344.197300000,24.301757000,319.895543000,97.941326365,91.026262494
imul,800,0xAA,81,3.513231615,0.001511060,343.673681000,24.286254000,319.387427000,97.822665467,90.909869312
imul,800,0xAA,82,3.513249988,0.001370524,343.976659000,24.284728000,319.691931000,97.908392565,90.996066917
imul,800,0xAA,83,3.513337615,0.001481250,344.042638000,24.231688000,319.810950000,97.924730196,91.027673705
imul,800,0xAA,84,3.513242997,0.001371301,344.100316000,24.252806000,319.847510000,97.943784799,91.040531587
imul,800,0xAA,85,3.513303524,0.001516993,343.777501000,24.262755000,319.514746000,97.850213814,90.944247724
imul,800,0xAA,86,3.513305625,0.001465447,343.931432000,24.261413000,319.670019000,97.893969024,90.988389040
imul,800,0xAA,87,3.513299166,0.001385039,344.040318000,24.244506000,319.795812000,97.925141515,91.024361121
imul,800,0xAA,88,3.513287049,0.001458805,344.439853000,24.262267000,320.177586000,98.039200396,91.133340822
imul,800,0xAA,89,3.513351751,0.001467165,343.981907000,24.219420000,319.762487000,97.907050402,91.013513485
imul,800,0xAA,90,3.514309280,0.001890304,344.351963000,24.317504000,320.034459000,97.985673873,91.066105314
imul,800,0xAA,91,3.513313183,0.001368692,344.256077000,24.281859000,319.974218000,97.986162666,91.074777959
imul,800,0xAA,92,3.513359124,0.001556834,343.145423000,24.300048000,318.845375000,97.668758275,90.752286846
imul,800,0xAA,93,3.515884908,0.001325293,343.255896000,24.309691000,318.946205000,97.630014925,90.715769539
imul,800,0xAA,94,3.513402947,0.001434339,343.039894000,24.289000000,318.750894000,97.637503920,90.724263291
imul,800,0xAA,95,3.513257160,0.001247802,342.441262000,24.228393000,318.212869000,97.471163208,90.574886648
imul,800,0xAA,96,3.513233410,0.001366831,344.183872000,24.290404000,319.893468000,97.967835280,91.053861408
imul,800,0xAA,97,3.513309398,0.001289724,343.725683000,24.248046000,319.477637000,97.835301146,90.933533254
imul,800,0xAA,98,3.513233571,0.001324708,344.804659000,24.299132000,320.505527000,98.144530394,91.228072519
imul,800,0xAA,99,3.513261706,0.001254628,343.602026000,24.216247000,319.385779000,97.801432050,90.908621600
imul,1000,0x00,0,2.810159542,0.001240644,280.021012000,19.307873000,260.713139000,99.645948129,92.775209045
imul,1000,0x00,1,2.809750681,0.000894333,279.737810000,19.270092000,260.467718000,99.559655570,92.701363077
imul,1000,0x00,2,2.809830539,0.000959187,279.662248000,19.261303000,260.400945000,99.529933982,92.674964354
imul,1000,0x00,3,2.809838200,0.000927015,279.707536000,19.269299000,260.438237000,99.545780259,92.687983607
imul,1000,0x00,4,2.809971486,0.001023995,280.004593000,19.286816000,260.717777000,99.646773795,92.783068559
imul,1000,0x00,5,2.810200814,0.001506789,280.164993000,19.305737000,260.859256000,99.695719813,92.825841724
imul,1000,0x00,6,2.809707944,0.000877293,279.806656000,19.323925000,260.482731000,99.585672814,92.708116361
imul,1000,0x00,7,2.809751029,0.000874010,279.800431000,19.314831000,260.485600000,99.581930240,92.707715835
imul,1000,0x00,8,2.810267421,0.001060781,279.698625000,19.330334000,260.368291000,99.527405433,92.648937621
imul,1000,0x00,9,2.809868668,0.000929877,279.972306000,19.196362000,260.775944000,99.638929467,92.807164616
imul,1000,0x00,10,2.810205910,0.001090964,279.929520000,19.249096000,260.680424000,99.611746962,92.762036792
imul,1000,0x00,11,2.809815130,0.000908566,280.027969000,19.255932000,260.772037000,99.660638182,92.807542476
imul,1000,0x00,12,2.809929870,0.000997906,280.017655000,19.288463000,260.729192000,99.652898086,92.788505062
imul,1000,0x00,13,2.809792309,0.000927182,279.849137000,19.295911000,260.553226000,99.597801615,92.730421796
imul,1000,0x00,14,2.809760313,0.000972514,280.134964000,19.259167000,260.875797000,99.700662265,92.846281515
imul,1000,0x00,15,2.809745287,0.000918437,279.889237000,19.211804000,260.677433000,99.613740172,92.776179455
imul,1000,0x00,16,2.809831047,0.000887234,280.106339000,19.267529000,260.838810000,99.687964961,92.830780784
imul,1000,0x00,17,2.809835467,0.000864218,280.047257000,19.293164000,260.754093000,99.666781300,92.800484599
imul,1000,0x00,18,2.809865454,0.000889230,280.199539000,19.208874000,260.990665000,99.719913122,92.883687576
imul,1000,0x00,19,2.809814360,0.000947563,279.950211000,19.229321000,260.720890000,99.632991780,92.789364928
imul,1000,0x00,20,2.810135115,0.001190776,279.946060000,19.203869000,260.742191000,99.620142288,92.786353799
imul,1000,0x00,21,2.809465502,0.000798045,279.874161000,19.139416000,260.734745000,99.618294239,92.805818347
imul,1000,0x00,22,2.810080965,0.000824601,280.284988000,19.170239000,261.114749000,99.742673435,92.920720886
imul,1000,0x00,23,2.809673312,0.000934856,280.164749000,19.274365000,260.890384000,99.714350342,92.854348178
imul,1000,0x00,24,2.809641227,0.000802800,279.929154000,19.255749000,260.673405000,99.631636718,92.778181971
imul,1000,0x00,25,2.809624920,0.000817515,279.844315000,19.227978000,260.616337000,99.602019117,92.758408832
imul,1000,0x00,26,2.811521159,0.004424756,280.830824000,19.325329000,261.505495000,99.885723098,93.012102767
imul,1000,0x00,27,2.809696157,0.000922044,279.755815000,19.223767000,260.532048000,99.567995738,92.726057705
imul,1000,0x00,28,2.809646423,0.000812009,279.964920000,19.085156000,260.879764000,99.644182164,92.851456986
imul,1000,0x00,29,2.809692807,0.000850963,279.926530000,19.241162000,260.685368000,99.628873767,92.780736508
imul,1000,0x00,30,2.810141147,0.001109281,279.997269000,19.286999000,260.710270000,99.638151365,92.774795402
imul,1000,0x00,31,2.809795600,0.000864245,280.164322000,19.191296000,260.973026000,99.709858609,92.879719079
imul,1000,0x00,32,2.809798446,0.000909225,280.137405000,19.185071000,260.952334000,99.700177938,92.872260786
imul,1000,0x00,33,2.809883306,0.000838946,279.952469000,19.176403000,260.776066000,99.631350686,92.806724566
imul,1000,0x00,34,2.809898116,0.000971658,280.168961000,19.157910000,261.011051000,99.707871772,92.889863000
imul,1000,0x00,35,2.809829807,0.000865239,280.472915000,19.228894000,261.244021000,99.818470959,92.975033697
imul,1000,0x00,36,2.809732165,0.000853877,280.376540000,19.260876000,261.115664000,99.787639351,92.932581692
imul,1000,0x00,37,2.809845744,0.000980422,280.188187000,19.170850000,261.017337000,99.716572570,92.893831484
imul,1000,0x00,38,2.809815106,0.000860857,280.023697000,19.250439000,260.773258000,99.659118648,92.807977817
imul,1000,0x00,39,2.809826661,0.000811570,280.167007000,19.300305000,260.866702000,99.709711933,92.840852275
imul,1000,0x00,40,2.810204641,0.001227177,280.340591000,19.291698000,261.048893000,99.758069881,92.893196870
imul,1000,0x00,41,2.809754096,0.000916005,280.629958000,19.287060000,261.342898000,99.877052720,93.012729601
imul,1000,0x00,42,2.809629195,0.000853544,280.279800000,19.280896000,260.998904000,99.756864895,92.894430509
imul,1000,0x00,43,2.809711368,0.000850482,280.743177000,19.228161000,261.515016000,99.918867179,93.075402324
imul,1000,0x00,44,2.809915128,0.000953317,280.627761000,19.241162000,261.386599000,99.870547041,93.022951608
imul,1000,0x00,45,2.809837056,0.000891204,280.460891000,19.253490000,261.207401000,99.813934186,92.961761048
imul,1000,0x00,46,2.809788050,0.000929374,280.419021000,19.258740000,261.160281000,99.800773602,92.946612483
imul,1000,0x00,47,2.809857678,0.000892158,280.313918000,19.305675000,261.008243000,99.760895420,92.890200456
imul,1000,0x00,48,2.809935914,0.000906542,280.154739000,19.262036000,260.892703000,99.701469221,92.846495801
imul,1000,0x00,49,2.809818746,0.000857713,280.332229000,19.247631000,261.084598000,99.768794488,92.918661885
imul,1000,0x00,50,2.810184543,0.001238620,280.518996000,19.215100000,261.303896000,99.822268519,92.984603694
imul,1000,0x00,51,2.810187714,0.000969501,280.498061000,19.160717000,261.337344000,99.814706201,92.996401179
imul,1000,0x00,52,2.809842303,0.000927807,280.478408000,19.312695000,261.165713000,99.819981965,92.946751044
imul,1000,0x00,53,2.809789147,0.000912291,280.555129000,19.289868000,261.265261000,99.849175256,92.983938404
imul,1000,0x00,54,2.809917032,0.000901046,280.555678000,19.280346000,261.275332000,99.844826308,92.983290618
imul,1000,0x00,55,2.809866498,0.000874673,280.235367000,19.287243000,260.948124000,99.732626871,92.868513216
imul,1000,0x00,56,2.809816267,0.000909470,280.504470000,19.259045000,261.245425000,99.830182225,92.975981392
imul,1000,0x00,57,2.809824904,0.000905789,280.336929000,19.297192000,261.039737000,99.770248524,92.902492469
imul,1000,0x00,58,2.809811688,0.000873982,280.051529000,19.350536000,260.700993000,99.669145152,92.782371892
imul,1000,0x00,59,2.809856270,0.000875161,280.212295000,19.256543000,260.955752000,99.724778790,92.871565975
imul,1000,0x00,60,2.810065422,0.001074906,280.276321000,19.292004000,260.984317000,99.740140848,92.874818835
imul,1000,0x00,61,2.809627992,0.000820802,280.046403000,19.305187000,260.741216000,99.673837182,92.802754229
imul,1000,0x00,62,2.809588527,0.000865059,280.345107000,19.316174000,261.028933000,99.781553166,92.906463162
imul,1000,0x00,63,2.809564483,0.000798504,280.331740000,19.325024000,261.006716000,99.777649420,92.899350624
imul,1000,0x00,64,2.810202475,0.001036479,280.240982000,19.333325000,260.907657000,99.722701287,92.843010173
imul,1000,0x00,65,2.809746109,0.000906847,280.098831000,19.335949000,260.762882000,99.688306388,92.806563964
imul,1000,0x00,66,2.809786788,0.000805924,280.213089000,19.354564000,260.858525000,99.727527442,92.839259591
imul,1000,0x00,67,2.809821372,0.000995130,280.313186000,19.331189000,260.981997000,99.761923946,92.882059911
imul,1000,0x00,68,2.809787705,0.000916412,280.218826000,19.297070000,260.921756000,99.729536688,92.861733129
imul,1000,0x00,69,2.809880062,0.000989935,280.136246000,19.321728000,260.814518000,99.696869559,92.820516272
imul,1000,0x00,70,2.810128993,0.001166871,280.307022000,19.325268000,260.981754000,99.748809644,92.871805759
imul,1000,0x00,71,2.809613880,0.000766105,280.007706000,19.313488000,260.694218000,99.660564753,92.786492789
imul,1000,0x00,72,2.809649233,0.000857856,280.021988000,19.297863000,260.724125000,99.664393928,92.795969653
imul,1000,0x00,73,2.809597314,0.000912218,280.308181000,19.297253000,261.010928000,99.768098282,92.899764197
imul,1000,0x00,74,2.809644480,0.000839534,280.158645000,19.331066000,260.827579000,99.713201067,92.832947663
imul,1000,0x00,75,2.809661367,0.000851866,280.054154000,19.307873000,260.746281000,99.675411894,92.803454572
imul,1000,0x00,76,2.809731837,0.000859381,279.971756000,19.314770000,260.656986000,99.643586011,92.769346362
imul,1000,0x00,77,2.809782557,0.000915824,280.270095000,19.343212000,260.926883000,99.747965997,92.863727945
imul,1000,0x00,78,2.809790324,0.000859198,280.183426000,19.298351000,260.885075000,99.716844923,92.848591859
imul,1000,0x00,79,2.809846065,0.000882205,280.296218000,19.303417000,260.992801000,99.755008482,92.885088722
imul,1000,0x00,80,2.810020879,0.001059892,280.140640000,19.328015000,260.812625000,99.693437184,92.815191138
imul,1000,0x00,81,2.810104308,0.001565946,280.515090000,19.336193000,261.178897000,99.823728666,92.942776616
imul,1000,0x00,82,2.809645122,0.000838206,280.150772000,19.253430000,260.897342000,99.710376177,92.857756303
imul,1000,0x00,83,2.809712924,0.000895686,280.350052000,19.230419000,261.119633000,99.778895427,92.934630721
imul,1000,0x00,84,2.809731308,0.000924796,280.226334000,19.327465000,260.898869000,99.734210601,92.855451431
imul,1000,0x00,85,2.809747268,0.000939601,280.343215000,19.306958000,261.036257000,99.775242478,92.903820903
imul,1000,0x00,86,2.809777107,0.000887945,280.544753000,19.307446000,261.237307000,99.845910291,92.974388010
imul,1000,0x00,87,2.809716386,0.000822836,280.096573000,19.302135000,260.794438000,99.688557331,92.818776773
imul,1000,0x00,88,2.809843447,0.000890833,280.139908000,19.266491000,260.873417000,99.699471983,92.842687481
imul,1000,0x00,89,2.810269094,0.002426726,281.452404000,19.423107000,262.029297000,100.151407072,93.239931213
imul,1000,0x00,90,2.811297463,0.005969188,282.982307000,19.530223000,263.452084000,100.658969992,93.711920363
imul,1000,0x00,91,2.810166829,0.001919241,280.768691000,19.345776000,261.422915000,99.911751904,93.027542824
imul,1000,0x00,92,2.810178407,0.002402622,281.068678000,19.370311000,261.698367000,100.018090427,93.125178948
imul,1000,0x00,93,2.810086807,0.000948150,280.782789000,19.369213000,261.413576000,99.919613974,93.026868543
imul,1000,0x00,94,2.809880009,0.000992976,280.342238000,19.351818000,260.990420000,99.770181334,92.883119275
imul,1000,0x00,95,2.809837977,0.000907517,280.600844000,19.342601000,261.258243000,99.863709676,92.979824855
imul,1000,0x00,96,2.809796743,0.000976989,280.373244000,19.353833000,261.019411000,99.784172901,92.896189616
imul,1000,0x00,97,2.809868704,0.000905165,280.210525000,19.353954000,260.856571000,99.723707580,92.835857635
imul,1000,0x00,98,2.809890691,0.000887306,280.210281000,19.305981000,260.904300000,99.722840428,92.852117285
imul,1000,0x00,99,2.809890081,0.000965604,280.246475000,19.286083000,260.960392000,99.735743004,92.872099786
imul,1000,0xAA,0,2.810159209,0.001311322,280.103714000,19.318737000,260.784977000,99.675389598,92.800783726
imul,1000,0xAA,1,2.810198874,0.001093758,280.009354000,19.315685000,260.693669000,99.640405039,92.766982243
imul,1000,0xAA,2,2.809870344,0.000957975,280.103775000,19.280102000,260.823673000,99.685658318,92.824095455
imul,1000,0xAA,3,2.809925215,0.001176243,280.024552000,19.339245000,260.685307000,99.655517718,92.773040953
imul,1000,0xAA,4,2.809825681,0.000921822,280.062699000,19.340527000,260.722172000,99.672624151,92.789447329
imul,1000,0xAA,5,2.809877815,0.000963124,279.991165000,19.304211000,260.686954000,99.645316768,92.775192062
imul,1000,0xAA,6,2.809931012,0.001181018,280.279128000,19.349987000,260.929141000,99.745910774,92.859625339
imul,1000,0xAA,7,2.809805235,0.000908628,280.077164000,19.343396000,260.733768000,99.678497458,92.794249484
imul,1000,0xAA,8,2.809844680,0.000995622,279.988846000,19.324230000,260.664616000,99.645666523,92.768336208
imul,1000,0xAA,9,2.809847565,0.000942571,280.051895000,19.370434000,260.681461000,99.668002825,92.774235973
imul,1000,0xAA,10,2.810209080,0.001337227,280.289871000,19.391064000,260.898807000,99.739863843,92.839642739
imul,1000,0xAA,11,2.809799076,0.000964225,280.007157000,19.332164000,260.674993000,99.653800640,92.773535014
imul,1000,0xAA,12,2.810013948,0.000991021,280.096634000,19.351757000,260.744877000,99.678022666,92.791310586
imul,1000,0xAA,13,2.810205599,0.001576601,280.326431000,19.330455000,260.995976000,99.752997101,92.874334912
imul,1000,0xAA,14,2.809672101,0.000846522,280.230484000,19.293285000,260.937199000,99.737789297,92.871050295
imul,1000,0xAA,15,2.809668623,0.000759777,280.084183000,19.271374000,260.812809000,99.685842202,92.826893128
imul,1000,0xAA,16,2.809832209,0.000879012,280.139785000,19.243664000,260.896121000,99.699826951,92.851138998
imul,1000,0xAA,17,2.809836640,0.001148454,280.349197000,19.252453000,261.096744000,99.774197887,92.922392796
imul,1000,0xAA,18,2.809851882,0.000876790,280.150344000,19.212292000,260.938052000,99.702886774,92.865411772
imul,1000,0xAA,19,2.809790078,0.000846028,280.337783000,19.290111000,261.047672000,99.771789071,92.906468010
imul,1000,0xAA,20,2.810226277,0.001467549,280.409134000,19.323498000,261.085636000,99.781692417,92.905556442
imul,1000,0xAA,21,2.811099943,0.002896273,281.423046000,19.358837000,262.064209000,100.111362703,93.224792538
imul,1000,0xAA,22,2.809680926,0.000850617,280.129715000,19.350536000,260.779179000,99.701611084,92.814517315
imul,1000,0xAA,23,2.810122047,0.001429161,280.522903000,19.359997000,261.162906000,99.825878826,92.936499407
imul,1000,0xAA,24,2.809559902,0.001037583,280.075394000,19.357677000,260.717717000,99.686571482,92.796639366
imul,1000,0xAA,25,2.809605900,0.000789501,280.017471000,19.378979000,260.638492000,99.664323383,92.766922221
imul,1000,0xAA,26,2.809638705,0.000761423,279.948014000,19.362499000,260.585515000,99.638438730,92.746983625
imul,1000,0xAA,27,2.809715175,0.001073851,280.269852000,19.366101000,260.903751000,99.750271648,92.857722122
imul,1000,0xAA,28,2.809538497,0.000822622,280.090225000,19.334118000,260.756107000,99.692609772,92.811010527
imul,1000,0xAA,29,2.809662206,0.000832672,279.884294000,19.302685000,260.581609000,99.614926449,92.744817665
imul,1000,0xAA,30,2.810420979,0.001169639,280.324905000,19.350537000,260.974368000,99.744809432,92.859528849
imul,1000,0xAA,31,2.809650223,0.001072978,280.315872000,19.333263000,260.982609000,99.768956885,92.887935597
imul,1000,0xAA,32,2.809644363,0.000801279,279.852799000,19.311901000,260.540898000,99.604349462,92.730916919
imul,1000,0xAA,33,2.809796955,0.000884071,280.148819000,19.389843000,260.758976000,99.704293046,92.803494408
imul,1000,0xAA,34,2.809774598,0.000901486,279.961197000,19.320690000,260.640507000,99.638311615,92.762069652
imul,1000,0xAA,35,2.809872974,0.001166298,280.328811000,19.298717000,261.030094000,99.765652603,92.897471309
imul,1000,0xAA,36,2.809792482,0.000841206,280.407363000,19.280346000,261.127017000,99.796467117,92.934627274
imul,1000,0xAA,37,2.809814730,0.000820134,280.425369000,19.289257000,261.136112000,99.802085165,92.937128272
imul,1000,0xAA,38,2.809872489,0.001137145,280.629836000,19.343517000,261.286319000,99.872801042,92.988674777
imul,1000,0xAA,39,2.809858098,0.000924368,280.613296000,19.335399000,261.277897000,99.867426123,92.986153715
imul,1000,0xAA,40,2.810169496,0.001176497,280.544997000,19.274914000,261.270083000,99.832055486,92.973069211
imul,1000,0xAA,41,2.809821912,0.000894165,280.247391000,19.275647000,260.971744000,99.738488683,92.878393061
imul,1000,0xAA,42,2.809822352,0.001025690,280.350601000,19.272228000,261.078373000,99.775204941,92.916327194
imul,1000,0xAA,43,2.809818502,0.000946049,280.171829000,19.297558000,260.874271000,99.711717605,92.843815644
imul,1000,0xAA,44,2.810143027,0.000999323,280.278030000,19.320141000,260.957889000,99.737994589,92.862849511
imul,1000,0xAA,45,2.809824214,0.001184566,280.146439000,19.328442000,260.817997000,99.702478771,92.823599335
imul,1000,0xAA,46,2.809848870,0.000928486,280.038529000,19.338513000,260.700016000,99.663199685,92.780796432
imul,1000,0xAA,47,2.809827887,0.000961098,280.213761000,19.326794000,260.886967000,99.726307894,92.848023965
imul,1000,0xAA,48,2.809879522,0.000810044,279.882829000,19.343579000,260.539250000,99.606700857,92.722569759
imul,1000,0xAA,49,2.809886901,0.001171323,280.256057000,19.333385000,260.922672000,99.739265993,92.858780876
imul,1000,0xAA,50,2.810218304,0.001290874,280.152115000,19.303845000,260.848270000,99.690516800,92.821354722
imul,1000,0xAA,51,2.809788280,0.000955439,280.164749000,19.354321000,260.810428000,99.710270336,92.822092626
imul,1000,0xAA,52,2.810035780,0.001194930,280.267105000,19.343090000,260.924015000,99.737913310,92.854339037
imul,1000,0xAA,53,2.809819189,0.000878643,280.037735000,19.345593000,260.692142000,99.663969866,92.778974179
imul,1000,0xAA,54,2.809814874,0.000887520,279.937760000,19.314221000,260.623539000,99.628542273,92.754701161
imul,1000,0xAA,55,2.809883097,0.000931008,279.972671000,19.320874000,260.651797000,99.638547718,92.762505785
imul,1000,0xAA,56,2.809886049,0.001197250,280.294693000,19.322887000,260.971806000,99.753046253,92.876295145
imul,1000,0xAA,57,2.809835002,0.000938979,280.202164000,19.357983000,260.844181000,99.721928093,92.832561639
imul,1000,0xAA,58,2.809780237,0.000917043,280.023514000,19.326427000,260.697087000,99.660290279,92.782020317
imul,1000,0xAA,59,2.809939092,0.001061141,280.173233000,19.332348000,260.840885000,99.707938075,92.827949802
imul,1000,0xAA,60,2.810173264,0.001119184,280.297623000,19.324596000,260.973027000,99.743893569,92.867237156
imul,1000,0xAA,61,2.809872622,0.000990991,279.930130000,19.312267000,260.617863000,99.623779320,92.750774882
imul,1000,0xAA,62,2.809810409,0.000936235,280.027726000,19.309337000,260.718389000,99.660719137,92.788605297
imul,1000,0xAA,63,2.810082540,0.001509323,280.275955000,19.300060000,260.975895000,99.739403030,92.871256018
imul,1000,0xAA,64,2.809890192,0.000927921,280.055192000,19.325939000,260.729253000,99.667664178,92.789837045
imul,1000,0xAA,65,2.809796918,0.000932891,280.054580000,19.241284000,260.813296000,99.670754938,92.822828001
imul,1000,0xAA,66,2.809854511,0.000967033,280.329300000,19.262829000,261.066471000,99.766482172,92.911027940
imul,1000,0xAA,67,2.809908766,0.001176820,280.291092000,19.299573000,260.991519000,99.750958244,92.882559799
imul,1000,0xAA,68,2.809819992,0.000958817,280.029922000,19.291637000,260.738285000,99.661160779,92.795369713
imul,1000,0xAA,69,2.809866057,0.000880757,280.084488000,19.308117000,260.776371000,99.678946374,92.807402817
imul,1000,0xAA,70,2.810234825,0.001380007,280.282668000,19.363048000,260.919620000,99.736386982,92.846198366
imul,1000,0xAA,71,2.809799677,0.000961553,280.809889000,19.299877000,261.510012000,99.939469452,93.070696152
imul,1000,0xAA,72,2.810623126,0.005137361,282.456796000,19.477062000,262.979734000,100.496147427,93.566345341
imul,1000,0xAA,73,2.810204815,0.001042306,280.681349000,19.352551000,261.328798000,99.879321070,92.992794189
imul,1000,0xAA,74,2.809891515,0.001170202,280.347304000,19.364147000,260.983157000,99.771575702,92.880154131
imul,1000,0xAA,75,2.809821371,0.000852527,280.828993000,19.315075000,261.513918000,99.945496856,93.071367703
imul,1000,0xAA,76,2.809885922,0.000878154,280.975111000,19.375378000,261.599733000,99.995202211,93.099769964
imul,1000,0xAA,77,2.809878953,0.001167576,280.755690000,19.355907000,261.399783000,99.917361113,93.028841243
imul,1000,0xAA,78,2.809817253,0.000958871,280.530837000,19.338085000,261.192752000,99.839531085,92.957202714
imul,1000,0xAA,79,2.809846701,0.000963578,280.211258000,19.345227000,260.866031000,99.724749377,92.839951358
imul,1000,0xAA,80,2.810245652,0.001210722,280.217422000,19.363537000,260.853885000,99.712785543,92.822449466
imul,1000,0xAA,81,2.809752842,0.001039574,280.092727000,19.324901000,260.767826000,99.685895073,92.808101158
imul,1000,0xAA,82,2.809915229,0.001008425,280.206191000,19.336803000,260.869388000,99.720514011,92.838881855
imul,1000,0xAA,83,2.809826839,0.000946133,279.914749000,19.367260000,260.547489000,99.619928560,92.727240467
imul,1000,0xAA,84,2.809926681,0.001211537,280.080338000,19.348278000,260.732060000,99.675318889,92.789631041
imul,1000,0xAA,85,2.809811815,0.000902760,279.871537000,19.372509000,260.499028000,99.605082260,92.710489215
imul,1000,0xAA,86,2.809796580,0.000888638,279.917802000,19.334667000,260.583135000,99.622087950,92.740925399
imul,1000,0xAA,87,2.810357143,0.001178554,280.283645000,19.361401000,260.922244000,99.732393679,92.843090999
imul,1000,0xAA,88,2.809847462,0.001208644,280.284317000,19.323559000,260.960758000,99.750723393,92.873638690
imul,1000,0xAA,89,2.809857565,0.000927307,280.123490000,19.351146000,260.772344000,99.693128024,92.806250113
imul,1000,0xAA,90,2.810168219,0.001277874,280.130570000,19.338390000,260.792180000,99.684626737,92.803049375
imul,1000,0xAA,91,2.809776370,0.001115575,280.091140000,19.345959000,260.745181000,99.684495537,92.799264666
imul,1000,0xAA,92,2.809834837,0.000989666,279.787613000,19.364392000,260.423221000,99.574398214,92.682750441
imul,1000,0xAA,93,2.809802947,0.000885888,280.011246000,19.346019000,260.665227000,99.655118619,92.769931521
imul,1000,0xAA,94,2.809874028,0.000958791,279.843888000,19.322399000,260.521489000,99.593036982,92.716430128
imul,1000,0xAA,95,2.809886828,0.001172631,279.888566000,19.370678000,260.517888000,99.608483606,92.714726246
imul,1000,0xAA,96,2.809821762,0.000926632,279.859696000,19.357678000,260.502018000,99.600515512,92.711225145
imul,1000,0xAA,97,2.809780004,0.000900142,279.774614000,19.305614000,260.469000000,99.571715083,92.700851893
imul,1000,0xAA,98,2.810677609,0.005088644,282.040232000,19.475597000,262.564635000,100.345991695,93.416845165
imul,1000,0xAA,99,2.809887419,0.001134845,279.911575000,19.351696000,260.559879000,99.616651221,92.729650743
imul,1200,0x00,0,2.341351074,0.000957369,241.747489000,16.016866000,225.730623000,103.251277288,96.410412552
imul,1200,0x00,1,2.340923483,0.000628613,241.650199000,16.017904000,225.632295000,103.228576585,96.386018885
imul,1200,0x00,2,2.341154135,0.000645173,241.748222000,15.995931000,225.752291000,103.260275928,96.427777906
imul,1200,0x00,3,2.341078861,0.000650021,241.743644000,16.041218000,225.702426000,103.261640618,96.409578406
imul,1200,0x00,4,2.341042298,0.000620077,241.513847000,16.039266000,225.474581000,103.165093259,96.313757846
imul,1200,0x00,5,2.341096241,0.000642476,241.616081000,16.054341000,225.561740000,103.206385455,96.348768617
imul,1200,0x00,6,2.341143429,0.000710144,241.495720000,15.994221000,225.501499000,103.152894022,96.321095165
imul,1200,0x00,7,2.341040351,0.000631908,241.489677000,16.062581000,225.427096000,103.154854588,96.293554230
imul,1200,0x00,8,2.341090585,0.000703776,241.658317000,16.093159000,225.565158000,103.224675943,96.350461377
imul,1200,0x00,9,2.341073850,0.000616417,241.667350000,16.056722000,225.610628000,103.229272327,96.370572846
imul,1200,0x00,10,2.341388027,0.000908313,241.548026000,16.119649000,225.428377000,103.164457687,96.279802595
imul,1200,0x00,11,2.340988878,0.000719635,241.760856000,16.109273000,225.651583000,103.272962252,96.391565611
imul,1200,0x00,12,2.341311280,0.001354607,242.137869000,16.111470000,226.026399000,103.419767851,96.538380425
imul,1200,0x00,13,2.340915936,0.000599876,241.434623000,16.064046000,225.370577000,103.136818941,96.274528093
imul,1200,0x00,14,2.341013446,0.000714752,241.429008000,16.096577000,225.332431000,103.130124431,96.254223301
imul,1200,0x00,15,2.341028194,0.000580393,241.483574000,16.058309000,225.425265000,103.152783288,96.293272139
imul,1200,0x00,16,2.340939344,0.000595772,241.627311000,16.070821000,225.556490000,103.218099880,96.352983514
imul,1200,0x00,17,2.340912486,0.000666200,241.215386000,16.065693000,225.149693000,103.043316409,96.180311878
imul,1200,0x00,18,2.340953169,0.000579295,240.493342000,16.000265000,224.493077000,102.733085489,95.898149526
imul,1200,0x00,19,2.341057842,0.000619698,241.128166000,16.100728000,225.027438000,102.999661793,96.122117928
imul,1200,0x00,20,2.341220158,0.000951908,241.293267000,16.104634000,225.188633000,103.063040090,96.184304681
imul,1200,0x00,21,2.340750671,0.000527976,241.083001000,16.081929000,225.001072000,102.993883107,96.123467903
imul,1200,0x00,22,2.340806207,0.000538686,240.646051000,16.119832000,224.526219000,102.804773106,95.918328619
imul,1200,0x00,23,2.340849249,0.000647804,240.592707000,16.070821000,224.521886000,102.780094506,95.914713914
imul,1200,0x00,24,2.340833204,0.000563461,240.372676000,16.073018000,224.299658000,102.686802112,95.820435909
imul,1200,0x00,25,2.340787287,0.000536453,239.983578000,16.067830000,223.915748000,102.522591173,95.658306625
imul,1200,0x00,26,2.340949812,0.000662264,240.322688000,16.104878000,224.217810000,102.660333317,95.780699283
imul,1200,0x00,27,2.341058245,0.000667680,239.979488000,16.065694000,223.913794000,102.508977924,95.646400271
imul,1200,0x00,28,2.341069069,0.000621634,240.889886000,16.063252000,224.826634000,102.897385289,96.035882478
imul,1200,0x00,29,2.341094574,0.000732633,240.849359000,16.073445000,224.775914000,102.878953155,96.013171149
imul,1200,0x00,30,2.341282243,0.001086216,241.218315000,16.071309000,225.147006000,103.028293882,96.163974534
imul,1200,0x00,31,2.341207002,0.000670002,240.585566000,16.029744000,224.555822000,102.761338836,95.914552547
imul,1200,0x00,32,2.341066904,0.000683736,240.115169000,16.097004000,224.018165000,102.566555677,95.690629163
imul,1200,0x00,33,2.340874064,0.000560838,240.122860000,16.079000000,224.043860000,102.578290624,95.709488816
imul,1200,0x00,34,2.340807901,0.000575797,239.435300000,15.999532000,223.435768000,102.287462344,95.452415353
imul,1200,0x00,35,2.341045523,0.000694757,240.656916000,16.059590000,224.597326000,102.798904881,95.938897314
imul,1200,0x00,36,2.341150320,0.000665188,239.967769000,16.072164000,223.895605000,102.499940700,95.634869346
imul,1200,0x00,37,2.341030968,0.000702696,240.060054000,16.053730000,224.006324000,102.544587104,95.687040057
imul,1200,0x00,38,2.341019453,0.000609280,239.948116000,16.044637000,223.903479000,102.497275553,95.643578982
imul,1200,0x00,39,2.340948190,0.000637042,239.813778000,16.050008000,223.763770000,102.443009662,95.586810080
imul,1200,0x00,40,2.341327139,0.000962013,241.004937000,16.092183000,224.912754000,102.935182792,96.062079613
imul,1200,0x00,41,2.340886626,0.000608013,239.849544000,16.056783000,223.792761000,102.460982678,95.601708578
imul,1200,0x00,42,2.341078614,0.000742301,240.319025000,16.086995000,224.232030000,102.653120453,95.781503711
imul,1200,0x00,43,2.340959151,0.000922466,240.453913000,16.101827000,224.352086000,102.715979858,95.837676581
imul,1200,0x00,44,2.340981580,0.000653216,240.871514000,16.060140000,224.811374000,102.893382866,96.032952977
imul,1200,0x00,45,2.341174164,0.000848463,241.062127000,16.106282000,224.955845000,102.966336612,96.086762144
imul,1200,0x00,46,2.341032020,0.000765913,240.987542000,16.084004000,224.903538000,102.940728671,96.070252804
imul,1200,0x00,47,2.341376129,0.000708604,241.063470000,16.052815000,225.010655000,102.958028402,96.101883078
imul,1200,0x00,48,2.340938494,0.000580325,240.061580000,16.090596000,223.970984000,102.549289780,95.675723456
imul,1200,0x00,49,2.340966994,0.000665679,240.928704000,16.118611000,224.810093000,102.918454035,96.033004117
imul,1200,0x00,50,2.341273271,0.000834572,241.226800000,16.116231000,225.110569000,103.032312815,96.148780166
imul,1200,0x00,51,2.340822031,0.000557520,239.757320000,16.054891000,223.702429000,102.424411954,95.565756837
imul,1200,0x00,52,2.341010734,0.000693227,240.932123000,16.068135000,224.863988000,102.917991572,96.054231930
imul,1200,0x00,53,2.341136792,0.000703456,240.971795000,16.042439000,224.929356000,102.929395574,96.076981374
imul,1200,0x00,54,2.341014234,0.000619134,240.560725000,16.013142000,224.547583000,102.759189389,95.918931107
imul,1200,0x00,55,2.341267201,0.001603589,241.377495000,16.073872000,225.303623000,103.096944644,96.231486488
imul,1200,0x00,56,2.341089843,0.000616079,240.262447000,15.974203000,224.288244000,102.628460735,95.805056221
imul,1200,0x00,57,2.341188547,0.000784868,240.731927000,16.016255000,224.715672000,102.824664570,95.983585912
imul,1200,0x00,58,2.341073805,0.001123411,241.067803000,16.043294000,225.024509000,102.973175176,96.120211392
imul,1200,0x00,59,2.340829806,0.000555773,240.397333000,16.034749000,224.362584000,102.697484615,95.847456921
imul,1200,0x00,60,2.341124502,0.000931593,241.244317000,16.061848000,225.182469000,103.046342390,96.185601756
imul,1200,0x00,61,2.340919420,0.000692103,240.566706000,16.065267000,224.501439000,102.765906420,95.903104195
imul,1200,0x00,62,2.341040361,0.000611365,240.561091000,16.009480000,224.551611000,102.758198887,95.919581208
imul,1200,0x00,63,2.340906556,0.000680156,241.112420000,16.067891000,225.044529000,102.999591907,96.135631038
imul,1200,0x00,64,2.340912581,0.000551057,241.266777000,16.111714000,225.155063000,103.065265644,96.182601964
imul,1200,0x00,65,2.341278950,0.001111430,241.113946000,16.078328000,225.035618000,102.983861020,96.116534083
imul,1200,0x00,66,2.341016979,0.000695956,240.794001000,16.068257000,224.725744000,102.858716155,95.994922709
imul,1200,0x00,67,2.341088127,0.000611685,241.038384000,15.974385000,225.063999000,102.959978815,96.136491560
imul,1200,0x00,68,2.340992808,0.000630452,240.326106000,16.046163000,224.279943000,102.659907874,95.805481434
imul,1200,0x00,69,2.340961626,0.000692869,240.921380000,15.998250000,224.923130000,102.915561433,96.081510920
imul,1200,0x00,70,2.341234183,0.000897950,241.419242000,15.973592000,225.445650000,103.116229808,96.293506938
imul,1200,0x00,71,2.340805415,0.000537565,240.641290000,16.026693000,224.614597000,102.802773982,95.956116461
imul,1200,0x00,72,2.340993686,0.000643415,240.878473000,16.002644000,224.875829000,102.895823443,96.059989543
imul,1200,0x00,73,2.341014093,0.000620095,240.643855000,16.063253000,224.580602000,102.794705811,95.933041438
imul,1200,0x00,74,2.341053562,0.000608760,241.171135000,16.032918000,225.138217000,103.018204682,96.169613833
imul,1200,0x00,75,2.341117178,0.001269551,240.893365000,16.102315000,224.791050000,102.896756834,96.018709400
imul,1200,0x00,76,2.341004955,0.000598147,240.825433000,16.029744000,224.795689000,102.872671185,96.025293966
imul,1200,0x00,77,2.340967011,0.000560176,240.741083000,16.059529000,224.681554000,102.838306501,95.978094920
imul,1200,0x00,78,2.341036629,0.000624590,240.319880000,16.041341000,224.278539000,102.655326708,95.803088345
imul,1200,0x00,79,2.341067006,0.000825918,241.451591000,16.015218000,225.436373000,103.137411425,96.296420562
imul,1200,0x00,80,2.341220480,0.000952035,240.883905000,16.073018000,224.810887000,102.888176104,96.022945708
imul,1200,0x00,81,2.340856326,0.000666201,240.758661000,16.066610000,224.692051000,102.850678349,95.987117427
imul,1200,0x00,82,2.341190628,0.000617244,240.681085000,16.065877000,224.615208000,102.802856872,95.940589097
imul,1200,0x00,83,2.340822949,0.000554978,240.069820000,16.018636000,224.051184000,102.557871818,95.714707535
imul,1200,0x00,84,2.341298013,0.002392974,241.322747000,16.086446000,225.236301000,103.072204233,96.201465904
imul,1200,0x00,85,2.340922121,0.000584777,240.342280000,16.016744000,224.325536000,102.669917057,95.827850909
imul,1200,0x00,86,2.340992519,0.000610566,240.538935000,16.034871000,224.504064000,102.750834568,95.901230875
imul,1200,0x00,87,2.340981998,0.000686144,240.950738000,16.078389000,224.872349000,102.927206716,96.058982605
imul,1200,0x00,88,2.340890903,0.000556979,241.026299000,16.055989000,224.970310000,102.963490808,96.104568431
imul,1200,0x00,89,2.340915240,0.000595862,240.059078000,16.063802000,223.995276000,102.549239657,95.687051004
imul,1200,0x00,90,2.341246836,0.000985176,241.114556000,16.072713000,225.041843000,102.985534172,96.120511332
imul,1200,0x00,91,2.340976437,0.000645425,240.847040000,16.069356000,224.777684000,102.883154329,96.018772548
imul,1200,0x00,92,2.341131588,0.000723589,241.197380000,16.088399000,225.108981000,103.025981625,96.153920661
imul,1200,0x00,93,2.341067537,0.000635589,240.674372000,15.954061000,224.720311000,102.805394644,95.990528883
imul,1200,0x00,94,2.341021723,0.000583775,240.321590000,16.013570000,224.308020000,102.656710801,95.816291576
imul,1200,0x00,95,2.341967899,0.005337008,241.973501000,16.220296000,225.753205000,103.320588263,96.394662418
imul,1200,0x00,96,2.341083281,0.000687056,240.614679000,16.136861000,224.477818000,102.779205246,95.886301806
imul,1200,0x00,97,2.340963189,0.000592307,240.849786000,16.116231000,224.733555000,102.884909551,96.000465117
imul,1200,0x00,98,2.341024458,0.000666510,240.780695000,16.093037000,224.687658000,102.852703729,95.978347100
imul,1200,0x00,99,2.341502956,0.000808608,241.531120000,16.141683000,225.389437000,103.152173847,96.258446484
imul,1200,0xAA,0,2.341127843,0.000965397,242.004202000,16.096577000,225.907625000,103.370776077,96.495210930
imul,1200,0xAA,1,2.340789244,0.000531818,241.796866000,16.044087000,225.752779000,103.297153563,96.443017916
imul,1200,0xAA,2,2.340849392,0.000615864,241.758048000,16.107991000,225.650057000,103.277916499,96.396657475
imul,1200,0xAA,3,2.340840661,0.000605374,241.700553000,16.095601000,225.604952000,103.253740016,96.377748296
imul,1200,0xAA,4,2.340794731,0.000543408,241.647208000,16.086324000,225.560884000,103.232976749,96.360813296
imul,1200,0xAA,5,2.340824549,0.000650025,241.781302000,16.087117000,225.694185000,103.288946687,96.416532003
imul,1200,0xAA,6,2.340909971,0.000802024,241.781546000,16.052754000,225.728792000,103.285281792,96.427797224
imul,1200,0xAA,7,2.340945980,0.000591334,241.816215000,16.049519000,225.766696000,103.298502873,96.442505708
imul,1200,0xAA,8,2.340916745,0.000660280,241.951895000,16.055623000,225.896272000,103.357753107,96.499062796
imul,1200,0xAA,9,2.340940995,0.000687490,242.066336000,16.137288000,225.929048000,103.405569170,96.512064364
imul,1200,0xAA,10,2.341189237,0.001184936,241.851004000,16.124470000,225.726534000,103.302629376,96.415330498
imul,1200,0xAA,11,2.341641890,0.004531838,243.497485000,16.214253000,227.283232000,103.985791334,97.061481914
imul,1200,0xAA,12,2.341048307,0.000664628,241.806144000,16.054036000,225.752108000,103.289685761,96.432058795
imul,1200,0xAA,13,2.341075905,0.000841444,242.230398000,16.083516000,226.146882000,103.469689933,96.599551308
imul,1200,0xAA,14,2.341028136,0.000694709,241.949637000,16.104573000,225.845064000,103.351870593,96.472597017
imul,1200,0xAA,15,2.341068682,0.000729631,241.681389000,16.103108000,225.578281000,103.235497023,96.356968375
imul,1200,0xAA,16,2.340910886,0.000734977,242.025320000,16.142475000,225.882845000,103.389377795,96.493568521
imul,1200,0xAA,17,2.340882261,0.000646568,241.866752000,16.092183000,225.774569000,103.322903529,96.448494136
imul,1200,0xAA,18,2.341011950,0.000676735,242.368704000,16.121114000,226.247590000,103.531596257,96.645209367
imul,1200,0xAA,19,2.341067961,0.000970429,242.155996000,16.114643000,226.041353000,103.438259806,96.554801801
imul,1200,0xAA,20,2.341311452,0.001278749,241.991385000,16.104390000,225.886995000,103.357195301,96.478832327
imul,1200,0xAA,21,2.340898385,0.000856304,242.019400000,16.051473000,225.967927000,103.387400984,96.530429702
imul,1200,0xAA,22,2.342717596,0.004909340,243.723070000,16.180440000,227.542630000,104.034336200,97.127639453
imul,1200,0xAA,23,2.341071866,0.000714385,241.814201000,15.991536000,225.822665000,103.292087911,96.461227128
imul,1200,0xAA,24,2.341223552,0.001063687,241.857535000,16.011738000,225.845797000,103.303904823,96.464857785
imul,1200,0xAA,25,2.340988551,0.000881163,241.804434000,16.089863000,225.714571000,103.291591892,96.418485658
imul,1200,0xAA,26,2.340967245,0.000589192,241.640373000,16.024678000,225.615695000,103.222449395,96.377125936
imul,1200,0xAA,27,2.341028125,0.000644044,241.812552000,16.073628000,225.738924000,103.293313499,96.427258440
imul,1200,0xAA,28,2.341294065,0.000743298,241.848258000,16.084188000,225.764070000,103.296831270,96.427045778
imul,1200,0xAA,29,2.340995958,0.000574806,241.630241000,16.065145000,225.565096000,103.216855259,96.354329529
imul,1200,0xAA,30,2.341332685,0.001059830,241.769462000,16.075398000,225.694064000,103.261473061,96.395555158
imul,1200,0xAA,31,2.341110260,0.000678200,241.662223000,15.985860000,225.676363000,103.225476870,96.397152603
imul,1200,0xAA,32,2.341089104,0.000612193,241.696403000,16.076802000,225.619601000,103.241009725,96.373777730
imul,1200,0xAA,33,2.341092205,0.000670848,241.756156000,16.049764000,225.706392000,103.266396556,96.410722966
imul,1200,0xAA,34,2.341062138,0.000699753,241.901663000,16.089437000,225.812226000,103.329877086,96.457168867
imul,1200,0xAA,35,2.341090163,0.000602510,241.841788000,16.044697000,225.797091000,103.303064461,96.449549268
imul,1200,0xAA,36,2.341110464,0.000703202,241.897757000,16.055867000,225.841890000,103.326075681,96.467848679
imul,1200,0xAA,37,2.341274989,0.001343074,242.189016000,16.147663000,226.041353000,103.443216681,96.546263920
imul,1200,0xAA,38,2.341185441,0.001161281,242.077200000,16.120992000,225.956208000,103.399412873,96.513588401
imul,1200,0xAA,39,2.340820159,0.000660234,241.845084000,16.089131000,225.755953000,103.316388111,96.443100156
imul,1200,0xAA,40,2.341285818,0.001081393,242.096975000,16.058796000,226.038179000,103.403426080,96.544461712
imul,1200,0xAA,41,2.340904736,0.000614145,241.874198000,16.099873000,225.774325000,103.325092356,96.447463910
imul,1200,0xAA,42,2.340989889,0.000666096,241.889274000,16.077291000,225.811983000,103.327773930,96.460042003
imul,1200,0xAA,43,2.341161463,0.001090616,242.020437000,16.091878000,225.928559000,103.376226194,96.502766908
imul,1200,0xAA,44,2.341470213,0.000786838,241.980215000,16.114827000,225.865388000,103.345416767,96.463062719
imul,1200,0xAA,45,2.341076605,0.000776790,241.855033000,16.079182000,225.775851000,103.309320371,96.441035085
imul,1200,0xAA,46,2.341049285,0.000602207,241.802786000,16.129903000,225.672883000,103.288208206,96.398176843
imul,1200,0xAA,47,2.341097325,0.000601922,241.843619000,16.047200000,225.796419000,103.303530534,96.448967151
imul,1200,0xAA,48,2.341138670,0.000712913,241.818412000,16.065511000,225.752901000,103.290939175,96.428675438
imul,1200,0xAA,49,2.341107587,0.000652881,241.636284000,16.066670000,225.569614000,103.214514935,96.351665022
imul,1200,0xAA,50,2.341424940,0.000943482,241.956412000,16.093221000,225.863191000,103.337248963,96.463989555
imul,1200,0xAA,51,2.341003894,0.000714798,241.663383000,16.059773000,225.603610000,103.230662560,96.370454833
imul,1200,0xAA,52,2.340995944,0.000631599,241.778616000,16.092061000,225.686555000,103.280237056,96.406213612
imul,1200,0xAA,53,2.341106098,0.000661988,241.927237000,16.101155000,225.826082000,103.338860705,96.461276211
imul,1200,0xAA,54,2.341148646,0.000802672,241.918509000,16.063801000,225.854708000,103.333254571,96.471750485
imul,1200,0xAA,55,2.341041200,0.000646559,241.794303000,16.084920000,225.709383000,103.284941355,96.414101148
imul,1200,0xAA,56,2.341045894,0.000655884,241.935721000,16.035237000,225.900484000,103.345142269,96.495538407
imul,1200,0xAA,57,2.340997184,0.000712038,241.985953000,16.082844000,225.903109000,103.368750153,96.498667561
imul,1200,0xAA,58,2.341021109,0.000616018,241.735587000,16.049520000,225.686067000,103.260746398,96.404968831
imul,1200,0xAA,59,2.341035567,0.000746102,241.916434000,16.039083000,225.877351000,103.337359511,96.486082569
imul,1200,0xAA,60,2.341276306,0.001022135,241.870962000,16.059041000,225.811921000,103.307312068,96.448215191
imul,1200,0xAA,61,2.340866796,0.000587649,241.859000000,16.043599000,225.815401000,103.320274515,96.466574414
imul,1200,0xAA,62,2.340934711,0.000658888,242.059073000,16.101094000,225.957979000,103.402744145,96.524682180
imul,1200,0xAA,63,2.341069991,0.000612783,241.941092000,16.016134000,225.924958000,103.346372803,96.504999386
imul,1200,0xAA,64,2.341052076,0.000640535,241.911246000,16.059773000,225.851473000,103.334414665,96.474348132
imul,1200,0xAA,65,2.342083375,0.005971249,244.411606000,16.220234000,228.191372000,104.356492414,97.430934524
imul,1200,0xAA,66,2.341075702,0.000639991,241.832572000,15.984395000,225.848177000,103.299765897,96.471966615
imul,1200,0xAA,67,2.341097931,0.000639340,241.796195000,16.070088000,225.726107000,103.283246614,96.418908398
imul,1200,0xAA,68,2.341040883,0.000713491,241.859977000,16.000631000,225.859346000,103.313008658,96.478172446
imul,1200,0xAA,69,2.341018947,0.000582580,241.856192000,15.939718000,225.916474000,103.312359903,96.503479514
imul,1200,0xAA,70,2.341341606,0.001002384,241.817679000,15.943624000,225.874055000,103.281673369,96.472063033
imul,1200,0xAA,71,2.340945212,0.000722157,241.788444000,15.987081000,225.801363000,103.286673580,96.457346300
imul,1200,0xAA,72,2.340999245,0.000626978,241.829154000,16.029927000,225.799227000,103.301679621,96.454207528
imul,1200,0xAA,73,2.341054390,0.000618854,241.886709000,16.008626000,225.878083000,103.323831368,96.485619462
imul,1200,0xAA,74,2.341322429,0.001138488,242.166556000,16.002034000,226.164522000,103.431527852,96.596914301
imul,1200,0xAA,75,2.341037984,0.000691766,241.938956000,15.986043000,225.952913000,103.346873355,96.518260102
imul,1200,0xAA,76,2.340953455,0.000646015,241.741202000,16.033406000,225.707796000,103.266129237,96.417037058
imul,1200,0xAA,77,2.341080233,0.000706909,242.030020000,16.022908000,226.007112000,103.383906542,96.539669520
imul,1200,0xAA,78,2.341053921,0.000604484,241.804251000,16.037984000,225.766267000,103.288629454,96.437875674
imul,1200,0xAA,79,2.341446473,0.000717684,241.868155000,16.067830000,225.800325000,103.298605260,96.436253213
imul,1200,0xAA,80,2.341236947,0.000964060,242.027090000,16.070943000,225.956147000,103.375734934,96.511439108
imul,1200,0xAA,81,2.340852132,0.000569733,241.779105000,16.089131000,225.689974000,103.286791047,96.413596973
imul,1200,0xAA,82,2.340900056,0.000570673,241.782279000,16.063008000,225.719271000,103.286032395,96.424138416
imul,1200,0xAA,83,2.340928727,0.000651499,241.909476000,16.073994000,225.835482000,103.339103501,96.472600555
imul,1200,0xAA,84,2.340916252,0.000588769,241.743033000,16.097859000,225.645174000,103.268552561,96.391818297
imul,1200,0xAA,85,2.340932779,0.000593611,241.760856000,16.073689000,225.687167000,103.275437132,96.409076360
imul,1200,0xAA,86,2.340966160,0.000691122,241.798636000,16.071431000,225.727205000,103.290103077,96.424804778
imul,1200,0xAA,87,2.340910956,0.000609360,241.775137000,16.062398000,225.712739000,103.282500488,96.420899044
imul,1200,0xAA,88,2.340996442,0.000765105,241.952201000,16.116536000,225.835665000,103.354365114,96.469888183
imul,1200,0xAA,89,2.341085822,0.000757681,241.833854000,16.086629000,225.747225000,103.299866961,96.428427714
imul,1200,0xAA,90,2.341248363,0.000972770,241.888174000,16.079305000,225.808869000,103.315896699,96.448062745
imul,1200,0xAA,91,2.340883775,0.000661595,241.637809000,16.085591000,225.552218000,103.225034762,96.353445845
imul,1200,0xAA,92,2.340968034,0.000639048,241.701042000,16.050374000,225.650668000,103.248330797,96.392032990
imul,1200,0xAA,93,2.340988794,0.000758629,241.885062000,16.099996000,225.785066000,103.326023015,96.448588983
imul,1200,0xAA,94,2.341034803,0.000724358,241.886221000,16.094136000,225.792085000,103.324487402,96.449691701
imul,1200,0xAA,95,2.341376723,0.000759529,241.922049000,16.070577000,225.851472000,103.324700662,96.460970940
imul,1200,0xAA,96,2.341018164,0.000664609,241.773796000,16.060079000,225.713717000,103.277197813,96.416901192
imul,1200,0xAA,97,2.340925103,0.000683077,241.638725000,16.077595000,225.561130000,103.223603638,96.355551782
imul,1200,0xAA,98,2.340898592,0.000610446,241.689688000,16.043171000,225.646517000,103.246543390,96.393119215
imul,1200,0xAA,99,2.340941197,0.000604777,241.714957000,16.065389000,225.649568000,103.255458659,96.392668162
imul,1400,0x00,0,2.006430249,0.000985252,215.137755000,13.820094000,201.317661000,107.224138532,100.336236994
imul,1400,0x00,1,2.006286367,0.000696908,214.941650000,13.798793000,201.142857000,107.134082922,100.256304541
imul,1400,0x00,2,2.006268356,0.000706710,214.835143000,13.817042000,201.018101000,107.081957575,100.195021459
imul,1400,0x00,3,2.006231158,0.000567305,214.568298000,13.833461000,200.734837000,106.950934930,100.055687118
imul,1400,0x00,4,2.006275832,0.000787289,214.814147000,13.844935000,200.969212000,107.071093395,100.170280068
imul,1400,0x00,5,2.006275191,0.000611595,214.720092000,13.849880000,200.870212000,107.024247226,100.120966926
imul,1400,0x00,6,2.006579543,0.000977012,215.095519000,13.855434000,201.240085000,107.195112075,100.290110951
imul,1400,0x00,7,2.006229480,0.000553282,214.717529000,13.809657000,200.907872000,107.025408173,100.142019639
imul,1400,0x00,8,2.006277181,0.000808107,214.878539000,13.787196000,201.091343000,107.103116689,100.231087175
imul,1400,0x00,9,2.006319596,0.000900850,214.886901000,13.830836000,201.056065000,107.105020285,100.211384779
imul,1400,0x00,10,2.006470214,0.000840404,214.722656000,13.806544000,200.916112000,107.015122639,100.134111446
imul,1400,0x00,11,2.006378633,0.000875950,214.912414000,13.852992000,201.059422000,107.114584703,100.210109259
imul,1400,0x00,12,2.006224693,0.000563766,214.966490000,13.789820000,201.176670000,107.149757805,100.276240574
imul,1400,0x00,13,2.006258245,0.000746873,214.899779000,13.806423000,201.093356000,107.114714424,100.233036538
imul,1400,0x00,14,2.006211576,0.000552406,214.703308000,13.803004000,200.900304000,107.019274798,100.139141036
imul,1400,0x00,15,2.006274105,0.000769544,215.031005000,13.837428000,201.193577000,107.179275473,100.282197968
imul,1400,0x00,16,2.006287272,0.000611142,214.911132000,13.816615000,201.094517000,107.118823386,100.232165034
imul,1400,0x00,17,2.006305938,0.000900961,215.100890000,13.816859000,201.284031000,107.212407606,100.325691708
imul,1400,0x00,18,2.006366047,0.000871193,214.844116000,13.808741000,201.035375000,107.081215985,100.198752527
imul,1400,0x00,19,2.006309934,0.000926923,215.199828000,13.851649000,201.348179000,107.261507506,100.357465031
imul,1400,0x00,20,2.006421453,0.000849966,215.152403000,13.803614000,201.348789000,107.231909181,100.352191073
imul,1400,0x00,21,2.006369277,0.000957166,215.463010000,13.818873000,201.644137000,107.389508253,100.502005957
imul,1400,0x00,22,2.006219647,0.000673422,214.915160000,13.780238000,201.134922000,107.124441891,100.255683518
imul,1400,0x00,23,2.006293755,0.000905969,215.124267000,13.860682000,201.263585000,107.224710446,100.316109967
imul,1400,0x00,24,2.006256289,0.000560116,215.077330000,13.836756000,201.240574000,107.203317520,100.306513720
imul,1400,0x00,25,2.006695248,0.001001393,215.079589000,13.877283000,201.202306000,107.180992855,100.265501818
imul,1400,0x00,26,2.006283486,0.000736304,215.006591000,13.827174000,201.179417000,107.166605565,100.274671252
imul,1400,0x00,27,2.006325631,0.001054627,215.253843000,13.861537000,201.392306000,107.287590621,100.378673751
imul,1400,0x00,28,2.006266948,0.000598522,215.153380000,13.845912000,201.307468000,107.240654198,100.339323339
imul,1400,0x00,29,2.006325571,0.000896987,215.033018000,13.836573000,201.196445000,107.177529447,100.281055017
imul,1400,0x00,30,2.006626431,0.001157795,215.315794000,13.819545000,201.496249000,107.302381094,100.415426558
imul,1400,0x00,31,2.006382610,0.000980630,215.335935000,13.823451000,201.512484000,107.325459227,100.435720983
imul,1400,0x00,32,2.006244331,0.000583169,214.994079000,13.750331000,201.243748000,107.162460568,100.308693663
imul,1400,0x00,33,2.006287186,0.000843178,214.919433000,13.781703000,201.137730000,107.122965501,100.253708150
imul,1400,0x00,34,2.006245794,0.000635866,215.048216000,13.756069000,201.292147000,107.189366673,100.332744696
imul,1400,0x00,35,2.006459879,0.001585326,215.386839000,13.808863000,201.577976000,107.346696189,100.464493785
imul,1400,0x00,36,2.006292556,0.000632716,215.027281000,13.795741000,201.231540000,107.176433633,100.300197684
imul,1400,0x00,37,2.006339119,0.000885663,215.166563000,13.829493000,201.337070000,107.243367244,100.350468199
imul,1400,0x00,38,2.006251069,0.000716936,215.067077000,13.780482000,201.286595000,107.198485930,100.329713515
imul,1400,0x00,39,2.006291968,0.001027836,215.133299000,13.825892000,201.307407000,107.229307827,100.338041639
imul,1400,0x00,40,2.006445893,0.000865803,214.804077000,13.830470000,200.973607000,107.056999501,100.163980334
imul,1400,0x00,41,2.006441742,0.001041707,215.163207000,13.843410000,201.319797000,107.236209478,100.336726823
imul,1400,0x00,42,2.006238581,0.000615924,215.137755000,13.827784000,201.309971000,107.234382327,100.341989701
imul,1400,0x00,43,2.006300977,0.000860674,215.171873000,13.835047000,201.336826000,107.248052730,100.352254364
imul,1400,0x00,44,2.006221462,0.000571346,214.830444000,13.795497000,201.034947000,107.082118310,100.205760312
imul,1400,0x00,45,2.006371169,0.000967039,215.240294000,13.841884000,201.398410000,107.278402580,100.379437815
imul,1400,0x00,46,2.006262782,0.000743733,215.078307000,13.804713000,201.273594000,107.203457546,100.322647554
imul,1400,0x00,47,2.006322482,0.001006144,215.260801000,13.852931000,201.407870000,107.291227070,100.386588796
imul,1400,0x00,48,2.006267209,0.000722210,214.863159000,13.816188000,201.046971000,107.095983068,100.209468679
imul,1400,0x00,49,2.006306967,0.001110667,215.175291000,13.856959000,201.318332000,107.249436175,100.342736837
imul,1400,0x00,50,2.006478261,0.000881736,215.033446000,13.815211000,201.218235000,107.169586698,100.284283595
imul,1400,0x00,51,2.006440654,0.001084646,215.301390000,13.835414000,201.465976000,107.305137369,100.409636138
imul,1400,0x00,52,2.006231457,0.000567044,214.991820000,13.815760000,201.176060000,107.162022208,100.275598437
imul,1400,0x00,53,2.006360226,0.001148975,215.515379000,13.849208000,201.666171000,107.416094200,100.513441414
imul,1400,0x00,54,2.006227815,0.000665148,215.173033000,13.813746000,201.359287000,107.252542032,100.367109630
imul,1400,0x00,55,2.006332204,0.000916252,215.196958000,13.807948000,201.389010000,107.258886408,100.376702107
imul,1400,0x00,56,2.006293282,0.000619555,215.092283000,13.798915000,201.293368000,107.208793889,100.330978406
imul,1400,0x00,57,2.006336858,0.000927014,215.404844000,13.803310000,201.601534000,107.362252307,100.482395646
imul,1400,0x00,58,2.006255998,0.000731079,215.027526000,13.828944000,201.198582000,107.178508719,100.285597738
imul,1400,0x00,59,2.006338894,0.001097786,215.134276000,13.823085000,201.311191000,107.227286822,100.337580879
imul,1400,0x00,60,2.006464051,0.000835314,215.404356000,13.795680000,201.608676000,107.355203247,100.479585419
imul,1400,0x00,61,2.006452073,0.001019129,215.492124000,13.787258000,201.704866000,107.399587010,100.528125596
imul,1400,0x00,62,2.006229292,0.000578831,215.183836000,13.796962000,201.386874000,107.257847787,100.380786398
imul,1400,0x00,63,2.006329237,0.000937236,215.231200000,13.738612000,201.492588000,107.276112047,100.428476201
imul,1400,0x00,64,2.006283110,0.000582054,215.237852000,13.770289000,201.467563000,107.281894047,100.418311866
imul,1400,0x00,65,2.007169604,0.003806999,216.916681000,13.903651000,203.013030000,108.070927644,101.143934043
imul,1400,0x00,66,2.006322337,0.000762485,215.206053000,13.800074000,201.405979000,107.263947064,100.385653511
imul,1400,0x00,67,2.006358493,0.001177130,215.314512000,13.768763000,201.545749000,107.316071751,100.453508033
imul,1400,0x00,68,2.006246950,0.000716938,215.205016000,13.797939000,201.407077000,107.267460747,100.389972910
imul,1400,0x00,69,2.007046575,0.001804668,215.574583000,13.826442000,201.748141000,107.408859211,100.519909960
imul,1400,0x00,70,2.006516143,0.000729253,215.176085000,13.792811000,201.383274000,107.238651301,100.364641816
imul,1400,0x00,71,2.006497124,0.001196490,215.400938000,13.821559000,201.579379000,107.351730266,100.463328166
imul,1400,0x00,72,2.006717426,0.001634494,215.684750000,13.858912000,201.825838000,107.481375923,100.575116066
imul,1400,0x00,73,2.006333874,0.000998265,215.561582000,13.774501000,201.787081000,107.440533606,100.575025737
imul,1400,0x00,74,2.006454085,0.000793086,215.200682000,13.796779000,201.403903000,107.254227053,100.378027341
imul,1400,0x00,75,2.006433266,0.001345164,215.758664000,13.814173000,201.944491000,107.533436421,100.648496245
imul,1400,0x00,76,2.006288322,0.000730219,215.533261000,13.769496000,201.763765000,107.428856878,100.565687787
imul,1400,0x00,77,2.006367638,0.001059131,215.499693000,13.709681000,201.790012000,107.407879227,100.574794035
imul,1400,0x00,78,2.006284281,0.000554388,214.852050000,13.748988000,201.103062000,107.089534619,100.236573586
imul,1400,0x00,79,2.006510013,0.001556878,215.416868000,13.795070000,201.621798000,107.358979830,100.483823509
imul,1400,0x00,80,2.006491658,0.000719128,214.964660000,13.804713000,201.159947000,107.134589445,100.254564330
imul,1400,0x00,81,2.006493859,0.000969251,215.161863000,13.815395000,201.346468000,107.232754286,100.347413005
imul,1400,0x00,82,2.006298485,0.000539264,214.800537000,13.808070000,200.992467000,107.063100816,100.180740040
imul,1400,0x00,83,2.006387014,0.000950879,215.113158000,13.800441000,201.312717000,107.214189721,100.335934977
imul,1400,0x00,84,2.006645810,0.000557232,215.258787000,13.814113000,201.444674000,107.272935720,100.388754700
imul,1400,0x00,85,2.006411224,0.000968848,215.138731000,13.824306000,201.314425000,107.225641677,100.335575557
imul,1400,0x00,86,2.006336642,0.000536683,214.847045000,13.831080000,201.015965000,107.084245247,100.190546696
imul,1400,0x00,87,2.006403405,0.001004623,215.193907000,13.843837000,201.350070000,107.253559487,100.353732183
imul,1400,0x00,88,2.007063476,0.004561415,216.835321000,13.945216000,202.890105000,108.036105291,101.088036051
imul,1400,0x00,89,2.006374954,0.001017308,215.102415000,13.816310000,201.286105000,107.209479751,100.323274372
imul,1400,0x00,90,2.006468126,0.000857094,215.046080000,13.775660000,201.270420000,107.176424713,100.310798579
imul,1400,0x00,91,2.006416415,0.001156922,215.312620000,13.753260000,201.559360000,107.312030750,100.457391853
imul,1400,0x00,92,2.006248827,0.000536711,214.999511000,13.786036000,201.213475000,107.164927928,100.293379488
imul,1400,0x00,93,2.006370974,0.001041874,215.063170000,13.777308000,201.285862000,107.190132248,100.323352285
imul,1400,0x00,94,2.006259376,0.000537329,214.932250000,13.776881000,201.155369000,107.130838909,100.263889816
imul,1400,0x00,95,2.006397629,0.001043252,215.377074000,13.767726000,201.609348000,107.345159743,100.483246730
imul,1400,0x00,96,2.006291618,0.000561566,215.179625000,13.768641000,201.410984000,107.252416899,100.389685241
imul,1400,0x00,97,2.006342561,0.001219060,215.236387000,13.847499000,201.388888000,107.277984926,100.376123165
imul,1400,0x00,98,2.006220942,0.000736642,215.009765000,13.781154000,201.228611000,107.171528572,100.302318052
imul,1400,0x00,99,2.006331754,0.001233749,215.273985000,13.813014000,201.460971000,107.297302450,100.412591597
imul,1400,0xAA,0,2.006501092,0.000719717,215.298277000,13.783534000,201.514743000,107.300353741,100.430916166
imul,1400,0xAA,1,2.006394115,0.000999066,215.487546000,13.841334000,201.646212000,107.400407732,100.501795990
imul,1400,0xAA,2,2.006260694,0.000503865,214.772888000,13.756617000,201.016271000,107.051336194,100.194491994
imul,1400,0xAA,3,2.006383071,0.001055495,215.353819000,13.817165000,201.536654000,107.334348121,100.447744461
imul,1400,0xAA,4,2.006262741,0.000534054,215.262755000,13.779688000,201.483067000,107.295395853,100.427059161
imul,1400,0xAA,5,2.006455689,0.001077632,215.286253000,13.846706000,201.439547000,107.296789168,100.395711772
imul,1400,0xAA,6,2.006260996,0.000527001,214.829772000,13.807093000,201.022679000,107.079673287,100.197670883
imul,1400,0xAA,7,2.006401840,0.001090087,215.493467000,13.830592000,201.662875000,107.402945238,100.509713921
imul,1400,0xAA,8,2.006693647,0.001344875,215.512937000,13.773341000,201.739596000,107.397029599,100.533330688
imul,1400,0xAA,9,2.006341642,0.001094967,215.146849000,13.783229000,201.363620000,107.233406578,100.363575083
imul,1400,0xAA,10,2.006494896,0.000698094,214.944213000,13.726161000,201.218052000,107.124226152,100.283361005
imul,1400,0xAA,11,2.006597791,0.001264389,215.495054000,13.752895000,201.742159000,107.393247921,100.539410513
imul,1400,0xAA,12,2.006260177,0.000509617,215.165403000,13.740199000,201.425204000,107.247008858,100.398346278
imul,1400,0xAA,13,2.006426803,0.001040421,215.381773000,13.806178000,201.575595000,107.345940873,100.464963219
imul,1400,0xAA,14,2.006310109,0.000540117,215.012816000,13.728176000,201.284640000,107.168286207,100.325786666
imul,1400,0xAA,15,2.006668377,0.001173928,215.458555000,13.732020000,201.726535000,107.371281403,100.528087900
imul,1400,0xAA,16,2.006261765,0.000541987,215.275999000,13.704067000,201.571932000,107.302049367,100.471401823
imul,1400,0xAA,17,2.007034568,0.002465850,215.981991000,13.810755000,202.171236000,107.612491808,100.731317353
imul,1400,0xAA,18,2.006655195,0.002788849,216.315853000,13.770473000,202.545380000,107.799214078,100.936812889
imul,1400,0xAA,19,2.006722986,0.001128840,215.747494000,13.750941000,201.996553000,107.512345003,100.659908919
imul,1400,0xAA,20,2.006502266,0.000692173,215.287962000,13.728053000,201.559909000,107.295150175,100.453367223
imul,1400,0xAA,21,2.006468442,0.001097922,215.173583000,13.775782000,201.397801000,107.239953782,100.374267928
imul,1400,0xAA,22,2.006232691,0.000534947,215.083922000,13.738185000,201.345737000,107.207864251,100.360111714
imul,1400,0xAA,23,2.006374376,0.001091244,215.330504000,13.728969000,201.601535000,107.323192810,100.480517203
imul,1400,0xAA,24,2.006251156,0.000528315,214.908324000,13.628200000,201.280124000,107.119352134,100.326483773
imul,1400,0xAA,25,2.006398367,0.001124095,215.203307000,13.749599000,201.453708000,107.258513832,100.405637940
imul,1400,0xAA,26,2.006240639,0.000492594,215.137877000,13.736293000,201.401584000,107.234333117,100.387550766
imul,1400,0xAA,27,2.006376269,0.001133511,215.388852000,13.778957000,201.609895000,107.352172832,100.484589113
imul,1400,0xAA,28,2.006193492,0.000494557,215.091795000,13.725124000,201.366671000,107.213883341,100.372507345
imul,1400,0xAA,29,2.006367848,0.001140135,215.545896000,13.775539000,201.770357000,107.430896166,100.564987200
imul,1400,0xAA,30,2.006462293,0.000742882,215.254576000,13.769496000,201.485080000,107.280648531,100.418074512
imul,1400,0xAA,31,2.006478240,0.001194901,215.507505000,13.809840000,201.697665000,107.405852072,100.523225723
imul,1400,0xAA,32,2.006190522,0.000497380,214.842345000,13.719203000,201.123142000,107.089701911,100.251267152
imul,1400,0xAA,33,2.006558095,0.001253654,215.419981000,13.785426000,201.634555000,107.357958643,100.487773307
imul,1400,0xAA,34,2.006250884,0.000486372,215.070372000,13.722011000,201.348361000,107.200138191,100.360509554
imul,1400,0xAA,35,2.006561361,0.001737270,215.567441000,13.788111000,201.779330000,107.431272805,100.559760542
imul,1400,0xAA,36,2.006553415,0.000845273,214.986754000,13.707851000,201.278903000,107.142302995,100.310762456
imul,1400,0xAA,37,2.006591750,0.001385829,215.373106000,13.754359000,201.618747000,107.332797503,100.478209867
imul,1400,0xAA,38,2.006836002,0.000781056,215.393004000,13.760891000,201.632113000,107.329649169,100.472640929
imul,1400,0xAA,39,2.006467595,0.001125927,215.387694000,13.783167000,201.604527000,107.346709493,100.477340141
imul,1400,0xAA,40,2.006523800,0.000727569,214.958678000,13.745876000,201.212802000,107.129891986,100.279299934
imul,1400,0xAA,41,2.006724431,0.002061236,215.925900000,13.804408000,202.121492000,107.601171675,100.722096607
imul,1400,0xAA,42,2.006226279,0.000678883,215.373106000,13.737209000,201.635897000,107.352350137,100.505062201
imul,1400,0xAA,43,2.006826188,0.001644586,215.432248000,13.743678000,201.688570000,107.349729298,100.501264751
imul,1400,0xAA,44,2.006327156,0.000678893,215.133055000,13.736720000,201.396335000,107.227305578,100.380605646
imul,1400,0xAA,45,2.006371464,0.001189289,215.463316000,13.748378000,201.714938000,107.389543677,100.537184458
imul,1400,0xAA,46,2.006515747,0.000838602,215.345030000,13.779445000,201.565585000,107.322870679,100.455521134
imul,1400,0xAA,47,2.006373960,0.001414287,215.640805000,13.776026000,201.864779000,107.477872666,100.611741887
imul,1400,0xAA,48,2.006466837,0.000807213,215.377806000,13.742335000,201.635471000,107.341821994,100.492800246
imul,1400,0xAA,49,2.006406281,0.001422389,215.622007000,13.709376000,201.912631000,107.466772335,100.633970758
imul,1400,0xAA,50,2.006444862,0.000774411,215.340330000,13.762721000,201.577609000,107.324319800,100.465062782
imul,1400,0xAA,51,2.006640546,0.001545282,215.745786000,13.708461000,202.037325000,107.515910832,100.684362935
imul,1400,0xAA,52,2.006242730,0.000613598,215.267150000,13.706874000,201.560276000,107.298656753,100.466545265
imul,1400,0xAA,53,2.007136562,0.002328473,215.945125000,13.726222000,202.218903000,107.588655922,100.749947357
imul,1400,0xAA,54,2.006294607,0.000625354,215.531064000,13.752284000,201.778780000,107.427425292,100.572856700
imul,1400,0xAA,55,2.006383854,0.001420875,215.566404000,13.766505000,201.799899000,107.440260526,100.578908959
imul,1400,0xAA,56,2.006444514,0.000758053,215.677853000,13.705410000,201.972443000,107.492557834,100.661863089
imul,1400,0xAA,57,2.006413648,0.001301089,215.767148000,13.706141000,202.061007000,107.538716281,100.707552121
imul,1400,0xAA,58,2.006310055,0.000590798,215.426512000,13.698757000,201.727755000,107.374486569,100.546650079
imul,1400,0xAA,59,2.006455215,0.001262915,215.675046000,13.677272000,201.997774000,107.490585574,100.673950995
imul,1400,0xAA,60,2.006658459,0.000920011,215.580075000,13.717494000,201.862581000,107.432370460,100.596382036
imul,1400,0xAA,61,2.006474415,0.001397904,215.723386000,13.762965000,201.960421000,107.513649021,100.654371425
imul,1400,0xAA,62,2.006456533,0.000890424,215.351621000,13.781459000,201.570162000,107.329322848,100.460766877
imul,1400,0xAA,63,2.006454014,0.001325187,215.556150000,13.730800000,201.825350000,107.431393117,100.588076550
imul,1400,0xAA,64,2.006294380,0.000558130,215.338499000,13.715358000,201.623141000,107.331457027,100.495292734
imul,1400,0xAA,65,2.006610040,0.001385856,215.604063000,13.746913000,201.857150000,107.446917286,100.596102865
imul,1400,0xAA,66,2.006252426,0.000526031,215.109007000,13.722622000,201.386385000,107.219313070,100.379385143
imul,1400,0xAA,67,2.006606567,0.001375014,215.449949000,13.742763000,201.707186000,107.370299975,100.521541864
imul,1400,0xAA,68,2.006633913,0.001637866,215.643796000,13.739467000,201.904329000,107.465439817,100.618417591
imul,1400,0xAA,69,2.006304651,0.000557909,215.102293000,13.737147000,201.365146000,107.213175649,100.366186091
imul,1400,0xAA,70,2.006821923,0.001392605,215.435850000,13.834926000,201.600924000,107.351752281,100.457804274
imul,1400,0xAA,71,2.006327050,0.000535756,215.078673000,13.700038000,201.378635000,107.200205951,100.371788821
imul,1400,0xAA,72,2.006648216,0.001398287,215.599119000,13.760890000,201.838229000,107.442409320,100.584759888
imul,1400,0xAA,73,2.006315861,0.000538108,215.144164000,13.741847000,201.402317000,107.233446237,100.384152331
imul,1400,0xAA,74,2.006475331,0.001342250,215.485471000,13.805568000,201.679903000,107.395026330,100.514519111
imul,1400,0xAA,75,2.006478624,0.000674738,215.290831000,13.784998000,201.505833000,107.297844300,100.427600164
imul,1400,0xAA,76,2.006443388,0.001286952,215.626096000,13.791713000,201.834383000,107.466822807,100.593111300
imul,1400,0xAA,77,2.006474801,0.000731143,215.150817000,13.741542000,201.409275000,107.228267649,100.379668308
imul,1400,0xAA,78,2.006564205,0.001900210,215.652097000,13.831813000,201.820284000,107.473310067,100.580028026
imul,1400,0xAA,79,2.006567851,0.000550526,215.363279000,13.756862000,201.606417000,107.329178478,100.473261797
imul,1400,0xAA,80,2.006791519,0.001389767,215.541745000,13.816310000,201.725435000,107.406147065,100.521371108
imul,1400,0xAA,81,2.006320544,0.000531727,215.136107000,13.779384000,201.356723000,107.229180119,100.361192827
imul,1400,0xAA,82,2.006407966,0.001293348,215.557919000,13.831935000,201.725984000,107.434740399,100.540860773
imul,1400,0xAA,83,2.006268160,0.000543109,215.421568000,13.785853000,201.635715000,107.374264467,100.502873456
imul,1400,0xAA,84,2.006477223,0.001327826,215.634946000,13.820705000,201.814241000,107.469421315,100.581376515
imul,1400,0xAA,85,2.006267803,0.000520814,215.163267000,13.769008000,201.394259000,107.245536571,100.382540524
imul,1400,0xAA,86,2.006415487,0.001309362,215.904599000,13.848475000,202.056124000,107.607123453,100.705026111
imul,1400,0xAA,87,2.006276221,0.000529116,215.392699000,13.770167000,201.622532000,107.359443695,100.495898758
imul,1400,0xAA,88,2.006445771,0.001363928,215.895687000,13.826624000,202.069063000,107.601057625,100.709954859
imul,1400,0xAA,89,2.006355178,0.000542967,215.335447000,13.792934000,201.542513000,107.326683417,100.452061141
imul,1400,0xAA,90,2.006643889,0.001436862,216.064998000,13.831081000,202.233917000,107.674809271,100.782165750
imul,1400,0xAA,91,2.006421611,0.000811391,215.501767000,13.755519000,201.746248000,107.406023670,100.550276638
imul,1400,0xAA,92,2.006442506,0.001585257,216.111996000,13.755825000,202.356171000,107.709039934,100.853211791
imul,1400,0xAA,93,2.006258817,0.000678041,215.521360000,13.650600000,201.870760000,107.424504857,100.620497375
imul,1400,0xAA,94,2.006472906,0.001594719,215.967464000,13.735316000,202.232148000,107.635375142,100.789872292
imul,1400,0xAA,95,2.006226031,0.000600024,215.469480000,13.739040000,201.730440000,107.400400912,100.552199468
imul,1400,0xAA,96,2.006390023,0.001443607,215.607053000,13.814174000,201.792879000,107.460189975,100.575100912
imul,1400,0xAA,97,2.006209807,0.000557273,215.186827000,13.766384000,201.420443000,107.260380362,100.398493858
imul,1400,0xAA,98,2.006819867,0.001339651,216.030331000,13.791591000,202.238740000,107.648092663,100.775731457
imul,1400,0xAA,99,2.006279784,0.000551056,215.489072000,13.756434000,201.732638000,107.407288734,100.550600992
imul,1600,0x00,0,1.755306912,0.000477429,190.471802000,12.065032000,178.406770000,108.511964913,101.638504824
imul,1600,0x00,1,1.755483463,0.000799808,191.130431000,12.013885000,179.116546000,108.876235531,102.032602280
imul,1600,0x00,2,1.755305388,0.000815513,189.907412000,12.087006000,177.820406000,108.190525317,101.304540642
imul,1600,0x00,3,1.755291609,0.000458161,190.739013000,12.049042000,178.689971000,108.665142602,101.800732188
imul,1600,0x00,4,1.755593493,0.000564053,190.643006000,12.078704000,178.564302000,108.591770692,101.711644940
imul,1600,0x00,5,1.755310179,0.000374475,190.982849000,12.086700000,178.896149000,108.802906325,101.917114775
imul,1600,0x00,6,1.755443510,0.000861842,190.688599000,12.107146000,178.581453000,108.627020984,101.730105229
imul,1600,0x00,7,1.755318534,0.000436205,190.275208000,12.085296000,178.189912000,108.399247388,101.514288466
imul,1600,0x00,8,1.755344226,0.000761790,191.395872000,12.084503000,179.311369000,109.036090597,102.151684208
imul,1600,0x00,9,1.755288428,0.000330525,190.633911000,12.060516000,178.573395000,108.605462166,101.734502496
imul,1600,0x00,10,1.755496888,0.000689151,192.254634000,12.058990000,180.195644000,109.515793135,102.646518638
imul,1600,0x00,11,1.755352900,0.000578551,191.016418000,12.058197000,178.958221000,108.819382138,101.949995930
imul,1600,0x00,12,1.755369833,0.000494239,191.933530000,12.075836000,179.857694000,109.340793257,102.461424720
imul,1600,0x00,13,1.755373805,0.000801633,190.758728000,12.030670000,178.728058000,108.671285549,101.817662710
imul,1600,0x00,14,1.755309375,0.000445345,191.442991000,12.038543000,179.404448000,109.065099126,102.206739471
imul,1600,0x00,15,1.755375848,0.000794883,190.570863000,12.026459000,178.544404000,108.564136407,101.712920461
imul,1600,0x00,16,1.755337563,0.000438185,191.013610000,12.023101000,178.990509000,108.818733230,101.969280877
imul,1600,0x00,17,1.755324842,0.000455955,191.681333000,12.048920000,179.632413000,109.199920396,102.335709446
imul,1600,0x00,18,1.755283466,0.000343318,192.035519000,12.054717000,179.980802000,109.404277278,102.536601923
imul,1600,0x00,19,1.755307550,0.000435091,192.492244000,12.056976000,180.435268000,109.662972759,102.794104678
imul,1600,0x00,20,1.755485399,0.000667851,191.794004000,12.037933000,179.756071000,109.254115167,102.396790689
imul,1600,0x00,21,1.755356687,0.000484167,191.105102000,12.042327000,179.062775000,108.869669310,102.009338819
imul,1600,0x00,22,1.755299046,0.000391430,191.846494000,12.046051000,179.800443000,109.295617985,102.432940638
imul,1600,0x00,23,1.755334592,0.000457347,191.142761000,12.030487000,179.112274000,108.892493717,102.038822026
imul,1600,0x00,24,1.755278936,0.000598947,191.985349000,12.093902000,179.891447000,109.375977235,102.485960071
imul,1600,0x00,25,1.755275707,0.000553131,190.581726000,12.071197000,178.510529000,108.576518894,101.699424344
imul,1600,0x00,26,1.755241600,0.000367812,191.679380000,12.064239000,179.615141000,109.203986496,102.330722440
imul,1600,0x00,27,1.755282009,0.000484527,192.079159000,12.063812000,180.015347000,109.429230190,102.556367631
imul,1600,0x00,28,1.755322406,0.000470426,192.584773000,12.047027000,180.537746000,109.714758010,102.851615969
imul,1600,0x00,29,1.755403382,0.000872327,191.784726000,12.049530000,179.735196000,109.253934444,102.389683113
imul,1600,0x00,30,1.755442110,0.000623272,192.694025000,12.070892000,180.623133000,109.769512714,102.893243806
imul,1600,0x00,31,1.755491988,0.001258615,191.861874000,12.089203000,179.772671000,109.292366626,102.405862398
imul,1600,0x00,32,1.755390843,0.000571946,191.253356000,12.042511000,179.210845000,108.952007338,102.091705515
imul,1600,0x00,33,1.755592060,0.001173329,192.737910000,12.061737000,180.676173000,109.785134239,102.914667419
imul,1600,0x00,34,1.755314571,0.000419135,190.714051000,12.066986000,178.647065000,108.649500269,101.774956984
imul,1600,0x00,35,1.755278392,0.000460431,192.427181000,12.066985000,180.360196000,109.627727356,102.753042944
imul,1600,0x00,36,1.755371444,0.000914150,191.405638000,12.076996000,179.328642000,109.039963427,102.159940373
imul,1600,0x00,37,1.755305907,0.000456673,191.162413000,12.057159000,179.105254000,108.905468993,102.036490227
imul,1600,0x00,38,1.755267450,0.000360450,190.670593000,12.050628000,178.619965000,108.627658399,101.762249941
imul,1600,0x00,39,1.755331238,0.000427405,191.863645000,11.979644000,179.884001000,109.303384337,102.478664456
imul,1600,0x00,40,1.755578561,0.000827160,192.403988000,12.057587000,180.346401000,109.595772169,102.727616412
imul,1600,0x00,41,1.755372325,0.000453310,192.096676000,12.003021000,180.093655000,109.433579030,102.595701485
imul,1600,0x00,42,1.755254322,0.000338945,191.961239000,12.041900000,179.919339000,109.363775175,102.503287865
imul,1600,0x00,43,1.755339835,0.000494425,191.799863000,12.067413000,179.732450000,109.266513043,102.391825443
imul,1600,0x00,44,1.755320368,0.000428464,193.092034000,11.993744000,181.098290000,110.003870229,103.171075364
imul,1600,0x00,45,1.755346978,0.000501953,192.558040000,11.997772000,180.560268000,109.697992685,102.863006698
imul,1600,0x00,46,1.755347917,0.000472275,192.637385000,11.972747000,180.664638000,109.743135894,102.922409994
imul,1600,0x00,47,1.755284842,0.000442057,193.648247000,11.935394000,181.712853000,110.322975739,103.523285047
imul,1600,0x00,48,1.755309467,0.000428059,192.573603000,11.996674000,180.576929000,109.709203206,102.874696684
imul,1600,0x00,49,1.755349323,0.000502631,193.087152000,12.027985000,181.059167000,109.999274493,103.147085676
imul,1600,0x00,50,1.755500878,0.000879355,192.628169000,12.060394000,180.567775000,109.728323939,102.858265283
imul,1600,0x00,51,1.755595207,0.000570731,193.847709000,12.040191000,181.807518000,110.417087175,103.558905430
imul,1600,0x00,52,1.755306849,0.000643778,192.336056000,12.052093000,180.283963000,109.574036069,102.707947097
imul,1600,0x00,53,1.755303044,0.000479189,193.105218000,12.029937000,181.075281000,110.012466855,103.158985322
imul,1600,0x00,54,1.755311508,0.000508809,192.724360000,12.053863000,180.670497000,109.794961796,102.927882681
imul,1600,0x00,55,1.755272614,0.000383657,192.492733000,12.021942000,180.470791000,109.665433996,102.816388495
imul,1600,0x00,56,1.755286130,0.000497287,191.530821000,12.038299000,179.492522000,109.116580918,102.258269446
imul,1600,0x00,57,1.755310179,0.000466150,191.695920000,12.067535000,179.628385000,109.209142806,102.334269553
imul,1600,0x00,58,1.755270543,0.000496674,190.860596000,12.068572000,178.792024000,108.735714165,101.860094876
imul,1600,0x00,59,1.755235858,0.000398394,191.314757000,12.011382000,179.303375000,108.996609264,102.153436625
imul,1600,0x00,60,1.755409446,0.000692657,192.589778000,12.018707000,180.571071000,109.712169121,102.865500369
imul,1600,0x00,61,1.755347868,0.000619965,191.343688000,12.050140000,179.293548000,109.006135761,102.141319835
imul,1600,0x00,62,1.755275231,0.000420668,191.449889000,12.045075000,179.404814000,109.071150532,102.208936115
imul,1600,0x00,63,1.755304429,0.000457590,191.509763000,12.051300000,179.458463000,109.103446582,102.237799916
imul,1600,0x00,64,1.755282124,0.000459911,191.956723000,12.027863000,179.928860000,109.359470140,102.507088499
imul,1600,0x00,65,1.756107110,0.004599149,193.708488000,12.216216000,181.492272000,110.305622542,103.349204035
imul,1600,0x00,66,1.755241404,0.000427477,192.009763000,12.031464000,179.978299000,109.392225244,102.537633064
imul,1600,0x00,67,1.755230654,0.000376778,190.927306000,12.073455000,178.853851000,108.776191616,101.897634106
imul,1600,0x00,68,1.755887516,0.001571942,192.723200000,12.104095000,180.619105000,109.758283650,102.864849480
imul,1600,0x00,69,1.755481151,0.000574779,193.391961000,12.092498000,181.299463000,110.164646823,103.276223103
imul,1600,0x00,70,1.755436734,0.000985316,193.357964000,12.115936000,181.242028000,110.148067568,103.246117891
imul,1600,0x00,71,1.755508707,0.000605892,192.748164000,12.090179000,180.657985000,109.796187985,102.909193377
imul,1600,0x00,72,1.755631063,0.000590044,192.122067000,12.101288000,180.020779000,109.431913696,102.539071428
imul,1600,0x00,73,1.755337095,0.000446070,191.349607000,12.100982000,179.248625000,109.010176734,102.116354441
imul,1600,0x00,74,1.755556913,0.000736325,192.813960000,12.102142000,180.711818000,109.830651789,102.937031929
imul,1600,0x00,75,1.755295796,0.000418009,192.228207000,12.087188000,180.141019000,109.513283965,102.627157977
imul,1600,0x00,76,1.755277866,0.000341449,192.408076000,12.023529000,180.384547000,109.616875880,102.766946743
imul,1600,0x00,77,1.755314003,0.000583483,191.695616000,12.079742000,179.615874000,109.208731696,102.326919109
imul,1600,0x00,78,1.755324546,0.000426791,192.733393000,12.065155000,180.668238000,109.799292364,102.925831254
imul,1600,0x00,79,1.755361381,0.000549314,192.062374000,12.063385000,179.998989000,109.414720011,102.542411475
imul,1600,0x00,80,1.755487531,0.000734198,193.987419000,12.037201000,181.950218000,110.503444534,103.646545360
imul,1600,0x00,81,1.755363206,0.000516031,192.035885000,12.011627000,180.024258000,109.399515913,102.556700160
imul,1600,0x00,82,1.755300017,0.000440647,192.645197000,12.052521000,180.592676000,109.750581171,102.884221641
imul,1600,0x00,83,1.755308396,0.000537663,192.291012000,12.044585000,180.246427000,109.548277927,102.686472315
imul,1600,0x00,84,1.755302822,0.000335564,192.308590000,12.039520000,180.269070000,109.558640010,102.699698152
imul,1600,0x00,85,1.755295474,0.000436053,193.388116000,12.057525000,181.330591000,110.174109658,103.304881554
imul,1600,0x00,86,1.755346606,0.000582189,193.215204000,12.091583000,181.123621000,110.072394450,103.183964006
imul,1600,0x00,87,1.755276675,0.000431259,192.942682000,12.040252000,180.902430000,109.921521033,103.062059975
imul,1600,0x00,88,1.755313870,0.000501336,192.551875000,12.056122000,180.495753000,109.696549620,102.828192793
imul,1600,0x00,89,1.755276868,0.000433361,193.094171000,12.078277000,181.015894000,110.007813896,103.126690341
imul,1600,0x00,90,1.755504401,0.000715683,193.439690000,12.050506000,181.389184000,110.190376020,103.325963720
imul,1600,0x00,91,1.755405231,0.000509475,192.842646000,12.088103000,180.754543000,109.856483641,102.970265696
imul,1600,0x00,92,1.755273285,0.000336405,193.024530000,12.056793000,180.967737000,109.968363152,103.099465240
imul,1600,0x00,93,1.755318278,0.000638250,192.271542000,12.084442000,180.187100000,109.536569169,102.652095767
imul,1600,0x00,94,1.755304811,0.000422309,192.844477000,12.081757000,180.762720000,109.863811568,102.980814994
imul,1600,0x00,95,1.755307994,0.000636111,193.284112000,12.087127000,181.196985000,110.114072653,103.228029269
imul,1600,0x00,96,1.755335860,0.000425542,193.313104000,12.072113000,181.240991000,110.128841121,103.251460400
imul,1600,0x00,97,1.755363343,0.000584972,193.402398000,12.097564000,181.304834000,110.177986097,103.286214061
imul,1600,0x00,98,1.755241745,0.000409600,193.261834000,12.090118000,181.171716000,110.105536515,103.217529187
imul,1600,0x00,99,1.755314245,0.000630218,193.473381000,12.095794000,181.377587000,110.221506830,103.330550388
imul,1600,0xAA,0,1.755442295,0.000724078,195.447254000,12.048126000,183.399128000,111.337897306,104.474597936
imul,1600,0xAA,1,1.755671644,0.002130513,196.088244000,12.139923000,183.948321000,111.688449634,104.773760864
imul,1600,0xAA,2,1.755398275,0.001205500,195.632983000,12.109161000,183.523822000,111.446493819,104.548252449
imul,1600,0xAA,3,1.755209725,0.000368993,195.160267000,12.081146000,183.079121000,111.189144098,104.306122753
imul,1600,0xAA,4,1.755183353,0.000296787,195.269642000,12.054168000,183.215474000,111.253130145,104.385375857
imul,1600,0xAA,5,1.755257018,0.000576667,195.110097000,12.055328000,183.054769000,111.157565525,104.289438592
imul,1600,0xAA,6,1.755214889,0.000386219,195.192066000,12.063629000,183.128437000,111.206933847,104.333912726
imul,1600,0xAA,7,1.755232462,0.000581556,195.336109000,12.083709000,183.252400000,111.287885367,104.403492979
imul,1600,0xAA,8,1.755229250,0.000363391,195.320850000,12.099701000,183.221149000,111.279395571,104.385879523
imul,1600,0xAA,9,1.755261080,0.000639666,195.299976000,12.075836000,183.224140000,111.265485376,104.385690604
imul,1600,0xAA,10,1.755392453,0.000565080,195.405689000,12.082367000,183.323322000,111.317380139,104.434379715
imul,1600,0xAA,11,1.755220867,0.000477097,195.159962000,12.066741000,183.093221000,111.188264505,104.313493797
imul,1600,0xAA,12,1.755252145,0.000326932,194.989247000,12.083343000,182.905904000,111.089023650,104.204916978
imul,1600,0xAA,13,1.755665975,0.001150984,195.568713000,12.119964000,183.448749000,111.392893523,104.489550761
imul,1600,0xAA,14,1.755319341,0.000690076,195.466175000,12.071747000,183.394428000,111.356475412,104.479238478
imul,1600,0xAA,15,1.755259267,0.000413668,195.004200000,12.064788000,182.939412000,111.097091824,104.223584175
imul,1600,0xAA,16,1.755285416,0.000618241,195.267506000,12.050933000,183.216573000,111.245444341,104.379932389
imul,1600,0xAA,17,1.755281258,0.000413727,194.787160000,12.052155000,182.735005000,110.972050281,104.105825882
imul,1600,0xAA,18,1.755809712,0.001399485,195.441517000,12.071075000,183.370442000,111.311331526,104.436398032
imul,1600,0xAA,19,1.755212790,0.000406356,195.129689000,12.058380000,183.071309000,111.171528637,104.301489822
imul,1600,0xAA,20,1.755423678,0.000766464,195.119374000,12.062042000,183.057332000,111.152297012,104.280997420
imul,1600,0xAA,21,1.755251129,0.000336878,194.833058000,11.992706000,182.840352000,111.000104088,104.167631057
imul,1600,0xAA,22,1.755200248,0.000394933,195.124257000,12.028900000,183.095357000,111.169228283,104.315936177
imul,1600,0xAA,23,1.755555301,0.001023886,195.067738000,12.003326000,183.064412000,111.114550424,104.277211838
imul,1600,0xAA,24,1.755336815,0.000436651,195.095752000,11.996490000,183.099262000,111.144340132,104.310044914
imul,1600,0xAA,25,1.755341837,0.000609518,195.186085000,12.038055000,183.148030000,111.195483935,104.337529120
imul,1600,0xAA,26,1.755268822,0.000413021,195.249317000,12.055511000,183.193806000,111.236133516,104.367948511
imul,1600,0xAA,27,1.755419080,0.000805940,195.252796000,12.048248000,183.204548000,111.228593913,104.365134277
imul,1600,0xAA,28,1.755255251,0.000527144,195.080067000,12.067779000,183.012288000,111.140568790,104.265341389
imul,1600,0xAA,29,1.755257483,0.000361601,195.019032000,12.034027000,182.985005000,111.105654780,104.249665209
imul,1600,0xAA,30,1.755492350,0.000813501,195.193470000,12.027374000,183.166096000,111.190157004,104.338874513
imul,1600,0xAA,31,1.755510745,0.000885032,195.224293000,12.037933000,183.186360000,111.206549768,104.349324293
imul,1600,0xAA,32,1.755179499,0.000433679,195.032765000,12.037750000,182.995015000,111.118415562,104.260000224
imul,1600,0xAA,33,1.755235069,0.000383493,194.941457000,12.067352000,182.874105000,111.062877263,104.187814079
imul,1600,0xAA,34,1.755341057,0.000919923,195.219288000,12.019989000,183.199299000,111.214448717,104.366782874
imul,1600,0xAA,35,1.755610754,0.000574079,195.340930000,12.025848000,183.315082000,111.266651508,104.416700304
imul,1600,0xAA,36,1.755398909,0.000800894,195.222278000,12.034637000,183.187641000,111.212486791,104.356702082
imul,1600,0xAA,37,1.755283209,0.000355473,195.095325000,12.010833000,183.084492000,111.147491206,104.304815938
imul,1600,0xAA,38,1.755275291,0.000466773,195.147816000,12.035797000,183.112019000,111.177897311,104.320968905
imul,1600,0xAA,39,1.755364236,0.000835411,195.235401000,12.045685000,183.189716000,111.222159470,104.359945491
imul,1600,0xAA,40,1.755446016,0.000689224,195.207997000,12.071441000,183.136556000,111.201367179,104.324800831
imul,1600,0xAA,41,1.755418884,0.000787840,195.152943000,12.085540000,183.067403000,111.171723619,104.287019284
imul,1600,0xAA,42,1.755350746,0.000488894,195.047779000,12.050934000,182.996845000,111.116128444,104.250871443
imul,1600,0xAA,43,1.755352959,0.000798078,195.471729000,12.087310000,183.384419000,111.357506770,104.471535525
imul,1600,0xAA,44,1.755287410,0.000439734,195.020314000,12.078399000,182.941915000,111.104490880,104.223339147
imul,1600,0xAA,45,1.755272578,0.000344802,195.185292000,12.073455000,183.111837000,111.199419667,104.321026446
imul,1600,0xAA,46,1.755510878,0.001349749,195.563464000,12.126556000,183.436908000,111.399744883,104.492037190
imul,1600,0xAA,47,1.755291875,0.000418289,195.206654000,12.086394000,183.120260000,111.210367249,104.324678222
imul,1600,0xAA,48,1.755394514,0.000758912,195.151234000,12.106598000,183.044636000,111.172293423,104.275497346
imul,1600,0xAA,49,1.755301622,0.000430587,195.174061000,12.087981000,183.086080000,111.191181373,104.304626464
imul,1600,0xAA,50,1.755485741,0.000929439,195.057179000,12.086944000,182.970235000,111.112938406,104.227696493
imul,1600,0xAA,51,1.755353659,0.000519993,195.206531000,12.072967000,183.133564000,111.206382809,104.328585315
imul,1600,0xAA,52,1.755486381,0.001468131,195.567066000,12.112700000,183.454366000,111.403351299,104.503440180
imul,1600,0xAA,53,1.755294038,0.000537730,195.286427000,12.079254000,183.207173000,111.255677242,104.374064398
imul,1600,0xAA,54,1.755218645,0.000389555,194.948964000,12.074248000,182.874716000,111.068193471,104.189137100
imul,1600,0xAA,55,1.755273798,0.000734996,195.186085000,12.115813000,183.070272000,111.199794110,104.297273825
imul,1600,0xAA,56,1.755246325,0.000407444,195.156971000,12.052399000,183.104572000,111.184947758,104.318447698
imul,1600,0xAA,57,1.755313536,0.000762353,195.306629000,12.096588000,183.210041000,111.265950493,104.374538929
imul,1600,0xAA,58,1.755322607,0.000373024,195.066762000,12.085236000,182.981526000,111.128724242,104.243815480
imul,1600,0xAA,59,1.755409290,0.000830897,195.516101000,12.102447000,183.413654000,111.379210575,104.484837242
imul,1600,0xAA,60,1.755457456,0.000606273,195.360706000,12.078827000,183.281879000,111.287633489,104.406904504
imul,1600,0xAA,61,1.755388338,0.000839640,195.545275000,12.079986000,183.465289000,111.397159659,104.515499496
imul,1600,0xAA,62,1.755272978,0.000363913,195.316212000,12.073638000,183.242574000,111.273980977,104.395485069
imul,1600,0xAA,63,1.755293094,0.000451039,195.258960000,12.070099000,183.188861000,111.240088990,104.363688097
imul,1600,0xAA,64,1.755335400,0.000886159,195.186390000,12.105804000,183.080586000,111.196065424,104.299489420
imul,1600,0xAA,65,1.755306660,0.000496300,195.276782000,12.083710000,183.193072000,111.249382464,104.365280516
imul,1600,0xAA,66,1.755345112,0.000819817,195.296497000,12.069488000,183.227009000,111.258176930,104.382327890
imul,1600,0xAA,67,1.755254524,0.000459969,195.324573000,12.077056000,183.247517000,111.279914283,104.399398761
imul,1600,0xAA,68,1.755351348,0.000892052,195.542102000,12.106537000,183.435565000,111.397699524,104.500768596
imul,1600,0xAA,69,1.755288218,0.000471176,195.207386000,12.093902000,183.113484000,111.211015956,104.321035224
imul,1600,0xAA,70,1.755444258,0.000689565,195.460315000,12.074676000,183.385639000,111.345213080,104.466797008
imul,1600,0xAA,71,1.755405595,0.000959067,195.486072000,12.118072000,183.368000000,111.362338441,104.459049519
imul,1600,0xAA,72,1.755290610,0.000423509,195.208362000,12.081573000,183.126789000,111.211420395,104.328472963
imul,1600,0xAA,73,1.755367497,0.000805532,195.374561000,12.106232000,183.268329000,111.301229721,104.404535996
imul,1600,0xAA,74,1.755294238,0.000442894,195.291615000,12.096954000,183.194661000,111.258620231,104.366924389
imul,1600,0xAA,75,1.755366251,0.000755740,195.354419000,12.084319000,183.270100000,111.289834149,104.405618966
imul,1600,0xAA,76,1.755341241,0.000447692,195.420520000,12.073577000,183.346943000,111.329076920,104.450883256
imul,1600,0xAA,77,1.755362262,0.000817370,195.633594000,12.043365000,183.590229000,111.449128349,104.588228315
imul,1600,0xAA,78,1.755290046,0.000425295,195.593249000,12.073150000,183.520099000,111.430728761,104.552577752
imul,1600,0xAA,79,1.755268520,0.000342110,195.123707000,12.036163000,183.087544000,111.164590949,104.307427578
imul,1600,0xAA,80,1.755520454,0.000918466,195.483997000,12.088470000,183.395527000,111.353870314,104.467895291
imul,1600,0xAA,81,1.755608331,0.000459260,195.430652000,12.064423000,183.366229000,111.317911040,104.445977940
imul,1600,0xAA,82,1.755394992,0.000929629,195.487537000,12.093842000,183.393695000,111.363845687,104.474318227
imul,1600,0xAA,83,1.755270722,0.000388838,195.318287000,12.075714000,183.242573000,111.275306174,104.395618699
imul,1600,0xAA,84,1.755387163,0.000930765,195.762988000,12.062957000,183.700031000,111.521259856,104.649296080
imul,1600,0xAA,85,1.755250018,0.000455405,195.083973000,12.047027000,183.036946000,111.143125492,104.279700408
imul,1600,0xAA,86,1.755364487,0.000926740,195.576404000,12.034638000,183.541766000,111.416406931,104.560487213
imul,1600,0xAA,87,1.755285186,0.000380470,195.221729000,12.058685000,183.163044000,111.219379368,104.349450141
imul,1600,0xAA,88,1.755241044,0.000415505,195.155079000,12.016021000,183.139058000,111.184204418,104.338409054
imul,1600,0xAA,89,1.755338050,0.000916872,195.454944000,12.093414000,183.361530000,111.348890347,104.459383222
imul,1600,0xAA,90,1.755391255,0.000642681,195.444812000,12.065277000,183.379535000,111.339743447,104.466474046
imul,1600,0xAA,91,1.755341968,0.000841329,195.587451000,12.039886000,183.547565000,111.424129624,104.565132221
imul,1600,0xAA,92,1.755252503,0.000431757,195.289845000,12.065765000,183.224080000,111.260257258,104.386166503
imul,1600,0xAA,93,1.755399799,0.000904250,195.378772000,12.075103000,183.303669000,111.301580458,104.422746927
imul,1600,0xAA,94,1.755286823,0.000443536,195.060047000,12.044159000,183.015888000,111.127164219,104.265516969
imul,1600,0xAA,95,1.755260148,0.000358367,195.041981000,12.040802000,183.001179000,111.118560511,104.258721523
imul,1600,0xAA,96,1.755495590,0.001532894,195.528919000,12.074432000,183.454487000,111.381036821,104.502960871
imul,1600,0xAA,97,1.755292207,0.000442215,194.988881000,12.004791000,182.984090000,111.086279685,104.247081656
imul,1600,0xAA,98,1.755379193,0.000913672,195.326648000,12.069427000,183.257221000,111.273193171,104.397512378
imul,1600,0xAA,99,1.755336267,0.000472864,195.126515000,12.074249000,183.052266000,111.161900240,104.283304254
imul,1800,0x00,0,1.560367012,0.001019139,173.702131000,10.698947000,163.003184000,111.321329967,104.464643739
imul,1800,0x00,1,1.560305013,0.001047437,173.796430000,10.643832000,163.152598000,111.386189618,104.564554160
imul,1800,0x00,2,1.560528699,0.001211261,174.025983000,10.698764000,163.327219000,111.517323017,104.661464482
imul,1800,0x00,3,1.560283286,0.001129497,173.747602000,10.625705000,163.121897000,111.356446311,104.546333627
imul,1800,0x00,4,1.560322835,0.001127436,173.678510000,10.666172000,163.012338000,111.309343264,104.473468172
imul,1800,0x00,5,1.560332113,0.001118507,173.614179000,10.659092000,162.955087000,111.267452341,104.436155393
imul,1800,0x00,6,1.560520559,0.001130656,173.909956000,10.656589000,163.253367000,111.443553228,104.614685170
imul,1800,0x00,7,1.560298291,0.001049983,173.653486000,10.685581000,162.967905000,111.295056245,104.446634334
imul,1800,0x00,8,1.560284895,0.001185686,173.960492000,10.709628000,163.250864000,111.492774522,104.628881887
imul,1800,0x00,9,1.560321357,0.001259940,173.835614000,10.663303000,163.172311000,111.410135621,104.576092780
imul,1800,0x00,10,1.560418503,0.001196086,174.160565000,10.691806000,163.468759000,111.611445722,104.759562088
imul,1800,0x00,11,1.560280858,0.000867492,173.868268000,10.714816000,163.153452000,111.433955689,104.566720252
imul,1800,0x00,12,1.560251699,0.000763802,173.814985000,10.654209000,163.160776000,111.401888003,104.573368599
imul,1800,0x00,13,1.560291248,0.000913725,173.904950000,10.697910000,163.207040000,111.456723382,104.600368830
imul,1800,0x00,14,1.560143232,0.000503191,173.664595000,10.622714000,163.041881000,111.313238081,104.504431182
imul,1800,0x00,15,1.560191827,0.000589347,173.873334000,10.627414000,163.245920000,111.443561631,104.631954354
imul,1800,0x00,16,1.560192314,0.000630203,174.049299000,10.556125000,163.493174000,111.556311002,104.790398297
imul,1800,0x00,17,1.560182553,0.000686520,173.634870000,10.504306000,163.130564000,111.291380426,104.558638810
imul,1800,0x00,18,1.560133519,0.000375567,173.479537000,10.598301000,162.881236000,111.195314334,104.402113063
imul,1800,0x00,19,1.560099034,0.000353244,173.407820000,10.635775000,162.772045000,111.151802710,104.334431011
imul,1800,0x00,20,1.560254233,0.000546138,173.772077000,10.664219000,163.107858000,111.374206429,104.539282494
imul,1800,0x00,21,1.560103909,0.000341191,173.643355000,10.680148000,162.963207000,111.302429287,104.456636555
imul,1800,0x00,22,1.560329280,0.000783778,173.808271000,10.668491000,163.139780000,111.392046010,104.554712933
imul,1800,0x00,23,1.560092917,0.000344439,173.838178000,10.660068000,163.178110000,111.428092557,104.595122622
imul,1800,0x00,24,1.560084992,0.000282812,173.690290000,10.683323000,163.006967000,111.333863795,104.485952909
imul,1800,0x00,25,1.560144811,0.000378177,173.589339000,10.661288000,162.928051000,111.264888872,104.431364236
imul,1800,0x00,26,1.560144828,0.000345272,173.661420000,10.626377000,163.035043000,111.311089127,104.499941335
imul,1800,0x00,27,1.560095686,0.000384455,173.427962000,10.611789000,162.816173000,111.164951950,104.362940322
imul,1800,0x00,28,1.560060476,0.000295651,173.450972000,10.665561000,162.785411000,111.182210352,104.345577308
imul,1800,0x00,29,1.560080338,0.000344911,173.943768000,10.658969000,163.284799000,111.496673480,104.664352897
imul,1800,0x00,30,1.560482329,0.000631932,173.982770000,10.624607000,163.358163000,111.492944707,104.684404294
imul,1800,0x00,31,1.560125825,0.000319364,173.913495000,10.660496000,163.252999000,111.474018455,104.640918310
imul,1800,0x00,32,1.560144072,0.000391131,173.777571000,10.641697000,163.135874000,111.385591938,104.564621241
imul,1800,0x00,33,1.560072729,0.000263009,173.258833000,10.608432000,162.650401000,111.058176812,104.258216911
imul,1800,0x00,34,1.560094555,0.000370584,173.982526000,10.622226000,163.360300000,111.520500728,104.711794189
imul,1800,0x00,35,1.560065339,0.000310737,173.640119000,10.601475000,163.038644000,111.303106796,104.507574111
imul,1800,0x00,36,1.560065015,0.000366922,173.340865000,10.656223000,162.684642000,111.111308407,104.280680902
imul,1800,0x00,37,1.560078172,0.000305282,173.398543000,10.610813000,162.787730000,111.147342542,104.345880161
imul,1800,0x00,38,1.560085163,0.000369970,173.566084000,10.605319000,162.960765000,111.254236702,104.456326401
imul,1800,0x00,39,1.560144433,0.000407191,173.876142000,10.605564000,163.270578000,111.448746866,104.650937782
imul,1800,0x00,40,1.560224401,0.000447333,173.994489000,10.584384000,163.410105000,111.518887194,104.735001497
imul,1800,0x00,41,1.560131374,0.000367946,173.933088000,10.600620000,163.332468000,111.486180545,104.691483522
imul,1800,0x00,42,1.560039486,0.000280056,173.972211000,10.560154000,163.412057000,111.517825425,104.748667273
imul,1800,0x00,43,1.560102215,0.000382868,173.904401000,10.528049000,163.376352000,111.469876350,104.721569157
imul,1800,0x00,44,1.560097200,0.000311963,173.864484000,10.551120000,163.313364000,111.444648454,104.681531386
imul,1800,0x00,45,1.560092991,0.000393152,173.758405000,10.485874000,163.272531000,111.376953809,104.655640361
imul,1800,0x00,46,1.560078853,0.000363159,173.867231000,10.627170000,163.240061000,111.447719913,104.635775772
imul,1800,0x00,47,1.560235002,0.000747345,174.240704000,10.617954000,163.622750000,111.675935836,104.870580242
imul,1800,0x00,48,1.560044120,0.000354581,173.673567000,10.613438000,163.060129000,111.326061055,104.522767571
imul,1800,0x00,49,1.560134494,0.000288686,174.189252000,10.671725000,163.517527000,111.650151075,104.809891445
imul,1800,0x00,50,1.560323354,0.000539031,174.598247000,10.643832000,163.954415000,111.898759016,105.077203746
imul,1800,0x00,51,1.560176681,0.000414512,173.971600000,10.653659000,163.317941000,111.507627416,104.679132199
imul,1800,0x00,52,1.560101151,0.000389717,174.364483000,10.630771000,163.733712000,111.764857644,104.950702680
imul,1800,0x00,53,1.560109973,0.000302429,173.840314000,10.570042000,163.270272000,111.428243552,104.653053223
imul,1800,0x00,54,1.560128259,0.000414279,173.484480000,10.647433000,162.837047000,111.198857565,104.374141108
imul,1800,0x00,55,1.560115401,0.000386891,173.751813000,10.658969000,163.092844000,111.371128618,104.538961593
imul,1800,0x00,56,1.560061342,0.000306322,173.870954000,10.625033000,163.245921000,111.451357274,104.640706491
imul,1800,0x00,57,1.560093084,0.000360885,173.923993000,10.644749000,163.279244000,111.483086980,104.659937061
imul,1800,0x00,58,1.560105388,0.000331639,173.732648000,10.640354000,163.092294000,111.359559009,104.539280019
imul,1800,0x00,59,1.560137271,0.000373626,173.644636000,10.625339000,163.019297000,111.300870250,104.490354794
imul,1800,0x00,60,1.560229970,0.000545738,174.449078000,10.626438000,163.822640000,111.809849447,104.999034242
imul,1800,0x00,61,1.560154877,0.000371094,174.496379000,10.630771000,163.865608000,111.845549185,105.031628876
imul,1800,0x00,62,1.560131251,0.000381325,174.227642000,10.690952000,163.536690000,111.674990060,104.822392248
imul,1800,0x00,63,1.560107596,0.000324848,174.064312000,10.628574000,163.435738000,111.571991890,104.759273312
imul,1800,0x00,64,1.560150637,0.000380049,173.654218000,10.559299000,163.094919000,111.306058437,104.537930573
imul,1800,0x00,65,1.560084624,0.000288264,173.745282000,10.543430000,163.201852000,111.369139391,104.610897027
imul,1800,0x00,66,1.560104283,0.000383098,173.671553000,10.516941000,163.154612000,111.320476997,104.579298787
imul,1800,0x00,67,1.560113401,0.000303024,173.626997000,10.523837000,163.103160000,111.291266930,104.545707928
imul,1800,0x00,68,1.560086827,0.000377251,173.453963000,10.627781000,162.826182000,111.182249571,104.369948606
imul,1800,0x00,69,1.560121656,0.000299130,173.804364000,10.569919000,163.234445000,111.404366030,104.629305277
imul,1800,0x00,70,1.560251630,0.000600456,174.396526000,10.606297000,163.790229000,111.774615470,104.976803633
imul,1800,0x00,71,1.560207833,0.000413022,174.113385000,10.668491000,163.444894000,111.596276687,104.758411387
imul,1800,0x00,72,1.560109114,0.000313373,173.860578000,10.677646000,163.182932000,111.441293689,104.597127533
imul,1800,0x00,73,1.560119588,0.000384733,173.931562000,10.648533000,163.283029000,111.486044615,104.660585155
imul,1800,0x00,74,1.560120273,0.000301647,173.822004000,10.652194000,163.169810000,111.415771609,104.587968532
imul,1800,0x00,75,1.560081410,0.000351796,173.730085000,10.629062000,163.101023000,111.359627680,104.546481949
imul,1800,0x00,76,1.560064846,0.000304254,173.741681000,10.662143000,163.079538000,111.368243112,104.533820152
imul,1800,0x00,77,1.560159213,0.000401100,173.990582000,10.643405000,163.347177000,111.521042597,104.699043333
imul,1800,0x00,78,1.560092685,0.000359852,174.096112000,10.662693000,163.433419000,111.593441663,104.758788116
imul,1800,0x00,79,1.560100576,0.000291837,173.876752000,10.628146000,163.248606000,111.452270893,104.639796002
imul,1800,0x00,80,1.560421546,0.000833808,174.840128000,10.665317000,164.174811000,112.046727686,105.211832955
imul,1800,0x00,81,1.560155740,0.000322952,174.039349000,10.693698000,163.345651000,111.552548609,104.698298275
imul,1800,0x00,82,1.560123165,0.000375397,173.863752000,10.637058000,163.226694000,111.442324494,104.624235872
imul,1800,0x00,83,1.561008238,0.003545606,175.430642000,10.644870000,164.785772000,112.382905918,105.563678615
imul,1800,0x00,84,1.560141568,0.000383201,174.031598000,10.688327000,163.343271000,111.548593788,104.697723828
imul,1800,0x00,85,1.560495225,0.001063930,174.956888000,10.665439000,164.291449000,112.116259778,105.281609578
imul,1800,0x00,86,1.560400071,0.000662023,174.750102000,10.649509000,164.100593000,111.990575504,105.165717446
imul,1800,0x00,87,1.560198995,0.000462967,174.131939000,10.644443000,163.487496000,111.608800932,104.786310316
imul,1800,0x00,88,1.560117565,0.000297055,173.997357000,10.698520000,163.298837000,111.528362297,104.670853453
imul,1800,0x00,89,1.560338997,0.000530338,174.283428000,10.657016000,163.626412000,111.695873963,104.865937637
imul,1800,0x00,90,1.560357830,0.000497500,174.591411000,10.587802000,164.003609000,111.891905579,105.106409461
imul,1800,0x00,91,1.560217106,0.000409925,174.424786000,10.604404000,163.820382000,111.795201692,104.998452725
imul,1800,0x00,92,1.560137508,0.000292196,173.760297000,10.644076000,163.116221000,111.374988520,104.552464257
imul,1800,0x00,93,1.560217557,0.000556888,174.259381000,10.649082000,163.610299000,111.689155307,104.863772555
imul,1800,0x00,94,1.560211417,0.000551402,173.954694000,10.569370000,163.385324000,111.494309082,104.719989985
imul,1800,0x00,95,1.560219380,0.000438108,174.134442000,10.594455000,163.539987000,111.608946970,104.818584577
imul,1800,0x00,96,1.560177504,0.000475856,174.298993000,10.703891000,163.595102000,111.717412000,104.856724051
imul,1800,0x00,97,1.560125635,0.000350517,174.174298000,10.683200000,163.491098000,111.641200006,104.793546353
imul,1800,0x00,98,1.560233314,0.000616340,174.637553000,10.693210000,163.944343000,111.930409003,105.076812235
imul,1800,0x00,99,1.560147791,0.000396247,173.807905000,10.689730000,163.118175000,111.404769458,104.553027552
imul,1800,0xAA,0,1.560319832,0.000703233,178.576935000,10.707980000,167.868955000,114.448929879,107.586247124
imul,1800,0xAA,1,1.560729052,0.000817260,178.906830000,10.733005000,168.173825000,114.630293940,107.753376396
imul,1800,0xAA,2,1.560206047,0.000434834,178.583100000,10.688144000,167.894956000,114.461227956,107.610758417
imul,1800,0xAA,3,1.560152447,0.000360776,178.319673000,10.721103000,167.598570000,114.296313357,107.424482967
imul,1800,0xAA,4,1.560164292,0.000421139,178.656586000,10.698154000,167.958432000,114.511392724,107.654323855
imul,1800,0xAA,5,1.560162489,0.000441206,178.649872000,10.691806000,167.958066000,114.507221666,107.654213679
imul,1800,0xAA,6,1.560115426,0.000326374,178.650055000,10.708469000,167.941586000,114.510793247,107.646897909
imul,1800,0xAA,7,1.560245868,0.000971419,178.872406000,10.718051000,168.154355000,114.643729974,107.774267142
imul,1800,0xAA,8,1.560159809,0.000334819,179.149871000,10.668185000,168.481686000,114.827897747,107.990018102
imul,1800,0xAA,9,1.560266276,0.000504890,178.668671000,10.695651000,167.973020000,114.511653392,107.656636934
imul,1800,0xAA,10,1.560331589,0.000662368,178.753876000,10.692966000,168.060910000,114.561467122,107.708458392
imul,1800,0xAA,11,1.560251209,0.000472740,178.863555000,10.728854000,168.134701000,114.637664704,107.761301503
imul,1800,0xAA,12,1.560163256,0.000407622,178.947418000,10.748874000,168.198544000,114.697880024,107.808297184
imul,1800,0xAA,13,1.560300806,0.000439185,178.808930000,10.725620000,168.083310000,114.599011483,107.724939536
imul,1800,0xAA,14,1.560216689,0.000398134,178.977813000,10.779636000,168.198177000,114.713433260,107.804369873
imul,1800,0xAA,15,1.560167261,0.000306992,179.129607000,10.773959000,168.355648000,114.814360902,107.908717342
imul,1800,0xAA,16,1.560183581,0.000376834,178.966278000,10.769382000,168.196896000,114.708474143,107.805836448
imul,1800,0xAA,17,1.560239841,0.000428748,179.000824000,10.766391000,168.234433000,114.726479414,107.826007630
imul,1800,0xAA,18,1.560211874,0.000629101,179.278838000,10.754917000,168.523921000,114.906725821,108.013484473
imul,1800,0xAA,19,1.560165026,0.000427972,178.941253000,10.725436000,168.215817000,114.693798429,107.819246172
imul,1800,0xAA,20,1.560281731,0.000538165,179.031402000,10.735690000,168.295712000,114.742996979,107.862387033
imul,1800,0xAA,21,1.560203882,0.000475955,179.100798000,10.761081000,168.339717000,114.793201095,107.895973673
imul,1800,0xAA,22,1.560213900,0.000366610,178.973297000,10.773715000,168.199582000,114.710743799,107.805463057
imul,1800,0xAA,23,1.560180426,0.000382553,178.947418000,10.761508000,168.185910000,114.696617821,107.799013016
imul,1800,0xAA,24,1.560172361,0.000306155,178.737396000,10.783114000,167.954282000,114.562596051,107.651107124
imul,1800,0xAA,25,1.560182420,0.000393465,178.933257000,10.785189000,168.148068000,114.687394733,107.774620390
imul,1800,0xAA,26,1.560140886,0.000316180,178.805511000,10.741977000,168.063534000,114.608566847,107.723305973
imul,1800,0xAA,27,1.560209309,0.000404215,178.944733000,10.739658000,168.205075000,114.692773542,107.809300962
imul,1800,0xAA,28,1.560214044,0.000400761,179.174773000,10.718905000,168.455868000,114.839866789,107.969716479
imul,1800,0xAA,29,1.560126455,0.000306661,178.815888000,10.719821000,168.096067000,114.616278306,107.745155159
imul,1800,0xAA,30,1.560359772,0.000570333,179.327178000,10.739291000,168.587887000,114.926814479,108.044240860
imul,1800,0xAA,31,1.560195198,0.000394065,178.944244000,10.705478000,168.238766000,114.693497479,107.831870155
imul,1800,0xAA,32,1.560195625,0.000424698,179.141936000,10.727511000,168.414425000,114.820175822,107.944428431
imul,1800,0xAA,33,1.560199002,0.000385125,179.337126000,10.708591000,168.628535000,114.945033181,108.081427327
imul,1800,0xAA,34,1.560203663,0.000603567,179.334014000,10.726779000,168.607235000,114.942695108,108.067452311
imul,1800,0xAA,35,1.560263251,0.000678627,179.710172000,10.717746000,168.992426000,115.179391588,108.310200769
imul,1800,0xAA,36,1.560153220,0.000477665,178.955291000,10.726718000,168.228573000,114.703664167,107.828238175
imul,1800,0xAA,37,1.560175487,0.000491064,179.304473000,10.681308000,168.623165000,114.925836568,108.079614402
imul,1800,0xAA,38,1.560132833,0.000383691,179.229522000,10.627720000,168.601802000,114.880937229,108.068876244
imul,1800,0xAA,39,1.560149233,0.000444680,179.143890000,10.595859000,168.548031000,114.824842507,108.033274897
imul,1800,0xAA,40,1.560277739,0.000645374,178.933075000,10.673190000,168.259885000,114.680271693,107.839701110
imul,1800,0xAA,41,1.560236826,0.000483756,178.997100000,10.646640000,168.350460000,114.724314305,107.900580995
imul,1800,0xAA,42,1.560186333,0.000563483,179.197723000,10.617588000,168.580135000,114.856616267,108.051282973
imul,1800,0xAA,43,1.560193977,0.000554755,179.108672000,10.580845000,168.527827000,114.798976713,108.017227034
imul,1800,0xAA,44,1.560194373,0.000571722,179.187529000,10.575961000,168.611568000,114.849490629,108.070873051
imul,1800,0xAA,45,1.560135764,0.000380473,179.155669000,10.660190000,168.495479000,114.833383823,108.000523347
imul,1800,0xAA,46,1.560156239,0.000440807,178.562287000,10.661960000,167.900327000,114.451541827,107.617636519
imul,1800,0xAA,47,1.560155516,0.000345790,178.690400000,10.641208000,168.049192000,114.533710361,107.713103127
imul,1800,0xAA,48,1.560170610,0.000450842,178.778351000,10.682773000,168.095578000,114.588974958,107.741792394
imul,1800,0xAA,49,1.560156112,0.000503480,178.627106000,10.702548000,167.924558000,114.493097591,107.633176383
imul,1800,0xAA,50,1.561300785,0.005968286,181.451195000,10.906833000,170.544362000,116.217961807,109.232227152
imul,1800,0xAA,51,1.560233998,0.000425667,178.837860000,10.699863000,168.137997000,114.622460611,107.764602743
imul,1800,0xAA,52,1.560187497,0.000382257,178.707550000,10.702609000,168.004941000,114.542354882,107.682532573
imul,1800,0xAA,53,1.560472605,0.000607356,179.690275000,10.701206000,168.989069000,115.151188441,108.293518550
imul,1800,0xAA,54,1.560271357,0.000625663,179.404082000,10.685031000,168.719051000,114.982615841,108.134428213
imul,1800,0xAA,55,1.560270063,0.000825551,179.500456000,10.720493000,168.779963000,115.044478645,108.173557225
imul,1800,0xAA,56,1.560177169,0.000582494,179.091522000,10.693516000,168.398006000,114.789221103,107.935181566
imul,1800,0xAA,57,1.560196791,0.000638715,178.933013000,10.683566000,168.249447000,114.686181905,107.838605970
imul,1800,0xAA,58,1.560190597,0.000654667,179.139800000,10.668246000,168.471554000,114.819176793,107.981392986
imul,1800,0xAA,59,1.560225770,0.000596563,178.976349000,10.677158000,168.299191000,114.711827235,107.868485583
imul,1800,0xAA,60,1.560423239,0.000993832,179.252043000,10.673923000,168.578120000,114.873989662,108.033587177
imul,1800,0xAA,61,1.560270608,0.000694044,179.278472000,10.676547000,168.601925000,114.902165761,108.059412365
imul,1800,0xAA,62,1.560273396,0.000693145,178.699310000,10.657077000,168.042233000,114.530767757,107.700505173
imul,1800,0xAA,63,1.560382424,0.000880259,179.321623000,10.661350000,168.660273000,114.921586025,108.089062257
imul,1800,0xAA,64,1.560193370,0.000634984,179.682157000,10.676181000,169.005976000,115.166594400,108.323736837
imul,1800,0xAA,65,1.560235483,0.000752354,179.080597000,10.672397000,168.408200000,114.777928698,107.937681109
imul,1800,0xAA,66,1.560197732,0.000703789,179.275481000,10.720065000,168.555416000,114.905615726,108.034650089
imul,1800,0xAA,67,1.560331262,0.000930048,179.112456000,10.681430000,168.431026000,114.791301319,107.945684453
imul,1800,0xAA,68,1.560266667,0.000946885,179.269988000,10.671481000,168.598507000,114.897018402,108.057494606
imul,1800,0xAA,69,1.560407779,0.001196799,179.505583000,10.759067000,168.746516000,115.037610913,108.142575435
imul,1800,0xAA,70,1.560465527,0.001304074,179.182586000,10.732455000,168.450131000,114.826366147,107.948639717
imul,1800,0xAA,71,1.560370348,0.001023670,179.369719000,10.692905000,168.676814000,114.953298892,108.100499482
imul,1800,0xAA,72,1.560304750,0.001118262,179.103179000,10.673984000,168.429195000,114.787306149,107.946345112
imul,1800,0xAA,73,1.560294725,0.000789749,178.840057000,10.644320000,168.195737000,114.619407590,107.797414391
imul,1800,0xAA,74,1.560231308,0.000740432,178.855682000,10.650974000,168.204708000,114.634080934,107.807545697
imul,1800,0xAA,75,1.560174927,0.000519931,178.835541000,10.642978000,168.192563000,114.625314042,107.803657179
imul,1800,0xAA,76,1.560275670,0.000837245,179.158049000,10.611240000,168.546809000,114.824612390,108.023737259
imul,1800,0xAA,77,1.560287931,0.001106477,179.284209000,10.656467000,168.627742000,114.904566953,108.074758947
imul,1800,0xAA,78,1.560565032,0.000945296,179.455595000,10.657687000,168.797908000,114.993986977,108.164609938
imul,1800,0xAA,79,1.560232130,0.000649879,179.180450000,10.644382000,168.536068000,114.842174166,108.019867538
imul,1800,0xAA,80,1.560381286,0.001000147,179.340788000,10.676792000,168.663996000,114.933952077,108.091527028
imul,1800,0xAA,81,1.560396113,0.001215146,179.583463000,10.715243000,168.868220000,115.088381387,108.221379534
imul,1800,0xAA,82,1.560327918,0.001235225,179.509550000,10.704623000,168.804927000,115.046041220,108.185545503
imul,1800,0xAA,83,1.560365643,0.001237756,179.388701000,10.704013000,168.684688000,114.965810592,108.105871676
imul,1800,0xAA,84,1.560304153,0.001171030,179.778959000,10.755282000,169.023677000,115.220457929,108.327390330
imul,1800,0xAA,85,1.560357271,0.001403567,179.354521000,10.746982000,168.607539000,114.944522199,108.057008552
imul,1800,0xAA,86,1.560366031,0.001364100,179.693815000,10.693088000,169.000727000,115.161322034,108.308386386
imul,1800,0xAA,87,1.560352561,0.001394339,179.188506000,10.748568000,168.439938000,114.838473383,107.949922506
imul,1800,0xAA,88,1.560302526,0.001106029,179.511809000,10.742526000,168.769283000,115.049361283,108.164461834
imul,1800,0xAA,89,1.560311932,0.001100523,179.532195000,10.750156000,168.782039000,115.061733075,108.171985082
imul,1800,0xAA,90,1.560542026,0.001704513,179.474943000,10.789340000,168.685603000,115.008080511,108.094239155
imul,1800,0xAA,91,1.560339973,0.001093488,179.222564000,10.636631000,168.585933000,114.861227129,108.044359532
imul,1800,0xAA,92,1.560301454,0.000904481,179.207183000,10.657200000,168.549983000,114.854204964,108.023986372
imul,1800,0xAA,93,1.560235368,0.000891288,179.066497000,10.651767000,168.414730000,114.768900060,107.941874331
imul,1800,0xAA,94,1.560239105,0.000983469,179.501860000,10.650364000,168.851496000,115.047661200,108.221551046
imul,1800,0xAA,95,1.560229317,0.000869737,179.335845000,10.660678000,168.675167000,114.941978732,108.109215187
imul,1800,0xAA,96,1.560272329,0.001104761,179.442350000,10.645419000,168.796931000,115.007070698,108.184275212
imul,1800,0xAA,97,1.560341837,0.001220043,179.508573000,10.617039000,168.891534000,115.044388838,108.240085609
imul,1800,0xAA,98,1.560290992,0.001241313,179.433501000,10.611606000,168.821895000,115.000023646,108.198980730
imul,1800,0xAA,99,1.560327852,0.001122927,179.601652000,10.677829000,168.923823000,115.105073422,108.261749447
imul,2000,0x00,0,1.403994739,0.000313736,161.316970000,9.688391000,151.628579000,114.898557291,107.997968045
imul,2000,0x00,1,1.404288749,0.000340983,161.363723000,9.699804000,151.663919000,114.907794490,108.000522745
imul,2000,0x00,2,1.404153410,0.000486113,161.529433000,9.692785000,151.836648000,115.036884054,108.133945293
imul,2000,0x00,3,1.404035353,0.000292678,161.207778000,9.670691000,151.537087000,114.817463545,107.929680430
imul,2000,0x00,4,1.403977545,0.000206050,161.249038000,9.682349000,151.566689000,114.851579054,107.955208785
imul,2000,0x00,5,1.404040008,0.000328257,161.261672000,9.689733000,151.571939000,114.855467868,107.954145295
imul,2000,0x00,6,1.404045619,0.000268598,161.233962000,9.679052000,151.554910000,114.835273041,107.941585350
imul,2000,0x00,7,1.404036734,0.000324899,161.277786000,9.657873000,151.619913000,114.867212561,107.988565611
imul,2000,0x00,8,1.403992309,0.000214615,161.202529000,9.647375000,151.555154000,114.817245033,107.945857679
imul,2000,0x00,9,1.404003785,0.000267670,161.408583000,9.657263000,151.751320000,114.963068251,108.084694345
imul,2000,0x00,10,1.404224822,0.000482958,161.334365000,9.671728000,151.662637000,114.892118729,108.004526481
imul,2000,0x00,11,1.404005597,0.000264253,161.281265000,9.635473000,151.645792000,114.872237911,108.009392764
imul,2000,0x00,12,1.403992913,0.000314565,161.290786000,9.669958000,151.620828000,114.880057070,107.992587832
imul,2000,0x00,13,1.403990305,0.000256480,161.084243000,9.618018000,151.466225000,114.733159111,107.882671633
imul,2000,0x00,14,1.404011024,0.000317604,161.269546000,9.659521000,151.610025000,114.863447106,107.983500415
imul,2000,0x00,15,1.404001084,0.000243739,161.183486000,9.660315000,151.523171000,114.802964081,107.922403154
imul,2000,0x00,16,1.404012095,0.000259964,161.354446000,9.655553000,151.698893000,114.923829028,108.046713772
imul,2000,0x00,17,1.404043249,0.000337330,161.445875000,9.668615000,151.777260000,114.986397376,108.100131583
imul,2000,0x00,18,1.403985166,0.000238118,161.497268000,9.679235000,151.818033000,115.027759462,108.133644601
imul,2000,0x00,19,1.404007678,0.000321174,161.431532000,9.668311000,151.763221000,114.979094877,108.092871138
imul,2000,0x00,20,1.404141127,0.000442286,161.586256000,9.666052000,151.920204000,115.078358540,108.194398077
imul,2000,0x00,21,1.404055494,0.000265949,161.260818000,9.664099000,151.596719000,114.853592831,107.970603489
imul,2000,0x00,22,1.403995530,0.000328570,161.217361000,9.676977000,151.540384000,114.827545748,107.935090045
imul,2000,0x00,23,1.403975640,0.000259545,161.207046000,9.680579000,151.526467000,114.821825559,107.926706637
imul,2000,0x00,24,1.404071235,0.000355180,161.297988000,9.664587000,151.633401000,114.878778239,107.995518500
imul,2000,0x00,25,1.404024268,0.000253859,161.488845000,9.675146000,151.813699000,115.018556779,108.127546260
imul,2000,0x00,26,1.404015774,0.000265922,161.415907000,9.674597000,151.741310000,114.967303067,108.076641880
imul,2000,0x00,27,1.404023801,0.000326274,161.279007000,9.688391000,151.590616000,114.869140278,107.968693868
imul,2000,0x00,28,1.404003723,0.000248371,161.117508000,9.691076000,151.426432000,114.755755536,107.853298055
imul,2000,0x00,29,1.404034290,0.000323236,161.288100000,9.692541000,151.595559000,114.874758499,107.971407870
imul,2000,0x00,30,1.404186582,0.000429215,161.678603000,9.695898000,151.982705000,115.140398809,108.235406176
imul,2000,0x00,31,1.404073597,0.000310708,161.544203000,9.687048000,151.857155000,115.053942554,108.154697373
imul,2000,0x00,32,1.404016775,0.000320284,161.438063000,9.665930000,151.772133000,114.983001533,108.098518262
imul,2000,0x00,33,1.404003108,0.000266872,161.491530000,9.668982000,151.822548000,115.022202631,108.135478561
imul,2000,0x00,34,1.404146695,0.000404098,161.410720000,9.688391000,151.722329000,114.952889612,108.053047141
imul,2000,0x00,35,1.404026823,0.000263138,161.310806000,9.666418000,151.644388000,114.891541505,108.006759930
imul,2000,0x00,36,1.404046544,0.000276627,161.154617000,9.675756000,151.478861000,114.778685687,107.887350040
imul,2000,0x00,37,1.404052471,0.000333405,161.038773000,9.692358000,151.346415000,114.695694266,107.792563366
imul,2000,0x00,38,1.404060089,0.000289074,161.039261000,9.667822000,151.371439000,114.695419552,107.809801141
imul,2000,0x00,39,1.404063843,0.000346459,161.299941000,9.680151000,151.619790000,114.880773988,107.986393046
imul,2000,0x00,40,1.404138313,0.000468320,161.246780000,9.687353000,151.559427000,114.836820911,107.937676496
imul,2000,0x00,41,1.404029614,0.000258180,161.061599000,9.657630000,151.403969000,114.713818972,107.835310212
imul,2000,0x00,42,1.404009930,0.000333005,161.093765000,9.658422000,151.435343000,114.738337348,107.859168053
imul,2000,0x00,43,1.404097577,0.000394412,161.302077000,9.703405000,151.598672000,114.879535205,107.968758376
imul,2000,0x00,44,1.404106463,0.000661098,161.501845000,9.700842000,151.801003000,115.021082310,108.112174575
imul,2000,0x00,45,1.403965231,0.000242285,161.315322000,9.676489000,151.638833000,114.899798372,108.007541510
imul,2000,0x00,46,1.404024901,0.000338526,161.288650000,9.701330000,151.587320000,114.875918467,107.966261811
imul,2000,0x00,47,1.403991089,0.000240287,161.142349000,9.692053000,151.450296000,114.774481342,107.871265874
imul,2000,0x00,48,1.403975713,0.000240318,161.184585000,9.702673000,151.481912000,114.805821451,107.894966148
imul,2000,0x00,49,1.403996796,0.000302248,161.271682000,9.694677000,151.577005000,114.866132539,107.961076180
imul,2000,0x00,50,1.404160608,0.000436632,161.398085000,9.685645000,151.712440000,114.942752341,108.044933854
imul,2000,0x00,51,1.404074760,0.000355861,161.145767000,9.648352000,151.497415000,114.770076087,107.898396404
imul,2000,0x00,52,1.403945641,0.000232871,161.126541000,9.657996000,151.468545000,114.766937051,107.887756178
imul,2000,0x00,53,1.403980448,0.000286954,161.319838000,9.657752000,151.662086000,114.901769609,108.022933075
imul,2000,0x00,54,1.403964966,0.000312427,161.464491000,9.688268000,151.776223000,115.006068455,108.105420480
imul,2000,0x00,55,1.403990165,0.000224200,161.138809000,9.688574000,151.450235000,114.772035417,107.871293348
imul,2000,0x00,56,1.404031755,0.000323893,161.262404000,9.707556000,151.554848000,114.856664376,107.942607077
imul,2000,0x00,57,1.404180483,0.000692760,161.478163000,9.707068000,151.771095000,114.998153672,108.085176234
imul,2000,0x00,58,1.403995822,0.000256960,161.330337000,9.681494000,151.648843000,114.907989415,108.012317896
imul,2000,0x00,59,1.403967619,0.000318613,161.326858000,9.675329000,151.651529000,114.907819712,108.016400799
imul,2000,0x00,60,1.404705334,0.003093847,162.695994000,9.803259000,152.892735000,115.822151465,108.843279270
imul,2000,0x00,61,1.404330918,0.000466220,161.501296000,9.680273000,151.821023000,115.002307490,108.109150842
imul,2000,0x00,62,1.404015286,0.000257096,161.265579000,9.612280000,151.653299000,114.860272932,108.013994196
imul,2000,0x00,63,1.404005508,0.000273058,161.513258000,9.641943000,151.871315000,115.037481712,108.170027887
imul,2000,0x00,64,1.404039489,0.000340395,161.197281000,9.645666000,151.551615000,114.809649087,107.939709832
imul,2000,0x00,65,1.404035019,0.000263357,161.299575000,9.629675000,151.669900000,114.882871750,108.024299940
imul,2000,0x00,66,1.404022010,0.000333394,161.295425000,9.661170000,151.634255000,114.880980415,107.999913072
imul,2000,0x00,67,1.404040578,0.000314696,161.226943000,9.665258000,151.561685000,114.830686151,107.946798214
imul,2000,0x00,68,1.404013340,0.000242518,161.294265000,9.620093000,151.674172000,114.880863596,108.029010608
imul,2000,0x00,69,1.404035239,0.000322640,161.143387000,9.628576000,151.514811000,114.771611544,107.913823552
imul,2000,0x00,70,1.404128325,0.000480543,161.344558000,9.672887000,151.671671000,114.907273845,108.018382834
imul,2000,0x00,71,1.404028055,0.000342055,161.254226000,9.632056000,151.622170000,114.851142312,107.990840651
imul,2000,0x00,72,1.404006052,0.000240570,161.310683000,9.637670000,151.673013000,114.893153579,108.028745849
imul,2000,0x00,73,1.404060113,0.000334118,161.372817000,9.656042000,151.716775000,114.932982936,108.055754596
imul,2000,0x00,74,1.404041744,0.000295828,161.183364000,9.614722000,151.568642000,114.799552555,107.951663566
imul,2000,0x00,75,1.404351987,0.002006709,161.966627000,9.701086000,152.265541000,115.331931364,108.424057776
imul,2000,0x00,76,1.404047908,0.000322876,161.226699000,9.624792000,151.601907000,114.829912927,107.974881879
imul,2000,0x00,77,1.403999063,0.000266758,161.242202000,9.604407000,151.637795000,114.844949882,108.004199589
imul,2000,0x00,78,1.404009933,0.000320249,161.145035000,9.630346000,151.514689000,114.774853932,107.915681663
imul,2000,0x00,79,1.404004263,0.000232380,161.070267000,9.639013000,151.431254000,114.722064098,107.856691066
imul,2000,0x00,80,1.404155317,0.000464843,161.249893000,9.610999000,151.638894000,114.837647245,107.992963554
imul,2000,0x00,81,1.404106522,0.000349727,161.228958000,9.662939000,151.566019000,114.826728189,107.944815140
imul,2000,0x00,82,1.403987155,0.000233948,161.293166000,9.663061000,151.630105000,114.882223368,107.999638323
imul,2000,0x00,83,1.404004669,0.000306094,161.309951000,9.634741000,151.675210000,114.892745438,108.030417118
imul,2000,0x00,84,1.403975394,0.000245675,161.277175000,9.635473000,151.641702000,114.871795980,108.008803194
imul,2000,0x00,85,1.403969901,0.000215294,161.291153000,9.660132000,151.631021000,114.882201455,108.001618052
imul,2000,0x00,86,1.404277666,0.000436510,161.482252000,9.660742000,151.821510000,114.993107042,108.113597219
imul,2000,0x00,87,1.404018740,0.000279778,161.368117000,9.661292000,151.706825000,114.933022176,108.051851915
imul,2000,0x00,88,1.404055311,0.000344902,161.263748000,9.669592000,151.594156000,114.855694570,107.968792094
imul,2000,0x00,89,1.403973273,0.000226141,161.268935000,9.683813000,151.585122000,114.866100414,107.968666408
imul,2000,0x00,90,1.404141808,0.000392658,161.419936000,9.693029000,151.726907000,114.959853124,108.056683554
imul,2000,0x00,91,1.404007429,0.000324382,161.396071000,9.660314000,151.735757000,114.953858247,108.073329128
imul,2000,0x00,92,1.403939035,0.000216391,161.266250000,9.667700000,151.598550000,114.866989262,107.980864037
imul,2000,0x00,93,1.403969497,0.000310818,161.348891000,9.671301000,151.677590000,114.923359344,108.034818659
imul,2000,0x00,94,1.403999844,0.000261895,161.447218000,9.647558000,151.799660000,114.990908814,108.119427992
imul,2000,0x00,95,1.404032902,0.000262631,161.494765000,9.646948000,151.847817000,115.022065941,108.151181371
imul,2000,0x00,96,1.404026225,0.000320027,161.449477000,9.630102000,151.819375000,114.990357083,108.131438192
imul,2000,0x00,97,1.403998361,0.000255536,161.141006000,9.616675000,151.524331000,114.772930309,107.923438693
imul,2000,0x00,98,1.404063723,0.000340754,161.149185000,9.626257000,151.522928000,114.773412611,107.917415378
imul,2000,0x00,99,1.404030606,0.000252552,161.214675000,9.616308000,151.598367000,114.822764076,107.973691157
imul,2000,0xAA,0,1.404064051,0.000340725,162.155957000,9.641516000,152.514441000,115.490427118,108.623563750
imul,2000,0xAA,1,1.404167919,0.000432990,163.212228000,9.618322000,153.593906000,116.234123993,109.384286541
imul,2000,0xAA,2,1.404126689,0.000401402,162.628429000,9.605200000,153.023229000,115.821763329,108.981070051
imul,2000,0xAA,3,1.404155073,0.000658718,162.691417000,9.651892000,153.039525000,115.864280359,108.990472623
imul,2000,0xAA,4,1.403981855,0.000232302,162.851695000,9.608130000,153.243565000,115.992734859,109.149248977
imul,2000,0xAA,5,1.404036771,0.000309353,162.799876000,9.610632000,153.189244000,115.951290839,109.106290625
imul,2000,0xAA,6,1.404008827,0.000252482,162.810008000,9.642675000,153.167333000,115.960815098,109.092856141
imul,2000,0xAA,7,1.403989625,0.000241691,162.508312000,9.615576000,152.892736000,115.747516320,108.898764855
imul,2000,0xAA,8,1.404005822,0.000319353,163.054698000,9.621862000,153.432836000,116.135343220,109.282193574
imul,2000,0xAA,9,1.404032676,0.000275054,163.465279000,9.610083000,153.855196000,116.425551798,109.580922633
imul,2000,0xAA,10,1.404199339,0.000497158,163.560311000,9.614172000,153.946139000,116.479410318,109.632681558
imul,2000,0xAA,11,1.404047914,0.000253619,163.810554000,9.603796000,154.206758000,116.670202197,109.830125085
imul,2000,0xAA,12,1.403996649,0.000241987,163.642586000,9.615881000,154.026705000,116.554826588,109.705892152
imul,2000,0xAA,13,1.404022196,0.000317529,163.202890000,9.617163000,153.585727000,116.239536976,109.389814069
imul,2000,0xAA,14,1.403992077,0.000237044,162.619273000,9.635596000,152.983677000,115.826346626,108.963347784
imul,2000,0xAA,15,1.404001449,0.000306821,164.436347000,9.650182000,154.786165000,117.119784415,110.246442505
imul,2000,0xAA,16,1.404010266,0.000276408,163.446115000,9.634070000,153.812045000,116.413760642,109.551937595
imul,2000,0xAA,17,1.404031786,0.000282038,163.198862000,9.627416000,153.571446000,116.235874138,109.378895475
imul,2000,0xAA,18,1.404017964,0.000323749,164.250617000,9.607824000,154.642793000,116.986122094,110.143030165
imul,2000,0xAA,19,1.403968242,0.000251862,163.234811000,9.618994000,153.615817000,116.266740319,109.415450017
imul,2000,0xAA,20,1.404147398,0.000450934,163.902412000,9.639684000,154.262728000,116.727355155,109.862204093
imul,2000,0xAA,21,1.403990673,0.000242793,164.066047000,9.619116000,154.446931000,116.856935123,110.005667387
imul,2000,0xAA,22,1.403964599,0.000257547,163.465951000,9.627172000,153.838779000,116.431675788,109.574542775
imul,2000,0xAA,23,1.404082678,0.000360153,163.817635000,9.568640000,154.248995000,116.672356642,109.857487299
imul,2000,0xAA,24,1.404055677,0.000291304,163.464975000,9.615881000,153.849094000,116.423427969,109.574781468
imul,2000,0xAA,25,1.404038402,0.000333943,163.726937000,9.614966000,154.111971000,116.611437930,109.763358858
imul,2000,0xAA,26,1.404030040,0.000277695,164.170661000,9.619971000,154.550690000,116.928168443,110.076483845
imul,2000,0xAA,27,1.404036993,0.000250475,163.268015000,9.633032000,153.634983000,116.284696083,109.423742954
imul,2000,0xAA,28,1.404066047,0.000344538,164.363104000,9.643835000,154.719269000,117.062231057,110.193725817
imul,2000,0xAA,29,1.404027337,0.000264993,164.426520000,9.599280000,154.827240000,117.110625722,110.273664827
imul,2000,0xAA,30,1.404226655,0.000479952,164.742621000,9.638586000,155.104035000,117.319109743,110.455128086
imul,2000,0xAA,31,1.404043247,0.000277801,164.453559000,9.589209000,154.864350000,117.128556662,110.298846095
imul,2000,0xAA,32,1.404091318,0.000371422,164.392646000,9.557410000,154.835236000,117.081164048,110.274334696
imul,2000,0xAA,33,1.404034248,0.000280475,163.497690000,9.605627000,153.892063000,116.448505580,109.607057794
imul,2000,0xAA,34,1.404035030,0.000260226,164.145026000,9.572241000,154.572785000,116.909494781,110.091829412
imul,2000,0xAA,35,1.404055847,0.000347637,165.000799000,9.648535000,155.352264000,117.517262097,110.645359516
imul,2000,0xAA,36,1.404041413,0.000285910,164.402595000,9.648413000,154.754182000,117.092411605,110.220525268
imul,2000,0xAA,37,1.404084371,0.000351937,164.179512000,9.675269000,154.504243000,116.929947658,110.039144512
imul,2000,0xAA,38,1.404028559,0.000259357,164.165229000,9.624426000,154.540803000,116.924422924,110.069558085
imul,2000,0xAA,39,1.404063020,0.000310609,163.964729000,9.663366000,154.301363000,116.778753273,109.896322882
imul,2000,0xAA,40,1.404404229,0.000525973,164.622442000,9.644934000,154.977508000,117.218702808,110.351068976
imul,2000,0xAA,41,1.404066065,0.000270213,164.116890000,9.617895000,154.498995000,116.886871713,110.036841476
imul,2000,0xAA,42,1.404048643,0.000350119,163.762276000,9.628759000,154.133517000,116.635756742,109.777903884
imul,2000,0xAA,43,1.404029744,0.000284817,164.339606000,9.576209000,154.763397000,117.048521688,110.228004504
imul,2000,0xAA,44,1.404053295,0.000270514,163.831490000,9.625159000,154.206331000,116.684666147,109.829400016
imul,2000,0xAA,45,1.404053164,0.000346335,163.966744000,9.653784000,154.312960000,116.781008194,109.905354016
imul,2000,0xAA,46,1.404068621,0.000315033,164.361884000,9.641577000,154.720307000,117.061147526,110.194263063
imul,2000,0xAA,47,1.404058930,0.000347066,163.969429000,9.642371000,154.327058000,116.782440855,109.914943494
imul,2000,0xAA,48,1.404036235,0.000250922,164.416754000,9.655065000,154.761689000,117.102927909,110.226278461
imul,2000,0xAA,49,1.404047088,0.000262907,164.537054000,9.598792000,154.938262000,117.187703599,110.351186447
imul,2000,0xAA,50,1.404191701,0.000474086,164.302741000,9.633215000,154.669526000,117.008768019,110.148440477
imul,2000,0xAA,51,1.404091752,0.000281946,164.223700000,9.652625000,154.571075000,116.960803852,110.086164081
imul,2000,0xAA,52,1.404037512,0.000333190,164.785101000,9.637304000,155.147797000,117.365169793,110.501176547
imul,2000,0xAA,53,1.404054902,0.000291885,164.574530000,9.643042000,154.931488000,117.213742650,110.345747686
imul,2000,0xAA,54,1.404022736,0.000234914,163.769783000,9.655188000,154.114595000,116.643255665,109.766452498
imul,2000,0xAA,55,1.404077838,0.000348348,165.613407000,9.622411000,155.990996000,117.951727818,111.098538672
imul,2000,0xAA,56,1.404009126,0.000270030,164.238777000,9.642370000,154.596407000,116.978425564,110.110685303
imul,2000,0xAA,57,1.404038962,0.000335799,164.503485000,9.651281000,154.852204000,117.164472997,110.290531985
imul,2000,0xAA,58,1.404025774,0.000251016,164.481879000,9.634497000,154.847382000,117.150184862,110.288133483
imul,2000,0xAA,59,1.404045967,0.000277814,164.482245000,9.626746000,154.855499000,117.148760664,110.292328451
imul,2000,0xAA,60,1.404235734,0.000513854,164.924504000,9.633765000,155.290739000,117.447875745,110.587371653
imul,2000,0xAA,61,1.404045661,0.000275287,163.973884000,9.595313000,154.378571000,116.786717558,109.952671295
imul,2000,0xAA,62,1.404030622,0.000320253,164.324835000,9.626562000,154.698273000,117.037928144,110.181552043
imul,2000,0xAA,63,1.404034847,0.000273308,164.413031000,9.655737000,154.757294000,117.100392007,110.223257141
imul,2000,0xAA,64,1.404053057,0.000336571,164.793035000,9.620092000,155.172943000,117.369521136,110.517862683
imul,2000,0xAA,65,1.404299918,0.000396406,164.765875000,9.644263000,155.121612000,117.329548248,110.461882106
imul,2000,0xAA,66,1.404047742,0.000302137,164.880315000,9.666907000,155.213408000,117.432128639,110.547101362
imul,2000,0xAA,67,1.404082529,0.000385260,165.251836000,9.646459000,155.605377000,117.693819685,110.823526237
imul,2000,0xAA,68,1.404009343,0.000270781,164.671942000,9.669958000,155.001984000,117.286927496,110.399538855
imul,2000,0xAA,69,1.404113829,0.000438807,165.621891000,9.675757000,155.946134000,117.954746631,111.063740506
imul,2000,0xAA,70,1.404296566,0.000705303,165.389836000,9.672216000,155.717620000,117.774151160,110.886563284
imul,2000,0xAA,71,1.404070314,0.000289861,165.323246000,9.636878000,155.686368000,117.745702833,110.882173350
imul,2000,0xAA,72,1.404051710,0.000367257,165.941226000,9.649572000,156.291654000,118.187403490,111.314742085
imul,2000,0xAA,73,1.404065494,0.000310735,164.857488000,9.634558000,155.222930000,117.414386090,110.552485387
imul,2000,0xAA,74,1.404062994,0.000449494,165.597476000,9.675268000,155.922208000,117.941628446,111.050721102
imul,2000,0xAA,75,1.404021012,0.000288075,165.596805000,9.670873000,155.925932000,117.944677170,111.056694072
imul,2000,0xAA,76,1.404015061,0.000366910,165.401004000,9.654760000,155.746244000,117.805719198,110.929183276
imul,2000,0xAA,77,1.404016274,0.000441284,165.428775000,9.672216000,155.756559000,117.825397105,110.936434220
imul,2000,0xAA,78,1.404075702,0.000433315,165.615420000,9.628699000,155.986721000,117.953340919,111.095662958
imul,2000,0xAA,79,1.404201720,0.000684403,165.864810000,9.651709000,156.213101000,118.120358089,111.246909024
imul,2000,0xAA,80,1.404156664,0.000437846,165.781985000,9.620459000,156.161526000,118.065162667,111.213748403
imul,2000,0xAA,81,1.404075616,0.000319580,165.473149000,9.648474000,155.824675000,117.852020971,110.980258591
imul,2000,0xAA,82,1.403999082,0.000348121,165.010747000,9.648108000,155.362639000,117.529098953,110.657222663
imul,2000,0xAA,83,1.404007998,0.000293730,165.262028000,9.643042000,155.618986000,117.707326619,110.839102211
imul,2000,0xAA,84,1.404012294,0.000351496,165.009343000,9.574072000,155.435271000,117.526993004,110.707913111
imul,2000,0xAA,85,1.404008340,0.000274208,165.093083000,9.558386000,155.534697000,117.586967501,110.779040703
imul,2000,0xAA,86,1.404020888,0.000295233,165.821475000,9.650793000,156.170682000,118.104706552,111.231024629
imul,2000,0xAA,87,1.404078061,0.000382111,165.472110000,9.615027000,155.857083000,117.851075791,111.003146701
imul,2000,0xAA,88,1.404061256,0.000291476,165.116765000,9.619848000,155.496917000,117.599402636,110.747957974
imul,2000,0xAA,89,1.404037023,0.000447415,165.493656000,9.641516000,155.852140000,117.869866198,111.002870638
imul,2000,0xAA,90,1.404166603,0.000483943,165.997012000,9.618810000,156.378202000,118.217462004,111.367270594
imul,2000,0xAA,91,1.404089852,0.000400923,165.680912000,9.662756000,156.018156000,117.998795959,111.116931537
imul,2000,0xAA,92,1.404010912,0.000347228,165.714481000,9.638464000,156.076017000,118.029339789,111.164390295
imul,2000,0xAA,93,1.403994040,0.000358375,165.240544000,9.667700000,155.572844000,117.693194796,110.807339353
imul,2000,0xAA,94,1.404062690,0.000445846,165.532841000,9.674414000,155.858427000,117.895619740,111.005319137
imul,2000,0xAA,95,1.403979621,0.000340099,165.160527000,9.634313000,155.526214000,117.637410502,110.775264602
imul,2000,0xAA,96,1.404043839,0.000450487,165.924135000,9.589331000,156.334804000,118.175893361,111.346098782
imul,2000,0xAA,97,1.404008228,0.000358905,165.629520000,9.593848000,156.035672000,117.969052247,111.135867221
imul,2000,0xAA,98,1.404046312,0.000256234,165.563480000,9.625159000,155.938321000,117.918816930,111.063516702
imul,2000,0xAA,99,1.404014373,0.000315934,165.265080000,9.595130000,155.669950000,117.708965914,110.874897700
imul,2100,0x00,0,1.337139067,0.000278875,157.661888000,9.207801000,148.454087000,117.909865847,111.023670366
imul,2100,0x00,1,1.337155087,0.000334043,157.759911000,9.187843000,148.572068000,117.981760350,111.110573088
imul,2100,0x00,2,1.337129009,0.000315751,157.488732000,9.178138000,148.310594000,117.781254403,110.917191222
imul,2100,0x00,3,1.337332811,0.000451593,157.970055000,9.188270000,148.781785000,118.123217865,111.252624454
imul,2100,0x00,4,1.337115898,0.000228427,157.419824000,9.155250000,148.264574000,117.730874519,110.883861471
imul,2100,0x00,5,1.337105340,0.000314342,157.439538000,9.156288000,148.283250000,117.746547962,110.898704543
imul,2100,0x00,6,1.337190844,0.000290957,158.119712000,9.180580000,148.939132000,118.247677722,111.382105736
imul,2100,0x00,7,1.337121811,0.000235023,157.826439000,9.202979000,148.623460000,118.034451085,111.151772990
imul,2100,0x00,8,1.337143255,0.000311090,157.983055000,9.191383000,148.791672000,118.149685475,111.275789977
imul,2100,0x00,9,1.337139686,0.000249716,157.676354000,9.195960000,148.480394000,117.920629897,111.043293073
imul,2100,0x00,10,1.337268768,0.000439763,158.060692000,9.212684000,148.848008000,118.196652597,111.307473533
imul,2100,0x00,11,1.337107522,0.000242580,158.056602000,9.168617000,148.887985000,118.207847461,111.350794570
imul,2100,0x00,12,1.337146262,0.000257178,158.274680000,9.189124000,149.085556000,118.367514819,111.495324200
imul,2100,0x00,13,1.337168860,0.000328535,158.156944000,9.176734000,148.980210000,118.277465754,111.414657117
imul,2100,0x00,14,1.337123192,0.000233318,157.495324000,9.168800000,148.326524000,117.786696787,110.929587394
imul,2100,0x00,15,1.337136030,0.000246148,157.555260000,9.175818000,148.379442000,117.830390095,110.968098006
imul,2100,0x00,16,1.337143083,0.000303060,156.912562000,9.192298000,147.720264000,117.349118386,110.474537712
imul,2100,0x00,17,1.337123630,0.000230876,157.025416000,9.148902000,147.876514000,117.435226256,110.593000305
imul,2100,0x00,18,1.337112625,0.000237584,157.926903000,9.195777000,148.731126000,118.110397046,111.233057897
imul,2100,0x00,19,1.337154740,0.000299051,157.702966000,9.186927000,148.516039000,117.939204273,111.068700264
imul,2100,0x00,20,1.337235293,0.000412053,157.586511000,9.170753000,148.415758000,117.845013418,110.987018381
imul,2100,0x00,21,1.337206290,0.000309005,158.204001000,9.148353000,149.055648000,118.309345558,111.467953119
imul,2100,0x00,22,1.337146785,0.000298100,157.896752000,9.196143000,148.700609000,118.084830932,111.207393761
imul,2100,0x00,23,1.337141235,0.000237279,157.396326000,9.190101000,148.206225000,117.711070361,110.838123241
imul,2100,0x00,24,1.337152402,0.000255340,157.810020000,9.192969000,148.617051000,118.019471612,111.144437037
imul,2100,0x00,25,1.337171645,0.000326892,157.964501000,9.188026000,148.776475000,118.133301409,111.262062378
imul,2100,0x00,26,1.337160977,0.000226139,158.194663000,9.181678000,149.012985000,118.306371279,111.439824798
imul,2100,0x00,27,1.337172732,0.000256020,158.399741000,9.205726000,149.194015000,118.458698089,111.574227761
imul,2100,0x00,28,1.337198802,0.000328351,158.072472000,9.192908000,148.879564000,118.211646473,111.336896070
imul,2100,0x00,29,1.337455070,0.001832361,158.828695000,9.243506000,149.585189000,118.754415413,111.843150724
imul,2100,0x00,30,1.337518605,0.000458787,158.130882000,9.210121000,148.920761000,118.227052245,111.341076255
imul,2100,0x00,31,1.337183576,0.000333248,158.237144000,9.210486000,149.026658000,118.336140862,111.448166641
imul,2100,0x00,32,1.337128821,0.000232991,157.886376000,9.214271000,148.672105000,118.078657456,111.187570482
imul,2100,0x00,33,1.337145509,0.000234439,158.119712000,9.168616000,148.951096000,118.251686816,111.394829476
imul,2100,0x00,34,1.337140814,0.000305796,158.294639000,9.183631000,149.111008000,118.382923720,111.514813120
imul,2100,0x00,35,1.337102218,0.000221421,158.389853000,9.189613000,149.200240000,118.457550107,111.584767402
imul,2100,0x00,36,1.337138864,0.000256762,157.895592000,9.194373000,148.701219000,118.084662905,111.208508716
imul,2100,0x00,37,1.337141173,0.000293202,157.698022000,9.211097000,148.486925000,117.936703491,111.048053894
imul,2100,0x00,38,1.337096406,0.000210540,158.342246000,9.196448000,149.145798000,118.422460220,111.544535819
imul,2100,0x00,39,1.337109732,0.000230647,158.245994000,9.189430000,149.056564000,118.349294929,111.476687707
imul,2100,0x00,40,1.337244772,0.000414143,158.305381000,9.200233000,149.105148000,118.381753499,111.501761749
imul,2100,0x00,41,1.337085084,0.000219545,158.287253000,9.169654000,149.117599000,118.382333968,111.524390440
imul,2100,0x00,42,1.337116013,0.000236790,157.943505000,9.182045000,148.761460000,118.122514032,111.255462175
imul,2100,0x00,43,1.337145386,0.000305513,158.223533000,9.194740000,149.028793000,118.329341448,111.452946335
imul,2100,0x00,44,1.337088497,0.000211099,158.034874000,9.167579000,148.867295000,118.193279176,111.336905031
imul,2100,0x00,45,1.337157843,0.000264688,158.352073000,9.175147000,149.176926000,118.424368362,111.562690030
imul,2100,0x00,46,1.337123876,0.000408410,158.400412000,9.189308000,149.211104000,118.463528216,111.591084932
imul,2100,0x00,47,1.337106799,0.000261065,158.065147000,9.177344000,148.887803000,118.214302080,111.350718700
imul,2100,0x00,48,1.337100635,0.000254979,158.370566000,9.171546000,149.199020000,118.443265840,111.583987071
imul,2100,0x00,49,1.337437163,0.001909714,158.874532000,9.272682000,149.601850000,118.790277726,111.857105643
imul,2100,0x00,50,1.337275509,0.000479565,158.476035000,9.210426000,149.265609000,118.506645758,111.619189927
imul,2100,0x00,51,1.337164316,0.000391389,158.501364000,9.184119000,149.317245000,118.535442596,111.667087757
imul,2100,0x00,52,1.337165936,0.000421183,158.282615000,9.199927000,149.082688000,118.371707468,111.491538932
imul,2100,0x00,53,1.337131647,0.000320981,158.741903000,9.191200000,149.550703000,118.718230433,111.844412122
imul,2100,0x00,54,1.337140348,0.000333096,158.349204000,9.170142000,149.179062000,118.423772209,111.565747161
imul,2100,0x00,55,1.337129355,0.000338935,158.164024000,9.178443000,148.985581000,118.286255078,111.421965574
imul,2100,0x00,56,1.337401954,0.000355069,158.360251000,9.213782000,149.146469000,118.408867631,111.519553638
imul,2100,0x00,57,1.337138984,0.000333515,158.422263000,9.190772000,149.231491000,118.478531317,111.605070810
imul,2100,0x00,58,1.337170212,0.000430607,158.183677000,9.194068000,148.989609000,118.297338340,111.421573447
imul,2100,0x00,59,1.337112288,0.000306047,158.267539000,9.207374000,149.060165000,118.365181799,111.479167748
imul,2100,0x00,60,1.337275371,0.000509160,158.635519000,9.196632000,149.438887000,118.625918381,111.748776843
imul,2100,0x00,61,1.337160261,0.000348672,158.398582000,9.201759000,149.196823000,118.458936190,111.577368385
imul,2100,0x00,62,1.337093696,0.000296376,158.461203000,9.173377000,149.287826000,118.511667091,111.650983337
imul,2100,0x00,63,1.337136804,0.000360775,158.690145000,9.195411000,149.494734000,118.679064488,111.802123421
imul,2100,0x00,64,1.337128904,0.000270541,158.266685000,9.180640000,149.086045000,118.363072231,111.497137335
imul,2100,0x00,65,1.337096782,0.000246213,158.625814000,9.194557000,149.431257000,118.634504315,111.757996106
imul,2100,0x00,66,1.337123730,0.000395652,158.822531000,9.173621000,149.648910000,118.779232912,111.918520779
imul,2100,0x00,67,1.337100992,0.000328088,158.518515000,9.165504000,149.353011000,118.553883345,111.699125135
imul,2100,0x00,68,1.337115302,0.000332110,158.504538000,9.197120000,149.307418000,118.542161476,111.663831695
imul,2100,0x00,69,1.337126138,0.000364827,158.645956000,9.194435000,149.451521000,118.646963467,111.770697466
imul,2100,0x00,70,1.337251864,0.000420612,158.595420000,9.212989000,149.382431000,118.598017533,111.708523303
imul,2100,0x00,71,1.337139061,0.000247570,158.392050000,9.188820000,149.203230000,118.455929245,111.583928966
imul,2100,0x00,72,1.337119669,0.000304108,158.917501000,9.217811000,149.699690000,118.850619486,111.956837865
imul,2100,0x00,73,1.337121262,0.000280213,158.459128000,9.185951000,149.273177000,118.507672044,111.637725943
imul,2100,0x00,74,1.337094102,0.000209132,158.073509000,9.202186000,148.871323000,118.221678424,111.339450776
imul,2100,0x00,75,1.337149380,0.000337052,158.667197000,9.205055000,149.462142000,118.660786451,111.776697703
imul,2100,0x00,76,1.337103946,0.000288573,158.642538000,9.207007000,149.435531000,118.646376347,111.760593811
imul,2100,0x00,77,1.337096909,0.000216951,158.443991000,9.205665000,149.238326000,118.498509682,111.613694573
imul,2100,0x00,78,1.337113079,0.000311261,158.625448000,9.195777000,149.429671000,118.632784688,111.755447876
imul,2100,0x00,79,1.337125127,0.000268037,158.477926000,9.197364000,149.280562000,118.521388048,111.642926327
imul,2100,0x00,80,1.337278609,0.000434724,158.096763000,9.212745000,148.884018000,118.222756253,111.333582269
imul,2100,0x00,81,1.337140797,0.000409183,158.600424000,9.222572000,149.377852000,118.611610995,111.714377716
imul,2100,0x00,82,1.337124074,0.000300224,158.239647000,9.188514000,149.051133000,118.343278775,111.471430320
imul,2100,0x00,83,1.337130781,0.000232207,158.458578000,9.214576000,149.244002000,118.506417069,111.615112096
imul,2100,0x00,84,1.337147385,0.000327699,158.467734000,9.190467000,149.277267000,118.511792889,111.638603665
imul,2100,0x00,85,1.337108717,0.000253121,158.496543000,9.193031000,149.303512000,118.536765881,111.661460321
imul,2100,0x00,86,1.337119773,0.000243953,158.289634000,9.222694000,149.066940000,118.381043478,111.483610514
imul,2100,0x00,87,1.337123350,0.000317758,158.576864000,9.200294000,149.376570000,118.595538721,111.714876588
imul,2100,0x00,88,1.337148100,0.000289849,158.197655000,9.189613000,149.008042000,118.309748168,111.437201291
imul,2100,0x00,89,1.337122911,0.000271751,158.232871000,9.207985000,149.024886000,118.338314060,111.451897768
imul,2100,0x00,90,1.337290386,0.000492924,158.749899000,9.218726000,149.531173000,118.710117644,111.816531854
imul,2100,0x00,91,1.337166086,0.000269766,158.575400000,9.210792000,149.364608000,118.590653562,111.702360402
imul,2100,0x00,92,1.337096737,0.000215873,158.439963000,9.194983000,149.244980000,118.495512381,111.618685340
imul,2100,0x00,93,1.337133955,0.000306016,158.727011000,9.184791000,149.542220000,118.706888313,111.837874951
imul,2100,0x00,94,1.337128006,0.000240378,158.384482000,9.179603000,149.204879000,118.451248691,111.586084730
imul,2100,0x00,95,1.337140655,0.000237532,158.296348000,9.202918000,149.093430000,118.384215873,111.501680394
imul,2100,0x00,96,1.337112196,0.000296321,158.566367000,9.204017000,149.362350000,118.588677496,111.705173608
imul,2100,0x00,97,1.337106643,0.000231901,158.125999000,9.177162000,148.948837000,118.259826000,111.396377939
imul,2100,0x00,98,1.337101504,0.000199501,158.094322000,9.194922000,148.899400000,118.236589760,111.359832855
imul,2100,0x00,99,1.337119226,0.000308227,158.467551000,9.200111000,149.267440000,118.514151850,111.633605358
imul,2100,0xAA,0,1.337105056,0.000278855,158.924947000,9.220130000,149.704817000,118.857487109,111.961895805
imul,2100,0xAA,1,1.337224859,0.000425045,158.900777000,9.225745000,149.675032000,118.828763865,111.929591345
imul,2100,0xAA,2,1.337127233,0.000240599,158.930868000,9.212257000,149.718611000,118.859943977,111.970355034
imul,2100,0xAA,3,1.337072898,0.000279508,158.949910000,9.223121000,149.726789000,118.879015675,111.981021546
imul,2100,0xAA,4,1.337102590,0.000242601,158.695394000,9.232520000,149.462874000,118.686026971,111.781156640
imul,2100,0xAA,5,1.337043985,0.000202880,158.907614000,9.221046000,149.686568000,118.849952416,111.953361053
imul,2100,0xAA,6,1.337109285,0.000294055,158.837850000,9.212745000,149.625105000,118.791972971,111.901926580
imul,2100,0xAA,7,1.337125374,0.000230720,158.705953000,9.217932000,149.488021000,118.691901321,111.798058623
imul,2100,0xAA,8,1.337100531,0.000211056,158.789389000,9.220496000,149.568893000,118.756507293,111.860618926
imul,2100,0xAA,9,1.337243865,0.000622046,158.542380000,9.209510000,149.332870000,118.559063278,111.672129457
imul,2100,0xAA,10,1.337279677,0.000476258,158.800558000,9.210853000,149.589705000,118.748950333,111.861196667
imul,2100,0xAA,11,1.337170228,0.000325878,158.830160000,9.188575000,149.641585000,118.780807952,111.909151067
imul,2100,0xAA,12,1.337157173,0.000677798,158.939107000,9.160072000,149.779035000,118.863444198,112.013036343
imul,2100,0xAA,13,1.337368065,0.000324900,158.874593000,9.199623000,149.674970000,118.796460840,111.917559482
imul,2100,0xAA,14,1.337147370,0.000309317,158.928854000,9.202308000,149.726546000,118.856647781,111.974603060
imul,2100,0xAA,15,1.337115779,0.000221144,158.852498000,9.188453000,149.664045000,118.802350928,111.930505464
imul,2100,0xAA,16,1.337107062,0.000225244,158.590781000,9.194923000,149.395858000,118.607391623,111.730662558
imul,2100,0xAA,17,1.337144918,0.000299114,158.723044000,9.225990000,149.497054000,118.702948231,111.803180020
imul,2100,0xAA,18,1.337081893,0.000207162,158.703268000,9.236549000,149.466719000,118.693753042,111.785762552
imul,2100,0xAA,19,1.337169909,0.000257450,158.066551000,9.233191000,148.833360000,118.209772668,111.304748157
imul,2100,0xAA,20,1.337262177,0.000421252,158.980062000,9.245337000,149.734725000,118.884736831,111.971106013
imul,2100,0xAA,21,1.337103376,0.000240321,158.800252000,9.230445000,149.569807000,118.764378953,111.861064543
imul,2100,0xAA,22,1.337107322,0.000226958,158.667746000,9.241005000,149.426741000,118.664929467,111.753737784
imul,2100,0xAA,23,1.337122662,0.000286262,158.710226000,9.233802000,149.476424000,118.695337769,111.789612316
imul,2100,0xAA,24,1.337088494,0.000210428,158.430076000,9.202064000,149.228012000,118.488848540,111.606683266
imul,2100,0xAA,25,1.337111338,0.000220215,158.298789000,9.199684000,149.099105000,118.388637135,111.508369398
imul,2100,0xAA,26,1.337167509,0.000298620,158.368674000,9.196083000,149.172591000,118.435927409,111.558641699
imul,2100,0xAA,27,1.337109802,0.000211241,158.268393000,9.188759000,149.079634000,118.366040521,111.493935488
imul,2100,0xAA,28,1.337109285,0.000216553,158.264182000,9.192359000,149.071823000,118.362936982,111.488136915
imul,2100,0xAA,29,1.337126947,0.000365091,158.552694000,9.211402000,149.341292000,118.577143608,111.688192622
imul,2100,0xAA,30,1.337225126,0.000375514,158.422446000,9.213721000,149.208725000,118.471035997,111.580856607
imul,2100,0xAA,31,1.337144983,0.000260600,158.395896000,9.222633000,149.173263000,118.458280878,111.561023575
imul,2100,0xAA,32,1.337186416,0.000337048,158.226280000,9.228614000,148.997666000,118.327764998,111.426248584
imul,2100,0xAA,33,1.337131213,0.000246515,158.554403000,9.217811000,149.336592000,118.578043427,111.684321320
imul,2100,0xAA,34,1.337179404,0.000292658,158.542746000,9.194312000,149.348434000,118.565052361,111.689152257
imul,2100,0xAA,35,1.337139154,0.000326824,158.688985000,9.215675000,149.473310000,118.677988429,111.785904703
imul,2100,0xAA,36,1.337121714,0.000246168,158.470359000,9.202613000,149.267746000,118.516031369,111.633626496
imul,2100,0xAA,37,1.337113069,0.000234807,158.146446000,9.200049000,148.946397000,118.274549603,111.394017796
imul,2100,0xAA,38,1.337125809,0.000317020,158.362388000,9.207557000,149.154831000,118.434919874,111.548838594
imul,2100,0xAA,39,1.337384648,0.000312430,158.326743000,9.204383000,149.122360000,118.385345040,111.502969790
imul,2100,0xAA,40,1.337264226,0.000493648,158.260459000,9.201392000,149.059067000,118.346438923,111.465680563
imul,2100,0xAA,41,1.337163049,0.000314836,158.052940000,9.216407000,148.836533000,118.200200153,111.307692162
imul,2100,0xAA,42,1.337063164,0.000204433,158.127159000,9.216590000,148.910569000,118.264539177,111.371379418
imul,2100,0xAA,43,1.337069408,0.000217058,158.215721000,9.199500000,149.016221000,118.330222798,111.449876915
imul,2100,0xAA,44,1.337127701,0.000285079,158.349814000,9.190589000,149.159225000,118.425348487,111.551966841
imul,2100,0xAA,45,1.337115015,0.000213154,158.321677000,9.189124000,149.132553000,118.405428979,111.533077765
imul,2100,0xAA,46,1.337126801,0.000237855,158.284934000,9.167945000,149.116989000,118.376906237,111.520454785
imul,2100,0xAA,47,1.337139810,0.000312670,158.572593000,9.208961000,149.363632000,118.590884692,111.703825514
imul,2100,0xAA,48,1.337103096,0.000214871,158.487814000,9.207069000,149.280745000,118.530735933,111.644902652
imul,2100,0xAA,49,1.337162981,0.000245133,158.233420000,9.205176000,149.028244000,118.335178448,111.451069234
imul,2100,0xAA,50,1.337257701,0.000421367,158.400108000,9.191505000,149.208603000,118.451445720,111.578047277
imul,2100,0xAA,51,1.337099201,0.000212384,158.230064000,9.191077000,149.038987000,118.338313211,111.464420088
imul,2100,0xAA,52,1.337100536,0.000232413,157.870995000,9.182654000,148.688341000,118.069652044,111.202065236
imul,2100,0xAA,53,1.337091306,0.000285681,158.385825000,9.197669000,149.188156000,118.455504320,111.576640508
imul,2100,0xAA,54,1.337108863,0.000212910,158.647543000,9.201088000,149.446455000,118.649683195,111.768352695
imul,2100,0xAA,55,1.337116935,0.000228424,158.162131000,9.148963000,149.013168000,118.285938121,111.443632289
imul,2100,0xAA,56,1.337147642,0.000308083,158.426230000,9.193641000,149.232589000,118.480730916,111.605169303
imul,2100,0xAA,57,1.337089219,0.000202693,158.642966000,9.171852000,149.471114000,118.648003243,111.788437053
imul,2100,0xAA,58,1.337100916,0.000219509,158.319297000,9.184485000,149.134812000,118.404897605,111.535943368
imul,2100,0xAA,59,1.337120335,0.000289151,158.526877000,9.188392000,149.338485000,118.558422025,111.686645597
imul,2100,0xAA,60,1.337234276,0.000407955,158.300315000,9.158912000,149.141403000,118.378894275,111.529748868
imul,2100,0xAA,61,1.337127868,0.000236967,157.813011000,9.175270000,148.637741000,118.023874030,111.161949884
imul,2100,0xAA,62,1.337122278,0.000284783,158.245079000,9.183937000,149.061142000,118.347500134,111.479065474
imul,2100,0xAA,63,1.337091928,0.000219863,158.513144000,9.170936000,149.342208000,118.550670037,111.691802815
imul,2100,0xAA,64,1.337162696,0.000315838,158.348959000,9.165931000,149.183028000,118.421609740,111.566848518
imul,2100,0xAA,65,1.337096640,0.000223642,158.630576000,9.171363000,149.459213000,118.638078416,111.778916013
imul,2100,0xAA,66,1.337093607,0.000205445,158.273887000,9.143165000,149.130722000,118.371583093,111.533494157
imul,2100,0xAA,67,1.337126982,0.000281781,158.250999000,9.183326000,149.067673000,118.351511173,111.483557627
imul,2100,0xAA,68,1.337091614,0.000217240,158.558859000,9.199500000,149.359359000,118.584887779,111.704656160
imul,2100,0xAA,69,1.337116733,0.000211619,158.536094000,9.174354000,149.361740000,118.565634616,111.704338386
imul,2100,0xAA,70,1.337250267,0.000429253,157.916221000,9.211952000,148.704269000,118.090251975,111.201524990
imul,2100,0xAA,71,1.337147785,0.000265728,158.121055000,9.190284000,148.930771000,118.252489989,111.379439675
imul,2100,0xAA,72,1.337102022,0.000208731,158.405478000,9.190406000,149.215072000,118.469253233,111.595876444
imul,2100,0xAA,73,1.337142509,0.000298006,157.776085000,9.172340000,148.603745000,117.994966088,111.135308319
imul,2100,0xAA,74,1.337090635,0.000226672,158.384543000,9.193336000,149.191207000,118.454604948,111.578978303
imul,2100,0xAA,75,1.337092201,0.000197108,158.510458000,9.177833000,149.332625000,118.548637046,111.684613013
imul,2100,0xAA,76,1.337119291,0.000279409,158.305442000,9.199134000,149.106308000,118.392908589,111.513093107
imul,2100,0xAA,77,1.337104249,0.000238678,158.665060000,9.161049000,149.504011000,118.663193345,111.811783660
imul,2100,0xAA,78,1.337117978,0.000225315,158.493430000,9.160865000,149.332565000,118.533616753,111.682415028
imul,2100,0xAA,79,1.337107658,0.000285432,158.602927000,9.188820000,149.414107000,118.616422599,111.744260925
imul,2100,0xAA,80,1.337227480,0.000378079,158.479147000,9.176429000,149.302718000,118.513229362,111.650949653
imul,2100,0xAA,81,1.337101976,0.000233479,158.140769000,9.196327000,148.944442000,118.271285054,111.393479799
imul,2100,0xAA,82,1.337078789,0.000279103,157.826317000,9.171668000,148.654649000,118.038157719,111.178675635
imul,2100,0xAA,83,1.337091405,0.000216263,158.191429000,9.163673000,149.027756000,118.310108328,111.456670363
imul,2100,0xAA,84,1.337129545,0.000208934,158.563010000,9.176429000,149.386581000,118.584628263,111.721845943
imul,2100,0xAA,85,1.337148550,0.000306975,157.951500000,9.182166000,148.769334000,118.125618893,111.258643641
imul,2100,0xAA,86,1.337165441,0.000271088,158.114647000,9.176429000,148.938218000,118.246136262,111.383538175
imul,2100,0xAA,87,1.337137302,0.000222305,158.355979000,9.210608000,149.145371000,118.429108808,111.540804976
imul,2100,0xAA,88,1.337157571,0.000309447,158.304405000,9.188331000,149.116074000,118.388743733,111.517204283
imul,2100,0xAA,89,1.337120756,0.000241553,158.655355000,9.170448000,149.484907000,118.654470239,111.796115857
imul,2100,0xAA,90,1.337264586,0.000379491,158.339927000,9.188026000,149.151901000,118.405832787,111.535071313
imul,2100,0xAA,91,1.337189492,0.000319413,158.105369000,9.199379000,148.905990000,118.237071102,111.357433580
imul,2100,0xAA,92,1.337147722,0.000247183,158.311118000,9.190468000,149.120650000,118.394636153,111.521447911
imul,2100,0xAA,93,1.337167624,0.000258523,158.519369000,9.199866000,149.319503000,118.548614369,111.668500137
imul,2100,0xAA,94,1.337152567,0.000307406,157.884728000,9.197304000,148.687424000,118.075328080,111.197052385
imul,2100,0xAA,95,1.337127011,0.000238049,158.824483000,9.153602000,149.670881000,118.780401365,111.934677715
imul,2100,0xAA,96,1.337112238,0.000220424,158.199912000,9.193214000,149.006698000,118.314609250,111.439184931
imul,2100,0xAA,97,1.337131381,0.000301373,158.094017000,9.211951000,148.882066000,118.233719794,111.344381071
imul,2100,0xAA,98,1.337355475,0.001438033,159.077413000,9.217078000,149.860335000,118.949236780,112.057218782
imul,2100,0xAA,99,1.337108711,0.000216039,158.460715000,9.205421000,149.255294000,118.509971357,111.625399500
imul,2300,0x00,0,1.220875847,0.000308912,145.519280000,8.375711000,137.143569000,119.192529161,112.332117416
imul,2300,0x00,1,1.220833415,0.000253479,145.580316000,8.396890000,137.183426000,119.246667207,112.368669034
imul,2300,0x00,2,1.220822620,0.000276348,145.523309000,8.407510000,137.115799000,119.201026070,112.314268027
imul,2300,0x00,3,1.220958575,0.000491059,145.787408000,8.403970000,137.383438000,119.404057552,112.520965717
imul,2300,0x00,4,1.220865080,0.000236866,145.586968000,8.404886000,137.182082000,119.249022954,112.364653719
imul,2300,0x00,5,1.220920738,0.000347271,145.758355000,8.392007000,137.366348000,119.383962043,112.510455237
imul,2300,0x00,6,1.220815990,0.000224846,145.424188000,8.341287000,137.082901000,119.120481010,112.287930432
imul,2300,0x00,7,1.220835034,0.000220445,145.285578000,8.348246000,136.937332000,119.005085780,112.166941589
imul,2300,0x00,8,1.220847908,0.000235599,145.412409000,8.385964000,137.026445000,119.107718507,112.238751502
imul,2300,0x00,9,1.220870638,0.000313618,145.104853000,8.377725000,136.727128000,118.853585743,111.991495083
imul,2300,0x00,10,1.220907173,0.000347283,145.486016000,8.382791000,137.103225000,119.162225643,112.296190954
imul,2300,0x00,11,1.220847745,0.000251993,145.594049000,8.349710000,137.244339000,119.256516278,112.417244114
imul,2300,0x00,12,1.220824828,0.000220686,145.480707000,8.378763000,137.101944000,119.165914472,112.302716075
imul,2300,0x00,13,1.220847007,0.000233512,145.496881000,8.369729000,137.127152000,119.176997703,112.321323774
imul,2300,0x00,14,1.220855989,0.000308326,145.494196000,8.396524000,137.097672000,119.173921646,112.296350439
imul,2300,0x00,15,1.220824966,0.000219718,145.339898000,8.408669000,136.931229000,119.050561701,112.162867534
imul,2300,0x00,16,1.220838042,0.000236118,145.334467000,8.389139000,136.945328000,119.044838089,112.173214897
imul,2300,0x00,17,1.220851128,0.000233722,145.355829000,8.401406000,136.954423000,119.061059626,112.179462186
imul,2300,0x00,18,1.220858636,0.000308633,145.524957000,8.418619000,137.106338000,119.198859493,112.303205276
imul,2300,0x00,19,1.220866262,0.000263389,145.404291000,8.403421000,137.000870000,119.099278542,112.216115937
imul,2300,0x00,20,1.220942136,0.000366433,145.400263000,8.370523000,137.029740000,119.088578191,112.232788097
imul,2300,0x00,21,1.220836928,0.000252925,145.398370000,8.398416000,136.999954000,119.097290320,112.218061972
imul,2300,0x00,22,1.220822077,0.000225804,145.190424000,8.391092000,136.799332000,118.928406312,112.055093519
imul,2300,0x00,23,1.220842700,0.000388520,145.286249000,8.348489000,136.937760000,119.004888181,112.166587882
imul,2300,0x00,24,1.220834500,0.000301627,145.271784000,8.382913000,136.888871000,118.993839012,112.127295678
imul,2300,0x00,25,1.220796751,0.000267722,145.228205000,8.376687000,136.851518000,118.961821370,112.100165657
imul,2300,0x00,26,1.220832270,0.000298745,145.322382000,8.364602000,136.957780000,119.035501932,112.183944836
imul,2300,0x00,27,1.220889681,0.000396441,145.283197000,8.402933000,136.880264000,118.997808992,112.115178125
imul,2300,0x00,28,1.220792999,0.000221281,145.455987000,8.403787000,137.052200000,119.148772283,112.264896794
imul,2300,0x00,29,1.220804280,0.000244387,145.311395000,8.383402000,136.927993000,119.029231301,112.162117433
imul,2300,0x00,30,1.220934033,0.000365236,145.511835000,8.364846000,137.146989000,119.180751004,112.329565131
imul,2300,0x00,31,1.220815290,0.000249517,145.584771000,8.402323000,137.182448000,119.252086885,112.369536289
imul,2300,0x00,32,1.220828588,0.000303273,145.382623000,8.386209000,136.996414000,119.085205304,112.215928908
imul,2300,0x00,33,1.220797851,0.000216615,145.243036000,8.347757000,136.895279000,118.973862774,112.135910862
imul,2300,0x00,34,1.220846926,0.000237624,145.400995000,8.417459000,136.983536000,119.098465142,112.203694942
imul,2300,0x00,35,1.220839772,0.000233353,145.447992000,8.381876000,137.066116000,119.137658596,112.271994330
imul,2300,0x00,36,1.220836008,0.000302011,145.343378000,8.387064000,136.956314000,119.052335526,112.182400541
imul,2300,0x00,37,1.220818087,0.000231763,145.445794000,8.339823000,137.105971000,119.137974428,112.306634779
imul,2300,0x00,38,1.221001274,0.000307813,145.483392000,8.399698000,137.083694000,119.150892914,112.271540549
imul,2300,0x00,39,1.220796957,0.000224788,145.399224000,8.357156000,137.042068000,119.101889306,112.256233316
imul,2300,0x00,40,1.220934665,0.000359221,145.683160000,8.346536000,137.336624000,119.321012139,112.484826519
imul,2300,0x00,41,1.220833955,0.000309524,145.738274000,8.355936000,137.382338000,119.375999868,112.531550655
imul,2300,0x00,42,1.220822613,0.000229652,145.541559000,8.344949000,137.196610000,119.215975767,112.380462635
imul,2300,0x00,43,1.220812022,0.000220634,145.349237000,8.330362000,137.018875000,119.059473818,112.235849994
imul,2300,0x00,44,1.220867671,0.000266420,145.484857000,8.358927000,137.125930000,119.165131882,112.318421792
imul,2300,0x00,45,1.220839650,0.000312359,145.442316000,8.352395000,137.089921000,119.133021292,112.291504471
imul,2300,0x00,46,1.220810830,0.000221898,145.461358000,8.243692000,137.217666000,119.151431512,112.398794824
imul,2300,0x00,47,1.220823686,0.000234329,145.484735000,8.270486000,137.214249000,119.169325296,112.394812241
imul,2300,0x00,48,1.220801859,0.000209279,145.473688000,8.273966000,137.199722000,119.162406999,112.384922235
imul,2300,0x00,49,1.220832811,0.000243220,145.410273000,8.263345000,137.146928000,119.107441859,112.338828721
imul,2300,0x00,50,1.220975673,0.000413487,145.652948000,8.147928000,137.505020000,119.292260475,112.618967811
imul,2300,0x00,51,1.220852337,0.000238206,145.622186000,8.273966000,137.348220000,119.279114734,112.501910196
imul,2300,0x00,52,1.220864801,0.000254170,145.476251000,8.363504000,137.112747000,119.158362920,112.307887753
imul,2300,0x00,53,1.220827344,0.000208146,145.242915000,8.315592000,136.927323000,118.970889487,112.159449653
imul,2300,0x00,54,1.220857543,0.000360068,145.673882000,8.368265000,137.305617000,119.320950148,112.466534537
imul,2300,0x00,55,1.220820544,0.000237617,145.380548000,8.345987000,137.034561000,119.084290236,112.247915274
imul,2300,0x00,56,1.220800590,0.000218940,145.367975000,8.338723000,137.029252000,119.075937683,112.245401176
imul,2300,0x00,57,1.220814441,0.000262542,145.332453000,8.314188000,137.018265000,119.045489683,112.235127913
imul,2300,0x00,58,1.220838481,0.000204013,145.181330000,8.323465000,136.857865000,118.919359276,112.101532737
imul,2300,0x00,59,1.220807773,0.000279594,145.412714000,8.330728000,137.081986000,119.111884083,112.287936708
imul,2300,0x00,60,1.220956010,0.000407242,145.844170000,8.263284000,137.580886000,119.450798256,112.682918059
imul,2300,0x00,61,1.220805448,0.000212018,145.290521000,8.348184000,136.942337000,119.012018893,112.173759762
imul,2300,0x00,62,1.220812831,0.000211817,145.315973000,8.341104000,136.974869000,119.032147539,112.199729179
imul,2300,0x00,63,1.220847213,0.000319661,145.363764000,8.272806000,137.090958000,119.067941066,112.291658242
imul,2300,0x00,64,1.220792044,0.000267838,145.313592000,8.272318000,137.041274000,119.032223972,112.256034660
imul,2300,0x00,65,1.220797923,0.000271828,145.312922000,8.343912000,136.969010000,119.031101895,112.196299967
imul,2300,0x00,66,1.221067520,0.000336346,145.422907000,8.371439000,137.051468000,119.094894152,112.239057873
imul,2300,0x00,67,1.220799953,0.000287572,145.480463000,8.320474000,137.159989000,119.168142711,112.352551033
imul,2300,0x00,68,1.220832293,0.000352011,145.361017000,8.346841000,137.014176000,119.067146087,112.230137395
imul,2300,0x00,69,1.220804292,0.000202089,145.296320000,8.369181000,136.927139000,119.016881718,112.161416795
imul,2300,0x00,70,1.220929207,0.000381441,145.543756000,8.293680000,137.250076000,119.207366930,112.414442368
imul,2300,0x00,71,1.220839185,0.000242116,145.356866000,8.350747000,137.006119000,119.063073846,112.222904310
imul,2300,0x00,72,1.220802622,0.000292163,145.362176000,8.379373000,136.982803000,119.070989379,112.207166472
imul,2300,0x00,73,1.220798061,0.000222012,145.399103000,8.336099000,137.063004000,119.101682407,112.273281165
imul,2300,0x00,74,1.220783614,0.000200810,145.204524000,8.328714000,136.875810000,118.943703291,112.121270632
imul,2300,0x00,75,1.220819069,0.000225542,145.310968000,8.361733000,136.949235000,119.027439619,112.178158498
imul,2300,0x00,76,1.220828076,0.000229933,145.331232000,8.337198000,136.994034000,119.043160017,112.214026444
imul,2300,0x00,77,1.220835059,0.000305639,145.550591000,8.344400000,137.206191000,119.222158622,112.387164868
imul,2300,0x00,78,1.220796061,0.000248366,145.523004000,8.357034000,137.165970000,119.203369560,112.357808481
imul,2300,0x00,79,1.220805959,0.000274274,145.430353000,8.373026000,137.057327000,119.126509730,112.267904613
imul,2300,0x00,80,1.220941659,0.000384279,145.814507000,8.354470000,137.460037000,119.427907030,112.585262310
imul,2300,0x00,81,1.220869336,0.000358939,145.494073000,8.365030000,137.129043000,119.172518069,112.320818420
imul,2300,0x00,82,1.220792339,0.000206755,145.375604000,8.349833000,137.025771000,119.082991757,112.243308434
imul,2300,0x00,83,1.220826632,0.000252282,145.461847000,8.377175000,137.084672000,119.150289770,112.288402277
imul,2300,0x00,84,1.220821066,0.000282078,145.276422000,8.340799000,136.935623000,118.998947535,112.166825096
imul,2300,0x00,85,1.220805085,0.000254731,145.346734000,8.366739000,136.979995000,119.058100093,112.204639944
imul,2300,0x00,86,1.220827274,0.000346109,145.493585000,8.380594000,137.112991000,119.176224304,112.311539855
imul,2300,0x00,87,1.220804396,0.000268104,145.737725000,8.317972000,137.419753000,119.378440503,112.564923100
imul,2300,0x00,88,1.220803316,0.000283504,145.626275000,8.343057000,137.283218000,119.287253804,112.453182426
imul,2300,0x00,89,1.220792218,0.000267567,145.517511000,8.388284000,137.129227000,119.199245294,112.328064532
imul,2300,0x00,90,1.220955361,0.000468058,145.750481000,8.362161000,137.388320000,119.374127511,112.525260415
imul,2300,0x00,91,1.220860265,0.000258835,145.647271000,8.330912000,137.316359000,119.298887163,112.475082475
imul,2300,0x00,92,1.220789113,0.000193620,145.249445000,8.307169000,136.942276000,118.979964260,112.175210750
imul,2300,0x00,93,1.220856265,0.000257182,145.351801000,8.310221000,137.041580000,119.057259328,112.250380226
imul,2300,0x00,94,1.220800265,0.000213406,145.432550000,8.320962000,137.111588000,119.128865053,112.312875378
imul,2300,0x00,95,1.220810113,0.000289383,145.400689000,8.363748000,137.036941000,119.101805802,112.250823892
imul,2300,0x00,96,1.220808126,0.000222557,145.391534000,8.322611000,137.068923000,119.094500530,112.277204000
imul,2300,0x00,97,1.220781272,0.000255569,145.456476000,8.336344000,137.120132000,119.150317403,112.321621556
imul,2300,0x00,98,1.220802632,0.000278466,145.455743000,8.367227000,137.088516000,119.147632257,112.293758597
imul,2300,0x00,99,1.220830899,0.000362265,145.477838000,8.342569000,137.135269000,119.162971805,112.329454561
imul,2300,0xAA,0,1.220765494,0.000185057,148.876022000,8.357096000,140.518926000,121.953006280,115.107223008
imul,2300,0xAA,1,1.220779166,0.000208731,149.035324000,8.377114000,140.658210000,122.082132627,115.220028296
imul,2300,0xAA,2,1.220902469,0.000443729,149.029465000,8.374429000,140.655036000,122.065004177,115.205792068
imul,2300,0xAA,3,1.220831031,0.000268672,149.220383000,8.376504000,140.843879000,122.228530604,115.367217458
imul,2300,0xAA,4,1.220775409,0.000195704,149.202254000,8.323893000,140.878361000,122.219249275,115.400719888
imul,2300,0xAA,5,1.220775638,0.000180980,149.341048000,8.343180000,140.997868000,122.332919572,115.498592496
imul,2300,0xAA,6,1.220806388,0.000190949,149.321212000,8.362954000,140.958258000,122.313590023,115.463237597
imul,2300,0xAA,7,1.220804156,0.000264683,148.958054000,8.315652000,140.642402000,122.016339247,115.204720887
imul,2300,0xAA,8,1.220793386,0.000186174,148.788560000,8.349466000,140.439094000,121.878576426,115.039199595
imul,2300,0xAA,9,1.220828832,0.000205665,149.292953000,8.383646000,140.909307000,122.288193964,115.421018337
imul,2300,0xAA,10,1.220905449,0.000370022,149.394881000,8.317178000,141.077703000,122.364005477,115.551702354
imul,2300,0xAA,11,1.220837403,0.000237553,149.328841000,8.358255000,140.970586000,122.316731680,115.470402282
imul,2300,0xAA,12,1.220806821,0.000268024,149.077866000,8.383828000,140.694038000,122.114214451,115.246765931
imul,2300,0xAA,13,1.220762546,0.000185573,149.315291000,8.380838000,140.934453000,122.313132424,115.447884122
imul,2300,0xAA,14,1.220763273,0.000192124,149.052536000,8.315103000,140.737433000,122.097821343,115.286424584
imul,2300,0xAA,15,1.220760331,0.000177627,149.266342000,8.312601000,140.953741000,122.273257231,115.463893601
imul,2300,0xAA,16,1.220761505,0.000264305,149.728620000,8.319681000,141.408939000,122.651819686,115.836662946
imul,2300,0xAA,17,1.220772448,0.000191770,149.362472000,8.214212000,141.148260000,122.350788870,115.622088517
imul,2300,0xAA,18,1.220771830,0.000176223,149.122482000,8.229288000,140.893194000,122.154262008,115.413208687
imul,2300,0xAA,19,1.220805224,0.000218387,149.342818000,8.217326000,141.125492000,122.331404775,115.600334299
imul,2300,0xAA,20,1.220871367,0.000376353,149.391280000,8.223917000,141.167363000,122.364471802,115.628367393
imul,2300,0xAA,21,1.220829401,0.000286644,149.264755000,8.248941000,141.015814000,122.265039506,115.508206004
imul,2300,0xAA,22,1.220757390,0.000201401,149.194686000,8.241068000,140.953618000,122.214853892,115.464071083
imul,2300,0xAA,23,1.220752864,0.000180041,149.407699000,8.321145000,141.086554000,122.389800092,115.573395851
imul,2300,0xAA,24,1.220774124,0.000198921,149.406173000,8.308756000,141.097417000,122.386418675,115.580281619
imul,2300,0xAA,25,1.220788683,0.000263629,149.267562000,8.372171000,140.895391000,122.271416909,115.413415097
imul,2300,0xAA,26,1.220755403,0.000184520,149.203781000,8.321329000,140.882452000,122.222503092,115.405962300
imul,2300,0xAA,27,1.220797352,0.000215877,149.194504000,8.174967000,141.019537000,122.210704151,115.514288085
imul,2300,0xAA,28,1.220749888,0.000178654,149.088303000,8.236002000,140.852301000,122.128459279,115.381784895
imul,2300,0xAA,29,1.220987017,0.000315372,149.393905000,8.302469000,141.091436000,122.355031568,115.555230354
imul,2300,0xAA,30,1.220900855,0.000440533,149.382002000,8.331033000,141.050969000,122.353917064,115.530240135
imul,2300,0xAA,31,1.220848288,0.000287609,149.378402000,8.276835000,141.101567000,122.356236588,115.576659569
imul,2300,0xAA,32,1.220808090,0.000216787,148.859727000,8.249064000,140.610663000,121.935403437,115.178351231
imul,2300,0xAA,33,1.220772645,0.000185274,149.019271000,8.306863000,140.712408000,122.069634860,115.265040216
imul,2300,0xAA,34,1.220756185,0.000261237,149.302291000,8.359171000,140.943120000,122.303120643,115.455585401
imul,2300,0xAA,35,1.220784813,0.000221836,149.151474000,8.362161000,140.789313000,122.176711534,115.326887628
imul,2300,0xAA,36,1.220752060,0.000181118,149.012619000,8.344034000,140.668585000,122.066244130,115.231085483
imul,2300,0xAA,37,1.220743366,0.000193424,149.240157000,8.328958000,140.911199000,122.253506465,115.430648990
imul,2300,0xAA,38,1.220765299,0.000181859,149.248702000,8.346719000,140.901983000,122.258309657,115.421025697
imul,2300,0xAA,39,1.220793976,0.000275097,149.337630000,8.326761000,141.010869000,122.328282207,115.507507233
imul,2300,0xAA,40,1.220874021,0.000386014,149.311385000,8.294473000,141.016912000,122.298765009,115.504883857
imul,2300,0xAA,41,1.220792622,0.000209845,149.336959000,8.281656000,141.055303000,122.327868198,115.544032968
imul,2300,0xAA,42,1.220783535,0.000196266,149.504683000,8.304483000,141.200200000,122.466169277,115.663584900
imul,2300,0xAA,43,1.220791989,0.000281828,149.314132000,8.302530000,141.011602000,122.309233185,115.508295697
imul,2300,0xAA,44,1.220785613,0.000195634,149.262863000,8.287699000,140.975164000,122.267875205,115.479050934
imul,2300,0xAA,45,1.220804209,0.000207594,149.209090000,8.313455000,140.895635000,122.221965584,115.412147155
imul,2300,0xAA,46,1.220865426,0.000257673,149.447982000,8.243387000,141.204595000,122.411511418,115.659426523
imul,2300,0xAA,47,1.220818202,0.000222296,149.294357000,8.273539000,141.020818000,122.290408773,115.513364506
imul,2300,0xAA,48,1.220834012,0.000293116,149.089035000,8.320047000,140.768988000,122.120643372,115.305591597
imul,2300,0xAA,49,1.220797411,0.000236705,149.521224000,8.361917000,141.159307000,122.478326608,115.628773253
imul,2300,0xAA,50,1.220979108,0.000403353,149.598677000,8.355630000,141.243047000,122.523535421,115.680150514
imul,2300,0xAA,51,1.220870268,0.000296071,149.405623000,8.260294000,141.145329000,122.376330200,115.610423765
imul,2300,0xAA,52,1.220828911,0.000375596,149.471175000,8.347452000,141.123723000,122.434170456,115.596642344
imul,2300,0xAA,53,1.220791452,0.000292757,149.397628000,8.340433000,141.057195000,122.377681910,115.545693542
imul,2300,0xAA,54,1.220788573,0.000270741,149.090804000,8.318399000,140.772405000,122.126637901,115.312682410
imul,2300,0xAA,55,1.220787361,0.000292716,149.303084000,8.327676000,140.975408000,122.300646911,115.479085462
imul,2300,0xAA,56,1.220807431,0.000218084,149.216354000,8.362833000,140.853521000,122.227593161,115.377345704
imul,2300,0xAA,57,1.220816725,0.000311481,149.271407000,8.372415000,140.898992000,122.271757918,115.413713764
imul,2300,0xAA,58,1.221070812,0.000361058,149.535261000,8.390298000,141.144963000,122.462399051,115.591136614
imul,2300,0xAA,59,1.220813166,0.000223785,149.270980000,8.366983000,140.903997000,122.271764588,115.418149936
imul,2300,0xAA,60,1.220961527,0.000364603,149.313277000,8.337320000,140.975957000,122.291549493,115.463062423
imul,2300,0xAA,61,1.220901561,0.000290583,149.561080000,8.367716000,141.193364000,122.500523158,115.646804346
imul,2300,0xAA,62,1.220800460,0.000201759,149.505538000,8.366983000,141.138555000,122.465171766,115.611485783
imul,2300,0xAA,63,1.220808325,0.000217491,149.015548000,8.372781000,140.642767000,122.063017579,115.204626437
imul,2300,0xAA,64,1.220797560,0.000195529,149.352157000,8.337015000,141.015142000,122.339822708,115.510668329
imul,2300,0xAA,65,1.220817132,0.000225730,149.645003000,8.364420000,141.280583000,122.577738417,115.726245442
imul,2300,0xAA,66,1.220834417,0.000300743,149.352279000,8.373087000,140.979192000,122.336229199,115.477733988
imul,2300,0xAA,67,1.220790005,0.000201499,149.322372000,8.371865000,140.950507000,122.316181647,115.458437919
imul,2300,0xAA,68,1.220850607,0.000259657,149.705549000,8.376505000,141.329044000,122.623970621,115.762766678
imul,2300,0xAA,69,1.220796727,0.000236190,149.508406000,8.414407000,141.093999000,122.467895534,115.575341831
imul,2300,0xAA,70,1.221017223,0.000533069,149.611677000,8.406961000,141.204716000,122.530357574,115.645146753
imul,2300,0xAA,71,1.220880686,0.000316545,149.654951000,8.371927000,141.283024000,122.579505718,115.722220565
imul,2300,0xAA,72,1.220871298,0.000353927,149.513900000,8.386209000,141.127691000,122.464915242,115.595879156
imul,2300,0xAA,73,1.220878233,0.000354661,149.402571000,8.419228000,140.983343000,122.373031931,115.476989581
imul,2300,0xAA,74,1.220886022,0.000288213,149.697920000,8.355752000,141.342168000,122.614164883,115.770158276
imul,2300,0xAA,75,1.220838302,0.000365053,149.629805000,8.409830000,141.219975000,122.563164029,115.674594110
imul,2300,0xAA,76,1.220850785,0.000314870,149.360275000,8.393045000,140.967230000,122.341138542,115.466387667
imul,2300,0xAA,77,1.220801753,0.000264789,149.492659000,8.405435000,141.087224000,122.454492380,115.569316325
imul,2300,0xAA,78,1.220804848,0.000283645,149.652205000,8.354104000,141.298101000,122.584871164,115.741759414
imul,2300,0xAA,79,1.220839733,0.000303313,149.617781000,8.400979000,141.216802000,122.553171348,115.671859434
imul,2300,0xAA,80,1.221532114,0.003243765,150.991251000,8.472878000,142.518373000,123.608089624,116.671818441
imul,2300,0xAA,81,1.220879376,0.000262211,149.479415000,8.326395000,141.153020000,122.435858885,115.615860805
imul,2300,0xAA,82,1.220841872,0.000290588,149.277694000,8.343301000,140.934393000,122.274389072,115.440333660
imul,2300,0xAA,83,1.220864729,0.000307326,149.563338000,8.393350000,141.169988000,122.506068409,115.631146232
imul,2300,0xAA,84,1.220906553,0.000369348,149.340804000,8.365152000,140.975652000,122.319602322,115.468011607
imul,2300,0xAA,85,1.220843902,0.000313425,149.554792000,8.395181000,141.159611000,122.501158173,115.624618934
imul,2300,0xAA,86,1.220871322,0.000403448,149.448104000,8.348368000,141.099736000,122.411020173,115.572979299
imul,2300,0xAA,87,1.220868451,0.000436944,149.322067000,8.382363000,140.939704000,122.308072489,115.442170603
imul,2300,0xAA,88,1.220873023,0.000405334,149.552230000,8.316385000,141.235845000,122.496137789,115.684303269
imul,2300,0xAA,89,1.220804815,0.000320563,149.357955000,8.332071000,141.025884000,122.343844975,115.518780968
imul,2300,0xAA,90,1.220910311,0.000376129,149.237839000,8.351908000,140.885931000,122.234891175,115.394169195
imul,2300,0xAA,91,1.220903820,0.000459481,149.774763000,8.337503000,141.437260000,122.675316870,115.846357158
imul,2300,0xAA,92,1.220843409,0.000393464,149.331221000,8.341043000,140.990178000,122.318079380,115.485882115
imul,2300,0xAA,93,1.220827051,0.000391489,149.422713000,8.286722000,141.135991000,122.394660922,115.606867360
imul,2300,0xAA,94,1.220796163,0.000303744,149.182540000,8.349893000,140.832647000,122.201023027,115.361311981
imul,2300,0xAA,95,1.220984039,0.000632024,149.620039000,8.361429000,141.258610000,122.540536328,115.692429611
imul,2300,0xAA,96,1.220780900,0.000221443,149.364730000,8.352823000,141.011907000,122.351791393,115.509594729
imul,2300,0xAA,97,1.220781790,0.000285953,149.245529000,8.362832000,140.882697000,122.254059062,115.403668541
imul,2300,0xAA,98,1.220753326,0.000212574,149.370162000,8.314921000,141.055241000,122.359004713,115.547701544
imul,2300,0xAA,99,1.220852435,0.000332674,149.398787000,8.359171000,141.039616000,122.372518303,115.525522911
imul,2500,0x00,0,1.124062334,0.001864442,141.890445000,7.757243000,134.133202000,126.230050278,119.328971253
imul,2500,0x00,1,1.123885216,0.001760929,141.832766000,7.723125000,134.109641000,126.198622453,119.326813043
imul,2500,0x00,2,1.123890716,0.001834783,141.228337000,7.729228000,133.499109000,125.660204351,118.782998327
imul,2500,0x00,3,1.123812041,0.001725207,141.853824000,7.744548000,134.109276000,126.225577562,119.334257915
imul,2500,0x00,4,1.123946996,0.001857909,141.298406000,7.751933000,133.546473000,125.716254016,118.819191227
imul,2500,0x00,5,1.123847602,0.001738723,141.260259000,7.728862000,133.531397000,125.693429226,118.816285040
imul,2500,0x00,6,1.123849161,0.001795112,141.463505000,7.762859000,133.700646000,125.874102953,118.966717808
imul,2500,0x00,7,1.123881889,0.001741094,141.459294000,7.746684000,133.712610000,125.866690574,118.973898658
imul,2500,0x00,8,1.123883404,0.001805136,141.407414000,7.754558000,133.652856000,125.820359609,118.920570916
imul,2500,0x00,9,1.123912416,0.001780276,141.339543000,7.724895000,133.614648000,125.756723532,118.883505576
imul,2500,0x00,10,1.124024974,0.001875501,141.833011000,7.743022000,134.089989000,126.183149213,119.294492662
imul,2500,0x00,11,1.124018685,0.001943185,141.720279000,7.752605000,133.967674000,126.083561510,119.186340758
imul,2500,0x00,12,1.123906115,0.001834511,141.400090000,7.756633000,133.643457000,125.811300552,118.909805047
imul,2500,0x00,13,1.123867967,0.001748689,141.530278000,7.755535000,133.774743000,125.931410205,119.030657424
imul,2500,0x00,14,1.123914251,0.001801258,141.512455000,7.748027000,133.764428000,125.910366238,119.016577863
imul,2500,0x00,15,1.123914521,0.001824909,141.803531000,7.750835000,134.052696000,126.169320155,119.273035023
imul,2500,0x00,16,1.123936494,0.001851868,141.536197000,7.759563000,133.776634000,125.928998448,119.025082576
imul,2500,0x00,17,1.123930537,0.001881361,141.968997000,7.765971000,134.203026000,126.314743089,119.405089204
imul,2500,0x00,18,1.123928639,0.001878034,141.325994000,7.777202000,133.548792000,125.742853368,118.823195186
imul,2500,0x00,19,1.123880275,0.001807428,141.529912000,7.742961000,133.786951000,125.929705409,119.040216227
imul,2500,0x00,20,1.123946666,0.001760327,141.732913000,7.709453000,134.023460000,126.102881339,119.243611913
imul,2500,0x00,21,1.124153935,0.001763864,142.162416000,7.765056000,134.397360000,126.461698460,119.554231648
imul,2500,0x00,22,1.123995267,0.001852284,141.830020000,7.703655000,134.126365000,126.183823189,119.330008739
imul,2500,0x00,23,1.123939337,0.001853478,141.658451000,7.681438000,133.977013000,126.037452730,119.203064298
imul,2500,0x00,24,1.123960776,0.001886382,141.997622000,7.748698000,134.248924000,126.336812641,119.442712629
imul,2500,0x00,25,1.123984202,0.001927439,141.622929000,7.757426000,133.865503000,126.000818067,119.099096509
imul,2500,0x00,26,1.123905377,0.001863704,141.573307000,7.740520000,133.832787000,125.965503751,119.078340332
imul,2500,0x00,27,1.123939548,0.001810645,141.693851000,7.711650000,133.982201000,126.068925409,119.207657811
imul,2500,0x00,28,1.123979078,0.001898193,141.424382000,7.714214000,133.710168000,125.824746001,118.961438533
imul,2500,0x00,29,1.123899733,0.001800899,141.530643000,7.728312000,133.802331000,125.928175711,119.051839881
imul,2500,0x00,30,1.124001416,0.001813804,141.978519000,7.704998000,134.273521000,126.315249285,119.460277491
imul,2500,0x00,31,1.124054119,0.001935313,142.179201000,7.749980000,134.429221000,126.487860829,119.593192799
imul,2500,0x00,32,1.123945070,0.001838989,141.766666000,7.761577000,134.005089000,126.133091212,119.227436115
imul,2500,0x00,33,1.124067362,0.002091080,141.679630000,7.751567000,133.928063000,126.041939161,119.145940518
imul,2500,0x00,34,1.123962556,0.001824084,141.667606000,7.733379000,133.934227000,126.042994221,119.162534586
imul,2500,0x00,35,1.123936859,0.001839892,141.515995000,7.774578000,133.741417000,125.910983213,118.993710293
imul,2500,0x00,36,1.123904127,0.001736069,141.399174000,7.757426000,133.641748000,125.810708080,118.908494790
imul,2500,0x00,37,1.123968175,0.001891124,141.732486000,7.777019000,133.955467000,126.100088219,119.180836256
imul,2500,0x00,38,1.123943850,0.001812771,141.856876000,7.732463000,134.124413000,126.213490141,119.333730978
imul,2500,0x00,39,1.123954629,0.001616792,141.931644000,7.771587000,134.160057000,126.278801901,119.364299486
imul,2500,0x00,40,1.124071339,0.001802274,141.582219000,7.765605000,133.816614000,125.954834042,119.046371271
imul,2500,0x00,41,1.124028988,0.001821613,141.996828000,7.746807000,134.250021000,126.328439530,119.436440227
imul,2500,0x00,42,1.124008078,0.001805713,141.843814000,7.765299000,134.078515000,126.194657061,119.286077711
imul,2500,0x00,43,1.123936779,0.001860448,141.694950000,7.771403000,133.923547000,126.070213769,119.155765247
imul,2500,0x00,44,1.123877837,0.001811317,141.488347000,7.777201000,133.711146000,125.892995068,118.973024994
imul,2500,0x00,45,1.123999902,0.001824382,141.930057000,7.755351000,134.174706000,126.272303690,119.372524620
imul,2500,0x00,46,1.124111601,0.001951850,141.759586000,7.775249000,133.984337000,126.108106932,119.191312378
imul,2500,0x00,47,1.124113350,0.001940055,141.554020000,7.769756000,133.784264000,125.925041286,119.013144011
imul,2500,0x00,48,1.124024736,0.001856438,141.487065000,7.759746000,133.727319000,125.875401573,118.971864887
imul,2500,0x00,49,1.124059325,0.001838806,142.185366000,7.762675000,134.422691000,126.492759588,119.586829602
imul,2500,0x00,50,1.124016373,0.001765761,141.652347000,7.755718000,133.896629000,126.023384047,119.123379573
imul,2500,0x00,51,1.124092583,0.001942232,142.044985000,7.772624000,134.272361000,126.364133280,119.449556922
imul,2500,0x00,52,1.124239273,0.001775681,142.283877000,7.761211000,134.522666000,126.560137475,119.656615081
imul,2500,0x00,53,1.123989873,0.001815096,141.634098000,7.766765000,133.867333000,126.010119334,119.100123801
imul,2500,0x00,54,1.124031509,0.001882207,141.879642000,7.773601000,134.106041000,126.223901110,119.308079854
imul,2500,0x00,55,1.123956655,0.001827539,141.296941000,7.773173000,133.523768000,125.713870199,118.797969157
imul,2500,0x00,56,1.124051469,0.001918412,142.225344000,7.751994000,134.473350000,126.529209689,119.632733669
imul,2500,0x00,57,1.124052604,0.001907540,141.581181000,7.772624000,133.808557000,125.956009949,119.041187662
imul,2500,0x00,58,1.123962063,0.001794970,141.525029000,7.764995000,133.760034000,125.916197365,119.007605649
imul,2500,0x00,59,1.124002978,0.001796610,141.786502000,7.767436000,134.019066000,126.144240478,119.233728540
imul,2500,0x00,60,1.124133750,0.001824464,141.789615000,7.754497000,134.035118000,126.132335272,119.234137435
imul,2500,0x00,61,1.124029785,0.001720470,142.285158000,7.754985000,134.530173000,126.584864455,119.685594433
imul,2500,0x00,62,1.124087349,0.001874229,142.098513000,7.749858000,134.348655000,126.412340723,119.517985044
imul,2500,0x00,63,1.124193835,0.002115039,142.165468000,7.731975000,134.433493000,126.459924943,119.582129710
imul,2500,0x00,64,1.124058621,0.001890517,141.668583000,7.757610000,133.910973000,126.033091480,119.131663160
imul,2500,0x00,65,1.124154231,0.001996822,141.506840000,7.751811000,133.755029000,125.878492601,118.982809794
imul,2500,0x00,66,1.124133882,0.001938457,142.044314000,7.769816000,134.274498000,126.358893955,119.447069550
imul,2500,0x00,67,1.124022257,0.001767672,141.701786000,7.739970000,133.961816000,126.066708256,119.180750305
imul,2500,0x00,68,1.124244454,0.001789025,141.659550000,7.766093000,133.893457000,126.004224001,119.096390946
imul,2500,0x00,69,1.125197542,0.001837620,142.459169000,7.753825000,134.705344000,126.608140967,119.717062102
imul,2500,0x00,70,1.124143507,0.001969138,142.338442000,7.756450000,134.581992000,126.619458390,119.719583105
imul,2500,0x00,71,1.124273274,0.002177842,142.069460000,7.765727000,134.303733000,126.365593950,119.458263516
imul,2500,0x00,72,1.124174120,0.001988656,141.936587000,7.755961000,134.180626000,126.258543432,119.359291030
imul,2500,0x00,73,1.124079556,0.001923412,141.847232000,7.764140000,134.083092000,126.189673406,119.282564419
imul,2500,0x00,74,1.124031172,0.001914544,141.652958000,7.708964000,133.943994000,126.022268313,119.163949621
imul,2500,0x00,75,1.124006869,0.001890376,141.650943000,7.757243000,133.893700000,126.023200450,119.121780885
imul,2500,0x00,76,1.124083458,0.001904431,142.091677000,7.761333000,134.330344000,126.406696967,119.502109103
imul,2500,0x00,77,1.124052635,0.001867210,142.201479000,7.772991000,134.428488000,126.507847170,119.592698576
imul,2500,0x00,78,1.124160845,0.001970099,142.089846000,7.740581000,134.349265000,126.396366313,119.510713755
imul,2500,0x00,79,1.124172343,0.002063759,141.907474000,7.773845000,134.133629000,126.232845796,119.317673893
imul,2500,0x00,80,1.124193051,0.002025581,142.184572000,7.760173000,134.424399000,126.477006613,119.574123705
imul,2500,0x00,81,1.124915247,0.005387478,144.118772000,7.872965000,136.245807000,128.115226775,121.116508410
imul,2500,0x00,82,1.124102691,0.002024470,141.599735000,7.752849000,133.846886000,125.966903337,119.069980962
imul,2500,0x00,83,1.124024001,0.001912396,141.823429000,7.764079000,134.059350000,126.174733649,119.267337553
imul,2500,0x00,84,1.124126408,0.001997353,142.197512000,7.762493000,134.435019000,126.496015874,119.590659908
imul,2500,0x00,85,1.124003896,0.001838270,141.767947000,7.751811000,134.016136000,126.127629595,119.231024494
imul,2500,0x00,86,1.123878933,0.001733955,141.849430000,7.762187000,134.087243000,126.214155085,119.307550851
imul,2500,0x00,87,1.123987992,0.001815840,141.943179000,7.748333000,134.194846000,126.285316214,119.391707871
imul,2500,0x00,88,1.124054328,0.001899740,142.068545000,7.732829000,134.335716000,126.389393731,119.509985138
imul,2500,0x00,89,1.123943842,0.001786349,142.020389000,7.759685000,134.260704000,126.358972476,119.454993193
imul,2500,0x00,90,1.124076132,0.001792696,141.682316000,7.755778000,133.926538000,126.043345300,119.143654272
imul,2500,0x00,91,1.123939933,0.001620288,142.043643000,7.757610000,134.286033000,126.380101699,119.477944587
imul,2500,0x00,92,1.123977676,0.001752772,141.929751000,7.760417000,134.169334000,126.274528391,119.370105676
imul,2500,0x00,93,1.123959166,0.001838913,142.105410000,7.767620000,134.337790000,126.432893899,119.521948881
imul,2500,0x00,94,1.124023109,0.001877354,141.940066000,7.765789000,134.174277000,126.278601218,119.369678319
imul,2500,0x00,95,1.123943200,0.001776233,142.286624000,7.752299000,134.534325000,126.595920465,119.698508748
imul,2500,0x00,96,1.124022051,0.001984331,142.059146000,7.707866000,134.351280000,126.384661158,119.527263658
imul,2500,0x00,97,1.123845037,0.001746018,142.174197000,7.728496000,134.445701000,126.506940258,119.630106048
imul,2500,0x00,98,1.123754780,0.001526980,142.218203000,7.748454000,134.469749000,126.556260772,119.661114129
imul,2500,0x00,99,1.123927559,0.001791975,141.841373000,7.735271000,134.106102000,126.201525911,119.319168649
imul,2500,0xAA,0,1.124144344,0.002057967,142.898255000,7.728496000,135.169759000,127.117354440,120.242351206
imul,2500,0xAA,1,1.124138499,0.001998959,142.799012000,7.755229000,135.043783000,127.029731770,120.130911912
imul,2500,0xAA,2,1.124159556,0.001923667,143.001282000,7.763713000,135.237569000,127.207282268,120.301044665
imul,2500,0xAA,3,1.124218569,0.002019372,143.009522000,7.765361000,135.244161000,127.207934449,120.300593461
imul,2500,0xAA,4,1.124203304,0.002094597,143.008423000,7.761455000,135.246968000,127.208684182,120.304723861
imul,2500,0xAA,5,1.124185015,0.002067160,142.834961000,7.764323000,135.070638000,127.056453446,120.149829627
imul,2500,0xAA,6,1.124143546,0.001970287,142.888368000,7.752360000,135.136008000,127.108649509,120.212412790
imul,2500,0xAA,7,1.124211828,0.002003307,142.995727000,7.743633000,135.252094000,127.196426382,120.308371295
imul,2500,0xAA,8,1.123936655,0.001613141,142.509462000,7.748698000,134.760764000,126.794923327,119.900675359
imul,2500,0xAA,9,1.123852083,0.001478582,142.916749000,7.764507000,135.152242000,127.166867588,120.258034015
imul,2500,0xAA,10,1.124063952,0.001883846,143.106384000,7.769939000,135.336445000,127.311603324,120.399239500
imul,2500,0xAA,11,1.123949774,0.001631920,143.077393000,7.748393000,135.329000000,127.298742626,120.404846493
imul,2500,0xAA,12,1.123946588,0.001755267,142.963013000,7.775310000,135.187703000,127.197337056,120.279472735
imul,2500,0xAA,13,1.123880451,0.001697531,143.265197000,7.779155000,135.486042000,127.473697855,120.552005255
imul,2500,0xAA,14,1.123857831,0.001613013,142.782715000,7.763713000,135.019002000,127.046954741,120.138863001
imul,2500,0xAA,15,1.123728425,0.001419893,142.622315000,7.768718000,134.853597000,126.918846109,120.005504923
imul,2500,0xAA,16,1.123772161,0.001364290,142.806885000,7.765178000,135.041707000,127.078147993,120.168225975
imul,2500,0xAA,17,1.123782990,0.001545233,142.847657000,7.784831000,135.062826000,127.113204436,120.185860753
imul,2500,0xAA,18,1.123669124,0.001463347,143.043091000,7.748638000,135.294453000,127.300010211,120.404174211
imul,2500,0xAA,19,1.123802645,0.001500764,142.994080000,7.765300000,135.228780000,127.241273760,120.331430617
imul,2500,0xAA,20,1.124103481,0.001614837,143.625731000,7.779155000,135.846576000,127.769136383,120.848817098
imul,2500,0xAA,21,1.123827719,0.001514456,143.235778000,7.769633000,135.466145000,127.453501576,120.539957030
imul,2500,0xAA,22,1.123852266,0.001597910,143.143921000,7.754985000,135.388936000,127.368983725,120.468623924
imul,2500,0xAA,23,1.123860139,0.001682374,143.099121000,7.786174000,135.312947000,127.328228837,120.400165702
imul,2500,0xAA,24,1.124046823,0.001940669,143.227173000,7.780559000,135.446614000,127.421002486,120.499085318
imul,2500,0xAA,25,1.123849938,0.001623992,142.948364000,7.758586000,135.189778000,127.195241285,120.291663023
imul,2500,0xAA,26,1.123782099,0.001547017,143.268310000,7.772563000,135.495747000,127.487624219,120.571191750
imul,2500,0xAA,27,1.123905599,0.001705517,143.490173000,7.780010000,135.710163000,127.671018945,120.748720482
imul,2500,0xAA,28,1.123928260,0.001768886,142.899476000,7.760050000,135.139426000,127.142880058,120.238480308
imul,2500,0xAA,29,1.123861350,0.001686989,142.990356000,7.760417000,135.229939000,127.231313757,120.326176391
imul,2500,0xAA,30,1.123955913,0.001741340,143.123047000,7.777140000,135.345907000,127.338666389,120.419231282
imul,2500,0xAA,31,1.123818450,0.001596157,143.147705000,7.773600000,135.374105000,127.376183368,120.459051870
imul,2500,0xAA,32,1.123802073,0.001649529,143.037658000,7.758708000,135.278950000,127.280115851,120.376134991
imul,2500,0xAA,33,1.123831465,0.001609198,142.776612000,7.753093000,135.023519000,127.044504857,120.145700862
imul,2500,0xAA,34,1.123720600,0.001472110,143.294189000,7.769816000,135.524373000,127.517631211,120.603264772
imul,2500,0xAA,35,1.123755399,0.001507781,143.155090000,7.763774000,135.391316000,127.389901911,120.481126202
imul,2500,0xAA,36,1.123691545,0.001426456,143.307982000,7.738810000,135.569172000,127.533203081,120.646250843
imul,2500,0xAA,37,1.123602014,0.001345528,143.071167000,7.756572000,135.314595000,127.332601085,120.429291991
imul,2500,0xAA,38,1.123752491,0.001489062,143.060608000,7.770854000,135.289754000,127.306154255,120.391060353
imul,2500,0xAA,39,1.123700485,0.001422513,142.991150000,7.762432000,135.228718000,127.250234353,120.342315289
imul,2500,0xAA,40,1.123823345,0.001492658,143.185241000,7.723979000,135.461262000,127.409028859,120.536081225
imul,2500,0xAA,41,1.123750551,0.001553406,143.339660000,7.765666000,135.573994000,127.554696114,120.644206953
imul,2500,0xAA,42,1.123774339,0.001547068,143.067627000,7.758281000,135.309346000,127.309925157,120.406153883
imul,2500,0xAA,43,1.123613356,0.001346410,142.925354000,7.730754000,135.194600000,127.201544286,120.321282529
imul,2500,0xAA,44,1.123689531,0.001460285,143.010315000,7.762248000,135.248067000,127.268530226,120.360707569
imul,2500,0xAA,45,1.123662813,0.001442581,142.926575000,7.760356000,135.166219000,127.197032194,120.290729066
imul,2500,0xAA,46,1.123654356,0.001406358,143.093383000,7.753947000,135.339436000,127.346440878,120.445789482
imul,2500,0xAA,47,1.123607477,0.001311080,143.077942000,7.743511000,135.334431000,127.338011690,120.446360325
imul,2500,0xAA,48,1.123512520,0.001292890,143.276062000,7.759807000,135.516255000,127.525113881,120.618375535
imul,2500,0xAA,49,1.123507679,0.001287200,143.047608000,7.755961000,135.291647000,127.322323325,120.418978432
imul,2500,0xAA,50,1.123624944,0.001247646,143.343810000,7.754497000,135.589313000,127.572648428,120.671326916
imul,2500,0xAA,51,1.123890494,0.001474823,143.706602000,7.763957000,135.942645000,127.865306054,120.957197977
imul,2500,0xAA,52,1.123578135,0.001431560,143.300109000,7.759074000,135.541035000,127.539068785,120.633386162
imul,2500,0xAA,53,1.123629306,0.001304823,143.324279000,7.762920000,135.561359000,127.554771164,120.645980197
imul,2500,0xAA,54,1.123587897,0.001254807,143.154419000,7.701763000,135.452656000,127.408295665,120.553680178
imul,2500,0xAA,55,1.123630177,0.001365254,143.367309000,7.733073000,135.634236000,127.592967766,120.710745166
imul,2500,0xAA,56,1.123529667,0.001160711,143.208068000,7.728801000,135.479267000,127.462649397,120.583613419
imul,2500,0xAA,57,1.123446012,0.001024925,142.981323000,7.721294000,135.260029000,127.270310686,120.397444597
imul,2500,0xAA,58,1.124038703,0.003377079,144.508846000,7.810771000,136.698075000,128.562162144,121.613316896
imul,2500,0xAA,59,1.123619463,0.001461047,143.730467000,7.754680000,135.975787000,127.917388138,121.015870094
imul,2500,0xAA,60,1.123763506,0.001521594,143.364257000,7.755657000,135.608600000,127.575113619,120.673610806
imul,2500,0xAA,61,1.123618641,0.001350688,143.423949000,7.765727000,135.658222000,127.644686384,120.733331660
imul,2500,0xAA,62,1.123449199,0.001090439,143.264709000,7.753886000,135.510823000,127.522196096,120.620338843
imul,2500,0xAA,63,1.123374593,0.001078704,143.452818000,7.763103000,135.689715000,127.698114987,120.787594626
imul,2500,0xAA,64,1.123425977,0.001173919,143.177857000,7.776164000,135.401693000,127.447522096,120.525691766
imul,2500,0xAA,65,1.123480229,0.001242879,142.836853000,7.743023000,135.093830000,127.137843057,120.245845492
imul,2500,0xAA,66,1.123412365,0.001075679,143.256896000,7.768412000,135.488484000,127.519422475,120.604408682
imul,2500,0xAA,67,1.123343718,0.000993242,143.055420000,7.754253000,135.301167000,127.347861258,120.445029229
imul,2500,0xAA,68,1.123437905,0.001150660,143.180786000,7.752544000,135.428242000,127.448776085,120.548043997
imul,2500,0xAA,69,1.123516775,0.001368156,143.167114000,7.736857000,135.430257000,127.427660324,120.541375071
imul,2500,0xAA,70,1.123679787,0.001313204,143.335387000,7.754863000,135.580524000,127.558926204,120.657615803
imul,2500,0xAA,71,1.123526647,0.001196822,143.039490000,7.749125000,135.290365000,127.312948348,120.415804413
imul,2500,0xAA,72,1.123443177,0.001156910,142.797974000,7.744792000,135.053182000,127.107429080,120.213629593
imul,2500,0xAA,73,1.123449311,0.001130343,143.118469000,7.732524000,135.385945000,127.392012846,120.509170935
imul,2500,0xAA,74,1.123450123,0.001168305,142.774903000,7.747234000,135.027669000,127.086107461,120.190176930
imul,2500,0xAA,75,1.123419235,0.001151109,143.110901000,7.754314000,135.356587000,127.388686695,120.486264379
imul,2500,0xAA,76,1.123423681,0.001049646,142.983765000,7.714335000,135.269430000,127.275014235,120.408205986
imul,2500,0xAA,77,1.123457621,0.001132980,143.106078000,7.745586000,135.360492000,127.380041209,120.485623601
imul,2500,0xAA,78,1.123547833,0.001162400,142.978760000,7.754924000,135.223836000,127.256495707,120.354320497
imul,2500,0xAA,79,1.123495969,0.001140058,143.014710000,7.774089000,135.240621000,127.294368618,120.374816420
imul,2500,0xAA,80,1.123528474,0.001105652,143.679198000,7.750042000,135.929156000,127.882115437,120.984166538
imul,2500,0xAA,81,1.123582801,0.001150808,142.983948000,7.766642000,135.217306000,127.257152606,120.344763069
imul,2500,0xAA,82,1.123442878,0.001022185,142.968689000,7.764812000,135.203877000,127.259419977,120.347798431
imul,2500,0xAA,83,1.123477937,0.001179659,142.766968000,7.743938000,135.023030000,127.075898287,120.183072226
imul,2500,0xAA,84,1.123593947,0.001385352,142.925904000,7.770122000,135.155782000,127.204230961,120.288812791
imul,2500,0xAA,85,1.123500870,0.001111896,143.199096000,7.762797000,135.436299000,127.457930665,120.548459381
imul,2500,0xAA,86,1.123601128,0.001401087,143.059631000,7.781780000,135.277851000,127.322434503,120.396684958
imul,2500,0xAA,87,1.123610760,0.001393480,143.471496000,7.734355000,135.737141000,127.687897902,120.804415405
imul,2500,0xAA,88,1.123637030,0.001325117,143.150207000,7.766338000,135.383869000,127.398976037,120.487190651
imul,2500,0xAA,89,1.123614946,0.001367514,143.066163000,7.777323000,135.288840000,127.326682035,120.404984326
imul,2500,0xAA,90,1.123790412,0.001485060,143.260132000,7.774760000,135.485372000,127.479404006,120.561067710
imul,2500,0xAA,91,1.123768868,0.001382900,143.543211000,7.756450000,135.786761000,127.733749456,120.831573909
imul,2500,0xAA,92,1.123670040,0.001497817,143.117798000,7.781718000,135.336080000,127.366391306,120.441121677
imul,2500,0xAA,93,1.123633984,0.001388467,142.859315000,7.780803000,135.078512000,127.140436313,120.215758785
imul,2500,0xAA,94,1.123476531,0.001012423,142.782044000,7.720989000,135.061055000,127.089476291,120.217068382
imul,2500,0xAA,95,1.123602135,0.001245488,143.069946000,7.782633000,135.287313000,127.331500621,120.404998120
imul,2500,0xAA,96,1.123660435,0.001455854,143.088867000,7.762432000,135.326435000,127.341732943,120.433567664
imul,2500,0xAA,97,1.123546585,0.001103505,142.882142000,7.761759000,135.120383000,127.170643287,120.262376997
imul,2500,0xAA,98,1.123572289,0.001378428,143.434997000,7.772502000,135.662495000,127.659785089,120.742115373
imul,2500,0xAA,99,1.123508635,0.001206223,142.747498000,7.775188000,134.972310000,127.055096437,120.134644065
imul,2700,0x00,0,1.039936633,0.000321226,140.508552000,7.119367000,133.389185000,135.112609336,128.266647019
imul,2700,0x00,1,1.039851750,0.000214412,140.250251000,7.074628000,133.175623000,134.875236764,128.071740017
imul,2700,0x00,2,1.039853154,0.000195058,140.384590000,7.148419000,133.236171000,135.004245032,128.129794565
imul,2700,0x00,3,1.039835574,0.000197083,140.975530000,7.145429000,133.830101000,135.574828830,128.703137597
imul,2700,0x00,4,1.039830009,0.000174287,140.016792000,7.106305000,132.910487000,134.653540223,127.819437595
imul,2700,0x00,5,1.039947862,0.000329433,140.672248000,7.096112000,133.576136000,135.268558365,128.445031665
imul,2700,0x00,6,1.039852867,0.000190352,140.768439000,7.119977000,133.648462000,135.373420038,128.526319623
imul,2700,0x00,7,1.039829263,0.000197644,141.225896000,7.127240000,134.098656000,135.816427741,128.962187096
imul,2700,0x00,8,1.039831220,0.000170170,140.494574000,7.102643000,133.391931000,135.112863746,128.282290803
imul,2700,0x00,9,1.039849842,0.000267290,140.325995000,7.071699000,133.254296000,134.948325567,128.147633087
imul,2700,0x00,10,1.039944130,0.000298853,140.434821000,7.058698000,133.376123000,135.040736238,128.253161988
imul,2700,0x00,11,1.039842942,0.000187737,141.447391000,7.087384000,134.360007000,136.027649288,129.211827672
imul,2700,0x00,12,1.039858719,0.000216647,140.756049000,7.105267000,133.650782000,135.360743137,128.527827407
imul,2700,0x00,13,1.039827318,0.000175300,140.419502000,7.126386000,133.293116000,135.041174179,128.187742003
imul,2700,0x00,14,1.039842520,0.000199906,140.355109000,7.085553000,133.269556000,134.977274279,128.163210740
imul,2700,0x00,15,1.039831726,0.000171080,140.675116000,7.056867000,133.618249000,135.286424228,128.499877113
imul,2700,0x00,16,1.039831641,0.000195129,140.679083000,7.083661000,133.595422000,135.290250346,128.477935042
imul,2700,0x00,17,1.039828075,0.000167959,140.536994000,7.053998000,133.482996000,135.154067638,128.370255806
imul,2700,0x00,18,1.039834537,0.000195882,140.894598000,7.088666000,133.805932000,135.497132445,128.680022850
imul,2700,0x00,19,1.039828005,0.000173933,140.320869000,7.114911000,133.205958000,134.946229905,128.103837733
imul,2700,0x00,20,1.039911378,0.000289461,140.581793000,7.132367000,133.449426000,135.186320698,128.327691056
imul,2700,0x00,21,1.039828012,0.000170346,140.729559000,7.078717000,133.650842000,135.339265152,128.531680706
imul,2700,0x00,22,1.039823588,0.000198139,141.187627000,7.125103000,134.062524000,135.780365599,128.928142704
imul,2700,0x00,23,1.039822173,0.000163627,140.426459000,7.110638000,133.315821000,135.048532943,128.210211753
imul,2700,0x00,24,1.039829511,0.000185680,140.578681000,7.130292000,133.448389000,135.193971184,128.336797079
imul,2700,0x00,25,1.039810993,0.000165047,140.798834000,7.103558000,133.695276000,135.408103007,128.576517219
imul,2700,0x00,26,1.039825213,0.000184647,141.121038000,7.145001000,133.976037000,135.716114768,128.844766673
imul,2700,0x00,27,1.039821052,0.000175808,140.366035000,7.131329000,133.234706000,134.990568532,128.132341354
imul,2700,0x00,28,1.039808555,0.000178245,140.335334000,7.137250000,133.198084000,134.962665366,128.098661441
imul,2700,0x00,29,1.039827569,0.000172051,140.555731000,7.134748000,133.420983000,135.172152717,128.310680479
imul,2700,0x00,30,1.039898578,0.000285474,141.389714000,7.147748000,134.241966000,135.964907471,129.091402546
imul,2700,0x00,31,1.039850658,0.000206878,141.146307000,7.129682000,134.016625000,135.737094480,128.880646445
imul,2700,0x00,32,1.039807026,0.000177790,140.946661000,7.095868000,133.850793000,135.550787337,128.726571088
imul,2700,0x00,33,1.039843358,0.000258789,140.412116000,7.125897000,133.286219000,135.031988122,128.179131926
imul,2700,0x00,34,1.039835993,0.000162712,141.192693000,7.117963000,134.074730000,135.783617768,128.938343081
imul,2700,0x00,35,1.039823565,0.000182111,140.737799000,7.046796000,133.691003000,135.347768401,128.570853316
imul,2700,0x00,36,1.039825404,0.000163782,140.321479000,7.067487000,133.253992000,134.947154052,128.150352424
imul,2700,0x00,37,1.039876516,0.000277584,140.667487000,7.115460000,133.552027000,135.273260666,128.430659751
imul,2700,0x00,38,1.039797272,0.000161655,141.137334000,7.134320000,134.003014000,135.735433961,128.874173416
imul,2700,0x00,39,1.039839696,0.000197796,140.656805000,7.147931000,133.508874000,135.267777894,128.393707756
imul,2700,0x00,40,1.039909453,0.000315691,140.932134000,7.132856000,133.799278000,135.523466594,128.664354024
imul,2700,0x00,41,1.039866660,0.000277583,141.503300000,7.154095000,134.349205000,136.078312176,129.198492604
imul,2700,0x00,42,1.039837193,0.000169282,140.947821000,7.141767000,133.806054000,135.547970363,128.679811531
imul,2700,0x00,43,1.039846836,0.000192950,140.494636000,7.132550000,133.362086000,135.110894332,128.251662999
imul,2700,0x00,44,1.039835290,0.000167293,140.918401000,7.126386000,133.792015000,135.519925422,128.666545789
imul,2700,0x00,45,1.039842218,0.000191216,141.088201000,7.153119000,133.935082000,135.682316509,128.803273830
imul,2700,0x00,46,1.039826333,0.000155518,141.112004000,7.123639000,133.988365000,135.707280660,128.856483777
imul,2700,0x00,47,1.039850043,0.000188146,141.031072000,7.116132000,133.914940000,135.626355919,128.782934553
imul,2700,0x00,48,1.039833781,0.000168199,140.732001000,7.108746000,133.623255000,135.340862770,128.504437437
imul,2700,0x00,49,1.039853690,0.000209226,141.930118000,7.155133000,134.774985000,136.490469122,129.609565522
imul,2700,0x00,50,1.039951341,0.000367211,141.299382000,7.136334000,134.163048000,135.871147465,129.008966785
imul,2700,0x00,51,1.039852455,0.000216406,141.059819000,7.123945000,133.935874000,135.653686621,128.802767562
imul,2700,0x00,52,1.039835493,0.000219991,140.772711000,7.145368000,133.627343000,135.379790255,128.508157150
imul,2700,0x00,53,1.039828330,0.000197903,141.103643000,7.148664000,133.954979000,135.698979310,128.824129111
imul,2700,0x00,54,1.039825699,0.000156273,140.462898000,7.147931000,133.314967000,135.083118378,128.208955712
imul,2700,0x00,55,1.039830622,0.000186769,140.589666000,7.161968000,133.427698000,135.204390986,128.316761551
imul,2700,0x00,56,1.039857572,0.000219771,140.734747000,7.136213000,133.598534000,135.340407035,128.477723919
imul,2700,0x00,57,1.039846302,0.000266302,141.760013000,7.171368000,134.588645000,136.327852206,129.431286833
imul,2700,0x00,58,1.039858610,0.000294705,141.339177000,7.164106000,134.175071000,135.921533569,129.032033468
imul,2700,0x00,59,1.039802663,0.000166719,140.876531000,7.160504000,133.716027000,135.483910580,128.597503903
imul,2700,0x00,60,1.039954837,0.000446053,141.452580000,7.156049000,134.296531000,136.018002871,129.136887706
imul,2700,0x00,61,1.039864966,0.000205936,141.672428000,7.175823000,134.496605000,136.241178083,129.340452281
imul,2700,0x00,62,1.039849658,0.000259140,141.306401000,7.179669000,134.126732000,135.891183791,128.986657791
imul,2700,0x00,63,1.039839096,0.000260816,141.287968000,7.177288000,134.110680000,135.874837284,128.972530931
imul,2700,0x00,64,1.039877259,0.000319475,141.251530000,7.150312000,134.101218000,135.834810059,128.958698541
imul,2700,0x00,65,1.039834279,0.000205305,141.345830000,7.163068000,134.182762000,135.931112144,129.042449072
imul,2700,0x00,66,1.039859557,0.000289463,141.391483000,7.148236000,134.243247000,135.971710790,129.097478641
imul,2700,0x00,67,1.039853166,0.000305529,141.861941000,7.142132000,134.719809000,136.424973832,129.556569493
imul,2700,0x00,68,1.039886919,0.000427704,141.673343000,7.121503000,134.551840000,136.239181759,129.390838089
imul,2700,0x00,69,1.039867596,0.000307276,141.282719000,7.138653000,134.144066000,135.866065620,129.001102206
imul,2700,0x00,70,1.039983177,0.000409354,141.554875000,7.140362000,134.414513000,136.112658503,129.246814748
imul,2700,0x00,71,1.039900914,0.000346296,141.692631000,7.155865000,134.536766000,136.255896227,129.374601187
imul,2700,0x00,72,1.039906903,0.000389305,141.926700000,7.126813000,134.799887000,136.480198039,129.626879744
imul,2700,0x00,73,1.040054141,0.000375300,142.017764000,7.157147000,134.860617000,136.548433803,129.666919929
imul,2700,0x00,74,1.039869232,0.000273331,141.720889000,7.134565000,134.586324000,136.287222099,129.426200752
imul,2700,0x00,75,1.039879485,0.000286398,141.722782000,7.133587000,134.589195000,136.287698818,129.427685609
imul,2700,0x00,76,1.039886731,0.000290576,142.031680000,7.090375000,134.941305000,136.583798732,129.765387854
imul,2700,0x00,77,1.039897089,0.000351027,141.572148000,7.125714000,134.446434000,136.140536883,129.288210749
imul,2700,0x00,78,1.039848554,0.000230359,141.272221000,7.134381000,134.137840000,135.858457881,128.997477047
imul,2700,0x00,79,1.039929812,0.000270172,141.508671000,7.087689000,134.420982000,136.075213268,129.259667722
imul,2700,0x00,80,1.039984518,0.000390528,142.328798000,7.112347000,135.216451000,136.856650812,130.017753810
imul,2700,0x00,81,1.039925522,0.000322541,141.610905000,7.108259000,134.502646000,136.174083591,129.338729666
imul,2700,0x00,82,1.039906348,0.000379317,141.720097000,7.118024000,134.602073000,136.281596177,129.436725952
imul,2700,0x00,83,1.039924851,0.000393151,141.493046000,7.143780000,134.349266000,136.060837319,129.191321707
imul,2700,0x00,84,1.039879233,0.000235255,142.135012000,7.124555000,135.010457000,136.684152766,129.832823524
imul,2700,0x00,85,1.039863582,0.000243867,141.737124000,7.152082000,134.585042000,136.303575260,129.425671154
imul,2700,0x00,86,1.039858841,0.000265993,141.405461000,7.101728000,134.303733000,135.985246712,129.155735126
imul,2700,0x00,87,1.039898928,0.000341235,141.652103000,7.131146000,134.520957000,136.217183398,129.359645797
imul,2700,0x00,88,1.039870452,0.000286443,141.683659000,7.061384000,134.622275000,136.251259709,129.460621522
imul,2700,0x00,89,1.039894517,0.000325511,141.479679000,7.029706000,134.449973000,136.051952089,129.291933755
imul,2700,0x00,90,1.039937705,0.000364058,141.854739000,7.063947000,134.790792000,136.406958188,129.614294581
imul,2700,0x00,91,1.039892422,0.000252155,142.601808000,7.068524000,135.533284000,137.131307954,130.333947142
imul,2700,0x00,92,1.039897145,0.000276290,142.425600000,7.112714000,135.312886000,136.961237577,130.121413051
imul,2700,0x00,93,1.039891694,0.000308839,141.823795000,7.118512000,134.705283000,136.383236610,129.537800649
imul,2700,0x00,94,1.039884678,0.000286446,141.861331000,7.124005000,134.737326000,136.420253197,129.569488728
imul,2700,0x00,95,1.039921569,0.000367026,142.149234000,7.119306000,135.029928000,136.692264380,129.846261552
imul,2700,0x00,96,1.039896268,0.000331219,141.907169000,7.105817000,134.801352000,136.462812091,129.629614186
imul,2700,0x00,97,1.039860781,0.000245818,141.582462000,7.142438000,134.440024000,136.155209059,129.286560744
imul,2700,0x00,98,1.039922269,0.000297703,141.476445000,7.122418000,134.354027000,136.045211528,129.196220776
imul,2700,0x00,99,1.039882928,0.000297598,142.413942000,7.108929000,135.305013000,136.951899225,130.115621018
imul,2700,0xAA,0,1.039944483,0.000493386,143.782286000,7.114057000,136.668229000,138.259578608,131.418774011
imul,2700,0xAA,1,1.039860457,0.000294610,143.712340000,7.146833000,136.565507000,138.203485898,131.330608915
imul,2700,0xAA,2,1.039841082,0.000180217,143.530028000,7.146771000,136.383257000,138.030734219,131.157788800
imul,2700,0xAA,3,1.039955756,0.000303657,143.991087000,7.168134000,136.822953000,138.458858624,131.566128853
imul,2700,0xAA,4,1.039877213,0.000201891,143.707029000,7.133404000,136.573625000,138.196151635,131.336299423
imul,2700,0xAA,5,1.039863746,0.000229336,143.562315000,7.146711000,136.415604000,138.058775077,131.186037155
imul,2700,0xAA,6,1.039883868,0.000259529,143.617980000,7.159222000,136.458758000,138.109633590,131.224997507
imul,2700,0xAA,7,1.039879079,0.000241632,143.758176000,7.167584000,136.590592000,138.245089101,131.352379996
imul,2700,0xAA,8,1.039856243,0.000193545,143.749876000,7.147992000,136.601884000,138.240143191,131.366123783
imul,2700,0xAA,9,1.039883900,0.000247363,143.644896000,7.153912000,136.490984000,138.135512984,131.255983453
imul,2700,0xAA,10,1.039961354,0.000316752,143.871275000,7.156781000,136.714494000,138.342905187,131.461129271
imul,2700,0xAA,11,1.039947143,0.000276616,143.658934000,7.149274000,136.509660000,138.140611187,131.265959869
imul,2700,0xAA,12,1.039889575,0.000287196,143.759703000,7.159589000,136.600114000,138.245162176,131.360210957
imul,2700,0xAA,13,1.039853585,0.000274095,143.619322000,7.162946000,136.456376000,138.114946288,131.226528432
imul,2700,0xAA,14,1.039850097,0.000281804,143.700865000,7.150678000,136.550187000,138.193827605,131.317184498
imul,2700,0xAA,15,1.039862208,0.000280650,143.671446000,7.141705000,136.529741000,138.163926821,131.295992833
imul,2700,0xAA,16,1.039880531,0.000353004,143.732786000,7.141584000,136.591202000,138.220479849,131.352783237
imul,2700,0xAA,17,1.039872451,0.000298651,143.721861000,7.152631000,136.569230000,138.211047742,131.332674349
imul,2700,0xAA,18,1.039838806,0.000246612,143.849668000,7.157025000,136.692643000,138.338430153,131.455608546
imul,2700,0xAA,19,1.039849679,0.000236404,143.840818000,7.165692000,136.675126000,138.328472792,131.437388296
imul,2700,0xAA,20,1.039986573,0.000316119,143.782224000,7.146039000,136.636185000,138.253923447,131.382643386
imul,2700,0xAA,21,1.039909013,0.000286296,144.030759000,7.171796000,136.858963000,138.503231782,131.606670724
imul,2700,0xAA,22,1.039866460,0.000310563,143.917844000,7.171673000,136.746171000,138.400313378,131.503588392
imul,2700,0xAA,23,1.039865154,0.000310944,143.920286000,7.177350000,136.742936000,138.402835695,131.500642680
imul,2700,0xAA,24,1.039859355,0.000296696,144.002683000,7.154034000,136.848649000,138.482846029,131.603036790
imul,2700,0xAA,25,1.039867266,0.000337277,143.888731000,7.168500000,136.720231000,138.372209381,131.478541086
imul,2700,0xAA,26,1.039882556,0.000355564,143.985471000,7.160443000,136.825028000,138.463204445,131.577385507
imul,2700,0xAA,27,1.039875860,0.000319167,143.796751000,7.182965000,136.613786000,138.282612864,131.375091231
imul,2700,0xAA,28,1.039911307,0.000399025,143.778074000,7.160077000,136.617997000,138.259939072,131.374662463
imul,2700,0xAA,29,1.039895324,0.000403729,143.851987000,7.190717000,136.661270000,138.333141538,131.418294595
imul,2700,0xAA,30,1.040015655,0.000432341,143.901121000,7.171734000,136.729387000,138.364379755,131.468585478
imul,2700,0xAA,31,1.039934541,0.000335176,143.917722000,7.179242000,136.738480000,138.391135524,131.487583698
imul,2700,0xAA,32,1.039868711,0.000271300,143.882932000,7.146100000,136.736832000,138.366440377,131.494322844
imul,2700,0xAA,33,1.039887223,0.000325225,143.805296000,7.166120000,136.639176000,138.289319024,131.398071745
imul,2700,0xAA,34,1.039931381,0.000368152,143.906980000,7.176556000,136.730424000,138.381226511,131.480236570
imul,2700,0xAA,35,1.039907562,0.000368999,143.867613000,7.159711000,136.707902000,138.346539939,131.461590484
imul,2700,0xAA,36,1.039907486,0.000394025,143.927854000,7.134931000,136.792923000,138.404479180,131.543358267
imul,2700,0xAA,37,1.039895277,0.000369618,143.870725000,7.157757000,136.712968000,138.351166874,131.468015120
imul,2700,0xAA,38,1.039930183,0.000415051,143.950071000,7.176923000,136.773148000,138.422822424,131.521471621
imul,2700,0xAA,39,1.039896892,0.000341472,143.912473000,7.170697000,136.741776000,138.391098293,131.495513687
imul,2700,0xAA,40,1.039997811,0.000459284,143.956419000,7.164777000,136.791642000,138.419925044,131.530701887
imul,2700,0xAA,41,1.039914309,0.000291204,143.933103000,7.171124000,136.761979000,138.408618576,131.512738852
imul,2700,0xAA,42,1.039887716,0.000295270,144.001279000,7.183453000,136.817826000,138.477719050,131.569806890
imul,2700,0xAA,43,1.039965829,0.000353149,143.908811000,7.170636000,136.738175000,138.378403421,131.483334563
imul,2700,0xAA,44,1.039880898,0.000302656,143.798948000,7.156354000,136.642594000,138.284055666,131.402157929
imul,2700,0xAA,45,1.039874214,0.000275779,143.733702000,7.176251000,136.557451000,138.222200373,131.321124357
imul,2700,0xAA,46,1.039913850,0.000346861,143.882566000,7.173016000,136.709550000,138.360082476,131.462380323
imul,2700,0xAA,47,1.039878415,0.000297181,143.627074000,7.180340000,136.446734000,138.119103059,131.214122732
imul,2700,0xAA,48,1.039931500,0.000439598,143.755552000,7.167828000,136.587724000,138.235597272,131.343000980
imul,2700,0xAA,49,1.039923439,0.000334159,143.705748000,7.173504000,136.532244000,138.188776752,131.290668940
imul,2700,0xAA,50,1.039996910,0.000441686,143.965696000,7.170025000,136.795671000,138.428965097,131.534689808
imul,2700,0xAA,51,1.039944236,0.000372213,143.816099000,7.173810000,136.642289000,138.292125747,131.393861634
imul,2700,0xAA,52,1.039888177,0.000335422,143.772215000,7.131024000,136.641191000,138.257380116,131.399888939
imul,2700,0xAA,53,1.039895866,0.000320442,143.720030000,7.163189000,136.556841000,138.206174959,131.317803503
imul,2700,0xAA,54,1.039902115,0.000382526,143.638793000,7.147382000,136.491411000,138.127224633,131.254095038
imul,2700,0xAA,55,1.039882319,0.000317195,143.640318000,7.142377000,136.497941000,138.131320612,131.262873222
imul,2700,0xAA,56,1.039894073,0.000368475,143.841611000,7.150372000,136.691239000,138.323329953,131.447271915
imul,2700,0xAA,57,1.039961620,0.000483862,143.978147000,7.172345000,136.805802000,138.445635095,131.548895004
imul,2700,0xAA,58,1.039924679,0.000376740,143.862547000,7.165692000,136.696855000,138.339391170,131.448803666
imul,2700,0xAA,59,1.039952229,0.000424023,143.768003000,7.129071000,136.638932000,138.244814513,131.389623667
imul,2700,0xAA,60,1.040003677,0.000427508,143.920591000,7.171795000,136.748796000,138.384694375,131.488762025
imul,2700,0xAA,61,1.039945215,0.000370684,143.916746000,7.175702000,136.741044000,138.388776519,131.488699578
imul,2700,0xAA,62,1.039918553,0.000378122,143.771727000,7.178509000,136.593218000,138.252872434,131.349919331
imul,2700,0xAA,63,1.039872497,0.000292166,143.854368000,7.165021000,136.689347000,138.338467879,131.448179866
imul,2700,0xAA,64,1.039937204,0.000427653,143.874265000,7.174542000,136.699723000,138.348993027,131.449978383
imul,2700,0xAA,65,1.039886473,0.000313118,143.893553000,7.154523000,136.739030000,138.374290609,131.494190534
imul,2700,0xAA,66,1.039921947,0.000393654,143.881956000,7.151593000,136.730363000,138.358418576,131.481370715
imul,2700,0xAA,67,1.040235053,0.001689942,144.524105000,7.207807000,137.316298000,138.934084732,132.005067123
imul,2700,0xAA,68,1.039995692,0.000394845,143.900877000,7.170635000,136.730242000,138.366801071,131.471931163
imul,2700,0xAA,69,1.039939412,0.000388659,143.735045000,7.154706000,136.580339000,138.214826144,131.334900334
imul,2700,0xAA,70,1.040013844,0.000457730,143.898801000,7.168988000,136.729813000,138.362389957,131.469224021
imul,2700,0xAA,71,1.039971558,0.000440752,143.808531000,7.174604000,136.633927000,138.281215327,131.382368967
imul,2700,0xAA,72,1.039947693,0.000402260,143.882994000,7.167768000,136.715226000,138.355991353,131.463560080
imul,2700,0xAA,73,1.039950809,0.000367482,143.854734000,7.175213000,136.679521000,138.328402482,131.428832867
imul,2700,0xAA,74,1.039940915,0.000347812,143.663634000,7.175092000,136.488542000,138.145958094,131.246439189
imul,2700,0xAA,75,1.039914246,0.000320683,143.702574000,7.152570000,136.550004000,138.186946291,131.308908000
imul,2700,0xAA,76,1.039911207,0.000349625,143.805968000,7.162030000,136.643938000,138.286775811,131.399620495
imul,2700,0xAA,77,1.039896638,0.000340247,143.819456000,7.172955000,136.646501000,138.301683744,131.403926087
imul,2700,0xAA,78,1.040045863,0.000739570,144.206601000,7.185833000,137.020768000,138.654078805,131.744928682
imul,2700,0xAA,79,1.039900877,0.000317720,143.809995000,7.159162000,136.650833000,138.292021996,131.407556220
imul,2700,0xAA,80,1.040001525,0.000412597,143.950864000,7.171674000,136.779190000,138.414089321,131.518259049
imul,2700,0xAA,81,1.039949786,0.000343129,143.798582000,7.179181000,136.619401000,138.274543556,131.371151589
imul,2700,0xAA,82,1.040076602,0.000343845,144.045347000,7.180523000,136.864824000,138.494940423,131.591099891
imul,2700,0xAA,83,1.039895606,0.000316355,143.726378000,7.157880000,136.568498000,138.212314029,131.329046169
imul,2700,0xAA,84,1.039913882,0.000355624,143.844053000,7.158612000,136.685441000,138.323043326,131.439192537
imul,2700,0xAA,85,1.039894363,0.000327268,143.784056000,7.162762000,136.621294000,138.267944400,131.379973609
imul,2700,0xAA,86,1.039941338,0.000426638,143.778440000,7.163677000,136.614763000,138.256298505,131.367758988
imul,2700,0xAA,87,1.039909606,0.000377755,143.744139000,7.141583000,136.602556000,138.227532634,131.360028999
imul,2700,0xAA,88,1.039912817,0.000340281,143.913511000,7.173077000,136.740434000,138.389977110,131.492209451
imul,2700,0xAA,89,1.039879234,0.000319073,143.702330000,7.161969000,136.540361000,138.191364191,131.304055778
imul,2700,0xAA,90,1.039994757,0.000426916,143.952451000,7.162152000,136.790299000,138.416516089,131.529796755
imul,2700,0xAA,91,1.039983463,0.000415385,143.983274000,7.135358000,136.847916000,138.447657187,131.586626938
imul,2700,0xAA,92,1.040045246,0.000554741,143.931517000,7.164899000,136.766618000,138.389668712,131.500642461
imul,2700,0xAA,93,1.039896452,0.000334273,143.708250000,7.150800000,136.557450000,138.194769045,131.318315157
imul,2700,0xAA,94,1.039898246,0.000406185,143.810789000,7.154584000,136.656205000,138.293135485,131.413054642
imul,2700,0xAA,95,1.039917318,0.000381820,143.740111000,7.093183000,136.646928000,138.222634200,131.401723653
imul,2700,0xAA,96,1.039927030,0.000355317,143.800352000,7.143659000,136.656693000,138.279271388,131.409886523
imul,2700,0xAA,97,1.039901187,0.000262505,143.747252000,7.130536000,136.616716000,138.231645211,131.374709104
imul,2700,0xAA,98,1.039862512,0.000274785,143.773192000,7.148175000,136.625017000,138.261732061,131.387578105
imul,2700,0xAA,99,1.039895409,0.000323573,143.812376000,7.143964000,136.668412000,138.295038928,131.425151879
imul,2900,0x00,0,0.968094725,0.000158964,137.807692000,6.649580000,131.158112000,142.349388388,135.480659710
imul,2900,0x00,1,0.968220447,0.000283202,138.483960000,6.673567000,131.810393000,143.029369437,136.136758337
imul,2900,0x00,2,0.968103028,0.000261532,138.115675000,6.670698000,131.444977000,142.666297841,135.775814283
imul,2900,0x00,3,0.968101385,0.000179805,137.741652000,6.664106000,131.077546000,142.280193060,135.396507011
imul,2900,0x00,4,0.968097932,0.000159406,137.894850000,6.648970000,131.245880000,142.438946930,135.570871110
imul,2900,0x00,5,0.968103498,0.000185132,138.002760000,6.666548000,131.336212000,142.549593317,135.663399836
imul,2900,0x00,6,0.968102346,0.000206157,137.943983000,6.679792000,131.264191000,142.489049339,135.589167291
imul,2900,0x00,7,0.968151852,0.000260357,138.091321000,6.678267000,131.413054000,142.633948068,135.735994007
imul,2900,0x00,8,0.968137809,0.000429677,138.053236000,6.680159000,131.373077000,142.596678641,135.696670255
imul,2900,0x00,9,0.968102465,0.000185352,138.389416000,6.643843000,131.745573000,142.949141262,136.086393525
imul,2900,0x00,10,0.968100472,0.000209972,137.976270000,6.668196000,131.308074000,142.522676102,135.634758791
imul,2900,0x00,11,0.968214181,0.000310546,138.481884000,6.674605000,131.807279000,143.028150949,136.134423164
imul,2900,0x00,12,0.968082328,0.000168624,137.724501000,6.677717000,131.046784000,142.265277500,135.367396185
imul,2900,0x00,13,0.968066662,0.000174843,138.130872000,6.666731000,131.464141000,142.687355485,135.800710940
imul,2900,0x00,14,0.968138695,0.000388305,138.234021000,6.676131000,131.557890000,142.783282714,135.887441205
imul,2900,0x00,15,0.968094286,0.000181325,137.934217000,6.669295000,131.264922000,142.480147843,135.591051299
imul,2900,0x00,16,0.968088125,0.000157658,137.854078000,6.673506000,131.180572000,142.398273860,135.504783665
imul,2900,0x00,17,0.968102909,0.000180795,137.942884000,6.673384000,131.269500000,142.487831301,135.594572395
imul,2900,0x00,18,0.968287027,0.000603834,138.624340000,6.684370000,131.939970000,143.164512308,136.261218333
imul,2900,0x00,19,0.968072718,0.000116092,137.840101000,6.663191000,131.176910000,142.386102223,135.503157507
imul,2900,0x00,20,0.968082209,0.000180154,138.512219000,6.675215000,131.837004000,143.078984064,136.183686396
imul,2900,0x00,21,0.968181260,0.000366860,138.180555000,6.687056000,131.493499000,142.721782267,135.814959882
imul,2900,0x00,22,0.968111009,0.000201878,138.385449000,6.668379000,131.717070000,142.943782009,136.055750637
imul,2900,0x00,23,0.968065283,0.000149066,137.966382000,6.669112000,131.297270000,142.517642573,135.628528671
imul,2900,0x00,24,0.968581311,0.002739307,139.320139000,6.750715000,132.569424000,143.839383809,136.869690175
imul,2900,0x00,25,0.968101551,0.000158629,137.960890000,6.669844000,131.291046000,142.506630427,135.617018495
imul,2900,0x00,26,0.968080656,0.000167338,138.507274000,6.652143000,131.855131000,143.074105626,136.202629618
imul,2900,0x00,27,0.968143997,0.000407734,137.991102000,6.688399000,131.302703000,142.531588744,135.623113329
imul,2900,0x00,28,0.968071949,0.000175222,137.669935000,6.667158000,131.002777000,142.210437104,135.323389083
imul,2900,0x00,29,0.968098878,0.000163783,137.939284000,6.661604000,131.277680000,142.484705947,135.603586518
imul,2900,0x00,30,0.968094199,0.000172498,138.576977000,6.663801000,131.913176000,143.144104248,136.260682155
imul,2900,0x00,31,0.968219181,0.000489684,138.422680000,6.678877000,131.743803000,142.966264986,136.068160578
imul,2900,0x00,32,0.968140317,0.000212549,138.108473000,6.668623000,131.439850000,142.653363944,135.765289062
imul,2900,0x00,33,0.968092194,0.000150802,138.425244000,6.676314000,131.748930000,142.987666783,136.091305007
imul,2900,0x00,34,0.968095316,0.000168095,138.482434000,6.648726000,131.833708000,143.046280410,136.178438068
imul,2900,0x00,35,0.968098398,0.000160815,137.979261000,6.672041000,131.307220000,142.526070997,135.634167225
imul,2900,0x00,36,0.968093225,0.000172516,138.036756000,6.679487000,131.357269000,142.586222478,135.686590474
imul,2900,0x00,37,0.968091553,0.000156635,138.093397000,6.675642000,131.417755000,142.644976647,135.749304457
imul,2900,0x00,38,0.968099808,0.000179050,138.275952000,6.672652000,131.603300000,142.832330786,135.939805919
imul,2900,0x00,39,0.968111459,0.000248996,138.151196000,6.681196000,131.470000000,142.701746499,135.800479152
imul,2900,0x00,40,0.968118044,0.000188319,138.081739000,6.676618000,131.405121000,142.629031533,135.732539889
imul,2900,0x00,41,0.968172216,0.000291854,138.182080000,6.672530000,131.509550000,142.724690619,135.832807244
imul,2900,0x00,42,0.968125130,0.000220561,138.276197000,6.661238000,131.614959000,142.828848003,135.948293212
imul,2900,0x00,43,0.968064661,0.000154506,138.176710000,6.660811000,131.515899000,142.735000622,135.854457134
imul,2900,0x00,44,0.968074706,0.000171847,138.336865000,6.675092000,131.661773000,142.898956136,136.003732083
imul,2900,0x00,45,0.968094958,0.000164177,138.066053000,6.672346000,131.393707000,142.616229760,135.723986449
imul,2900,0x00,46,0.968098314,0.000184678,138.277173000,6.681135000,131.596038000,142.833812450,135.932514406
imul,2900,0x00,47,0.968106915,0.000231678,138.730052000,6.668990000,132.061062000,143.300341929,136.411650305
imul,2900,0x00,48,0.968094979,0.000180130,138.531140000,6.684248000,131.846892000,143.096641395,136.192103981
imul,2900,0x00,49,0.968082560,0.000148066,138.264173000,6.686750000,131.577423000,142.822708231,135.915497754
imul,2900,0x00,50,0.968110023,0.000183781,138.360119000,6.689192000,131.670927000,142.917763139,136.008226165
imul,2900,0x00,51,0.968247524,0.000358042,139.462717000,6.680525000,132.782192000,144.036223716,137.136619190
imul,2900,0x00,52,0.968131657,0.000156943,138.416821000,6.670515000,131.746306000,142.973138060,136.083047281
imul,2900,0x00,53,0.968092220,0.000180962,138.301526000,6.675398000,131.626128000,142.859867240,135.964451841
imul,2900,0x00,54,0.968112103,0.000166067,138.491405000,6.673262000,131.818143000,143.053066412,136.159998989
imul,2900,0x00,55,0.968106060,0.000186585,139.026621000,6.676375000,132.350246000,143.606807915,136.710481907
imul,2900,0x00,56,0.968139224,0.000393250,139.091746000,6.682539000,132.409207000,143.669156771,136.766700149
imul,2900,0x00,57,0.968092741,0.000184566,138.674816000,6.679304000,131.995512000,143.245383522,136.345937099
imul,2900,0x00,58,0.968098511,0.000164775,138.323255000,6.674666000,131.648589000,142.881383955,135.986769484
imul,2900,0x00,59,0.968095179,0.000184939,138.994944000,6.662336000,132.332608000,143.575701100,136.693799251
imul,2900,0x00,60,0.968139389,0.000340234,138.579845000,6.684004000,131.895841000,143.140385097,136.236416439
imul,2900,0x00,61,0.968181533,0.000292542,138.792370000,6.671248000,132.121122000,143.353663769,136.463170850
imul,2900,0x00,62,0.968107312,0.000183593,138.435131000,6.674238000,131.760893000,142.995646577,136.101536886
imul,2900,0x00,63,0.968122040,0.000210090,139.117503000,6.664107000,132.453396000,143.698312006,136.814771788
imul,2900,0x00,64,0.968153354,0.000465103,138.330335000,6.697126000,131.633209000,142.880603005,135.963180291
imul,2900,0x00,65,0.968093100,0.000182326,138.487439000,6.678511000,131.808928000,143.051777699,136.153152973
imul,2900,0x00,66,0.968089260,0.000162695,138.386731000,6.685774000,131.700957000,142.948317580,136.042163081
imul,2900,0x00,67,0.968098431,0.000178078,138.768016000,6.670088000,132.097928000,143.340812900,136.450926717
imul,2900,0x00,68,0.968154561,0.000482234,138.613659000,6.676069000,131.937590000,143.173068247,136.277403783
imul,2900,0x00,69,0.968117231,0.000184658,138.465222000,6.682845000,131.782377000,143.025263388,136.122333883
imul,2900,0x00,70,0.968096011,0.000159334,137.964551000,6.668073000,131.296478000,142.511227613,135.623405617
imul,2900,0x00,71,0.968196463,0.000318522,139.232493000,6.682662000,132.549831000,143.806033449,136.903857855
imul,2900,0x00,72,0.968233764,0.000399006,138.995494000,6.682783000,132.312711000,143.555718812,136.653684152
imul,2900,0x00,73,0.968124845,0.000209598,138.803844000,6.675276000,132.128568000,143.373909596,136.478852585
imul,2900,0x00,74,0.968096237,0.000164090,138.332531000,6.675153000,131.657378000,142.891301140,135.996167432
imul,2900,0x00,75,0.968248195,0.000501464,139.754891000,6.682234000,133.072657000,144.337879258,137.436514466
imul,2900,0x00,76,0.968149169,0.000496280,138.745616000,6.658613000,132.087003000,143.310163877,136.432491286
imul,2900,0x00,77,0.968246132,0.000233666,138.482128000,6.699629000,131.782499000,143.023683177,136.104338209
imul,2900,0x00,78,0.968094646,0.000164386,138.795177000,6.681867000,132.113310000,143.369429398,136.467349082
imul,2900,0x00,79,0.968104605,0.000186612,138.741039000,6.683942000,132.057097000,143.312032966,136.407880286
imul,2900,0x00,80,0.968128164,0.000335912,139.621896000,6.671065000,132.950831000,144.218401243,137.327717500
imul,2900,0x00,81,0.968206870,0.000309873,139.227854000,6.700056000,132.527798000,143.799696374,136.879629801
imul,2900,0x00,82,0.968097095,0.000171996,138.817577000,6.682722000,132.134855000,143.392204822,136.489258793
imul,2900,0x00,83,0.968124200,0.000200572,138.421643000,6.698530000,131.723113000,142.979220006,136.060138756
imul,2900,0x00,84,0.968116495,0.000319730,138.967052000,6.703352000,132.263700000,143.543729139,136.619612019
imul,2900,0x00,85,0.968080651,0.000094036,138.381420000,6.660689000,131.720731000,142.944102733,136.063798913
imul,2900,0x00,86,0.968100375,0.000180549,138.928599000,6.679365000,132.249234000,143.506399329,136.606944300
imul,2900,0x00,87,0.968096008,0.000160147,138.534680000,6.685896000,131.848784000,143.100145979,136.193913593
imul,2900,0x00,88,0.968100649,0.000186527,139.287790000,6.689680000,132.598110000,143.877385148,136.967277192
imul,2900,0x00,89,0.968135410,0.000340412,138.776195000,6.668867000,132.107328000,143.343785921,136.455424098
imul,2900,0x00,90,0.968119342,0.000189873,138.955027000,6.691939000,132.263088000,143.530886145,136.618578217
imul,2900,0x00,91,0.968205413,0.000321342,139.141917000,6.674665000,132.467252000,143.711153803,136.817301619
imul,2900,0x00,92,0.968108546,0.000195528,139.305613000,6.665816000,132.639797000,143.894621640,137.009220179
imul,2900,0x00,93,0.968169842,0.000418208,139.173045000,6.683515000,132.489530000,143.748585237,136.845338810
imul,2900,0x00,94,0.968782542,0.003762137,140.937993000,6.824690000,134.113303000,145.479492913,138.434888266
imul,2900,0x00,95,0.968094563,0.000162824,139.067027000,6.675154000,132.391873000,143.650251061,136.755104392
imul,2900,0x00,96,0.968104628,0.000185881,139.309763000,6.683881000,132.625882000,143.899490768,136.995401266
imul,2900,0x00,97,0.968168678,0.000308773,139.714791000,6.673567000,133.041224000,144.308315473,137.415335817
imul,2900,0x00,98,0.968095792,0.000180948,139.064463000,6.688032000,132.376431000,143.647420098,136.738979784
imul,2900,0x00,99,0.968098242,0.000165234,139.403146000,6.685164000,132.717982000,143.996900302,137.091439976
imul,2900,0xAA,0,0.968109483,0.000176646,141.178288000,6.674665000,134.503623000,145.828845226,138.934309933
imul,2900,0xAA,1,0.968083413,0.000181438,141.294316000,6.676496000,134.617820000,145.952625648,139.056013322
imul,2900,0xAA,2,0.968129734,0.000426556,141.332830000,6.679488000,134.653342000,145.985424369,139.086051518
imul,2900,0xAA,3,0.968104879,0.000187897,141.149846000,6.673140000,134.476706000,145.800159694,138.907166855
imul,2900,0xAA,4,0.968190581,0.000330290,141.417241000,6.676802000,134.740439000,146.063434042,139.167269036
imul,2900,0xAA,5,0.968337509,0.000259263,141.307439000,6.700727000,134.606712000,145.927879155,139.008053229
imul,2900,0xAA,6,0.968176388,0.000537989,141.137700000,6.670942000,134.466758000,145.776845773,138.886632293
imul,2900,0xAA,7,0.968122966,0.000200521,141.186223000,6.636518000,134.549705000,145.835010586,138.979974363
imul,2900,0xAA,8,0.968096046,0.000162639,141.136297000,6.667341000,134.468956000,145.787494487,138.900428863
imul,2900,0xAA,9,0.968103933,0.000181713,141.254399000,6.658980000,134.595419000,145.908299947,139.029926898
imul,2900,0xAA,10,0.968169275,0.000540098,141.419072000,6.680647000,134.738425000,146.068539475,139.168251301
imul,2900,0xAA,11,0.968196834,0.000321869,141.365666000,6.641340000,134.724326000,146.009221461,139.149727849
imul,2900,0xAA,12,0.968127697,0.000168227,141.262883000,6.656965000,134.605918000,145.913481744,139.037358870
imul,2900,0xAA,13,0.968101652,0.000185889,141.231145000,6.660628000,134.570517000,145.884623520,139.004531964
imul,2900,0xAA,14,0.968156760,0.000444604,141.348576000,6.692610000,134.655966000,145.997613107,139.084879260
imul,2900,0xAA,15,0.968102253,0.000112538,140.948613000,6.632369000,134.316244000,145.592691919,138.741794731
imul,2900,0xAA,16,0.968093739,0.000180654,141.393376000,6.662458000,134.730918000,146.053393748,139.171355642
imul,2900,0xAA,17,0.968141214,0.000189482,141.094609000,6.657027000,134.437582000,145.737633053,138.861542145
imul,2900,0xAA,18,0.968094627,0.000184265,141.212773000,6.646956000,134.565817000,145.866704657,139.000685761
imul,2900,0xAA,19,0.968130276,0.000402121,141.254826000,6.661787000,134.593039000,145.904770796,139.023685506
imul,2900,0xAA,20,0.968081082,0.000174696,141.261296000,6.631147000,134.630149000,145.918868363,139.069083647
imul,2900,0xAA,21,0.968181870,0.000314902,141.273442000,6.645979000,134.627463000,145.916223332,139.051832245
imul,2900,0xAA,22,0.968125892,0.000190022,141.236699000,6.664106000,134.572593000,145.886707671,139.003195873
imul,2900,0xAA,23,0.968080822,0.000159527,141.154729000,6.654280000,134.500449000,145.808826857,138.935144570
imul,2900,0xAA,24,0.968097291,0.000177357,141.129156000,6.644575000,134.484581000,145.779930686,138.916390150
imul,2900,0xAA,25,0.968094903,0.000159233,141.124517000,6.658613000,134.465904000,145.775498347,138.897440239
imul,2900,0xAA,26,0.968099594,0.000176536,141.288762000,6.677901000,134.610861000,145.944449193,139.046500840
imul,2900,0xAA,27,0.968267154,0.000739126,141.546452000,6.697614000,134.848838000,146.185328555,139.268214849
imul,2900,0xAA,28,0.968120056,0.000198465,141.191960000,6.674910000,134.517050000,145.841374804,138.946661741
imul,2900,0xAA,29,0.968089654,0.000156294,141.228399000,6.670271000,134.558128000,145.883595046,138.993457366
imul,2900,0xAA,30,0.968102877,0.000184542,141.265386000,6.666487000,134.598899000,145.919808055,139.033673164
imul,2900,0xAA,31,0.968246791,0.000529120,141.351566000,6.668989000,134.682577000,145.987125649,139.099430220
imul,2900,0xAA,32,0.968138167,0.000197543,141.328068000,6.652937000,134.675131000,145.979233969,139.107346023
imul,2900,0xAA,33,0.968090880,0.000161618,141.184759000,6.671980000,134.512779000,145.838331761,138.946437483
imul,2900,0xAA,34,0.968099716,0.000185109,141.283147000,6.674849000,134.608298000,145.938630833,139.043835914
imul,2900,0xAA,35,0.968134667,0.000422208,141.356388000,6.689558000,134.666830000,146.009013858,139.099274719
imul,2900,0xAA,36,0.968112837,0.000180234,141.199895000,6.676558000,134.523337000,145.850658664,138.954191907
imul,2900,0xAA,37,0.968079548,0.000147109,141.078984000,6.656172000,134.422812000,145.730776194,138.855130478
imul,2900,0xAA,38,0.968113696,0.000201848,141.325749000,6.677657000,134.648092000,145.980528489,139.082932652
imul,2900,0xAA,39,0.968147777,0.000422637,141.390080000,6.696821000,134.693259000,146.041837149,139.124689624
imul,2900,0xAA,40,0.968094373,0.000182429,141.343877000,6.685652000,134.658225000,146.002167629,139.096175627
imul,2900,0xAA,41,0.968186160,0.000311384,141.243535000,6.679182000,134.564353000,145.884687045,138.986032351
imul,2900,0xAA,42,0.968118079,0.000188433,141.300846000,6.680647000,134.620199000,145.954144569,139.053491490
imul,2900,0xAA,43,0.968145724,0.000579685,141.330632000,6.697493000,134.633139000,145.980742885,139.062886580
imul,2900,0xAA,44,0.968091136,0.000175261,141.075567000,6.667402000,134.408165000,145.725502302,138.838338733
imul,2900,0xAA,45,0.968084535,0.000153253,141.003973000,6.662276000,134.341697000,145.652541588,138.770626054
imul,2900,0xAA,46,0.968115112,0.000173423,141.158452000,6.679732000,134.478720000,145.807508005,138.907778919
imul,2900,0xAA,47,0.968163778,0.000579390,141.404240000,6.683454000,134.720786000,146.054049191,139.150822532
imul,2900,0xAA,48,0.968094981,0.000125397,141.122930000,6.691572000,134.431358000,145.773847413,138.861744641
imul,2900,0xAA,49,0.968051907,0.000167785,141.169683000,6.667646000,134.502037000,145.828629680,138.940934966
imul,2900,0xAA,50,0.968053629,0.000143761,141.053594000,6.665632000,134.387962000,145.708450160,138.822848166
imul,2900,0xAA,51,0.968183557,0.000313897,141.286869000,6.679914000,134.606955000,145.929837401,139.030408099
imul,2900,0xAA,52,0.968103906,0.000163538,141.220098000,6.662337000,134.557761000,145.872872886,138.991032043
imul,2900,0xAA,53,0.968071264,0.000166365,141.038945000,6.664289000,134.374656000,145.690663697,138.806574430
imul,2900,0xAA,54,0.968070933,0.000145711,141.173161000,6.648543000,134.524618000,145.829356352,138.961530063
imul,2900,0xAA,55,0.968092932,0.000178630,141.142583000,6.661237000,134.481346000,145.794456653,138.913674054
imul,2900,0xAA,56,0.968186164,0.000610084,141.622135000,6.690047000,134.932088000,146.275726919,139.365850239
imul,2900,0xAA,57,0.968082585,0.000183450,141.300297000,6.659285000,134.641012000,145.958928636,139.080088855
imul,2900,0xAA,58,0.968083484,0.000159792,141.258001000,6.648603000,134.609398000,145.915102694,139.047303471
imul,2900,0xAA,59,0.968109653,0.000200268,141.284001000,6.668623000,134.615378000,145.938014921,139.049721866
imul,2900,0xAA,60,0.968179730,0.000612800,141.620853000,6.701277000,134.919576000,146.275374962,139.353853271
imul,2900,0xAA,61,0.968185386,0.000301499,141.321904000,6.671125000,134.650779000,145.965747938,139.075409479
imul,2900,0xAA,62,0.968121114,0.000177462,141.131780000,6.642500000,134.489280000,145.779053769,138.917825457
imul,2900,0xAA,63,0.968099244,0.000194789,141.246648000,6.665877000,134.580771000,145.901000138,139.015469508
imul,2900,0xAA,64,0.968137491,0.000379018,141.331120000,6.675703000,134.655417000,145.982488295,139.087080298
imul,2900,0xAA,65,0.968092405,0.000172762,141.146306000,6.677961000,134.468345000,145.798381758,138.900320202
imul,2900,0xAA,66,0.968071763,0.000149345,141.017705000,6.631209000,134.386496000,145.668648067,138.818733369
imul,2900,0xAA,67,0.968120080,0.000229416,141.191899000,6.653242000,134.538657000,145.841308234,138.968976860
imul,2900,0xAA,68,0.968095489,0.000276613,141.347478000,6.659285000,134.688193000,146.005719038,139.126970945
imul,2900,0xAA,69,0.968103432,0.000241340,141.325993000,6.672651000,134.653342000,145.982328325,139.089830290
imul,2900,0xAA,70,0.968089820,0.000212743,141.264837000,6.673384000,134.591453000,145.921209073,139.027856966
imul,2900,0xAA,71,0.968204552,0.000315190,141.381230000,6.653852000,134.727378000,146.024132762,139.151770937
imul,2900,0xAA,72,0.968180381,0.000534565,141.603153000,6.682356000,134.920797000,146.256994906,139.355020715
imul,2900,0xAA,73,0.968091802,0.000224271,141.290593000,6.667342000,134.623251000,145.947515191,139.060418343
imul,2900,0xAA,74,0.968078392,0.000191772,141.370305000,6.662519000,134.707786000,146.031877398,139.149667179
imul,2900,0xAA,75,0.968107267,0.000191872,141.296819000,6.636153000,134.660666000,145.951614820,139.096844462
imul,2900,0xAA,76,0.968128983,0.000498021,141.564457000,6.666121000,134.898336000,146.224789717,139.339218564
imul,2900,0xAA,77,0.968095756,0.000232702,141.577884000,6.660749000,134.917135000,146.243678024,139.363419578
imul,2900,0xAA,78,0.968073592,0.000194748,141.239995000,6.652266000,134.587729000,145.897993927,139.026340721
imul,2900,0xAA,79,0.968120878,0.000243417,141.413334000,6.642194000,134.771140000,146.069914570,139.209000661
imul,2900,0xAA,80,0.968145429,0.000552820,141.520146000,6.636702000,134.883444000,146.176536802,139.321469580
imul,2900,0xAA,81,0.968150907,0.000289344,141.552250000,6.681807000,134.870443000,146.208869938,139.307252686
imul,2900,0xAA,82,0.968109175,0.000224067,141.429142000,6.657209000,134.771933000,146.088009085,139.211502623
imul,2900,0xAA,83,0.968095990,0.000169981,141.166082000,6.640242000,134.525840000,145.818269605,138.959195637
imul,2900,0xAA,84,0.968136030,0.000433007,141.406071000,6.665754000,134.740317000,146.060126553,139.174984593
imul,2900,0xAA,85,0.968173324,0.000590855,141.386113000,6.668196000,134.717917000,146.033886137,139.146487122
imul,2900,0xAA,86,0.968235681,0.000532407,141.549198000,6.677961000,134.871237000,146.192916498,139.295875691
imul,2900,0xAA,87,0.968124449,0.000220040,141.388798000,6.656355000,134.732443000,146.044032060,139.168516200
imul,2900,0xAA,88,0.968074846,0.000207054,141.337957000,6.658552000,134.679405000,145.998997446,139.120859845
imul,2900,0xAA,89,0.968176867,0.000559311,141.447147000,6.666975000,134.780172000,146.096391900,139.210279221
imul,2900,0xAA,90,0.968098457,0.000194390,141.348393000,6.657210000,134.691183000,146.006216538,139.129632912
imul,2900,0xAA,91,0.968161862,0.000315872,141.369084000,6.662031000,134.707053000,146.018026064,139.136913245
imul,2900,0xAA,92,0.968227919,0.000522852,141.629581000,6.685774000,134.943807000,146.277109161,139.371943684
imul,2900,0xAA,93,0.968172074,0.000709355,141.792545000,6.673872000,135.118673000,146.453867858,139.560597355
imul,2900,0xAA,94,0.968230244,0.000284469,141.582646000,6.686750000,134.895896000,146.228282910,139.322125988
imul,2900,0xAA,95,0.968089623,0.000212383,141.382450000,6.658186000,134.724264000,146.042728504,139.165073955
imul,2900,0xAA,96,0.968096144,0.000230075,141.289433000,6.643538000,134.645895000,145.945662435,139.083184939
imul,2900,0xAA,97,0.968187871,0.000731039,141.553532000,6.677595000,134.875937000,146.204611993,139.307608631
imul,2900,0xAA,98,0.968099680,0.000187642,141.249028000,6.673445000,134.575583000,145.903392848,139.010047943
imul,2900,0xAA,99,0.968075263,0.000155637,141.283268000,6.671309000,134.611959000,145.942442075,139.051129742
imul,3100,0x00,0,0.935802798,0.000287402,136.586748000,6.443159000,130.143589000,145.956763791,139.071596306
imul,3100,0x00,1,0.935863086,0.000287904,136.992020000,6.453414000,130.538606000,146.380407648,139.484725899
imul,3100,0x00,2,0.935794879,0.000167997,136.736223000,6.415999000,130.320224000,146.117729559,139.261527258
imul,3100,0x00,3,0.935795366,0.000178834,136.675859000,6.439742000,130.236117000,146.053147956,139.171577224
imul,3100,0x00,4,0.935775392,0.000094833,136.759416000,6.434126000,130.325290000,146.145557178,139.269840999
imul,3100,0x00,5,0.935828404,0.000294740,136.667069000,6.448348000,130.218721000,146.038598929,139.148075014
imul,3100,0x00,6,0.935778195,0.000173570,136.613115000,6.436751000,130.176364000,145.988777838,139.110277105
imul,3100,0x00,7,0.935780026,0.000153063,136.482012000,6.432722000,130.049290000,145.848391988,138.974210211
imul,3100,0x00,8,0.935788687,0.000173402,136.947098000,6.446089000,130.501009000,146.344040996,139.455638637
imul,3100,0x00,9,0.935808076,0.000289909,136.773575000,6.436141000,130.337434000,146.155583087,139.277953832
imul,3100,0x00,10,0.935916647,0.000190539,136.693742000,6.442245000,130.251497000,146.053329059,139.169975694
imul,3100,0x00,11,0.935872206,0.000270379,136.778947000,6.424849000,130.354098000,146.151307993,139.286215772
imul,3100,0x00,12,0.935826875,0.000239057,137.044876000,6.420027000,130.624849000,146.442552275,139.582280173
imul,3100,0x00,13,0.935812158,0.000305894,136.554399000,6.418135000,130.136264000,145.920736174,139.062377960
imul,3100,0x00,14,0.935797693,0.000175482,136.684709000,6.429488000,130.255221000,146.062241828,139.191645710
imul,3100,0x00,15,0.935768828,0.000146170,136.546952000,6.437606000,130.109346000,145.919534800,139.040051524
imul,3100,0x00,16,0.935798170,0.000191448,136.693498000,6.433394000,130.260104000,146.071559476,139.196792878
imul,3100,0x00,17,0.935789136,0.000208031,136.841202000,6.430831000,130.410371000,146.230808561,139.358714462
imul,3100,0x00,18,0.935779077,0.000162689,136.524003000,6.426497000,130.097506000,145.893412657,139.025876120
imul,3100,0x00,19,0.935769991,0.000093091,136.432879000,6.423873000,130.009006000,145.797450606,138.932651496
imul,3100,0x00,20,0.935768857,0.000149321,136.677446000,6.411788000,130.265658000,146.058981315,139.207088402
imul,3100,0x00,21,0.935859284,0.000270238,137.072769000,6.432479000,130.640290000,146.467285517,139.593945573
imul,3100,0x00,22,0.935824872,0.000273732,136.762834000,6.422407000,130.340427000,146.141482341,139.278652347
imul,3100,0x00,23,0.935790708,0.000171958,136.485796000,6.436934000,130.048862000,145.850770787,138.972166471
imul,3100,0x00,24,0.935780936,0.000156473,136.550432000,6.423140000,130.127292000,145.921365527,139.057430013
imul,3100,0x00,25,0.935788965,0.000196641,136.985245000,6.460311000,130.524934000,146.384762115,139.481163929
imul,3100,0x00,26,0.935786656,0.000255341,136.520586000,6.460433000,130.060153000,145.888579488,138.984833900
imul,3100,0x00,27,0.935792416,0.000183006,136.700822000,6.444625000,130.256197000,146.080284124,139.193473662
imul,3100,0x00,28,0.935782528,0.000156143,136.555132000,6.433638000,130.121494000,145.926139796,139.050997541
imul,3100,0x00,29,0.935801155,0.000211607,136.814286000,6.455427000,130.358859000,146.200167969,139.301878768
imul,3100,0x00,30,0.935855338,0.000309520,136.895524000,6.443221000,130.452303000,146.278509631,139.393662431
imul,3100,0x00,31,0.935856825,0.000269946,137.033768000,6.451461000,130.582307000,146.425996356,139.532355331
imul,3100,0x00,32,0.935800794,0.000154569,136.566911000,6.441146000,130.125765000,145.935878495,139.052847363
imul,3100,0x00,33,0.935757448,0.000157301,136.739152000,6.444381000,130.294771000,146.126704468,139.239897404
imul,3100,0x00,34,0.935752361,0.000152246,136.772843000,6.420210000,130.352633000,146.163502985,139.302489037
imul,3100,0x00,35,0.935735759,0.000101231,136.721940000,6.403609000,130.318331000,146.111697380,139.268302821
imul,3100,0x00,36,0.935739356,0.000152506,136.561418000,6.438521000,130.122897000,145.939590108,139.058912319
imul,3100,0x00,37,0.935751310,0.000154430,136.641557000,6.418563000,130.222994000,146.023367020,139.164105450
imul,3100,0x00,38,0.935741601,0.000195063,136.960770000,6.423506000,130.537264000,146.366015785,139.501400606
imul,3100,0x00,39,0.935782362,0.000260932,136.673722000,6.438888000,130.234834000,146.052893917,139.172140161
imul,3100,0x00,40,0.935761595,0.000151550,136.580278000,6.454634000,130.125644000,145.956276368,139.058542978
imul,3100,0x00,41,0.935836572,0.000294862,136.857926000,6.437789000,130.420137000,146.241266939,139.362086119
imul,3100,0x00,42,0.935776521,0.000164913,137.013870000,6.451094000,130.562776000,146.417298265,139.523457850
imul,3100,0x00,43,0.935766391,0.000132548,136.615678000,6.429854000,130.185824000,145.993358354,139.122141281
imul,3100,0x00,44,0.935760883,0.000152910,136.638566000,6.444014000,130.194552000,146.018676851,139.132287265
imul,3100,0x00,45,0.935763105,0.000131517,136.524492000,6.448042000,130.076450000,145.896425351,139.005747609
imul,3100,0x00,46,0.935971959,0.000230577,137.081375000,6.436385000,130.644990000,146.458848083,139.582162370
imul,3100,0x00,47,0.935765208,0.000161444,137.072098000,6.446639000,130.625459000,146.481293364,139.592130417
imul,3100,0x00,48,0.935788169,0.000189255,136.834123000,6.431624000,130.402499000,146.223394934,139.350446319
imul,3100,0x00,49,0.935768142,0.000138865,136.528765000,6.434859000,130.093906000,145.900206274,139.023653517
imul,3100,0x00,50,0.935775910,0.000158760,136.737260000,6.410995000,130.326265000,146.121799637,139.270805790
imul,3100,0x00,51,0.935863389,0.000262691,137.089492000,6.426070000,130.663422000,146.484512141,139.618050568
imul,3100,0x00,52,0.935763187,0.000133611,136.589006000,6.437057000,130.151949000,145.965355178,139.086417123
imul,3100,0x00,53,0.935758606,0.000160225,136.654802000,6.433638000,130.221164000,146.036382828,139.161064814
imul,3100,0x00,54,0.935762192,0.000142643,136.496720000,6.424910000,130.071810000,145.866889157,139.000924650
imul,3100,0x00,55,0.935783697,0.000175478,137.092178000,6.439376000,130.652802000,146.499857221,139.618591795
imul,3100,0x00,56,0.935780954,0.000164061,136.379900000,6.433577000,129.946323000,145.739127704,138.864039073
imul,3100,0x00,57,0.935770117,0.000154903,136.464250000,6.431563000,130.032687000,145.830955117,138.957939106
imul,3100,0x00,58,0.935779063,0.000137942,136.548539000,6.444625000,130.103914000,145.919634592,139.032725864
imul,3100,0x00,59,0.935806804,0.000182552,136.977433000,6.421798000,130.555635000,146.373623649,139.511311931
imul,3100,0x00,60,0.935788062,0.000255568,136.977249000,6.432234000,130.545015000,146.376358617,139.502757362
imul,3100,0x00,61,0.935897062,0.000403145,137.094437000,6.448287000,130.646150000,146.484525442,139.594572197
imul,3100,0x00,62,0.935808282,0.000158709,137.213516000,6.435531000,130.777985000,146.625669715,139.748693814
imul,3100,0x00,63,0.935795028,0.000207872,136.758866000,6.424605000,130.334261000,146.141902770,139.276505106
imul,3100,0x00,64,0.935805558,0.000282705,136.675554000,6.435226000,130.240328000,146.051231308,139.174561314
imul,3100,0x00,65,0.935781527,0.000162361,136.763199000,6.423872000,130.339327000,146.148641566,139.283928155
imul,3100,0x00,66,0.935778535,0.000150306,136.790848000,6.404220000,130.386628000,146.178655402,139.334920735
imul,3100,0x00,67,0.935772460,0.000106515,136.842179000,6.418990000,130.423189000,146.234458557,139.374895709
imul,3100,0x00,68,0.935766148,0.000088098,136.788957000,6.399032000,130.389925000,146.178569533,139.340288398
imul,3100,0x00,69,0.935797164,0.000197184,136.751053000,6.424361000,130.326692000,146.133220236,139.268098978
imul,3100,0x00,70,0.935759572,0.000167903,136.521928000,6.423629000,130.098299000,145.894236186,139.029621393
imul,3100,0x00,71,0.935937562,0.000458226,137.294937000,6.444380000,130.850557000,146.692410416,139.806929738
imul,3100,0x00,72,0.935796251,0.000173622,137.235000000,6.416244000,130.818756000,146.650512770,139.794058712
imul,3100,0x00,73,0.935753807,0.000138380,136.663774000,6.380476000,130.283298000,146.046719682,139.228178363
imul,3100,0x00,74,0.935775653,0.000166192,136.784745000,6.419722000,130.365023000,146.172583757,139.312262076
imul,3100,0x00,75,0.935762705,0.000145716,136.880631000,6.441939000,130.438692000,146.277074514,139.392915782
imul,3100,0x00,76,0.935774748,0.000265211,137.293105000,6.431808000,130.861297000,146.715975544,139.842731725
imul,3100,0x00,77,0.935775286,0.000164660,136.731156000,6.403975000,130.327181000,146.115374175,139.271877559
imul,3100,0x00,78,0.935791792,0.000175781,136.572832000,6.422408000,130.150424000,145.943609605,139.080535946
imul,3100,0x00,79,0.935769471,0.000153170,136.899064000,6.447920000,130.451144000,146.295715243,139.405214748
imul,3100,0x00,80,0.935821166,0.000282424,136.914810000,6.427169000,130.487641000,146.304459650,139.436513899
imul,3100,0x00,81,0.935885522,0.000264820,137.668165000,6.415633000,131.252532000,147.099363860,140.244216680
imul,3100,0x00,82,0.935808762,0.000182234,137.334731000,6.443038000,130.891693000,146.755124160,139.870129849
imul,3100,0x00,83,0.935765235,0.000090368,136.913102000,6.405074000,130.508028000,146.311378978,139.466634423
imul,3100,0x00,84,0.935784210,0.000153586,136.955643000,6.418563000,130.537080000,146.353872567,139.494852152
imul,3100,0x00,85,0.935784100,0.000190067,137.566847000,6.396285000,131.170562000,147.007036098,140.171821652
imul,3100,0x00,86,0.935769580,0.000158817,136.785600000,6.416427000,130.369173000,146.174446075,139.317601038
imul,3100,0x00,87,0.935781390,0.000164085,137.043106000,6.426803000,130.616303000,146.447778725,139.579932168
imul,3100,0x00,88,0.935798032,0.000259766,136.741654000,6.415450000,130.326204000,146.123040750,139.267448219
imul,3100,0x00,89,0.935771302,0.000168908,137.100174000,6.405258000,130.694916000,146.510342534,139.665445724
imul,3100,0x00,90,0.935785194,0.000212695,136.790177000,6.388777000,130.401400000,146.176898140,139.349714893
imul,3100,0x00,91,0.935890887,0.000277558,136.924149000,6.421797000,130.502352000,146.303539200,139.441845072
imul,3100,0x00,92,0.935795802,0.000170529,136.975968000,6.419539000,130.556429000,146.373779045,139.513800635
imul,3100,0x00,93,0.935787758,0.000215729,136.904312000,6.429121000,130.475191000,146.298464473,139.428187588
imul,3100,0x00,94,0.935801041,0.000231998,137.004776000,6.389449000,130.615327000,146.403744034,139.575958294
imul,3100,0x00,95,0.935780167,0.000171432,136.837845000,6.430953000,130.406892000,146.228622670,139.356332335
imul,3100,0x00,96,0.935775868,0.000154148,136.518266000,6.409590000,130.108676000,145.887782224,139.038289497
imul,3100,0x00,97,0.935792462,0.000177476,136.778703000,6.414779000,130.363924000,146.163501532,139.308585235
imul,3100,0x00,98,0.935807833,0.000294864,137.283096000,6.390974000,130.892122000,146.700092933,139.870727140
imul,3100,0x00,99,0.935774540,0.000106924,136.789445000,6.381698000,130.407747000,146.177780224,139.358084101
imul,3100,0xAA,0,0.935815815,0.000171211,139.524973000,6.384811000,133.140162000,149.094480728,142.271758888
imul,3100,0xAA,1,0.935789528,0.000173431,139.844308000,6.411909000,133.432399000,149.439915528,142.588044665
imul,3100,0xAA,2,0.935783259,0.000155746,139.707833000,6.410872000,133.296961000,149.295076181,142.444267582
imul,3100,0xAA,3,0.935795869,0.000182123,139.980843000,6.434920000,133.545923000,149.584805444,142.708391246
imul,3100,0xAA,4,0.935869675,0.000269221,140.180183000,6.415328000,133.764855000,149.786008371,142.931071011
imul,3100,0xAA,5,0.935840345,0.000205163,139.908150000,6.425399000,133.482751000,149.500019668,142.634106018
imul,3100,0xAA,6,0.935780198,0.000153508,139.896492000,6.429244000,133.467248000,149.497170702,142.626706875
imul,3100,0xAA,7,0.935816918,0.000333828,140.027535000,6.446761000,133.580774000,149.631335261,142.742422616
imul,3100,0xAA,8,0.935793504,0.000223362,140.359260000,6.442427000,133.916833000,149.989564416,143.105110768
imul,3100,0xAA,9,0.935782387,0.000177162,139.916451000,6.412459000,133.503992000,149.518149621,142.665638731
imul,3100,0xAA,10,0.935767170,0.000093726,139.779366000,6.436446000,133.342920000,149.374086303,142.495830464
imul,3100,0xAA,11,0.935874199,0.000292980,140.009895000,6.426314000,133.583581000,149.603328331,142.736685346
imul,3100,0xAA,12,0.935847012,0.000361580,140.241401000,6.452986000,133.788415000,149.855050251,142.959707404
imul,3100,0xAA,13,0.935797159,0.000225541,139.945565000,6.385665000,133.559900000,149.546900826,142.723130381
imul,3100,0xAA,14,0.935785849,0.000175763,139.869759000,6.429854000,133.439905000,149.467700437,142.596626244
imul,3100,0xAA,15,0.935784993,0.000159320,139.811837000,6.438521000,133.373316000,149.405940573,142.525598346
imul,3100,0xAA,16,0.935827047,0.000259492,140.052681000,6.440841000,133.611840000,149.656586018,142.774073893
imul,3100,0xAA,17,0.935786018,0.000223008,139.848153000,6.445479000,133.402674000,149.444584872,142.556814725
imul,3100,0xAA,18,0.935783028,0.000172236,139.898385000,6.416244000,133.482141000,149.498741434,142.642190497
imul,3100,0xAA,19,0.935774278,0.000153655,140.046638000,6.418868000,133.627770000,149.658567520,142.799148375
imul,3100,0xAA,20,0.935828638,0.000354370,140.034310000,6.440413000,133.593897000,149.636700874,142.754657797
imul,3100,0xAA,21,0.935887133,0.000471925,140.133308000,6.440230000,133.693078000,149.733128124,142.851710725
imul,3100,0xAA,22,0.935820762,0.000218644,140.127021000,6.415816000,133.711205000,149.737029525,142.881212403
imul,3100,0xAA,23,0.935777048,0.000155434,139.966256000,6.447066000,133.519190000,149.572225872,142.682693784
imul,3100,0xAA,24,0.935834321,0.000364843,139.815133000,6.433883000,133.381250000,149.401587366,142.526563808
imul,3100,0xAA,25,0.935802948,0.000235902,140.024483000,6.435531000,133.588952000,149.630307697,142.753292599
imul,3100,0xAA,26,0.935790345,0.000126683,139.744271000,6.400008000,133.344263000,149.332884010,142.493736720
imul,3100,0xAA,27,0.935786814,0.000174967,139.968331000,6.431808000,133.536523000,149.572882352,142.699727158
imul,3100,0xAA,28,0.935780640,0.000154912,139.975777000,6.440169000,133.535608000,149.581826148,142.699690822
imul,3100,0xAA,29,0.935785068,0.000171530,140.065742000,6.450606000,133.615136000,149.677256866,142.784000904
imul,3100,0xAA,30,0.935805599,0.000286601,139.996712000,6.443099000,133.553613000,149.600207776,142.715125009
imul,3100,0xAA,31,0.936007091,0.000286598,140.282661000,6.456893000,133.825768000,149.873502429,142.975164731
imul,3100,0xAA,32,0.935816459,0.000173540,139.901619000,6.454573000,133.447046000,149.496856570,142.599592757
imul,3100,0xAA,33,0.935799130,0.000225549,140.106025000,6.453047000,133.652978000,149.718054281,142.822293438
imul,3100,0xAA,34,0.935796156,0.000302084,139.818734000,6.445418000,133.373316000,149.411528488,142.523898143
imul,3100,0xAA,35,0.935791102,0.000170208,140.001778000,6.426192000,133.575586000,149.607938808,142.740816453
imul,3100,0xAA,36,0.935764040,0.000153073,139.869210000,6.437911000,133.431299000,149.470597281,142.590752872
imul,3100,0xAA,37,0.935827905,0.000239798,139.860421000,6.439681000,133.420740000,149.451005063,142.569738791
imul,3100,0xAA,38,0.935812118,0.000303261,139.955025000,6.422042000,133.532983000,149.554619265,142.692085774
imul,3100,0xAA,39,0.935785110,0.000172519,139.868172000,6.410506000,133.457666000,149.466122583,142.615718650
imul,3100,0xAA,40,0.935778423,0.000153804,140.044685000,6.425032000,133.619653000,149.655817654,142.789841859
imul,3100,0xAA,41,0.935879044,0.000349702,139.977913000,6.412215000,133.565698000,149.568380548,142.716838096
imul,3100,0xAA,42,0.935849321,0.000308565,139.946602000,6.431136000,133.515466000,149.539673656,142.667695595
imul,3100,0xAA,43,0.935765876,0.000097686,139.878121000,6.411361000,133.466760000,149.479826805,142.628368371
imul,3100,0xAA,44,0.935794798,0.000171268,139.916756000,6.419356000,133.497400000,149.516492662,142.656702443
imul,3100,0xAA,45,0.935795413,0.000158998,139.864266000,6.422347000,133.441919000,149.460303074,142.597321153
imul,3100,0xAA,46,0.935822267,0.000343775,139.902901000,6.433028000,133.469873000,149.497298647,142.623100177
imul,3100,0xAA,47,0.935795936,0.000219632,139.954415000,6.427901000,133.526514000,149.556553483,142.687640347
imul,3100,0xAA,48,0.935804978,0.000197225,139.900032000,6.396102000,133.503930000,149.496994852,142.662128454
imul,3100,0xAA,49,0.935784585,0.000151311,139.831123000,6.436690000,133.394433000,149.426615072,142.548226497
imul,3100,0xAA,50,0.935824149,0.000343907,140.096444000,6.441451000,133.654993000,149.703813564,142.820628295
imul,3100,0xAA,51,0.935946720,0.000509002,140.218696000,6.441634000,133.777062000,149.814827078,142.932347698
imul,3100,0xAA,52,0.935823314,0.000187659,139.941719000,6.393782000,133.547937000,149.538611465,142.706358087
imul,3100,0xAA,53,0.935776598,0.000155349,139.860360000,6.428634000,133.431726000,149.459134077,142.589295683
imul,3100,0xAA,54,0.935814541,0.000253025,140.102303000,6.434676000,133.667627000,149.711611542,142.835595280
imul,3100,0xAA,55,0.935812663,0.000288319,140.075142000,6.421309000,133.653833000,149.682888042,142.821141822
imul,3100,0xAA,56,0.935799232,0.000175393,140.037666000,6.430891000,133.606775000,149.644989271,142.772905194
imul,3100,0xAA,57,0.935785091,0.000149216,140.013680000,6.426620000,133.587060000,149.621618699,142.753994855
imul,3100,0xAA,58,0.935867139,0.000440855,140.012581000,6.446638000,133.565943000,149.607326884,142.718915345
imul,3100,0xAA,59,0.935769663,0.000090213,140.044991000,6.434798000,133.610193000,149.657545508,142.781069115
imul,3100,0xAA,60,0.935812132,0.000305425,140.143135000,6.432418000,133.710717000,149.755629618,142.882008534
imul,3100,0xAA,61,0.935867222,0.000303625,140.250984000,6.413069000,133.837915000,149.862053829,143.009512305
imul,3100,0xAA,62,0.935817452,0.000167998,140.057014000,6.431074000,133.625940000,149.662750719,142.790604888
imul,3100,0xAA,63,0.935836673,0.000429832,140.174263000,6.445846000,133.728417000,149.784964679,142.897175189
imul,3100,0xAA,64,0.935813548,0.000303724,140.034554000,6.420516000,133.614038000,149.639374605,142.778482265
imul,3100,0xAA,65,0.935784816,0.000169771,140.020576000,6.412215000,133.608361000,149.629031764,142.776799404
imul,3100,0xAA,66,0.935773942,0.000149013,140.198310000,6.392256000,133.806054000,149.820703137,142.989720021
imul,3100,0xAA,67,0.935993770,0.000343773,140.472724000,6.456222000,134.016502000,150.078695537,143.180976547
imul,3100,0xAA,68,0.935818951,0.000304708,139.888985000,6.395552000,133.493433000,149.482957999,142.648781376
imul,3100,0xAA,69,0.935802903,0.000193986,140.063973000,6.413985000,133.649988000,149.672513933,142.818522583
imul,3100,0xAA,70,0.935784410,0.000155677,139.923409000,6.397628000,133.525781000,149.525261914,142.688614571
imul,3100,0xAA,71,0.935930276,0.000506413,140.243049000,6.429915000,133.813134000,149.843479383,142.973400313
imul,3100,0xAA,72,0.935928915,0.000764410,140.525642000,6.453170000,134.072472000,150.145635725,143.250699695
imul,3100,0xAA,73,0.935788343,0.000172299,139.881112000,6.425337000,133.455775000,149.479434229,142.613205288
imul,3100,0xAA,74,0.935780645,0.000151972,139.972542000,6.452254000,133.520288000,149.578368337,142.683318696
imul,3100,0xAA,75,0.935763095,0.000093586,139.885323000,6.413436000,133.471887000,149.487967392,142.634271157
imul,3100,0xAA,76,0.935800861,0.000282418,140.113533000,6.434188000,133.679345000,149.725800431,142.850205135
imul,3100,0xAA,77,0.935789958,0.000174298,140.096565000,6.442367000,133.654198000,149.709412613,142.824997000
imul,3100,0xAA,78,0.935772463,0.000158374,139.951058000,6.423445000,133.527613000,149.556717688,142.692394087
imul,3100,0xAA,79,0.935782416,0.000156631,140.094185000,6.428756000,133.665429000,149.708075897,142.838149845
imul,3100,0xAA,80,0.935813556,0.000279358,140.028328000,6.440657000,133.587671000,149.632720194,142.750305467
imul,3100,0xAA,81,0.935870931,0.000280716,140.068428000,6.453353000,133.615075000,149.666394508,142.770835746
imul,3100,0xAA,82,0.935877116,0.000545485,140.228583000,6.460555000,133.768028000,149.836533713,142.933325064
imul,3100,0xAA,83,0.935766001,0.000146740,139.828622000,6.406234000,133.422388000,149.426909941,142.580931362
imul,3100,0xAA,84,0.935822734,0.000295041,139.982613000,6.436324000,133.546289000,149.582402723,142.704685641
imul,3100,0xAA,85,0.935806489,0.000236192,139.924751000,6.443160000,133.481591000,149.523168110,142.638026711
imul,3100,0xAA,86,0.935788242,0.000171620,139.788156000,6.427962000,133.360194000,149.380115906,142.511081103
imul,3100,0xAA,87,0.935779354,0.000153687,139.831002000,6.416548000,133.414454000,149.427321102,142.570418379
imul,3100,0xAA,88,0.935823374,0.000292624,139.918710000,6.391341000,133.527369000,149.514015081,142.684370535
imul,3100,0xAA,89,0.935790419,0.000180774,140.013131000,6.422285000,133.590846000,149.620180112,142.757227819
imul,3100,0xAA,90,0.935807960,0.000198036,139.788033000,6.407333000,133.380700000,149.376836963,142.529990946
imul,3100,0xAA,91,0.935857826,0.000241599,140.026436000,6.447005000,133.579431000,149.623620344,142.734748099
imul,3100,0xAA,92,0.935823525,0.000159939,139.927132000,6.395430000,133.531702000,149.522990436,142.688977582
imul,3100,0xAA,93,0.935817371,0.000311527,140.260627000,6.433394000,133.827233000,149.880341314,143.005715775
imul,3100,0xAA,94,0.935801644,0.000287263,139.846505000,6.416488000,133.430017000,149.440328341,142.583653063
imul,3100,0xAA,95,0.935785903,0.000172925,140.106758000,6.436874000,133.669884000,149.720953779,142.842378267
imul,3100,0xAA,96,0.935775343,0.000153172,140.043282000,6.410689000,133.632593000,149.654810836,142.804139844
imul,3100,0xAA,97,0.935842264,0.000461776,140.429816000,6.423567000,134.006249000,150.057142547,143.193200569
imul,3100,0xAA,98,0.935777966,0.000143828,140.156075000,6.413558000,133.742517000,149.774925308,142.921207619
imul,3100,0xAA,99,0.935798140,0.000170659,140.163947000,6.432235000,133.731712000,149.780108503,142.906580204
imul,3300,0x00,0,0.935797202,0.000163478,136.670182000,6.419111000,130.251071000,146.046794814,139.187284031
imul,3300,0x00,1,0.935765192,0.000136797,136.795182000,6.450912000,130.344270000,146.185371188,139.291641808
imul,3300,0x00,2,0.935959558,0.000283103,136.996598000,6.465804000,130.530794000,146.370211009,139.462002267
imul,3300,0x00,3,0.935760616,0.000083509,137.139175000,6.434554000,130.704621000,146.553693988,139.677411862
imul,3300,0x00,4,0.936037478,0.001022931,137.401015000,6.471053000,130.929962000,146.790078701,139.876837346
imul,3300,0x00,5,0.935806166,0.000185626,136.903153000,6.408553000,130.494600000,146.294348030,139.446185205
imul,3300,0x00,6,0.935769250,0.000134990,136.920609000,6.453169000,130.467440000,146.318773515,139.422662109
imul,3300,0x00,7,0.935781914,0.000220904,137.215896000,6.428390000,130.787506000,146.632344583,139.762805957
imul,3300,0x00,8,0.935901149,0.000819136,137.401687000,6.456892000,130.944795000,146.812179064,139.913061556
imul,3300,0x00,9,0.935798664,0.000164877,137.070571000,6.400985000,130.669586000,146.474424720,139.634294204
imul,3300,0x00,10,0.935806213,0.000300689,137.028702000,6.439863000,130.588839000,146.428502022,139.546881759
imul,3300,0x00,11,0.935874518,0.000334400,137.243240000,6.427046000,130.816194000,146.647052983,139.779630184
imul,3300,0x00,12,0.936810253,0.005360040,139.759896000,6.626143000,133.133753000,149.186983731,142.113893980
imul,3300,0x00,13,0.935777489,0.000164474,136.800858000,6.403609000,130.397249000,146.189515713,139.346426333
imul,3300,0x00,14,0.935768579,0.000138811,136.871781000,6.404891000,130.466890000,146.266698883,139.422174347
imul,3300,0x00,15,0.935854413,0.000335757,136.945755000,6.436446000,130.509309000,146.332328054,139.454713428
imul,3300,0x00,16,0.935904757,0.000831581,136.929337000,6.441207000,130.488130000,146.306914164,139.424582442
imul,3300,0x00,17,0.935764420,0.000150201,136.748307000,6.402389000,130.345918000,146.135399082,139.293517876
imul,3300,0x00,18,0.935754553,0.000132471,136.815873000,6.376204000,130.439669000,146.209144845,139.395174260
imul,3300,0x00,19,0.935757284,0.000081038,136.833329000,6.424055000,130.409274000,146.227372584,139.362285760
imul,3300,0x00,20,0.935788366,0.000260171,137.406081000,6.447371000,130.958710000,146.834568621,139.944793928
imul,3300,0x00,21,0.935980172,0.000846680,137.195571000,6.461837000,130.733734000,146.579569811,139.675751555
imul,3300,0x00,22,0.935816663,0.000172522,136.614458000,6.424178000,130.190280000,145.984211900,139.119429240
imul,3300,0x00,23,0.935776297,0.000161140,136.929886000,6.429305000,130.500581000,146.327585451,139.457027794
imul,3300,0x00,24,0.935783749,0.000259250,137.311233000,6.458602000,130.852631000,146.733936266,139.832125878
imul,3300,0x00,25,0.935967180,0.000841471,137.056595000,6.480147000,130.576448000,146.433120590,139.509643853
imul,3300,0x00,26,0.935781167,0.000168962,136.578264000,6.437484000,130.140780000,145.951071414,139.071809227
imul,3300,0x00,27,0.935760313,0.000130137,136.328142000,6.440047000,129.888095000,145.687031346,138.804876895
imul,3300,0x00,28,0.935768200,0.000166849,136.642594000,6.445357000,130.197237000,146.021839563,139.134068640
imul,3300,0x00,29,0.935916834,0.000939250,137.216324000,6.472396000,130.743928000,146.611663507,139.696096053
imul,3300,0x00,30,0.935761668,0.000147012,136.964737000,6.445723000,130.519014000,146.367116390,139.478906263
imul,3300,0x00,31,0.935847343,0.000245068,137.186050000,6.414839000,130.771211000,146.590200826,139.735622410
imul,3300,0x00,32,0.935812584,0.000238126,136.953507000,6.429488000,130.524019000,146.347152607,139.476665811
imul,3300,0x00,33,0.935938027,0.000991400,137.434340000,6.468672000,130.965668000,146.841282338,139.929850366
imul,3300,0x00,34,0.935777458,0.000157653,136.786454000,6.445907000,130.340547000,146.174128086,139.285837558
imul,3300,0x00,35,0.935758349,0.000078316,136.621904000,6.414229000,130.207675000,146.001266441,139.146688003
imul,3300,0x00,36,0.935788836,0.000152300,136.843949000,6.455061000,130.388888000,146.233790943,139.335802046
imul,3300,0x00,37,0.935787570,0.000232479,137.283218000,6.446150000,130.837068000,146.703399734,139.814923968
imul,3300,0x00,38,0.935926247,0.000991555,137.031876000,6.472823000,130.559053000,146.413113609,139.497159476
imul,3300,0x00,39,0.935763914,0.000151321,136.823991000,6.427290000,130.396701000,146.216357589,139.347862333
imul,3300,0x00,40,0.936758912,0.005333205,139.210337000,6.609114000,132.601223000,148.608500275,141.553201503
imul,3300,0x00,41,0.935866925,0.000320245,137.170486000,6.441695000,130.728791000,146.570503116,139.687371733
imul,3300,0x00,42,0.935821558,0.000331149,137.023514000,6.438338000,130.585176000,146.420557313,139.540679469
imul,3300,0x00,43,0.935773956,0.000157043,136.691117000,6.391280000,130.299837000,146.072794720,139.242854692
imul,3300,0x00,44,0.935765385,0.000133888,136.843949000,6.357711000,130.486238000,146.237455641,139.443326363
imul,3300,0x00,45,0.935807958,0.000250251,137.109207000,6.407882000,130.701325000,146.514256226,139.666823543
imul,3300,0x00,46,0.935938364,0.001003634,137.349868000,6.457442000,130.892426000,146.750975591,139.851544765
imul,3300,0x00,47,0.935776274,0.000163854,136.538713000,6.428573000,130.110140000,145.909569209,139.039793624
imul,3300,0x00,48,0.935770763,0.000133443,136.478715000,6.416854000,130.061861000,145.846312290,138.989019617
imul,3300,0x00,49,0.935787928,0.000237735,136.611894000,6.435409000,130.176485000,145.985954685,139.108959578
imul,3300,0x00,50,0.935947261,0.000999065,137.534072000,6.464094000,131.069978000,146.946390790,140.039918312
imul,3300,0x00,51,0.935854846,0.000269119,137.065872000,6.412887000,130.652985000,146.460610438,139.608172767
imul,3300,0x00,52,0.935768818,0.000120333,136.746476000,6.402998000,130.343478000,146.132755667,139.290255812
imul,3300,0x00,53,0.935735337,0.000128049,136.548296000,6.398177000,130.150119000,145.926193692,139.088601107
imul,3300,0x00,54,0.935801902,0.000403739,137.301895000,6.448592000,130.853303000,146.721111219,139.830131426
imul,3300,0x00,55,0.935916936,0.000870914,137.287735000,6.464400000,130.823335000,146.687948120,139.780924912
imul,3300,0x00,56,0.935755675,0.000151485,136.656266000,6.444442000,130.211824000,146.038404775,139.151519476
imul,3300,0x00,57,0.935758300,0.000138096,136.805925000,6.417769000,130.388156000,146.197928533,139.339566707
imul,3300,0x00,58,0.935817835,0.000317794,136.992752000,6.447677000,130.545075000,146.388268036,139.498383315
imul,3300,0x00,59,0.935901460,0.000870489,137.080276000,6.462020000,130.618256000,146.468706214,139.564111792
imul,3300,0x00,60,0.935768722,0.000150995,136.728959000,6.454390000,130.274569000,146.114051178,139.216631073
imul,3300,0x00,61,0.935855371,0.000331227,137.143142000,6.429305000,130.713837000,146.543094497,139.673117359
imul,3300,0x00,62,0.935837551,0.000314773,137.101028000,6.455977000,130.645051000,146.500883469,139.602274845
imul,3300,0x00,63,0.935988585,0.001308820,137.494094000,6.491500000,131.002594000,146.897191065,139.961743235
imul,3300,0x00,64,0.935762507,0.000147305,136.856339000,6.449690000,130.406649000,146.251145943,139.358702667
imul,3300,0x00,65,0.935763798,0.000128241,136.645646000,6.428329000,130.217317000,146.025787994,139.156181569
imul,3300,0x00,66,0.935816834,0.000315833,136.939652000,6.430098000,130.509554000,146.331682736,139.460575305
imul,3300,0x00,67,0.935930355,0.000896602,137.675734000,6.470992000,131.204742000,147.100404647,140.186437211
imul,3300,0x00,68,0.935767973,0.000116394,136.670060000,6.436141000,130.233919000,146.051226368,139.173302365
imul,3300,0x00,69,0.935772581,0.000154321,136.869157000,6.440962000,130.428195000,146.263269303,139.380227278
imul,3300,0x00,70,0.935759284,0.000138087,136.724259000,6.409896000,130.314363000,146.110502271,139.260561149
imul,3300,0x00,71,0.935895754,0.000380238,137.551223000,6.447433000,131.103790000,146.972803779,140.083753398
imul,3300,0x00,72,0.935954227,0.000984690,137.429519000,6.472029000,130.957490000,146.833589798,139.918690741
imul,3300,0x00,73,0.935768627,0.000151413,136.919022000,6.436934000,130.482088000,146.317175119,139.438408491
imul,3300,0x00,74,0.935758203,0.000132593,136.781327000,6.440963000,130.340364000,146.171656838,139.288507990
imul,3300,0x00,75,0.935780733,0.000231081,137.192032000,6.432540000,130.759492000,146.607027850,139.733045759
imul,3300,0x00,76,0.935930569,0.000987464,137.175003000,6.487166000,130.687837000,146.565362332,139.634115279
imul,3300,0x00,77,0.935770323,0.000156637,136.778031000,6.449568000,130.328463000,146.166241506,139.273986171
imul,3300,0x00,78,0.935757905,0.000127385,136.626238000,6.450667000,130.175571000,146.005967183,139.112445938
imul,3300,0x00,79,0.935822556,0.000283511,136.806961000,6.431380000,130.375581000,146.188997174,139.316561841
imul,3300,0x00,80,0.935961707,0.001063998,137.153397000,6.478621000,130.674776000,146.537402063,139.615515248
imul,3300,0x00,81,0.935867859,0.000271450,136.964188000,6.445235000,130.518953000,146.349921889,139.463014788
imul,3300,0x00,82,0.935783335,0.000158528,136.859635000,6.420394000,130.439241000,146.251412949,139.390429474
imul,3300,0x00,83,0.935779390,0.000291551,136.953323000,6.435042000,130.518281000,146.352147093,139.475481433
imul,3300,0x00,84,0.935926149,0.001057704,137.367386000,6.469222000,130.898164000,146.771608213,139.859500875
imul,3300,0x00,85,0.935748923,0.000085005,136.413530000,6.433638000,129.979892000,145.780055615,138.904666455
imul,3300,0x00,86,0.935733992,0.000152198,136.657548000,6.419906000,130.237642000,146.043158757,139.182335005
imul,3300,0x00,87,0.935785355,0.000146964,136.880143000,6.441023000,130.439120000,146.273012514,139.389999265
imul,3300,0x00,88,0.935803750,0.000310087,137.566298000,6.432540000,131.133758000,147.003362550,140.129549534
imul,3300,0x00,89,0.935958909,0.001067312,137.554457000,6.471358000,131.083099000,146.966341947,140.052194391
imul,3300,0x00,90,0.935777431,0.000158956,136.949906000,6.443465000,130.506441000,146.348802031,139.463120900
imul,3300,0x00,91,0.935862163,0.000282588,137.193191000,6.446089000,130.747102000,146.595509993,139.707648449
imul,3300,0x00,92,0.935846552,0.000315235,137.443252000,6.421736000,131.021516000,146.865158223,140.003204217
imul,3300,0x00,93,0.935764164,0.000134805,136.913712000,6.436813000,130.476899000,146.312198341,139.433528217
imul,3300,0x00,94,0.935895513,0.000226796,137.329910000,6.461531000,130.868379000,146.736369704,139.832253902
imul,3300,0x00,95,0.935776541,0.000141367,136.803910000,6.431075000,130.372835000,146.192925375,139.320478034
imul,3300,0x00,96,0.935807213,0.000316081,136.865555000,6.423934000,130.441621000,146.254007403,139.389416156
imul,3300,0x00,97,0.935769872,0.000139767,137.078750000,6.444503000,130.634247000,146.487671985,139.600825982
imul,3300,0x00,98,0.935782453,0.000165538,137.111649000,6.453780000,130.657869000,146.520859104,139.624192067
imul,3300,0x00,99,0.935774064,0.000134550,137.293166000,6.438216000,130.854950000,146.716147961,139.836051312
imul,3300,0xAA,0,0.935773487,0.000168474,139.770577000,6.425521000,133.345056000,149.363685696,142.497151124
imul,3300,0xAA,1,0.935754216,0.000127680,139.951912000,6.434554000,133.517358000,149.560546604,142.684217445
imul,3300,0xAA,2,0.935871769,0.000738564,140.152412000,6.415999000,133.736413000,149.755999295,142.900360295
imul,3300,0xAA,3,0.935760423,0.000131329,139.467600000,6.415694000,133.051906000,149.041994757,142.185865939
imul,3300,0xAA,4,0.935868107,0.000299633,139.843026000,6.427169000,133.415857000,149.425998095,142.558396826
imul,3300,0xAA,5,0.935771653,0.000187918,139.921089000,6.436751000,133.484338000,149.524821060,142.646272241
imul,3300,0xAA,6,0.935789225,0.000199877,139.874520000,6.409529000,133.464991000,149.472248969,142.622919195
imul,3300,0xAA,7,0.935777060,0.000143195,139.589487000,6.398177000,133.191310000,149.169597061,142.332309343
imul,3300,0xAA,8,0.935755647,0.000146199,139.919808000,6.420210000,133.499598000,149.526009776,142.665019921
imul,3300,0xAA,9,0.935780388,0.000231489,139.821541000,6.457137000,133.364404000,149.417045713,142.516776073
imul,3300,0xAA,10,0.935802388,0.000291828,139.802254000,6.452010000,133.350244000,149.392922888,142.498294191
imul,3300,0xAA,11,0.935847036,0.000240039,139.982735000,6.412093000,133.570642000,149.578648606,142.727002182
imul,3300,0xAA,12,0.935762986,0.000126711,139.706003000,6.413619000,133.292384000,149.296355084,142.442462488
imul,3300,0xAA,13,0.935755555,0.000158105,139.756966000,6.417281000,133.339685000,149.352002482,142.494142046
imul,3300,0xAA,14,0.935801512,0.000164860,139.659249000,6.435042000,133.224207000,149.240247180,142.363744080
imul,3300,0xAA,15,0.935800009,0.000293734,139.756295000,6.404158000,133.352137000,149.344190670,142.500679303
imul,3300,0xAA,16,0.935759865,0.000130025,139.738534000,6.435103000,133.303431000,149.331617269,142.454742933
imul,3300,0xAA,17,0.935765224,0.000157188,139.831612000,6.434310000,133.397302000,149.430229307,142.554241789
imul,3300,0xAA,18,0.935762546,0.000139732,139.773812000,6.445723000,133.328089000,149.368889225,142.480685556
imul,3300,0xAA,19,0.935764898,0.000169137,139.786507000,6.422225000,133.364282000,149.382080116,142.519004773
imul,3300,0xAA,20,0.935761451,0.000132192,139.938302000,6.429610000,133.508692000,149.544845895,142.673853301
imul,3300,0xAA,21,0.935865032,0.000363945,140.102241000,6.429793000,133.672448000,149.703468110,142.833040453
imul,3300,0xAA,22,0.935808155,0.000164339,139.732064000,6.431380000,133.300684000,149.316997535,142.444456444
imul,3300,0xAA,23,0.935972655,0.000280696,140.008004000,6.457320000,133.550684000,149.585570919,142.686523213
imul,3300,0xAA,24,0.935760981,0.000138592,139.811288000,6.402328000,133.408960000,149.409187627,142.567346463
imul,3300,0xAA,25,0.935778269,0.000185788,139.972969000,6.443220000,133.529749000,149.579204510,142.693791355
imul,3300,0xAA,26,0.935765222,0.000176722,139.811348000,6.421737000,133.389611000,149.408574656,142.546023185
imul,3300,0xAA,27,0.936459918,0.003777303,141.659550000,6.572310000,135.087240000,151.271343615,144.253093421
imul,3300,0xAA,28,0.935765010,0.000121364,139.870674000,6.444075000,133.426599000,149.472006809,142.585582409
imul,3300,0xAA,29,0.935760609,0.000182014,139.834602000,6.415572000,133.419030000,149.434161594,142.578164514
imul,3300,0xAA,30,0.935788522,0.000209454,139.866769000,6.435531000,133.431238000,149.464078364,142.586957253
imul,3300,0xAA,31,0.935897965,0.000321162,139.986397000,6.443953000,133.542444000,149.574421754,142.689106006
imul,3300,0xAA,32,0.935815345,0.000242743,140.241890000,6.435836000,133.806054000,149.860643795,142.983393878
imul,3300,0xAA,33,0.935775633,0.000156464,139.954110000,6.399825000,133.554285000,149.559472527,142.720413272
imul,3300,0xAA,34,0.935777658,0.000189782,140.060127000,6.439132000,133.620995000,149.672441787,142.791392697
imul,3300,0xAA,35,0.935776099,0.000156953,139.877389000,6.407332000,133.470057000,149.477411402,142.630333342
imul,3300,0xAA,36,0.935815581,0.000245328,140.042244000,6.417586000,133.624658000,149.647266851,142.789520379
imul,3300,0xAA,37,0.935777362,0.000191807,139.918832000,6.390853000,133.527979000,149.521496939,142.692038076
imul,3300,0xAA,38,0.935786515,0.000212664,140.068795000,6.418379000,133.650416000,149.680287878,142.821480986
imul,3300,0xAA,39,0.935777790,0.000200131,139.805672000,6.434554000,133.371118000,149.400502436,142.524346506
imul,3300,0xAA,40,0.935803614,0.000300521,140.048775000,6.435957000,133.612818000,149.656159560,142.778694136
imul,3300,0xAA,41,0.935863573,0.000300420,140.135200000,6.444259000,133.690941000,149.738919236,142.853023487
imul,3300,0xAA,42,0.935792028,0.000213591,140.026314000,6.404280000,133.622034000,149.634010398,142.790310291
imul,3300,0xAA,43,0.935784853,0.000200095,139.898141000,6.430403000,133.467738000,149.498189121,142.626520942
imul,3300,0xAA,44,0.935770388,0.000139761,140.058785000,6.429671000,133.629114000,149.672170366,142.801178208
imul,3300,0xAA,45,0.935804815,0.000308760,140.013863000,6.439620000,133.574243000,149.618660574,142.737289698
imul,3300,0xAA,46,0.935857517,0.000283395,139.923043000,6.418623000,133.504420000,149.513190282,142.654643031
imul,3300,0xAA,47,0.935787553,0.000177738,140.031501000,6.439681000,133.591820000,149.640268871,142.758705870
imul,3300,0xAA,48,0.935771090,0.000151172,140.108467000,6.436385000,133.672082000,149.725150225,142.846988386
imul,3300,0xAA,49,0.935795152,0.000263727,140.218025000,6.452254000,133.765771000,149.838375138,142.943432385
imul,3300,0xAA,50,0.935770218,0.000151325,140.000923000,6.432356000,133.568567000,149.610364132,142.736501426
imul,3300,0xAA,51,0.935862124,0.000264015,139.828439000,6.406783000,133.421656000,149.411366665,142.565504616
imul,3300,0xAA,52,0.935786886,0.000166936,140.079109000,6.432540000,133.646569000,149.691250299,142.817313407
imul,3300,0xAA,53,0.935772826,0.000248681,140.033150000,6.412154000,133.620996000,149.644386070,142.792131096
imul,3300,0xAA,54,0.935759265,0.000136307,139.959664000,6.444014000,133.515650000,149.568023706,142.681622216
imul,3300,0xAA,55,0.936346076,0.003140158,141.512211000,6.537764000,134.974447000,151.132379969,144.150170971
imul,3300,0xAA,56,0.935767857,0.000146874,139.983040000,6.415022000,133.568018000,149.591631116,142.736274891
imul,3300,0xAA,57,0.935790397,0.000194614,139.890999000,6.419478000,133.471521000,149.489671405,142.629718559
imul,3300,0xAA,58,0.935769874,0.000150280,139.839486000,6.429488000,133.409998000,149.437901202,142.567100829
imul,3300,0xAA,59,0.935767747,0.000166268,139.860054000,6.402449000,133.457605000,149.460220756,142.618299753
imul,3300,0xAA,60,0.935760234,0.000098987,139.876168000,6.418501000,133.457667000,149.478640892,142.619510993
imul,3300,0xAA,61,0.935857227,0.000331441,139.984566000,6.422286000,133.562280000,149.578976370,142.716512933
imul,3300,0xAA,62,0.935818726,0.000238960,140.224555000,6.422652000,133.801903000,149.841578440,142.978441570
imul,3300,0xAA,63,0.935754702,0.000144546,139.940987000,6.441878000,133.499109000,149.548793802,142.664641379
imul,3300,0xAA,64,0.935765846,0.000170883,139.849862000,6.392561000,133.457301000,149.449632729,142.618264575
imul,3300,0xAA,65,0.935777104,0.000158177,139.972481000,6.429610000,133.542871000,149.578869238,142.707991572
imul,3300,0xAA,66,0.935781860,0.000276788,140.088386000,6.459883000,133.628503000,149.701967987,142.798774755
imul,3300,0xAA,67,0.935766595,0.000186641,139.943612000,6.433028000,133.510584000,149.549698330,142.675090886
imul,3300,0xAA,68,0.935798041,0.000225772,139.949593000,6.407759000,133.541834000,149.551064316,142.703690502
imul,3300,0xAA,69,0.935775105,0.000187731,140.005928000,6.437423000,133.568505000,149.614931284,142.735689715
imul,3300,0xAA,70,0.935796416,0.000289469,139.966012000,6.431075000,133.534937000,149.568869475,142.696568096
imul,3300,0xAA,71,0.935875675,0.000284002,140.027717000,6.424910000,133.602807000,149.622135440,142.757003488
imul,3300,0xAA,72,0.935820130,0.000187836,139.700143000,6.379805000,133.320338000,149.280976751,142.463635684
imul,3300,0xAA,73,0.935782533,0.000155966,139.887154000,6.413741000,133.473413000,149.486818931,142.632939128
imul,3300,0xAA,74,0.935807298,0.000266240,139.847787000,6.407821000,133.439966000,149.440795500,142.593423166
imul,3300,0xAA,75,0.935779840,0.000152531,139.981026000,6.374373000,133.606653000,149.587563257,142.775733457
imul,3300,0xAA,76,0.935769687,0.000111523,139.818123000,6.357223000,133.460900000,149.415101815,142.621525264
imul,3300,0xAA,77,0.935778871,0.000175280,139.759103000,6.376143000,133.382960000,149.350564843,142.536836520
imul,3300,0xAA,78,0.935796147,0.000167819,139.856576000,6.391525000,133.465051000,149.451968180,142.621928304
imul,3300,0xAA,79,0.935792065,0.000265807,140.158577000,6.362898000,133.795679000,149.775342436,142.975863965
imul,3300,0xAA,80,0.935766792,0.000151083,139.775216000,6.374800000,133.400416000,149.369711816,142.557330722
imul,3300,0xAA,81,0.935852771,0.000274404,140.068245000,6.362533000,133.705712000,149.669103257,142.870455865
imul,3300,0xAA,82,0.935798937,0.000185541,139.909981000,6.418014000,133.491967000,149.508591525,142.650265717
imul,3300,0xAA,83,0.936693493,0.004985365,142.615480000,6.611800000,136.003680000,152.254159034,145.195499983
imul,3300,0xAA,84,0.935774123,0.000154765,139.764840000,6.413009000,133.351831000,149.357453353,142.504294200
imul,3300,0xAA,85,0.935765795,0.000204173,139.903024000,6.419905000,133.483119000,149.506452121,142.645862607
imul,3300,0xAA,86,0.935775785,0.000188046,139.955513000,6.415145000,133.540368000,149.560947387,142.705517806
imul,3300,0xAA,87,0.935818490,0.000361920,139.965645000,6.417769000,133.547876000,149.564949220,142.707028517
imul,3300,0xAA,88,0.935780714,0.000188310,139.766488000,6.414107000,133.352381000,149.358162615,142.503878372
imul,3300,0xAA,89,0.935796881,0.000224028,140.002388000,6.427046000,133.575342000,149.607666792,142.739674251
imul,3300,0xAA,90,0.935778167,0.000189030,139.849190000,6.389144000,133.460046000,149.446946864,142.619320162
imul,3300,0xAA,91,0.935889343,0.000402793,140.013985000,6.397994000,133.615991000,149.605277606,142.769005726
imul,3300,0xAA,92,0.935805117,0.000201685,139.991707000,6.380782000,133.610925000,149.594936499,142.776442043
imul,3300,0xAA,93,0.935752639,0.000115400,139.673470000,6.384811000,133.288659000,149.263239202,142.440056736
imul,3300,0xAA,94,0.935787502,0.000208152,139.942512000,6.378402000,133.564110000,149.545181640,142.729102151
imul,3300,0xAA,95,0.935767459,0.000181844,140.002510000,6.409530000,133.592980000,149.612501055,142.763010900
imul,3300,0xAA,96,0.935773953,0.000235683,140.020027000,6.427962000,133.592065000,149.630182097,142.761042409
imul,3300,0xAA,97,0.935773059,0.000192419,140.016792000,6.427168000,133.589624000,149.626868036,142.758570281
imul,3300,0xAA,98,0.935775055,0.000209842,139.972542000,6.430464000,133.542078000,149.579261832,142.707456515
imul,3300,0xAA,99,0.935785342,0.000189544,139.985604000,6.382735000,133.602869000,149.591575948,142.770850386
imul,3500,0x00,0,0.935772864,0.000212128,136.932816000,6.430769000,130.502047000,146.331253363,139.459106018
imul,3500,0x00,1,0.935781710,0.000306711,137.000199000,6.423934000,130.576265000,146.401877174,139.537098850
imul,3500,0x00,2,0.935877702,0.000722217,137.475661000,6.441024000,131.034637000,146.894899511,140.012564366
imul,3500,0x00,3,0.935779425,0.000170628,136.750383000,6.389693000,130.360690000,146.135274391,139.307070189
imul,3500,0x00,4,0.935833610,0.000195220,137.099991000,6.436507000,130.663484000,146.500392325,139.622559629
imul,3500,0x00,5,0.935863852,0.000271999,137.358901000,6.418502000,130.940399000,146.772311728,139.913940196
imul,3500,0x00,6,0.935911524,0.000703572,137.543837000,6.429366000,131.114471000,146.962435589,140.092805461
imul,3500,0x00,7,0.935788000,0.000161023,136.742325000,6.379012000,130.363313000,146.125324309,139.308596589
imul,3500,0x00,8,0.935771826,0.000162291,136.876053000,6.371138000,130.504915000,146.270756634,139.462325536
imul,3500,0x00,9,0.935782796,0.000255593,136.917008000,6.388167000,130.528841000,146.312807462,139.486258577
imul,3500,0x00,10,0.935880463,0.000689361,136.914383000,6.430526000,130.483857000,146.294733555,139.423635960
imul,3500,0x00,11,0.935835916,0.000308943,137.454238000,6.421370000,131.032868000,146.878566702,140.016925798
imul,3500,0x00,12,0.935791954,0.000189347,136.907853000,6.390487000,130.517366000,146.301592423,139.472631162
imul,3500,0x00,13,0.935804571,0.000391033,136.732683000,6.417159000,130.315524000,146.112433368,139.255062503
imul,3500,0x00,14,0.935778359,0.000119103,136.712052000,6.407942000,130.304110000,146.094479251,139.246765857
imul,3500,0x00,15,0.935858867,0.000680555,137.524672000,6.447860000,131.076812000,146.950225967,140.060447790
imul,3500,0x00,16,0.935751637,0.000144424,136.836564000,6.388106000,130.448458000,146.231712167,139.405001158
imul,3500,0x00,17,0.935762219,0.000155681,136.797745000,6.396590000,130.401155000,146.188574715,139.352874498
imul,3500,0x00,18,0.935790555,0.000275713,136.901078000,6.433211000,130.467867000,146.294571275,139.419944290
imul,3500,0x00,19,0.935874368,0.000741422,137.342422000,6.442733000,130.899689000,146.753054398,139.868868633
imul,3500,0x00,20,0.935769108,0.000176098,136.657793000,6.400435000,130.257358000,146.037940146,139.198181337
imul,3500,0x00,21,0.935847974,0.000295957,137.112319000,6.399092000,130.713227000,146.511316771,139.673569427
imul,3500,0x00,22,0.935788437,0.000199098,137.023148000,6.413069000,130.610079000,146.425348467,139.572230021
imul,3500,0x00,23,0.935808998,0.000320703,137.226333000,6.439132000,130.787201000,146.639253667,139.758435022
imul,3500,0x00,24,0.935764673,0.000172125,136.712480000,6.412765000,130.299715000,146.097073348,139.244105729
imul,3500,0x00,25,0.935781515,0.000204072,136.652421000,6.405501000,130.246920000,146.030263244,139.185181463
imul,3500,0x00,26,0.935746511,0.000182383,136.499346000,6.444869000,130.054477000,145.872139878,138.984730818
imul,3500,0x00,27,0.935839654,0.000593665,136.769853000,6.453413000,130.316440000,146.146674216,139.250820878
imul,3500,0x00,28,0.935743487,0.000166546,136.689286000,6.426498000,130.262788000,146.075594393,139.207795586
imul,3500,0x00,29,0.935747208,0.000188375,136.628678000,6.402388000,130.226290000,146.010243776,139.168237791
imul,3500,0x00,30,0.935745539,0.000104470,136.556719000,6.421126000,130.135593000,145.933604099,139.071561232
imul,3500,0x00,31,0.935843331,0.000300234,136.535233000,6.425520000,130.109713000,145.895395532,139.029374496
imul,3500,0x00,32,0.935853240,0.000551302,137.232193000,6.438338000,130.793855000,146.638583012,139.758938079
imul,3500,0x00,33,0.935775945,0.000147201,136.722855000,6.404403000,130.318452000,146.106400479,139.262451313
imul,3500,0x00,34,0.935753038,0.000153103,136.871598000,6.415511000,130.456087000,146.268932507,139.412945149
imul,3500,0x00,35,0.935773405,0.000164420,136.521013000,6.420028000,130.100985000,145.891101770,139.030436604
imul,3500,0x00,36,0.935880295,0.000590422,137.371230000,6.451461000,130.919769000,146.782906625,139.889438483
imul,3500,0x00,37,0.935765608,0.000138015,136.540422000,6.412520000,130.127902000,145.913058677,139.060359723
imul,3500,0x00,38,0.935757979,0.000155994,136.594865000,6.409712000,130.185153000,145.972428872,139.122674828
imul,3500,0x00,39,0.935789019,0.000249036,136.823746000,6.433211000,130.390535000,146.212173067,139.337534800
imul,3500,0x00,40,0.935870555,0.000665267,137.128311000,6.443648000,130.684663000,146.524869530,139.639678022
imul,3500,0x00,41,0.935840557,0.000230946,137.225601000,6.438094000,130.787507000,146.633526355,139.754048915
imul,3500,0x00,42,0.935783249,0.000171897,137.219070000,6.398788000,130.820282000,146.635527212,139.797631780
imul,3500,0x00,43,0.935802192,0.000267776,136.961258000,6.435775000,130.525483000,146.357060411,139.479779024
imul,3500,0x00,44,0.935903616,0.000728726,137.029496000,6.428817000,130.600679000,146.414111054,139.545009483
imul,3500,0x00,45,0.935773093,0.000148377,137.237442000,6.420333000,130.817109000,146.656751475,139.795758094
imul,3500,0x00,46,0.935789969,0.000132114,136.947098000,6.417220000,130.529878000,146.343840566,139.486297512
imul,3500,0x00,47,0.935784011,0.000169433,136.590776000,6.403975000,130.186801000,145.963998568,139.120565760
imul,3500,0x00,48,0.935766308,0.000145405,136.771562000,6.420088000,130.351474000,146.159955502,139.299174191
imul,3500,0x00,49,0.935959120,0.000786846,137.618422000,6.432662000,131.185760000,147.034650475,140.161848164
imul,3500,0x00,50,0.935768429,0.000146147,136.812089000,6.443404000,130.368685000,146.202933138,139.317250951
imul,3500,0x00,51,0.936000406,0.000294683,137.336989000,6.441206000,130.895783000,146.727488650,139.845861296
imul,3500,0x00,52,0.935809176,0.000189652,136.470720000,6.425643000,130.045077000,145.831782286,138.965379214
imul,3500,0x00,53,0.935887241,0.000770369,137.434340000,6.443038000,130.991302000,146.849250575,139.964833611
imul,3500,0x00,54,0.935750712,0.000166761,136.674211000,6.404403000,130.269808000,146.058356450,139.214222730
imul,3500,0x00,55,0.935779766,0.000193684,136.817032000,6.396162000,130.420870000,146.206444094,139.371329429
imul,3500,0x00,56,0.935748952,0.000175467,136.844742000,6.402876000,130.441866000,146.240871226,139.398356484
imul,3500,0x00,57,0.935895032,0.000722279,137.203384000,6.429732000,130.773652000,146.601252562,139.731110315
imul,3500,0x00,58,0.935761475,0.000135464,136.718766000,6.405379000,130.313387000,146.104290069,139.259192071
imul,3500,0x00,59,0.935772044,0.000168329,136.710039000,6.412642000,130.297397000,146.093313912,139.240531720
imul,3500,0x00,60,0.935772940,0.000161859,136.543901000,6.388655000,130.155246000,145.915633196,139.088490916
imul,3500,0x00,61,0.935964149,0.000789577,136.970597000,6.417281000,130.553316000,146.341713160,139.485381101
imul,3500,0x00,62,0.935789535,0.000152267,137.118424000,6.390487000,130.727937000,146.526990219,139.698011305
imul,3500,0x00,63,0.935737521,0.000080686,136.522600000,6.402877000,130.119723000,145.898392398,139.055792997
imul,3500,0x00,64,0.936783830,0.005628748,139.641915000,6.580244000,133.061671000,149.065249079,142.040956188
imul,3500,0x00,65,0.935780270,0.000158850,136.441484000,6.384384000,130.057100000,145.805044641,138.982519945
imul,3500,0x00,66,0.935852718,0.000589624,137.324112000,6.416854000,130.907258000,146.736884364,139.880192195
imul,3500,0x00,67,0.935774598,0.000155056,136.517168000,6.391708000,130.125460000,145.886806870,139.056414149
imul,3500,0x00,68,0.935759565,0.000142806,136.386248000,6.379500000,130.006748000,145.749242705,138.931786346
imul,3500,0x00,69,0.935771901,0.000198194,136.626359000,6.410567000,130.215792000,146.003912702,139.153346885
imul,3500,0x00,70,0.935854647,0.000651722,137.263382000,6.413924000,130.849458000,146.671689351,139.818142144
imul,3500,0x00,71,0.935852233,0.000268995,137.028458000,6.407943000,130.620515000,146.421040737,139.573866823
imul,3500,0x00,72,0.935766729,0.000164349,136.732743000,6.372054000,130.360689000,146.118406177,139.308959119
imul,3500,0x00,73,0.935763580,0.000235496,136.734086000,6.414168000,130.319918000,146.120333076,139.265858146
imul,3500,0x00,74,0.935855547,0.000620121,137.192947000,6.419356000,130.773591000,146.596285593,139.736940663
imul,3500,0x00,75,0.935780936,0.000145244,136.892838000,6.410567000,130.482271000,146.287269557,139.436769879
imul,3500,0x00,76,0.935789650,0.000162519,136.928299000,6.409286000,130.519013000,146.323801531,139.474734541
imul,3500,0x00,77,0.935826609,0.000396566,136.700761000,6.397566000,130.303195000,146.074881529,139.238608719
imul,3500,0x00,78,0.935898702,0.000621156,136.939896000,6.399886000,130.540010000,146.319142921,139.480917819
imul,3500,0x00,79,0.935744572,0.000084987,136.883805000,6.394149000,130.489656000,146.283301056,139.450080551
imul,3500,0x00,80,0.935758856,0.000132107,136.542803000,6.369124000,130.173679000,145.916655826,139.110282629
imul,3500,0x00,81,0.935859488,0.000247801,136.757524000,6.369002000,130.388522000,146.130402841,139.324891885
imul,3500,0x00,82,0.935810756,0.000241358,136.760637000,6.420454000,130.340183000,146.141339100,139.280492545
imul,3500,0x00,83,0.935878305,0.000704949,137.293838000,6.417098000,130.876740000,146.700524274,139.843758853
imul,3500,0x00,84,0.935762274,0.000131887,136.497759000,6.417159000,130.080600000,145.867986722,139.010305902
imul,3500,0x00,85,0.935782802,0.000155048,136.807267000,6.418624000,130.388643000,146.195534553,139.336438634
imul,3500,0x00,86,0.935781444,0.000175284,136.644181000,6.375655000,130.268526000,146.021468926,139.208280822
imul,3500,0x00,87,0.936089403,0.000730796,137.469069000,6.448104000,131.020965000,146.854636563,139.966294507
imul,3500,0x00,88,0.935785237,0.000139595,136.765214000,6.402022000,130.363192000,146.150215380,139.308878561
imul,3500,0x00,89,0.935818088,0.000229154,136.819657000,6.386275000,130.433382000,146.203261928,139.378992250
imul,3500,0x00,90,0.935792322,0.000200130,136.854386000,6.369186000,130.485200000,146.244399277,139.438203234
imul,3500,0x00,91,0.935991302,0.000812177,137.269974000,6.425399000,130.844575000,146.657317959,139.792511646
imul,3500,0x00,92,0.935794689,0.000155695,136.670366000,6.378097000,130.292269000,146.047383613,139.231682400
imul,3500,0x00,93,0.935770955,0.000151079,136.624955000,6.393355000,130.231600000,146.002560057,139.170380699
imul,3500,0x00,94,0.935781054,0.000193010,136.780472000,6.400252000,130.380220000,146.167173811,139.327697876
imul,3500,0x00,95,0.935762831,0.000085974,136.380816000,6.383345000,129.997471000,145.742929172,138.921387657
imul,3500,0x00,96,0.935893346,0.000769339,137.138932000,6.401717000,130.737215000,146.532649858,139.692429200
imul,3500,0x00,97,0.935774383,0.000163073,136.715470000,6.349044000,130.366426000,146.098752591,139.313950486
imul,3500,0x00,98,0.935760154,0.000186794,137.062333000,6.373397000,130.688936000,146.471649142,139.660719044
imul,3500,0x00,99,0.935793298,0.000231512,136.766739000,6.370528000,130.396211000,146.150586103,139.342963081
imul,3500,0xAA,0,0.935788305,0.000235589,139.878793000,6.410262000,133.468531000,149.476962088,142.626842285
imul,3500,0xAA,1,0.935777708,0.000184138,139.887337000,6.394026000,133.493311000,149.487785254,142.654938149
imul,3500,0xAA,2,0.935752279,0.000148505,140.088325000,6.386398000,133.701927000,149.706635097,142.881754044
imul,3500,0xAA,3,0.935827675,0.000228210,139.864022000,6.379378000,133.484644000,149.454889684,142.638059869
imul,3500,0xAA,4,0.935837345,0.000366086,140.148445000,6.398360000,133.750085000,149.757268921,142.920226104
imul,3500,0xAA,5,0.935803530,0.000264974,140.039070000,6.349959000,133.689111000,149.645802238,142.860233691
imul,3500,0xAA,6,0.935735205,0.000171466,140.041451000,6.376754000,133.664697000,149.659273482,142.844574234
imul,3500,0xAA,7,0.935729680,0.000107992,139.884774000,6.407332000,133.477442000,149.492718806,142.645301081
imul,3500,0xAA,8,0.935743309,0.000189003,139.990547000,6.407271000,133.583276000,149.603577859,142.756325052
imul,3500,0xAA,9,0.935738925,0.000183113,139.857430000,6.356491000,133.500939000,149.462020111,142.669002495
imul,3500,0xAA,10,0.935861209,0.000713215,140.465827000,6.398360000,134.067467000,150.092583804,143.255715329
imul,3500,0xAA,11,0.935825039,0.000267180,140.089180000,6.380721000,133.708459000,149.695909125,142.877625008
imul,3500,0xAA,12,0.935766215,0.000203345,139.900337000,6.406661000,133.493676000,149.503513609,142.657080279
imul,3500,0xAA,13,0.935759940,0.000305209,139.928414000,6.405990000,133.522424000,149.534520585,142.688758412
imul,3500,0xAA,14,0.935867936,0.000716063,140.397346000,6.413313000,133.984033000,150.018331276,143.165534257
imul,3500,0xAA,15,0.935739587,0.000135497,139.945992000,6.398909000,133.547083000,149.556558157,142.718214362
imul,3500,0xAA,16,0.935737216,0.000152662,139.898751000,6.388534000,133.510217000,149.506451871,142.679178260
imul,3500,0xAA,17,0.935773938,0.000296304,139.839364000,6.435652000,133.403712000,149.437121842,142.559764247
imul,3500,0xAA,18,0.935766166,0.000224521,139.951729000,6.381514000,133.570215000,149.558441043,142.738880526
imul,3500,0xAA,19,0.935737252,0.000133624,139.761971000,6.413619000,133.348352000,149.360272534,142.506191449
imul,3500,0xAA,20,0.935760275,0.000159862,139.887215000,6.401778000,133.485437000,149.490439745,142.649181175
imul,3500,0xAA,21,0.935877148,0.000303984,140.156746000,6.374251000,133.782495000,149.759769549,142.948778369
imul,3500,0xAA,22,0.935971077,0.000863059,140.389289000,6.422835000,133.966454000,149.993191533,143.130976280
imul,3500,0xAA,23,0.935744809,0.000085697,139.851693000,6.401961000,133.449732000,149.454949365,142.613382155
imul,3500,0xAA,24,0.935772901,0.000164899,139.764412000,6.410323000,133.354089000,149.357191179,142.506893423
imul,3500,0xAA,25,0.935742905,0.000189390,139.985177000,6.403304000,133.581873000,149.597903773,142.754887419
imul,3500,0xAA,26,0.935742254,0.000228212,140.017036000,6.414290000,133.602746000,149.632054549,142.777293025
imul,3500,0xAA,27,0.935758058,0.000190756,139.983345000,6.354537000,133.628808000,149.593523520,142.802732943
imul,3500,0xAA,28,0.935758849,0.000166273,139.963387000,6.385177000,133.578210000,149.572068855,142.748540543
imul,3500,0xAA,29,0.935780497,0.000258334,139.813180000,6.403487000,133.409693000,149.408093475,142.565156463
imul,3500,0xAA,30,0.935756555,0.000293546,140.116096000,6.414962000,133.701134000,149.735628639,142.880253738
imul,3500,0xAA,31,0.935831521,0.000295707,140.090889000,6.389449000,133.701440000,149.696698417,142.869135062
imul,3500,0xAA,32,0.935757424,0.000180623,139.936837000,6.408309000,133.528528000,149.543923816,142.695665035
imul,3500,0xAA,33,0.935739877,0.000184724,139.865913000,6.398971000,133.466942000,149.470933634,142.632525696
imul,3500,0xAA,34,0.935759178,0.000289196,139.854989000,6.423567000,133.431422000,149.456176640,142.591625214
imul,3500,0xAA,35,0.935785767,0.000246232,140.005562000,6.419600000,133.585962000,149.612835437,142.752718277
imul,3500,0xAA,36,0.935735223,0.000137686,139.858651000,6.408370000,133.450281000,149.463916287,142.615429830
imul,3500,0xAA,37,0.935749368,0.000178527,139.983101000,6.442000000,133.541101000,149.594651879,142.710329839
imul,3500,0xAA,38,0.935722730,0.000102147,139.970772000,6.436018000,133.534754000,149.585734620,142.707609517
imul,3500,0xAA,39,0.935770516,0.000288497,140.000985000,6.403731000,133.597254000,149.610382726,142.767111975
imul,3500,0xAA,40,0.935881787,0.000846264,140.548591000,6.437728000,134.110863000,150.177717859,143.298934568
imul,3500,0xAA,41,0.935816942,0.000259227,140.198249000,6.428878000,133.769371000,149.813753818,142.943950858
imul,3500,0xAA,42,0.935768473,0.000189878,140.123116000,6.431502000,133.691614000,149.741223385,142.868260485
imul,3500,0xAA,43,0.935820215,0.000461240,140.076973000,6.449691000,133.627282000,149.683636627,142.791617309
imul,3500,0xAA,44,0.935873300,0.000883558,140.491584000,6.426192000,134.065392000,150.118166631,143.251647413
imul,3500,0xAA,45,0.935742160,0.000133046,140.002449000,6.415144000,133.587305000,149.616480868,142.760806010
imul,3500,0xAA,46,0.935766499,0.000172124,140.062996000,6.428206000,133.634790000,149.677292484,142.807837331
imul,3500,0xAA,47,0.935761861,0.000304062,140.147713000,6.434187000,133.713526000,149.768567015,142.892686230
imul,3500,0xAA,48,0.935883661,0.000895976,140.412787000,6.456771000,133.956016000,150.032309468,143.133192333
imul,3500,0xAA,49,0.935747425,0.000135881,139.840767000,6.382308000,133.458459000,149.442855346,142.622309723
imul,3500,0xAA,50,0.935771593,0.000150320,139.950875000,6.407393000,133.543482000,149.556661024,142.709484807
imul,3500,0xAA,51,0.935834924,0.000316690,140.080147000,6.410200000,133.669947000,149.684675545,142.834963236
imul,3500,0xAA,52,0.935790389,0.000286334,140.053475000,6.428999000,133.624476000,149.663297041,142.793169849
imul,3500,0xAA,53,0.935723308,0.000127835,139.874764000,6.383406000,133.491358000,149.483039263,142.661144431
imul,3500,0xAA,54,0.935726303,0.000092443,139.875802000,6.419662000,133.456140000,149.483670063,142.623050695
imul,3500,0xAA,55,0.935711849,0.000092418,139.895638000,6.431014000,133.464624000,149.507178071,142.634320783
imul,3500,0xAA,56,0.935808044,0.000346453,140.116829000,6.432662000,133.684167000,149.728173388,142.854261537
imul,3500,0xAA,57,0.935806887,0.000517343,140.229805000,6.454146000,133.775659000,149.849084252,142.952206176
imul,3500,0xAA,58,0.935733828,0.000129614,139.981026000,6.422408000,133.558618000,149.594918758,142.731419965
imul,3500,0xAA,59,0.935737026,0.000146862,139.900154000,6.422286000,133.477868000,149.507981547,142.644636588
imul,3500,0xAA,60,0.935757314,0.000245717,140.104866000,6.452010000,133.652856000,149.723506252,142.828545448
imul,3500,0xAA,61,0.935845099,0.000353185,140.328254000,6.442244000,133.886010000,149.948163653,143.064285104
imul,3500,0xAA,62,0.935764243,0.000155543,139.971992000,6.413802000,133.558190000,149.580402316,142.726323369
imul,3500,0xAA,63,0.935744971,0.000154700,140.076973000,6.432662000,133.644311000,149.695672871,142.821297691
imul,3500,0xAA,64,0.935730680,0.000196577,140.244514000,6.415144000,133.829370000,149.877007277,143.021248313
imul,3500,0xAA,65,0.935863667,0.000779453,140.415840000,6.445418000,133.970422000,150.038776979,143.151643492
imul,3500,0xAA,66,0.935718290,0.000161103,139.939400000,6.402755000,133.536645000,149.552917223,142.710307575
imul,3500,0xAA,67,0.935751526,0.000198197,140.061958000,6.436324000,133.625634000,149.678578317,142.800337861
imul,3500,0xAA,68,0.935750564,0.000273546,140.082100000,6.416793000,133.665307000,149.700257110,142.842881600
imul,3500,0xAA,69,0.935875767,0.000875665,140.241218000,6.461958000,133.779260000,149.850250387,142.945532658
imul,3500,0xAA,70,0.935755145,0.000152726,140.150032000,6.420515000,133.729517000,149.772120136,142.910800661
imul,3500,0xAA,71,0.935968350,0.000262047,140.308723000,6.429854000,133.878869000,149.907550821,143.037816391
imul,3500,0xAA,72,0.935765185,0.000175634,140.197395000,6.419967000,133.777428000,149.821127345,142.960467106
imul,3500,0xAA,73,0.935786388,0.000345682,140.214912000,6.422408000,133.792504000,149.836451824,142.973338527
imul,3500,0xAA,74,0.935772205,0.000290915,140.184334000,6.415999000,133.768335000,149.806045996,142.949677571
imul,3500,0xAA,75,0.935770425,0.000174523,140.033760000,6.393111000,133.640649000,149.645421874,142.813499396
imul,3500,0xAA,76,0.935760312,0.000186928,139.928841000,6.423568000,133.505273000,149.534917447,142.670373271
imul,3500,0xAA,77,0.935753260,0.000164980,140.169013000,6.448714000,133.720299000,149.792706096,142.901237716
imul,3500,0xAA,78,0.935927734,0.000929670,140.584174000,6.460677000,134.123497000,150.208364219,143.305398570
imul,3500,0xAA,79,0.935753963,0.000131893,139.922860000,6.397078000,133.525782000,149.529540435,142.693258405
imul,3500,0xAA,80,0.935756939,0.000153691,139.977669000,6.421798000,133.555871000,149.587636616,142.724959215
imul,3500,0xAA,81,0.935850488,0.000240964,140.228279000,6.442488000,133.785791000,149.840472236,142.956372601
imul,3500,0xAA,82,0.935921271,0.000898633,140.515570000,6.449386000,134.066184000,150.136100422,143.245151155
imul,3500,0xAA,83,0.935749156,0.000132940,140.143013000,6.429915000,133.713098000,149.765577751,142.894168936
imul,3500,0xAA,84,0.935753753,0.000148689,140.168526000,6.431563000,133.736963000,149.792106650,142.918970446
imul,3500,0xAA,85,0.935759827,0.000148562,140.066353000,6.428999000,133.637354000,149.681947165,142.811595592
imul,3500,0xAA,86,0.935923412,0.000898839,140.424445000,6.445662000,133.978783000,150.038393324,143.151438774
imul,3500,0xAA,87,0.935752314,0.000087555,140.024178000,6.416122000,133.608056000,149.638078203,142.781432592
imul,3500,0xAA,88,0.935781431,0.000160680,139.968758000,6.423934000,133.544824000,149.574199089,142.709418714
imul,3500,0xAA,89,0.935769948,0.000160392,140.068306000,6.437484000,133.630822000,149.682415257,142.803070594
imul,3500,0xAA,90,0.935756042,0.000145792,140.082039000,6.447493000,133.634546000,149.699315574,142.809172511
imul,3500,0xAA,91,0.935996742,0.000942905,140.767950000,6.457931000,134.310019000,150.393632425,143.494109480
imul,3500,0xAA,92,0.935795009,0.000174477,140.127754000,6.424177000,133.703577000,149.741933498,142.876993059
imul,3500,0xAA,93,0.935752662,0.000143065,140.148872000,6.404952000,133.743920000,149.771277949,142.926571798
imul,3500,0xAA,94,0.935767894,0.000143436,139.965218000,6.415206000,133.550012000,149.572579732,142.717027155
imul,3500,0xAA,95,0.935889111,0.000770057,140.307808000,6.442671000,133.865137000,149.919265325,143.035254258
imul,3500,0xAA,96,0.935760185,0.000131386,140.062264000,6.426070000,133.636194000,149.677520231,142.810301360
imul,3500,0xAA,97,0.935794111,0.000288742,140.119026000,6.415083000,133.703943000,149.732750303,142.877521228
imul,3500,0xAA,98,0.935763980,0.000186372,140.137886000,6.417708000,133.720178000,149.757726268,142.899471263
imul,3500,0xAA,99,0.935912303,0.000793971,140.598273000,6.446822000,134.151451000,150.225905243,143.337629518
imul,3700,0x00,0,0.935829484,0.000219369,136.905411000,6.436140000,130.469271000,146.293115701,139.415644848
imul,3700,0x00,1,0.935818690,0.000286352,136.980912000,6.444991000,130.535921000,146.375482272,139.488474060
imul,3700,0x00,2,0.935738344,0.000181064,137.851027000,6.418197000,131.432830000,147.317920476,140.458954998
imul,3700,0x00,3,0.935781179,0.000180285,137.041458000,6.440169000,130.601289000,146.446050645,139.563919286
imul,3700,0x00,4,0.935764964,0.000195928,136.666337000,6.436751000,130.229586000,146.047717311,139.169119325
imul,3700,0x00,5,0.935883998,0.000377456,137.307144000,6.447310000,130.859834000,146.713849494,139.824844003
imul,3700,0x00,6,0.935790763,0.000164963,137.613722000,6.418563000,131.195159000,147.056080757,140.197108373
imul,3700,0x00,7,0.935753885,0.000143904,136.728837000,6.445723000,130.283114000,146.116237588,139.227970168
imul,3700,0x00,8,0.935922292,0.000232159,137.438796000,6.440047000,130.998749000,146.848512043,139.967548684
imul,3700,0x00,9,0.935807821,0.000409729,136.832780000,6.431990000,130.400790000,146.218889108,139.345693719
imul,3700,0x00,10,0.935765658,0.000189736,137.159377000,6.404219000,130.755158000,146.574493069,139.730665298
imul,3700,0x00,11,0.935837876,0.000271803,137.114029000,6.425277000,130.688752000,146.514724978,139.648923576
imul,3700,0x00,12,0.935823176,0.000241239,137.079483000,6.418746000,130.660737000,146.480111335,139.621180968
imul,3700,0x00,13,0.935818328,0.000420976,136.759721000,6.453658000,130.306063000,146.139177785,139.242905499
imul,3700,0x00,14,0.935795250,0.000192255,136.714859000,6.431380000,130.283479000,146.094841822,139.222205952
imul,3700,0x00,15,0.935770977,0.000161050,137.139908000,6.433761000,130.706147000,146.552854713,139.677496148
imul,3700,0x00,16,0.935750049,0.000091074,136.634843000,6.432295000,130.202548000,146.016388749,139.142443080
imul,3700,0x00,17,0.935782917,0.000206594,136.684282000,6.439559000,130.244723000,146.064091852,139.182625136
imul,3700,0x00,18,0.935821095,0.000390650,136.697099000,6.419722000,130.277377000,146.071829045,139.211840491
imul,3700,0x00,19,0.935770806,0.000153619,137.714614000,6.409590000,131.305024000,147.167033959,140.317504183
imul,3700,0x00,20,0.935778039,0.000141946,136.516741000,6.417464000,130.099277000,145.885814044,139.027922823
imul,3700,0x00,21,0.935869055,0.000315250,137.197281000,6.430098000,130.767183000,146.598800603,139.728076579
imul,3700,0x00,22,0.935775997,0.000155661,136.649858000,6.432662000,130.217196000,146.028385483,139.154238228
imul,3700,0x00,23,0.935770137,0.000161508,137.612685000,6.435225000,131.177460000,147.058213861,140.181284643
imul,3700,0x00,24,0.935751305,0.000135259,136.680253000,6.404647000,130.275606000,146.064720662,139.220330529
imul,3700,0x00,25,0.935757452,0.000168786,137.081131000,6.426619000,130.654512000,146.492160725,139.624335105
imul,3700,0x00,26,0.935815841,0.000383066,137.084915000,6.443404000,130.641511000,146.487063957,139.601730631
imul,3700,0x00,27,0.935773818,0.000142751,136.959855000,6.424788000,130.535067000,146.359998851,139.494250020
imul,3700,0x00,28,0.935768386,0.000137253,136.520097000,6.377975000,130.142122000,145.890905283,139.075142864
imul,3700,0x00,29,0.935854287,0.000541428,136.907181000,6.431746000,130.475435000,146.291129873,139.418536467
imul,3700,0x00,30,0.935802720,0.000283357,136.629594000,6.428084000,130.201510000,146.002561337,139.133502438
imul,3700,0x00,31,0.935866969,0.000238824,137.707045000,6.420760000,131.286285000,147.143824534,140.283063105
imul,3700,0x00,32,0.935773945,0.000152000,137.750562000,6.401778000,131.348784000,147.204955500,140.363796873
imul,3700,0x00,33,0.935746891,0.000104678,136.676164000,6.364058000,130.312106000,146.061039868,139.259993497
imul,3700,0x00,34,0.935758513,0.000156188,136.923722000,6.412276000,130.511446000,146.323779184,139.471289026
imul,3700,0x00,35,0.935814597,0.000295169,137.177932000,6.414717000,130.763215000,146.586655500,139.731967597
imul,3700,0x00,36,0.935764870,0.000150854,137.486953000,6.423873000,131.063080000,146.924678919,140.059842239
imul,3700,0x00,37,0.935765071,0.000142609,136.790238000,6.399764000,130.390474000,146.180106853,139.341035593
imul,3700,0x00,38,0.935830870,0.000482212,136.763260000,6.393783000,130.369477000,146.141000856,139.308801573
imul,3700,0x00,39,0.935879960,0.000721765,137.133804000,6.413313000,130.720491000,146.529266452,139.676557477
imul,3700,0x00,40,0.935775182,0.000149387,137.370742000,6.379379000,130.991363000,146.798872889,139.981659607
imul,3700,0x00,41,0.935853889,0.000245863,137.447402000,6.390975000,131.056427000,146.868441363,140.039410597
imul,3700,0x00,42,0.935884730,0.000555833,137.057266000,6.439803000,130.617463000,146.446738118,139.565759306
imul,3700,0x00,43,0.935788435,0.000289110,136.906693000,6.423873000,130.482820000,146.300902967,139.436239159
imul,3700,0x00,44,0.935957072,0.000232098,137.211197000,6.455611000,130.755586000,146.599882673,139.702546043
imul,3700,0x00,45,0.935767003,0.000142734,136.769181000,6.403671000,130.365510000,146.157302556,139.314070236
imul,3700,0x00,46,0.935869339,0.000573340,137.092545000,6.442488000,130.650057000,146.486843057,139.602882091
imul,3700,0x00,47,0.935821664,0.000378299,136.716203000,6.427047000,130.289156000,146.092154365,139.224342636
imul,3700,0x00,48,0.935769183,0.000149185,136.908463000,6.422224000,130.486239000,146.305804356,139.442761506
imul,3700,0x00,49,0.935745453,0.000087519,136.976578000,6.408309000,130.568269000,146.382306880,139.533960482
imul,3700,0x00,50,0.935912321,0.001016538,136.947831000,6.423567000,130.524264000,146.325492177,139.462063995
imul,3700,0x00,51,0.935819929,0.000288359,136.820023000,6.417647000,130.402376000,146.203365381,139.345585586
imul,3700,0x00,52,0.935819820,0.000296534,136.920548000,6.426986000,130.493562000,146.310801648,139.443041567
imul,3700,0x00,53,0.935737427,0.000143748,137.446914000,6.423018000,131.023896000,146.886199041,140.022074756
imul,3700,0x00,54,0.935759062,0.000137372,136.431047000,6.338485000,130.092562000,145.797195620,139.023566319
imul,3700,0x00,55,0.935786064,0.000249003,136.718461000,6.390181000,130.328280000,146.100125104,139.271447859
imul,3700,0x00,56,0.935828452,0.000455376,136.844803000,6.426863000,130.417940000,146.228513105,139.360947806
imul,3700,0x00,57,0.935795624,0.000164974,136.911759000,6.375960000,130.535799000,146.305192524,139.491781739
imul,3700,0x00,58,0.935762321,0.000133823,136.751542000,6.344527000,130.407015000,146.139184035,139.359121556
imul,3700,0x00,59,0.935786307,0.000240872,136.688004000,6.395552000,130.292452000,146.067540216,139.233125186
imul,3700,0x00,60,0.935806632,0.000447291,136.683733000,6.426559000,130.257174000,146.059803664,139.192403095
imul,3700,0x00,61,0.935859587,0.000313951,136.997330000,6.425459000,130.571871000,146.386628898,139.520792300
imul,3700,0x00,62,0.935791958,0.000153220,136.805070000,6.390731000,130.414339000,146.191756504,139.362534530
imul,3700,0x00,63,0.935788287,0.000260058,136.834366000,6.396101000,130.438265000,146.223636220,139.388648978
imul,3700,0x00,64,0.935824287,0.000452478,136.855607000,6.436446000,130.419161000,146.240708720,139.362872691
imul,3700,0x00,65,0.935760256,0.000099975,136.719620000,6.435042000,130.284578000,146.105393046,139.228586772
imul,3700,0x00,66,0.935728547,0.000141533,137.139358000,6.429244000,130.710114000,146.558912251,139.688069183
imul,3700,0x00,67,0.935761347,0.000148065,136.895645000,6.383956000,130.511689000,146.293331551,139.471126274
imul,3700,0x00,68,0.935774506,0.000277831,136.943253000,6.393783000,130.549470000,146.342149941,139.509539133
imul,3700,0x00,69,0.935836334,0.000460399,136.899918000,6.380049000,130.519869000,146.286175370,139.468691616
imul,3700,0x00,70,0.935758464,0.000146554,137.327773000,6.411299000,130.916474000,146.755576639,139.904130197
imul,3700,0x00,71,0.935841534,0.000243112,137.053482000,6.365890000,130.687592000,146.449454292,139.647138123
imul,3700,0x00,72,0.935821374,0.000276197,137.209366000,6.349166000,130.860200000,146.619183692,139.834591917
imul,3700,0x00,73,0.935829734,0.000460599,137.106765000,6.395919000,130.710846000,146.508237576,139.673747532
imul,3700,0x00,74,0.935767590,0.000145220,137.186783000,6.388289000,130.798494000,146.603477630,139.776687447
imul,3700,0x00,75,0.935766291,0.000128008,136.461443000,6.404586000,130.056857000,145.828551702,138.984336368
imul,3700,0x00,76,0.935780954,0.000157434,136.808244000,6.388106000,130.420138000,146.196867294,139.370370163
imul,3700,0x00,77,0.936830662,0.005655771,139.459238000,6.611128000,132.848110000,148.862802716,141.805894495
imul,3700,0x00,78,0.935784016,0.000156814,136.841874000,6.407760000,130.434114000,146.232326722,139.384849217
imul,3700,0x00,79,0.935754815,0.000129983,136.815567000,6.412276000,130.403291000,146.208776972,139.356259732
imul,3700,0x00,80,0.935769425,0.000147239,136.932267000,6.368636000,130.563631000,146.331204421,139.525429590
imul,3700,0x00,81,0.935816960,0.000211296,137.188980000,6.423751000,130.765229000,146.598091126,139.733766932
imul,3700,0x00,82,0.935815652,0.000333983,136.861283000,6.423323000,130.437960000,146.248123433,139.384247000
imul,3700,0x00,83,0.935767695,0.000145327,137.537856000,6.417342000,131.120514000,146.978632369,140.120795712
imul,3700,0x00,84,0.935774320,0.000138027,136.492143000,6.415023000,130.077120000,145.860107578,139.004797637
imul,3700,0x00,85,0.935781115,0.000205485,136.891556000,6.405989000,130.485567000,146.285871563,139.440265366
imul,3700,0x00,86,0.935826034,0.000351740,136.774613000,6.423873000,130.350740000,146.153887676,139.289499671
imul,3700,0x00,87,0.935788290,0.000159961,137.185440000,6.418685000,130.766755000,146.598799601,139.739678721
imul,3700,0x00,88,0.935776129,0.000139923,136.809647000,6.439742000,130.369905000,146.199120469,139.317408272
imul,3700,0x00,89,0.935806747,0.000186802,136.751237000,6.391585000,130.359652000,146.131920311,139.301893685
imul,3700,0x00,90,0.935829722,0.000378159,136.953873000,6.407515000,130.546358000,146.344863530,139.497982257
imul,3700,0x00,91,0.935877768,0.000255900,137.346450000,6.435652000,130.910798000,146.756825187,139.880230593
imul,3700,0x00,92,0.935818142,0.000156615,136.884476000,6.414168000,130.470308000,146.272518023,139.418442734
imul,3700,0x00,93,0.935803466,0.000251490,136.978165000,6.416976000,130.561189000,146.374928000,139.517744595
imul,3700,0x00,94,0.935833590,0.000442986,136.805803000,6.436752000,130.369051000,146.186036159,139.307941516
imul,3700,0x00,95,0.935782341,0.000155898,136.916520000,6.424238000,130.492282000,146.312357053,139.447258494
imul,3700,0x00,96,0.935774812,0.000138715,136.939774000,6.446334000,130.493440000,146.338384267,139.449617955
imul,3700,0x00,97,0.935779249,0.000103685,136.617265000,6.423323000,130.193942000,145.993048263,139.128904812
imul,3700,0x00,98,0.935791696,0.000259033,136.696245000,6.412521000,130.283724000,146.075505439,139.222996461
imul,3700,0x00,99,0.935868265,0.000452346,136.835770000,6.457930000,130.377840000,146.212640363,139.312171307
imul,3700,0xAA,0,0.935830856,0.000488449,140.073433000,6.447615000,133.625818000,149.678151933,142.788429329
imul,3700,0xAA,1,0.935785665,0.000156083,139.813363000,6.442244000,133.371119000,149.407464009,142.523148248
imul,3700,0xAA,2,0.935767732,0.000134339,139.822518000,6.436019000,133.386499000,149.420110548,142.542315153
imul,3700,0xAA,3,0.935789146,0.000163173,139.804818000,6.422530000,133.382288000,149.397776848,142.534553409
imul,3700,0xAA,4,0.935927908,0.000565700,140.071663000,6.398543000,133.673120000,149.660739727,142.824162949
imul,3700,0xAA,5,0.935812006,0.000171001,139.883675000,6.403182000,133.480493000,149.478393178,142.636012488
imul,3700,0xAA,6,0.935775264,0.000138767,139.827278000,6.397933000,133.429345000,149.423994526,142.586954434
imul,3700,0xAA,7,0.935787248,0.000168495,139.849679000,6.426070000,133.423609000,149.446019166,142.578998897
imul,3700,0xAA,8,0.935893704,0.000597754,140.244697000,6.397140000,133.847557000,149.851095634,143.015768107
imul,3700,0xAA,9,0.935863118,0.000520925,140.099068000,6.442061000,133.657007000,149.700383900,142.816833434
imul,3700,0xAA,10,0.935770657,0.000157372,139.799447000,6.409896000,133.389551000,149.394988928,142.545131060
imul,3700,0xAA,11,0.936032253,0.000879402,140.494940000,6.440718000,134.054222000,150.096259540,143.215387670
imul,3700,0xAA,12,0.935974660,0.000837063,140.383308000,6.449935000,133.933373000,149.986227203,143.095084444
imul,3700,0xAA,13,0.935844236,0.000526967,140.005806000,6.420088000,133.585718000,149.603748767,142.743538754
imul,3700,0xAA,14,0.935908487,0.000476902,140.194953000,6.433028000,133.761925000,149.795578262,142.922013069
imul,3700,0xAA,15,0.935756860,0.000137184,139.813852000,6.436019000,133.377833000,149.412585601,142.534710298
imul,3700,0xAA,16,0.935748692,0.000200796,139.689767000,6.399642000,133.290125000,149.281284741,142.442224155
imul,3700,0xAA,17,0.935947221,0.000721513,140.080024000,6.438277000,133.641747000,149.666584746,142.787695789
imul,3700,0xAA,18,0.935750493,0.000151409,139.564950000,6.399337000,133.165613000,149.147610373,142.308888892
imul,3700,0xAA,19,0.935738975,0.000129602,139.716684000,6.405624000,133.311060000,149.311600441,142.466076027
imul,3700,0xAA,20,0.935796923,0.000204343,139.876595000,6.406111000,133.470484000,149.473236676,142.627615751
imul,3700,0xAA,21,0.935917503,0.000438547,139.937386000,6.371565000,133.565821000,149.518932478,142.711104890
imul,3700,0xAA,22,0.935835803,0.000167704,139.783699000,6.387130000,133.396569000,149.367761410,142.542707296
imul,3700,0xAA,23,0.935769093,0.000127307,139.708260000,6.406966000,133.301294000,149.297792600,142.451054396
imul,3700,0xAA,24,0.935767741,0.000117560,139.783090000,6.314132000,133.468958000,149.377974707,142.630432853
imul,3700,0xAA,25,0.935780487,0.000210517,139.888985000,6.311019000,133.577966000,149.489102278,142.744978966
imul,3700,0xAA,26,0.935892167,0.000778049,139.969796000,6.420455000,133.549341000,149.557610362,142.697359546
imul,3700,0xAA,27,0.935774935,0.000150300,140.058662000,6.427840000,133.630822000,149.671311684,142.802309579
imul,3700,0xAA,28,0.935771435,0.000140407,139.726815000,6.374618000,133.352197000,149.317247596,142.505094795
imul,3700,0xAA,29,0.935932166,0.000249138,140.141487000,6.449202000,133.692285000,149.734662495,142.843990036
imul,3700,0xAA,30,0.935834722,0.000432759,140.003792000,6.419784000,133.584008000,149.603117701,142.743162784
imul,3700,0xAA,31,0.935866536,0.000258401,140.118904000,6.428023000,133.690881000,149.721032387,142.852507068
imul,3700,0xAA,32,0.935782198,0.000151146,139.810311000,6.391463000,133.418848000,149.404756087,142.574680653
imul,3700,0xAA,33,0.935769900,0.000157405,139.797127000,6.419783000,133.377344000,149.392630540,142.532201500
imul,3700,0xAA,34,0.935838333,0.000496692,139.958505000,6.403182000,133.555323000,149.554148547,142.711960343
imul,3700,0xAA,35,0.935799078,0.000167860,139.804574000,6.409285000,133.395289000,149.395930451,142.546933536
imul,3700,0xAA,36,0.935756517,0.000134809,139.821969000,6.428451000,133.393518000,149.421314662,142.551524410
imul,3700,0xAA,37,0.935807707,0.000315974,139.906746000,6.401656000,133.505090000,149.503733532,142.662952081
imul,3700,0xAA,38,0.935834410,0.000537325,140.156075000,6.415755000,133.740320000,149.765891753,142.910239803
imul,3700,0xAA,39,0.935773758,0.000149322,139.950386000,6.398971000,133.551415000,149.555792569,142.717632226
imul,3700,0xAA,40,0.935763218,0.000131943,139.877205000,6.398849000,133.478356000,149.479272397,142.641165411
imul,3700,0xAA,41,0.935829839,0.000210871,140.008370000,6.418563000,133.589807000,149.608790111,142.750104129
imul,3700,0xAA,42,0.935802056,0.000236183,139.960762000,6.401900000,133.558862000,149.562357870,142.721274375
imul,3700,0xAA,43,0.935859387,0.000548721,140.001655000,6.390670000,133.610985000,149.596891300,142.768226558
imul,3700,0xAA,44,0.935769323,0.000152921,139.814278000,6.385665000,133.428613000,149.411050880,142.587077450
imul,3700,0xAA,45,0.935759406,0.000129349,139.921517000,6.410750000,133.510767000,149.527235383,142.676382528
imul,3700,0xAA,46,0.935796307,0.000230446,140.074837000,6.432784000,133.642053000,149.685178304,142.811049869
imul,3700,0xAA,47,0.935852292,0.000585987,140.153694000,6.383712000,133.769982000,149.760485846,142.939204271
imul,3700,0xAA,48,0.935776611,0.000147216,139.847054000,6.415206000,133.431848000,149.444912698,142.589423983
imul,3700,0xAA,49,0.935779004,0.000146084,139.759408000,6.435348000,133.324060000,149.350869599,142.473874099
imul,3700,0xAA,50,0.935782422,0.000202625,139.943062000,6.425459000,133.517603000,149.546581217,142.680178464
imul,3700,0xAA,51,0.935931961,0.000579556,139.918343000,6.446212000,133.472131000,149.496276183,142.608796895
imul,3700,0xAA,52,0.935806935,0.000163222,139.975411000,6.403060000,133.572351000,149.577232009,142.734944608
imul,3700,0xAA,53,0.935758988,0.000126099,139.841072000,6.427657000,133.413415000,149.441334527,142.572410925
imul,3700,0xAA,54,0.935787808,0.000201914,139.919930000,6.436263000,133.483667000,149.521001268,142.643092680
imul,3700,0xAA,55,0.935848381,0.000544008,140.232979000,6.432600000,133.800379000,149.845831636,142.972282322
imul,3700,0xAA,56,0.935814617,0.000173255,139.890328000,6.366499000,133.523829000,149.485085429,142.681922834
imul,3700,0xAA,57,0.935752534,0.000084179,139.823494000,6.396773000,133.426721000,149.423580470,142.587613940
imul,3700,0xAA,58,0.935730273,0.000127076,139.761299000,6.390181000,133.371118000,149.360668381,142.531583992
imul,3700,0xAA,59,0.935778013,0.000210643,139.753976000,6.421126000,133.332850000,149.345222945,142.483418212
imul,3700,0xAA,60,0.935820581,0.000424840,140.050362000,6.373580000,133.676782000,149.655142057,142.844456196
imul,3700,0xAA,61,0.935845891,0.000240513,140.265754000,6.431136000,133.834618000,149.881252139,143.009248896
imul,3700,0xAA,62,0.935795749,0.000148272,139.737069000,6.413009000,133.324060000,149.324325524,142.471324740
imul,3700,0xAA,63,0.935800642,0.000255116,139.958443000,6.414779000,133.543664000,149.560105842,142.705249460
imul,3700,0xAA,64,0.935839684,0.000501309,139.892220000,6.421432000,133.470788000,149.483103168,142.621423640
imul,3700,0xAA,65,0.935967972,0.000269565,140.058541000,6.389144000,133.669397000,149.640313812,142.814071683
imul,3700,0xAA,66,0.935773667,0.000135913,139.820138000,6.398543000,133.421595000,149.416619627,142.578915993
imul,3700,0xAA,67,0.935809973,0.000264732,139.827523000,6.438643000,133.388880000,149.418714385,142.538425449
imul,3700,0xAA,68,0.935814914,0.000451435,139.898750000,6.442733000,133.456017000,149.494037590,142.609414466
imul,3700,0xAA,69,0.935771828,0.000148486,139.814035000,6.366377000,133.447658000,149.410391266,142.607047964
imul,3700,0xAA,70,0.935756460,0.000129553,139.783821000,6.392440000,133.391381000,149.380556734,142.549249368
imul,3700,0xAA,71,0.935872754,0.000327651,139.884469000,6.435225000,133.449244000,149.469538901,142.593363724
imul,3700,0xAA,72,0.935869057,0.000471082,140.121467000,6.450057000,133.671410000,149.723367810,142.831317096
imul,3700,0xAA,73,0.935770556,0.000100218,139.571969000,6.382003000,133.189966000,149.151913531,142.331862439
imul,3700,0xAA,74,0.935771637,0.000154066,139.866403000,6.367842000,133.498561000,149.466384219,142.661473972
imul,3700,0xAA,75,0.935796525,0.000150305,139.780404000,6.381576000,133.398828000,149.370509757,142.551104226
imul,3700,0xAA,76,0.935806440,0.000268271,140.018501000,6.343794000,133.674707000,149.623356964,142.844397417
imul,3700,0xAA,77,0.935883027,0.000559362,140.162117000,6.395186000,133.766931000,149.764567775,142.931250131
imul,3700,0xAA,78,0.935792371,0.000152203,139.952767000,6.377548000,133.575219000,149.555362223,142.740230792
imul,3700,0xAA,79,0.935778425,0.000137911,139.860115000,6.399947000,133.460168000,149.458580387,142.619411170
imul,3700,0xAA,80,0.935796228,0.000198383,139.937874000,6.361983000,133.575891000,149.538831006,142.740360559
imul,3700,0xAA,81,0.935943599,0.000596236,140.236030000,6.348312000,133.887718000,149.833846934,143.051053607
imul,3700,0xAA,82,0.935824414,0.000170497,140.019295000,6.345198000,133.674097000,149.621331659,142.841002031
imul,3700,0xAA,83,0.935771459,0.000142221,139.773141000,6.416976000,133.356165000,149.366749404,142.509331453
imul,3700,0xAA,84,0.935815601,0.000258655,140.177315000,6.419662000,133.757653000,149.791598689,142.931633979
imul,3700,0xAA,85,0.935869104,0.000606580,140.160347000,6.416914000,133.743433000,149.764904516,142.908268291
imul,3700,0xAA,86,0.935798840,0.000166233,140.045051000,6.422042000,133.623009000,149.652943649,142.790312784
imul,3700,0xAA,87,0.935774533,0.000142530,140.064095000,6.411910000,133.652185000,149.677181833,142.825200110
imul,3700,0xAA,88,0.935819722,0.000261745,140.039986000,6.421065000,133.618921000,149.644191839,142.782758114
imul,3700,0xAA,89,0.935813674,0.000180179,139.942391000,6.396652000,133.545739000,149.540869977,142.705479370
imul,3700,0xAA,90,0.935866607,0.000600573,140.079048000,6.438032000,133.641016000,149.678433883,142.799214179
imul,3700,0xAA,91,0.935864877,0.000256951,140.274604000,6.397140000,133.877464000,149.887667956,143.052129884
imul,3700,0xAA,92,0.935868827,0.000341953,140.161201000,6.429427000,133.731774000,149.765861336,142.895852620
imul,3700,0xAA,93,0.935777541,0.000250797,140.078804000,6.433822000,133.644982000,149.692419258,142.817043736
imul,3700,0xAA,94,0.935870099,0.000612637,140.011421000,6.426741000,133.584680000,149.605614292,142.738484966
imul,3700,0xAA,95,0.935790507,0.000154584,139.781014000,6.416427000,133.364587000,149.372122306,142.515430605
imul,3700,0xAA,96,0.935775162,0.000141771,139.801766000,6.425033000,133.376733000,149.396747877,142.530747091
imul,3700,0xAA,97,0.935818323,0.000274915,140.004830000,6.419539000,133.585291000,149.606848417,142.747035094
imul,3700,0xAA,98,0.935876206,0.000651605,140.082710000,6.416609000,133.666101000,149.680811495,142.824553202
imul,3700,0xAA,99,0.935809493,0.000174538,140.038765000,6.408126000,133.630639000,149.644522788,142.796840596
