kernel,freq_mhz,operand,trial,mean_time_s,std_time_s,pkg_J,dram_J,cores_J,pkg_W,cores_W
avx512,800,0x00,0,1.756478668,0.000321108,170.659720000,9.696326000,160.963394000,97.160143798,91.639822844
avx512,800,0x00,1,1.756595628,0.000682257,171.171010000,9.735265000,161.435745000,97.444743288,91.902622582
avx512,800,0x00,2,1.756455673,0.000215222,170.497122000,9.758275000,160.738847000,97.068844138,91.513181592
avx512,800,0x00,3,1.756453500,0.000689271,171.091298000,9.672949000,161.418349000,97.407245898,91.900155047
avx512,800,0x00,4,1.756267871,0.000297775,171.229908000,9.933019000,161.296889000,97.496464428,91.840710448
avx512,800,0x00,5,1.756491217,0.000665131,171.549122000,9.884007000,161.665115000,97.665801181,92.038669714
avx512,800,0x00,6,1.756293061,0.000222285,170.946889000,9.801367000,161.145522000,97.333920417,91.753207710
avx512,800,0x00,7,1.756260115,0.000312201,170.673269000,9.781835000,160.891434000,97.179949326,91.610253291
avx512,800,0x00,8,1.756454078,0.001295896,171.612232000,9.854467000,161.757765000,97.703796599,92.093364125
avx512,800,0x00,9,1.756321186,0.000315036,171.140004000,9.670630000,161.469374000,97.442315974,91.936130616
avx512,800,0x00,10,1.756347762,0.000533132,171.441516000,9.728734000,161.712782000,97.612511446,92.073327116
avx512,800,0x00,11,1.756710839,0.002480770,172.017260000,9.861120000,162.156140000,97.920076652,92.306677007
avx512,800,0x00,12,1.756250137,0.000648923,171.207997000,9.643896000,161.564101000,97.484972874,91.993786969
avx512,800,0x00,13,1.756236469,0.000305774,171.063832000,9.656347000,161.407485000,97.403644136,91.905325901
avx512,800,0x00,14,1.756338099,0.000233415,171.121755000,9.712377000,161.409378000,97.430987268,91.901085592
avx512,800,0x00,15,1.756370576,0.000670180,171.025563000,9.689428000,161.336135000,97.374418214,91.857684939
avx512,800,0x00,16,1.756293333,0.000296777,170.957387000,9.764319000,161.193068000,97.339882674,91.780265260
avx512,800,0x00,17,1.756376730,0.000732832,171.149586000,10.191258000,160.958328000,97.444690028,91.642257197
avx512,800,0x00,18,1.756390900,0.000180799,171.003530000,9.973912000,161.029618000,97.360746957,91.682106742
avx512,800,0x00,19,1.756400212,0.000729822,171.145009000,10.005834000,161.139175000,97.440781360,91.743996576
avx512,800,0x00,20,1.756298447,0.000315229,170.975514000,10.109471000,160.866043000,97.349920368,91.593796735
avx512,800,0x00,21,1.756559874,0.000761427,170.920461000,10.152134000,160.768327000,97.304090535,91.524535764
avx512,800,0x00,22,1.756384392,0.000330789,171.164845000,10.413670000,160.751175000,97.452952666,91.523914553
avx512,800,0x00,23,1.756185417,0.000231100,170.641837000,10.197667000,160.444170000,97.166184922,91.359470608
avx512,800,0x00,24,1.756404881,0.000787145,171.113880000,9.990880000,161.123000000,97.422799174,91.734543517
avx512,800,0x00,25,1.756513579,0.000338959,171.541920000,10.408848000,161.133072000,97.660457652,91.734600816
avx512,800,0x00,26,1.756600320,0.000791648,171.382190000,10.266941000,161.115249000,97.564703866,91.719924672
avx512,800,0x00,27,1.756477620,0.000208598,171.040395000,10.087560000,160.952835000,97.376928146,91.633866074
avx512,800,0x00,28,1.756469516,0.000745277,171.337513000,10.309666000,161.027847000,97.546533806,91.676994991
avx512,800,0x00,29,1.756464127,0.000310461,171.041615000,10.045385000,160.996230000,97.378370788,91.659275904
avx512,800,0x00,30,1.756622758,0.000740856,171.071767000,10.173619000,160.898148000,97.386741805,91.595163077
avx512,800,0x00,31,1.756540529,0.000255820,171.098805000,9.854711000,161.244094000,97.406693560,91.796398301
avx512,800,0x00,32,1.756573164,0.000740866,171.382069000,10.020482000,161.361587000,97.566143256,91.861580416
avx512,800,0x00,33,1.756576850,0.000746042,170.837209000,10.012669000,160.824540000,97.255755726,91.555652709
avx512,800,0x00,34,1.756495327,0.000331777,170.839223000,10.031834000,160.807389000,97.261416180,91.550137677
avx512,800,0x00,35,1.756537140,0.000627086,170.882924000,9.918798000,160.964126000,97.283980006,91.637189070
avx512,800,0x00,36,1.756487489,0.000327833,170.851675000,9.709448000,161.142227000,97.268939355,91.741175529
avx512,800,0x00,37,1.756574289,0.000770782,170.953724000,9.793371000,161.160353000,97.322228315,91.746961125
avx512,800,0x00,38,1.756473708,0.000326420,170.781545000,10.076939000,160.704606000,97.229775926,91.492747836
avx512,800,0x00,39,1.756473788,0.000259901,171.017995000,10.161107000,160.856888000,97.364387772,91.579441211
avx512,800,0x00,40,1.756624965,0.000762110,170.817251000,10.282628000,160.534623000,97.241730248,91.388102863
avx512,800,0x00,41,1.756500943,0.000326074,170.778127000,10.100744000,160.677383000,97.226322403,91.475830757
avx512,800,0x00,42,1.756629031,0.000848402,170.893422000,10.104650000,160.788772000,97.284867178,91.532571264
avx512,800,0x00,43,1.756485044,0.000322047,171.412098000,10.207676000,161.204422000,97.588134097,91.776711999
avx512,800,0x00,44,1.756564853,0.000715414,171.056874000,10.108617000,160.948257000,97.381473666,91.626709200
avx512,800,0x00,45,1.756523510,0.000325187,171.202443000,9.886206000,161.316237000,97.466639114,91.838359193
avx512,800,0x00,46,1.756564138,0.000842895,171.205494000,9.996984000,161.208510000,97.466121667,91.774906764
avx512,800,0x00,47,1.756507985,0.000316484,170.980336000,9.912572000,161.067764000,97.341052493,91.697712364
avx512,800,0x00,48,1.756516385,0.000263893,170.765859000,10.008886000,160.756973000,97.218483375,91.520337838
avx512,800,0x00,49,1.756570215,0.000847428,171.121632000,9.816320000,161.305312000,97.418042584,91.829697799
avx512,800,0x00,50,1.756484959,0.000331669,170.859792000,9.675329000,161.184463000,97.273700598,91.765353401
avx512,800,0x00,51,1.756597240,0.000866934,171.093007000,9.660437000,161.432570000,97.400248093,91.900730743
avx512,800,0x00,52,1.756393031,0.000198689,170.879812000,9.687842000,161.191970000,97.290190180,91.774430422
avx512,800,0x00,53,1.756567626,0.000813200,171.354054000,9.756994000,161.597060000,97.550502171,91.995922970
avx512,800,0x00,54,1.756542039,0.000327647,171.243214000,9.925206000,161.318008000,97.488821894,91.838398631
avx512,800,0x00,55,1.756533214,0.000840717,171.406971000,9.835913000,161.571058000,97.582539060,91.982922201
avx512,800,0x00,56,1.756385893,0.000237569,171.102712000,9.662756000,161.439956000,97.417493894,91.915994458
avx512,800,0x00,57,1.756359697,0.000328500,171.122060000,9.830724000,161.291336000,97.429962843,91.832747183
avx512,800,0x00,58,1.756409475,0.000791990,171.093129000,9.908482000,161.184647000,97.410729895,91.769401869
avx512,800,0x00,59,1.756437877,0.000330068,171.307789000,9.752050000,161.555739000,97.531368048,91.979193314
avx512,800,0x00,60,1.756448782,0.000711333,171.341602000,10.032872000,161.308730000,97.550013253,91.837992441
avx512,800,0x00,61,1.756340299,0.000312236,171.006581000,9.899511000,161.107070000,97.365289089,91.728846651
avx512,800,0x00,62,1.756425662,0.000824121,171.346424000,9.746435000,161.599989000,97.554042669,92.005026158
avx512,800,0x00,63,1.756393495,0.000315726,170.968251000,9.905187000,161.063064000,97.340517102,91.701013750
avx512,800,0x00,64,1.756577040,0.000859720,171.394824000,9.998021000,161.396803000,97.573189277,91.881425823
avx512,800,0x00,65,1.756551387,0.000232516,171.117604000,10.200841000,160.916763000,97.416793625,91.609482166
avx512,800,0x00,66,1.756487815,0.000319352,171.316212000,10.150547000,161.165665000,97.533390538,91.754502170
avx512,800,0x00,67,1.756596270,0.000930845,171.358448000,9.958105000,161.400343000,97.551412897,91.882435243
avx512,800,0x00,68,1.756555529,0.000339192,171.127614000,9.946996000,161.180618000,97.422262570,91.759477743
avx512,800,0x00,69,1.756541908,0.000808372,171.065724000,10.141575000,160.924149000,97.387784050,91.614181408
avx512,800,0x00,70,1.756408953,0.000321934,171.130543000,9.985632000,161.144911000,97.432060294,91.746805739
avx512,800,0x00,71,1.756571558,0.000954364,171.460743000,10.096715000,161.364028000,97.611020840,91.863054040
avx512,800,0x00,72,1.756426229,0.000328330,170.988759000,10.092687000,160.896072000,97.350378971,91.604229867
avx512,800,0x00,73,1.756349564,0.000240288,170.843008000,10.037205000,160.805803000,97.271643151,91.556832610
avx512,800,0x00,74,1.756698933,0.001039898,171.559009000,10.180333000,161.378676000,97.659881148,91.864731616
avx512,800,0x00,75,1.756557703,0.000330701,170.928762000,10.108494000,160.820268000,97.308936535,91.554218666
avx512,800,0x00,76,1.757311891,0.004857244,173.047042000,10.152379000,162.894663000,98.472583558,92.695362649
avx512,800,0x00,77,1.756298844,0.000211267,171.287037000,10.043858000,161.243179000,97.527273098,91.808509441
avx512,800,0x00,78,1.756320463,0.000900336,171.258839000,9.848180000,161.410659000,97.510017445,91.902737790
avx512,800,0x00,79,1.756257928,0.000312334,171.145131000,9.874731000,161.270400000,97.448745037,91.826147784
avx512,800,0x00,80,1.756604361,0.000912748,171.515918000,9.829870000,161.686048000,97.640608077,92.044658177
avx512,800,0x00,81,1.756444450,0.000241377,171.077504000,9.964757000,161.112747000,97.399894449,91.726639594
avx512,800,0x00,82,1.756540771,0.000896913,171.593616000,9.795202000,161.798414000,97.688376390,92.111960425
avx512,800,0x00,83,1.756404399,0.000897989,171.342823000,9.781896000,161.560927000,97.553173477,91.983900246
avx512,800,0x00,84,1.756355937,0.000324338,171.371815000,10.067174000,161.304641000,97.572372076,91.840519103
avx512,800,0x00,85,1.756533050,0.000941213,171.391285000,9.980138000,161.411147000,97.573618123,91.891892976
avx512,800,0x00,86,1.756302827,0.000209000,171.013234000,10.058935000,160.954299000,97.371154555,91.643819357
avx512,800,0x00,87,1.756369186,0.000919496,171.450794000,10.152318000,161.298476000,97.616603230,91.836316216
avx512,800,0x00,88,1.756415238,0.000319791,171.235890000,9.937230000,161.298660000,97.491690064,91.834013118
avx512,800,0x00,89,1.756506982,0.000945962,171.231923000,10.143223000,161.088700000,97.484339503,91.709683835
avx512,800,0x00,90,1.756350382,0.000237930,171.174855000,10.149633000,161.025222000,97.460539038,91.681718876
avx512,800,0x00,91,1.756472236,0.000334069,171.183766000,9.873021000,161.310745000,97.458851034,91.837913340
avx512,800,0x00,92,1.756532407,0.001008245,171.376697000,9.871191000,161.505506000,97.565348846,91.945645524
avx512,800,0x00,93,1.756405877,0.000323818,171.088246000,10.124424000,160.963822000,97.408149338,91.643864368
avx512,800,0x00,94,1.756590900,0.000889215,171.201588000,10.183385000,161.018203000,97.462413142,91.665169742
avx512,800,0x00,95,1.756462432,0.000322252,171.164113000,10.119237000,161.044876000,97.448206038,91.687059763
avx512,800,0x00,96,1.756456290,0.001014585,171.371449000,10.059484000,161.311965000,97.566589029,91.839441671
avx512,800,0x00,97,1.756431617,0.000313109,171.537403000,10.403110000,161.134293000,97.662443203,91.739576692
avx512,800,0x00,98,1.756470995,0.000229549,171.161915000,10.067601000,161.094314000,97.446479588,91.714758981
avx512,800,0x00,99,1.756659740,0.001036041,171.512501000,10.074132000,161.438369000,97.635584791,91.900762178
avx512,800,0xAA,0,1.756368220,0.000321701,171.368641000,10.180515000,161.188126000,97.569882564,91.773538220
avx512,800,0xAA,1,1.756591031,0.000997910,171.566760000,10.056127000,161.510633000,97.670292617,91.945495654
avx512,800,0xAA,2,1.756440207,0.000243025,171.194325000,9.842138000,161.352187000,97.466639832,91.863182360
avx512,800,0xAA,3,1.756271018,0.000310479,171.066701000,10.038671000,161.028030000,97.403361579,91.687460731
avx512,800,0xAA,4,1.756559110,0.001002260,171.395496000,10.126317000,161.269179000,97.574567813,91.809708013
avx512,800,0xAA,5,1.756507564,0.000326454,171.052358000,10.075413000,160.976945000,97.382078812,91.646030071
avx512,800,0xAA,6,1.756569876,0.000895842,171.147999000,10.295079000,160.852920000,97.433071897,91.572172686
avx512,800,0xAA,7,1.756499275,0.000329016,171.038258000,10.131932000,160.906326000,97.374511032,91.606258152
avx512,800,0xAA,8,1.756663620,0.001073293,171.452197000,10.003087000,161.449110000,97.601040410,91.906673609
avx512,800,0xAA,9,1.756459839,0.000318217,170.916677000,10.136266000,160.780411000,97.307477927,91.536628076
avx512,800,0xAA,10,1.756493678,0.000260550,171.287953000,10.366001000,160.921952000,97.516976669,91.615446177
avx512,800,0xAA,11,1.756671517,0.001103202,171.588916000,10.053014000,161.535902000,97.678430124,91.955667556
avx512,800,0xAA,12,1.756444444,0.000331174,170.741689000,10.047337000,160.694352000,97.208704514,91.488434208
avx512,800,0xAA,13,1.756731768,0.001110031,171.241261000,9.992955000,161.248306000,97.477181298,91.788802922
avx512,800,0xAA,14,1.756419377,0.000209590,171.055104000,9.882665000,161.172439000,97.388531620,91.761934048
avx512,800,0xAA,15,1.756516898,0.001098809,171.321705000,10.108738000,161.212967000,97.534902830,91.779912366
avx512,800,0xAA,16,1.756433532,0.000349440,171.237903000,9.543982000,161.693921000,97.491820717,92.058092753
avx512,800,0xAA,17,1.756469734,0.001114276,171.446887000,9.638037000,161.808850000,97.608790911,92.121627190
avx512,800,0xAA,18,1.756306779,0.000234251,171.289783000,9.708105000,161.581678000,97.528395975,92.000828061
avx512,800,0xAA,19,1.756451456,0.000344076,171.308155000,9.768957000,161.539198000,97.530822413,91.969064945
avx512,800,0xAA,20,1.756674260,0.001076136,171.707873000,10.084752000,161.623121000,97.745994735,92.005174010
avx512,800,0xAA,21,1.756534188,0.000327847,171.247426000,10.047520000,161.199906000,97.491655536,91.771573303
avx512,800,0xAA,22,1.756653082,0.001075456,171.818836000,10.166539000,161.652297000,97.810340452,92.022892091
avx512,800,0xAA,23,1.756268823,0.000199992,171.086842000,9.963842000,161.123000000,97.414951382,91.741650194
avx512,800,0xAA,24,1.756461118,0.001050377,171.650073000,9.971410000,161.678663000,97.724948889,92.047960144
avx512,800,0xAA,25,1.756314929,0.000305739,171.333301000,9.860021000,161.473280000,97.552721419,91.938682139
avx512,800,0xAA,26,1.756723615,0.001850708,172.098376000,10.114293000,161.984083000,97.965539122,92.208063720
avx512,800,0xAA,27,1.756264652,0.000226629,171.288746000,9.971288000,161.317458000,97.530144910,91.852590568
avx512,800,0xAA,28,1.756266666,0.000307694,171.383899000,10.172032000,161.211867000,97.584212207,91.792362827
avx512,800,0xAA,29,1.756405721,0.001079265,171.581226000,10.144505000,161.436721000,97.688833459,91.913114969
avx512,800,0xAA,30,1.756444519,0.000345964,171.564869000,9.834569000,161.730300000,97.677363059,92.078228619
avx512,800,0xAA,31,1.756481785,0.000979214,171.579273000,10.036290000,161.542983000,97.683491217,91.969631792
avx512,800,0xAA,32,1.756512123,0.000315598,171.283924000,10.014745000,161.269179000,97.513658875,91.812163925
avx512,800,0xAA,33,1.756648302,0.001172224,171.815600000,10.133702000,161.681898000,97.808764463,92.039993338
avx512,800,0xAA,34,1.756363148,0.000317001,171.339772000,9.663306000,161.676466000,97.553727527,92.051843700
avx512,800,0xAA,35,1.756780971,0.002735061,172.467271000,9.754980000,162.712291000,98.172324207,92.619565973
avx512,800,0xAA,36,1.756688059,0.001179160,171.610889000,9.867895000,161.742994000,97.690018504,92.072689378
avx512,800,0xAA,37,1.756378624,0.000319846,171.236378000,9.576879000,161.659499000,97.494000262,92.041372411
avx512,800,0xAA,38,1.756519395,0.001184316,171.698780000,9.840673000,161.858107000,97.749435923,92.147065103
avx512,800,0xAA,39,1.756382156,0.000233361,171.470753000,9.752538000,161.718215000,97.627246120,92.074617401
avx512,800,0xAA,40,1.756601209,0.001182718,171.691944000,9.978856000,161.713088000,97.740991582,92.060216716
avx512,800,0xAA,41,1.756484759,0.000330386,171.446888000,9.990453000,161.456435000,97.607956509,91.920202632
avx512,800,0xAA,42,1.756651704,0.001203480,171.904162000,9.676733000,162.227429000,97.858990290,92.350366708
avx512,800,0xAA,43,1.756429261,0.000316879,171.395375000,9.697301000,161.698074000,97.581712415,92.060681072
avx512,800,0xAA,44,1.756287922,0.000225532,171.209095000,9.484595000,161.724500000,97.483500762,92.083136232
avx512,800,0xAA,45,1.756544973,0.001153064,171.746875000,9.840184000,161.906691000,97.775392987,92.173382135
avx512,800,0xAA,46,1.756293158,0.000315820,171.300037000,9.693701000,161.606336000,97.534990792,92.015581372
avx512,800,0xAA,47,1.756503123,0.001152444,172.043994000,9.715673000,162.328321000,97.946876236,92.415617639
avx512,800,0xAA,48,1.756271272,0.000198776,171.280140000,9.704993000,161.575147000,97.524877151,91.998969418
avx512,800,0xAA,49,1.756428732,0.001153105,171.634082000,9.745092000,161.888990000,97.717646564,92.169404370
avx512,800,0xAA,50,1.756470459,0.000325890,171.703296000,9.764318000,161.938978000,97.754730328,92.195674124
avx512,800,0xAA,51,1.756754976,0.001154310,171.915758000,9.745581000,162.170177000,97.859838394,92.312348200
avx512,800,0xAA,52,1.756369597,0.000229927,171.052113000,9.627905000,161.424208000,97.389588885,91.907881040
avx512,800,0xAA,53,1.756379708,0.000318217,171.367908000,9.796606000,161.571302000,97.568827074,91.991100370
avx512,800,0xAA,54,1.756535340,0.001180063,171.764513000,9.564734000,162.199779000,97.785970550,92.340743356
avx512,800,0xAA,55,1.756345906,0.000327306,171.296620000,9.534643000,161.761977000,97.530116014,92.101434245
avx512,800,0xAA,56,1.756539386,0.001064980,171.684070000,9.665197000,162.018873000,97.739949004,92.237540645
avx512,800,0xAA,57,1.756359186,0.000337588,171.226735000,9.685705000,161.541030000,97.489588908,91.974939582
avx512,800,0xAA,58,1.756488916,0.001263799,171.679980000,9.718298000,161.961682000,97.740428909,92.207631114
avx512,800,0xAA,59,1.756448448,0.000318509,171.416126000,9.669409000,161.746717000,97.592460620,92.087369360
avx512,800,0xAA,60,1.756421039,0.000232104,171.102955000,9.547888000,161.555067000,97.415682911,91.979692458
avx512,800,0xAA,61,1.756480144,0.000343754,171.239674000,9.707556000,161.532118000,97.490241810,91.963532025
avx512,800,0xAA,62,1.756517427,0.000334117,171.321766000,9.648779000,161.672987000,97.534908182,92.041777940
avx512,800,0xAA,63,1.756331593,0.000313228,171.326771000,9.835973000,161.490798000,97.548077858,91.947784020
avx512,800,0xAA,64,1.756365643,0.000331407,171.226063000,9.836645000,161.389418000,97.488847912,91.888280034
avx512,800,0xAA,65,1.756323857,0.000218625,171.219655000,9.559607000,161.660048000,97.487518788,92.044555087
avx512,800,0xAA,66,1.756308793,0.000308814,170.970387000,9.667150000,161.303237000,97.346427734,91.842184950
avx512,800,0xAA,67,1.756391064,0.000322956,171.144093000,9.581763000,161.562330000,97.440767334,91.985397401
avx512,800,0xAA,68,1.756329382,0.000334446,171.212879000,9.622167000,161.590712000,97.483354077,92.004787756
avx512,800,0xAA,69,1.756386761,0.000241462,170.866017000,9.627173000,161.238844000,97.282683297,91.801445784
avx512,800,0xAA,70,1.756517129,0.000316659,171.285145000,9.689123000,161.596022000,97.514076125,91.997976770
avx512,800,0xAA,71,1.756553096,0.000318145,171.251332000,9.979100000,161.272232000,97.492829773,91.811760398
avx512,800,0xAA,72,1.756513828,0.000319396,171.392017000,9.783788000,161.608229000,97.575102618,92.005099214
avx512,800,0xAA,73,1.756319651,0.000194431,171.268727000,9.708349000,161.560378000,97.515692483,91.988026154
avx512,800,0xAA,74,1.756390678,0.000339303,171.292164000,9.895117000,161.397047000,97.525092893,91.891313845
avx512,800,0xAA,75,1.756240628,0.000319705,170.962575000,9.998143000,160.964432000,97.345757899,91.652834709
avx512,800,0xAA,76,1.756287680,0.000307719,171.262013000,9.887548000,161.374465000,97.513644821,91.883845037
avx512,800,0xAA,77,1.756288270,0.000231931,171.213856000,9.916296000,161.297560000,97.486192263,91.840025761
avx512,800,0xAA,78,1.756292759,0.000303654,170.986013000,9.811499000,161.174514000,97.356213594,91.769730960
avx512,800,0xAA,79,1.756362126,0.000321627,171.411304000,9.908544000,161.502760000,97.594511676,91.952996266
avx512,800,0xAA,80,1.756389181,0.000351604,171.381519000,9.719823000,161.661696000,97.576050253,92.042070026
avx512,800,0xAA,81,1.756301070,0.000196848,171.268544000,9.775854000,161.492690000,97.516619976,91.950459272
avx512,800,0xAA,82,1.756289508,0.000313063,171.255238000,9.818274000,161.436964000,97.509685744,91.919335203
avx512,800,0xAA,83,1.756311597,0.000391263,170.849721000,9.955175000,160.894546000,97.277568100,91.609339857
avx512,800,0xAA,84,1.756217751,0.000307864,171.073109000,10.019078000,161.054031000,97.409964650,91.705046796
avx512,800,0xAA,85,1.756246504,0.000224243,170.900808000,10.143651000,160.757157000,97.310262303,91.534506465
avx512,800,0xAA,86,1.756291712,0.000324884,170.779226000,10.025915000,160.753311000,97.238530943,91.529960476
avx512,800,0xAA,87,1.756369982,0.000404058,171.005299000,9.882787000,161.122512000,97.362913712,91.736088441
avx512,800,0xAA,88,1.756577370,0.000323580,171.169910000,10.053319000,161.116591000,97.445129887,91.721886965
avx512,800,0xAA,89,1.756550476,0.000404714,171.085560000,9.967321000,161.118239000,97.398601575,91.724229484
avx512,800,0xAA,90,1.756545734,0.000225220,171.166432000,10.029027000,161.137405000,97.444904875,91.735388292
avx512,800,0xAA,91,1.757791320,0.006771440,174.463237000,9.904577000,164.558660000,99.251392913,93.616721218
avx512,800,0xAA,92,1.756223075,0.000304890,171.203664000,9.811498000,161.392166000,97.484007829,91.897304102
avx512,800,0xAA,93,1.756162917,0.000300123,171.043752000,9.851659000,161.192093000,97.396289590,91.786525879
avx512,800,0xAA,94,1.756243922,0.000302848,171.294056000,9.970982000,161.323074000,97.534319581,91.856872461
avx512,800,0xAA,95,1.756245867,0.000302887,171.187489000,9.750769000,161.436720000,97.473532723,91.921480369
avx512,800,0xAA,96,1.756379495,0.000497499,171.134327000,9.716711000,161.417616000,97.435848837,91.903609918
avx512,800,0xAA,97,1.756571216,0.000329837,171.244252000,9.669103000,161.575149000,97.487793539,91.983261235
avx512,800,0xAA,98,1.756491609,0.000198769,170.785330000,9.589758000,161.195572000,97.230939866,91.771330523
avx512,800,0xAA,99,1.756537023,0.000308992,171.123036000,9.600195000,161.522841000,97.420682708,91.955272715
avx512,1000,0x00,0,1.404653552,0.000139734,142.496949000,7.337140000,135.159809000,101.446330851,96.222879141
avx512,1000,0x00,1,1.404734901,0.000267468,142.566468000,7.355267000,135.211201000,101.489945143,96.253891709
avx512,1000,0x00,2,1.404735417,0.000204641,142.476259000,7.422894000,135.053365000,101.425690071,96.141496398
avx512,1000,0x00,3,1.404858271,0.000155351,142.579103000,7.438031000,135.141072000,101.490026397,96.195520072
avx512,1000,0x00,4,1.404902363,0.000282852,142.543947000,7.407940000,135.136007000,101.461817355,96.188895768
avx512,1000,0x00,5,1.404914436,0.000201735,142.704896000,7.407817000,135.297079000,101.575506898,96.302718172
avx512,1000,0x00,6,1.404914013,0.000282829,142.540346000,7.462506000,135.077840000,101.458412888,96.146695637
avx512,1000,0x00,7,1.404885582,0.000167310,142.229799000,7.467877000,134.761922000,101.239418198,95.923770366
avx512,1000,0x00,8,1.404763757,0.000183593,142.386660000,7.423016000,134.963644000,101.359861628,96.075687713
avx512,1000,0x00,9,1.404780407,0.000284195,142.856263000,7.388592000,135.467671000,101.692949529,96.433343142
avx512,1000,0x00,10,1.404829635,0.000171474,143.654540000,7.516094000,136.138446000,102.257623539,96.907441702
avx512,1000,0x00,11,1.404931948,0.000322128,143.538328000,7.461102000,136.077226000,102.167459537,96.856809431
avx512,1000,0x00,12,1.404824055,0.000212263,142.586732000,7.382733000,135.203999000,101.497928830,96.242656491
avx512,1000,0x00,13,1.404831216,0.000273807,142.497193000,7.341168000,135.156025000,101.433674984,96.208016617
avx512,1000,0x00,14,1.404900061,0.000177604,143.451048000,7.375774000,136.075274000,102.107653077,96.857618426
avx512,1000,0x00,15,1.404902587,0.000204840,142.723023000,7.357525000,135.365498000,101.589266256,96.352230559
avx512,1000,0x00,16,1.404939369,0.000280737,142.758607000,7.328472000,135.430135000,101.611934372,96.395714968
avx512,1000,0x00,17,1.404902523,0.000164032,142.636231000,7.464031000,135.172200000,101.527492974,96.214646794
avx512,1000,0x00,18,1.404951112,0.000291482,143.714354000,7.549785000,136.164569000,102.291355744,96.917656306
avx512,1000,0x00,19,1.404912877,0.000217872,142.784180000,7.505352000,135.278828000,101.632053051,96.289834238
avx512,1000,0x00,20,1.404922701,0.000159611,143.268859000,7.626934000,135.641925000,101.976328623,96.547607173
avx512,1000,0x00,21,1.404955544,0.000291700,143.169128000,7.555034000,135.614094000,101.902959587,96.525541039
avx512,1000,0x00,22,1.404926985,0.000210936,143.028809000,7.559429000,135.469380000,101.805154698,96.424498562
avx512,1000,0x00,23,1.404899916,0.000271464,143.066589000,7.437664000,135.628925000,101.834007776,96.539919625
avx512,1000,0x00,24,1.404874797,0.000172189,142.883118000,7.475994000,135.407124000,101.705232580,96.383766201
avx512,1000,0x00,25,1.404943123,0.000224722,143.385802000,7.676555000,135.709247000,102.058083127,96.594121721
avx512,1000,0x00,26,1.404892602,0.000284922,142.539491000,7.611004000,134.928487000,101.459350579,96.041851768
avx512,1000,0x00,27,1.404871556,0.000167905,142.889771000,7.556560000,135.333211000,101.710202868,96.331376621
avx512,1000,0x00,28,1.404935463,0.000284227,144.043455000,7.598857000,136.444598000,102.526741493,97.118053904
avx512,1000,0x00,29,1.404872279,0.000215902,143.614378000,7.632976000,135.981402000,102.225931969,96.792714932
avx512,1000,0x00,30,1.404868889,0.000170600,143.492919000,7.712749000,135.780170000,102.139722856,96.649709475
avx512,1000,0x00,31,1.404903083,0.000296890,143.639647000,7.615581000,136.024066000,102.241676806,96.820960538
avx512,1000,0x00,32,1.404928509,0.000227368,143.473449000,7.483623000,135.989826000,102.121530091,96.794836987
avx512,1000,0x00,33,1.404908399,0.000289593,143.547301000,7.454388000,136.092913000,102.175558994,96.869598830
avx512,1000,0x00,34,1.404819269,0.000168746,143.039429000,7.489178000,135.550251000,101.820520404,96.489458845
avx512,1000,0x00,35,1.404797572,0.000205761,143.460204000,7.460064000,136.000140000,102.121620125,96.811200924
avx512,1000,0x00,36,1.404886315,0.000297166,144.200742000,7.478863000,136.721879000,102.642285327,97.318820418
avx512,1000,0x00,37,1.404808516,0.000171934,143.538817000,7.410870000,136.127947000,102.176784464,96.901424931
avx512,1000,0x00,38,1.404822391,0.000284695,143.796263000,7.444316000,136.351947000,102.359034093,97.059918668
avx512,1000,0x00,39,1.404898906,0.000198420,143.754087000,7.564312000,136.189775000,102.323438645,96.939199275
avx512,1000,0x00,40,1.404884164,0.000276825,143.722471000,7.650616000,136.071855000,102.302007977,96.856280711
avx512,1000,0x00,41,1.404821448,0.000169621,143.524352000,7.593059000,135.931293000,102.165547262,96.760547920
avx512,1000,0x00,42,1.404820047,0.000199067,143.794858000,7.430767000,136.364091000,102.358204750,97.068725135
avx512,1000,0x00,43,1.404894108,0.000289203,143.879027000,7.536297000,136.342730000,102.412720070,97.048403317
avx512,1000,0x00,44,1.404799935,0.000167321,143.242859000,7.512493000,135.730366000,101.966732374,96.619000776
avx512,1000,0x00,45,1.404741041,0.000265536,143.724974000,7.474163000,136.250811000,102.314212910,96.993543278
avx512,1000,0x00,46,1.404802290,0.000211888,143.500914000,7.548870000,135.952044000,102.150256349,96.776638969
avx512,1000,0x00,47,1.404784962,0.000158612,143.865476000,7.489178000,136.376298000,102.411030826,97.079839074
avx512,1000,0x00,48,1.404747008,0.000273665,143.934934000,7.543316000,136.391618000,102.463242968,97.093367854
avx512,1000,0x00,49,1.404782922,0.000195036,143.543212000,7.518170000,136.025042000,102.181774665,96.829937109
avx512,1000,0x00,50,1.404887940,0.000275501,144.111142000,7.460735000,136.650407000,102.578389308,97.267834075
avx512,1000,0x00,51,1.404760868,0.000171958,144.318173000,7.473492000,136.844681000,102.735046398,97.414929524
avx512,1000,0x00,52,1.404743473,0.000184308,143.760862000,7.569072000,136.191790000,102.339583509,96.951359863
avx512,1000,0x00,53,1.404786382,0.000273012,143.838011000,7.595318000,136.242693000,102.391376283,96.984633949
avx512,1000,0x00,54,1.404900895,0.000197405,145.353693000,7.595074000,137.758619000,103.461883702,98.055755748
avx512,1000,0x00,55,1.404855807,0.000283989,144.027585000,7.525859000,136.501726000,102.521258286,97.164225226
avx512,1000,0x00,56,1.404843330,0.000205265,144.064633000,7.488812000,136.575821000,102.548540376,97.217830654
avx512,1000,0x00,57,1.404826436,0.000160975,143.918272000,7.522991000,136.395281000,102.445589229,97.090485703
avx512,1000,0x00,58,1.404844783,0.000282965,144.060605000,7.472210000,136.588395000,102.545567113,97.226680579
avx512,1000,0x00,59,1.404809965,0.000203419,143.976866000,7.406781000,136.570085000,102.488499954,97.216056573
avx512,1000,0x00,60,1.404851432,0.000273341,144.253293000,7.427288000,136.826005000,102.682240743,97.395355719
avx512,1000,0x00,61,1.404829977,0.000169007,144.461055000,7.376813000,137.084242000,102.831700194,97.580664039
avx512,1000,0x00,62,1.404822688,0.000283667,144.343563000,7.442485000,136.901078000,102.748599009,97.450788071
avx512,1000,0x00,63,1.405749240,0.005074067,145.936455000,7.624553000,138.311902000,103.814002415,98.390166653
avx512,1000,0x00,64,1.404788222,0.000162349,143.998838000,7.537884000,136.460954000,102.505727042,97.139876244
avx512,1000,0x00,65,1.404775180,0.000264680,144.732661000,7.572246000,137.160415000,103.029056204,97.638694738
avx512,1000,0x00,66,1.404699162,0.000191351,143.975889000,7.492413000,136.483476000,102.495888746,97.162068377
avx512,1000,0x00,67,1.404715571,0.000255265,144.074644000,7.504436000,136.570208000,102.564993889,97.222676802
avx512,1000,0x00,68,1.404748456,0.000166055,144.235776000,7.469402000,136.766374000,102.677298091,97.360045763
avx512,1000,0x00,69,1.404719336,0.000194263,144.101255000,7.496136000,136.605119000,102.583662990,97.247268875
avx512,1000,0x00,70,1.404766652,0.000266031,144.761714000,7.546123000,137.215591000,103.050363390,97.678565172
avx512,1000,0x00,71,1.404772078,0.000160937,144.278623000,7.520244000,136.758379000,102.706072555,97.352717292
avx512,1000,0x00,72,1.404708965,0.000265705,144.185117000,7.439312000,136.745805000,102.644121022,97.348140014
avx512,1000,0x00,73,1.404723132,0.000186770,144.788692000,7.395794000,137.392898000,103.072761250,97.807813424
avx512,1000,0x00,74,1.404678791,0.000148126,144.706722000,7.438519000,137.268203000,103.017659913,97.722129684
avx512,1000,0x00,75,1.404767766,0.000278691,144.371823000,7.401409000,136.970414000,102.772733297,97.503955655
avx512,1000,0x00,76,1.404737716,0.000187437,144.254513000,7.419537000,136.834976000,102.691421578,97.409626325
avx512,1000,0x00,77,1.404721686,0.000273684,144.531796000,7.392987000,137.138809000,102.889986958,97.627031975
avx512,1000,0x00,78,1.404970328,0.001569646,145.147028000,7.502605000,137.644423000,103.309675032,97.969629871
avx512,1000,0x00,79,1.404803593,0.000181603,145.908074000,7.470928000,138.437146000,103.863682263,98.545552357
avx512,1000,0x00,80,1.404805353,0.000288208,145.106563000,7.628032000,137.478531000,103.293002583,97.863046054
avx512,1000,0x00,81,1.404759329,0.000159857,145.002497000,7.589031000,137.413466000,103.222305768,97.819934812
avx512,1000,0x00,82,1.404786540,0.000273270,145.522149000,7.453228000,138.068921000,103.590221636,98.284626950
avx512,1000,0x00,83,1.404818345,0.000209196,144.828181000,7.454265000,137.373916000,103.093885067,97.787672327
avx512,1000,0x00,84,1.404813297,0.000265653,144.556148000,7.422772000,137.133376000,102.900611998,97.616798116
avx512,1000,0x00,85,1.404781620,0.000172494,144.182004000,7.480389000,136.701615000,102.636596319,97.311648372
avx512,1000,0x00,86,1.404848225,0.000214021,144.807490000,7.501751000,137.305739000,103.076964072,97.737062674
avx512,1000,0x00,87,1.404867092,0.000287864,144.169431000,7.495098000,136.674333000,102.621402247,97.286308244
avx512,1000,0x00,88,1.404828902,0.000172245,145.297968000,7.502056000,137.795912000,103.427519012,98.087327059
avx512,1000,0x00,89,1.404768250,0.000273898,144.651424000,7.489178000,137.162246000,102.971735041,97.640479867
avx512,1000,0x00,90,1.404889956,0.000216080,145.086725000,7.465252000,137.621473000,103.272661589,97.958898780
avx512,1000,0x00,91,1.404777600,0.000172253,144.935114000,7.488445000,137.446669000,103.172996181,97.842298284
avx512,1000,0x00,92,1.404796742,0.000276643,145.163813000,7.558940000,137.604873000,103.334389026,97.953582126
avx512,1000,0x00,93,1.404831817,0.000208703,145.251521000,7.616802000,137.634719000,103.394242089,97.972381688
avx512,1000,0x00,94,1.404820345,0.000278597,145.059016000,7.598248000,137.460768000,103.258054667,97.849357373
avx512,1000,0x00,95,1.404779180,0.000166761,143.893064000,7.577190000,136.315874000,102.431090972,97.037225440
avx512,1000,0x00,96,1.404861185,0.000198404,144.129941000,7.476178000,136.653763000,102.593724259,97.272075344
avx512,1000,0x00,97,1.405914853,0.005712641,146.933218000,7.624797000,139.308421000,104.510751606,99.087381206
avx512,1000,0x00,98,1.404826561,0.000188375,144.248776000,7.553691000,136.695085000,102.680843327,97.303887046
avx512,1000,0x00,99,1.404795956,0.000282087,144.912044000,7.540813000,137.371231000,103.155225803,97.787319545
avx512,1000,0xAA,0,1.404853318,0.000170381,144.213620000,7.594951000,136.618669000,102.653862979,97.247639494
avx512,1000,0xAA,1,1.404894939,0.000278093,144.840633000,7.584697000,137.255936000,103.097127720,97.698363167
avx512,1000,0xAA,2,1.404816557,0.000218556,145.378657000,7.551189000,137.827468000,103.485865289,98.110651735
avx512,1000,0xAA,3,1.404784983,0.000155001,144.210080000,7.679607000,136.530473000,102.656336538,97.189587468
avx512,1000,0xAA,4,1.404837413,0.000273184,144.695918000,7.574383000,137.121535000,102.998337476,97.606693626
avx512,1000,0xAA,5,1.404923939,0.000203701,144.339169000,7.533734000,136.805435000,102.738066430,97.375687877
avx512,1000,0xAA,6,1.404944508,0.000276815,144.126645000,7.473492000,136.653153000,102.585293700,97.265872216
avx512,1000,0xAA,7,1.404842559,0.000174790,144.006284000,7.488384000,136.517900000,102.507062512,97.176654522
avx512,1000,0xAA,8,1.404876826,0.000192591,144.282102000,7.515728000,136.766374000,102.700891152,97.351149552
avx512,1000,0xAA,9,1.404853083,0.000270980,144.545894000,7.667217000,136.878677000,102.890398848,97.432734204
avx512,1000,0xAA,10,1.404876503,0.000185619,144.741756000,7.601421000,137.140335000,103.028099406,97.617359754
avx512,1000,0xAA,11,1.404891478,0.000281051,144.393735000,7.434551000,136.959184000,102.779280273,97.487376155
avx512,1000,0xAA,12,1.404872326,0.000207051,144.624569000,7.595988000,137.028581000,102.944991047,97.538102563
avx512,1000,0xAA,13,1.404854247,0.000167937,144.680477000,7.481426000,137.199051000,102.986112145,97.660701330
avx512,1000,0xAA,14,1.404809051,0.000276637,144.145627000,7.475079000,136.670548000,102.608697563,97.287633467
avx512,1000,0xAA,15,1.404807118,0.000203870,144.825679000,7.493023000,137.332656000,103.092927924,97.759083226
avx512,1000,0xAA,16,1.404857834,0.000271960,144.375790000,7.473309000,136.902481000,102.768968144,97.449348736
avx512,1000,0xAA,17,1.404775692,0.000159379,143.901426000,7.438213000,136.463213000,102.437297843,97.142350727
avx512,1000,0xAA,18,1.404820696,0.000187711,144.233030000,7.423931000,136.809099000,102.670063488,97.385452417
avx512,1000,0xAA,19,1.404808435,0.000267099,143.901609000,7.473492000,136.428117000,102.435040537,97.115103801
avx512,1000,0xAA,20,1.404899824,0.000185550,144.789852000,7.433758000,137.356094000,103.060623633,97.769315404
avx512,1000,0xAA,21,1.404847180,0.000272653,144.548703000,7.498394000,137.050309000,102.892830671,97.555314885
avx512,1000,0xAA,22,1.404892789,0.000188117,143.971250000,7.488628000,136.482622000,102.478460387,97.148069300
avx512,1000,0xAA,23,1.404856815,0.000163156,143.761656000,7.517742000,136.243914000,102.331892071,96.980640670
avx512,1000,0xAA,24,1.404777965,0.000268548,145.032954000,7.595989000,137.436965000,103.242617396,97.835365013
avx512,1000,0xAA,25,1.404749656,0.000185661,144.019895000,7.566814000,136.453081000,102.523531102,97.136938573
avx512,1000,0xAA,26,1.404811573,0.000272219,144.215268000,7.470929000,136.744339000,102.658086537,97.339986128
avx512,1000,0xAA,27,1.404758455,0.000159627,144.745723000,7.536297000,137.209426000,103.039581315,97.674746545
avx512,1000,0xAA,28,1.404867943,0.000258219,143.975339000,7.532879000,136.442460000,102.483183345,97.121199654
avx512,1000,0xAA,29,1.404770465,0.000199845,144.128354000,7.521343000,136.607011000,102.599220019,97.245076272
avx512,1000,0xAA,30,1.404783364,0.000152774,144.904414000,7.511639000,137.392775000,103.150719003,97.803532245
avx512,1000,0xAA,31,1.404815100,0.000270338,145.319452000,7.633098000,137.686354000,103.443828291,98.010303268
avx512,1000,0xAA,32,1.404875418,0.000199152,144.948604000,7.580364000,137.368240000,103.175414801,97.779659489
avx512,1000,0xAA,33,1.404851314,0.000267937,144.193296000,7.622905000,136.570391000,102.639542360,97.213412974
avx512,1000,0xAA,34,1.404881756,0.000179069,144.699642000,7.694256000,137.005386000,102.997737278,97.520937563
avx512,1000,0xAA,35,1.404904009,0.000188633,144.945125000,7.652568000,137.292557000,103.170838746,97.723798985
avx512,1000,0xAA,36,1.404870365,0.000276239,144.030637000,7.585918000,136.444719000,102.522368316,97.122640206
avx512,1000,0xAA,37,1.404795161,0.000166316,143.812986000,7.666545000,136.146441000,102.372922399,96.915511089
avx512,1000,0xAA,38,1.404912288,0.000295269,145.165400000,7.740825000,137.424575000,103.327019951,97.817191994
avx512,1000,0xAA,39,1.404808430,0.000199122,143.879332000,7.678447000,136.200885000,102.419183218,96.953351126
avx512,1000,0xAA,40,1.404805543,0.000155746,144.251523000,7.577068000,136.674455000,102.684335017,97.290657551
avx512,1000,0xAA,41,1.404853507,0.000276392,145.740105000,7.746745000,137.993360000,103.740428629,98.226156173
avx512,1000,0xAA,42,1.404807730,0.000198125,144.073361000,7.579937000,136.493424000,102.557352130,97.161640788
avx512,1000,0xAA,43,1.404835738,0.000270857,143.691343000,7.642070000,136.049273000,102.283376706,96.843544992
avx512,1000,0xAA,44,1.404784378,0.000167091,144.111204000,7.654826000,136.456378000,102.585995570,97.136884575
avx512,1000,0xAA,45,1.404832208,0.000191430,145.180415000,7.680339000,137.500076000,103.343598001,97.876511645
avx512,1000,0xAA,46,1.404906129,0.000277470,143.731687000,7.660442000,136.071245000,102.306968424,96.854332236
avx512,1000,0xAA,47,1.404853835,0.000172247,143.848752000,7.621867000,136.226885000,102.394105650,96.968724866
avx512,1000,0xAA,48,1.404839381,0.000270593,144.391354000,7.579509000,136.811845000,102.781396895,97.386111781
avx512,1000,0xAA,49,1.404861932,0.000199577,144.254941000,7.677715000,136.577226000,102.682646418,97.217543530
avx512,1000,0xAA,50,1.404821708,0.000164704,144.533504000,7.552043000,136.981461000,102.883877144,97.508075391
avx512,1000,0xAA,51,1.404879763,0.000286314,144.090757000,7.590008000,136.500749000,102.564476199,97.161872930
avx512,1000,0xAA,52,1.404908330,0.000197720,144.996089000,7.673992000,137.322097000,103.206797140,97.744524736
avx512,1000,0xAA,53,1.404861976,0.000276712,144.558529000,7.694072000,136.864457000,102.898741268,97.421995416
avx512,1000,0xAA,54,1.404828901,0.000167782,144.183835000,7.624553000,136.559282000,102.634445329,97.207056274
avx512,1000,0xAA,55,1.404843652,0.000276556,145.413690000,7.540813000,137.872877000,103.508806668,98.141082660
avx512,1000,0xAA,56,1.404848863,0.000196704,145.282465000,7.546001000,137.736464000,103.415014141,98.043617117
avx512,1000,0xAA,57,1.404786649,0.000155116,144.734127000,7.518474000,137.215653000,103.029258676,97.677218914
avx512,1000,0xAA,58,1.404877757,0.000279024,145.301385000,7.466594000,137.834791000,103.426354569,98.111590374
avx512,1000,0xAA,59,1.404952365,0.000240883,144.999629000,7.655864000,137.343765000,103.206082011,97.756883739
avx512,1000,0xAA,60,1.404935101,0.000275671,145.660516000,7.569866000,138.090650000,103.677754172,98.289700307
avx512,1000,0xAA,61,1.404900062,0.000172549,145.865105000,7.537518000,138.327587000,103.825965204,98.460802085
avx512,1000,0xAA,62,1.404900608,0.000193785,145.286249000,7.672893000,137.613356000,103.413898618,97.952378452
avx512,1000,0xAA,63,1.404920004,0.000287729,145.752740000,7.573955000,138.178785000,103.744511866,98.353489616
avx512,1000,0xAA,64,1.404796976,0.000165652,145.404718000,7.482585000,137.922133000,103.505859180,98.179406229
avx512,1000,0xAA,65,1.404829367,0.000274984,144.738827000,7.560283000,137.178544000,103.029471365,97.647833439
avx512,1000,0xAA,66,1.404911456,0.000200006,144.258664000,7.605388000,136.653276000,102.681676746,97.268248044
avx512,1000,0xAA,67,1.404868977,0.000165698,144.355099000,7.478496000,136.876603000,102.753424966,97.430155591
avx512,1000,0xAA,68,1.404904869,0.000282730,144.721553000,7.611553000,137.110000000,103.011638838,97.593796558
avx512,1000,0xAA,69,1.404856885,0.000199984,145.045527000,7.614544000,137.430983000,103.245767257,97.825610884
avx512,1000,0xAA,70,1.404883157,0.000279906,145.227717000,7.681011000,137.546706000,103.373519885,97.906153464
avx512,1000,0xAA,71,1.404832382,0.000177996,144.903010000,7.711834000,137.191176000,103.146120426,97.656615698
avx512,1000,0xAA,72,1.404831762,0.000190183,145.511224000,7.618388000,137.892836000,103.579110306,98.156120729
avx512,1000,0xAA,73,1.404921682,0.000283761,145.796807000,7.594646000,138.202161000,103.775754073,98.370010753
avx512,1000,0xAA,74,1.404889917,0.000182240,145.619256000,7.564984000,138.054272000,103.651719776,98.266967627
avx512,1000,0xAA,75,1.404802269,0.000267129,146.151299000,7.432048000,138.719251000,104.036918399,98.746459972
avx512,1000,0xAA,76,1.404882244,0.000194558,144.776058000,7.488872000,137.287186000,103.052094637,97.721489863
avx512,1000,0xAA,77,1.404926488,0.000178877,145.903496000,7.437298000,138.466198000,103.851338324,98.557610813
avx512,1000,0xAA,78,1.404924652,0.000286460,146.472586000,7.478741000,138.993845000,104.256542038,98.933309228
avx512,1000,0xAA,79,1.404894024,0.000201835,145.386347000,7.464764000,137.921583000,103.485632743,98.172232677
avx512,1000,0xAA,80,1.404912363,0.000286015,145.676141000,7.476239000,138.199902000,103.690553863,98.369055384
avx512,1000,0xAA,81,1.404913247,0.000173562,145.672417000,7.489666000,138.182751000,103.687837887,98.356785584
avx512,1000,0xAA,82,1.404908977,0.000288254,145.375360000,7.489849000,137.885511000,103.476710893,98.145512129
avx512,1000,0xAA,83,1.404885841,0.000198696,145.224482000,7.461895000,137.762587000,103.371019709,98.059630855
avx512,1000,0xAA,84,1.404880562,0.000159110,146.181145000,7.513775000,138.667370000,104.052364971,98.704027751
avx512,1000,0xAA,85,1.404912988,0.000281071,145.760674000,7.543926000,138.216748000,103.750677289,98.381002394
avx512,1000,0xAA,86,1.404894062,0.000198824,145.812371000,7.450055000,138.362316000,103.788872756,98.485942661
avx512,1000,0xAA,87,1.404906270,0.000273371,144.962763000,7.441631000,137.521132000,103.183227287,97.886339404
avx512,1000,0xAA,88,1.404888189,0.000175417,145.811028000,7.458904000,138.352124000,103.788350627,98.479099645
avx512,1000,0xAA,89,1.404840140,0.000197325,146.229545000,7.463115000,138.766430000,104.089811252,98.777381183
avx512,1000,0xAA,90,1.404864435,0.000278252,145.342890000,7.564861000,137.778029000,103.456879129,98.072116860
avx512,1000,0xAA,91,1.404910142,0.000168620,145.297845000,7.559551000,137.738294000,103.421450703,98.040643224
avx512,1000,0xAA,92,1.404890314,0.000308328,146.349784000,7.575359000,138.774425000,104.171679842,98.779544297
avx512,1000,0xAA,93,1.404836258,0.000206887,145.628656000,7.514202000,138.114454000,103.662370024,98.313560184
avx512,1000,0xAA,94,1.404800553,0.000161262,145.975090000,7.489971000,138.485119000,103.911612005,98.579914929
avx512,1000,0xAA,95,1.404843910,0.000287426,146.351554000,7.514385000,138.837169000,104.176380724,98.827469754
avx512,1000,0xAA,96,1.404856528,0.000204797,145.984368000,7.441753000,138.542615000,103.914075973,98.616913700
avx512,1000,0xAA,97,1.404894477,0.000271758,145.862175000,7.555157000,138.307018000,103.824292442,98.446552600
avx512,1000,0xAA,98,1.404821847,0.000175363,146.344962000,7.529522000,138.815440000,104.173324385,98.813554379
avx512,1000,0xAA,99,1.404808695,0.000191033,146.594717000,7.553081000,139.041636000,104.352085434,98.975494995
avx512,1200,0x00,0,1.170537131,0.000241237,122.692008000,6.280685000,116.411323000,104.816844088,99.451200545
avx512,1200,0x00,1,1.170439909,0.000131675,122.469779000,6.147811000,116.321968000,104.635682773,99.383118370
avx512,1200,0x00,2,1.170512293,0.000164609,122.452018000,6.218856000,116.233162000,104.614038415,99.301103184
avx512,1200,0x00,3,1.170519694,0.000137665,122.614127000,6.299910000,116.314217000,104.751870142,99.369722340
avx512,1200,0x00,4,1.170480666,0.000166879,122.617056000,6.360518000,116.256538000,104.757865347,99.323757647
avx512,1200,0x00,5,1.170459006,0.000134044,122.672172000,6.435836000,116.236336000,104.806893188,99.308335811
avx512,1200,0x00,6,1.170490459,0.000254327,122.749930000,6.343429000,116.406501000,104.870508794,99.451046423
avx512,1200,0x00,7,1.170563650,0.000174737,122.684989000,6.286422000,116.398567000,104.808473219,99.438050177
avx512,1200,0x00,8,1.170497502,0.000141597,122.706046000,6.351241000,116.354805000,104.832386069,99.406282220
avx512,1200,0x00,9,1.170436610,0.000172439,122.798575000,6.353378000,116.445197000,104.916895101,99.488683144
avx512,1200,0x00,10,1.170425746,0.000129553,122.567984000,6.353072000,116.214912000,104.720854242,99.292853346
avx512,1200,0x00,11,1.170480859,0.000173408,122.757254000,6.265243000,116.492011000,104.877626206,99.524917571
avx512,1200,0x00,12,1.170564494,0.000257169,122.822501000,6.207320000,116.615181000,104.925872586,99.623029360
avx512,1200,0x00,13,1.170437261,0.000135795,122.596610000,6.187911000,116.408699000,104.744281576,99.457444590
avx512,1200,0x00,14,1.170438351,0.000156146,122.598136000,6.190047000,116.408089000,104.745487781,99.456830762
avx512,1200,0x00,15,1.170401309,0.000122368,122.700857000,6.180587000,116.520270000,104.836568455,99.555826756
avx512,1200,0x00,16,1.170474139,0.000182178,122.754446000,6.293990000,116.460456000,104.875829308,99.498529810
avx512,1200,0x00,17,1.170444567,0.000134941,122.634085000,6.285934000,116.348151000,104.775645491,99.405092986
avx512,1200,0x00,18,1.170446292,0.000170464,122.634391000,6.355331000,116.279060000,104.775752464,99.345916818
avx512,1200,0x00,19,1.170411323,0.000164079,122.785269000,6.421675000,116.363594000,104.907793169,99.421110946
avx512,1200,0x00,20,1.170485394,0.000146619,122.733512000,6.381454000,116.352058000,104.856935963,99.404963616
avx512,1200,0x00,21,1.170513231,0.000172906,122.500846000,6.375167000,116.125679000,104.655669655,99.209198113
avx512,1200,0x00,22,1.170443759,0.000126681,122.647758000,6.296920000,116.350838000,104.787399735,99.407457338
avx512,1200,0x00,23,1.170483037,0.000254497,122.654166000,6.262923000,116.391243000,104.789357993,99.438641407
avx512,1200,0x00,24,1.170484955,0.000167192,122.559439000,6.200912000,116.358527000,104.708256623,99.410527698
avx512,1200,0x00,25,1.170479304,0.000149208,122.776785000,6.202926000,116.573859000,104.894451842,99.594976680
avx512,1200,0x00,26,1.170516761,0.000167695,122.775626000,6.208053000,116.567573000,104.890105023,99.586419329
avx512,1200,0x00,27,1.170537517,0.000142065,122.808768000,6.319258000,116.489510000,104.916558607,99.517963595
avx512,1200,0x00,28,1.170547875,0.000171581,122.602592000,6.328780000,116.273812000,104.739493870,99.332811978
avx512,1200,0x00,29,1.170615911,0.000287826,123.555958000,6.600631000,116.955327000,105.547820442,99.909223754
avx512,1200,0x00,30,1.170523019,0.000156145,122.902640000,6.420089000,116.482551000,104.998054742,99.513251029
avx512,1200,0x00,31,1.170525195,0.000168130,122.595511000,6.273849000,116.321662000,104.735473901,99.375615756
avx512,1200,0x00,32,1.170476293,0.000141530,122.513420000,6.314864000,116.198556000,104.669715007,99.274591639
avx512,1200,0x00,33,1.170521310,0.000180891,122.617118000,6.467147000,116.149971000,104.754280786,99.229266467
avx512,1200,0x00,34,1.170464372,0.000134275,122.474906000,6.348128000,116.126778000,104.637876186,99.214278378
avx512,1200,0x00,35,1.170567974,0.000258879,122.577139000,6.347335000,116.229804000,104.715951332,99.293510995
avx512,1200,0x00,36,1.170538495,0.000172943,122.463248000,6.338729000,116.124519000,104.621290556,99.206065831
avx512,1200,0x00,37,1.170531052,0.000143061,122.565299000,6.345992000,116.219307000,104.709139312,99.287675277
avx512,1200,0x00,38,1.170517476,0.000181152,122.526298000,6.335738000,116.190560000,104.677034320,99.264267633
avx512,1200,0x00,39,1.170508875,0.000143360,122.679922000,6.176436000,116.503486000,104.809049005,99.532338906
avx512,1200,0x00,40,1.170535914,0.000186377,122.861991000,6.186569000,116.675422000,104.962171215,99.676926288
avx512,1200,0x00,41,1.170564686,0.000256857,122.862234000,6.139755000,116.722479000,104.959798855,99.714676502
avx512,1200,0x00,42,1.170521390,0.000150141,122.637015000,6.204513000,116.432502000,104.771272073,99.470631645
avx512,1200,0x00,43,1.170485697,0.000174335,122.854178000,6.247604000,116.606574000,104.959999334,99.622382638
avx512,1200,0x00,44,1.170486110,0.000136322,122.779227000,6.146529000,116.632698000,104.895928246,99.644666443
avx512,1200,0x00,45,1.170482455,0.000169806,122.842093000,6.223739000,116.618354000,104.949965278,99.632722825
avx512,1200,0x00,46,1.170547996,0.000144194,122.737906000,6.190719000,116.547187000,104.855081929,99.566346207
avx512,1200,0x00,47,1.170555587,0.000264100,122.789115000,6.175155000,116.613960000,104.898149567,99.622744391
avx512,1200,0x00,48,1.170548651,0.000173155,122.686942000,6.212448000,116.474494000,104.811484701,99.504188848
avx512,1200,0x00,49,1.170517515,0.000140115,122.791800000,6.241561000,116.550239000,104.903855251,99.571546321
avx512,1200,0x00,50,1.170530400,0.000177120,122.720023000,6.279341000,116.440682000,104.841380467,99.476854266
avx512,1200,0x00,51,1.170515472,0.000148688,122.774954000,6.221054000,116.553900000,104.889646437,99.574847830
avx512,1200,0x00,52,1.170526579,0.000261601,122.810904000,6.224471000,116.586433000,104.919363856,99.601696479
avx512,1200,0x00,53,1.170514678,0.000174631,122.697745000,6.276412000,116.421333000,104.823755986,99.461660049
avx512,1200,0x00,54,1.170554419,0.000152704,122.690665000,6.352095000,116.338570000,104.814148778,99.387579199
avx512,1200,0x00,55,1.170515236,0.000180736,122.613273000,6.365462000,116.247811000,104.751539531,99.313368540
avx512,1200,0x00,56,1.170489790,0.000136667,122.766837000,6.390060000,116.376777000,104.885013114,99.425708767
avx512,1200,0x00,57,1.170494085,0.000171425,122.841482000,6.471114000,116.370368000,104.948400519,99.419868521
avx512,1200,0x00,58,1.170520215,0.000254186,122.789298000,6.411239000,116.378059000,104.901475803,99.424219692
avx512,1200,0x00,59,1.170498682,0.000152254,122.738944000,6.327743000,116.411201000,104.860386355,99.454363180
avx512,1200,0x00,60,1.170511649,0.000168627,122.895987000,6.289656000,116.606331000,104.993390845,99.619966319
avx512,1200,0x00,61,1.170504247,0.000146858,122.673758000,6.227401000,116.446357000,104.804197279,99.483925254
avx512,1200,0x00,62,1.170500699,0.000167125,122.690420000,6.228133000,116.462287000,104.818749852,99.497836329
avx512,1200,0x00,63,1.170490068,0.000150704,122.752554000,6.318221000,116.434333000,104.872785615,99.474857712
avx512,1200,0x00,64,1.170547959,0.000267505,122.695182000,6.236129000,116.459053000,104.818586047,99.491056363
avx512,1200,0x00,65,1.170557580,0.000175542,122.670951000,6.239180000,116.431771000,104.797024132,99.466931786
avx512,1200,0x00,66,1.170527533,0.000144516,122.850332000,6.316696000,116.533636000,104.952962283,99.556509980
avx512,1200,0x00,67,1.170514341,0.000174504,122.892446000,6.293014000,116.599432000,104.990124208,99.613843216
avx512,1200,0x00,68,1.170508072,0.000144822,122.677359000,6.260726000,116.416633000,104.806931196,99.458206016
avx512,1200,0x00,69,1.170493465,0.000172370,122.630057000,6.294051000,116.336006000,104.767827122,99.390564294
avx512,1200,0x00,70,1.170533371,0.000259766,122.989126000,6.367903000,116.621223000,105.071012149,99.630840036
avx512,1200,0x00,71,1.170486771,0.000147083,122.782706000,6.224960000,116.557746000,104.898841229,99.580575229
avx512,1200,0x00,72,1.170515890,0.000169021,122.642875000,6.239241000,116.403634000,104.776770665,99.446436364
avx512,1200,0x00,73,1.170444302,0.000135029,122.656119000,6.211899000,116.444220000,104.794494482,99.487194522
avx512,1200,0x00,74,1.170452629,0.000161928,122.488517000,6.242660000,116.245857000,104.650554826,99.317011335
avx512,1200,0x00,75,1.170497682,0.000247146,122.620658000,6.241317000,116.379341000,104.759419753,99.427228929
avx512,1200,0x00,76,1.170503740,0.000146945,122.726309000,6.325484000,116.400825000,104.849138723,99.445068848
avx512,1200,0x00,77,1.170517745,0.000165600,122.704886000,6.252303000,116.452583000,104.829582029,99.488097011
avx512,1200,0x00,78,1.170473332,0.000134523,122.729422000,6.422469000,116.306953000,104.854522244,99.367452333
avx512,1200,0x00,79,1.170461075,0.000164529,122.731620000,6.272811000,116.458809000,104.857498180,99.498233240
avx512,1200,0x00,80,1.170471867,0.000133681,122.841727000,6.236373000,116.605354000,104.950601934,99.622517445
avx512,1200,0x00,81,1.170556066,0.000348078,122.694693000,6.212509000,116.482184000,104.817442421,99.510128075
avx512,1200,0x00,82,1.170463929,0.000166225,122.726187000,6.279341000,116.446846000,104.852600729,99.487769874
avx512,1200,0x00,83,1.170462997,0.000137228,122.662650000,6.234420000,116.428230000,104.798400595,99.471944297
avx512,1200,0x00,84,1.170484632,0.000172926,122.739554000,6.318587000,116.420967000,104.862166171,99.463900507
avx512,1200,0x00,85,1.170511286,0.000147195,122.851858000,6.281783000,116.570075000,104.955722752,99.589022682
avx512,1200,0x00,86,1.170503226,0.000175495,122.757559000,6.293502000,116.464057000,104.875882697,99.499133738
avx512,1200,0x00,87,1.170472834,0.000256435,122.692313000,6.270980000,116.421333000,104.822862562,99.465215790
avx512,1200,0x00,88,1.170440341,0.000133477,122.835806000,6.273238000,116.562568000,104.948369997,99.588645303
avx512,1200,0x00,89,1.170490613,0.000164514,122.763175000,6.357039000,116.406136000,104.881810774,99.450721512
avx512,1200,0x00,90,1.170510342,0.000143271,123.011587000,6.309432000,116.702155000,105.092268409,99.701942690
avx512,1200,0x00,91,1.170469619,0.000166396,122.836050000,6.304977000,116.531073000,104.945953341,99.559246246
avx512,1200,0x00,92,1.170433076,0.000128574,122.879874000,6.371139000,116.508735000,104.986672468,99.543269398
avx512,1200,0x00,93,1.170507051,0.000249547,123.018484000,6.355087000,116.663397000,105.098456189,99.669110851
avx512,1200,0x00,94,1.170457520,0.000168659,122.928152000,6.376815000,116.551337000,105.025727002,99.577588228
avx512,1200,0x00,95,1.170415980,0.000130746,122.786673000,6.290938000,116.495735000,104.908575338,99.533616257
avx512,1200,0x00,96,1.170476619,0.000170723,122.883475000,6.346847000,116.536628000,104.985843410,99.563396777
avx512,1200,0x00,97,1.170432162,0.000124452,122.850210000,6.299727000,116.550483000,104.961410017,99.579016054
avx512,1200,0x00,98,1.170522475,0.000185689,122.805533000,6.346175000,116.459358000,104.915143097,99.493482997
avx512,1200,0x00,99,1.170497241,0.000255189,122.784171000,6.199447000,116.584724000,104.899154557,99.602732846
avx512,1200,0xAA,0,1.170491075,0.000139760,122.853384000,6.253280000,116.600104000,104.958838738,99.616397319
avx512,1200,0xAA,1,1.170454201,0.000157173,122.599784000,6.243087000,116.356697000,104.745477388,99.411576244
avx512,1200,0xAA,2,1.170440442,0.000126122,122.874137000,6.394820000,116.479317000,104.981110205,99.517508836
avx512,1200,0xAA,3,1.170497066,0.000167532,122.867911000,6.174850000,116.693061000,104.970712522,99.695304167
avx512,1200,0xAA,4,1.170467421,0.000133939,122.699210000,6.147629000,116.551581000,104.829239852,99.576954406
avx512,1200,0xAA,5,1.170471924,0.000247270,122.625968000,6.201766000,116.424202000,104.766261806,99.467744281
avx512,1200,0xAA,6,1.170445009,0.000161783,122.728446000,6.240951000,116.487495000,104.856225713,99.524107626
avx512,1200,0xAA,7,1.170420419,0.000126943,122.761404000,6.144149000,116.617255000,104.886587804,99.637064724
avx512,1200,0xAA,8,1.170496405,0.000164994,122.796622000,6.184371000,116.612251000,104.909866894,99.626321404
avx512,1200,0xAA,9,1.170514321,0.000139599,122.726004000,6.209274000,116.516730000,104.847930358,99.543190476
avx512,1200,0xAA,10,1.170513640,0.000171053,122.872183000,6.215316000,116.656867000,104.972875804,99.662971002
avx512,1200,0xAA,11,1.170516984,0.000250951,122.996999000,6.247360000,116.749639000,105.079209168,99.741943596
avx512,1200,0xAA,12,1.170537564,0.000144358,123.072073000,6.209395000,116.862678000,105.141498060,99.836760142
avx512,1200,0xAA,13,1.170555569,0.000165524,123.024709000,6.270919000,116.753790000,105.099417925,99.742201947
avx512,1200,0xAA,14,1.170512068,0.000139534,122.854971000,6.248702000,116.606269000,104.958312098,99.619877606
avx512,1200,0xAA,15,1.170504981,0.000168676,122.903860000,6.299178000,116.604682000,105.000715065,99.619124981
avx512,1200,0xAA,16,1.170498685,0.000137805,122.763480000,6.327559000,116.435921000,104.881348044,99.475482083
avx512,1200,0xAA,17,1.170540701,0.000251979,122.690176000,6.254073000,116.436103000,104.814959391,99.472067003
avx512,1200,0xAA,18,1.170496321,0.000170631,122.928336000,6.204330000,116.724006000,105.022402721,99.721805112
avx512,1200,0xAA,19,1.170479662,0.000138237,122.752737000,6.214095000,116.538642000,104.873874332,99.564858550
avx512,1200,0xAA,20,1.170531809,0.000171545,122.848441000,6.221115000,116.627326000,104.950963336,99.636186795
avx512,1200,0xAA,21,1.170502804,0.000143039,122.924246000,6.189803000,116.734443000,105.018326801,99.730169457
avx512,1200,0xAA,22,1.170582572,0.000176044,123.071889000,6.186447000,116.885442000,105.137298232,99.852368192
avx512,1200,0xAA,23,1.170566345,0.000257546,123.078176000,6.186020000,116.892156000,105.144126656,99.859488132
avx512,1200,0xAA,24,1.170535248,0.000146330,122.998770000,6.174544000,116.824226000,105.079082552,99.804107699
avx512,1200,0xAA,25,1.170524758,0.000169349,123.016592000,6.146896000,116.869696000,105.095249970,99.843848015
avx512,1200,0xAA,26,1.170531901,0.000136030,122.988332000,6.178756000,116.809576000,105.070465739,99.791877436
avx512,1200,0xAA,27,1.170516379,0.000171509,122.879202000,6.207015000,116.672187000,104.978626690,99.675826053
avx512,1200,0xAA,28,1.170553861,0.000249733,123.021292000,6.262740000,116.758552000,105.096652232,99.746415724
avx512,1200,0xAA,29,1.170537953,0.000143891,123.014944000,6.265304000,116.749640000,105.092657351,99.740157687
avx512,1200,0xAA,30,1.170570888,0.000182599,123.223318000,6.227706000,116.995612000,105.267711074,99.947481377
avx512,1200,0xAA,31,1.170498568,0.000136299,122.974477000,6.268417000,116.706060000,105.061621029,99.706281715
avx512,1200,0xAA,32,1.170476533,0.000163013,122.868521000,6.275679000,116.592842000,104.973075089,99.611430646
avx512,1200,0xAA,33,1.170482095,0.000132818,122.944205000,6.244124000,116.700081000,105.037236802,99.702576814
avx512,1200,0xAA,34,1.170521829,0.000255536,122.839529000,6.199020000,116.640509000,104.944244506,99.648298845
avx512,1200,0xAA,35,1.170472832,0.000165485,122.874380000,6.261947000,116.612433000,104.978412712,99.628483325
avx512,1200,0xAA,36,1.170439544,0.000126909,122.432914000,6.290999000,116.141915000,104.604218689,99.229315702
avx512,1200,0xAA,37,1.170472552,0.000167862,122.794974000,6.249984000,116.544990000,104.910596830,99.570886822
avx512,1200,0xAA,38,1.170481904,0.000130191,122.981253000,6.283248000,116.698005000,105.068905888,99.700819479
avx512,1200,0xAA,39,1.170450976,0.000161123,122.681509000,6.366928000,116.314581000,104.815589516,99.375867449
avx512,1200,0xAA,40,1.170481629,0.000246570,122.851737000,6.402877000,116.448860000,104.958278716,99.487986108
avx512,1200,0xAA,41,1.170431234,0.000136259,122.771109000,6.348739000,116.422370000,104.893910455,99.469637060
avx512,1200,0xAA,42,1.170421449,0.000156298,122.658560000,6.349593000,116.308967000,104.798626231,99.373577840
avx512,1200,0xAA,43,1.170464099,0.000150738,122.820365000,6.340499000,116.479866000,104.933047581,99.515966438
avx512,1200,0xAA,44,1.170426764,0.000155964,122.654716000,6.373763000,116.280953000,104.794866117,99.349191772
avx512,1200,0xAA,45,1.170429089,0.000125886,122.774649000,6.380965000,116.393684000,104.897127154,99.445310330
avx512,1200,0xAA,46,1.170461065,0.000250340,122.866568000,6.302291000,116.564277000,104.972793790,99.588342150
avx512,1200,0xAA,47,1.170535603,0.000175749,123.219350000,6.334762000,116.884588000,105.267494365,99.855645307
avx512,1200,0xAA,48,1.170444194,0.000128642,122.980947000,6.313583000,116.667364000,105.072029631,99.677852759
avx512,1200,0xAA,49,1.170480542,0.000158475,122.968069000,6.235153000,116.732916000,105.057764421,99.730761726
avx512,1200,0xAA,50,1.170501036,0.000134794,122.641165000,6.269882000,116.371283000,104.776639432,99.420059807
avx512,1200,0xAA,51,1.170530454,0.000254242,122.678702000,6.300948000,116.377754000,104.806074487,99.423089383
avx512,1200,0xAA,52,1.170477944,0.000174375,122.703055000,6.317184000,116.385871000,104.831582365,99.434484511
avx512,1200,0xAA,53,1.170411765,0.000127433,122.621024000,6.252609000,116.368415000,104.767422591,99.425192457
avx512,1200,0xAA,54,1.170480582,0.000159564,122.787284000,6.364791000,116.422493000,104.903307180,99.465548450
avx512,1200,0xAA,55,1.170544098,0.000131321,122.763419000,6.339217000,116.424202000,104.877226935,99.461611231
avx512,1200,0xAA,56,1.170509549,0.000174259,122.782095000,6.372848000,116.409247000,104.896277967,99.451770482
avx512,1200,0xAA,57,1.170568675,0.000264528,122.846792000,6.214583000,116.632209000,104.946249325,99.637220360
avx512,1200,0xAA,58,1.170514087,0.000148435,122.921011000,6.247909000,116.673102000,105.014550714,99.676802910
avx512,1200,0xAA,59,1.170478438,0.000167750,122.793997000,6.205734000,116.588263000,104.909234602,99.607356497
avx512,1200,0xAA,60,1.170496558,0.000135370,122.846487000,6.320541000,116.525946000,104.952454756,99.552574714
avx512,1200,0xAA,61,1.170460380,0.000161695,122.758597000,6.355452000,116.403145000,104.880608571,99.450734902
avx512,1200,0xAA,62,1.170417588,0.000120682,122.817862000,6.227828000,116.590034000,104.935078923,99.614048154
avx512,1200,0xAA,63,1.170466284,0.000242457,122.604667000,6.260116000,116.344551000,104.748567857,99.400172876
avx512,1200,0xAA,64,1.170456097,0.000162264,122.819204000,6.326156000,116.493048000,104.932773070,99.527909088
avx512,1200,0xAA,65,1.170475890,0.000142958,122.814993000,6.280562000,116.534431000,104.927400923,99.561581727
avx512,1200,0xAA,66,1.170426431,0.000158572,122.720694000,6.328598000,116.392096000,104.851266789,99.444179397
avx512,1200,0xAA,67,1.170415697,0.000126366,122.831656000,6.199996000,116.631660000,104.947034064,99.649774281
avx512,1200,0xAA,68,1.170439297,0.000161454,122.702810000,6.275008000,116.427802000,104.834834541,99.473592810
avx512,1200,0xAA,69,1.170513719,0.000270621,122.949392000,6.271285000,116.678107000,105.038830426,99.681110221
avx512,1200,0xAA,70,1.170445280,0.000142187,122.709829000,6.212814000,116.497015000,104.840295513,99.532218230
avx512,1200,0xAA,71,1.170443886,0.000165726,122.662039000,6.203353000,116.458686000,104.799589648,99.499589304
avx512,1200,0xAA,72,1.170398227,0.000120449,122.497855000,6.234664000,116.263191000,104.663397596,99.336438057
avx512,1200,0xAA,73,1.170450649,0.000147580,122.937735000,6.315841000,116.621894000,105.034530982,99.638454690
avx512,1200,0xAA,74,1.170410279,0.000124455,122.783316000,6.378340000,116.404976000,104.906218101,99.456556461
avx512,1200,0xAA,75,1.170430992,0.000234133,122.817740000,6.488753000,116.328987000,104.933772974,99.389872441
avx512,1200,0xAA,76,1.170413565,0.000159833,122.685110000,6.337569000,116.347541000,104.822016439,99.407204798
avx512,1200,0xAA,77,1.170407409,0.000120827,122.879507000,6.247543000,116.631964000,104.988661244,99.650739636
avx512,1200,0xAA,78,1.170414343,0.000156036,122.807059000,6.187423000,116.619636000,104.926139835,99.639616274
avx512,1200,0xAA,79,1.170386448,0.000119061,122.808035000,6.288314000,116.519721000,104.929474581,99.556621868
avx512,1200,0xAA,80,1.170457138,0.000239878,123.034353000,6.212203000,116.822150000,105.116495929,99.808994443
avx512,1200,0xAA,81,1.170428771,0.000159266,122.995535000,6.340438000,116.655097000,105.085877933,99.668685401
avx512,1200,0xAA,82,1.170470038,0.000148987,122.986563000,6.446944000,116.539619000,105.074507686,99.566511931
avx512,1200,0xAA,83,1.170469048,0.000159068,123.053151000,6.217147000,116.836004000,105.131486611,99.819815181
avx512,1200,0xAA,84,1.170531371,0.000138481,123.022574000,6.232528000,116.790046000,105.099766684,99.775237882
avx512,1200,0xAA,85,1.170547229,0.000167707,123.058279000,6.221053000,116.837226000,105.128845684,99.814192122
avx512,1200,0xAA,86,1.170574328,0.000268191,123.072805000,6.255050000,116.817755000,105.138821210,99.795247676
avx512,1200,0xAA,87,1.170528905,0.000142388,122.982901000,6.226730000,116.756171000,105.066094842,99.746508140
avx512,1200,0xAA,88,1.170502093,0.000166441,123.102163000,6.353072000,116.749091000,105.170391159,99.742744309
avx512,1200,0xAA,89,1.170458718,0.000130588,122.888174000,6.209823000,116.678351000,104.991463736,99.686002802
avx512,1200,0xAA,90,1.170455407,0.000155389,122.983389000,6.288375000,116.695014000,105.073109383,99.700521104
avx512,1200,0xAA,91,1.170489038,0.000146139,122.756583000,6.295272000,116.461311000,104.876320055,99.497993737
avx512,1200,0xAA,92,1.170424069,0.000238342,122.835989000,6.247848000,116.588141000,104.949985395,99.611879180
avx512,1200,0xAA,93,1.170419369,0.000159092,122.830435000,6.296492000,116.533943000,104.945661569,99.565972744
avx512,1200,0xAA,94,1.170425821,0.000126522,122.578604000,6.279341000,116.299263000,104.729921194,99.364915666
avx512,1200,0xAA,95,1.170466541,0.000172601,122.688163000,6.320724000,116.367439000,104.819880530,99.419705662
avx512,1200,0xAA,96,1.170397815,0.000128877,122.716910000,6.318038000,116.398872000,104.850597338,99.452400315
avx512,1200,0xAA,97,1.170411235,0.000153205,122.632804000,6.291488000,116.341316000,104.777534903,99.402084110
avx512,1200,0xAA,98,1.170463072,0.000244327,122.634330000,6.282638000,116.351692000,104.774198305,99.406546689
avx512,1200,0xAA,99,1.170460882,0.000136164,122.732291000,6.301498000,116.430793000,104.858088720,99.474313749
avx512,1400,0x00,0,1.002983068,0.000102823,109.395227000,5.379075000,104.016152000,109.069864167,103.706787589
avx512,1400,0x00,1,1.002965522,0.000137601,109.074672000,5.350023000,103.724649000,108.752165077,103.417960777
avx512,1400,0x00,2,1.002960088,0.000106332,109.266322000,5.297289000,103.969033000,108.943838658,103.662183821
avx512,1400,0x00,3,1.002986979,0.000137292,109.169276000,5.286730000,103.882546000,108.844160762,103.573175086
avx512,1400,0x00,4,1.002993989,0.000104879,109.141506000,5.297777000,103.843729000,108.815712921,103.533750062
avx512,1400,0x00,5,1.002964263,0.000135675,109.097560000,5.342150000,103.755410000,108.775121962,103.448760696
avx512,1400,0x00,6,1.003092372,0.000121547,109.072719000,5.347093000,103.725626000,108.736465426,103.405856650
avx512,1400,0x00,7,1.003099800,0.000158964,109.097499000,5.291063000,103.806436000,108.760363625,103.485651178
avx512,1400,0x00,8,1.003090659,0.000122554,109.012477000,5.294542000,103.717935000,108.676594739,103.398365943
avx512,1400,0x00,9,1.002994909,0.000147356,109.013454000,5.396776000,103.616678000,108.687943535,103.307282124
avx512,1400,0x00,10,1.002977877,0.000108163,109.314600000,5.281847000,104.032753000,108.990041067,103.723876059
avx512,1400,0x00,11,1.003024629,0.000144574,109.151820000,5.284227000,103.867593000,108.822671760,103.554379391
avx512,1400,0x00,12,1.003014775,0.000111698,109.042629000,5.300096000,103.742533000,108.714878080,103.430712651
avx512,1400,0x00,13,1.002976621,0.000135884,109.118556000,5.364427000,103.754129000,108.794715315,103.446208795
avx512,1400,0x00,14,1.003002260,0.000116160,109.119288000,5.401964000,103.717324000,108.792664171,103.406869725
avx512,1400,0x00,15,1.002998619,0.000138538,109.007656000,5.356188000,103.651468000,108.681760857,103.341586005
avx512,1400,0x00,16,1.002987625,0.000110694,109.201197000,5.332445000,103.868752000,108.875916551,103.559355444
avx512,1400,0x00,17,1.003003067,0.000144871,109.094203000,5.409288000,103.684915000,108.767566702,103.374474520
avx512,1400,0x00,18,1.002986540,0.000114514,109.085658000,5.342211000,103.743447000,108.760839348,103.434535570
avx512,1400,0x00,19,1.002978389,0.000141346,109.220545000,5.303697000,103.916848000,108.896209704,103.608262269
avx512,1400,0x00,20,1.002986298,0.000108054,109.085780000,5.273363000,103.812417000,108.760987285,103.503325231
avx512,1400,0x00,21,1.003006233,0.000137831,109.181300000,5.356676000,103.824624000,108.854059315,103.513438467
avx512,1400,0x00,22,1.003004616,0.000116220,109.266322000,5.318102000,103.948220000,108.939002081,103.636831071
avx512,1400,0x00,23,1.002977047,0.000142704,109.121364000,5.272448000,103.848916000,108.797468853,103.540670587
avx512,1400,0x00,24,1.002995829,0.000115814,109.027920000,5.259386000,103.768534000,108.702266624,103.458589782
avx512,1400,0x00,25,1.003068057,0.000154273,109.211208000,5.314379000,103.896829000,108.877166639,103.579042586
avx512,1400,0x00,26,1.002978272,0.000105387,109.175014000,5.304308000,103.870706000,108.850826666,103.562269426
avx512,1400,0x00,27,1.002995285,0.000137658,109.257960000,5.290575000,103.967385000,108.931678531,103.656902989
avx512,1400,0x00,28,1.003000551,0.000107389,109.348597000,5.312730000,104.035867000,109.021472516,103.724635944
avx512,1400,0x00,29,1.002989430,0.000144729,109.265406000,5.302172000,103.963234000,108.939738329,103.653369556
avx512,1400,0x00,30,1.003037805,0.000127116,109.124477000,5.284899000,103.839578000,108.793982066,103.525088938
avx512,1400,0x00,31,1.003103391,0.000164065,109.264003000,5.326280000,103.937723000,108.925963096,103.616161489
avx512,1400,0x00,32,1.003088853,0.000122807,109.144741000,5.299914000,103.844827000,108.808647045,103.525053292
avx512,1400,0x00,33,1.003052572,0.000150771,109.055324000,5.296740000,103.758584000,108.723437932,103.442817404
avx512,1400,0x00,34,1.003003821,0.000115596,109.177394000,5.354784000,103.822610000,108.850426775,103.511679418
avx512,1400,0x00,35,1.003008746,0.000145178,109.431116000,5.357347000,104.073769000,109.102853277,103.761576819
avx512,1400,0x00,36,1.003066877,0.000122260,109.293422000,5.321032000,103.972390000,108.959257379,103.654494434
avx512,1400,0x00,37,1.003035658,0.000149751,109.404077000,5.314623000,104.089454000,109.072968731,103.774430283
avx512,1400,0x00,38,1.003022517,0.000120581,109.363734000,5.311876000,104.051858000,109.034176298,103.738307155
avx512,1400,0x00,39,1.002987965,0.000143587,109.427759000,5.290819000,104.136940000,109.101766786,103.826709471
avx512,1400,0x00,40,1.003037201,0.000114864,109.415431000,5.264025000,104.151406000,109.084120565,103.836035057
avx512,1400,0x00,41,1.003203026,0.000927420,110.701559000,5.410142000,105.291417000,110.348111178,104.955242674
avx512,1400,0x00,42,1.003032874,0.000115276,109.375391000,5.347093000,104.028298000,109.044672260,103.713747284
avx512,1400,0x00,43,1.003030095,0.000161563,109.263636000,5.315416000,103.948220000,108.933556935,103.634198496
avx512,1400,0x00,44,1.003081626,0.000121939,109.262050000,5.346483000,103.915567000,108.926379656,103.596321899
avx512,1400,0x00,45,1.003096708,0.000155776,109.332178000,5.315294000,104.016884000,108.994653362,103.695768462
avx512,1400,0x00,46,1.003113226,0.000120413,109.152187000,5.371691000,103.780496000,108.813426224,103.458406610
avx512,1400,0x00,47,1.003071826,0.000152944,109.356592000,5.365770000,103.990822000,109.021696299,103.672358535
avx512,1400,0x00,48,1.003073881,0.000120600,109.202418000,5.354783000,103.847635000,108.867771410,103.529397936
avx512,1400,0x00,49,1.003017424,0.000143455,109.165309000,5.432787000,103.732522000,108.836901963,103.420458667
avx512,1400,0x00,50,1.002996529,0.000106284,109.011317000,5.372850000,103.638467000,108.685637301,103.328839104
avx512,1400,0x00,51,1.003027015,0.000147875,109.109095000,5.361010000,103.748085000,108.779816909,103.434985791
avx512,1400,0x00,52,1.003006893,0.000116833,109.220118000,5.298631000,103.921487000,108.892689315,103.609942969
avx512,1400,0x00,53,1.002970292,0.000137143,109.256557000,5.387865000,103.868692000,108.932994176,103.561085315
avx512,1400,0x00,54,1.002997063,0.000109585,109.035060000,5.377794000,103.657266000,108.709251540,103.347526966
avx512,1400,0x00,55,1.003099454,0.000163237,109.211696000,5.443101000,103.768595000,108.874245328,103.447962838
avx512,1400,0x00,56,1.003010544,0.000117685,109.285181000,5.428941000,103.856240000,108.957160678,103.544514686
avx512,1400,0x00,57,1.003045249,0.000148151,109.291591000,5.485826000,103.805765000,108.959781350,103.490610337
avx512,1400,0x00,58,1.003053573,0.000118925,108.998805000,5.452745000,103.546060000,108.666982440,103.230837107
avx512,1400,0x00,59,1.003032423,0.000147480,109.081935000,5.363023000,103.718912000,108.752152425,103.405343215
avx512,1400,0x00,60,1.003017656,0.000112765,109.003016000,5.423692000,103.579324000,108.675072017,103.267697613
avx512,1400,0x00,61,1.004021571,0.004046833,111.757954000,5.705369000,106.052585000,111.310311710,105.627795352
avx512,1400,0x00,62,1.003126556,0.000159397,109.148768000,5.598130000,103.550638000,108.808571911,103.227890224
avx512,1400,0x00,63,1.003087946,0.000121796,109.111293000,5.545762000,103.565531000,108.775400484,103.246710777
avx512,1400,0x00,64,1.003101869,0.000153912,108.998805000,5.450548000,103.548257000,108.661750531,103.228057134
avx512,1400,0x00,65,1.002995890,0.000116781,109.136562000,5.370897000,103.765665000,108.810577529,103.455723082
avx512,1400,0x00,66,1.003006319,0.000142735,109.169826000,5.503709000,103.666117000,108.842610350,103.355397664
avx512,1400,0x00,67,1.002987766,0.000112679,109.017482000,5.514695000,103.502787000,108.692733515,103.194466053
avx512,1400,0x00,68,1.003026448,0.000142899,109.127406000,5.394945000,103.732461000,108.798134116,103.419467371
avx512,1400,0x00,69,1.003099978,0.000121262,109.185512000,5.366014000,103.819498000,108.848085295,103.498654415
avx512,1400,0x00,70,1.003092335,0.000150060,109.089320000,5.365648000,103.723672000,108.753019236,103.403912466
avx512,1400,0x00,71,1.003025359,0.000116054,109.027858000,5.447923000,103.579935000,108.699004531,103.267513738
avx512,1400,0x00,72,1.003033956,0.000152101,109.004421000,5.486680000,103.517741000,108.674706683,103.204622679
avx512,1400,0x00,73,1.003002089,0.000109904,109.052028000,5.355333000,103.696695000,108.725624050,103.386320114
avx512,1400,0x00,74,1.003014147,0.000144615,109.155421000,5.505784000,103.649637000,108.827399167,103.338160542
avx512,1400,0x00,75,1.003012277,0.000109750,109.205531000,5.354417000,103.851114000,108.877561664,103.539225210
avx512,1400,0x00,76,1.003008754,0.000142995,108.887172000,5.340258000,103.546914000,108.560540033,103.236301358
avx512,1400,0x00,77,1.003002149,0.000112493,109.140529000,5.393052000,103.747477000,108.813853587,103.436943871
avx512,1400,0x00,78,1.002967473,0.000138707,109.061854000,5.397996000,103.663858000,108.739173470,103.357148482
avx512,1400,0x00,79,1.002987431,0.000105329,109.188563000,5.421495000,103.767068000,108.863341248,103.457994351
avx512,1400,0x00,80,1.002999291,0.000136716,109.302028000,5.325976000,103.976052000,108.975179751,103.665130134
avx512,1400,0x00,81,1.003357355,0.001851345,110.826438000,5.399828000,105.426610000,110.455599373,105.073839848
avx512,1400,0x00,82,1.003001026,0.000137143,109.317469000,5.337145000,103.980324000,108.990386022,103.669210009
avx512,1400,0x00,83,1.002951715,0.000096406,109.049281000,5.350999000,103.698282000,108.728345938,103.393095076
avx512,1400,0x00,84,1.003023530,0.000148557,109.211085000,5.301439000,103.909646000,108.881877323,103.596419067
avx512,1400,0x00,85,1.003032669,0.000112696,109.025661000,5.281908000,103.743753000,108.696021932,103.430083780
avx512,1400,0x00,86,1.003028828,0.000143924,109.277308000,5.303881000,103.973427000,108.947325263,103.659460298
avx512,1400,0x00,87,1.003032783,0.000115916,109.156398000,5.384263000,103.772135000,108.826351261,103.458368190
avx512,1400,0x00,88,1.003097638,0.000156627,109.209132000,5.346239000,103.862893000,108.871886257,103.542156832
avx512,1400,0x00,89,1.003083889,0.000120963,109.247157000,5.440538000,103.806619000,108.911286689,103.487475121
avx512,1400,0x00,90,1.003069187,0.000153607,109.114284000,5.390794000,103.723490000,108.780416560,103.406117289
avx512,1400,0x00,91,1.003534635,0.002297336,110.557945000,5.502549000,105.055396000,110.168539417,104.685371415
avx512,1400,0x00,92,1.003058232,0.000154914,109.112635000,5.524644000,103.587991000,108.779960640,103.272160770
avx512,1400,0x00,93,1.003033560,0.000114071,108.981472000,5.448289000,103.533183000,108.651870087,103.220058810
avx512,1400,0x00,94,1.003020811,0.000145806,109.136500000,5.538071000,103.598429000,108.807812129,103.286420212
avx512,1400,0x00,95,1.003008611,0.000111334,109.187586000,5.514756000,103.672830000,108.860068409,103.361854395
avx512,1400,0x00,96,1.003004263,0.000144271,109.208095000,5.425218000,103.782877000,108.880987861,103.472019825
avx512,1400,0x00,97,1.003001587,0.000114081,109.319727000,5.409349000,103.910378000,108.992576280,103.599415323
avx512,1400,0x00,98,1.003063780,0.000144204,109.246241000,5.433336000,103.812905000,108.912556917,103.495816617
avx512,1400,0x00,99,1.003054472,0.000114311,109.095913000,5.429978000,103.665935000,108.763697320,103.350254530
avx512,1400,0xAA,0,1.003091075,0.000124506,108.919643000,5.363084000,103.556559000,108.584001753,103.237444361
avx512,1400,0xAA,1,1.003082972,0.000154709,109.162562000,5.397997000,103.764565000,108.827051287,103.445645010
avx512,1400,0xAA,2,1.003084146,0.000124083,109.059353000,5.337083000,103.722270000,108.724032246,103.403358977
avx512,1400,0xAA,3,1.003085920,0.000154643,109.046352000,5.509813000,103.536539000,108.710878925,103.218016459
avx512,1400,0xAA,4,1.003078997,0.000125135,108.905910000,5.520005000,103.385905000,108.571618340,103.068557247
avx512,1400,0xAA,5,1.003073748,0.000151793,109.128504000,5.537949000,103.590555000,108.794098335,103.273119434
avx512,1400,0xAA,6,1.003049005,0.000120673,109.181606000,5.448045000,103.733561000,108.849722632,103.418238256
avx512,1400,0xAA,7,1.003067986,0.000150909,109.074489000,5.467271000,103.607218000,108.740873519,103.290324726
avx512,1400,0xAA,8,1.003050901,0.000122851,109.084072000,5.451158000,103.632914000,108.752279581,103.317701938
avx512,1400,0xAA,9,1.003066050,0.000151075,109.045009000,5.467638000,103.577371000,108.711693528,103.260768336
avx512,1400,0xAA,10,1.003058190,0.000120061,109.174952000,5.529283000,103.645669000,108.842092221,103.329667263
avx512,1400,0xAA,11,1.003079579,0.000162361,108.956325000,5.461656000,103.494669000,108.621815569,103.176927530
avx512,1400,0xAA,12,1.003051669,0.000120458,108.869595000,5.379625000,103.489970000,108.538371842,103.175113730
avx512,1400,0xAA,13,1.003038615,0.000149657,108.970180000,5.386949000,103.583231000,108.640064647,103.269434924
avx512,1400,0xAA,14,1.003067020,0.000123722,109.027675000,5.400011000,103.627664000,108.694307393,103.310807694
avx512,1400,0xAA,15,1.003090017,0.000154030,109.016628000,5.440355000,103.576273000,108.680802430,103.257206436
avx512,1400,0xAA,16,1.003073577,0.000122313,109.007290000,5.530015000,103.477275000,108.673274281,103.160204129
avx512,1400,0xAA,17,1.003061603,0.000155866,109.039699000,5.526170000,103.513529000,108.706881697,103.197578994
avx512,1400,0xAA,18,1.003048621,0.000121175,108.958278000,5.435472000,103.522806000,108.627115084,103.208163415
avx512,1400,0xAA,19,1.003077429,0.000150782,109.053737000,5.401902000,103.651835000,108.719161531,103.333832497
avx512,1400,0xAA,20,1.003062127,0.000121982,109.075771000,5.565111000,103.510660000,108.742786819,103.194664871
avx512,1400,0xAA,21,1.003450285,0.002045935,110.615927000,5.669602000,104.946325000,110.235582806,104.585475288
avx512,1400,0xAA,22,1.003015938,0.000123002,109.073330000,5.491807000,103.581523000,108.745360746,103.270066892
avx512,1400,0xAA,23,1.003006909,0.000143569,109.166590000,5.475694000,103.690896000,108.839320050,103.380041604
avx512,1400,0xAA,24,1.002988372,0.000114453,108.991299000,5.462876000,103.528423000,108.666562844,103.219963311
avx512,1400,0xAA,25,1.002984509,0.000143364,109.289332000,5.439256000,103.850076000,108.964127561,103.541056766
avx512,1400,0xAA,26,1.002978624,0.000107064,108.947963000,5.432053000,103.515910000,108.624411728,103.208490720
avx512,1400,0xAA,27,1.002994440,0.000140975,109.010341000,5.425584000,103.584757000,108.684890655,103.275504734
avx512,1400,0xAA,28,1.002984152,0.000111351,109.094935000,5.456407000,103.638528000,108.770347753,103.330175055
avx512,1400,0xAA,29,1.003115768,0.000155190,109.215480000,5.591050000,103.624430000,108.876246870,103.302563176
avx512,1400,0xAA,30,1.003072287,0.000122245,108.894680000,5.454088000,103.440592000,108.561148997,103.123766197
avx512,1400,0xAA,31,1.003066680,0.000154818,108.981166000,5.422898000,103.558268000,108.647977370,103.241658822
avx512,1400,0xAA,32,1.003065110,0.000128004,109.094203000,5.566331000,103.527872000,108.760839014,103.211517298
avx512,1400,0xAA,33,1.003017150,0.000151828,109.213527000,5.515916000,103.697611000,108.885004639,103.385680922
avx512,1400,0xAA,34,1.003041179,0.000118429,109.004543000,5.528916000,103.475627000,108.674045793,103.161893235
avx512,1400,0xAA,35,1.003047903,0.000151555,109.303309000,5.439989000,103.863320000,108.971175428,103.547716604
avx512,1400,0xAA,36,1.003031267,0.000118939,109.227442000,5.332017000,103.895425000,108.897345060,103.581441982
avx512,1400,0xAA,37,1.003023971,0.000147598,109.354578000,5.351854000,104.002724000,109.024889883,103.689170943
avx512,1400,0xAA,38,1.002991781,0.000118117,109.259303000,5.317552000,103.941751000,108.933398083,103.631707582
avx512,1400,0xAA,39,1.003020383,0.000145997,109.231654000,5.341417000,103.890237000,108.902726112,103.577393653
avx512,1400,0xAA,40,1.003020802,0.000114335,109.146388000,5.315721000,103.830667000,108.817671411,103.517959788
avx512,1400,0xAA,41,1.003029562,0.000165984,109.405054000,5.330126000,104.074928000,109.074605692,103.760578867
avx512,1400,0xAA,42,1.003044047,0.000131607,109.096523000,5.327440000,103.769083000,108.765435874,103.454163638
avx512,1400,0xAA,43,1.003031348,0.000150466,109.060206000,5.295641000,103.764565000,108.730605746,103.450969160
avx512,1400,0xAA,44,1.003030884,0.000120416,109.158290000,5.260545000,103.897745000,108.828443631,103.583794553
avx512,1400,0xAA,45,1.003010154,0.000144640,109.099208000,5.327684000,103.771524000,108.771788128,103.460093150
avx512,1400,0xAA,46,1.003006895,0.000114946,109.389490000,5.337083000,104.052407000,109.061553322,103.740470262
avx512,1400,0xAA,47,1.003068017,0.000438272,109.506922000,5.356065000,104.150857000,109.171980555,103.832297790
avx512,1400,0xAA,48,1.003018027,0.000118649,109.370752000,5.343615000,104.027137000,109.041661361,103.714125007
avx512,1400,0xAA,49,1.003025616,0.000148155,109.363611000,5.323961000,104.039650000,109.033716799,103.725815472
avx512,1400,0xAA,50,1.003024037,0.000117817,109.371363000,5.322496000,104.048867000,109.041617100,103.735167999
avx512,1400,0xAA,51,1.003062118,0.000152340,109.286341000,5.311998000,103.974343000,108.952714973,103.656933280
avx512,1400,0xAA,52,1.003050713,0.000131604,109.355922000,5.327745000,104.028177000,109.023323158,103.711782144
avx512,1400,0xAA,53,1.003030590,0.000150750,109.288844000,5.376207000,103.912637000,108.958635058,103.598671908
avx512,1400,0xAA,54,1.002993900,0.000115838,108.976711000,5.323472000,103.653239000,108.651419519,103.343837887
avx512,1400,0xAA,55,1.003027328,0.000141449,109.150600000,5.385179000,103.765421000,108.821162601,103.452237102
avx512,1400,0xAA,56,1.003017089,0.000115653,109.286220000,5.403673000,103.882547000,108.957485619,103.570066938
avx512,1400,0xAA,57,1.003058901,0.000145925,109.353419000,5.406908000,103.946511000,109.019937803,103.629518562
avx512,1400,0xAA,58,1.003044130,0.000121580,109.361170000,5.410447000,103.950723000,109.029270761,103.635243878
avx512,1400,0xAA,59,1.003014337,0.000147574,109.413050000,5.423204000,103.989846000,109.084233402,103.677327636
avx512,1400,0xAA,60,1.003032899,0.000116259,109.142787000,5.394823000,103.747964000,108.812768854,103.434258334
avx512,1400,0xAA,61,1.003048700,0.000155272,109.010097000,5.352403000,103.657694000,108.678768079,103.342633351
avx512,1400,0xAA,62,1.003044786,0.000132312,109.027248000,5.337083000,103.690165000,108.696291035,103.375408984
avx512,1400,0xAA,63,1.003001596,0.000146875,109.281276000,5.405565000,103.875711000,108.954239368,103.564851135
avx512,1400,0xAA,64,1.003005834,0.000117534,109.155483000,5.424058000,103.731425000,108.828362952,103.420559913
avx512,1400,0xAA,65,1.002991570,0.000144488,109.258265000,5.515672000,103.742593000,108.932386165,103.433165467
avx512,1400,0xAA,66,1.003011945,0.000114620,109.128322000,5.338915000,103.789407000,108.800620492,103.477737723
avx512,1400,0xAA,67,1.002994771,0.000140180,109.305201000,5.335435000,103.969766000,108.978834386,103.659330081
avx512,1400,0xAA,68,1.002998802,0.000111863,109.255275000,5.365282000,103.889993000,108.928619587,103.579378903
avx512,1400,0xAA,69,1.002990235,0.000143358,109.140651000,5.421068000,103.719583000,108.815267751,103.410361691
avx512,1400,0xAA,70,1.002992157,0.000109363,109.348170000,5.340440000,104.007730000,109.021959197,103.697450961
avx512,1400,0xAA,71,1.003009723,0.000145436,109.379603000,5.323900000,104.055703000,109.051388481,103.743463866
avx512,1400,0xAA,72,1.003005646,0.000112535,109.232875000,5.323717000,103.909158000,108.905543458,103.597779718
avx512,1400,0xAA,73,1.002980494,0.000138610,109.510645000,5.334154000,104.176491000,109.185219090,103.866916261
avx512,1400,0xAA,74,1.002994193,0.000115314,109.221156000,5.293627000,103.927529000,108.895103029,103.617278854
avx512,1400,0xAA,75,1.002998047,0.000142021,109.196620000,5.304308000,103.892312000,108.870221903,103.581768937
avx512,1400,0xAA,76,1.002996565,0.000114917,109.176662000,5.307848000,103.868814000,108.850484409,103.558494204
avx512,1400,0xAA,77,1.002984640,0.000141123,109.438868000,5.300462000,104.138406000,109.113204385,103.828515279
avx512,1400,0xAA,78,1.002983081,0.000115070,109.363978000,5.339891000,104.024087000,109.038706663,103.714697615
avx512,1400,0xAA,79,1.003036687,0.000151025,109.199550000,5.294115000,103.905435000,108.868949085,103.590861983
avx512,1400,0xAA,80,1.003045061,0.000125827,109.396510000,5.400316000,103.996194000,109.064402215,103.680480586
avx512,1400,0xAA,81,1.003391861,0.001787303,111.012533000,5.426072000,105.586461000,110.637266758,105.229537026
avx512,1400,0xAA,82,1.003076246,0.000124905,109.472376000,5.436815000,104.035561000,109.136644813,103.716503502
avx512,1400,0xAA,83,1.003013128,0.000144940,109.430933000,5.389329000,104.041604000,109.102194175,103.729055128
avx512,1400,0xAA,84,1.003004111,0.000117064,109.134608000,5.351976000,103.782632000,108.807737510,103.471791283
avx512,1400,0xAA,85,1.003002867,0.000143628,109.366664000,5.409410000,103.957254000,109.039233633,103.646018743
avx512,1400,0xAA,86,1.003019431,0.000115712,109.204859000,5.451280000,103.753579000,108.876115052,103.441245268
avx512,1400,0xAA,87,1.003017058,0.000145929,108.945339000,5.380540000,103.564799000,108.617633277,103.253277850
avx512,1400,0xAA,88,1.002992847,0.000117313,109.354517000,5.376878000,103.977639000,109.028212238,103.667378394
avx512,1400,0xAA,89,1.002999220,0.000144243,109.425623000,5.302781000,104.122842000,109.098412812,103.811488463
avx512,1400,0xAA,90,1.003019447,0.000116824,109.417139000,5.394151000,104.022988000,109.087754284,103.709841608
avx512,1400,0xAA,91,1.003110315,0.000158660,109.260645000,5.417833000,103.842812000,108.921863721,103.520829637
avx512,1400,0xAA,92,1.003105116,0.000127266,109.281642000,5.340013000,103.941629000,108.943360279,103.619877309
avx512,1400,0xAA,93,1.003089527,0.000154017,109.253443000,5.436937000,103.816506000,108.916941166,103.496749993
avx512,1400,0xAA,94,1.003032758,0.000123547,109.214015000,5.406541000,103.807474000,108.883796802,103.493602955
avx512,1400,0xAA,95,1.003065288,0.000150797,109.243068000,5.392503000,103.850565000,108.909229895,103.533205954
avx512,1400,0xAA,96,1.003082362,0.000125381,109.028591000,5.455064000,103.573527000,108.693558138,103.255256949
avx512,1400,0xAA,97,1.003071666,0.000148765,109.107692000,5.397386000,103.710306000,108.773575948,103.392718144
avx512,1400,0xAA,98,1.003065817,0.000128723,109.070094000,5.459703000,103.610391000,108.736727105,103.293711395
avx512,1400,0xAA,99,1.003100763,0.000151283,109.239955000,5.433214000,103.806741000,108.902274805,103.485855839
avx512,1600,0x00,0,0.877666860,0.000446725,98.952933000,4.783557000,94.169376000,112.745436286,107.295125672
avx512,1600,0x00,1,0.877637297,0.000304409,98.833792000,4.792835000,94.040957000,112.613482041,107.152416273
avx512,1600,0x00,2,0.877623548,0.000446743,98.980033000,4.806445000,94.173588000,112.781879216,107.305220106
avx512,1600,0x00,3,0.877605842,0.000356142,98.839652000,4.836230000,94.003422000,112.624195599,107.113487068
avx512,1600,0x00,4,0.877653245,0.000378379,98.905448000,4.846667000,94.058781000,112.693080794,107.170777960
avx512,1600,0x00,5,0.877694886,0.000383411,98.807731000,4.840869000,93.966862000,112.576400538,107.060965642
avx512,1600,0x00,6,0.877622422,0.000325061,99.116689000,4.766650000,94.350039000,112.937735476,107.506413443
avx512,1600,0x00,7,0.877693991,0.000426406,99.061575000,4.796375000,94.265200000,112.865732243,107.400985933
avx512,1600,0x00,8,0.877620873,0.000359547,98.771659000,4.805712000,93.965947000,112.544792412,107.068951822
avx512,1600,0x00,9,0.877660330,0.000318381,99.103018000,4.871569000,94.231449000,112.917280885,107.366649469
avx512,1600,0x00,10,0.877674688,0.000329438,98.968436000,4.867541000,94.100895000,112.762094312,107.216143103
avx512,1600,0x00,11,0.878203006,0.002995584,100.182421000,4.965014000,95.217407000,114.076609117,108.423002869
avx512,1600,0x00,12,0.877710455,0.000307662,98.785879000,4.907702000,93.878177000,112.549507001,106.958025241
avx512,1600,0x00,13,0.877682874,0.000316671,99.032644000,4.874133000,94.158511000,112.834198932,107.280788760
avx512,1600,0x00,14,0.877685599,0.000415247,98.546867000,4.864795000,93.682072000,112.280373628,106.737620045
avx512,1600,0x00,15,0.877700279,0.000375224,99.012564000,4.903613000,94.108951000,112.809083485,107.222195660
avx512,1600,0x00,16,0.877694870,0.000300186,98.978628000,4.791004000,94.187624000,112.771113697,107.312492298
avx512,1600,0x00,17,0.877642268,0.000323374,98.985037000,4.814807000,94.170230000,112.785175306,107.299105209
avx512,1600,0x00,18,0.877611327,0.000282148,98.825186000,4.781482000,94.043704000,112.607008360,107.158717238
avx512,1600,0x00,19,0.877671935,0.000284501,98.862723000,4.842578000,94.020145000,112.642001014,107.124474696
avx512,1600,0x00,20,0.877613617,0.000206588,98.983755000,4.711658000,94.272097000,112.787396543,107.418680846
avx512,1600,0x00,21,0.877633626,0.000296243,98.963675000,4.756946000,94.206729000,112.761945336,107.341749644
avx512,1600,0x00,22,0.877593967,0.000184632,98.906668000,4.778369000,94.128299000,112.702082857,107.257231162
avx512,1600,0x00,23,0.877614264,0.000227660,98.965384000,4.729052000,94.236332000,112.766380433,107.377849056
avx512,1600,0x00,24,0.877624283,0.000307560,99.122304000,4.866809000,94.255495000,112.943894015,107.398458349
avx512,1600,0x00,25,0.877601633,0.000231015,98.991385000,4.911974000,94.079411000,112.797630831,107.200587918
avx512,1600,0x00,26,0.877603337,0.000209047,99.067617000,4.886340000,94.181277000,112.884275593,107.316452647
avx512,1600,0x00,27,0.877582603,0.000213542,98.997366000,4.860827000,94.136539000,112.806892158,107.268009566
avx512,1600,0x00,28,0.877577972,0.000207224,98.945060000,4.822498000,94.122562000,112.747884729,107.252648801
avx512,1600,0x00,29,0.877578515,0.000213856,98.787467000,4.805651000,93.981816000,112.568237886,107.092202500
avx512,1600,0x00,30,0.877578671,0.000199771,98.796500000,4.723315000,94.073185000,112.578510888,107.196298267
avx512,1600,0x00,31,0.877664163,0.000291118,99.023428000,4.802600000,94.220828000,112.826103786,107.354079064
avx512,1600,0x00,32,0.877596510,0.000208113,98.979910000,4.850635000,94.129275000,112.785213811,107.258032532
avx512,1600,0x00,33,0.877617205,0.000218716,98.965139000,4.815417000,94.149722000,112.765723434,107.278801604
avx512,1600,0x00,34,0.877552628,0.000162346,98.691764000,4.810107000,93.881657000,112.462501779,106.981227100
avx512,1600,0x00,35,0.877608536,0.000178367,98.836722000,4.865649000,93.971073000,112.620511271,107.076297876
avx512,1600,0x00,36,0.877618116,0.000230790,99.053824000,4.806323000,94.247501000,112.866658286,107.390104290
avx512,1600,0x00,37,0.877615044,0.000204548,98.801932000,4.913867000,93.888065000,112.580034546,106.980920183
avx512,1600,0x00,38,0.877652289,0.000240113,98.873160000,4.924731000,93.948429000,112.656414472,107.045159237
avx512,1600,0x00,39,0.877622472,0.000148828,98.696402000,4.793261000,93.903141000,112.458836419,106.997192997
avx512,1600,0x00,40,0.877640913,0.000185024,99.018424000,4.758167000,94.260257000,112.823391136,107.401849216
avx512,1600,0x00,41,0.877678831,0.000229963,98.987051000,4.780261000,94.206790000,112.782771437,107.336290526
avx512,1600,0x00,42,0.877652608,0.000231796,98.874808000,4.745349000,94.129459000,112.658251238,107.251386430
avx512,1600,0x00,43,0.877670388,0.000308686,98.994131000,4.828296000,94.165835000,112.791923257,107.290659835
avx512,1600,0x00,44,0.877633555,0.000183907,98.865042000,4.827442000,94.037600000,112.649569270,107.149048045
avx512,1600,0x00,45,0.877673520,0.000202094,98.881339000,4.805041000,94.076298000,112.663008204,107.188260601
avx512,1600,0x00,46,0.877679922,0.000240951,99.026114000,4.819873000,94.206241000,112.827138375,107.335531606
avx512,1600,0x00,47,0.877663086,0.000232973,98.958182000,4.757862000,94.200320000,112.751901697,107.330844260
avx512,1600,0x00,48,0.877677984,0.000363716,98.964651000,4.778857000,94.185794000,112.757358338,107.312471849
avx512,1600,0x00,49,0.877617776,0.000168355,98.889091000,4.779468000,94.109623000,112.678997272,107.233041037
avx512,1600,0x00,50,0.877592860,0.000110515,98.757498000,4.785327000,93.972171000,112.532248761,107.079461689
avx512,1600,0x00,51,0.877639363,0.000236594,98.846792000,4.801380000,94.045412000,112.628029411,107.157240153
avx512,1600,0x00,52,0.877693932,0.000318699,98.798575000,4.746753000,94.051822000,112.566091033,107.157881144
avx512,1600,0x00,53,0.877651817,0.000248126,98.903494000,4.872546000,94.030948000,112.691037768,107.139239311
avx512,1600,0x00,54,0.877671093,0.000373400,98.968985000,4.809558000,94.159427000,112.763181790,107.283272472
avx512,1600,0x00,55,0.877657423,0.000339799,98.757925000,4.848255000,93.909670000,112.524457042,107.000371137
avx512,1600,0x00,56,0.877672273,0.000291595,99.044058000,4.848681000,94.195377000,112.848566594,107.324088783
avx512,1600,0x00,57,0.877644540,0.000272204,99.007437000,4.848315000,94.159122000,112.810406154,107.286170795
avx512,1600,0x00,58,0.877681429,0.000325615,98.837820000,4.830493000,94.007327000,112.612408989,107.108711585
avx512,1600,0x00,59,0.877724791,0.000593634,99.091909000,4.938098000,94.153811000,112.896331506,107.270310629
avx512,1600,0x00,60,0.877714689,0.000444580,99.260061000,4.856799000,94.403262000,113.089210195,107.555750338
avx512,1600,0x00,61,0.877679325,0.000324084,99.183767000,4.795397000,94.388370000,113.006839918,107.543116594
avx512,1600,0x00,62,0.877657771,0.000266816,98.916128000,4.893603000,94.022525000,112.704668284,107.128915230
avx512,1600,0x00,63,0.877716133,0.000567670,99.234426000,4.837390000,94.397036000,113.059817662,107.548479980
avx512,1600,0x00,64,0.877673257,0.000507656,99.197744000,4.914965000,94.282779000,113.023546242,107.423552214
avx512,1600,0x00,65,0.877756534,0.000657306,99.078604000,4.755053000,94.323551000,112.877090831,107.459810735
avx512,1600,0x00,66,0.877652277,0.000363346,99.015250000,4.772082000,94.243168000,112.818313839,107.380987319
avx512,1600,0x00,67,0.877688709,0.000421060,99.170035000,4.846179000,94.323856000,112.989986093,107.468462401
avx512,1600,0x00,68,0.877645877,0.000393863,99.212880000,4.808886000,94.403994000,113.044318471,107.565017391
avx512,1600,0x00,69,0.877633307,0.000255212,99.013601000,4.788318000,94.225283000,112.818873411,107.362929613
avx512,1600,0x00,70,0.877583607,0.000178911,99.075674000,4.732166000,94.343508000,112.895994463,107.503726462
avx512,1600,0x00,71,0.877720557,0.000657584,99.231740000,4.817309000,94.414431000,113.056187603,107.567756280
avx512,1600,0x00,72,0.877655521,0.000440978,99.018423000,4.741931000,94.276492000,112.821512120,107.418559724
avx512,1600,0x00,73,0.877693848,0.000660851,99.276357000,4.788989000,94.487368000,113.110462422,107.654130454
avx512,1600,0x00,74,0.877727183,0.000819176,99.409169000,4.719898000,94.689271000,113.257480088,107.880071152
avx512,1600,0x00,75,0.877726177,0.000915111,99.352040000,4.735889000,94.616151000,113.192522493,107.796888722
avx512,1600,0x00,76,0.877694973,0.000724877,99.184804000,4.818103000,94.366701000,113.006006678,107.516510728
avx512,1600,0x00,77,0.877718443,0.000773540,99.042471000,4.835193000,94.207278000,112.840822487,107.332002387
avx512,1600,0x00,78,0.877648458,0.000516187,99.022573000,4.743274000,94.279299000,112.827148548,107.422622449
avx512,1600,0x00,79,0.877671664,0.000661242,99.238149000,4.710986000,94.527163000,113.069788048,107.702193087
avx512,1600,0x00,80,0.877651726,0.000708287,99.170950000,4.754565000,94.416385000,112.995789923,107.578418929
avx512,1600,0x00,81,0.877695899,0.000652272,99.169973000,4.774768000,94.395205000,112.988989828,107.548873262
avx512,1600,0x00,82,0.877714217,0.000630769,99.153860000,4.707263000,94.446597000,112.968273864,107.605180831
avx512,1600,0x00,83,0.877617036,0.000445159,99.149039000,4.673633000,94.475406000,112.975289874,107.649922646
avx512,1600,0x00,84,0.877676311,0.000613332,99.251760000,4.674365000,94.577395000,113.084697395,107.758855803
avx512,1600,0x00,85,0.877650212,0.000568949,99.215444000,4.732898000,94.482546000,113.046681518,107.653988694
avx512,1600,0x00,86,0.877671898,0.000500731,99.247793000,4.643909000,94.603884000,113.080746003,107.789578530
avx512,1600,0x00,87,0.877761279,0.000741494,99.236440000,4.725208000,94.511232000,113.056297125,107.673047589
avx512,1600,0x00,88,0.877730561,0.000767491,99.269216000,4.721362000,94.547854000,113.097595612,107.718539428
avx512,1600,0x00,89,0.877673600,0.000544957,99.248830000,4.682300000,94.566530000,113.081708326,107.746809336
avx512,1600,0x00,90,0.877699609,0.000766188,99.422475000,4.689564000,94.732911000,113.276198335,107.933181258
avx512,1600,0x00,91,0.877735758,0.000887786,99.304433000,4.753955000,94.550478000,113.137048437,107.720891063
avx512,1600,0x00,92,0.877697246,0.000638135,99.182180000,4.759875000,94.422305000,113.002724455,107.579584501
avx512,1600,0x00,93,0.877683631,0.000707897,99.184744000,4.706409000,94.478335000,113.007398635,107.645091726
avx512,1600,0x00,94,0.877687153,0.000625175,99.231924000,4.714648000,94.517276000,113.060700115,107.689027550
avx512,1600,0x00,95,0.877678231,0.000676717,99.150686000,4.764209000,94.386477000,112.969289297,107.541093825
avx512,1600,0x00,96,0.877719738,0.000834497,99.423147000,4.775012000,94.648135000,113.274366109,107.834119308
avx512,1600,0x00,97,0.877681279,0.000703497,99.278493000,4.845752000,94.432741000,113.114515950,107.593432024
avx512,1600,0x00,98,0.877675669,0.000707535,99.253652000,4.865161000,94.388491000,113.086935817,107.543702509
avx512,1600,0x00,99,0.877716086,0.000798463,99.186087000,5.004199000,94.181888000,113.004750135,107.303363230
avx512,1600,0xAA,0,0.877701574,0.000279954,98.977896000,4.743274000,94.234622000,112.769418376,107.365219340
avx512,1600,0xAA,1,0.877670353,0.000274527,98.861258000,4.753344000,94.107914000,112.640534878,107.224670044
avx512,1600,0xAA,2,0.877654545,0.000202110,98.880545000,4.730335000,94.150210000,112.664539326,107.274793410
avx512,1600,0xAA,3,0.877598341,0.000192307,99.052725000,4.751513000,94.301212000,112.867949220,107.453726361
avx512,1600,0xAA,4,0.877559222,0.000130092,98.937613000,4.741138000,94.196475000,112.741807604,107.339165959
avx512,1600,0xAA,5,0.877676207,0.000333507,99.027395000,4.715198000,94.312197000,112.829075482,107.456709269
avx512,1600,0xAA,6,0.877639082,0.000218564,98.923941000,4.737781000,94.186160000,112.715970701,107.317645695
avx512,1600,0xAA,7,0.877618803,0.000184323,98.974173000,4.758594000,94.215579000,112.775811897,107.353646845
avx512,1600,0xAA,8,0.877613923,0.000140447,98.897085000,4.755664000,94.141421000,112.688600734,107.269744135
avx512,1600,0xAA,9,0.877604067,0.000207290,98.817496000,4.654529000,94.162967000,112.599177383,107.295499818
avx512,1600,0xAA,10,0.877640206,0.000255645,98.785331000,4.650561000,94.134770000,112.557891442,107.258953484
avx512,1600,0xAA,11,0.877649599,0.000213953,98.729118000,4.644764000,94.084354000,112.492637258,107.200361156
avx512,1600,0xAA,12,0.877674778,0.000338798,98.951345000,4.735034000,94.216311000,112.742609769,107.347634183
avx512,1600,0xAA,13,0.877620749,0.000305122,99.200369000,4.685596000,94.514773000,113.033299595,107.694323724
avx512,1600,0xAA,14,0.877641002,0.000264079,98.933951000,4.745532000,94.188419000,112.727129670,107.319984846
avx512,1600,0xAA,15,0.877617770,0.000328425,99.030203000,4.641956000,94.388247000,112.839787854,107.550519385
avx512,1600,0xAA,16,0.877650394,0.000452291,99.124014000,4.651844000,94.472170000,112.942482152,107.642143851
avx512,1600,0xAA,17,0.877566193,0.000117938,98.981253000,4.741809000,94.239444000,112.790640471,107.387277128
avx512,1600,0xAA,18,0.877633066,0.000150856,98.977408000,4.746020000,94.231388000,112.777665144,107.369915384
avx512,1600,0xAA,19,0.877731249,0.000431065,99.137197000,4.789599000,94.347598000,112.947097610,107.490303167
avx512,1600,0xAA,20,0.877696502,0.000413188,99.254690000,4.848437000,94.406253000,113.085434154,107.561386846
avx512,1600,0xAA,21,0.877703071,0.000591918,99.118094000,4.796863000,94.321231000,112.928958910,107.463713134
avx512,1600,0xAA,22,0.877642181,0.000396270,98.861807000,4.694752000,94.167055000,112.644776092,107.295498106
avx512,1600,0xAA,23,0.877588541,0.000276951,99.073477000,4.756030000,94.317447000,112.892856303,107.473425921
avx512,1600,0xAA,24,0.877627774,0.000424877,99.143728000,4.710316000,94.433412000,112.967856038,107.600756066
avx512,1600,0xAA,25,0.877670872,0.000526507,99.129874000,4.739428000,94.390446000,112.946523804,107.546517773
avx512,1600,0xAA,26,0.877627126,0.000506423,98.877799000,4.761402000,94.116397000,112.664930332,107.239617167
avx512,1600,0xAA,27,0.877617114,0.000375394,99.046682000,4.715565000,94.331117000,112.858649236,107.485503104
avx512,1600,0xAA,28,0.877641568,0.000411927,99.093680000,4.801135000,94.292545000,112.909054960,107.438558601
avx512,1600,0xAA,29,0.877592549,0.000249960,99.033194000,4.791797000,94.241397000,112.846439005,107.386277558
avx512,1600,0xAA,30,0.877639296,0.000234298,99.104788000,4.740039000,94.364749000,112.922003875,107.521107378
avx512,1600,0xAA,31,0.877670889,0.000370596,99.033560000,4.796252000,94.237308000,112.836783351,107.372033343
avx512,1600,0xAA,32,0.877675205,0.000576724,99.147391000,4.830493000,94.316898000,112.965924583,107.462188151
avx512,1600,0xAA,33,0.877715054,0.000710264,99.167166000,4.781421000,94.385745000,112.983325953,107.535748200
avx512,1600,0xAA,34,0.877733214,0.000776561,99.239492000,4.735584000,94.503908000,113.063389181,107.668146158
avx512,1600,0xAA,35,0.877632492,0.000342834,98.890678000,4.757434000,94.133244000,112.678916204,107.258157465
avx512,1600,0xAA,36,0.877642318,0.000444173,99.217947000,4.783923000,94.434024000,113.050550244,107.599670199
avx512,1600,0xAA,37,0.877697342,0.000674540,99.140738000,4.803943000,94.336795000,112.955495354,107.482147342
avx512,1600,0xAA,38,0.877680280,0.000604235,99.250234000,4.821887000,94.428347000,113.082447312,107.588548098
avx512,1600,0xAA,39,0.877665461,0.000615318,99.286550000,4.851001000,94.435549000,113.125734590,107.598570522
avx512,1600,0xAA,40,0.877691998,0.000751421,99.377370000,4.746875000,94.630495000,113.225790152,107.817429349
avx512,1600,0xAA,41,0.877742162,0.000835058,99.448476000,4.770312000,94.678164000,113.300329319,107.865576146
avx512,1600,0xAA,42,0.877690100,0.000612205,99.426259000,4.739612000,94.686647000,113.281736941,107.881639571
avx512,1600,0xAA,43,0.877672471,0.000551513,99.306874000,4.702991000,94.603883000,113.147987818,107.789507111
avx512,1600,0xAA,44,0.877753612,0.000779905,99.475393000,4.736194000,94.739199000,113.329517182,107.933704578
avx512,1600,0xAA,45,0.877692091,0.000664630,99.430287000,4.764941000,94.665346000,113.286069193,107.857125437
avx512,1600,0xAA,46,0.877736875,0.000759318,99.455556000,4.733142000,94.722414000,113.309077995,107.916639627
avx512,1600,0xAA,47,0.877722672,0.000678187,99.312429000,4.660694000,94.651735000,113.147845219,107.837860470
avx512,1600,0xAA,48,0.877753780,0.000810326,99.412526000,4.701160000,94.711366000,113.257872886,107.901974559
avx512,1600,0xAA,49,0.877735517,0.000783715,99.461477000,4.784717000,94.676760000,113.315999006,107.864793140
avx512,1600,0xAA,50,0.877733136,0.000748325,99.407766000,4.698963000,94.708803000,113.255113549,107.901592295
avx512,1600,0xAA,51,0.877715641,0.000691445,99.364858000,4.748767000,94.616091000,113.208485080,107.798114362
avx512,1600,0xAA,52,0.877758767,0.000599351,99.401601000,4.712086000,94.689515000,113.244782947,107.876467437
avx512,1600,0xAA,53,0.877738861,0.000577699,99.527089000,4.674731000,94.852358000,113.390318527,108.064439488
avx512,1600,0xAA,54,0.877716865,0.000549413,99.181203000,4.663563000,94.517640000,112.999085357,107.685796775
avx512,1600,0xAA,55,0.877727776,0.000609485,99.308034000,4.633411000,94.674623000,113.142179946,107.863309748
avx512,1600,0xAA,56,0.877670073,0.000299095,99.147756000,4.613453000,94.534303000,112.967000924,107.710523417
avx512,1600,0xAA,57,0.877701564,0.000439316,99.183279000,4.642078000,94.541201000,113.003420566,107.714518063
avx512,1600,0xAA,58,0.877720324,0.000548215,99.144094000,4.699390000,94.444704000,112.956361215,107.602275330
avx512,1600,0xAA,59,0.877762805,0.000694156,99.264089000,4.761767000,94.502322000,113.087600011,107.662709627
avx512,1600,0xAA,60,0.877633152,0.000153490,98.973746000,4.718128000,94.255618000,112.773481428,107.397513135
avx512,1600,0xAA,61,0.877749174,0.000577606,99.349477000,4.770678000,94.578799000,113.186636828,107.751510097
avx512,1600,0xAA,62,0.877771892,0.000731215,99.415090000,4.706409000,94.708681000,113.258456934,107.896689208
avx512,1600,0xAA,63,0.877681477,0.000423318,99.184682000,4.663684000,94.520998000,113.007605322,107.693964645
avx512,1600,0xAA,64,0.877635197,0.000207840,99.077566000,4.680896000,94.396670000,112.891513807,107.557981134
avx512,1600,0xAA,65,0.877649352,0.000284064,99.112906000,4.619495000,94.493411000,112.929959704,107.666473794
avx512,1600,0xAA,66,0.877706878,0.000461425,99.325918000,4.604725000,94.721193000,113.165249654,107.918936660
avx512,1600,0xAA,67,0.877715528,0.000492047,99.355458000,4.639941000,94.715517000,113.197789988,107.911406357
avx512,1600,0xAA,68,0.877735663,0.000812856,99.351858000,4.656971000,94.694887000,113.191091783,107.885427224
avx512,1600,0xAA,69,0.877763755,0.000575482,99.243215000,4.753955000,94.489260000,113.063696716,107.647712094
avx512,1600,0xAA,70,0.877697920,0.000381234,99.189322000,4.675892000,94.513430000,113.010774800,107.683324555
avx512,1600,0xAA,71,0.877744554,0.000605071,99.247243000,4.677479000,94.569764000,113.070759021,107.741783779
avx512,1600,0xAA,72,0.877751945,0.000752106,99.344533000,4.672839000,94.671694000,113.180646995,107.857002851
avx512,1600,0xAA,73,0.877735240,0.000695200,99.428334000,4.712574000,94.715760000,113.278275121,107.909259744
avx512,1600,0xAA,74,0.877739260,0.000846574,99.465810000,4.719593000,94.746217000,113.320452358,107.943464892
avx512,1600,0xAA,75,0.877701760,0.000474343,99.267629000,4.702441000,94.565188000,113.099498599,107.741823347
avx512,1600,0xAA,76,0.877715528,0.000692945,99.243582000,4.792895000,94.450687000,113.070327283,107.609679900
avx512,1600,0xAA,77,0.877687140,0.000674790,99.316701000,4.835559000,94.481142000,113.157293105,107.647859530
avx512,1600,0xAA,78,0.877725396,0.000508976,99.312246000,4.829334000,94.482912000,113.147285518,107.645184267
avx512,1600,0xAA,79,0.877766928,0.000747201,99.287221000,4.709521000,94.577700000,113.113422118,107.748078709
avx512,1600,0xAA,80,0.877760335,0.000750989,99.268484000,4.674610000,94.593874000,113.092925280,107.767314390
avx512,1600,0xAA,81,0.877745114,0.000618608,99.000906000,4.689136000,94.311770000,112.790039364,107.447786900
avx512,1600,0xAA,82,0.877755766,0.000726259,99.188406000,4.691516000,94.496890000,113.002283557,107.657384464
avx512,1600,0xAA,83,0.877758861,0.000797963,99.419484000,4.712879000,94.706605000,113.265144186,107.895925819
avx512,1600,0xAA,84,0.877769553,0.000744292,99.369253000,4.675342000,94.693911000,113.206538800,107.880149907
avx512,1600,0xAA,85,0.877704773,0.000707730,98.984488000,4.653003000,94.331485000,112.776517814,107.475187411
avx512,1600,0xAA,86,0.877700800,0.000651366,99.154166000,4.695727000,94.458439000,112.970349400,107.620317815
avx512,1600,0xAA,87,0.877747035,0.000744743,99.195669000,4.679859000,94.515810000,113.011682279,107.680010606
avx512,1600,0xAA,88,0.877768752,0.000865218,99.398549000,4.695179000,94.703370000,113.240017681,107.891024578
avx512,1600,0xAA,89,0.877718023,0.000688721,99.021292000,4.660937000,94.360355000,112.816746847,107.506457121
avx512,1600,0xAA,90,0.877699720,0.000651026,99.168264000,4.684741000,94.483523000,112.986550827,107.649029469
avx512,1600,0xAA,91,0.877738990,0.000678315,99.015738000,4.795947000,94.219791000,112.807724282,107.343745750
avx512,1600,0xAA,92,0.877677747,0.000393656,98.788626000,4.811694000,93.976932000,112.556831135,107.074529670
avx512,1600,0xAA,93,0.877940531,0.001349045,99.127859000,4.838244000,94.289615000,112.909537090,107.398635353
avx512,1600,0xAA,94,0.877686372,0.000542025,99.033743000,4.715442000,94.318301000,112.835001399,107.462419402
avx512,1600,0xAA,95,0.877681591,0.000517090,99.020864000,4.750903000,94.269961000,112.820942196,107.407927896
avx512,1600,0xAA,96,0.877700783,0.000638695,99.195974000,4.805225000,94.390749000,113.017985018,107.543197835
avx512,1600,0xAA,97,0.877766662,0.000817680,99.295767000,4.767566000,94.528201000,113.123192419,107.691719333
avx512,1600,0xAA,98,0.877788260,0.000857447,99.436208000,4.857470000,94.578738000,113.280403125,107.746642629
avx512,1600,0xAA,99,0.877674295,0.000492578,99.158010000,4.825366000,94.332644000,112.978140662,107.480240102
avx512,1800,0x00,0,0.780363607,0.000756290,88.565630000,4.284108000,84.281522000,113.492773324,108.002886354
avx512,1800,0x00,1,0.780385611,0.000827035,88.531511000,4.263111000,84.268400000,113.445852677,107.983026425
avx512,1800,0x00,2,0.780332470,0.000727704,88.504352000,4.361073000,84.143279000,113.418773929,107.830036861
avx512,1800,0x00,3,0.780386382,0.000807219,88.423541000,4.453602000,83.969939000,113.307385924,107.600466762
avx512,1800,0x00,4,0.780414659,0.000827795,88.477861000,4.505970000,83.971891000,113.372884447,107.599069276
avx512,1800,0x00,5,0.780348724,0.000782865,88.246173000,4.458301000,83.787872000,113.085560717,107.372344480
avx512,1800,0x00,6,0.780412895,0.000877984,88.454791000,4.387806000,84.066985000,113.343579537,107.721163468
avx512,1800,0x00,7,0.780329784,0.000714770,88.447405000,4.370350000,84.077055000,113.346186207,107.745541339
avx512,1800,0x00,8,0.780435590,0.000892127,88.665789000,4.423146000,84.242643000,113.610642785,107.943107811
avx512,1800,0x00,9,0.780341478,0.000736978,88.116962000,4.448597000,83.668365000,112.921028140,107.220194434
avx512,1800,0x00,10,0.780278742,0.000664581,88.239215000,4.353199000,83.886016000,113.086785788,107.507755163
avx512,1800,0x00,11,0.780355357,0.000744458,88.280719000,4.327443000,83.953276000,113.128869119,107.583391711
avx512,1800,0x00,12,0.780300361,0.000584799,88.315265000,4.380299000,83.934966000,113.181115070,107.567508802
avx512,1800,0x00,13,0.780159191,0.000366158,88.582781000,4.298390000,84.284391000,113.544494583,108.034862637
avx512,1800,0x00,14,0.780180041,0.000455820,88.535846000,4.364674000,84.171172000,113.481300914,107.886856337
avx512,1800,0x00,15,0.780163206,0.000474501,88.041157000,4.223317000,83.817840000,112.849665668,107.436289383
avx512,1800,0x00,16,0.780251231,0.000637534,88.262287000,4.203969000,84.058318000,113.120343184,107.732374753
avx512,1800,0x00,17,0.780263297,0.000593375,88.166645000,4.235524000,83.931121000,112.996017359,107.567690769
avx512,1800,0x00,18,0.780304516,0.000690494,88.269366000,4.351246000,83.918120000,113.121690501,107.545347024
avx512,1800,0x00,19,0.780253616,0.000652544,88.587603000,4.319630000,84.267973000,113.536933565,108.000746472
avx512,1800,0x00,20,0.780257575,0.000689925,88.428179000,4.229420000,84.198759000,113.332035258,107.911491920
avx512,1800,0x00,21,0.780315126,0.000748845,88.551287000,4.258656000,84.292631000,113.481443691,108.023833221
avx512,1800,0x00,22,0.780326344,0.000805882,88.532732000,4.243763000,84.288969000,113.456033671,108.017587269
avx512,1800,0x00,23,0.780299662,0.000800199,88.508136000,4.309437000,84.198699000,113.428392146,107.905594672
avx512,1800,0x00,24,0.780253592,0.000748405,88.263812000,4.269703000,83.994109000,113.121955350,107.649756255
avx512,1800,0x00,25,0.780192595,0.000678683,88.308856000,4.302357000,84.006499000,113.188533931,107.674053240
avx512,1800,0x00,26,0.780242115,0.000748858,88.516985000,4.258595000,84.258390000,113.448099355,107.990056374
avx512,1800,0x00,27,0.780205271,0.000741917,88.262225000,4.289052000,83.973173000,113.126927399,107.629589503
avx512,1800,0x00,28,0.780195782,0.000650867,88.487811000,4.249623000,84.238188000,113.417443542,107.970576101
avx512,1800,0x00,29,0.780224611,0.000686879,89.216934000,4.297657000,84.919277000,114.347756645,108.839526147
avx512,1800,0x00,30,0.780183222,0.000709616,88.235736000,4.312916000,83.922820000,113.096172155,107.568091215
avx512,1800,0x00,31,0.780231477,0.000745304,88.683061000,4.281178000,84.401883000,113.662500935,108.175439562
avx512,1800,0x00,32,0.780210350,0.000752628,88.344867000,4.264211000,84.080656000,113.232113658,107.766650400
avx512,1800,0x00,33,0.780251138,0.000723755,88.108966000,4.184560000,83.924406000,112.923854592,107.560760840
avx512,1800,0x00,34,0.780186707,0.000564608,88.821489000,4.206715000,84.614774000,113.846452623,108.454518922
avx512,1800,0x00,35,0.780201417,0.000588086,88.454730000,4.224537000,84.230193000,113.374223666,107.959548807
avx512,1800,0x00,36,0.780258033,0.000632909,88.419757000,4.181813000,84.237944000,113.321174889,107.961649163
avx512,1800,0x00,37,0.780226341,0.000613939,88.329669000,4.223255000,84.106414000,113.210313929,107.797455149
avx512,1800,0x00,38,0.780175327,0.000634574,88.376910000,4.203542000,84.173368000,113.278268226,107.890322911
avx512,1800,0x00,39,0.780214696,0.000711130,88.814287000,4.203786000,84.610501000,113.833137749,108.445151570
avx512,1800,0x00,40,0.780209524,0.000697099,88.215106000,4.160390000,84.054716000,113.065917986,107.733517042
avx512,1800,0x00,41,0.780176239,0.000557250,88.782304000,4.159475000,84.622829000,113.797754392,108.466298763
avx512,1800,0x00,42,0.780173191,0.000576548,88.728838000,4.254445000,84.474393000,113.729667991,108.276462153
avx512,1800,0x00,43,0.780169780,0.000683803,88.404253000,4.219838000,84.184415000,113.314121216,107.905249828
avx512,1800,0x00,44,0.780193932,0.000660730,89.247330000,4.285816000,84.961514000,114.391212687,108.897942584
avx512,1800,0x00,45,0.780173901,0.000581388,88.559221000,4.262257000,84.296964000,113.512155239,108.048941213
avx512,1800,0x00,46,0.780132642,0.000550733,88.188129000,4.235096000,83.953033000,113.042480538,107.613793450
avx512,1800,0x00,47,0.780104412,0.000369137,88.414202000,4.218678000,84.195524000,113.336369666,107.928532028
avx512,1800,0x00,48,0.780134752,0.000371094,88.415240000,4.255360000,84.159880000,113.333292420,107.878645018
avx512,1800,0x00,49,0.780161592,0.000412672,88.447466000,4.203603000,84.243863000,113.370700228,107.982581866
avx512,1800,0x00,50,0.780132126,0.000501725,88.290973000,4.212208000,84.078765000,113.174384243,107.775032185
avx512,1800,0x00,51,0.780119352,0.000416468,89.124100000,4.215688000,84.908412000,114.244185606,108.840284278
avx512,1800,0x00,52,0.780120463,0.000323235,88.458697000,4.245045000,84.213652000,113.391073768,107.949548773
avx512,1800,0x00,53,0.780137958,0.000509418,88.368976000,4.285511000,84.083465000,113.273524363,107.780251083
avx512,1800,0x00,54,0.780195772,0.000692327,88.916704000,4.185292000,84.731412000,113.967169700,108.602757142
avx512,1800,0x00,55,0.780211612,0.000700978,88.428973000,4.223805000,84.205168000,113.339729370,107.926063471
avx512,1800,0x00,56,0.780160384,0.000569473,88.437823000,4.192311000,84.245512000,113.358515528,107.984862769
avx512,1800,0x00,57,0.780219801,0.000619378,89.847243000,4.208546000,85.638697000,115.156322479,109.762270706
avx512,1800,0x00,58,0.780745161,0.002968269,89.922866000,4.249195000,85.673671000,115.175694319,109.733207817
avx512,1800,0x00,59,0.780224833,0.000722537,88.787126000,4.168813000,84.618313000,113.796847126,108.453755204
avx512,1800,0x00,60,0.780196731,0.000689471,88.708269000,4.182179000,84.526090000,113.699872685,108.339456737
avx512,1800,0x00,61,0.780217273,0.000635177,88.428423000,4.180592000,84.247831000,113.338202088,107.979961322
avx512,1800,0x00,62,0.780200721,0.000657019,88.700151000,4.155996000,84.544155000,113.688886222,108.362056999
avx512,1800,0x00,63,0.780209414,0.000724630,88.642046000,4.211293000,84.430753000,113.613145945,108.215501511
avx512,1800,0x00,64,0.780279602,0.000663651,89.365005000,4.270192000,85.094813000,114.529464529,109.056821147
avx512,1800,0x00,65,0.780234938,0.000640975,88.748064000,4.215565000,84.532499000,113.745308909,108.342365774
avx512,1800,0x00,66,0.780184148,0.000605042,88.941789000,4.171865000,84.769924000,114.001020399,108.653737954
avx512,1800,0x00,67,0.780203895,0.000625621,88.650103000,4.307911000,84.342192000,113.624276387,108.102756913
avx512,1800,0x00,68,0.780210627,0.000757516,88.690629000,4.331166000,84.359463000,113.675238345,108.123960460
avx512,1800,0x00,69,0.780206984,0.000649801,89.055314000,4.401112000,84.654202000,114.143190029,108.502235651
avx512,1800,0x00,70,0.780224082,0.000747888,89.199174000,4.385059000,84.814115000,114.325071545,108.704815646
avx512,1800,0x00,71,0.780229820,0.000621699,88.784807000,4.341663000,84.443144000,113.793147496,108.228552439
avx512,1800,0x00,72,0.780191760,0.000408860,89.653640000,4.305104000,85.348536000,114.912313337,109.394305816
avx512,1800,0x00,73,0.780236034,0.000705033,88.802995000,4.343312000,84.459683000,113.815552118,108.248887916
avx512,1800,0x00,74,0.780215659,0.000663227,88.499286000,4.294728000,84.204558000,113.429261491,107.924721880
avx512,1800,0x00,75,0.780167845,0.000667976,89.298843000,4.275075000,85.023768000,114.461065700,108.981379468
avx512,1800,0x00,76,0.780167771,0.000678174,89.109330000,4.257740000,84.851590000,114.218163441,108.760696269
avx512,1800,0x00,77,0.780172494,0.000580566,88.522967000,4.223866000,84.299101000,113.465890845,108.051875311
avx512,1800,0x00,78,0.780150925,0.000572884,89.077042000,4.225758000,84.851284000,114.179242967,108.762652580
avx512,1800,0x00,79,0.780132515,0.000366811,88.836930000,4.169728000,84.667202000,113.874153751,108.529256675
avx512,1800,0x00,80,0.780109026,0.000319317,89.178909000,4.177479000,85.001430000,114.315955857,108.960962055
avx512,1800,0x00,81,0.780100647,0.000249732,88.982255000,4.228017000,84.754238000,114.065095762,108.645260493
avx512,1800,0x00,82,0.780149929,0.000423252,89.205521000,4.178395000,85.027126000,114.344073769,108.988186591
avx512,1800,0x00,83,0.780104175,0.000270253,88.463763000,4.187917000,84.275846000,113.399935387,108.031528018
avx512,1800,0x00,84,0.780115856,0.000421133,88.525042000,4.229116000,84.295926000,113.476788546,108.055650174
avx512,1800,0x00,85,0.780215430,0.000614081,89.948745000,4.326771000,85.621974000,115.287062457,109.741451804
avx512,1800,0x00,86,0.780110353,0.000274572,88.343585000,4.291310000,84.052275000,113.244984698,107.744083469
avx512,1800,0x00,87,0.780121700,0.000296152,89.295425000,4.244008000,85.051417000,114.463454911,109.023267820
avx512,1800,0x00,88,0.780114659,0.000302146,88.983171000,4.276295000,84.706876000,114.064221178,108.582597482
avx512,1800,0x00,89,0.780128591,0.000467685,88.799760000,4.235462000,84.564298000,113.827080655,108.397896221
avx512,1800,0x00,90,0.780162929,0.000435233,89.888808000,4.211171000,85.677637000,115.217994399,109.820184733
avx512,1800,0x00,91,0.780141875,0.000342209,89.859145000,4.236012000,85.623133000,115.183081325,109.753284339
avx512,1800,0x00,92,0.780150237,0.000382083,89.052445000,4.252309000,84.800136000,114.147815091,108.697186740
avx512,1800,0x00,93,0.780143454,0.000470121,89.112443000,4.186207000,84.926236000,114.225713882,108.859768712
avx512,1800,0x00,94,0.780123143,0.000357587,88.722856000,4.173268000,84.549588000,113.729296186,108.379797152
avx512,1800,0x00,95,0.780170052,0.000481382,89.009721000,4.177906000,84.831815000,114.090153540,108.735031295
avx512,1800,0x00,96,0.780181160,0.000560373,89.702957000,4.189076000,85.513881000,114.977086865,109.607723678
avx512,1800,0x00,97,0.780209015,0.000628055,89.056351000,4.255116000,84.801235000,114.144221940,108.690406466
avx512,1800,0x00,98,0.780185580,0.000537599,89.351822000,4.298878000,85.052944000,114.526369488,109.016298409
avx512,1800,0x00,99,0.780180604,0.000513990,89.072038000,4.210988000,84.861050000,114.168485532,108.771032713
avx512,1800,0xAA,0,0.780272975,0.000673021,89.518082000,4.256093000,85.261989000,114.726621218,109.272000670
avx512,1800,0xAA,1,0.780298356,0.000747616,89.389115000,4.265858000,85.123257000,114.557610367,109.090652800
avx512,1800,0xAA,2,0.780198099,0.000511327,88.947709000,4.279591000,84.668118000,114.006569801,108.521307780
avx512,1800,0xAA,3,0.780201893,0.000668393,89.551712000,4.212086000,85.339626000,114.780177834,109.381464963
avx512,1800,0xAA,4,0.780166796,0.000557048,88.599809000,4.268666000,84.331143000,113.565213884,108.093735189
avx512,1800,0xAA,5,0.780144163,0.000480484,88.545733000,4.249745000,84.295988000,113.499193035,108.051808822
avx512,1800,0xAA,6,0.780164724,0.000396612,89.138993000,4.323109000,84.815884000,114.256631035,108.715353830
avx512,1800,0xAA,7,0.780127140,0.000406685,88.767839000,4.295094000,84.472745000,113.786374548,108.280741200
avx512,1800,0xAA,8,0.780121688,0.000392803,89.196244000,4.254933000,84.941311000,114.336321288,108.882129893
avx512,1800,0xAA,9,0.780096115,0.000308961,89.306473000,4.302845000,85.003628000,114.481371306,108.965583037
avx512,1800,0xAA,10,0.780233429,0.000720643,89.098832000,4.243275000,84.855557000,114.195096821,108.756628228
avx512,1800,0xAA,11,0.780076297,0.000264977,88.337725000,4.246327000,84.091398000,113.242416542,107.798940033
avx512,1800,0xAA,12,0.780116844,0.000380596,88.883317000,4.218861000,84.664456000,113.935902962,108.527916922
avx512,1800,0xAA,13,0.780141313,0.000378847,89.224015000,4.255971000,84.968044000,114.369042470,108.913657750
avx512,1800,0xAA,14,0.780143897,0.000331158,88.943437000,4.212147000,84.731290000,114.009014610,108.609822213
avx512,1800,0xAA,15,0.780148213,0.000485420,89.069474000,4.180898000,84.888576000,114.169939100,108.810831781
avx512,1800,0xAA,16,0.780119897,0.000468408,88.958878000,4.251760000,84.707118000,114.032315251,108.582178653
avx512,1800,0xAA,17,0.780133066,0.000370300,88.663408000,4.270191000,84.393217000,113.651647171,108.177977121
avx512,1800,0xAA,18,0.780112211,0.000377298,89.444046000,4.198353000,85.245693000,114.655359507,109.273629878
avx512,1800,0xAA,19,0.780084686,0.000295109,88.713823000,4.263417000,84.450406000,113.723323336,108.257997487
avx512,1800,0xAA,20,0.780079217,0.000289832,88.382709000,4.202809000,84.179900000,113.299658637,107.911989144
avx512,1800,0xAA,21,0.780171727,0.000460977,89.248734000,4.254993000,84.993741000,114.396268083,108.942349600
avx512,1800,0xAA,22,0.780109579,0.000299843,89.229874000,4.229176000,85.000698000,114.381205465,108.959946560
avx512,1800,0xAA,23,0.780130627,0.000388831,89.133072000,4.240834000,84.892238000,114.254035106,108.817978816
avx512,1800,0xAA,24,0.780158088,0.000470871,89.153336000,4.145864000,85.007472000,114.275987618,108.961854413
avx512,1800,0xAA,25,0.780150291,0.000436627,88.791338000,4.134938000,84.656400000,113.813119087,108.512937768
avx512,1800,0xAA,26,0.780172694,0.000357029,88.667681000,4.162282000,84.505399000,113.651351433,108.316273657
avx512,1800,0xAA,27,0.780108519,0.000260717,89.133500000,4.154591000,84.978909000,114.257821557,108.932163784
avx512,1800,0xAA,28,0.780095972,0.000216442,89.508743000,4.162893000,85.345850000,114.740680886,109.404295174
avx512,1800,0xAA,29,0.780153980,0.000375975,89.319412000,4.162587000,85.156825000,114.489465256,109.153868558
avx512,1800,0xAA,30,0.780086445,0.000246719,88.704790000,4.188038000,84.516752000,113.711487402,108.342802912
avx512,1800,0xAA,31,0.780162442,0.000287593,89.349503000,4.306386000,85.043117000,114.526793697,109.006935562
avx512,1800,0xAA,32,0.780219233,0.000407083,89.331009000,4.214344000,85.116665000,114.494753789,109.093266846
avx512,1800,0xAA,33,0.780129893,0.000241001,88.710771000,4.186513000,84.524258000,113.712821144,108.346390455
avx512,1800,0xAA,34,0.780129383,0.000359563,89.273087000,4.205861000,85.067226000,114.433693858,109.042458646
avx512,1800,0xAA,35,0.780141365,0.000335171,88.922441000,4.165212000,84.757229000,113.982471579,108.643423830
avx512,1800,0xAA,36,0.780181288,0.000448071,89.430618000,4.162465000,85.268153000,114.627996553,109.292742986
avx512,1800,0xAA,37,0.780216711,0.000568411,88.927140000,4.281300000,84.645840000,113.977486903,108.490165319
avx512,1800,0xAA,38,0.780253459,0.000609660,89.082474000,4.259999000,84.822475000,114.171200298,108.711437258
avx512,1800,0xAA,39,0.780225131,0.000517735,89.565140000,4.218983000,85.346157000,114.793969629,109.386577798
avx512,1800,0xAA,40,0.780216893,0.000552112,90.122328000,4.180592000,85.941736000,115.509326649,110.151083274
avx512,1800,0xAA,41,0.780237940,0.000497348,89.547317000,4.230397000,85.316920000,114.769242002,109.347310074
avx512,1800,0xAA,42,0.780198014,0.000470761,89.215592000,4.258839000,84.956753000,114.349934759,108.891270518
avx512,1800,0xAA,43,0.780185581,0.000369806,89.188920000,4.242786000,84.946134000,114.317570254,108.879394900
avx512,1800,0xAA,44,0.780137643,0.000318214,89.430618000,4.154042000,85.276576000,114.634409456,109.309654220
avx512,1800,0xAA,45,0.780151166,0.000330276,89.007768000,4.139759000,84.868009000,114.090412021,108.784057075
avx512,1800,0xAA,46,0.780187866,0.000410389,89.309647000,4.138967000,85.170680000,114.471976488,109.166886288
avx512,1800,0xAA,47,0.780189463,0.000374061,88.946184000,4.237782000,84.708402000,114.005877094,108.574142621
avx512,1800,0xAA,48,0.780266788,0.000622511,89.148636000,4.218434000,84.930202000,114.254044155,108.847644617
avx512,1800,0xAA,49,0.780201064,0.000455054,90.223402000,4.211598000,86.011804000,115.641218901,110.243125774
avx512,1800,0xAA,50,0.780222509,0.000600140,89.315629000,4.210988000,85.104641000,114.474560806,109.077397877
avx512,1800,0xAA,51,0.780227253,0.000523780,89.606888000,4.154775000,85.452113000,114.847164920,109.522081767
avx512,1800,0xAA,52,0.780310457,0.000716780,89.271988000,4.219411000,85.052577000,114.405730750,108.998381708
avx512,1800,0xAA,53,0.780230305,0.000546671,89.189041000,4.160512000,85.028529000,114.311172541,108.978757260
avx512,1800,0xAA,54,0.780296643,0.000736568,90.186171000,4.155995000,86.030176000,115.579339997,110.253166884
avx512,1800,0xAA,55,0.780261886,0.000700213,89.657608000,4.158315000,85.499293000,114.907071049,109.577687321
avx512,1800,0xAA,56,0.780300318,0.000761845,89.814284000,4.152760000,85.661524000,115.102200982,109.780198792
avx512,1800,0xAA,57,0.780261923,0.000592927,89.322830000,4.155019000,85.167811000,114.478007150,109.152847896
avx512,1800,0xAA,58,0.780283531,0.000797715,89.799819000,4.186879000,85.612940000,115.086139123,109.720296024
avx512,1800,0xAA,59,0.780218488,0.000519264,90.135084000,4.235401000,85.899683000,115.525439875,110.096959178
avx512,1800,0xAA,60,0.780352599,0.000915536,89.768631000,4.214101000,85.554530000,115.035986407,109.635734003
avx512,1800,0xAA,61,0.780271424,0.000686641,90.274061000,4.222340000,86.051721000,115.695715905,110.284342542
avx512,1800,0xAA,62,0.780239638,0.000651563,89.582229000,4.231190000,85.351039000,114.813737541,109.390801055
avx512,1800,0xAA,63,0.780236141,0.000603816,89.721938000,4.213856000,85.508082000,114.993311979,109.592567541
avx512,1800,0xAA,64,0.780212814,0.000544495,90.122755000,4.182301000,85.940454000,115.510477815,110.150015999
avx512,1800,0xAA,65,0.780187468,0.000512509,89.728225000,4.120106000,85.608119000,115.008544278,109.727626336
avx512,1800,0xAA,66,0.780290304,0.000737369,89.539932000,4.154409000,85.385523000,114.752075721,109.427891913
avx512,1800,0xAA,67,0.780246443,0.000729388,90.396619000,4.224965000,86.171654000,115.856496072,110.441585135
avx512,1800,0xAA,68,0.780227310,0.000531745,89.513626000,4.234731000,85.278895000,114.727624650,109.300064061
avx512,1800,0xAA,69,0.780196968,0.000434079,89.862685000,4.313160000,85.549525000,115.179485066,109.651188780
avx512,1800,0xAA,70,0.780236041,0.000483595,90.040907000,4.341176000,85.699731000,115.402137710,109.838211187
avx512,1800,0xAA,71,0.780195218,0.000437827,90.015272000,4.251209000,85.764063000,115.375318812,109.926414612
avx512,1800,0xAA,72,0.780181311,0.000468388,90.214552000,4.170033000,86.044519000,115.632803211,110.287849492
avx512,1800,0xAA,73,0.780162095,0.000489385,89.616409000,4.187062000,85.429347000,114.868960724,109.502047837
avx512,1800,0xAA,74,0.780191783,0.000520732,90.196302000,4.181814000,86.014488000,115.607859438,110.247877328
avx512,1800,0xAA,75,0.780141147,0.000422443,89.351395000,4.190480000,85.160915000,114.532344967,109.160906716
avx512,1800,0xAA,76,0.780226791,0.000598155,89.764906000,4.187306000,85.577600000,115.049761207,109.682980614
avx512,1800,0xAA,77,0.780321579,0.000745860,89.670486000,4.180836000,85.489650000,114.914784383,109.556947162
avx512,1800,0xAA,78,0.780302661,0.000746091,89.489578000,4.186452000,85.303126000,114.685727040,109.320562715
avx512,1800,0xAA,79,0.780258595,0.000680697,90.007765000,4.162465000,85.845300000,115.356326257,110.021601296
avx512,1800,0xAA,80,0.780238902,0.000724821,90.564893000,4.211354000,86.353539000,116.073285750,110.675767130
avx512,1800,0xAA,81,0.780274416,0.000676024,90.046522000,4.172108000,85.874414000,115.403658134,110.056682874
avx512,1800,0xAA,82,0.780249160,0.000655463,90.028029000,4.200123000,85.827906000,115.383692280,110.000638745
avx512,1800,0xAA,83,0.780265289,0.000672127,89.855544000,4.173391000,85.682153000,115.160247692,109.811565575
avx512,1800,0xAA,84,0.780215160,0.000633818,89.896804000,4.233510000,85.663294000,115.220529628,109.794449471
avx512,1800,0xAA,85,0.780191270,0.000576914,90.126661000,4.259206000,85.867455000,115.518674024,110.059492201
avx512,1800,0xAA,86,0.780234647,0.000621946,89.534072000,4.214711000,85.319361000,114.752750836,109.350900229
avx512,1800,0xAA,87,0.780278352,0.000682912,89.451736000,4.187428000,85.264308000,114.640801943,109.274219633
avx512,1800,0xAA,88,0.780175367,0.000517617,90.335279000,4.245106000,86.090173000,115.788427593,110.347207351
avx512,1800,0xAA,89,0.780240096,0.000715356,90.357374000,4.268056000,86.089318000,115.807139923,110.336957065
avx512,1800,0xAA,90,0.780280767,0.000781545,90.545422000,4.215748000,86.329674000,116.042104164,110.639243835
avx512,1800,0xAA,91,0.780326412,0.000810881,90.215895000,4.200368000,86.015527000,115.613022491,110.230187902
avx512,1800,0xAA,92,0.780323460,0.000815151,89.947950000,4.264272000,85.683678000,115.270082978,109.805333783
avx512,1800,0xAA,93,0.780348123,0.000915668,90.111158000,4.287525000,85.823633000,115.475587554,109.981212834
avx512,1800,0xAA,94,0.780414103,0.001045396,89.488296000,4.318776000,85.169520000,114.667707314,109.133752993
avx512,1800,0xAA,95,0.780338200,0.000860642,90.683117000,4.286671000,86.396446000,116.210018917,110.716668727
avx512,1800,0xAA,96,0.780298141,0.000781946,89.588332000,4.220509000,85.367823000,114.812950760,109.404109216
avx512,1800,0xAA,97,0.780266136,0.000707877,89.970351000,4.269276000,85.701075000,115.307260951,109.835697082
avx512,1800,0xAA,98,0.780303779,0.000854627,89.623672000,4.231739000,85.391933000,114.857411235,109.434216941
avx512,1800,0xAA,99,0.780335699,0.000800589,89.294632000,4.211171000,85.083461000,114.431048241,109.034433673
avx512,2000,0x00,0,0.702202525,0.000464147,84.736966000,3.813955000,80.923011000,120.673114851,115.241697473
avx512,2000,0x00,1,0.702191459,0.000525478,84.692593000,3.887014000,80.805579000,120.611824431,115.076277183
avx512,2000,0x00,2,0.702174012,0.000426257,84.671292000,3.871755000,80.799537000,120.584485539,115.070531827
avx512,2000,0x00,3,0.702168635,0.000454621,84.424772000,3.925222000,80.499550000,120.234325241,114.644183776
avx512,2000,0x00,4,0.702173686,0.000483848,84.498196000,3.889699000,80.608497000,120.338027071,114.798515866
avx512,2000,0x00,5,0.702177657,0.000506765,84.426053000,3.812307000,80.613746000,120.234604674,114.805341919
avx512,2000,0x00,6,0.702170618,0.000572964,84.646634000,3.848928000,80.797706000,120.549951603,115.068480431
avx512,2000,0x00,7,0.702259573,0.000621810,84.644132000,3.792837000,80.851295000,120.531118689,115.130214033
avx512,2000,0x00,8,0.702233844,0.000596768,84.606595000,3.773550000,80.833045000,120.482081210,115.108443877
avx512,2000,0x00,9,0.702284228,0.000732625,84.467069000,3.794058000,80.673011000,120.274762933,114.872309268
avx512,2000,0x00,10,0.702295386,0.000748873,84.641079000,3.823049000,80.818030000,120.520625261,115.076977078
avx512,2000,0x00,11,0.702272545,0.000664344,84.550809000,3.810904000,80.739905000,120.396005272,114.969473894
avx512,2000,0x00,12,0.702299105,0.000735844,84.673124000,3.776358000,80.896766000,120.565615620,115.188479340
avx512,2000,0x00,13,0.702196630,0.000546025,84.686245000,3.858205000,80.828040000,120.601896063,115.107416548
avx512,2000,0x00,14,0.702187264,0.000537727,84.631925000,3.857168000,80.774757000,120.526146372,115.033070385
avx512,2000,0x00,15,0.702194980,0.000580223,84.604703000,3.817617000,80.787086000,120.486055039,115.049364221
avx512,2000,0x00,16,0.702241670,0.000696008,84.744229000,3.877920000,80.866309000,120.676730890,115.154529393
avx512,2000,0x00,17,0.702176640,0.000588875,84.844388000,3.849111000,80.995277000,120.830547796,115.348863012
avx512,2000,0x00,18,0.702241872,0.000606001,84.786710000,3.826650000,80.960060000,120.737189524,115.287998651
avx512,2000,0x00,19,0.702180647,0.000521984,84.616361000,3.903127000,80.713234000,120.505116926,114.946537356
avx512,2000,0x00,20,0.702215832,0.000608290,84.812650000,3.901602000,80.911048000,120.778607040,115.222477679
avx512,2000,0x00,21,0.702210484,0.000593099,84.499600000,3.886342000,80.613258000,120.333720338,114.799280040
avx512,2000,0x00,22,0.702203420,0.000591395,84.767361000,3.916432000,80.850929000,120.716246304,115.138899500
avx512,2000,0x00,23,0.702174935,0.000591977,84.784634000,3.918813000,80.865821000,120.745742722,115.164778767
avx512,2000,0x00,24,0.702233266,0.000674924,84.686124000,3.897939000,80.788185000,120.595431877,115.044656674
avx512,2000,0x00,25,0.702244170,0.000676364,84.865261000,3.819753000,81.045508000,120.848651527,115.409299856
avx512,2000,0x00,26,0.702258271,0.000699240,84.706265000,3.782522000,80.923743000,120.619818152,115.233591811
avx512,2000,0x00,27,0.702218253,0.000598926,84.649563000,3.810415000,80.839148000,120.545945081,115.119690520
avx512,2000,0x00,28,0.702210624,0.000587049,84.879361000,3.854665000,81.024696000,120.874504104,115.385175310
avx512,2000,0x00,29,0.702199739,0.000588359,84.762112000,3.813345000,80.948767000,120.709403999,115.278833767
avx512,2000,0x00,30,0.702224618,0.000677641,84.704434000,3.790884000,80.913550000,120.622991275,115.224598935
avx512,2000,0x00,31,0.702261890,0.000607573,84.639615000,3.857534000,80.782081000,120.524288949,115.031275513
avx512,2000,0x00,32,0.702231872,0.000607458,84.870327000,3.878286000,80.992041000,120.857982095,115.335182355
avx512,2000,0x00,33,0.702157230,0.000502010,84.661893000,3.815969000,80.845924000,120.573981705,115.139345648
avx512,2000,0x00,34,0.702200651,0.000614819,84.781338000,3.830007000,80.951331000,120.736626937,115.282335494
avx512,2000,0x00,35,0.702240441,0.000688863,84.762662000,3.822867000,80.939795000,120.703190957,115.259376019
avx512,2000,0x00,36,0.702138054,0.000508033,84.479581000,3.810293000,80.669288000,120.317622045,114.890921443
avx512,2000,0x00,37,0.702186074,0.000579846,84.657986000,3.808279000,80.849707000,120.563464796,115.140003492
avx512,2000,0x00,38,0.702216126,0.000596317,84.758511000,3.835195000,80.923316000,120.701459139,115.239899855
avx512,2000,0x00,39,0.702209217,0.000728410,84.613126000,3.841176000,80.771950000,120.495607156,115.025476737
avx512,2000,0x00,40,0.702087367,0.000516063,84.767178000,3.893361000,80.873817000,120.735939667,115.190531528
avx512,2000,0x00,41,0.702171889,0.000573386,84.706082000,3.845937000,80.860145000,120.634396488,115.157194875
avx512,2000,0x00,42,0.702167095,0.000631081,84.662198000,3.813223000,80.848975000,120.572722093,115.142073139
avx512,2000,0x00,43,0.702115441,0.000561571,84.806546000,3.761710000,81.044836000,120.787182551,115.429502349
avx512,2000,0x00,44,0.702115594,0.000516422,84.467191000,3.839712000,80.627479000,120.303824235,114.835049529
avx512,2000,0x00,45,0.702147959,0.000612092,84.926845000,3.911245000,81.015600000,120.952918632,115.382518622
avx512,2000,0x00,46,0.702127344,0.000634912,84.736356000,3.855520000,80.880836000,120.685167278,115.193969661
avx512,2000,0x00,47,0.702078378,0.000535412,84.797634000,3.802236000,80.995398000,120.780865320,115.365179380
avx512,2000,0x00,48,0.702113297,0.000577837,84.916470000,3.735769000,81.180701000,120.944113129,115.623363590
avx512,2000,0x00,49,0.702110500,0.000590134,84.793606000,3.811452000,80.982154000,120.769602432,115.341038128
avx512,2000,0x00,50,0.702075284,0.000448864,84.812527000,3.803946000,81.008581000,120.802610430,115.384464987
avx512,2000,0x00,51,0.702088488,0.000380861,84.781461000,3.825429000,80.956032000,120.756090500,115.307448248
avx512,2000,0x00,52,0.702111069,0.000334181,84.676419000,3.811331000,80.865088000,120.602597912,115.174210345
avx512,2000,0x00,53,0.702118794,0.000237060,84.785122000,3.819448000,80.965674000,120.756092519,115.316203949
avx512,2000,0x00,54,0.702100518,0.000317024,84.716397000,3.851065000,80.865332000,120.661351005,115.176288819
avx512,2000,0x00,55,0.702094836,0.000391807,84.776760000,3.843557000,80.933203000,120.748302993,115.273890132
avx512,2000,0x00,56,0.702131571,0.000455120,84.724820000,3.816641000,80.908179000,120.668010860,115.232219109
avx512,2000,0x00,57,0.702083036,0.000521468,84.787502000,3.855153000,80.932349000,120.765632696,115.274611257
avx512,2000,0x00,58,0.702109127,0.000528788,84.878933000,3.782278000,81.096655000,120.891368278,115.504345297
avx512,2000,0x00,59,0.702122515,0.000570303,84.790677000,3.863637000,80.927040000,120.763364291,115.260568241
avx512,2000,0x00,60,0.702082302,0.000557103,84.745389000,3.834768000,80.910621000,120.705775894,115.243783775
avx512,2000,0x00,61,0.702107137,0.000502220,84.820949000,3.853384000,80.967565000,120.809125126,115.320811740
avx512,2000,0x00,62,0.702102739,0.000512703,84.860562000,3.795278000,81.065284000,120.866302372,115.460714576
avx512,2000,0x00,63,0.702135117,0.000573769,84.868313000,3.798147000,81.070166000,120.871767986,115.462343352
avx512,2000,0x00,64,0.702081824,0.000417246,84.658414000,3.848867000,80.809547000,120.581976453,115.099898913
avx512,2000,0x00,65,0.702137359,0.000604147,84.482511000,3.876333000,80.606178000,120.321914161,114.801152515
avx512,2000,0x00,66,0.702099244,0.000461286,84.386808000,3.858327000,80.528481000,120.192136286,114.696720882
avx512,2000,0x00,67,0.702059795,0.000359486,84.562039000,3.822622000,80.739417000,120.448485390,115.003618692
avx512,2000,0x00,68,0.702081976,0.000244810,84.700833000,3.835439000,80.865394000,120.642369298,115.179418913
avx512,2000,0x00,69,0.702104580,0.000260968,84.546537000,3.869375000,80.677162000,120.418723128,114.907613941
avx512,2000,0x00,70,0.702068092,0.000315399,84.707059000,3.799611000,80.907448000,120.653623073,115.241596746
avx512,2000,0x00,71,0.702167810,0.000491574,84.563443000,3.857229000,80.706214000,120.431956360,114.938641305
avx512,2000,0x00,72,0.702144821,0.000425008,84.413724000,3.827688000,80.586036000,120.222668417,114.771246025
avx512,2000,0x00,73,0.702067743,0.000200499,84.521757000,3.773366000,80.748391000,120.389745625,115.015099037
avx512,2000,0x00,74,0.702041315,0.000236209,84.686307000,3.795462000,80.890845000,120.628665608,115.222342760
avx512,2000,0x00,75,0.702047930,0.000246195,84.688076000,3.856985000,80.831091000,120.630048794,115.136143268
avx512,2000,0x00,76,0.702082646,0.000282482,84.698087000,3.838918000,80.859169000,120.638342960,115.170442531
avx512,2000,0x00,77,0.702062828,0.000099598,84.455106000,3.786550000,80.668556000,120.295652563,114.902189399
avx512,2000,0x00,78,0.702014345,0.000118054,84.500882000,3.776357000,80.724525000,120.369167112,114.989851109
avx512,2000,0x00,79,0.702043702,0.000144213,84.633023000,3.854300000,80.778723000,120.552357077,115.062243013
avx512,2000,0x00,80,0.702065163,0.000295068,84.609158000,3.858205000,80.750953000,120.514679409,115.019171007
avx512,2000,0x00,81,0.702007531,0.000059403,84.521695000,3.891531000,80.630164000,120.399983287,114.856551304
avx512,2000,0x00,82,0.702040866,0.000175216,84.651211000,3.949575000,80.701636000,120.578751403,114.952903687
avx512,2000,0x00,83,0.702016012,0.000115138,84.616361000,3.871450000,80.744911000,120.533377600,115.018617344
avx512,2000,0x00,84,0.701986398,0.000051410,84.373991000,3.882497000,80.491494000,120.193199199,114.662469530
avx512,2000,0x00,85,0.702022160,0.000168755,84.584317000,3.825064000,80.759253000,120.486676580,115.038039464
avx512,2000,0x00,86,0.702030569,0.000165015,84.635342000,3.898245000,80.737097000,120.557915496,115.005101740
avx512,2000,0x00,87,0.702007666,0.000157333,84.363188000,3.921377000,80.441811000,120.174169171,114.588223047
avx512,2000,0x00,88,0.702018363,0.000180224,84.522733000,3.843191000,80.679542000,120.399604091,114.925116241
avx512,2000,0x00,89,0.702002596,0.000103721,84.568448000,3.882375000,80.686073000,120.467429173,114.937000906
avx512,2000,0x00,90,0.702052401,0.000161614,84.363615000,3.879384000,80.484231000,120.167119784,114.641344225
avx512,2000,0x00,91,0.702077221,0.000187359,84.706448000,3.877065000,80.829383000,120.651184014,115.128906858
avx512,2000,0x00,92,0.702041124,0.000145188,84.492460000,3.865896000,80.626564000,120.352579164,114.845927395
avx512,2000,0x00,93,0.702030973,0.000140608,84.503202000,3.800100000,80.703102000,120.369620810,114.956611774
avx512,2000,0x00,94,0.702033976,0.000051078,84.308805000,3.805166000,80.503639000,120.092200513,114.671998457
avx512,2000,0x00,95,0.702014101,0.000106713,84.361418000,3.839163000,80.522255000,120.170546218,114.701762908
avx512,2000,0x00,96,0.702035190,0.000137340,84.638150000,3.836355000,80.801795000,120.561121687,115.096502458
avx512,2000,0x00,97,0.702031920,0.000094096,84.251798000,3.841970000,80.409828000,120.011349305,114.538706410
avx512,2000,0x00,98,0.702054323,0.000168183,84.631863000,3.797171000,80.834692000,120.548880963,115.140224003
avx512,2000,0x00,99,0.702049424,0.000149864,84.478665000,3.815969000,80.662696000,120.331506776,114.896036181
avx512,2000,0xAA,0,0.702195932,0.000677270,84.915188000,3.791494000,81.123694000,120.928054544,115.528572967
avx512,2000,0xAA,1,0.702166647,0.000591666,84.894191000,3.897756000,80.996435000,120.903194887,115.352153670
avx512,2000,0xAA,2,0.702194419,0.000664030,84.751125000,3.754873000,80.996252000,120.694671878,115.347330888
avx512,2000,0xAA,3,0.702135476,0.000636170,84.672635000,3.745535000,80.927100000,120.593016372,115.258525913
avx512,2000,0xAA,4,0.702079136,0.000338882,84.774930000,3.768057000,81.006873000,120.748396586,115.381399043
avx512,2000,0xAA,5,0.702055122,0.000235751,84.273344000,3.777029000,80.496315000,120.038073077,114.658112325
avx512,2000,0xAA,6,0.702053383,0.000358125,84.534146000,3.724234000,80.809912000,120.409855003,115.105081759
avx512,2000,0xAA,7,0.702048388,0.000205973,84.456937000,3.796254000,80.660683000,120.300734938,114.893338430
avx512,2000,0xAA,8,0.702054187,0.000254174,84.133574000,3.824148000,80.309426000,119.839145650,114.392061836
avx512,2000,0xAA,9,0.702011788,0.000151861,84.255094000,3.769277000,80.485817000,120.019486048,114.650235753
avx512,2000,0xAA,10,0.702046207,0.000287748,84.557583000,3.753164000,80.804419000,120.444469621,115.098434040
avx512,2000,0xAA,11,0.702046302,0.000225961,84.542935000,3.792837000,80.750098000,120.423588486,115.021043115
avx512,2000,0xAA,12,0.702092137,0.000255652,84.194975000,3.853994000,80.340981000,119.920122313,114.430822841
avx512,2000,0xAA,13,0.702038277,0.000181775,84.283720000,3.860281000,80.423439000,120.055733172,114.557057203
avx512,2000,0xAA,14,0.702097811,0.000424725,84.563382000,3.763846000,80.799536000,120.443876438,115.083019388
avx512,2000,0xAA,15,0.702071759,0.000346077,84.546963000,3.820913000,80.726050000,120.424959369,114.982619674
avx512,2000,0xAA,16,0.702017801,0.000151663,84.454374000,3.783804000,80.670570000,120.302325478,114.912427965
avx512,2000,0xAA,17,0.702017693,0.000181845,84.316861000,3.822378000,80.494483000,120.106461507,114.661615830
avx512,2000,0xAA,18,0.701997452,0.000114898,84.242582000,3.842458000,80.400124000,120.004113713,114.530506947
avx512,2000,0xAA,19,0.702029032,0.000150729,84.587247000,3.769522000,80.817725000,120.489670830,115.120203433
avx512,2000,0xAA,20,0.702023834,0.000219206,84.231535000,3.752860000,80.478675000,119.983867888,114.638094972
avx512,2000,0xAA,21,0.702000052,0.000110537,84.291105000,3.775198000,80.515907000,120.072790294,114.695015761
avx512,2000,0xAA,22,0.702026139,0.000148872,84.363858000,3.716483000,80.647375000,120.171961216,114.878023012
avx512,2000,0xAA,23,0.702018226,0.000102070,84.252775000,3.766409000,80.486366000,120.015081979,114.649966291
avx512,2000,0xAA,24,0.702042832,0.000254798,84.448881000,3.780019000,80.668862000,120.290211866,114.905897935
avx512,2000,0xAA,25,0.702016064,0.000136286,84.263090000,3.754690000,80.508400000,120.030145151,114.681706283
avx512,2000,0xAA,26,0.701989013,0.000032609,84.419767000,3.743703000,80.676064000,120.257960590,114.924966863
avx512,2000,0xAA,27,0.702001796,0.000101822,84.298613000,3.736563000,80.562050000,120.083187142,114.760461440
avx512,2000,0xAA,28,0.702029988,0.000130249,84.295927000,3.765920000,80.530007000,120.074538729,114.710209478
avx512,2000,0xAA,29,0.702043538,0.000231222,84.400480000,3.812673000,80.587807000,120.221147819,114.790326521
avx512,2000,0xAA,30,0.702010905,0.000048161,84.245817000,3.797597000,80.448220000,120.006422068,114.596823768
avx512,2000,0xAA,31,0.702051368,0.000168681,84.400175000,3.747854000,80.652321000,120.219372682,114.880939950
avx512,2000,0xAA,32,0.702034629,0.000112586,84.388090000,3.743277000,80.644813000,120.205024870,114.872984473
avx512,2000,0xAA,33,0.701988245,0.000039068,84.317960000,3.772451000,80.545509000,120.113065426,114.739113616
avx512,2000,0xAA,34,0.702066708,0.000144231,84.660611000,3.761343000,80.899268000,120.587702027,115.230172669
avx512,2000,0xAA,35,0.702076692,0.000160436,84.568143000,3.779348000,80.788795000,120.454280798,115.071182280
avx512,2000,0xAA,36,0.702045876,0.000039852,84.303556000,3.793203000,80.510353000,120.082688225,114.679618238
avx512,2000,0xAA,37,0.702073276,0.000156774,84.527067000,3.697256000,80.829811000,120.396360129,115.130163387
avx512,2000,0xAA,38,0.702067337,0.000107948,84.507841000,3.731558000,80.776283000,120.369993791,115.054893938
avx512,2000,0xAA,39,0.702078174,0.000140358,84.550198000,3.736013000,80.814185000,120.428466708,115.107103449
avx512,2000,0xAA,40,0.702085990,0.000071751,84.450102000,3.739065000,80.711037000,120.284556597,114.958905532
avx512,2000,0xAA,41,0.702120887,0.000239363,84.480863000,3.786734000,80.694129000,120.322389750,114.929110514
avx512,2000,0xAA,42,0.702099306,0.000206141,84.527860000,3.789358000,80.738502000,120.393025930,114.995843558
avx512,2000,0xAA,43,0.702032851,0.000039081,84.514921000,3.853384000,80.661537000,120.385991768,114.897097630
avx512,2000,0xAA,44,0.702028009,0.000105605,84.471524000,3.817374000,80.654150000,120.325005456,114.887367709
avx512,2000,0xAA,45,0.702061903,0.000139070,84.578153000,3.798208000,80.779945000,120.471076107,115.061000469
avx512,2000,0xAA,46,0.702040770,0.000042393,84.439969000,3.841543000,80.598426000,120.277870677,114.805905000
avx512,2000,0xAA,47,0.702049115,0.000232619,84.494535000,3.809621000,80.684914000,120.354164983,114.927734098
avx512,2000,0xAA,48,0.702048812,0.000138196,84.052336000,3.889699000,80.162637000,119.724347673,114.183851149
avx512,2000,0xAA,49,0.702040350,0.000108929,84.378507000,3.924123000,80.454384000,120.190394966,114.600797448
avx512,2000,0xAA,50,0.702033587,0.000033817,84.299467000,3.844656000,80.454811000,120.078965613,114.602509687
avx512,2000,0xAA,51,0.702054243,0.000142814,84.187040000,3.867788000,80.319252000,119.915292697,114.406048874
avx512,2000,0xAA,52,0.702110370,0.000253516,84.446683000,3.845205000,80.601478000,120.275510184,114.798871236
avx512,2000,0xAA,53,0.702004327,0.000035882,84.318937000,3.891164000,80.427773000,120.111705547,114.568771050
avx512,2000,0xAA,54,0.702028368,0.000135770,84.529325000,3.867605000,80.661720000,120.407278112,114.898091911
avx512,2000,0xAA,55,0.702019562,0.000099836,84.371000000,3.739859000,80.631141000,120.183260709,114.855974684
avx512,2000,0xAA,56,0.702039846,0.000131268,84.293546000,3.724905000,80.568641000,120.069461184,114.763629865
avx512,2000,0xAA,57,0.701987104,0.000045329,84.393278000,3.743277000,80.650001000,120.220553311,114.888151930
avx512,2000,0xAA,58,0.702036359,0.000216922,84.676907000,3.768423000,80.908484000,120.616127568,115.248281653
avx512,2000,0xAA,59,0.702044014,0.000195946,84.461637000,3.778372000,80.683265000,120.308179103,114.926220246
avx512,2000,0xAA,60,0.701974258,0.000065936,84.566312000,3.752920000,80.813392000,120.469249452,115.123013522
avx512,2000,0xAA,61,0.702035355,0.000109498,84.342374000,3.772939000,80.569435000,120.139781346,114.765495030
avx512,2000,0xAA,62,0.702067451,0.000376813,84.662503000,3.815786000,80.846717000,120.590269404,115.155199032
avx512,2000,0xAA,63,0.702048545,0.000288552,84.472745000,3.796255000,80.676490000,120.323224887,114.915828168
avx512,2000,0xAA,64,0.702082477,0.000366261,84.637296000,3.750601000,80.886695000,120.551785251,115.209676421
avx512,2000,0xAA,65,0.702034067,0.000146843,84.481839000,3.744985000,80.736854000,120.338660214,115.004182618
avx512,2000,0xAA,66,0.702963976,0.004780603,86.655723000,3.898793000,82.756930000,123.271925716,117.725705520
avx512,2000,0xAA,67,0.701998129,0.000057022,84.399015000,3.776480000,80.622535000,120.226837607,114.847222126
avx512,2000,0xAA,68,0.702009162,0.000129188,84.545376000,3.762686000,80.782690000,120.433436699,115.073555088
avx512,2000,0xAA,69,0.702029586,0.000134788,84.565274000,3.812185000,80.753089000,120.458276606,115.028042498
avx512,2000,0xAA,70,0.702017400,0.000092593,84.403349000,3.784414000,80.618935000,120.229710800,114.838941285
avx512,2000,0xAA,71,0.702041958,0.000143986,84.372769000,3.800283000,80.572486000,120.181946508,114.768761500
avx512,2000,0xAA,72,0.702020748,0.000100357,84.320341000,3.702017000,80.618324000,120.110895980,114.837523345
avx512,2000,0xAA,73,0.702049454,0.000238337,84.704923000,3.713491000,80.991432000,120.653783786,115.364283196
avx512,2000,0xAA,74,0.701983593,0.000033777,84.322049000,3.715140000,80.606909000,120.119686391,114.827340475
avx512,2000,0xAA,75,0.702015930,0.000122543,84.478909000,3.718435000,80.760474000,120.337595424,115.040799668
avx512,2000,0xAA,76,0.702010745,0.000129998,84.205046000,3.730826000,80.474220000,119.948372082,114.633886473
avx512,2000,0xAA,77,0.702007962,0.000093172,84.328336000,3.785025000,80.543311000,120.124472253,114.732759904
avx512,2000,0xAA,78,0.702023658,0.000135458,84.363004000,3.750418000,80.612586000,120.171169514,114.828873770
avx512,2000,0xAA,79,0.702065549,0.000325469,84.452848000,3.735159000,80.717689000,120.291970121,114.971727577
avx512,2000,0xAA,80,0.702065002,0.000379377,84.712369000,3.746634000,80.965735000,120.661717674,115.325126344
avx512,2000,0xAA,81,0.702068633,0.000344554,84.708584000,3.800161000,80.908423000,120.655702314,115.242896755
avx512,2000,0xAA,82,0.702027491,0.000236919,84.496121000,3.772268000,80.723853000,120.360131310,114.986740598
avx512,2000,0xAA,83,0.702017683,0.000157845,84.607632000,3.845082000,80.762550000,120.520656488,115.043469668
avx512,2000,0xAA,84,0.702017933,0.000292638,84.410855000,3.837331000,80.573524000,120.240311521,114.774167684
avx512,2000,0xAA,85,0.702000729,0.000147723,84.440091000,3.805044000,80.635047000,120.284905058,114.864620086
avx512,2000,0xAA,86,0.702040779,0.000178999,84.382352000,3.768057000,80.614295000,120.195798441,114.828507663
avx512,2000,0xAA,87,0.701975590,0.000114254,84.446867000,3.747122000,80.699745000,120.298865366,114.960899127
avx512,2000,0xAA,88,0.702030715,0.000144111,84.458097000,3.793874000,80.664223000,120.305415782,114.901273312
avx512,2000,0xAA,89,0.702030421,0.000102971,84.308622000,3.844106000,80.464516000,120.092548035,114.616850846
avx512,2000,0xAA,90,0.701997037,0.000047693,84.379484000,3.753653000,80.625831000,120.199202469,114.852095855
avx512,2000,0xAA,91,0.702055250,0.000263754,84.539700000,3.848684000,80.691016000,120.417445747,114.935421364
avx512,2000,0xAA,92,0.702065062,0.000246176,84.303251000,3.809560000,80.493691000,120.078972184,114.652751441
avx512,2000,0xAA,93,0.702019352,0.000132813,84.524014000,3.788381000,80.735633000,120.401259270,115.004853901
avx512,2000,0xAA,94,0.701993618,0.000047963,84.380949000,3.797659000,80.583290000,120.201874863,114.792055025
avx512,2000,0xAA,95,0.701998112,0.000101741,84.545438000,3.792593000,80.752845000,120.435420833,115.032852170
avx512,2000,0xAA,96,0.702027588,0.000138661,84.429837000,3.772695000,80.657142000,120.265696762,114.891698553
avx512,2000,0xAA,97,0.702009847,0.000080988,84.355558000,3.781973000,80.573585000,120.162927015,114.775576657
avx512,2000,0xAA,98,0.702027595,0.000243796,84.528836000,3.743765000,80.785071000,120.406714132,115.073925187
avx512,2000,0xAA,99,0.702028499,0.000132772,84.410734000,3.795278000,80.615456000,120.238329502,114.832170059
avx512,2100,0x00,0,0.668776479,0.000596247,80.960608000,3.566153000,77.394455000,121.057798069,115.725443972
avx512,2100,0x00,1,0.668993909,0.000925679,81.160070000,3.619132000,77.540938000,121.316605291,115.906792210
avx512,2100,0x00,2,0.668934951,0.000775266,81.041968000,3.586050000,77.455918000,121.150745558,115.789910402
avx512,2100,0x00,3,0.668864884,0.000818778,80.781653000,3.562308000,77.219345000,120.774247356,115.448346591
avx512,2100,0x00,4,0.668870653,0.000760229,80.999671000,3.551077000,77.448594000,121.099155124,115.790091282
avx512,2100,0x00,5,0.668853374,0.000703314,80.791358000,3.491202000,77.300156000,120.790835749,115.571153622
avx512,2100,0x00,6,0.668832331,0.000775905,80.898291000,3.564444000,77.333847000,120.954516106,115.625162496
avx512,2100,0x00,7,0.668817835,0.000662338,81.295447000,3.595328000,77.700119000,121.550955676,116.175309554
avx512,2100,0x00,8,0.668857805,0.000697449,81.139684000,3.586722000,77.552962000,121.310812874,115.948354704
avx512,2100,0x00,9,0.668862064,0.000778553,81.213233000,3.637930000,77.575303000,121.420001687,115.981017787
avx512,2100,0x00,10,0.668889778,0.000803888,81.173193000,3.553031000,77.620162000,121.355110604,116.043277300
avx512,2100,0x00,11,0.670404655,0.000819551,81.117285000,3.576590000,77.540695000,120.997496596,115.662524692
avx512,2100,0x00,12,0.668811387,0.000745998,81.139319000,3.589468000,77.549851000,121.318686545,115.951750410
avx512,2100,0x00,13,0.668989463,0.000921149,80.919348000,3.559989000,77.359359000,120.957582218,115.636139661
avx512,2100,0x00,14,0.668942162,0.000794125,81.129736000,3.606192000,77.523544000,121.280643653,115.889756064
avx512,2100,0x00,15,0.668868134,0.000776972,80.863379000,3.623770000,77.239609000,120.895846058,115.478081608
avx512,2100,0x00,16,0.668856850,0.000650673,81.282750000,3.614127000,77.668623000,121.524882355,116.121443637
avx512,2100,0x00,17,0.668931116,0.000775535,81.287390000,3.585501000,77.701889000,121.518326859,116.158281685
avx512,2100,0x00,18,0.668840122,0.000733220,80.867835000,3.591055000,77.276780000,120.907571781,115.538493454
avx512,2100,0x00,19,0.668993452,0.000949127,81.155127000,3.616018000,77.539109000,121.309299517,115.904137491
avx512,2100,0x00,20,0.668840632,0.000674473,81.004248000,3.552481000,77.451767000,121.111433912,115.800032615
avx512,2100,0x00,21,0.668828997,0.000701866,81.013281000,3.537589000,77.475692000,121.127046431,115.837818520
avx512,2100,0x00,22,0.668889776,0.000792641,81.016822000,3.642935000,77.373887000,121.121333977,115.675092864
avx512,2100,0x00,23,0.668925601,0.000787447,81.124304000,3.658011000,77.466293000,121.275525833,115.807038762
avx512,2100,0x00,24,0.668837334,0.000741659,80.804115000,3.605093000,77.199022000,120.812805903,115.422716538
avx512,2100,0x00,25,0.668974441,0.000942387,80.742164000,3.601614000,77.140550000,120.695439277,115.311655114
avx512,2100,0x00,26,0.668892926,0.000798968,80.895118000,3.642386000,77.252732000,120.938815277,115.493420567
avx512,2100,0x00,27,0.668816473,0.000748896,80.856971000,3.608694000,77.248277000,120.895603274,115.499961652
avx512,2100,0x00,28,0.668790052,0.000735636,80.965918000,3.615957000,77.349961000,121.063281007,115.656566315
avx512,2100,0x00,29,0.668854442,0.000746868,80.928931000,3.575980000,77.352951000,120.996327258,115.649902426
avx512,2100,0x00,30,0.668774242,0.000642590,80.868995000,3.631888000,77.237107000,120.921216691,115.490552988
avx512,2100,0x00,31,0.668886637,0.000815827,81.096106000,3.639212000,77.456894000,121.240433770,115.799733061
avx512,2100,0x00,32,0.668843317,0.000711311,80.900367000,3.596426000,77.303941000,120.955633321,115.578550365
avx512,2100,0x00,33,0.668749387,0.000508411,80.839270000,3.667959000,77.171311000,120.881262122,115.396458594
avx512,2100,0x00,34,0.668790601,0.000615905,81.026160000,3.583304000,77.442856000,121.153257616,115.795371316
avx512,2100,0x00,35,0.668897084,0.000755517,80.958167000,3.608573000,77.349594000,121.032321631,115.637511149
avx512,2100,0x00,36,0.668800844,0.000657503,80.859107000,3.654593000,77.204514000,120.901622241,115.437225728
avx512,2100,0x00,37,0.668877035,0.000856033,81.020422000,3.705374000,77.315048000,121.129023403,115.589329547
avx512,2100,0x00,38,0.668842202,0.000768877,80.978186000,3.683341000,77.294845000,121.072183818,115.565143458
avx512,2100,0x00,39,0.668806336,0.000756510,80.795386000,3.639883000,77.155503000,120.805353689,115.362996458
avx512,2100,0x00,40,0.668817778,0.000703915,80.849219000,3.613638000,77.235581000,120.883776878,115.480753631
avx512,2100,0x00,41,0.668822804,0.000618305,80.957129000,3.628897000,77.328232000,121.044211514,115.618414163
avx512,2100,0x00,42,0.668729283,0.000566644,80.816138000,3.613577000,77.202561000,120.850305247,115.446658225
avx512,2100,0x00,43,0.668907205,0.000923528,80.982276000,3.652701000,77.329575000,121.066532657,115.605833517
avx512,2100,0x00,44,0.668821964,0.000625953,80.673012000,3.661611000,77.011401000,120.619561387,115.144844356
avx512,2100,0x00,45,0.668758186,0.000559107,80.880713000,3.585867000,77.294846000,120.941641911,115.579663430
avx512,2100,0x00,46,0.668777238,0.000553399,80.862586000,3.574088000,77.288498000,120.911091838,115.566878850
avx512,2100,0x00,47,0.668850759,0.000712065,80.960730000,3.544059000,77.416671000,121.044536412,115.745807279
avx512,2100,0x00,48,0.668917994,0.000967697,81.092748000,3.656302000,77.436446000,121.229730357,115.763735968
avx512,2100,0x00,49,0.668801395,0.000641777,80.986182000,3.660574000,77.325608000,121.091526763,115.618191886
avx512,2100,0x00,50,0.668774401,0.000636693,81.026099000,3.569999000,77.456100000,121.156101182,115.817979695
avx512,2100,0x00,51,0.668786143,0.000592224,80.853614000,3.579093000,77.274521000,120.896066466,115.544440932
avx512,2100,0x00,52,0.668747847,0.000637116,81.009680000,3.611197000,77.398483000,121.136360039,115.736421909
avx512,2100,0x00,53,0.668812394,0.000699020,80.889869000,3.601431000,77.288438000,120.945529308,115.560714325
avx512,2100,0x00,54,0.668876923,0.000930815,81.068213000,3.586294000,77.481919000,121.200493173,115.838828158
avx512,2100,0x00,55,0.668733114,0.000652229,81.027320000,3.566153000,77.461167000,121.165407147,115.832707260
avx512,2100,0x00,56,0.668773360,0.000634387,80.885597000,3.554495000,77.331102000,120.946200674,115.631253620
avx512,2100,0x00,57,0.668759902,0.000666260,80.983679000,3.575675000,77.408004000,121.095297029,115.748572460
avx512,2100,0x00,58,0.668692239,0.000572199,80.583351000,3.569144000,77.014207000,120.508877380,115.171378612
avx512,2100,0x00,59,0.668721629,0.000510594,80.724586000,3.588126000,77.136460000,120.714782503,115.349132815
avx512,2100,0x00,60,0.668763611,0.000656776,80.882483000,3.600210000,77.282273000,120.943307503,115.559925478
avx512,2100,0x00,61,0.668755740,0.000651819,80.904090000,3.584097000,77.319993000,120.977040170,115.617688785
avx512,2100,0x00,62,0.668755253,0.000640884,80.951697000,3.695669000,77.256028000,121.048315681,115.522125072
avx512,2100,0x00,63,0.668795395,0.000662616,80.893714000,3.668570000,77.225144000,120.954352635,115.469012829
avx512,2100,0x00,64,0.668740952,0.000528232,80.971289000,3.688101000,77.283188000,121.080201191,115.565209191
avx512,2100,0x00,65,0.668800349,0.000617245,80.752235000,3.711783000,77.040452000,120.741915144,115.192003268
avx512,2100,0x00,66,0.668902532,0.000943990,81.104467000,3.633291000,77.471176000,121.250052298,115.818332689
avx512,2100,0x00,67,0.668786290,0.000616031,80.814735000,3.609732000,77.205003000,120.837906148,115.440468952
avx512,2100,0x00,68,0.668791674,0.000700331,80.812476000,3.679068000,77.133408000,120.833555635,115.332488351
avx512,2100,0x00,69,0.668797982,0.000621758,80.777198000,3.667044000,77.110154000,120.779667696,115.296630815
avx512,2100,0x00,70,0.668789664,0.000701443,80.701515000,3.708181000,76.993334000,120.668005809,115.123391108
avx512,2100,0x00,71,0.668803210,0.000609672,81.082190000,3.710745000,77.371445000,121.234749977,115.686413871
avx512,2100,0x00,72,0.668900719,0.000781071,80.997046000,3.641653000,77.355393000,121.089787539,115.645552102
avx512,2100,0x00,73,0.668809238,0.000653793,80.869361000,3.642935000,77.226426000,120.915436597,115.468539644
avx512,2100,0x00,74,0.668840721,0.000709671,80.984839000,3.680044000,77.304795000,121.082398994,115.580275863
avx512,2100,0x00,75,0.668894036,0.000767195,80.935095000,3.602591000,77.332504000,120.998380397,115.612488452
avx512,2100,0x00,76,0.668778858,0.000625634,80.939795000,3.587394000,77.352401000,121.026246700,115.662150692
avx512,2100,0x00,77,0.668845031,0.000669051,80.860511000,3.588552000,77.271959000,120.895734132,115.530437485
avx512,2100,0x00,78,0.668957768,0.000902629,80.988013000,3.648000000,77.340013000,121.065957895,115.612698850
avx512,2100,0x00,79,0.668762938,0.000618834,80.943030000,3.610159000,77.332871000,121.033964882,115.635700725
avx512,2100,0x00,80,0.668826783,0.000697460,81.019751000,3.791921000,77.227830000,121.137121025,115.467609734
avx512,2100,0x00,81,0.668855999,0.000738312,81.027991000,3.681753000,77.346238000,121.144149282,115.639596725
avx512,2100,0x00,82,0.668843853,0.000801139,80.731238000,3.651114000,77.080124000,120.702668725,115.243825103
avx512,2100,0x00,83,0.668924324,0.000856983,81.154150000,3.713003000,77.441147000,121.320375164,115.769668059
avx512,2100,0x00,84,0.668919919,0.000896568,80.911536000,3.625113000,77.286423000,120.958479031,115.539126285
avx512,2100,0x00,85,0.668772047,0.000618081,80.958533000,3.617788000,77.340745000,121.055497762,115.645899652
avx512,2100,0x00,86,0.668767740,0.000635905,81.004614000,3.663931000,77.340683000,121.125181614,115.646551622
avx512,2100,0x00,87,0.668817839,0.000727597,80.866431000,3.700063000,77.166368000,120.909500728,115.377257441
avx512,2100,0x00,88,0.668776402,0.000690239,80.807472000,3.678030000,77.129442000,120.828832714,115.329191893
avx512,2100,0x00,89,0.668802204,0.000738318,80.990333000,3.605459000,77.384874000,121.097586938,115.706667201
avx512,2100,0x00,90,0.668976705,0.000958017,81.008032000,3.616202000,77.391830000,121.092455724,115.686883341
avx512,2100,0x00,91,0.668896070,0.000799929,80.939978000,3.606802000,77.333176000,121.005312536,115.613141522
avx512,2100,0x00,92,0.668903567,0.000861165,80.843909000,3.646476000,77.197433000,120.860334690,115.408912124
avx512,2100,0x00,93,0.668903401,0.000882122,81.024206000,3.648123000,77.376083000,121.129905806,115.676019651
avx512,2100,0x00,94,0.668822724,0.000799964,80.859717000,3.682852000,77.176865000,120.898579085,115.392109482
avx512,2100,0x00,95,0.668933859,0.000921031,81.243506000,3.698721000,77.544785000,121.452225583,115.922947991
avx512,2100,0x00,96,0.669048930,0.001078171,80.963965000,3.674307000,77.289658000,121.013518405,115.521682404
avx512,2100,0x00,97,0.668882433,0.000821238,81.009863000,3.640677000,77.369186000,121.112259831,115.669334705
avx512,2100,0x00,98,0.668854429,0.000768981,81.001685000,3.669119000,77.332566000,121.105103698,115.619427233
avx512,2100,0x00,99,0.668869831,0.000763383,80.960974000,3.699820000,77.261154000,121.041449609,115.509999652
avx512,2100,0xAA,0,0.669022067,0.001067812,81.226415000,3.672476000,77.553939000,121.410666368,115.921346689
avx512,2100,0xAA,1,0.668858570,0.000688689,81.104773000,3.733389000,77.371384000,121.258479216,115.676747639
avx512,2100,0xAA,2,0.668770468,0.000492440,80.918311000,3.743154000,77.175157000,120.995640245,115.398571928
avx512,2100,0xAA,3,0.668821508,0.000688571,81.003760000,3.626334000,77.377426000,121.114167221,115.692191470
avx512,2100,0xAA,4,0.668805992,0.000648909,80.900366000,3.630667000,77.269699000,120.962382219,115.533801965
avx512,2100,0xAA,5,0.668747183,0.000610474,80.927833000,3.599845000,77.327988000,121.014091795,115.631123327
avx512,2100,0xAA,6,0.668935557,0.000984606,81.162146000,3.663809000,77.498337000,121.330291241,115.853218062
avx512,2100,0xAA,7,0.668834803,0.000657784,81.012671000,3.700308000,77.312363000,121.125082928,115.592613651
avx512,2100,0xAA,8,0.668743100,0.000469976,81.211035000,3.743521000,77.467514000,121.438314582,115.840468417
avx512,2100,0xAA,9,0.668780239,0.000539958,81.035803000,3.790518000,77.245285000,121.169553621,115.501745602
avx512,2100,0xAA,10,0.668816339,0.000602292,81.050574000,3.682730000,77.367844000,121.185098697,115.678758933
avx512,2100,0xAA,11,0.668808712,0.000660118,80.950049000,3.649771000,77.300278000,121.036176055,115.579053660
avx512,2100,0xAA,12,0.668841424,0.000694310,80.871924000,3.663138000,77.208786000,120.913449856,115.436609057
avx512,2100,0xAA,13,0.668786490,0.000595360,80.921057000,3.659354000,77.261703000,120.996847595,115.525214937
avx512,2100,0xAA,14,0.668822775,0.000730308,80.929725000,3.653005000,77.276720000,121.003243277,115.541400268
avx512,2100,0xAA,15,0.668798142,0.000645046,81.093787000,3.711172000,77.382615000,121.253008862,115.703992248
avx512,2100,0xAA,16,0.668823224,0.000663743,80.857887000,3.700430000,77.157457000,120.895752574,115.363005104
avx512,2100,0xAA,17,0.668800738,0.000638134,80.942420000,3.684805000,77.257615000,121.026212087,115.516641315
avx512,2100,0xAA,18,0.668873791,0.000741897,80.932227000,3.698599000,77.233628000,120.997754866,115.468163111
avx512,2100,0xAA,19,0.668820659,0.000679572,80.796058000,3.700491000,77.095567000,120.803771333,115.270911443
avx512,2100,0xAA,20,0.668730864,0.000574803,80.871375000,3.774282000,77.097093000,120.932619302,115.288671635
avx512,2100,0xAA,21,0.668768435,0.000574648,80.856666000,3.731985000,77.124681000,120.903831247,115.323446760
avx512,2100,0xAA,22,0.668796018,0.000639117,80.857032000,3.755911000,77.101121000,120.899392155,115.283463080
avx512,2100,0xAA,23,0.668824090,0.000681569,80.878943000,3.780386000,77.098557000,120.927078111,115.274790678
avx512,2100,0xAA,24,0.668878833,0.000728219,80.827307000,3.723563000,77.103744000,120.839983215,115.273110989
avx512,2100,0xAA,25,0.668829519,0.000724118,80.890662000,3.683035000,77.207627000,120.943618271,115.436930996
avx512,2100,0xAA,26,0.668749122,0.000581433,80.773903000,3.648368000,77.125535000,120.783565009,115.328054292
avx512,2100,0xAA,27,0.668762849,0.000517536,80.817237000,3.651907000,77.165330000,120.845882915,115.385192323
avx512,2100,0xAA,28,0.668928810,0.000834553,80.602088000,3.576651000,77.025437000,120.494269026,115.147435482
avx512,2100,0xAA,29,0.668809257,0.000740074,80.840736000,3.592214000,77.248522000,120.872633236,115.501574203
avx512,2100,0xAA,30,0.668927157,0.000922281,80.922400000,3.576590000,77.345810000,120.973411102,115.626655539
avx512,2100,0xAA,31,0.668859949,0.000684092,80.822852000,3.677969000,77.144883000,120.836734433,115.337871768
avx512,2100,0xAA,32,0.668816605,0.000756986,80.863685000,3.609915000,77.253770000,120.905618046,115.508151876
avx512,2100,0xAA,33,0.668800547,0.000612325,80.810950000,3.662894000,77.148056000,120.829670958,115.352860243
avx512,2100,0xAA,34,0.668855645,0.000723517,80.799781000,3.660696000,77.139085000,120.803018798,115.329945453
avx512,2100,0xAA,35,0.668777421,0.000695807,80.841224000,3.699819000,77.141405000,120.879116879,115.346904089
avx512,2100,0xAA,36,0.668811320,0.000759557,80.842323000,3.738882000,77.103441000,120.874633229,115.284294237
avx512,2100,0xAA,37,0.668823287,0.000765679,80.952246000,3.680838000,77.271408000,121.036823263,115.533369554
avx512,2100,0xAA,38,0.668807207,0.000719868,80.886878000,3.681692000,77.205186000,120.941995140,115.437132213
avx512,2100,0xAA,39,0.668759013,0.000561064,80.846900000,3.659415000,77.187485000,120.890931506,115.418982821
avx512,2100,0xAA,40,0.668838763,0.000633966,80.865760000,3.603323000,77.262437000,120.904714936,115.517283467
avx512,2100,0xAA,41,0.668813695,0.000651984,81.022864000,3.645071000,77.377793000,121.144146051,115.694091686
avx512,2100,0xAA,42,0.668897113,0.000907122,81.269689000,3.581961000,77.687728000,121.498041190,116.143015836
avx512,2100,0xAA,43,0.668797219,0.000660725,80.721412000,3.596305000,77.125107000,120.696393072,115.319120412
avx512,2100,0xAA,44,0.668727862,0.000511557,80.791602000,3.632437000,77.159165000,120.813871460,115.382010153
avx512,2100,0xAA,45,0.668748478,0.000614537,80.715186000,3.598746000,77.116440000,120.695879859,115.314565185
avx512,2100,0xAA,46,0.668829452,0.000696720,81.097266000,3.634207000,77.463059000,121.252534164,115.818851499
avx512,2100,0xAA,47,0.668755964,0.000624880,80.785987000,3.571707000,77.214280000,120.800398581,115.459575930
avx512,2100,0xAA,48,0.668929927,0.000957466,81.182288000,3.597403000,77.584885000,121.361423277,115.983575978
avx512,2100,0xAA,49,0.668778498,0.000608887,80.811439000,3.584586000,77.226853000,120.834385750,115.474485557
avx512,2100,0xAA,50,0.668749884,0.000628876,80.595741000,3.550101000,77.045640000,120.517016812,115.208453647
avx512,2100,0xAA,51,0.668812735,0.000653290,81.044165000,3.582206000,77.461959000,121.176168920,115.820101653
avx512,2100,0xAA,52,0.668776610,0.000622742,80.938208000,3.640371000,77.297837000,121.024280439,115.580951613
avx512,2100,0xAA,53,0.668751736,0.000663746,80.981482000,3.615286000,77.366196000,121.093490560,115.687469451
avx512,2100,0xAA,54,0.668902098,0.000981831,80.964514000,3.599600000,77.364914000,121.040902981,115.659547461
avx512,2100,0xAA,55,0.668802332,0.000668331,80.882850000,3.590445000,77.292405000,120.936853978,115.568384362
avx512,2100,0xAA,56,0.668728945,0.000631766,80.920081000,3.543876000,77.376205000,121.005800053,115.706379374
avx512,2100,0xAA,57,0.668773055,0.000658492,80.723731000,3.551688000,77.172043000,120.704221483,115.393469246
avx512,2100,0xAA,58,0.668833840,0.000799633,81.236365000,3.597220000,77.639145000,121.459711207,116.081364917
avx512,2100,0xAA,59,0.668727073,0.000613410,80.891455000,3.605337000,77.286118000,120.963332070,115.571989106
avx512,2100,0xAA,60,0.668784293,0.000665489,80.907935000,3.591543000,77.316392000,120.977624460,115.607368251
avx512,2100,0xAA,61,0.668774803,0.000599970,80.915809000,3.583792000,77.332017000,120.991114768,115.632372212
avx512,2100,0xAA,62,0.668779846,0.000661060,80.755775000,3.629629000,77.126146000,120.750910086,115.323669681
avx512,2100,0xAA,63,0.668806742,0.000624101,80.806312000,3.572257000,77.234055000,120.821617021,115.480377501
avx512,2100,0xAA,64,0.668890612,0.000840740,80.798683000,3.658316000,77.140367000,120.795062039,115.325832941
avx512,2100,0xAA,65,0.668971717,0.001065199,81.145971000,3.627798000,77.518173000,121.299554121,115.876607369
avx512,2100,0xAA,66,0.668800988,0.000626325,80.761817000,3.633963000,77.127854000,120.756126869,115.322577781
avx512,2100,0xAA,67,0.668840280,0.000707187,80.831458000,3.597098000,77.234360000,120.853155028,115.475042929
avx512,2100,0xAA,68,0.668789352,0.000626107,80.816627000,3.602591000,77.214036000,120.840181945,115.453446961
avx512,2100,0xAA,69,0.668735609,0.000535789,80.723732000,3.635122000,77.088610000,120.710981993,115.275168566
avx512,2100,0xAA,70,0.668796563,0.000599311,81.202734000,3.748953000,77.453781000,121.416195137,115.810674404
avx512,2100,0xAA,71,0.668849101,0.000655629,80.794227000,3.678762000,77.115465000,120.795896915,115.295759444
avx512,2100,0xAA,72,0.668733688,0.000573035,80.811317000,3.638235000,77.173082000,120.842300011,115.401815909
avx512,2100,0xAA,73,0.668824183,0.000695948,80.826209000,3.631400000,77.194809000,120.848215424,115.418686873
avx512,2100,0xAA,74,0.668757418,0.000558908,80.860633000,3.566397000,77.294236000,120.911754874,115.578883935
avx512,2100,0xAA,75,0.668764034,0.000597590,80.822547000,3.573233000,77.249314000,120.853608864,115.510568841
avx512,2100,0xAA,76,0.668831082,0.000699269,80.815100000,3.673330000,77.141770000,120.830359292,115.338195282
avx512,2100,0xAA,77,0.668898879,0.001023794,81.210547000,3.676931000,77.533616000,121.409303399,115.912312579
avx512,2100,0xAA,78,0.668769756,0.000669186,80.706763000,3.615957000,77.090806000,120.679445097,115.272566317
avx512,2100,0xAA,79,0.668765530,0.000642073,80.846168000,3.578544000,77.267624000,120.888658827,115.537689258
avx512,2100,0xAA,80,0.668799556,0.000710948,80.966712000,3.582144000,77.384568000,121.062747867,115.706667755
avx512,2100,0xAA,81,0.668778140,0.000692364,80.827308000,3.549735000,77.277573000,120.858178697,115.550387090
avx512,2100,0xAA,82,0.668847978,0.000790426,81.230749000,3.596060000,77.634689000,121.448747175,116.072248901
avx512,2100,0xAA,83,0.668751412,0.000548015,80.839881000,3.537345000,77.302536000,120.881809894,115.592333208
avx512,2100,0xAA,84,0.668720862,0.000588928,80.955176000,3.577384000,77.377792000,121.059743492,115.710151152
avx512,2100,0xAA,85,0.668765169,0.000627275,80.747657000,3.604238000,77.143419000,120.741421243,115.352028723
avx512,2100,0xAA,86,0.668721746,0.000513558,80.652565000,3.568289000,77.084276000,120.607061822,115.271077132
avx512,2100,0xAA,87,0.668708294,0.000562667,80.982153000,3.567618000,77.414535000,121.102360627,115.767272022
avx512,2100,0xAA,88,0.668799055,0.000588851,80.949072000,3.555777000,77.393295000,121.036462810,115.719803089
avx512,2100,0xAA,89,0.668845422,0.000851642,81.010107000,3.532645000,77.477462000,121.119326348,115.837620170
avx512,2100,0xAA,90,0.668773331,0.000533962,80.685157000,3.522879000,77.162278000,120.646493037,115.378820362
avx512,2100,0xAA,91,0.668767253,0.000420069,80.962256000,3.546744000,77.415512000,121.061932491,115.758526880
avx512,2100,0xAA,92,0.668761892,0.000508798,80.746986000,3.668082000,77.078904000,120.741009651,115.256124752
avx512,2100,0xAA,93,0.668703467,0.000405073,80.735939000,3.634512000,77.101427000,120.735038672,115.299876187
avx512,2100,0xAA,94,0.668726219,0.000424209,81.314428000,3.677664000,77.636764000,121.595992082,116.096485861
avx512,2100,0xAA,95,0.668735897,0.000469794,80.775184000,3.643789000,77.131395000,120.787869077,115.339097723
avx512,2100,0xAA,96,0.668712219,0.000501435,81.001746000,3.648062000,77.353684000,121.130949391,115.675595212
avx512,2100,0xAA,97,0.668728194,0.000525381,80.743445000,3.614248000,77.129197000,120.741798774,115.337139551
avx512,2100,0xAA,98,0.668781303,0.000582476,80.982581000,3.580374000,77.402207000,121.089780188,115.736200501
avx512,2100,0xAA,99,0.668754903,0.000512994,80.777503000,3.563284000,77.214219000,120.787903907,115.459667834
