kernel,freq_mhz,operand,trial,mean_time_s,std_time_s,pkg_J,dram_J,cores_J,pkg_W,cores_W
imulq,800,0x00,0,3.513676530,0.002256722,339.871200000,18.812757000,321.058443000,96.728084426,91.373932772
imulq,800,0x00,1,3.513620569,0.002137056,340.374129000,18.813185000,321.560944000,96.872761964,91.518403225
imulq,800,0x00,2,3.513602517,0.002182903,340.567731000,18.730787000,321.836944000,96.928360393,91.597425288
imulq,800,0x00,3,3.513526547,0.002343119,340.503767000,18.719373000,321.784394000,96.912251106,91.584449323
imulq,800,0x00,4,3.513611768,0.002149950,340.591597000,18.805432000,321.786165000,96.934897610,91.582732021
imulq,800,0x00,5,3.513640352,0.002015233,340.442365000,18.933851000,321.508514000,96.891636845,91.502966092
imulq,800,0x00,6,3.514143760,0.002255034,340.914899000,19.035962000,321.878937000,97.012223247,91.595267284
imulq,800,0x00,7,3.513686469,0.001875034,340.593123000,18.929029000,321.664094000,96.933271081,91.546043402
imulq,800,0x00,8,3.513694843,0.002273604,340.877423000,18.824781000,322.052642000,97.013952038,91.656406252
imulq,800,0x00,9,3.513306840,0.001883407,340.814436000,19.046765000,321.767671000,97.006737956,91.585416714
imulq,800,0x00,10,3.514133113,0.002782282,341.031536000,19.086377000,321.945159000,97.045708020,91.614389289
imulq,800,0x00,11,3.513816510,0.002298543,341.006696000,18.969250000,322.037446000,97.047382814,91.648907980
imulq,800,0x00,12,3.513386272,0.001975226,341.043438000,19.068799000,321.974639000,97.069724637,91.642254520
imulq,800,0x00,13,3.513562389,0.002025689,340.964581000,19.226819000,321.737762000,97.042415420,91.570243058
imulq,800,0x00,14,3.513767189,0.002200556,341.014508000,19.020276000,321.994232000,97.050968293,91.637895947
imulq,800,0x00,15,3.513680920,0.002228293,341.070538000,18.983044000,322.087494000,97.069297341,91.666688388
imulq,800,0x00,16,3.513885108,0.002478786,341.061505000,19.046216000,322.015289000,97.061086108,91.640813271
imulq,800,0x00,17,3.513618430,0.002252277,341.132000000,19.413769000,321.718231000,97.088516235,91.563223895
imulq,800,0x00,18,3.513656709,0.002091309,341.020978000,19.421581000,321.599397000,97.055861246,91.528405774
imulq,800,0x00,19,3.513399396,0.002087284,341.038861000,19.382763000,321.656098000,97.068059313,91.551247584
imulq,800,0x00,20,3.514102119,0.002546284,341.321270000,19.220593000,322.100677000,97.129012875,91.659452701
imulq,800,0x00,21,3.513670651,0.002300204,341.207500000,19.241101000,321.966399000,97.108560800,91.632492348
imulq,800,0x00,22,3.513611216,0.002443181,341.176739000,18.888196000,322.288543000,97.101448628,91.725726945
imulq,800,0x00,23,3.513618525,0.002576393,341.327190000,18.890027000,322.437163000,97.144066029,91.767834413
imulq,800,0x00,24,3.513405283,0.001730074,340.951886000,19.011060000,321.940826000,97.043141479,91.632134645
imulq,800,0x00,25,3.513269806,0.002055072,341.282940000,18.717786000,322.565154000,97.141113213,91.813373804
imulq,800,0x00,26,3.513691604,0.001989817,341.102825000,18.621534000,322.481291000,97.078191095,91.778484662
imulq,800,0x00,27,3.514160521,0.002737000,341.372967000,18.984875000,322.388092000,97.142109750,91.739717091
imulq,800,0x00,28,3.513679153,0.002699055,341.663676000,18.725660000,322.938016000,97.238154401,91.908794723
imulq,800,0x00,29,3.513473774,0.002037173,341.356670000,18.718091000,322.638579000,97.156458813,91.828941887
imulq,800,0x00,30,3.514063280,0.002513321,341.627604000,18.675673000,322.951931000,97.217260132,91.902707856
imulq,800,0x00,31,3.514831659,0.003789799,341.764872000,19.006238000,322.758634000,97.235061350,91.827622290
imulq,800,0x00,32,3.513333015,0.002119299,341.660136000,18.901502000,322.758634000,97.246726825,91.866792183
imulq,800,0x00,33,3.513585334,0.001674641,341.164653000,18.927137000,322.237516000,97.098724109,91.711879846
imulq,800,0x00,34,3.513607126,0.002270109,341.723124000,18.694960000,323.028164000,97.257067083,91.936335617
imulq,800,0x00,35,3.513408135,0.002016151,341.665568000,18.518019000,323.147549000,97.246193681,91.975522501
imulq,800,0x00,36,3.513761016,0.002545779,341.881083000,18.734266000,323.146817000,97.297761991,91.966077247
imulq,800,0x00,37,3.513700059,0.002262947,341.647502000,18.825147000,322.822355000,97.232972737,91.875330739
imulq,800,0x00,38,3.513366296,0.002110800,341.836039000,18.992139000,322.843900000,97.295872460,91.890191013
imulq,800,0x00,39,3.513774540,0.002135640,341.784648000,19.208630000,322.576018000,97.269942664,91.803277179
imulq,800,0x00,40,3.514733996,0.002745375,341.951456000,19.350902000,322.600554000,97.290849424,91.785197496
imulq,800,0x00,41,3.513379411,0.001433423,341.534709000,19.049695000,322.485014000,97.209742830,91.787699614
imulq,800,0x00,42,3.513578590,0.002164757,342.050638000,19.198559000,322.852079000,97.351070770,91.886966722
imulq,800,0x00,43,3.513685821,0.002240643,342.115335000,19.399853000,322.715482000,97.366512667,91.845286813
imulq,800,0x00,44,3.513629528,0.002315556,341.987345000,19.258251000,322.729094000,97.331645877,91.850632342
imulq,800,0x00,45,3.513441279,0.002091359,342.064554000,19.184948000,322.879606000,97.358836196,91.898392581
imulq,800,0x00,46,3.513675846,0.002423207,342.279275000,19.765147000,322.514128000,97.413446770,91.788241753
imulq,800,0x00,47,3.513610620,0.002218539,342.092142000,19.475048000,322.617094000,97.361995686,91.819250599
imulq,800,0x00,48,3.513501852,0.002404605,342.333047000,19.487437000,322.845610000,97.433575222,91.887132436
imulq,800,0x00,49,3.513803796,0.002390219,342.038553000,19.730052000,322.308501000,97.341392090,91.726379657
imulq,800,0x00,50,3.514019517,0.001922365,341.585551000,19.370373000,322.215178000,97.206503658,91.694191359
imulq,800,0x00,51,3.513323837,0.002134063,342.122904000,19.529613000,322.593291000,97.378698887,91.819970485
imulq,800,0x00,52,3.513737285,0.002198118,342.184793000,19.352367000,322.832426000,97.384854146,91.877223543
imulq,800,0x00,53,3.514194048,0.004538535,343.228003000,19.503490000,323.724513000,97.669052520,92.119134178
imulq,800,0x00,54,3.513469018,0.002182862,342.068338000,19.227307000,322.841031000,97.359144544,91.886687864
imulq,800,0x00,55,3.513741381,0.002681392,342.431130000,19.268323000,323.162807000,97.454847386,91.971141867
imulq,800,0x00,56,3.513801436,0.002372051,342.471108000,19.258129000,323.212979000,97.464559170,91.983848507
imulq,800,0x00,57,3.513878923,0.002439954,342.627357000,19.271069000,323.356288000,97.506876162,92.022603817
imulq,800,0x00,58,3.513245593,0.001282281,342.179177000,19.371105000,322.808072000,97.396884987,91.883150041
imulq,800,0x00,59,3.514340660,0.005221198,343.896276000,19.363903000,324.532373000,97.855133949,92.345166398
imulq,800,0x00,60,3.513891045,0.001759331,342.133035000,19.188977000,322.944058000,97.365863251,91.904971962
imulq,800,0x00,61,3.513170984,0.001342751,342.052714000,19.057202000,322.995512000,97.362956598,91.938454891
imulq,800,0x00,62,3.513615809,0.001641203,341.948649000,18.950086000,322.998563000,97.321012774,91.927683784
imulq,800,0x00,63,3.513671353,0.001843734,342.291909000,19.086621000,323.205288000,97.417166993,91.985065046
imulq,800,0x00,64,3.513130639,0.001249907,342.067728000,19.145337000,322.922391000,97.368348400,91.918697086
imulq,800,0x00,65,3.513625532,0.001692762,342.359048000,18.934522000,323.424526000,97.437545606,92.048661154
imulq,800,0x00,66,3.513575291,0.001690210,342.362344000,19.100598000,323.261746000,97.439876942,92.003648481
imulq,800,0x00,67,3.513285689,0.001392362,342.092813000,18.898694000,323.194119000,97.371191333,91.991983470
imulq,800,0x00,68,3.513567602,0.001505113,341.958659000,19.003858000,322.954801000,97.325197002,91.916489912
imulq,800,0x00,69,3.513554013,0.001584987,341.714763000,18.903211000,322.811552000,97.256157646,91.876074992
imulq,800,0x00,70,3.513857218,0.001879748,341.905618000,18.822523000,323.083095000,97.302080529,91.945424913
imulq,800,0x00,71,3.513224257,0.001304445,341.782939000,18.745191000,323.037748000,97.284691781,91.949082771
imulq,800,0x00,72,3.513557114,0.001831801,342.413735000,18.844434000,323.569301000,97.455007533,92.091658258
imulq,800,0x00,73,3.513376189,0.001493898,341.790445000,19.198743000,322.591702000,97.282621209,91.818150009
imulq,800,0x00,74,3.513868306,0.001665796,341.464641000,19.166821000,322.297820000,97.176277337,91.721656011
imulq,800,0x00,75,3.513513109,0.001632440,342.156716000,18.980481000,323.176235000,97.383076531,91.980939009
imulq,800,0x00,76,3.513986528,0.002155198,342.621010000,19.392467000,323.228543000,97.502084101,91.983432608
imulq,800,0x00,77,3.513176526,0.001185708,341.936808000,19.025647000,322.911161000,97.329811215,91.914299965
imulq,800,0x00,78,3.513513435,0.001697029,342.467690000,19.191418000,323.276272000,97.471575481,92.009402544
imulq,800,0x00,79,3.513568546,0.001631719,342.087870000,19.162488000,322.925382000,97.361945700,91.908092232
imulq,800,0x00,80,3.513602756,0.001870746,342.163431000,19.206067000,322.957364000,97.382503033,91.916299726
imulq,800,0x00,81,3.513394958,0.001488280,342.542275000,19.428295000,323.113980000,97.496091136,91.966312892
imulq,800,0x00,82,3.514444105,0.003266866,342.307229000,19.667186000,322.640043000,97.400106181,91.804004660
imulq,800,0x00,83,3.513257590,0.001346591,342.381387000,19.807200000,322.574187000,97.454108685,91.816264179
imulq,800,0x00,84,3.513656317,0.001789361,342.308694000,19.963816000,322.344878000,97.422360956,91.740582717
imulq,800,0x00,85,3.513474027,0.001578220,342.274636000,19.643627000,322.631009000,97.417721983,91.826780697
imulq,800,0x00,86,3.513216794,0.001376586,342.234415000,19.395946000,322.838469000,97.413406301,91.892555430
imulq,800,0x00,87,3.513596344,0.001424715,342.549111000,19.508007000,323.041104000,97.492448602,91.940300578
imulq,800,0x00,88,3.513641302,0.001833197,342.440285000,19.332042000,323.108243000,97.460228727,91.958232269
imulq,800,0x00,89,3.513520230,0.001517435,342.282571000,19.383617000,322.898954000,97.418699370,91.901834308
imulq,800,0x00,90,3.513748664,0.001800189,342.169290000,19.534008000,322.635282000,97.380126669,91.820819539
imulq,800,0x00,91,3.513577359,0.001747986,341.967692000,19.859324000,322.108368000,97.327497595,91.675331165
imulq,800,0x00,92,3.513423387,0.001632980,341.968118000,19.738292000,322.229826000,97.331884136,91.713918458
imulq,800,0x00,93,3.513276842,0.001407238,342.600807000,19.517223000,323.083584000,97.516029174,91.960753038
imulq,800,0x00,94,3.513521586,0.001546012,342.451760000,19.580028000,322.871732000,97.466815442,91.894051047
imulq,800,0x00,95,3.513534446,0.001808989,342.257669000,19.485973000,322.771696000,97.411217742,91.865243083
imulq,800,0x00,96,3.513193953,0.001441043,342.578286000,19.528759000,323.049527000,97.511919524,91.953228697
imulq,800,0x00,97,3.513555392,0.001656496,342.634316000,18.975171000,323.659145000,97.517835286,92.117274065
imulq,800,0x00,98,3.513519614,0.001694530,342.310708000,18.992017000,323.318691000,97.426724656,92.021313818
imulq,800,0x00,99,3.513188374,0.001497894,342.423684000,19.439403000,322.984281000,97.468068183,91.934802975
imulq,800,0xAA,0,3.513865683,0.002432799,342.805641000,18.735914000,324.069727000,97.557980845,92.225985917
imulq,800,0xAA,1,3.513451953,0.001545125,342.699867000,18.830640000,323.869227000,97.539363450,92.179779698
imulq,800,0xAA,2,3.513527324,0.001686307,342.514809000,19.048841000,323.465968000,97.484600920,92.063029022
imulq,800,0xAA,3,3.513815070,0.001734547,343.087623000,19.207592000,323.880031000,97.639635606,92.173328581
imulq,800,0xAA,4,3.514089600,0.002387567,343.165808000,19.250439000,323.915369000,97.654256732,92.176183834
imulq,800,0xAA,5,3.513347503,0.001564614,342.598183000,18.888623000,323.709560000,97.513321034,92.137074312
imulq,800,0xAA,6,3.513282490,0.001558854,342.534158000,19.232312000,323.301846000,97.496901834,92.022730014
imulq,800,0xAA,7,3.513743560,0.002007332,342.710609000,19.265026000,323.445583000,97.534325743,92.051561942
imulq,800,0xAA,8,3.513882394,0.003410810,343.594091000,19.400280000,324.193811000,97.781898324,92.260859819
imulq,800,0xAA,9,3.513193708,0.001600078,343.067237000,19.255383000,323.811854000,97.651101952,92.170224836
imulq,800,0xAA,10,3.513916776,0.001687556,343.009925000,19.268933000,323.740992000,97.614698031,92.131092634
imulq,800,0xAA,11,3.513590775,0.001964782,343.340613000,19.130017000,324.210596000,97.717871815,92.273294395
imulq,800,0xAA,12,3.513114704,0.001412259,342.954139000,19.008130000,323.946009000,97.621104888,92.210484512
imulq,800,0xAA,13,3.513559776,0.001790378,343.098548000,19.012830000,324.085718000,97.649839437,92.238566765
imulq,800,0xAA,14,3.513596018,0.001895382,342.905311000,19.254406000,323.650905000,97.593835273,92.113863785
imulq,800,0xAA,15,3.513477494,0.001856083,342.994667000,19.068981000,323.925686000,97.622559854,92.195178854
imulq,800,0xAA,16,3.513213909,0.001551157,342.910072000,19.065930000,323.844142000,97.605805077,92.178885313
imulq,800,0xAA,17,3.513564933,0.001913304,343.026099000,18.931898000,324.094201000,97.629076322,92.240845747
imulq,800,0xAA,18,3.513376066,0.001428676,342.746315000,19.006909000,323.739406000,97.554690590,92.144820242
imulq,800,0xAA,19,3.513343885,0.001874886,342.473245000,18.925733000,323.547512000,97.477860474,92.091045628
imulq,800,0xAA,20,3.513948577,0.002019698,342.540871000,19.249340000,323.291531000,97.480331179,92.002351186
imulq,800,0xAA,21,3.513574546,0.001932811,342.584267000,18.819105000,323.765162000,97.503059220,92.146945451
imulq,800,0xAA,22,3.513109293,0.001375316,342.595680000,19.204907000,323.390773000,97.519220569,92.052579654
imulq,800,0xAA,23,3.513588342,0.002181233,342.633279000,19.023999000,323.609280000,97.516625651,92.102218170
imulq,800,0xAA,24,3.513531058,0.001919247,342.335000000,19.185437000,323.149563000,97.433321152,91.972877888
imulq,800,0xAA,25,3.513149305,0.001557661,342.444558000,19.073499000,323.371059000,97.475093794,92.045919755
imulq,800,0xAA,26,3.513557494,0.001389042,342.341592000,19.475841000,322.865751000,97.434464252,91.891409659
imulq,800,0xAA,27,3.514179277,0.002547588,342.730263000,19.386852000,323.343411000,97.527825407,92.011074419
imulq,800,0xAA,28,3.514688558,0.003676359,343.063025000,19.590770000,323.472255000,97.608371069,92.034400666
imulq,800,0xAA,29,3.513611561,0.003787504,343.170447000,19.405407000,323.765040000,97.668863243,92.145939988
imulq,800,0xAA,30,3.514083694,0.002100998,342.666969000,19.047132000,323.619837000,97.512466651,92.092239457
imulq,800,0xAA,31,3.513504861,0.001680274,342.847938000,18.874097000,323.973841000,97.580038038,92.208166432
imulq,800,0xAA,32,3.513303517,0.001570275,342.509987000,19.119519000,323.390468000,97.489438455,92.047403940
imulq,800,0xAA,33,3.513654984,0.001900115,342.699440000,18.994702000,323.704738000,97.533605755,92.127639010
imulq,800,0xAA,34,3.513600582,0.001882298,342.139078000,19.135998000,323.003080000,97.375632197,91.929367730
imulq,800,0xAA,35,3.513240006,0.001093038,341.624247000,19.123791000,322.500456000,97.239085981,91.795737115
imulq,800,0xAA,36,3.513606219,0.001460543,342.189310000,18.789015000,323.400295000,97.389772400,92.042270766
imulq,800,0xAA,37,3.514078637,0.001689292,342.944251000,18.789869000,324.154382000,97.591512998,92.244487237
imulq,800,0xAA,38,3.513113795,0.001234161,342.213357000,18.802809000,323.410548000,97.410268193,92.058090583
imulq,800,0xAA,39,3.513551306,0.001493124,342.657997000,19.029127000,323.628870000,97.524688611,92.108764565
imulq,800,0xAA,40,3.513938916,0.001940158,342.581765000,18.711866000,323.869899000,97.492236824,92.167196621
imulq,800,0xAA,41,3.513184826,0.001171996,342.105936000,18.755506000,323.350430000,97.377722201,92.039117223
imulq,800,0xAA,42,3.513995171,0.002583505,342.778053000,18.981641000,323.796412000,97.546535006,92.144808460
imulq,800,0xAA,43,3.513523023,0.001522763,342.054728000,19.082288000,322.972440000,97.353774476,91.922676437
imulq,800,0xAA,44,3.513494051,0.001591876,342.063944000,18.833753000,323.230191000,97.357200289,91.996794742
imulq,800,0xAA,45,3.513336868,0.001221259,341.909892000,18.889233000,323.020659000,97.317708159,91.941271538
imulq,800,0xAA,46,3.513479298,0.001605091,341.847269000,18.954358000,322.892911000,97.295939440,91.901185013
imulq,800,0xAA,47,3.513678135,0.001585201,342.159098000,18.955152000,323.203946000,97.379180697,91.984505581
imulq,800,0xAA,48,3.513669956,0.002058453,342.458413000,19.081433000,323.376980000,97.464593215,92.033965628
imulq,800,0xAA,49,3.514087442,0.004328825,343.602331000,19.227307000,324.375024000,97.778537592,92.307043977
imulq,800,0xAA,50,3.513984126,0.001864990,342.516945000,19.016370000,323.500575000,97.472536212,92.060909603
imulq,800,0xAA,51,3.513207040,0.001353833,342.844337000,19.044201000,323.800136000,97.587285079,92.166539652
imulq,800,0xAA,52,3.513437500,0.001291154,342.467202000,18.992444000,323.474758000,97.473543214,92.067884511
imulq,800,0xAA,53,3.513546786,0.001720681,342.488869000,19.050061000,323.438808000,97.476678075,92.054788982
imulq,800,0xAA,54,3.513221171,0.001264900,342.395242000,19.004468000,323.390774000,97.459062599,92.049648538
imulq,800,0xAA,55,3.513465697,0.001597140,342.561012000,19.118909000,323.442103000,97.499461087,92.057851391
imulq,800,0xAA,56,3.513535380,0.001613223,342.640541000,19.079663000,323.560878000,97.520162440,92.089830613
imulq,800,0xAA,57,3.513870981,0.002137469,342.824806000,19.162915000,323.661891000,97.563287843,92.109782264
imulq,800,0xAA,58,3.513233497,0.001294652,342.741981000,18.950879000,323.791102000,97.557415787,92.163274174
imulq,800,0xAA,59,3.513493130,0.001768005,342.748879000,18.900770000,323.848109000,97.552169977,92.172688845
imulq,800,0xAA,60,3.513527849,0.001508345,342.982032000,18.832898000,324.149134000,97.617564667,92.257454029
imulq,800,0xAA,61,3.513199306,0.001443228,342.775856000,18.820997000,323.954859000,97.568007435,92.210783047
imulq,800,0xAA,62,3.513153072,0.001338847,342.895973000,19.082288000,323.813685000,97.603482114,92.171812156
imulq,800,0xAA,63,3.513160823,0.001374053,342.857764000,18.852308000,324.005456000,97.592390815,92.226195257
imulq,800,0xAA,64,3.513176610,0.001348727,342.676003000,18.966687000,323.709316000,97.540215321,92.141486733
imulq,800,0xAA,65,3.513172843,0.001367403,343.030738000,19.178601000,323.852137000,97.641292747,92.182238536
imulq,800,0xAA,66,3.513135776,0.001295962,342.702308000,19.218945000,323.483363000,97.548836655,92.078241089
imulq,800,0xAA,67,3.513299688,0.002020737,343.547034000,19.186291000,324.360743000,97.784722199,92.323676258
imulq,800,0xAA,68,3.514138537,0.002136577,343.212134000,19.141369000,324.070765000,97.666079585,92.219120451
imulq,800,0xAA,69,3.513722686,0.002970709,343.950474000,19.380505000,324.569969000,97.887768813,92.372107297
imulq,800,0xAA,70,3.513606874,0.001817300,342.919288000,19.072095000,323.847193000,97.597511714,92.169444294
imulq,800,0xAA,71,3.513793372,0.001661402,343.407080000,19.347729000,324.059351000,97.731153678,92.224930928
imulq,800,0xAA,72,3.513133175,0.001316719,342.544106000,19.363964000,323.180142000,97.503877299,91.991998575
imulq,800,0xAA,73,3.513223125,0.001430302,342.638161000,19.255322000,323.382839000,97.528152573,92.047338713
imulq,800,0xAA,74,3.513504091,0.002043717,343.078529000,19.079297000,323.999232000,97.645689338,92.215413322
imulq,800,0xAA,75,3.513067529,0.001348549,343.015602000,19.110302000,323.905300000,97.639911327,92.200134880
imulq,800,0xAA,76,3.512831497,0.001397879,342.429970000,19.346325000,323.083645000,97.479759637,91.972428865
imulq,800,0xAA,77,3.513147837,0.001066048,342.212076000,19.012708000,323.199368000,97.408959693,91.997087240
imulq,800,0xAA,78,3.513276280,0.001435376,342.850197000,19.554516000,323.295681000,97.587029801,92.021137897
imulq,800,0xAA,79,3.513108619,0.001312993,342.598061000,19.359081000,323.238980000,97.519917007,92.009389694
imulq,800,0xAA,80,3.513636148,0.002017340,342.778847000,19.267224000,323.511623000,97.556728283,92.073171310
imulq,800,0xAA,81,3.513265130,0.001303783,342.681130000,19.120678000,323.560452000,97.539217033,92.096793165
imulq,800,0xAA,82,3.513211576,0.001449120,342.650551000,19.035962000,323.614589000,97.531999886,92.113606604
imulq,800,0xAA,83,3.514041606,0.005796779,344.950167000,19.321423000,325.628744000,98.163370173,92.665022354
imulq,800,0xAA,84,3.512898338,0.001467129,343.177161000,19.102246000,324.074915000,97.690604155,92.252858977
imulq,800,0xAA,85,3.513172962,0.001024865,343.392371000,19.081311000,324.311060000,97.744225723,92.312864612
imulq,800,0xAA,86,3.513195963,0.001483826,343.516455000,18.880994000,324.635461000,97.778905191,92.404598093
imulq,800,0xAA,87,3.512992580,0.001441155,343.380651000,18.982983000,324.397668000,97.745908405,92.342258222
imulq,800,0xAA,88,3.512889007,0.001458177,342.915137000,19.325207000,323.589930000,97.616274318,92.115045284
imulq,800,0xAA,89,3.513689058,0.002175122,342.255167000,19.289013000,322.966154000,97.406219315,91.916543740
imulq,800,0xAA,90,3.513549007,0.001878790,342.019815000,19.005994000,323.013821000,97.343117827,91.933774180
imulq,800,0xAA,91,3.513897914,0.005795897,344.182713000,19.175732000,325.006981000,97.948978991,92.491867695
imulq,800,0xAA,92,3.512855333,0.001415928,342.121744000,18.889356000,323.232388000,97.391355914,92.014147287
imulq,800,0xAA,93,3.512898854,0.001469198,342.129740000,19.548290000,322.581450000,97.392425534,91.827707956
imulq,800,0xAA,94,3.512961346,0.001002642,342.055948000,19.139905000,322.916043000,97.369687361,91.921319698
imulq,800,0xAA,95,3.513266268,0.001529603,342.461159000,19.112012000,323.349147000,97.476573893,92.036618438
imulq,800,0xAA,96,3.513288759,0.001537452,342.242044000,18.964673000,323.277371000,97.413582386,92.015599385
imulq,800,0xAA,97,3.513122603,0.001569868,342.165140000,19.151074000,323.014066000,97.396299150,91.945002351
imulq,800,0xAA,98,3.512790219,0.001421586,341.993876000,18.880750000,323.113126000,97.356760499,91.981902103
imulq,800,0xAA,99,3.512721644,0.001511370,342.231424000,19.050244000,323.181180000,97.426286124,92.003071327
imulq,1000,0x00,0,2.810004608,0.001110495,284.699345000,15.602499000,269.096846000,101.316326755,95.763845112
imulq,1000,0x00,1,2.809964598,0.001145553,284.489872000,15.502402000,268.987470000,101.243222836,95.726284292
imulq,1000,0x00,2,2.809645023,0.000701848,284.389409000,15.432455000,268.956954000,101.218982011,95.726311273
imulq,1000,0x00,3,2.810031858,0.001216717,284.693851000,15.108787000,269.585064000,101.313389102,95.936657533
imulq,1000,0x00,4,2.809647675,0.000660239,284.435124000,15.182151000,269.252973000,101.235157196,95.831578969
imulq,1000,0x00,5,2.810023753,0.001235635,284.302678000,15.308555000,268.994123000,101.174475032,95.726636740
imulq,1000,0x00,6,2.809955348,0.001132130,284.369572000,15.325889000,269.043683000,101.200744048,95.746604356
imulq,1000,0x00,7,2.809781015,0.000794967,284.231328000,15.236595000,268.994733000,101.157822064,95.735123670
imulq,1000,0x00,8,2.810225187,0.002029712,284.608768000,15.450217000,269.158551000,101.276143051,95.778285771
imulq,1000,0x00,9,2.809702018,0.000717255,284.102056000,15.398825000,268.703231000,101.114657058,95.634066981
imulq,1000,0x00,10,2.810297017,0.001560948,284.192754000,15.292808000,268.899946000,101.125522432,95.683817192
imulq,1000,0x00,11,2.809636932,0.000936360,284.512699000,15.302024000,269.210675000,101.263154584,95.816890754
imulq,1000,0x00,12,2.810425888,0.002100982,284.880496000,15.701315000,269.179181000,101.365596292,95.778786454
imulq,1000,0x00,13,2.809569707,0.000885974,284.520756000,15.815511000,268.705245000,101.268445220,95.639287502
imulq,1000,0x00,14,2.809874504,0.001102262,284.306584000,15.727804000,268.578780000,101.181239094,95.583905840
imulq,1000,0x00,15,2.809808755,0.001095317,284.539555000,15.705892000,268.833663000,101.266520178,95.676854344
imulq,1000,0x00,16,2.809752010,0.001082052,284.234502000,15.236716000,268.997786000,101.159995950,95.737198514
imulq,1000,0x00,17,2.810057593,0.001020680,284.027654000,15.025902000,269.001752000,101.075385335,95.728198843
imulq,1000,0x00,18,2.809812663,0.001069643,284.190435000,15.192771000,268.997664000,101.142129058,95.735088510
imulq,1000,0x00,19,2.810075920,0.001256706,284.328679000,15.023460000,269.305219000,101.181849566,95.835566965
imulq,1000,0x00,20,2.810018005,0.001162841,284.434818000,15.215537000,269.219281000,101.221706587,95.806959432
imulq,1000,0x00,21,2.809805427,0.001276596,283.980901000,15.376181000,268.604720000,101.067817115,95.595487660
imulq,1000,0x00,22,2.809652670,0.001147302,283.530036000,15.217125000,268.312911000,100.912841998,95.496825577
imulq,1000,0x00,23,2.810025779,0.001236341,283.698493000,15.201255000,268.497238000,100.959391603,95.549741942
imulq,1000,0x00,24,2.809710761,0.000776823,283.880682000,15.423361000,268.457321000,101.035553544,95.546247949
imulq,1000,0x00,25,2.809764601,0.001072546,284.019170000,15.331443000,268.687727000,101.082905629,95.626418992
imulq,1000,0x00,26,2.810531604,0.002219551,284.116766000,15.524801000,268.591965000,101.090044880,95.566249675
imulq,1000,0x00,27,2.809625036,0.000951435,283.371589000,15.421836000,267.949753000,100.857440186,95.368509883
imulq,1000,0x00,28,2.810009358,0.001391058,283.841375000,15.021690000,268.819685000,101.010829107,95.665049756
imulq,1000,0x00,29,2.809822372,0.001082915,283.470282000,15.204978000,268.265304000,100.885481178,95.474114911
imulq,1000,0x00,30,2.810461712,0.001449540,283.818732000,15.376609000,268.442123000,100.986514357,95.515310485
imulq,1000,0x00,31,2.809752471,0.000687876,283.277961000,15.324973000,267.952988000,100.819543336,95.365335836
imulq,1000,0x00,32,2.810069341,0.001366425,283.501716000,15.236655000,268.265061000,100.887800839,95.465637486
imulq,1000,0x00,33,2.809822109,0.001173063,283.701545000,15.031944000,268.669601000,100.967795818,95.618010879
imulq,1000,0x00,34,2.810001731,0.001253397,283.968877000,15.204490000,268.764387000,101.056477599,95.645630399
imulq,1000,0x00,35,2.809999864,0.001183466,283.907538000,15.247092000,268.660446000,101.034715922,95.608704271
imulq,1000,0x00,36,2.809806731,0.000993861,283.592353000,15.435447000,268.156906000,100.929487388,95.436067918
imulq,1000,0x00,37,2.810007177,0.001037705,283.707892000,15.396506000,268.311386000,100.963404762,95.484235127
imulq,1000,0x00,38,2.810016539,0.001384221,283.865485000,15.106773000,268.758712000,101.019150969,95.643106811
imulq,1000,0x00,39,2.810367626,0.001988151,283.942999000,15.008324000,268.934675000,101.034112554,95.693770649
imulq,1000,0x00,40,2.810455693,0.001447289,283.658270000,15.174704000,268.483566000,100.929635963,95.530261037
imulq,1000,0x00,41,2.809741018,0.000968390,283.659247000,15.183738000,268.475509000,100.955655748,95.551692215
imulq,1000,0x00,42,2.809471496,0.000924628,283.707709000,15.146567000,268.561142000,100.982590299,95.591338946
imulq,1000,0x00,43,2.809831328,0.001307248,283.761175000,15.244468000,268.516707000,100.988686481,95.563283236
imulq,1000,0x00,44,2.809921579,0.001015562,283.574835000,15.197898000,268.376937000,100.919127805,95.510472236
imulq,1000,0x00,45,2.809879114,0.001345687,284.275151000,15.345298000,268.929853000,101.169886481,95.708691399
imulq,1000,0x00,46,2.810061372,0.001336109,283.998236000,15.040794000,268.957442000,101.064780574,95.712301746
imulq,1000,0x00,47,2.810384769,0.003907918,285.304263000,15.259787000,270.044476000,101.517865495,96.088079806
imulq,1000,0x00,48,2.810157493,0.001394716,284.047857000,15.387839000,268.660018000,101.078981426,95.603189041
imulq,1000,0x00,49,2.809858102,0.001214029,283.961797000,15.627523000,268.334274000,101.059123508,95.497446573
imulq,1000,0x00,50,2.810462915,0.001652585,284.735416000,15.781149000,268.954267000,101.312639453,95.697497223
imulq,1000,0x00,51,2.809772478,0.000791884,284.405034000,15.403769000,269.001265000,101.219951510,95.737739296
imulq,1000,0x00,52,2.810080945,0.001711331,285.079226000,15.547140000,269.532086000,101.448759522,95.916128859
imulq,1000,0x00,53,2.810064998,0.001263804,284.619755000,15.214073000,269.405682000,101.285826188,95.871690569
imulq,1000,0x00,54,2.809822635,0.000766244,284.004339000,15.255088000,268.749251000,101.075539599,95.646339973
imulq,1000,0x00,55,2.810129638,0.001381207,284.196721000,15.119896000,269.076825000,101.132957395,95.752459715
imulq,1000,0x00,56,2.810034396,0.002031988,284.550541000,15.231773000,269.318768000,101.262298227,95.841804790
imulq,1000,0x00,57,2.810123686,0.001506161,284.055608000,15.024681000,269.030927000,101.082955670,95.736329443
imulq,1000,0x00,58,2.809792442,0.000798969,283.651740000,15.106284000,268.545456000,100.951136376,95.574837481
imulq,1000,0x00,59,2.810143870,0.001415667,283.906804000,15.320639000,268.586165000,101.029277181,95.577371618
imulq,1000,0x00,60,2.810224563,0.001440578,284.379155000,15.382102000,268.997053000,101.194459224,95.720839001
imulq,1000,0x00,61,2.810020086,0.001267227,284.346807000,15.431235000,268.915572000,101.190311221,95.698807769
imulq,1000,0x00,62,2.810087307,0.001450015,284.223576000,15.463644000,268.759932000,101.144037510,95.641132330
imulq,1000,0x00,63,2.809915134,0.001294984,283.929998000,15.432517000,268.497481000,101.045755645,95.553590842
imulq,1000,0x00,64,2.809918471,0.000955244,283.908758000,15.710836000,268.197922000,101.038076719,95.446869656
imulq,1000,0x00,65,2.811466344,0.007305469,286.662535000,15.869589000,270.792946000,101.961930165,96.317335118
imulq,1000,0x00,66,2.810216054,0.001542471,283.743780000,15.161949000,268.581831000,100.968670925,95.573374369
imulq,1000,0x00,67,2.809878176,0.001280268,284.008367000,15.081260000,268.927107000,101.074975228,95.707746097
imulq,1000,0x00,68,2.809991816,0.001114339,283.929022000,15.175315000,268.753707000,101.042650850,95.642167151
imulq,1000,0x00,69,2.809753567,0.001192660,283.983282000,15.240928000,268.742354000,101.070529948,95.646236451
imulq,1000,0x00,70,2.810597143,0.001583616,284.296697000,15.656088000,268.640609000,101.151706386,95.581328562
imulq,1000,0x00,71,2.809875883,0.000968795,284.114324000,15.430990000,268.683334000,101.112766493,95.621068410
imulq,1000,0x00,72,2.809970676,0.001328119,284.119084000,15.122276000,268.996808000,101.111049461,95.729400417
imulq,1000,0x00,73,2.809943825,0.001042148,283.968634000,15.220298000,268.748336000,101.058473645,95.641889205
imulq,1000,0x00,74,2.809782020,0.000981973,284.169744000,15.247581000,268.922163000,101.135868167,95.709261801
imulq,1000,0x00,75,2.809990465,0.001081322,283.825323000,15.484518000,268.340805000,101.005795749,95.495272425
imulq,1000,0x00,76,2.809687054,0.000842164,283.988104000,14.966758000,269.021346000,101.074638770,95.747797127
imulq,1000,0x00,77,2.809884378,0.001183301,284.041326000,15.069358000,268.971968000,101.086481782,95.723500259
imulq,1000,0x00,78,2.809769254,0.000778454,284.116094000,15.041282000,269.074812000,101.117233578,95.764024599
imulq,1000,0x00,79,2.810017619,0.001227228,283.893683000,15.073081000,268.820602000,101.029146966,95.665094834
imulq,1000,0x00,80,2.810280944,0.001048679,283.954351000,15.054100000,268.900251000,101.041268344,95.684472956
imulq,1000,0x00,81,2.809882581,0.000865316,284.989749000,15.061668000,269.928081000,101.424077609,96.063829426
imulq,1000,0x00,82,2.810414051,0.001052672,284.678593000,15.024132000,269.654461000,101.294182225,95.948303743
imulq,1000,0x00,83,2.809820337,0.001015638,284.578556000,14.870140000,269.708416000,101.279983028,95.987779891
imulq,1000,0x00,84,2.809977913,0.001248240,284.425053000,14.975791000,269.449262000,101.219675659,95.890170780
imulq,1000,0x00,85,2.809713524,0.000810688,284.346928000,14.926049000,269.420879000,101.201394922,95.889092130
imulq,1000,0x00,86,2.809985857,0.001086268,284.308110000,15.048851000,269.259259000,101.177772594,95.822282650
imulq,1000,0x00,87,2.809806671,0.000937505,284.249699000,15.174521000,269.075178000,101.163436588,95.762879619
imulq,1000,0x00,88,2.810033410,0.001158690,284.492253000,14.977562000,269.514691000,101.241590942,95.911561075
imulq,1000,0x00,89,2.810927243,0.006361760,286.424254000,15.105980000,271.318274000,101.896715668,96.522695391
imulq,1000,0x00,90,2.811008900,0.002330928,284.682498000,15.381736000,269.300762000,101.274136126,95.802173373
imulq,1000,0x00,91,2.810044095,0.001384352,283.669012000,15.052512000,268.616500000,100.948242250,95.591560471
imulq,1000,0x00,92,2.809750657,0.001115451,283.570502000,15.022240000,268.548262000,100.923724766,95.577257470
imulq,1000,0x00,93,2.810059346,0.001262901,283.563239000,14.955223000,268.608016000,100.910053516,95.588022499
imulq,1000,0x00,94,2.809811450,0.001000861,283.545966000,15.189170000,268.356796000,100.912808951,95.507047649
imulq,1000,0x00,95,2.810038151,0.001140616,283.711371000,15.602133000,268.109238000,100.963529946,95.411244830
imulq,1000,0x00,96,2.809881097,0.001067880,283.960943000,15.291099000,268.669844000,101.057992577,95.616090064
imulq,1000,0x00,97,2.810457270,0.002028087,284.191473000,15.601889000,268.589584000,101.119300411,95.567930118
imulq,1000,0x00,98,2.809739451,0.000768763,283.538642000,15.417441000,268.121201000,100.912788166,95.425645579
imulq,1000,0x00,99,2.810080790,0.001608886,284.100958000,15.675863000,268.425095000,101.100637030,95.522198483
imulq,1000,0xAA,0,2.810204895,0.002837506,285.383669000,15.967610000,269.416059000,101.552619695,95.870610520
imulq,1000,0xAA,1,2.809990082,0.001388400,284.435734000,15.700705000,268.735029000,101.223038426,95.635579202
imulq,1000,0xAA,2,2.809793158,0.000818734,284.398015000,15.876424000,268.521591000,101.216708491,95.566319616
imulq,1000,0xAA,3,2.810037827,0.001201906,284.631657000,15.690451000,268.941206000,101.291041101,95.707325874
imulq,1000,0xAA,4,2.809807689,0.001009770,284.517948000,15.565756000,268.952192000,101.258868767,95.719074686
imulq,1000,0xAA,5,2.809999676,0.001143471,284.777714000,15.491110000,269.286604000,101.344393880,95.831542711
imulq,1000,0xAA,6,2.810037034,0.001220078,284.613224000,15.398581000,269.214643000,101.284509993,95.804660149
imulq,1000,0xAA,7,2.809664973,0.000988469,284.485112000,15.335226000,269.149886000,101.252325373,95.794298829
imulq,1000,0xAA,8,2.809652053,0.000918194,284.280095000,15.411215000,268.868880000,101.179822152,95.694724813
imulq,1000,0xAA,9,2.809831973,0.001182597,285.008242000,15.362266000,269.645976000,101.432485896,95.965160395
imulq,1000,0xAA,10,2.810536549,0.001932570,285.022525000,15.459739000,269.562786000,101.412139665,95.911503493
imulq,1000,0xAA,11,2.809807262,0.001079475,284.482365000,15.343101000,269.139264000,101.246220268,95.785667438
imulq,1000,0xAA,12,2.809915541,0.001270909,284.655277000,15.399436000,269.255841000,101.303855180,95.823464123
imulq,1000,0xAA,13,2.809759519,0.001114634,284.925968000,15.540122000,269.385846000,101.405819997,95.875054144
imulq,1000,0xAA,14,2.810032058,0.001276281,284.664494000,15.771566000,268.892928000,101.302934664,95.690341756
imulq,1000,0xAA,15,2.809903685,0.000970938,284.612675000,15.749593000,268.863082000,101.289121227,95.684091744
imulq,1000,0xAA,16,2.809862925,0.001143675,284.762210000,15.870443000,268.891767000,101.343808439,95.695688433
imulq,1000,0xAA,17,2.809905257,0.001290058,285.068789000,16.062398000,269.006391000,101.451388204,95.735039596
imulq,1000,0xAA,18,2.809800532,0.001172031,284.951358000,15.608541000,269.342817000,101.413376059,95.858340810
imulq,1000,0xAA,19,2.811261290,0.004807813,286.819457000,16.017965000,270.801492000,102.025186351,96.327400429
imulq,1000,0xAA,20,2.810201226,0.001328567,284.823185000,15.394370000,269.428815000,101.353306092,95.875274890
imulq,1000,0xAA,21,2.809873466,0.001333586,284.249395000,15.273276000,268.976119000,101.160923578,95.725349278
imulq,1000,0xAA,22,2.809689344,0.000756924,284.186956000,15.094871000,269.092085000,101.145330043,95.772895887
imulq,1000,0xAA,23,2.810188824,0.001907954,284.619450000,15.281455000,269.337995000,101.281254668,95.843379865
imulq,1000,0xAA,24,2.809891685,0.001092668,284.783817000,14.973900000,269.809917000,101.350460766,96.021465318
imulq,1000,0xAA,25,2.809850536,0.000736335,284.400456000,15.193992000,269.206464000,101.215510364,95.808108152
imulq,1000,0xAA,26,2.810000148,0.001288241,284.495732000,15.093040000,269.402692000,101.244027391,95.872839063
imulq,1000,0xAA,27,2.809841325,0.001232504,284.605777000,15.013146000,269.592631000,101.288914235,95.945855940
imulq,1000,0xAA,28,2.809900017,0.001435033,284.411503000,15.098960000,269.312543000,101.217659430,95.844172862
imulq,1000,0xAA,29,2.809515698,0.000724482,284.351689000,15.335288000,269.016401000,101.210215404,95.751876798
imulq,1000,0xAA,30,2.810121986,0.001366116,284.381840000,15.477499000,268.904341000,101.199108577,95.691340915
imulq,1000,0xAA,31,2.809722207,0.001190047,284.709720000,15.487204000,269.222516000,101.330202412,95.818197005
imulq,1000,0xAA,32,2.809958515,0.001114727,284.051458000,15.627890000,268.423568000,101.087420504,95.525811705
imulq,1000,0xAA,33,2.809563947,0.000978341,284.659732000,15.381857000,269.277875000,101.318118177,95.843298137
imulq,1000,0xAA,34,2.810107725,0.001823300,284.569340000,15.278159000,269.291181000,101.266345582,95.829486752
imulq,1000,0xAA,35,2.809952182,0.001322190,284.287969000,15.504232000,268.783737000,101.171817379,95.654203200
imulq,1000,0xAA,36,2.809784025,0.000711285,284.127813000,15.303062000,268.824751000,101.120872802,95.674524661
imulq,1000,0xAA,37,2.810047529,0.001402551,284.252385000,15.395896000,268.856489000,101.155721404,95.676847527
imulq,1000,0xAA,38,2.809771528,0.001218041,284.367925000,15.557211000,268.810714000,101.206778616,95.669954414
imulq,1000,0xAA,39,2.810053632,0.001134460,283.962774000,15.614584000,268.348190000,101.052439265,95.495753862
imulq,1000,0xAA,40,2.809946912,0.001463097,284.619816000,15.548972000,269.070844000,101.290104363,95.756557828
imulq,1000,0xAA,41,2.809939134,0.001362185,284.279057000,15.516013000,268.763044000,101.169115570,95.647283153
imulq,1000,0xAA,42,2.809617741,0.000730417,284.073614000,15.380698000,268.692916000,101.107566995,95.633264290
imulq,1000,0xAA,43,2.810452809,0.004211586,285.711183000,15.246115000,270.465068000,101.660195837,96.235406298
imulq,1000,0xAA,44,2.809760036,0.001364492,284.410222000,15.196739000,269.213483000,101.222246154,95.813692112
imulq,1000,0xAA,45,2.809662593,0.001257835,284.659122000,15.434287000,269.224835000,101.314343839,95.821055414
imulq,1000,0xAA,46,2.809756610,0.001081128,283.864996000,15.421347000,268.443649000,101.028322175,95.539822941
imulq,1000,0xAA,47,2.809465637,0.000911627,284.605717000,15.310752000,269.294965000,101.302437482,95.852734948
imulq,1000,0xAA,48,2.810160585,0.001571686,284.579288000,15.191306000,269.387982000,101.267980751,95.862130963
imulq,1000,0xAA,49,2.810631986,0.002287671,284.674870000,15.239768000,269.435102000,101.285003308,95.862817808
imulq,1000,0xAA,50,2.810430790,0.001739427,284.363103000,15.237937000,269.125166000,101.181322095,95.759399928
imulq,1000,0xAA,51,2.809802592,0.001249376,284.127752000,15.078757000,269.048995000,101.120182889,95.753700190
imulq,1000,0xAA,52,2.810059320,0.001086426,284.193608000,15.106529000,269.087079000,101.134380314,95.758504833
imulq,1000,0xAA,53,2.809969087,0.001410518,284.554752000,15.314353000,269.240399000,101.266150318,95.816142676
imulq,1000,0xAA,54,2.809884206,0.001231017,284.538212000,15.269126000,269.269086000,101.263323024,95.829246428
imulq,1000,0xAA,55,2.812738548,0.006570587,287.201413000,16.027730000,271.173683000,102.107397500,96.409132366
imulq,1000,0xAA,56,2.809788597,0.000791601,284.132878000,15.111106000,269.021772000,101.122510896,95.744488500
imulq,1000,0xAA,57,2.810226049,0.001650295,284.267278000,15.240318000,269.026960000,101.154595068,95.731430619
imulq,1000,0xAA,58,2.809823830,0.001247825,284.142217000,15.252951000,268.889266000,101.124566604,95.696129832
imulq,1000,0xAA,59,2.810153110,0.001231379,284.166630000,15.682027000,268.484603000,101.121404732,95.540916273
imulq,1000,0xAA,60,2.810597204,0.003319158,285.290835000,15.399741000,269.891094000,101.505414788,96.026244390
imulq,1000,0xAA,61,2.810180998,0.002005794,284.691654000,15.205894000,269.485760000,101.307230446,95.896228803
imulq,1000,0xAA,62,2.810526970,0.001500052,284.340764000,15.281760000,269.059004000,101.169911215,95.732582143
imulq,1000,0xAA,63,2.809881744,0.000821780,284.050176000,15.187339000,268.862837000,101.089726145,95.684751707
imulq,1000,0xAA,64,2.810105696,0.001448634,284.133001000,15.273459000,268.859542000,101.111143759,95.675953538
imulq,1000,0xAA,65,2.809859977,0.001374690,284.453434000,15.500571000,268.952863000,101.234024570,95.717532245
imulq,1000,0xAA,66,2.810133900,0.001171517,283.918646000,16.038777000,267.879869000,101.033849681,95.326371827
imulq,1000,0xAA,67,2.810147537,0.002022003,284.360966000,15.920858000,268.440108000,101.190760348,95.525272046
imulq,1000,0xAA,68,2.810192942,0.001616023,284.459294000,15.614279000,268.845015000,101.224115180,95.667813772
imulq,1000,0xAA,69,2.809707794,0.000691498,284.157598000,15.782125000,268.375473000,101.134217087,95.517218396
imulq,1000,0xAA,70,2.810648437,0.001985047,284.684573000,15.692342000,268.992231000,101.287862695,95.704687727
imulq,1000,0xAA,71,2.810140577,0.001578795,284.141423000,15.396750000,268.744673000,101.112885699,95.633889337
imulq,1000,0xAA,72,2.809907375,0.001435934,284.223577000,15.566550000,268.657027000,101.150514602,95.610634484
imulq,1000,0xAA,73,2.810040924,0.001097886,284.199773000,16.099019000,268.100754000,101.137236332,95.408131512
imulq,1000,0xAA,74,2.809951901,0.001503726,284.387516000,15.352134000,269.035382000,101.207254077,95.743767676
imulq,1000,0xAA,75,2.810279623,0.001707941,284.622806000,15.803671000,268.819135000,101.279176521,95.655653911
imulq,1000,0xAA,76,2.809778821,0.000825423,284.128789000,15.562826000,268.565963000,101.121407455,95.582599246
imulq,1000,0xAA,77,2.810210515,0.001759628,284.719364000,15.699178000,269.020186000,101.316026855,95.729549289
imulq,1000,0xAA,78,2.809904171,0.001499979,284.298711000,15.406760000,268.891951000,101.177368951,95.694349223
imulq,1000,0xAA,79,2.810174326,0.001767086,284.601688000,15.354453000,269.247235000,101.275456620,95.811577436
imulq,1000,0xAA,80,2.810342192,0.001246849,284.386968000,15.048545000,269.338423000,101.193003755,95.838301740
imulq,1000,0xAA,81,2.810015976,0.001455061,284.950199000,15.172202000,269.777997000,101.405188246,96.005858801
imulq,1000,0xAA,82,2.810123970,0.001662158,285.391481000,15.149070000,270.242411000,101.558324141,96.167433859
imulq,1000,0xAA,83,2.809767958,0.000822623,284.861698000,15.496664000,269.365034000,101.382641656,95.867359172
imulq,1000,0xAA,84,2.810209055,0.001735854,285.262575000,15.327781000,269.934794000,101.509378648,96.055058096
imulq,1000,0xAA,85,2.809907241,0.001385838,285.198610000,15.189658000,270.008952000,101.497517711,96.091767024
imulq,1000,0xAA,86,2.810048357,0.001225337,284.774052000,15.492026000,269.282026000,101.341335036,95.828253397
imulq,1000,0xAA,87,2.809911798,0.001539494,285.122439000,15.419760000,269.702679000,101.470245167,95.982613842
imulq,1000,0xAA,88,2.810187496,0.001657317,284.809146000,15.256004000,269.553142000,101.348805532,95.919984848
imulq,1000,0xAA,89,2.810053482,0.001649401,284.559086000,15.216819000,269.342267000,101.264651291,95.849516278
imulq,1000,0xAA,90,2.810171575,0.001369935,284.703495000,15.363180000,269.340315000,101.311783775,95.844793740
imulq,1000,0xAA,91,2.810058497,0.001635687,284.542240000,15.570212000,268.972028000,101.258475699,95.717590334
imulq,1000,0xAA,92,2.810029758,0.001620007,284.246648000,15.465537000,268.781111000,101.154319513,95.650627976
imulq,1000,0xAA,93,2.813348128,0.007961935,287.776241000,16.455463000,271.320778000,102.289595131,96.440527667
imulq,1000,0xAA,94,2.809817191,0.001594711,284.442021000,15.338400000,269.103621000,101.231504282,95.772643809
imulq,1000,0xAA,95,2.810369027,0.001884009,284.425785000,15.483725000,268.942060000,101.205849563,95.696350686
imulq,1000,0xAA,96,2.809775442,0.000745011,283.765387000,15.268150000,268.497237000,100.992194149,95.558254564
imulq,1000,0xAA,97,2.810018322,0.001025354,284.626652000,15.208945000,269.417707000,101.289963060,95.877562406
imulq,1000,0xAA,98,2.810022090,0.002186352,284.689701000,15.297019000,269.392682000,101.312264417,95.868528208
imulq,1000,0xAA,99,2.810120309,0.001727886,284.778629000,15.052146000,269.726483000,101.340368994,95.983962739
imulq,1200,0x00,0,2.341187968,0.000968899,237.228396000,12.606413000,224.621983000,101.328214247,95.943591922
imulq,1200,0x00,1,2.341162771,0.000869063,237.349735000,12.642485000,224.707250000,101.381133329,95.981045323
imulq,1200,0x00,2,2.340931522,0.000536616,236.853520000,12.670927000,224.182593000,101.179174947,95.766403629
imulq,1200,0x00,3,2.341108464,0.000820862,237.207705000,12.735380000,224.472325000,101.322817238,95.882924043
imulq,1200,0x00,4,2.340952986,0.000528192,237.041813000,12.599760000,224.442053000,101.258681579,95.876360757
imulq,1200,0x00,5,2.341133802,0.000781102,237.441958000,12.735564000,224.706394000,101.421780269,95.981867355
imulq,1200,0x00,6,2.340984528,0.000661247,237.080448000,12.477201000,224.603247000,101.273820959,95.943926272
imulq,1200,0x00,7,2.340899627,0.000545931,236.715825000,12.417815000,224.298010000,101.121732109,95.817012993
imulq,1200,0x00,8,2.341144146,0.000862623,237.210636000,12.594817000,224.615819000,101.322524901,95.942754918
imulq,1200,0x00,9,2.340942966,0.000642097,236.735966000,12.578520000,224.157446000,101.128463819,95.755193225
imulq,1200,0x00,10,2.341396484,0.001120998,237.860169000,12.434294000,225.425875000,101.589017768,96.278386234
imulq,1200,0x00,11,2.340922983,0.000535247,237.065311000,12.340972000,224.724339000,101.270017300,95.998177052
imulq,1200,0x00,12,2.341134554,0.000880037,237.355410000,12.690397000,224.665013000,101.384779292,95.964160908
imulq,1200,0x00,13,2.340942348,0.000568314,236.948734000,12.621306000,224.327428000,101.219380401,95.827831133
imulq,1200,0x00,14,2.341097934,0.000872598,237.386172000,12.622404000,224.763768000,101.399505126,96.007845164
imulq,1200,0x00,15,2.340969972,0.000636368,236.736515000,12.549528000,224.186987000,101.127531675,95.766707679
imulq,1200,0x00,16,2.341057098,0.000758836,237.065738000,12.520049000,224.545689000,101.264398121,95.916365811
imulq,1200,0x00,17,2.340954141,0.000539710,236.900638000,12.547087000,224.353551000,101.198325019,95.838507506
imulq,1200,0x00,18,2.341128485,0.000870276,237.090458000,12.689665000,224.400793000,101.271869312,95.851549547
imulq,1200,0x00,19,2.340966669,0.000546715,237.034427000,12.414885000,224.619542000,101.254934627,95.951619049
imulq,1200,0x00,20,2.341178538,0.000846679,237.563234000,12.536955000,225.026279000,101.471643496,96.116667446
imulq,1200,0x00,21,2.341139641,0.000911520,237.498598000,12.352264000,225.146334000,101.445720637,96.169544973
imulq,1200,0x00,22,2.340937744,0.000577508,237.189884000,12.627165000,224.562719000,101.322593728,95.928531015
imulq,1200,0x00,23,2.341148537,0.000874732,237.260135000,12.556975000,224.703160000,101.343477874,95.979881845
imulq,1200,0x00,24,2.340903611,0.000532551,236.961185000,12.696013000,224.265172000,101.226374255,95.802822024
imulq,1200,0x00,25,2.341568081,0.001389589,237.960695000,12.804166000,225.156529000,101.624504081,96.156302621
imulq,1200,0x00,26,2.341002223,0.000662858,237.312442000,12.643766000,224.668676000,101.372155764,95.971150213
imulq,1200,0x00,27,2.341218985,0.000872011,237.627810000,12.573271000,225.054539000,101.497472674,96.127077560
imulq,1200,0x00,28,2.340928346,0.000538712,237.208560000,12.723234000,224.485326000,101.330978548,95.895855332
imulq,1200,0x00,29,2.341862949,0.002642622,239.184995000,12.861356000,226.323639000,102.134497274,96.642563596
imulq,1200,0x00,30,2.341415128,0.000976740,237.858644000,12.874174000,224.984470000,101.587557527,96.089098990
imulq,1200,0x00,31,2.341163842,0.000778886,237.285403000,12.834806000,224.450597000,101.353608301,95.871375161
imulq,1200,0x00,32,2.341005542,0.000647849,237.327701000,12.608855000,224.718846000,101.378530199,95.992445128
imulq,1200,0x00,33,2.340985481,0.000562671,237.036380000,12.619963000,224.416417000,101.254955214,95.864078977
imulq,1200,0x00,34,2.341647417,0.001084348,238.132264000,12.675077000,225.457187000,101.694329487,96.281440721
imulq,1200,0x00,35,2.341063995,0.000721187,237.349185000,12.286895000,225.062290000,101.385175924,96.136752546
imulq,1200,0x00,36,2.342054662,0.004848657,239.850765000,12.542571000,227.308194000,102.410404395,97.055033658
imulq,1200,0x00,37,2.341061616,0.000570449,237.541933000,12.544096000,224.997837000,101.467612539,96.109318715
imulq,1200,0x00,38,2.341237341,0.000924802,237.378238000,12.700590000,224.677648000,101.390078597,95.965344514
imulq,1200,0x00,39,2.341036761,0.000589583,236.800602000,12.738004000,224.062598000,101.152022005,95.710841324
imulq,1200,0x00,40,2.341500863,0.001073951,237.616884000,12.891569000,224.725315000,101.480587838,95.974901633
imulq,1200,0x00,41,2.340956103,0.000657039,236.925114000,12.706449000,224.218665000,101.208695765,95.780807141
imulq,1200,0x00,42,2.341083023,0.000758056,237.162418000,12.948087000,224.214331000,101.304573873,95.773763186
imulq,1200,0x00,43,2.340973004,0.000579699,237.047000000,12.736357000,224.310643000,101.260031462,95.819406140
imulq,1200,0x00,44,2.341115370,0.000811527,237.487002000,12.884245000,224.602757000,101.441819152,95.938354793
imulq,1200,0x00,45,2.340987272,0.000563090,236.921268000,12.745207000,224.176061000,101.205705318,95.761332701
imulq,1200,0x00,46,2.340930213,0.000517872,236.985050000,12.503202000,224.481848000,101.235418572,95.894293096
imulq,1200,0x00,47,2.341153379,0.000930161,237.389162000,12.770048000,224.619114000,101.398380875,95.943783959
imulq,1200,0x00,48,2.340891663,0.000527285,237.248478000,12.710844000,224.537634000,101.349618909,95.919703378
imulq,1200,0x00,49,2.341165735,0.000919939,237.748353000,12.725859000,225.022494000,101.551269711,96.115576368
imulq,1200,0x00,50,2.341193570,0.000898139,237.813295000,12.477751000,225.335544000,101.577801204,96.248147491
imulq,1200,0x00,51,2.341151753,0.000867016,237.747133000,12.412444000,225.334689000,101.551355089,96.249501425
imulq,1200,0x00,52,2.340940227,0.000673724,236.922367000,12.339080000,224.583287000,101.208208675,95.937215483
imulq,1200,0x00,53,2.341192386,0.000866226,237.416384000,12.330535000,225.085849000,101.408318874,96.141543245
imulq,1200,0x00,54,2.340961213,0.000548694,236.815128000,12.412382000,224.402746000,101.161491581,95.859232862
imulq,1200,0x00,55,2.341111326,0.000819065,237.225528000,12.415740000,224.809788000,101.330306412,96.026953315
imulq,1200,0x00,56,2.340973966,0.000576848,237.247134000,12.379179000,224.867955000,101.345481609,96.057435189
imulq,1200,0x00,57,2.341083739,0.000781445,237.434512000,12.331084000,225.103428000,101.420768512,96.153513953
imulq,1200,0x00,58,2.341001731,0.000677542,237.718020000,12.337676000,225.380344000,101.545426855,96.275171888
imulq,1200,0x00,59,2.340957275,0.000664112,237.649050000,12.369536000,225.279514000,101.517892910,96.233928042
imulq,1200,0x00,60,2.341353893,0.000987910,238.078492000,12.368986000,225.709506000,101.684112217,96.401277343
imulq,1200,0x00,61,2.340930060,0.000599588,237.469790000,12.572172000,224.897618000,101.442496728,96.071908255
imulq,1200,0x00,62,2.341143008,0.000884588,237.490237000,12.451079000,225.039158000,101.442003408,96.123627317
imulq,1200,0x00,63,2.340787931,0.000512371,237.214542000,12.379668000,224.834874000,101.339612534,96.050936942
imulq,1200,0x00,64,2.341029579,0.000936006,237.658022000,12.485991000,225.172031000,101.518589998,96.185043121
imulq,1200,0x00,65,2.340926144,0.000582834,237.492190000,12.511381000,224.980809000,101.452235291,96.107606615
imulq,1200,0x00,66,2.341063367,0.000872598,238.127565000,12.713896000,225.413669000,101.717693071,96.286872112
imulq,1200,0x00,67,2.340905440,0.000622982,237.399538000,12.644255000,224.755283000,101.413553026,96.012115282
imulq,1200,0x00,68,2.341076487,0.000760969,237.692385000,12.595121000,225.097264000,101.531234168,96.151178852
imulq,1200,0x00,69,2.341007733,0.000702409,237.840456000,12.536100000,225.304356000,101.597467058,96.242465524
imulq,1200,0x00,70,2.341424376,0.000993287,238.485962000,12.570586000,225.915376000,101.855077788,96.486300506
imulq,1200,0x00,71,2.340997624,0.000564640,237.279910000,12.631865000,224.648045000,101.358458291,95.962525860
imulq,1200,0x00,72,2.341082821,0.000738059,237.374331000,12.608611000,224.765720000,101.395101800,96.009298750
imulq,1200,0x00,73,2.341045141,0.000670876,237.613710000,12.644926000,224.968784000,101.498986842,96.097584803
imulq,1200,0x00,74,2.340909194,0.000532114,237.436526000,12.615141000,224.821385000,101.429191108,96.040199073
imulq,1200,0x00,75,2.341163979,0.000790069,238.116028000,12.819121000,225.296907000,101.708393836,96.232860676
imulq,1200,0x00,76,2.340913055,0.000646860,237.215152000,12.670073000,224.545079000,101.334456432,95.922007228
imulq,1200,0x00,77,2.341127150,0.000885762,237.978578000,12.516997000,225.461581000,101.651282800,96.304714162
imulq,1200,0x00,78,2.340927953,0.000619902,237.554750000,12.558378000,224.996372000,101.478881374,96.114180599
imulq,1200,0x00,79,2.341146392,0.000878182,238.314942000,12.557768000,225.757174000,101.794122249,96.430182580
imulq,1200,0x00,80,2.341186720,0.000960620,238.768554000,12.571257000,226.197297000,101.986121807,96.616512928
imulq,1200,0x00,81,2.341157647,0.000922325,238.475220000,12.539030000,225.936190000,101.862093850,96.506183703
imulq,1200,0x00,82,2.340884597,0.000570525,238.364014000,12.556975000,225.807039000,101.826469509,96.462268720
imulq,1200,0x00,83,2.341062785,0.000754163,238.497802000,12.415801000,226.082001000,101.875867468,96.572378351
imulq,1200,0x00,84,2.340917521,0.000615644,238.077027000,12.316680000,225.760347000,101.702441396,96.440965975
imulq,1200,0x00,85,2.341023180,0.000730949,238.591369000,12.613371000,225.977998000,101.917559418,96.529585856
imulq,1200,0x00,86,2.341275568,0.000642798,238.404357000,12.591826000,225.812531000,101.826696625,96.448506133
imulq,1200,0x00,87,2.340844099,0.000630071,237.833498000,12.371855000,225.461643000,101.601596655,96.316385647
imulq,1200,0x00,88,2.341089885,0.000810385,238.241150000,12.362029000,225.879121000,101.765058870,96.484599936
imulq,1200,0x00,89,2.340896772,0.000520093,237.582461000,12.543242000,225.039219000,101.492070836,96.133764502
imulq,1200,0x00,90,2.341484027,0.001073676,238.940001000,12.599028000,226.340973000,102.046393770,96.665606263
imulq,1200,0x00,91,2.341027655,0.000591692,237.898805000,12.567533000,225.331272000,101.621527000,96.253144027
imulq,1200,0x00,92,2.341177620,0.000877275,238.437500000,12.555571000,225.881929000,101.845113303,96.482183600
imulq,1200,0x00,93,2.340916037,0.000641921,238.237611000,12.522184000,225.715427000,101.771104669,96.421838055
imulq,1200,0x00,94,2.341176638,0.001295356,238.528869000,12.637602000,225.891267000,101.884182988,96.486212670
imulq,1200,0x00,95,2.341001213,0.000650979,238.058717000,12.689055000,225.369662000,101.690984031,96.270630155
imulq,1200,0x00,96,2.341240849,0.000867467,238.308533000,12.543730000,225.764803000,101.787277920,96.429550626
imulq,1200,0x00,97,2.341031200,0.000557802,237.998719000,12.447661000,225.551058000,101.664052583,96.346882525
imulq,1200,0x00,98,2.341156279,0.000759061,238.659972000,12.427214000,226.232758000,101.941068258,96.632915994
imulq,1200,0x00,99,2.341136467,0.000738477,238.464783000,12.581206000,225.883577000,101.858557322,96.484583537
imulq,1200,0xAA,0,2.341714577,0.001736057,245.695905000,12.855924000,232.839981000,104.921371469,99.431409487
imulq,1200,0xAA,1,2.341232259,0.001257846,245.258040000,12.664335000,232.593705000,104.755963059,99.346702635
imulq,1200,0xAA,2,2.340952141,0.000620441,244.890303000,12.834135000,232.056168000,104.611409492,99.128967208
imulq,1200,0xAA,3,2.341108596,0.000732896,245.074141000,13.155912000,231.918229000,104.682944400,99.063422084
imulq,1200,0xAA,4,2.340966983,0.000548264,245.526654000,13.022122000,232.504532000,104.882578773,99.319868109
imulq,1200,0xAA,5,2.340885040,0.000633166,245.390485000,12.712309000,232.678176000,104.828080331,99.397523604
imulq,1200,0xAA,6,2.341195004,0.000874867,245.162520000,12.985501000,232.177019000,104.716830324,99.170303453
imulq,1200,0xAA,7,2.340893887,0.000542682,245.213362000,12.997037000,232.216325000,104.752019445,99.199851075
imulq,1200,0xAA,8,2.341142332,0.000936505,245.169111000,12.848783000,232.320328000,104.722001565,99.233747894
imulq,1200,0xAA,9,2.340859528,0.000526873,244.955061000,12.957547000,231.997514000,104.643212497,99.107832503
imulq,1200,0xAA,10,2.341546088,0.001074789,244.965620000,12.817350000,232.148270000,104.617039688,99.143156399
imulq,1200,0xAA,11,2.341007423,0.000659303,244.939192000,12.735258000,232.203934000,104.629822856,99.189746984
imulq,1200,0xAA,12,2.341173604,0.000778958,244.876266000,12.520842000,232.355424000,104.595518064,99.247413174
imulq,1200,0xAA,13,2.341042247,0.000667407,245.262921000,12.494475000,232.768446000,104.766550598,99.429408555
imulq,1200,0xAA,14,2.341238149,0.000863549,245.125532000,12.613494000,232.512038000,104.699102120,99.311570737
imulq,1200,0xAA,15,2.341043354,0.000570549,245.036238000,12.711515000,232.324723000,104.669671164,99.239820846
imulq,1200,0xAA,16,2.341178050,0.000775516,245.078718000,12.676054000,232.402664000,104.681793850,99.267402578
imulq,1200,0xAA,17,2.341066440,0.000675497,245.845257000,12.615996000,233.229261000,105.014216068,99.625220786
imulq,1200,0xAA,18,2.341000064,0.000584405,245.452191000,12.561430000,232.890761000,104.849288454,99.483449216
imulq,1200,0xAA,19,2.341225072,0.000930074,245.639142000,12.614408000,233.024734000,104.919063495,99.531111627
imulq,1200,0xAA,20,2.341321069,0.000902855,245.303572000,12.696379000,232.607193000,104.771436608,99.348695077
imulq,1200,0xAA,21,2.341169601,0.000891468,245.562603000,12.618498000,232.944105000,104.888856809,99.499030289
imulq,1200,0xAA,22,2.340861201,0.000536446,245.415266000,12.421782000,232.993484000,104.839734141,99.533233271
imulq,1200,0xAA,23,2.341242214,0.000849258,245.296918000,12.646574000,232.650344000,104.772123312,99.370472034
imulq,1200,0xAA,24,2.340971042,0.000552441,244.921553000,12.901517000,232.020036000,104.623914028,99.112732228
imulq,1200,0xAA,25,2.341149957,0.000908161,245.527753000,12.741972000,232.785781000,104.874851045,99.432238554
imulq,1200,0xAA,26,2.340889125,0.000553996,245.591107000,12.893949000,232.697158000,104.913600718,99.405459020
imulq,1200,0xAA,27,2.341122159,0.000782491,245.488934000,12.700834000,232.788100000,104.859514917,99.434409718
imulq,1200,0xAA,28,2.341729118,0.004022786,247.360573000,12.712919000,234.647654000,105.631591247,100.202731477
imulq,1200,0xAA,29,2.341160862,0.000771843,245.922588000,12.710783000,233.211805000,105.043011779,99.613746663
imulq,1200,0xAA,30,2.341324864,0.000964672,245.477643000,13.213345000,232.264298000,104.845614035,99.202080665
imulq,1200,0xAA,31,2.341338525,0.000721799,245.268781000,13.076932000,232.191849000,104.755796037,99.170558422
imulq,1200,0xAA,32,2.341193027,0.000884574,245.262129000,12.891020000,232.371109000,104.759465005,99.253289371
imulq,1200,0xAA,33,2.340915409,0.000555924,245.246809000,12.822538000,232.424271000,104.765344382,99.287770117
imulq,1200,0xAA,34,2.341129508,0.000952707,245.208234000,12.641936000,232.566298000,104.739286395,99.339356166
imulq,1200,0xAA,35,2.340975848,0.000573526,245.450116000,12.794340000,232.655776000,104.849486685,99.384099243
imulq,1200,0xAA,36,2.341144378,0.000804639,245.337995000,12.882108000,232.455887000,104.794047438,99.291564071
imulq,1200,0xAA,37,2.340957264,0.000623753,245.285627000,12.881925000,232.403702000,104.780053346,99.277208336
imulq,1200,0xAA,38,2.341140775,0.000870253,245.234602000,12.802335000,232.432267000,104.750045212,99.281627790
imulq,1200,0xAA,39,2.340909193,0.000543135,245.145552000,13.037442000,232.108110000,104.722367147,99.152974691
imulq,1200,0xAA,40,2.341563757,0.001065291,245.428144000,12.989407000,232.438737000,104.813778073,99.266456562
imulq,1200,0xAA,41,2.341055357,0.000575181,245.576641000,12.807218000,232.769423000,104.899971821,99.429269063
imulq,1200,0xAA,42,2.341209570,0.000796960,245.346784000,12.960721000,232.386063000,104.794883443,99.258975352
imulq,1200,0xAA,43,2.341072648,0.000668088,245.081038000,12.959073000,232.121965000,104.687497938,99.151970021
imulq,1200,0xAA,44,2.341020328,0.000609230,244.870101000,12.710234000,232.159867000,104.599732870,99.170376343
imulq,1200,0xAA,45,2.341220904,0.000999914,245.287885000,12.832364000,232.455521000,104.769218745,99.288162268
imulq,1200,0xAA,46,2.341015649,0.000693534,245.278669000,12.740568000,232.538101000,104.774467923,99.332142919
imulq,1200,0xAA,47,2.341263335,0.000897034,245.032393000,12.563628000,232.468765000,104.658194295,99.292019627
imulq,1200,0xAA,48,2.340929583,0.000623140,245.113813000,12.619353000,232.494460000,104.707896724,99.317152341
imulq,1200,0xAA,49,2.341175454,0.000932245,245.203840000,12.852628000,232.351212000,104.735354015,99.245535651
imulq,1200,0xAA,50,2.341179064,0.001118101,245.618451000,12.832426000,232.786025000,104.912287465,99.431106553
imulq,1200,0xAA,51,2.341131895,0.000875788,245.612958000,12.675871000,232.937087000,104.912054963,99.497635114
imulq,1200,0xAA,52,2.341065115,0.000714768,245.462873000,12.491240000,232.971633000,104.850937897,99.515229838
imulq,1200,0xAA,53,2.341503254,0.001334640,245.464032000,12.692655000,232.771377000,104.831813318,99.411084144
imulq,1200,0xAA,54,2.341053195,0.000747467,245.642438000,12.774931000,232.867507000,104.928174440,99.471258285
imulq,1200,0xAA,55,2.341147537,0.000781168,245.107648000,12.592314000,232.515334000,104.695515413,99.316822356
imulq,1200,0xAA,56,2.341053995,0.000572970,245.433332000,12.537993000,232.895339000,104.838817254,99.483112932
imulq,1200,0xAA,57,2.341036699,0.000706778,245.508160000,12.504302000,233.003858000,104.871555451,99.530203047
imulq,1200,0xAA,58,2.341222316,0.000772222,245.450666000,12.825406000,232.625260000,104.838683746,99.360602527
imulq,1200,0xAA,59,2.341025477,0.000558562,245.083418000,12.568022000,232.515396000,104.690624025,99.322027174
imulq,1200,0xAA,60,2.341535641,0.001146093,245.339643000,12.609281000,232.730362000,104.777240519,99.392192869
imulq,1200,0xAA,61,2.340946315,0.000586372,245.132551000,12.735991000,232.396560000,104.715152784,99.274621781
imulq,1200,0xAA,62,2.341141222,0.000872195,245.074812000,12.607877000,232.466935000,104.681772168,99.296416991
imulq,1200,0xAA,63,2.340952044,0.000667121,245.372175000,12.628325000,232.743850000,104.817258279,99.422732991
imulq,1200,0xAA,64,2.341106618,0.000882836,245.237227000,12.724759000,232.512468000,104.752694774,99.317334034
imulq,1200,0xAA,65,2.340947271,0.000590200,245.358503000,13.122342000,232.236161000,104.811631638,99.206062403
imulq,1200,0xAA,66,2.341098650,0.000823128,245.379804000,12.658354000,232.721450000,104.813953078,99.406938725
imulq,1200,0xAA,67,2.340999624,0.000569342,245.669964000,12.774686000,232.895278000,104.942333830,99.485397455
imulq,1200,0xAA,68,2.341066105,0.000756890,245.408185000,12.757841000,232.650344000,104.827533280,99.377947310
imulq,1200,0xAA,69,2.341001440,0.000657937,245.686383000,12.687834000,232.998549000,104.949266079,99.529434300
imulq,1200,0xAA,70,2.341774995,0.003563288,246.877175000,12.866300000,234.010875000,105.423098082,99.928846915
imulq,1200,0xAA,71,2.341206245,0.000763386,245.753216000,12.667875000,233.085341000,104.968631674,99.557799105
imulq,1200,0xAA,72,2.340999666,0.000620573,245.451032000,12.815274000,232.635758000,104.848811223,99.374537053
imulq,1200,0xAA,73,2.341200852,0.000795421,245.438458000,12.698637000,232.739821000,104.834430510,99.410446066
imulq,1200,0xAA,74,2.340982296,0.000585960,245.565777000,12.884245000,232.681532000,104.898604939,99.394827732
imulq,1200,0xAA,75,2.341238524,0.000950795,245.933758000,12.760710000,233.173048000,105.044298340,99.593888282
imulq,1200,0xAA,76,2.340996882,0.000557363,245.725995000,12.798246000,232.927749000,104.966391411,99.499384556
imulq,1200,0xAA,77,2.341741971,0.001877809,245.876019000,12.886808000,232.989211000,104.997058600,99.493972369
imulq,1200,0xAA,78,2.341134024,0.000725008,245.520428000,12.549346000,232.971082000,104.872435956,99.512065353
imulq,1200,0xAA,79,2.341160232,0.000774898,245.545270000,12.695280000,232.849990000,104.881872961,99.459228313
imulq,1200,0xAA,80,2.341383594,0.000916101,245.681378000,12.916166000,232.765212000,104.929998912,99.413531626
imulq,1200,0xAA,81,2.341062386,0.000737407,245.869549000,12.627897000,233.241652000,105.024774410,99.630686207
imulq,1200,0xAA,82,2.341417610,0.000681216,245.884625000,12.633635000,233.250990000,105.015279614,99.619559113
imulq,1200,0xAA,83,2.340888873,0.000604035,245.491253000,12.559782000,232.931471000,104.870955572,99.505565466
imulq,1200,0xAA,84,2.341206467,0.000873820,245.722454000,12.717985000,233.004469000,104.955482355,99.523246805
imulq,1200,0xAA,85,2.340866778,0.000525789,245.576947000,12.979154000,232.597793000,104.908553242,99.363960050
imulq,1200,0xAA,86,2.341184988,0.000940318,245.718488000,12.996305000,232.722183000,104.954751234,99.403585876
imulq,1200,0xAA,87,2.340920214,0.000586881,245.250776000,12.934415000,232.316361000,104.766823996,99.241469084
imulq,1200,0xAA,88,2.341173990,0.000882104,245.683026000,12.688871000,232.994155000,104.940097182,99.520221916
imulq,1200,0xAA,89,2.340896198,0.000610245,245.364424000,12.580657000,232.783767000,104.816447739,99.442156897
imulq,1200,0xAA,90,2.341419592,0.001114661,245.403059000,12.713895000,232.689164000,104.809518069,99.379523784
imulq,1200,0xAA,91,2.340926979,0.000590506,245.641156000,12.865141000,232.776015000,104.933284209,99.437537817
imulq,1200,0xAA,92,2.341116642,0.000864976,245.457929000,12.827665000,232.630264000,104.846518352,99.367224938
imulq,1200,0xAA,93,2.340970596,0.000559340,245.283063000,12.659636000,232.623427000,104.778361347,99.370503589
imulq,1200,0xAA,94,2.341036078,0.000756179,245.409406000,12.646390000,232.763016000,104.829399369,99.427351056
imulq,1200,0xAA,95,2.341019370,0.000653520,245.202436000,12.781523000,232.420913000,104.741737349,99.281926481
imulq,1200,0xAA,96,2.340900050,0.000528125,245.298993000,12.645659000,232.653334000,104.788324029,99.386274079
imulq,1200,0xAA,97,2.341198928,0.001008934,245.537213000,12.724455000,232.812758000,104.876698027,99.441681443
imulq,1200,0xAA,98,2.340931438,0.000655938,245.392133000,12.904264000,232.487869000,104.826706579,99.314258077
imulq,1200,0xAA,99,2.341172966,0.000888865,245.221784000,12.738615000,232.483169000,104.743129873,99.302004768
imulq,1400,0x00,0,2.006336709,0.000731257,216.609553000,10.751010000,205.858543000,107.962712358,102.604185072
imulq,1400,0x00,1,2.006392666,0.000697982,217.441521000,11.066439000,206.375082000,108.374359974,102.858770135
imulq,1400,0x00,2,2.006202266,0.000446327,216.934992000,10.800631000,206.134361000,108.132163790,102.748543612
imulq,1400,0x00,3,2.006222184,0.000435127,217.098016000,10.694614000,206.403402000,108.212349422,102.881626790
imulq,1400,0x00,4,2.006386557,0.000743487,217.184442000,10.874484000,206.309958000,108.246559565,102.826624927
imulq,1400,0x00,5,2.006044507,0.000411769,217.404655000,10.908236000,206.496419000,108.374791390,102.937107450
imulq,1400,0x00,6,2.006333504,0.000687598,217.602470000,10.917758000,206.684712000,108.457776136,103.016129481
imulq,1400,0x00,7,2.006119158,0.000422690,217.747490000,10.917452000,206.830038000,108.541653245,103.099577705
imulq,1400,0x00,8,2.006935417,0.004398802,219.464648000,11.178926000,208.285722000,109.353119253,103.782971901
imulq,1400,0x00,9,2.006606446,0.001718669,217.900260000,10.972323000,206.927937000,108.591428285,103.123329136
imulq,1400,0x00,10,2.006215589,0.000640740,217.824638000,10.860934000,206.963704000,108.574890562,103.161248050
imulq,1400,0x00,11,2.006464065,0.001333314,218.311697000,10.806003000,207.505694000,108.804189803,103.418594722
imulq,1400,0x00,12,2.006203505,0.000855540,217.784293000,10.909518000,206.874775000,108.555434423,103.117542418
imulq,1400,0x00,13,2.006033638,0.000398037,217.852286000,10.779025000,207.073261000,108.598520896,103.225218677
imulq,1400,0x00,14,2.006315103,0.000743680,218.017142000,10.699740000,207.317402000,108.665454228,103.332423547
imulq,1400,0x00,15,2.006156096,0.000412707,217.975028000,10.760471000,207.214557000,108.653074602,103.289348908
imulq,1400,0x00,16,2.006283179,0.000652884,218.068473000,10.710911000,207.357562000,108.692768453,103.354084905
imulq,1400,0x00,17,2.006043409,0.000401829,217.938529000,10.778048000,207.160481000,108.640983567,103.268194547
imulq,1400,0x00,18,2.006009251,0.000398997,217.669548000,10.731357000,206.938191000,108.508745853,103.159140913
imulq,1400,0x00,19,2.006306096,0.000727746,217.880851000,10.863620000,207.017231000,108.598010761,103.183273687
imulq,1400,0x00,20,2.006337871,0.000713968,218.107169000,10.847811000,207.259358000,108.709092379,103.302320591
imulq,1400,0x00,21,2.006415625,0.000757191,218.134024000,10.869418000,207.264606000,108.718264178,103.300932961
imulq,1400,0x00,22,2.006214972,0.000451445,217.988150000,10.874423000,207.113727000,108.656426700,103.236058916
imulq,1400,0x00,23,2.006128542,0.000424151,218.131827000,10.842929000,207.288898000,108.732726964,103.327824549
imulq,1400,0x00,24,2.006322687,0.000720366,218.321158000,10.822421000,207.498737000,108.816572426,103.422414712
imulq,1400,0x00,25,2.006078155,0.000427535,218.336477000,10.842990000,207.493487000,108.837472977,103.432404400
imulq,1400,0x00,26,2.006611280,0.000680832,218.154044000,10.766391000,207.387653000,108.717640617,103.352181393
imulq,1400,0x00,27,2.006138018,0.000427100,218.101187000,10.712131000,207.389056000,108.716940236,103.377262255
imulq,1400,0x00,28,2.006165092,0.000438173,217.909537000,10.595310000,207.314227000,108.619942505,103.338567588
imulq,1400,0x00,29,2.006351816,0.000734092,218.402639000,10.620457000,207.782182000,108.855604108,103.562187014
imulq,1400,0x00,30,2.006334759,0.000690330,218.332693000,10.579868000,207.752825000,108.821666998,103.548435323
imulq,1400,0x00,31,2.006372388,0.000695740,218.016593000,10.796847000,207.219746000,108.662078043,103.280800337
imulq,1400,0x00,32,2.006116609,0.000432920,217.749504000,10.892306000,206.857198000,108.542795091,103.113247301
imulq,1400,0x00,33,2.006093299,0.000434153,218.087088000,10.918368000,207.168720000,108.712335638,103.269733339
imulq,1400,0x00,34,2.006310499,0.000736059,218.189627000,10.699252000,207.490375000,108.751674844,103.418875157
imulq,1400,0x00,35,2.006125088,0.000438692,217.674247000,10.723850000,206.950397000,108.504822704,103.159268699
imulq,1400,0x00,36,2.006216414,0.000638431,217.958915000,10.869113000,207.089802000,108.641776376,103.224059262
imulq,1400,0x00,37,2.006146559,0.000444518,218.006583000,10.802096000,207.204487000,108.669320329,103.284820401
imulq,1400,0x00,38,2.006109679,0.000435803,217.835563000,10.749545000,207.086018000,108.586068493,103.227665055
imulq,1400,0x00,39,2.006320765,0.000734662,217.934135000,10.718113000,207.216022000,108.623774840,103.281601650
imulq,1400,0x00,40,2.006304011,0.000674373,218.027029000,10.648716000,207.378313000,108.670982989,103.363354662
imulq,1400,0x00,41,2.006321486,0.000746962,217.864859000,10.661838000,207.203021000,108.589206911,103.275084487
imulq,1400,0x00,42,2.006150240,0.000448737,217.904838000,10.580600000,207.324238000,108.618404380,103.344322813
imulq,1400,0x00,43,2.006066792,0.000429383,217.780387000,10.558689000,207.221698000,108.560885349,103.297506760
imulq,1400,0x00,44,2.006545910,0.001152300,218.336538000,10.765963000,207.570575000,108.812131789,103.446711070
imulq,1400,0x00,45,2.006098712,0.000423267,217.853690000,10.841830000,207.011860000,108.595698080,103.191263125
imulq,1400,0x00,46,2.006110108,0.000462734,217.845450000,10.706271000,207.139179000,108.590973727,103.254142534
imulq,1400,0x00,47,2.006299776,0.000890759,218.058341000,10.655369000,207.402972000,108.686819181,103.375863597
imulq,1400,0x00,48,2.006146211,0.000445824,218.086051000,10.626743000,207.459308000,108.708951439,103.411858464
imulq,1400,0x00,49,2.006426249,0.000747955,218.191397000,10.736666000,207.454731000,108.746283132,103.395144009
imulq,1400,0x00,50,2.006360930,0.000750913,218.283926000,10.734286000,207.549640000,108.795941338,103.445814229
imulq,1400,0x00,51,2.006801674,0.001390435,218.728750000,10.777256000,207.951494000,108.993705157,103.623340892
imulq,1400,0x00,52,2.006445273,0.000928968,218.161978000,10.740817000,207.421161000,108.730589805,103.377432587
imulq,1400,0x00,53,2.006142686,0.000451989,217.838249000,10.875094000,206.963155000,108.585620798,103.164723235
imulq,1400,0x00,54,2.006239887,0.000628862,218.046744000,10.807406000,207.239338000,108.684283200,103.297387011
imulq,1400,0x00,55,2.006106061,0.000514017,218.217825000,10.750827000,207.466998000,108.776813576,103.417761426
imulq,1400,0x00,56,2.006095047,0.000449271,218.072073000,10.607151000,207.464922000,108.704756222,103.417294385
imulq,1400,0x00,57,2.006343071,0.000880094,218.219900000,10.541049000,207.678851000,108.764997923,103.511136233
imulq,1400,0x00,58,2.006052164,0.000407220,218.307730000,10.521396000,207.786334000,108.824553004,103.579726279
imulq,1400,0x00,59,2.006266355,0.000636939,218.422659000,10.603854000,207.818805000,108.870219802,103.584852794
imulq,1400,0x00,60,2.006291955,0.000626156,218.387685000,10.581699000,207.805986000,108.851398471,103.577141663
imulq,1400,0x00,61,2.006149879,0.000464611,217.889763000,10.589572000,207.300191000,108.610909520,103.332354757
imulq,1400,0x00,62,2.006258258,0.000615642,217.750968000,10.603183000,207.147785000,108.535861273,103.250807390
imulq,1400,0x00,63,2.006185322,0.000439316,217.706657000,10.645541000,207.061116000,108.517719999,103.211360270
imulq,1400,0x00,64,2.006273580,0.000631690,217.995231000,10.543247000,207.451984000,108.656782014,103.401642781
imulq,1400,0x00,65,2.006160765,0.000421369,218.074515000,10.645297000,207.429218000,108.702412514,103.396109456
imulq,1400,0x00,66,2.006098935,0.000445706,218.198233000,10.504184000,207.694049000,108.767433765,103.531309156
imulq,1400,0x00,67,2.006334172,0.000667822,218.203665000,10.730869000,207.472796000,108.757388484,103.408893129
imulq,1400,0x00,68,2.006122571,0.000451610,218.012808000,10.812533000,207.200275000,108.673722736,103.283955849
imulq,1400,0x00,69,2.006347547,0.000650085,218.301687000,10.695835000,207.605852000,108.805519432,103.474521312
imulq,1400,0x00,70,2.006284451,0.000675710,218.271719000,10.680575000,207.591144000,108.794004198,103.470444523
imulq,1400,0x00,71,2.006184633,0.000561503,218.226065000,10.700473000,207.525592000,108.776660614,103.442917737
imulq,1400,0x00,72,2.006876079,0.003777621,219.551989000,10.854648000,208.697341000,109.399873412,103.991144835
imulq,1400,0x00,73,2.006165434,0.000430493,217.974418000,10.701023000,207.273395000,108.652264837,103.318196759
imulq,1400,0x00,74,2.006388599,0.000656919,217.952445000,10.682468000,207.269977000,108.629228205,103.305001380
imulq,1400,0x00,75,2.006275374,0.000446084,218.091910000,10.647494000,207.444416000,108.704873131,103.397778134
imulq,1400,0x00,76,2.006255569,0.000476080,218.268240000,10.858005000,207.410235000,108.793836306,103.381761610
imulq,1400,0x00,77,2.006366619,0.000747581,218.195303000,11.059420000,207.135883000,108.751461959,103.239298879
imulq,1400,0x00,78,2.006046582,0.000425028,218.073478000,10.841586000,207.231892000,108.708082814,103.303629051
imulq,1400,0x00,79,2.006384227,0.000652077,218.092155000,10.851901000,207.240254000,108.699097660,103.290412297
imulq,1400,0x00,80,2.006453245,0.000654874,218.078055000,10.882907000,207.195148000,108.688331273,103.264378821
imulq,1400,0x00,81,2.006363182,0.000630573,218.208426000,10.801120000,207.407306000,108.758188931,103.374756810
imulq,1400,0x00,82,2.006549475,0.000713479,218.159842000,10.709689000,207.450153000,108.723878833,103.386512806
imulq,1400,0x00,83,2.006293138,0.000457425,217.930900000,10.740573000,207.190327000,108.623658143,103.270216617
imulq,1400,0x00,84,2.006402996,0.000663093,217.872794000,10.827365000,207.045429000,108.588750347,103.192344429
imulq,1400,0x00,85,2.006292315,0.000458716,217.885245000,10.821017000,207.064228000,108.600946813,103.207407238
imulq,1400,0x00,86,2.007180910,0.003140927,219.345142000,10.944552000,208.400590000,109.280205340,103.827507008
imulq,1400,0x00,87,2.006351703,0.000742262,217.861563000,10.717197000,207.144366000,108.585928735,103.244294471
imulq,1400,0x00,88,2.006092326,0.000451376,217.803764000,10.650180000,207.153584000,108.571156552,103.262238383
imulq,1400,0x00,89,2.006259498,0.000618074,218.106436000,10.692234000,207.414202000,108.712973662,103.383536464
imulq,1400,0x00,90,2.006347768,0.000705453,218.522329000,10.602451000,207.919878000,108.915479393,103.631026135
imulq,1400,0x00,91,2.006210871,0.000612108,218.086966000,10.522434000,207.564532000,108.705903825,103.460974615
imulq,1400,0x00,92,2.006407763,0.000681703,218.173636000,10.726107000,207.447529000,108.738432972,103.392507183
imulq,1400,0x00,93,2.006128972,0.000444695,218.086233000,10.736483000,207.349750000,108.709976288,103.358135430
imulq,1400,0x00,94,2.006209231,0.000615292,218.143546000,10.738071000,207.405475000,108.734195144,103.381776844
imulq,1400,0x00,95,2.006130638,0.000431894,218.242178000,10.823886000,207.418292000,108.787620247,103.392215882
imulq,1400,0x00,96,2.006163421,0.000466973,218.237356000,10.804111000,207.433245000,108.783438961,103.397979886
imulq,1400,0x00,97,2.006398428,0.000734375,218.129935000,10.722751000,207.407184000,108.717158042,103.372880031
imulq,1400,0x00,98,2.006084804,0.000439285,218.096060000,10.678561000,207.417499000,108.717268342,103.394182809
imulq,1400,0x00,99,2.006163850,0.000613775,217.983084000,10.900790000,207.082294000,108.656670289,103.223021388
imulq,1400,0xAA,0,2.006429671,0.000759155,218.541738000,10.502598000,208.039140000,108.920706833,103.686235797
imulq,1400,0xAA,1,2.006400555,0.000713722,218.405324000,10.524143000,207.881181000,108.854298033,103.609012902
imulq,1400,0xAA,2,2.006203265,0.000458698,218.402212000,10.816989000,207.585223000,108.863451571,103.471680364
imulq,1400,0xAA,3,2.006189468,0.000421644,218.033072000,10.757724000,207.275348000,108.680199685,103.317932476
imulq,1400,0xAA,4,2.006368508,0.000729630,217.981559000,10.838900000,207.142659000,108.644826768,103.242578898
imulq,1400,0xAA,5,2.006187792,0.000480260,218.343497000,10.656894000,207.686603000,108.835024269,103.523012082
imulq,1400,0xAA,6,2.006396386,0.000652244,218.354421000,10.693698000,207.660723000,108.829153848,103.499350589
imulq,1400,0xAA,7,2.006312087,0.000467154,218.010550000,10.668918000,207.341632000,108.662331936,103.344655754
imulq,1400,0xAA,8,2.006225283,0.000445461,218.470388000,10.691440000,207.778948000,108.896239037,103.567106716
imulq,1400,0xAA,9,2.006435948,0.000728838,218.265616000,10.640414000,207.625202000,108.782747957,103.479606328
imulq,1400,0xAA,10,2.006364354,0.000708021,218.280630000,10.606296000,207.674334000,108.794112867,103.507786892
imulq,1400,0xAA,11,2.006351663,0.000737178,218.475210000,10.591159000,207.884051000,108.891783065,103.612968190
imulq,1400,0xAA,12,2.006198235,0.000453224,218.305410000,10.630954000,207.674456000,108.815473084,103.516418476
imulq,1400,0xAA,13,2.006153980,0.000429242,217.825675000,10.609592000,207.216083000,108.578741805,103.290218538
imulq,1400,0xAA,14,2.006335066,0.000749378,218.290457000,10.621372000,207.669085000,108.800599003,103.506681661
imulq,1400,0xAA,15,2.006201709,0.000479884,217.939750000,10.657627000,207.282123000,108.633019798,103.320679094
imulq,1400,0xAA,16,2.006296582,0.000669005,218.558767000,10.559116000,207.999651000,108.936419963,103.673431382
imulq,1400,0xAA,17,2.006205444,0.000459958,218.413625000,10.582370000,207.831255000,108.869022201,103.594203497
imulq,1400,0xAA,18,2.006169576,0.000432840,218.351491000,10.590121000,207.761370000,108.839997158,103.561220565
imulq,1400,0xAA,19,2.006387980,0.000725159,218.349417000,10.579746000,207.769671000,108.827115782,103.554084791
imulq,1400,0xAA,20,2.006373156,0.000670584,218.598439000,10.574497000,208.023942000,108.952035337,103.681581550
imulq,1400,0xAA,21,2.006332820,0.000760332,218.550588000,10.652255000,207.898333000,108.930375767,103.621059738
imulq,1400,0xAA,22,2.006314979,0.000485884,218.493764000,10.633823000,207.859941000,108.903021829,103.602845581
imulq,1400,0xAA,23,2.006233819,0.000451721,218.440420000,10.727329000,207.713091000,108.880838298,103.533839907
imulq,1400,0xAA,24,2.006421425,0.000745953,218.320791000,10.608310000,207.712481000,108.811034563,103.523855175
imulq,1400,0xAA,25,2.006222108,0.000483235,218.159537000,10.703159000,207.456378000,108.741467923,103.406485840
imulq,1400,0xAA,26,2.006402973,0.000658781,218.068106000,10.616977000,207.451129000,108.686095916,103.394548235
imulq,1400,0xAA,27,2.006294126,0.000484535,218.292166000,10.782382000,207.509784000,108.803670966,103.429393158
imulq,1400,0xAA,28,2.006236540,0.000454177,218.168631000,10.729159000,207.439472000,108.745218538,103.397315245
imulq,1400,0xAA,29,2.006421390,0.000689506,218.222830000,10.702487000,207.520343000,108.762212696,103.428095420
imulq,1400,0xAA,30,2.006457402,0.000769463,218.195547000,10.594333000,207.601214000,108.746663052,103.466544475
imulq,1400,0xAA,31,2.006385829,0.000731377,218.188529000,10.723971000,207.464558000,108.747044464,103.402124836
imulq,1400,0xAA,32,2.006266328,0.000474410,218.316397000,10.724460000,207.591937000,108.817256181,103.471774452
imulq,1400,0xAA,33,2.006213133,0.000429397,218.104728000,10.663059000,207.441669000,108.714634769,103.399616726
imulq,1400,0xAA,34,2.006346177,0.000742750,218.306692000,10.751254000,207.555438000,108.808088285,103.449464673
imulq,1400,0xAA,35,2.006760289,0.001447934,218.791127000,10.819186000,207.971941000,109.027036382,103.635666989
imulq,1400,0xAA,36,2.006458660,0.000854458,218.393728000,10.828220000,207.565508000,108.845366416,103.448684083
imulq,1400,0xAA,37,2.006254153,0.000480282,218.237722000,10.700412000,207.537310000,108.778701703,103.445174051
imulq,1400,0xAA,38,2.006152830,0.000438669,218.072073000,10.648288000,207.423785000,108.701625165,103.393810207
imulq,1400,0xAA,39,2.006736019,0.000700084,218.791676000,10.885898000,207.905778000,109.028628559,103.603949927
imulq,1400,0xAA,40,2.006426021,0.000682616,218.281424000,10.915194000,207.366230000,108.791164849,103.351047004
imulq,1400,0xAA,41,2.006249413,0.000596323,218.344351000,10.795627000,207.548724000,108.832107123,103.451107666
imulq,1400,0xAA,42,2.006377055,0.000723212,218.517202000,10.850070000,207.667132000,108.911334227,103.503542121
imulq,1400,0xAA,43,2.006142168,0.000437184,218.336111000,10.768100000,207.568011000,108.833817700,103.466251945
imulq,1400,0xAA,44,2.006321360,0.000658152,218.557852000,10.753329000,207.804523000,108.934618555,103.574894427
imulq,1400,0xAA,45,2.006220553,0.000579076,218.105521000,10.890048000,207.215473000,108.714627944,103.286486963
imulq,1400,0xAA,46,2.006151424,0.000443453,218.363943000,10.610996000,207.752947000,108.847188897,103.557959045
imulq,1400,0xAA,47,2.006437146,0.000788874,218.567006000,10.759616000,207.807390000,108.932894519,103.570346272
imulq,1400,0xAA,48,2.006161028,0.000449681,218.231924000,10.920505000,207.311419000,108.780861031,103.337377259
imulq,1400,0xAA,49,2.006409181,0.000656979,218.367483000,10.809726000,207.557757000,108.834969962,103.447372009
imulq,1400,0xAA,50,2.006550306,0.000824580,218.361624000,10.828464000,207.533160000,108.824395433,103.427837986
imulq,1400,0xAA,51,2.006299103,0.000475047,218.392935000,10.781345000,207.611590000,108.853627395,103.479879789
imulq,1400,0xAA,52,2.006471339,0.000712916,218.424489000,10.717807000,207.706682000,108.860009480,103.518389696
imulq,1400,0xAA,53,2.006217151,0.000452194,218.282278000,10.701816000,207.580462000,108.802916901,103.468591056
imulq,1400,0xAA,54,2.006389859,0.000646095,218.244986000,10.792453000,207.452533000,108.774964639,103.395923796
imulq,1400,0xAA,55,2.006289958,0.000489399,218.262381000,10.752108000,207.510273000,108.789051209,103.429851779
imulq,1400,0xAA,56,2.006215179,0.000454656,218.425222000,10.682285000,207.742937000,108.874274465,103.549678623
imulq,1400,0xAA,57,2.006449473,0.000761087,218.408133000,10.774081000,207.634052000,108.853044133,103.483319579
imulq,1400,0xAA,58,2.006161337,0.000446694,218.270681000,10.654330000,207.616351000,108.800163247,103.489359075
imulq,1400,0xAA,59,2.006259109,0.000639588,218.379202000,10.590427000,207.788775000,108.848952293,103.570258751
imulq,1400,0xAA,60,2.006426027,0.000774380,218.543569000,10.727512000,207.816057000,108.921817211,103.575239838
imulq,1400,0xAA,61,2.006178288,0.000478677,218.561330000,10.625339000,207.935991000,108.944120932,103.647812491
imulq,1400,0xAA,62,2.006398404,0.000679430,218.488332000,10.755709000,207.732623000,108.895786390,103.535081866
imulq,1400,0xAA,63,2.006185532,0.000445753,218.407705000,10.737338000,207.670367000,108.867151870,103.515035713
imulq,1400,0xAA,64,2.006386069,0.000656005,218.197134000,10.711277000,207.485857000,108.751320302,103.412728110
imulq,1400,0xAA,65,2.006336363,0.000519001,218.342093000,10.662205000,207.679888000,108.826265163,103.511999221
imulq,1400,0xAA,66,2.006296764,0.000472406,218.393423000,10.702121000,207.691302000,108.853997537,103.519731345
imulq,1400,0xAA,67,2.006456310,0.000683382,217.968314000,10.628452000,207.339862000,108.633471297,103.336345242
imulq,1400,0xAA,68,2.006217095,0.000461118,218.224722000,10.786411000,207.438311000,108.774231145,103.397738727
imulq,1400,0xAA,69,2.006393842,0.000651030,218.573293000,10.779513000,207.793780000,108.938379102,103.565798319
imulq,1400,0xAA,70,2.006496910,0.000771436,218.447988000,10.550511000,207.897477000,108.870333648,103.612159090
imulq,1400,0xAA,71,2.006186618,0.000519917,218.015616000,10.712253000,207.303363000,108.671653009,103.332043571
imulq,1400,0xAA,72,2.006397013,0.000684441,218.209525000,10.633640000,207.575885000,108.756902843,103.457034506
imulq,1400,0xAA,73,2.006164054,0.000444023,218.150503000,10.668063000,207.482440000,108.740111515,103.422469134
imulq,1400,0xAA,74,2.006354928,0.000662717,218.299917000,10.768832000,207.531085000,108.804236960,103.436875557
imulq,1400,0xAA,75,2.006198654,0.000454939,218.373464000,10.908175000,207.465289000,108.849372194,103.412136466
imulq,1400,0xAA,76,2.006184532,0.000438300,218.179923000,10.911166000,207.268757000,108.753666220,103.314901329
imulq,1400,0xAA,77,2.006463755,0.000816828,218.473135000,10.961764000,207.511371000,108.884665584,103.421440060
imulq,1400,0xAA,78,2.006173502,0.000453570,218.504568000,10.819003000,207.685565000,108.916087169,103.523232069
imulq,1400,0xAA,79,2.006360068,0.000691104,218.295950000,10.890353000,207.405597000,108.801981019,103.374065474
imulq,1400,0xAA,80,2.006379192,0.000763990,218.511953000,10.947116000,207.564837000,108.908602068,103.452446998
imulq,1400,0xAA,81,2.006238473,0.000614523,218.414114000,10.765658000,207.648456000,108.867473576,103.501382683
imulq,1400,0xAA,82,2.006430749,0.000803993,218.216177000,10.858005000,207.358172000,108.758389526,103.346787355
imulq,1400,0xAA,83,2.006131499,0.000446301,218.498525000,10.649265000,207.849260000,108.915355304,103.606996901
imulq,1400,0xAA,84,2.006459176,0.000664457,218.527394000,10.933871000,207.593523000,108.911956270,103.462619881
imulq,1400,0xAA,85,2.006275483,0.000481246,218.387136000,10.784396000,207.602740000,108.852018496,103.476686898
imulq,1400,0xAA,86,2.006254087,0.000473202,218.334341000,10.880160000,207.454181000,108.826864164,103.403742501
imulq,1400,0xAA,87,2.006456867,0.000752520,218.709706000,10.889987000,207.819719000,109.002944266,103.575472995
imulq,1400,0xAA,88,2.006241384,0.000454128,218.505361000,10.782138000,207.723223000,108.912797203,103.538499730
imulq,1400,0xAA,89,2.006424551,0.000665748,218.396780000,10.818515000,207.578265000,108.848737889,103.456800776
imulq,1400,0xAA,90,2.006478553,0.000682419,218.422903000,10.808932000,207.613971000,108.858827677,103.471811710
imulq,1400,0xAA,91,2.006192117,0.000605514,218.662648000,10.684421000,207.978227000,108.993872581,103.668150827
imulq,1400,0xAA,92,2.006471137,0.000750445,218.497609000,10.945895000,207.551714000,108.896462515,103.441166001
imulq,1400,0xAA,93,2.006192715,0.000458443,218.537283000,10.951694000,207.585589000,108.931351115,103.472406957
imulq,1400,0xAA,94,2.006435519,0.000731212,218.492178000,10.950533000,207.541645000,108.895688888,103.437983968
imulq,1400,0xAA,95,2.006485426,0.000934315,218.555227000,11.021273000,207.533954000,108.924402936,103.431578090
imulq,1400,0xAA,96,2.006157260,0.000446053,218.267995000,10.930269000,207.337726000,108.799045506,103.350684493
imulq,1400,0xAA,97,2.006347568,0.000732682,218.253226000,10.711765000,207.541461000,108.781364456,103.442426591
imulq,1400,0xAA,98,2.006132472,0.000446589,218.362478000,10.867648000,207.494830000,108.847486890,103.430273347
imulq,1400,0xAA,99,2.006640134,0.000694884,218.420339000,10.961215000,207.459124000,108.848784220,103.386312493
imulq,1600,0x00,0,1.755230248,0.000560220,191.122374000,9.396033000,181.726341000,108.887352054,103.534189408
imulq,1600,0x00,1,1.755343747,0.000648493,191.225524000,9.320167000,181.905357000,108.939074929,103.629478438
imulq,1600,0x00,2,1.755077622,0.000248292,190.941711000,9.406104000,181.535607000,108.793883869,103.434517490
imulq,1600,0x00,3,1.755120725,0.000382678,191.112609000,9.353979000,181.758630000,108.888583122,103.559047174
imulq,1600,0x00,4,1.755237330,0.000386507,191.215208000,9.493994000,181.721214000,108.939802460,103.530850725
imulq,1600,0x00,5,1.755226260,0.000398673,191.070983000,9.426002000,181.644981000,108.858320652,103.488071689
imulq,1600,0x00,6,1.755186222,0.000310582,191.153442000,9.336646000,181.816796000,108.907784002,103.588322238
imulq,1600,0x00,7,1.755226035,0.000397676,191.237364000,9.447668000,181.789696000,108.953126388,103.570533028
imulq,1600,0x00,8,1.755235794,0.000424785,191.052612000,9.475622000,181.576990000,108.847262941,103.448773443
imulq,1600,0x00,9,1.755223272,0.000394501,191.080199000,9.535437000,181.544762000,108.863756538,103.431150243
imulq,1600,0x00,10,1.755362139,0.000539201,191.603513000,9.685034000,181.918479000,109.153267424,103.635868032
imulq,1600,0x00,11,1.755301866,0.000424829,191.391355000,9.636938000,181.754417000,109.036148526,103.545960094
imulq,1600,0x00,12,1.755223626,0.000393597,191.390745000,9.603980000,181.786765000,109.040661363,103.569005297
imulq,1600,0x00,13,1.755206368,0.000386825,191.440794000,9.424902000,182.015892000,109.070248084,103.700564968
imulq,1600,0x00,14,1.755266376,0.000428780,191.272338000,9.531225000,181.741113000,108.970547468,103.540474217
imulq,1600,0x00,15,1.755207021,0.000316540,191.133056000,9.358985000,181.774071000,108.894878880,103.562752877
imulq,1600,0x00,16,1.755244672,0.000409722,191.180480000,9.623206000,181.557274000,108.919561516,103.437017598
imulq,1600,0x00,17,1.755275487,0.000410474,191.404356000,9.485815000,181.918541000,109.045194011,103.641019526
imulq,1600,0x00,18,1.755277168,0.000401986,191.081847000,9.563269000,181.518578000,108.861352762,103.413057089
imulq,1600,0x00,19,1.755229880,0.000298394,190.891113000,9.657568000,181.233545000,108.755619523,103.253452479
imulq,1600,0x00,20,1.755462723,0.000617269,191.197630000,9.514075000,181.683555000,108.915801819,103.496105418
imulq,1600,0x00,21,1.755288923,0.000498635,191.063659000,9.577246000,181.486413000,108.850261883,103.394039906
imulq,1600,0x00,22,1.755172516,0.000402617,191.182738000,9.724584000,181.458154000,108.925325735,103.384796863
imulq,1600,0x00,23,1.755162029,0.000310989,191.133544000,9.850195000,181.283349000,108.897948364,103.285819775
imulq,1600,0x00,24,1.755211460,0.000394759,191.060241000,9.459753000,181.600488000,108.853118497,103.463595230
imulq,1600,0x00,25,1.755259718,0.000428418,191.405760000,9.673925000,181.731835000,109.046973526,103.535581166
imulq,1600,0x00,26,1.755211737,0.000392963,191.121459000,9.879675000,181.241784000,108.887979140,103.259213793
imulq,1600,0x00,27,1.755210123,0.000279438,191.284362000,9.657629000,181.626733000,108.980890395,103.478626663
imulq,1600,0x00,28,1.755237445,0.000414447,191.293944000,9.731543000,181.562401000,108.984653093,103.440364467
imulq,1600,0x00,29,1.755234118,0.000406403,191.007018000,9.645300000,181.361718000,108.821390832,103.326226456
imulq,1600,0x00,30,1.755418306,0.000609659,191.214415000,9.674902000,181.539513000,108.928119524,103.416668510
imulq,1600,0x00,31,1.755285286,0.000390534,191.416380000,9.691381000,181.724999000,109.051435397,103.530178496
imulq,1600,0x00,32,1.755215249,0.000398856,190.839111000,9.838170000,181.000941000,108.726898938,103.121791527
imulq,1600,0x00,33,1.755222047,0.000384109,191.276000000,9.829259000,181.446741000,108.975385926,103.375377075
imulq,1600,0x00,34,1.755243599,0.000422702,191.203612000,9.675757000,181.527855000,108.932806902,103.420320198
imulq,1600,0x00,35,1.755203302,0.000296105,191.214964000,9.810155000,181.404809000,108.941775446,103.352590997
imulq,1600,0x00,36,1.755222112,0.000400127,191.164794000,9.785497000,181.379297000,108.912024669,103.336948483
imulq,1600,0x00,37,1.755494521,0.000909076,191.716123000,9.622840000,182.093283000,109.209183324,103.727628194
imulq,1600,0x00,38,1.755339932,0.000445013,191.423460000,9.518469000,181.904991000,109.052073894,103.629495152
imulq,1600,0x00,39,1.755259373,0.000340738,191.384337000,9.641394000,181.742943000,109.034789937,103.541929936
imulq,1600,0x00,40,1.755412545,0.000623146,191.757626000,10.008825000,181.748801000,109.237926156,103.536232257
imulq,1600,0x00,41,1.755285926,0.000429082,191.519651000,9.672582000,181.847069000,109.110229927,103.599684975
imulq,1600,0x00,42,1.755510141,0.000460474,191.123046000,9.868810000,181.254236000,108.870374204,103.248754728
imulq,1600,0x00,43,1.755242469,0.000394896,191.372252000,9.611670000,181.760582000,109.028954892,103.552976405
imulq,1600,0x00,44,1.755209129,0.000283880,191.348265000,9.758215000,181.590050000,109.017359698,103.457785721
imulq,1600,0x00,45,1.755232056,0.000404854,191.393797000,9.648535000,181.745262000,109.041876479,103.544862584
imulq,1600,0x00,46,1.755210679,0.000391862,191.246276000,9.678564000,181.567712000,108.959157051,103.444967719
imulq,1600,0x00,47,1.755227767,0.000391283,191.203063000,9.732336000,181.470727000,108.933476659,103.388705672
imulq,1600,0x00,48,1.755284096,0.000374031,191.047362000,9.817785000,181.229577000,108.841276707,103.248002648
imulq,1600,0x00,49,1.755269572,0.000420702,190.987975000,9.831762000,181.156213000,108.808343782,103.207060561
imulq,1600,0x00,50,1.755418295,0.000621883,191.518492000,9.759435000,181.759057000,109.101342148,103.541735626
imulq,1600,0x00,51,1.755289258,0.000459654,191.294737000,9.802831000,181.491906000,108.981887796,103.397149581
imulq,1600,0x00,52,1.755213055,0.000294099,191.315734000,9.762304000,181.553430000,108.998581964,103.436690788
imulq,1600,0x00,53,1.755199344,0.000397004,191.650388000,9.536535000,182.113853000,109.190097779,103.756791851
imulq,1600,0x00,54,1.755241841,0.000429502,191.216002000,9.569921000,181.646081000,108.939974813,103.487779694
imulq,1600,0x00,55,1.755235047,0.000402675,191.302855000,9.613379000,181.689476000,108.989878765,103.512903465
imulq,1600,0x00,56,1.755231385,0.000346830,191.268370000,9.730749000,181.537621000,108.970459188,103.426603783
imulq,1600,0x00,57,1.755226721,0.000391291,191.192381000,9.753881000,181.438500000,108.927455773,103.370406712
imulq,1600,0x00,58,1.755220170,0.000394180,191.509215000,9.695105000,181.814110000,109.108371877,103.584788473
imulq,1600,0x00,59,1.755227145,0.000392416,191.448301000,9.951207000,181.497094000,109.073233935,103.403764301
imulq,1600,0x00,60,1.755385787,0.000585920,191.783140000,9.872778000,181.910362000,109.254126003,103.629847813
imulq,1600,0x00,61,1.755289213,0.000413793,191.092162000,9.985875000,181.106287000,108.866482291,103.177462541
imulq,1600,0x00,62,1.755296990,0.000420075,191.685788000,9.906468000,181.779320000,109.204191109,103.560435065
imulq,1600,0x00,63,1.755249721,0.000412402,191.445921000,9.774756000,181.671165000,109.070475133,103.501605994
imulq,1600,0x00,64,1.755263011,0.000323302,191.709958000,9.743627000,181.966331000,109.220075172,103.668982863
imulq,1600,0x00,65,1.755245732,0.000427930,191.512022000,9.794226000,181.717796000,109.108382110,103.528407852
imulq,1600,0x00,66,1.755256672,0.000388937,191.393980000,9.719702000,181.674278000,109.040451461,103.502969592
imulq,1600,0x00,67,1.755218788,0.000398456,191.234862000,9.595557000,181.639305000,108.952150772,103.485278455
imulq,1600,0x00,68,1.755224786,0.000304160,191.278136000,9.691870000,181.586266000,108.976432841,103.454707032
imulq,1600,0x00,69,1.755213444,0.000387826,191.528074000,9.755407000,181.772667000,109.119534540,103.561574034
imulq,1600,0x00,70,1.755340017,0.000609571,191.785153000,9.821142000,181.964011000,109.258121589,103.663113269
imulq,1600,0x00,71,1.755252019,0.000424227,191.790464000,9.791784000,181.998680000,109.266624909,103.688061892
imulq,1600,0x00,72,1.755146216,0.000288446,191.286680000,9.802648000,181.484032000,108.986179191,103.401090091
imulq,1600,0x00,73,1.755226061,0.000397087,191.268981000,9.866246000,181.402735000,108.971137814,103.350069270
imulq,1600,0x00,74,1.755212041,0.000399877,191.456480000,9.717932000,181.738548000,109.078832373,103.542218122
imulq,1600,0x00,75,1.755263469,0.000397554,191.434996000,9.674109000,181.760887000,109.063396673,103.551911263
imulq,1600,0x00,76,1.755258454,0.000398405,191.107665000,9.555090000,181.552575000,108.877222380,103.433528331
imulq,1600,0x00,77,1.755277865,0.000338612,191.133605000,9.745276000,181.388329000,108.890796637,103.338811851
imulq,1600,0x00,78,1.755259689,0.000390544,191.370360000,9.713598000,181.656762000,109.026807343,103.492812540
imulq,1600,0x00,79,1.755268139,0.000411491,191.361143000,9.610998000,181.750145000,109.021031461,103.545515905
imulq,1600,0x00,80,1.755422843,0.000611374,191.783994000,9.543860000,182.240134000,109.252306200,103.815519254
imulq,1600,0x00,81,1.755267429,0.000349125,191.639463000,9.537146000,182.102317000,109.179638283,103.746195013
imulq,1600,0x00,82,1.755179184,0.000411003,191.828916000,9.689733000,182.139183000,109.293066895,103.772415165
imulq,1600,0x00,83,1.755398161,0.001383596,192.446101000,9.565466000,182.880635000,109.631025733,104.181854024
imulq,1600,0x00,84,1.755252399,0.000412691,191.417235000,9.497412000,181.919823000,109.053965744,103.643113148
imulq,1600,0x00,85,1.755273442,0.000316423,191.762327000,9.505591000,182.256736000,109.249261358,103.833813956
imulq,1600,0x00,86,1.755262508,0.000408703,191.419188000,9.544165000,181.875023000,109.054450315,103.616992981
imulq,1600,0x00,87,1.755252187,0.000402104,191.913327000,9.582006000,182.331321000,109.336611835,103.877563800
imulq,1600,0x00,88,1.755306833,0.000438934,191.656369000,9.683569000,181.972800000,109.186818764,103.670080140
imulq,1600,0x00,89,1.755250793,0.000327510,191.678831000,9.743017000,181.935814000,109.203101761,103.652318342
imulq,1600,0x00,90,1.755433544,0.000605898,191.920285000,9.763036000,182.157249000,109.329279711,103.767670141
imulq,1600,0x00,91,1.755313985,0.000449336,191.845700000,9.814551000,182.031149000,109.294235456,103.702899044
imulq,1600,0x00,92,1.755251176,0.000422631,191.723387000,9.800146000,181.923241000,109.228462336,103.645132650
imulq,1600,0x00,93,1.755486953,0.000880439,191.946714000,9.740698000,182.206016000,109.341008581,103.792292891
imulq,1600,0x00,94,1.755299052,0.000433457,191.658506000,9.516211000,182.142295000,109.188520171,103.767101532
imulq,1600,0x00,95,1.755211593,0.000385518,191.884031000,9.454138000,182.429893000,109.322449661,103.936125847
imulq,1600,0x00,96,1.755213745,0.000407937,191.965573000,9.449439000,182.516134000,109.368772616,103.985132574
imulq,1600,0x00,97,1.755216042,0.000339088,191.888181000,9.379920000,182.508261000,109.324536930,103.980511023
imulq,1600,0x00,98,1.755220090,0.000396543,191.958066000,9.475013000,182.483053000,109.364100327,103.965909494
imulq,1600,0x00,99,1.755233441,0.000428832,192.238644000,9.483252000,182.755392000,109.523120711,104.120276975
imulq,1600,0xAA,0,1.755449426,0.000615337,197.893048000,9.411536000,188.481512000,112.730703053,107.369377424
imulq,1600,0xAA,1,1.755229492,0.000348784,197.586775000,9.486853000,188.099922000,112.570336736,107.165429263
imulq,1600,0xAA,2,1.755117796,0.000372760,197.866498000,9.514929000,188.351569000,112.736876352,107.315628263
imulq,1600,0xAA,3,1.755146104,0.000378139,197.790815000,9.643835000,188.146980000,112.691937448,107.197332197
imulq,1600,0xAA,4,1.755558927,0.001220407,198.149884000,9.601476000,188.548408000,112.869970298,107.400785613
imulq,1600,0xAA,5,1.755173304,0.000307432,197.697370000,9.529090000,188.168280000,112.636951329,107.207806538
imulq,1600,0xAA,6,1.755153920,0.000371480,198.042400000,9.655737000,188.386663000,112.834776323,107.333414369
imulq,1600,0xAA,7,1.755174456,0.000384145,197.885175000,9.528540000,188.356635000,112.743878150,107.315050282
imulq,1600,0xAA,8,1.755175899,0.000380200,198.083172000,9.737463000,188.345709000,112.856592947,107.308737029
imulq,1600,0xAA,9,1.755141673,0.000305718,197.808454000,9.370338000,188.438116000,112.702271844,107.363478890
imulq,1600,0xAA,10,1.755366321,0.000591919,198.156353000,9.431800000,188.724553000,112.886040178,107.512916695
imulq,1600,0xAA,11,1.755178951,0.000410588,197.906353000,9.433082000,188.473271000,112.755655395,107.381227909
imulq,1600,0xAA,12,1.755110994,0.000357493,197.778242000,9.302466000,188.475776000,112.687028157,107.386812939
imulq,1600,0xAA,13,1.755148623,0.000282032,197.910504000,9.496802000,188.413702000,112.759968793,107.349143821
imulq,1600,0xAA,14,1.755128919,0.000368639,197.443465000,9.434913000,188.008552000,112.495135156,107.119511237
imulq,1600,0xAA,15,1.755148275,0.000359568,197.781659000,9.312354000,188.469305000,112.686581398,107.380845050
imulq,1600,0xAA,16,1.755223093,0.000406983,197.640241000,9.350439000,188.289802000,112.601208271,107.273999986
imulq,1600,0xAA,17,1.755249683,0.000322599,197.867047000,9.426916000,188.440131000,112.728718265,107.358020244
imulq,1600,0xAA,18,1.755294980,0.000421314,197.632612000,9.527564000,188.105048000,112.592250442,107.164351366
imulq,1600,0xAA,19,1.755902220,0.003638449,199.712135000,9.507239000,190.204896000,113.737617451,108.323170740
imulq,1600,0xAA,20,1.755417683,0.000602411,197.893903000,9.371985000,188.521918000,112.733228617,107.394336859
imulq,1600,0xAA,21,1.755179773,0.000296276,197.971722000,9.322425000,188.649297000,112.792846106,107.481467098
imulq,1600,0xAA,22,1.755188784,0.000409841,197.783552000,9.369117000,188.414435000,112.685059175,107.347105170
imulq,1600,0xAA,23,1.755174598,0.000383884,198.094525000,9.384498000,188.710027000,112.863144928,107.516384548
imulq,1600,0xAA,24,1.755284804,0.000411568,198.069623000,9.606299000,188.463324000,112.841871879,107.369085368
imulq,1600,0xAA,25,1.755253471,0.000397938,198.186931000,9.521765000,188.665166000,112.910718771,107.485995129
imulq,1600,0xAA,26,1.755171643,0.000291087,197.714764000,9.611181000,188.103583000,112.646968050,107.171047198
imulq,1600,0xAA,27,1.755216643,0.000413227,197.806257000,9.518714000,188.287543000,112.696206377,107.273107161
imulq,1600,0xAA,28,1.755215503,0.000391597,197.820966000,9.410071000,188.410895000,112.704659692,107.343454198
imulq,1600,0xAA,29,1.755162061,0.000385159,197.646711000,9.570349000,188.076362000,112.608809999,107.156123199
imulq,1600,0xAA,30,1.755367783,0.000536204,197.947064000,9.682166000,188.264898000,112.766718162,107.250970353
imulq,1600,0xAA,31,1.755237832,0.000406576,197.787518000,9.690039000,188.097479000,112.684169889,107.163528283
imulq,1600,0xAA,32,1.755118641,0.000370658,197.783307000,9.639929000,188.143378000,112.689423012,107.196957276
imulq,1600,0xAA,33,1.755159669,0.000403504,197.760541000,9.668677000,188.091864000,112.673817933,107.165101450
imulq,1600,0xAA,34,1.755143391,0.000301084,197.739545000,9.600073000,188.139472000,112.662900400,107.193220230
imulq,1600,0xAA,35,1.755235881,0.000382644,197.246627000,9.484473000,187.762154000,112.376136527,106.972604670
imulq,1600,0xAA,36,1.755263830,0.000418296,197.441206000,9.392676000,188.048530000,112.485201728,107.134054032
imulq,1600,0xAA,37,1.755280753,0.000401046,197.674360000,9.381263000,188.293097000,112.616947267,107.272353256
imulq,1600,0xAA,38,1.755158927,0.000275400,197.700849000,9.504004000,188.196845000,112.639856126,107.224959586
imulq,1600,0xAA,39,1.755201885,0.000413595,198.127606000,9.481787000,188.645819000,112.880237696,107.478131488
imulq,1600,0xAA,40,1.755422058,0.000614294,198.270855000,9.394324000,188.876531000,112.947683479,107.596079313
imulq,1600,0xAA,41,1.755532254,0.000975591,198.416667000,9.438148000,188.978519000,113.023652251,107.647420639
imulq,1600,0xAA,42,1.755241382,0.000328287,198.172405000,9.525732000,188.646673000,112.903220594,107.476199504
imulq,1600,0xAA,43,1.755216295,0.000384820,198.357403000,9.524695000,188.832708000,113.010233320,107.583725471
imulq,1600,0xAA,44,1.755255513,0.000420268,198.063152000,9.349402000,188.713750000,112.840068296,107.513549206
imulq,1600,0xAA,45,1.755261491,0.000402971,198.165447000,9.568945000,188.596502000,112.897963044,107.446385005
imulq,1600,0xAA,46,1.755238165,0.000294826,198.127789000,9.378333000,188.749456000,112.878008759,107.534954361
imulq,1600,0xAA,47,1.755276353,0.000399598,197.773725000,9.411169000,188.362556000,112.673838880,107.312193699
imulq,1600,0xAA,48,1.755178379,0.000383441,197.886335000,9.498572000,188.387763000,112.744287065,107.332545379
imulq,1600,0xAA,49,1.755424068,0.000886046,197.781476000,9.484961000,188.296515000,112.668773073,107.265542497
imulq,1600,0xAA,50,1.755367574,0.000544992,197.957196000,9.527197000,188.429999000,112.772503571,107.345038041
imulq,1600,0xAA,51,1.755234085,0.000403573,197.827191000,9.572668000,188.254523000,112.707013123,107.253228876
imulq,1600,0xAA,52,1.755223970,0.000389625,197.810528000,9.476050000,188.334478000,112.698169246,107.299399537
imulq,1600,0xAA,53,1.755288309,0.000409683,197.809796000,9.515051000,188.294745000,112.693621298,107.272830338
imulq,1600,0xAA,54,1.755216650,0.000276418,198.147259000,9.337989000,188.809270000,112.890485053,107.570350357
imulq,1600,0xAA,55,1.755236989,0.000389816,197.603987000,9.463660000,188.140327000,112.579662000,107.187991213
imulq,1600,0xAA,56,1.755255313,0.000432529,197.839154000,9.421485000,188.417669000,112.712465540,107.344878882
imulq,1600,0xAA,57,1.755205204,0.000388095,197.731000000,9.366676000,188.364324000,112.654064369,107.317551020
imulq,1600,0xAA,58,1.755254868,0.000393253,197.595136000,9.292578000,188.302558000,112.573472743,107.279325340
imulq,1600,0xAA,59,1.755191178,0.000301879,197.524396000,9.288184000,188.236212000,112.537254360,107.245418280
imulq,1600,0xAA,60,1.755330792,0.000558748,197.618330000,9.281715000,188.336615000,112.581816977,107.294087143
imulq,1600,0xAA,61,1.755239215,0.000434640,197.699689000,9.301856000,188.397833000,112.634042849,107.334562346
imulq,1600,0xAA,62,1.755245722,0.000392917,197.767743000,9.374915000,188.392828000,112.672397072,107.331312983
imulq,1600,0xAA,63,1.755208720,0.000277490,197.421797000,9.349280000,188.072517000,112.477675601,107.151084014
imulq,1600,0xAA,64,1.755275935,0.000414301,197.624739000,9.312354000,188.312385000,112.588986775,107.283636308
imulq,1600,0xAA,65,1.755249960,0.000393695,197.754926000,9.346290000,188.408636000,112.664822966,107.340059990
imulq,1600,0xAA,66,1.755273036,0.000398511,197.546125000,9.427466000,188.118659000,112.544385367,107.173445458
imulq,1600,0xAA,67,1.755288320,0.000361354,197.621625000,9.426673000,188.194952000,112.586418277,107.215976913
imulq,1600,0xAA,68,1.755218076,0.000381335,197.914471000,9.457434000,188.457037000,112.757767098,107.369585350
imulq,1600,0xAA,69,1.755247840,0.000377563,197.994915000,9.350013000,188.644902000,112.801685620,107.474795144
imulq,1600,0xAA,70,1.755392735,0.000603249,198.110393000,9.493078000,188.617315000,112.858159322,107.450208264
imulq,1600,0xAA,71,1.755167746,0.000302670,197.963849000,9.369849000,188.594000000,112.789133343,107.450698303
imulq,1600,0xAA,72,1.755175536,0.000365358,198.002240000,9.325782000,188.676458000,112.810505823,107.497201364
imulq,1600,0xAA,73,1.755464878,0.000434109,198.328410000,9.520728000,188.807682000,112.977714611,107.554234985
imulq,1600,0xAA,74,1.755126348,0.000356754,197.644819000,9.524084000,188.120735000,112.610023307,107.183585485
imulq,1600,0xAA,75,1.755149604,0.000296910,197.720441000,9.377906000,188.342535000,112.651617048,107.308536333
imulq,1600,0xAA,76,1.755152323,0.000355433,197.428144000,9.530249000,187.897895000,112.484905989,107.055035955
imulq,1600,0xAA,77,1.755126785,0.000359073,197.834271000,9.323096000,188.511175000,112.717937329,107.406015662
imulq,1600,0xAA,78,1.755135609,0.000358576,197.596540000,9.401221000,188.195319000,112.581921861,107.225514669
imulq,1600,0xAA,79,1.755183989,0.000312063,197.873578000,9.336158000,188.537420000,112.736658504,107.417468005
imulq,1600,0xAA,80,1.755453270,0.000573393,197.668134000,9.430029000,188.238105000,112.602333181,107.230484690
imulq,1600,0xAA,81,1.755251064,0.000399164,197.768292000,9.329566000,188.438726000,112.672366936,107.357135293
imulq,1600,0xAA,82,1.755279442,0.000401918,197.819074000,9.357215000,188.461859000,112.699476377,107.368578756
imulq,1600,0xAA,83,1.755268154,0.000397371,198.077374000,9.411902000,188.665472000,112.847358143,107.485270317
imulq,1600,0xAA,84,1.755300575,0.000359716,197.963055000,9.406776000,188.556279000,112.780145930,107.421077441
imulq,1600,0xAA,85,1.755260619,0.000394298,197.861004000,9.317725000,188.543279000,112.724573104,107.416116402
imulq,1600,0xAA,86,1.755282074,0.000394904,197.911054000,9.304602000,188.606452000,112.751709246,107.450793718
imulq,1600,0xAA,87,1.755295857,0.000418195,197.911419000,9.293433000,188.617986000,112.751031835,107.456520961
imulq,1600,0xAA,88,1.755228518,0.000286811,197.729047000,9.333533000,188.395514000,112.651455331,107.333895308
imulq,1600,0xAA,89,1.755266199,0.000392591,198.032940000,9.264015000,188.768925000,112.822169171,107.544328689
imulq,1600,0xAA,90,1.755453036,0.000663368,197.954267000,9.253028000,188.701239000,112.765344850,107.494324886
imulq,1600,0xAA,91,1.755271606,0.000396206,197.888470000,9.247230000,188.641240000,112.739515252,107.471253652
imulq,1600,0xAA,92,1.755231567,0.000312019,197.775678000,9.296790000,188.478888000,112.677826490,107.381209124
imulq,1600,0xAA,93,1.755233729,0.000386110,197.919049000,9.298682000,188.620367000,112.759369708,107.461680947
imulq,1600,0xAA,94,1.755288311,0.000393776,197.708478000,9.438086000,188.270392000,112.635899623,107.258956166
imulq,1600,0xAA,95,1.755269744,0.000391755,197.991009000,9.330237000,188.660772000,112.798052681,107.482495323
imulq,1600,0xAA,96,1.755376063,0.000460667,197.882550000,9.415870000,188.466680000,112.729433971,107.365415287
imulq,1600,0xAA,97,1.755420804,0.000812274,198.227886000,9.501929000,188.725957000,112.923286289,107.510379607
imulq,1600,0xAA,98,1.755232454,0.000393231,197.779523000,9.551428000,188.228095000,112.679960171,107.238271819
imulq,1600,0xAA,99,1.755281681,0.000389639,197.625043000,9.408240000,188.216803000,112.588791410,107.228831180
imulq,1800,0x00,0,1.560315652,0.000477938,175.598671000,8.679971000,166.918700000,112.540479067,106.977520708
imulq,1800,0x00,1,1.560156199,0.000377591,175.788246000,8.484841000,167.303405000,112.673491388,107.235035285
imulq,1800,0x00,2,1.560238009,0.000587946,175.843788000,8.505654000,167.338134000,112.703181821,107.251671249
imulq,1800,0x00,3,1.560208394,0.000511220,175.956398000,8.429239000,167.527159000,112.777497335,107.374860718
imulq,1800,0x00,4,1.560105295,0.000262700,175.605202000,8.432840000,167.172362000,112.559839738,107.154537913
imulq,1800,0x00,5,1.560149150,0.000449629,175.726296000,8.687295000,167.039001000,112.634292694,107.066046222
imulq,1800,0x00,6,1.560076052,0.000341573,175.937171000,8.611795000,167.325376000,112.774739920,107.254627622
imulq,1800,0x00,7,1.560359055,0.000506534,175.863014000,8.715676000,167.147338000,112.706760332,107.121074157
imulq,1800,0x00,8,1.560265925,0.000732634,175.812660000,8.673805000,167.138855000,112.681214903,107.122031137
imulq,1800,0x00,9,1.560073265,0.000241909,175.754188000,8.752175000,167.002013000,112.657650119,107.047545005
imulq,1800,0x00,10,1.560399225,0.000664772,175.759194000,8.442178000,167.317016000,112.637324595,107.227056591
imulq,1800,0x00,11,1.560168651,0.000340075,175.783913000,8.421975000,167.361938000,112.669814825,107.271696490
imulq,1800,0x00,12,1.560093040,0.000340160,175.879554000,8.431192000,167.448362000,112.736580095,107.332292157
imulq,1800,0x00,13,1.560234779,0.000501846,175.690957000,8.400247000,167.290710000,112.605461320,107.221497883
imulq,1800,0x00,14,1.560186167,0.000270801,175.818031000,8.365518000,167.452513000,112.690417799,107.328546135
imulq,1800,0x00,15,1.560139968,0.000347550,175.740761000,8.346353000,167.394408000,112.644227177,107.294480892
imulq,1800,0x00,16,1.560675327,0.000838846,176.476721000,8.446451000,168.030270000,113.077151863,107.665103084
imulq,1800,0x00,17,1.560329428,0.000806797,176.164283000,8.349038000,167.815245000,112.901980706,107.551163213
imulq,1800,0x00,18,1.560101084,0.000283069,175.795388000,8.363810000,167.431578000,112.682049777,107.320980493
imulq,1800,0x00,19,1.560197774,0.000497420,176.082008000,8.439249000,167.642759000,112.858774013,107.449684768
imulq,1800,0x00,20,1.560279083,0.000525028,175.972999000,8.509439000,167.463560000,112.783027707,107.329234796
imulq,1800,0x00,21,1.560611927,0.002364615,177.012059000,8.582070000,168.429989000,113.424776503,107.925606689
imulq,1800,0x00,22,1.560154184,0.000370976,175.862282000,8.338296000,167.523986000,112.721091166,107.376557859
imulq,1800,0x00,23,1.560455797,0.001204095,176.447607000,8.419961000,168.027646000,113.074402607,107.678568250
imulq,1800,0x00,24,1.560256263,0.000502139,175.869179000,8.516885000,167.352294000,112.718136867,107.259491898
imulq,1800,0x00,25,1.560087797,0.000270491,175.879982000,8.315958000,167.564024000,112.737233306,107.406790998
imulq,1800,0x00,26,1.560231910,0.000581899,175.826759000,8.392740000,167.434019000,112.692707989,107.313546117
imulq,1800,0x00,27,1.560107017,0.000274929,175.717018000,8.323160000,167.393858000,112.631387486,107.296394497
imulq,1800,0x00,28,1.560086905,0.000356071,175.721962000,8.358988000,167.362974000,112.636008577,107.277981422
imulq,1800,0x00,29,1.560200238,0.000377393,175.789650000,8.336831000,167.452819000,112.671210860,107.327774296
imulq,1800,0x00,30,1.560238608,0.000499352,175.795814000,8.255961000,167.539853000,112.672390689,107.380917347
imulq,1800,0x00,31,1.560133511,0.000372746,175.644570000,8.337259000,167.307311000,112.583037771,107.239098331
imulq,1800,0x00,32,1.560064554,0.000241491,175.714760000,8.413980000,167.300780000,112.633005852,107.239652109
imulq,1800,0x00,33,1.560352952,0.000936415,176.132056000,8.398111000,167.733945000,112.879624917,107.497438158
imulq,1800,0x00,34,1.560130396,0.000304303,175.687173000,8.553140000,167.134033000,112.610569869,107.128246071
imulq,1800,0x00,35,1.560087182,0.000356453,175.950843000,8.661904000,167.288939000,112.782698979,107.230506703
imulq,1800,0x00,36,1.560113835,0.000368515,175.778054000,8.548624000,167.229430000,112.670018116,107.190530779
imulq,1800,0x00,37,1.560247807,0.000532266,176.012611000,8.621744000,167.390867000,112.810676734,107.284795550
imulq,1800,0x00,38,1.560450471,0.002093768,176.840124000,8.501687000,168.338437000,113.326329317,107.878103208
imulq,1800,0x00,39,1.560157048,0.000292377,176.047462000,8.508707000,167.538755000,112.839577424,107.385827104
imulq,1800,0x00,40,1.560434476,0.000683916,176.181007000,8.508584000,167.672423000,112.905097749,107.452395869
imulq,1800,0x00,41,1.560175108,0.000288110,175.843239000,8.333292000,167.509947000,112.707373765,107.366119467
imulq,1800,0x00,42,1.560086879,0.000341108,175.961769000,8.521951000,167.439818000,112.789724314,107.327239426
imulq,1800,0x00,43,1.560252990,0.000485511,175.825966000,8.491800000,167.334166000,112.690677173,107.248098274
imulq,1800,0x00,44,1.560112183,0.000356097,176.055397000,8.431253000,167.624144000,112.847908550,107.443647825
imulq,1800,0x00,45,1.560122409,0.000354846,176.012550000,8.404763000,167.607787000,112.819705065,107.432459196
imulq,1800,0x00,46,1.560206277,0.000440661,176.065773000,8.437052000,167.628721000,112.847753274,107.440101655
imulq,1800,0x00,47,1.560055086,0.000332254,176.124854000,8.374002000,167.750852000,112.896560890,107.528800433
imulq,1800,0x00,48,1.560075653,0.000269219,176.151221000,8.361307000,167.789914000,112.911973637,107.552421372
imulq,1800,0x00,49,1.560246545,0.000496585,176.274329000,8.352579000,167.921750000,112.978509398,107.625138148
imulq,1800,0x00,50,1.560258871,0.000502903,176.307227000,8.474404000,167.832823000,112.998701904,107.567292949
imulq,1800,0x00,51,1.560141062,0.000366165,175.906837000,8.574746000,167.332091000,112.750597528,107.254462462
imulq,1800,0x00,52,1.560116890,0.000354985,175.904884000,8.495279000,167.409605000,112.751092623,107.305808970
imulq,1800,0x00,53,1.560239515,0.000533975,176.124060000,8.427407000,167.696653000,112.882706971,107.481352295
imulq,1800,0x00,54,1.560110197,0.000353336,176.195228000,8.408059000,167.787169000,112.937681142,107.548280435
imulq,1800,0x00,55,1.560074857,0.000239080,175.833291000,8.423013000,167.410278000,112.708239764,107.309131533
imulq,1800,0x00,56,1.560259342,0.000571859,175.940529000,8.487344000,167.453185000,112.763643971,107.323943167
imulq,1800,0x00,57,1.560080229,0.000269792,176.157813000,8.451699000,167.706114000,112.915867883,107.498390727
imulq,1800,0x00,58,1.560105430,0.000348726,176.174476000,8.554422000,167.620054000,112.924724604,107.441491332
imulq,1800,0x00,59,1.560219997,0.000438030,176.324682000,8.354593000,167.970089000,113.012704857,107.657951669
imulq,1800,0x00,60,1.560301646,0.000531025,176.393592000,8.475625000,167.917967000,113.050955567,107.618912971
imulq,1800,0x00,61,1.560164151,0.000368695,176.169837000,8.303140000,167.866697000,112.917500935,107.595535299
imulq,1800,0x00,62,1.560228926,0.000471498,176.271705000,8.557779000,167.713926000,112.978103425,107.493152559
imulq,1800,0x00,63,1.560135365,0.000360564,176.122474000,8.484048000,167.638426000,112.889226119,107.451205682
imulq,1800,0x00,64,1.560095585,0.000245608,175.820595000,8.581460000,167.239135000,112.698604305,107.198005442
imulq,1800,0x00,65,1.560311575,0.001363054,176.565100000,8.734963000,167.830137000,113.160155182,107.561938045
imulq,1800,0x00,66,1.560221786,0.000529159,176.061378000,8.671609000,167.389769000,112.843814640,107.285881095
imulq,1800,0x00,67,1.560100193,0.000353427,176.171546000,8.398050000,167.773496000,112.923225602,107.540205947
imulq,1800,0x00,68,1.560355404,0.000389704,176.235389000,8.427957000,167.807432000,112.945671564,107.544365569
imulq,1800,0x00,69,1.560249249,0.000481352,176.301062000,8.458169000,167.842893000,112.995447429,107.574410371
imulq,1800,0x00,70,1.560444681,0.000864555,176.467565000,8.514566000,167.952999000,113.087998018,107.631498276
imulq,1800,0x00,71,1.560195797,0.000311471,176.380408000,8.564919000,167.815489000,113.050175076,107.560531394
imulq,1800,0x00,72,1.560220798,0.000504686,176.609228000,8.428812000,168.180416000,113.195022306,107.792702319
imulq,1800,0x00,73,1.560099593,0.000253524,176.341284000,8.436746000,167.904538000,113.032068486,107.624243216
imulq,1800,0x00,74,1.560077835,0.000339431,176.396705000,8.612039000,167.784666000,113.069169416,107.548907024
imulq,1800,0x00,75,1.560236508,0.000459636,176.332373000,8.567605000,167.764768000,113.016438306,107.525216328
imulq,1800,0x00,76,1.560137812,0.000383110,175.852760000,8.486978000,167.365782000,112.716170743,107.276280796
imulq,1800,0x00,77,1.560121390,0.000387874,175.749000000,8.544167000,167.204833000,112.650849534,107.174245564
imulq,1800,0x00,78,1.560150178,0.000328383,175.716774000,8.403421000,167.313353000,112.628115199,107.241825394
imulq,1800,0x00,79,1.560260404,0.000627977,175.988746000,8.790505000,167.198241000,112.794470460,107.160471814
imulq,1800,0x00,80,1.560271595,0.000488724,176.075721000,8.574318000,167.501403000,112.849404937,107.354003990
imulq,1800,0x00,81,1.560211958,0.000398410,176.189063000,8.557535000,167.631528000,112.926363725,107.441509594
imulq,1800,0x00,82,1.560245466,0.000518550,176.343665000,8.609658000,167.734007000,113.023026722,107.504883463
imulq,1800,0x00,83,1.560109813,0.000352089,176.112770000,8.615639000,167.497131000,112.884854969,107.362398199
imulq,1800,0x00,84,1.560059133,0.000330839,176.167457000,8.389383000,167.778074000,112.923576568,107.545970796
imulq,1800,0x00,85,1.560190545,0.000448197,176.071022000,8.392923000,167.678099000,112.852255481,107.472833701
imulq,1800,0x00,86,1.560098471,0.000409890,175.930336000,8.296549000,167.633787000,112.768738168,107.450773210
imulq,1800,0x00,87,1.560028879,0.000219824,176.100562000,8.497781000,167.602781000,112.882885902,107.435691230
imulq,1800,0x00,88,1.560079092,0.000352170,175.833778000,8.435525000,167.398253000,112.708245977,107.301132296
imulq,1800,0x00,89,1.560059545,0.000256258,175.848793000,8.465371000,167.383422000,112.719282745,107.292969996
imulq,1800,0x00,90,1.560195485,0.000506164,176.095436000,8.483743000,167.611693000,112.867546239,107.429930835
imulq,1800,0x00,91,1.560089066,0.000276350,176.054298000,8.430581000,167.623717000,112.848876309,107.444966247
imulq,1800,0x00,92,1.560013452,0.000332717,176.150123000,8.345865000,167.804258000,112.915771847,107.565904517
imulq,1800,0x00,93,1.560040004,0.000310264,176.086036000,8.502420000,167.583616000,112.872769616,107.422640148
imulq,1800,0x00,94,1.560043918,0.000285353,176.151648000,8.479714000,167.671934000,112.914544271,107.478983192
imulq,1800,0x00,95,1.560057126,0.000314066,176.136085000,8.386332000,167.749753000,112.903612320,107.527955328
imulq,1800,0x00,96,1.560075557,0.000233000,175.888038000,8.556558000,167.331480000,112.743281708,107.258574277
imulq,1800,0x00,97,1.560105575,0.000352390,176.245094000,8.673379000,167.571715000,112.969978953,107.410496865
imulq,1800,0x00,98,1.560085262,0.000258475,176.042274000,8.534524000,167.507750000,112.841444183,107.370894458
imulq,1800,0x00,99,1.560101176,0.000346966,176.006507000,8.750954000,167.255553000,112.817367022,107.208144919
imulq,1800,0xAA,0,1.560215790,0.000446737,177.448398000,8.904884000,168.543514000,113.733240682,108.025771205
imulq,1800,0xAA,1,1.560167302,0.000398974,177.145726000,8.757485000,168.388241000,113.542775699,107.929605246
imulq,1800,0xAA,2,1.560111145,0.000337297,177.290012000,8.493143000,168.796869000,113.639347156,108.195412582
imulq,1800,0xAA,3,1.560085123,0.000262263,177.345615000,8.442605000,168.903010000,113.676883666,108.265252674
imulq,1800,0xAA,4,1.560120030,0.000343930,177.756442000,8.393961000,169.362481000,113.937670568,108.557340311
imulq,1800,0xAA,5,1.560107892,0.000485635,177.437962000,8.435525000,169.002437000,113.734417270,108.327403408
imulq,1800,0xAA,6,1.560057918,0.000328265,177.907687000,8.595620000,169.312067000,114.039155151,108.529346894
imulq,1800,0xAA,7,1.560094072,0.000294707,178.027193000,8.528542000,169.498651000,114.113114184,108.646429737
imulq,1800,0xAA,8,1.560088015,0.000335873,178.307833000,8.467324000,169.840509000,114.293444553,108.865978974
imulq,1800,0xAA,9,1.560033212,0.000215857,177.920016000,8.540200000,169.379816000,114.048864255,108.574493622
imulq,1800,0xAA,10,1.560223614,0.000514909,178.929107000,8.569192000,170.359915000,114.681706754,109.189422237
imulq,1800,0xAA,11,1.560118255,0.000356536,178.375581000,8.510415000,169.865166000,114.334654043,108.879673325
imulq,1800,0xAA,12,1.560081411,0.000264904,177.907137000,8.589699000,169.317438000,114.037085333,108.531155360
imulq,1800,0xAA,13,1.560057961,0.000332783,178.808014000,8.670571000,170.137443000,114.616263260,109.058411427
imulq,1800,0xAA,14,1.560054368,0.000268819,178.856414000,8.551980000,170.304434000,114.647551822,109.165704410
imulq,1800,0xAA,15,1.560054242,0.000323949,178.611176000,8.447427000,170.163749000,114.490362683,109.075533652
imulq,1800,0xAA,16,1.560068357,0.000265190,178.009737000,8.305093000,169.704644000,114.103805878,108.780261585
imulq,1800,0xAA,17,1.560018930,0.000318245,178.346467000,8.367471000,169.978996000,114.323271059,108.959572684
imulq,1800,0xAA,18,1.559967676,0.000201090,178.470368000,8.369119000,170.101249000,114.406452627,109.041521591
imulq,1800,0xAA,19,1.560038582,0.000322199,177.936252000,8.390420000,169.545832000,114.058879121,108.680537778
imulq,1800,0xAA,20,1.560271507,0.000556660,179.319426000,8.417886000,170.901540000,114.928347526,109.533205744
imulq,1800,0xAA,21,1.560137296,0.000290460,178.813446000,8.492227000,170.321219000,114.613916643,109.170660449
imulq,1800,0xAA,22,1.560129832,0.000345212,178.998748000,8.429239000,170.569509000,114.733238414,109.330329742
imulq,1800,0xAA,23,1.560147550,0.000256035,179.053191000,8.420511000,170.632680000,114.766831506,109.369578535
imulq,1800,0xAA,24,1.560115126,0.000350465,179.190215000,8.325052000,170.865163000,114.857046102,109.520868111
imulq,1800,0xAA,25,1.560148737,0.000378730,178.786591000,8.381448000,170.405143000,114.595863032,109.223652166
imulq,1800,0xAA,26,1.560276546,0.000749789,178.958588000,8.323343000,170.635245000,114.696710917,109.362180305
imulq,1800,0xAA,27,1.560038145,0.000324032,178.862640000,8.464211000,170.398429000,114.652734953,109.227091340
imulq,1800,0xAA,28,1.560019088,0.000218200,179.250884000,8.433695000,170.817189000,114.903006879,109.496858285
imulq,1800,0xAA,29,1.560054750,0.000324212,179.192535000,8.347269000,170.845266000,114.862978403,109.512352727
imulq,1800,0xAA,30,1.560173366,0.000450480,179.718717000,8.393411000,171.325306000,115.191504327,109.811710527
imulq,1800,0xAA,31,1.560081153,0.000347005,179.717923000,8.402322000,171.315601000,115.197804106,109.811980435
imulq,1800,0xAA,32,1.560017427,0.000217567,179.142913000,8.324869000,170.818044000,114.833917785,109.497522913
imulq,1800,0xAA,33,1.560127665,0.000375445,179.778409000,8.351602000,171.426807000,115.233139588,109.879986646
imulq,1800,0xAA,34,1.560083820,0.000334234,179.444792000,8.446817000,170.997975000,115.022532566,109.608197201
imulq,1800,0xAA,35,1.560131590,0.000629154,179.190947000,8.381265000,170.809682000,114.856303246,109.484150631
imulq,1800,0xAA,36,1.560146457,0.000384160,180.389065000,8.382547000,172.006518000,115.623160986,110.250237847
imulq,1800,0xAA,37,1.560052932,0.000232493,179.562712000,8.338663000,171.224049000,115.100397122,109.755281691
imulq,1800,0xAA,38,1.560072056,0.000331179,180.581630000,8.613931000,171.967699000,115.752108587,110.230612981
imulq,1800,0xAA,39,1.560357830,0.000361361,179.705412000,8.486001000,171.219411000,115.169359582,109.730862824
imulq,1800,0xAA,40,1.560226688,0.000541884,180.023037000,8.542458000,171.480579000,115.382616137,109.907477129
imulq,1800,0xAA,41,1.560142218,0.000264884,178.931183000,8.466593000,170.464590000,114.689020577,109.262212110
imulq,1800,0xAA,42,1.560079651,0.000341711,178.629791000,8.368387000,170.261404000,114.500430057,109.136353298
imulq,1800,0xAA,43,1.560093336,0.000328262,179.843717000,8.379923000,171.463794000,115.277536802,109.906112667
imulq,1800,0xAA,44,1.560008177,0.000238668,178.897980000,8.278970000,170.619010000,114.677591216,109.370586982
imulq,1800,0xAA,45,1.560067692,0.000323761,178.712067000,8.299967000,170.412100000,114.554046533,109.233785725
imulq,1800,0xAA,46,1.560078308,0.000271359,179.716093000,8.376627000,171.339466000,115.196841153,109.827477988
imulq,1800,0xAA,47,1.560076156,0.000332115,179.172881000,8.357462000,170.815419000,114.848804243,109.491718328
imulq,1800,0xAA,48,1.560149922,0.000285086,179.874784000,8.484414000,171.390370000,115.293268615,109.855064323
imulq,1800,0xAA,49,1.560134048,0.000350887,179.311980000,8.426675000,170.885305000,114.933700874,109.532450250
imulq,1800,0xAA,50,1.560290955,0.000505227,179.566130000,8.471536000,171.094594000,115.085029130,109.655569982
imulq,1800,0xAA,51,1.560119823,0.000269959,180.303982000,8.405985000,171.897997000,115.570598724,110.182560653
imulq,1800,0xAA,52,1.560110506,0.000363646,179.794462000,8.393045000,171.401417000,115.244696650,109.864920687
imulq,1800,0xAA,53,1.560130047,0.000277515,179.937345000,8.534707000,171.402638000,115.334837241,109.864327254
imulq,1800,0xAA,54,1.560155812,0.000352945,179.798124000,8.673256000,171.124868000,115.243697221,109.684472986
imulq,1800,0xAA,55,1.560137458,0.000263331,179.495818000,8.559060000,170.936758000,115.051284157,109.565190636
imulq,1800,0xAA,56,1.560079706,0.000330102,180.288295000,8.500223000,171.788072000,115.563515341,110.114932830
imulq,1800,0xAA,57,1.560090352,0.000256238,179.766629000,8.430215000,171.336414000,115.228344824,109.824673818
imulq,1800,0xAA,58,1.560115418,0.000368974,179.554228000,8.579385000,170.974843000,115.090349077,109.591150169
imulq,1800,0xAA,59,1.560091576,0.000340933,178.689484000,8.547891000,170.141593000,114.537817336,109.058721666
imulq,1800,0xAA,60,1.560212706,0.000444537,179.595671000,8.407815000,171.187856000,115.109734932,109.720844706
imulq,1800,0xAA,61,1.560086240,0.000346627,180.463161000,8.471658000,171.991503000,115.675118675,110.244868871
imulq,1800,0xAA,62,1.559987623,0.000239407,179.633574000,8.302774000,171.330800000,115.150640544,109.828307290
imulq,1800,0xAA,63,1.560094708,0.000328966,179.639677000,8.343729000,171.295948000,115.146648483,109.798428946
imulq,1800,0xAA,64,1.560016007,0.000209119,180.013822000,8.287699000,171.726123000,115.392291642,110.079718588
imulq,1800,0xAA,65,1.560118230,0.000364206,179.330230000,8.318705000,171.011525000,114.946563997,109.614464904
imulq,1800,0xAA,66,1.560103995,0.000327163,180.371487000,8.414651000,171.956836000,115.615040805,110.221393311
imulq,1800,0xAA,67,1.560051161,0.000252155,179.559599000,8.562844000,170.996755000,115.098532354,109.609709798
imulq,1800,0xAA,68,1.560729836,0.003590986,181.602440000,8.626504000,172.975936000,116.357383428,110.830159049
imulq,1800,0xAA,69,1.560037629,0.000217695,180.111294000,8.602273000,171.509021000,115.453172794,109.939028239
imulq,1800,0xAA,70,1.560384804,0.000836435,180.355495000,8.623757000,171.731738000,115.583985766,110.057299671
imulq,1800,0xAA,71,1.560115327,0.000298034,180.901637000,8.596108000,172.305529000,115.954015623,110.444097316
imulq,1800,0xAA,72,1.560013241,0.000309980,179.603056000,8.680825000,170.922231000,115.129186875,109.564602698
imulq,1800,0xAA,73,1.560039812,0.000209673,179.591032000,8.630959000,170.960073000,115.119518525,109.586993691
imulq,1800,0xAA,74,1.560048987,0.000321089,181.095666000,8.457009000,172.638657000,116.083320137,110.662330752
imulq,1800,0xAA,75,1.560049311,0.000316492,179.340544000,8.771157000,170.569387000,114.958253422,109.335894603
imulq,1800,0xAA,76,1.560120735,0.000268483,179.724637000,8.652199000,171.072438000,115.199184865,109.653332673
imulq,1800,0xAA,77,1.560099544,0.000342184,178.847503000,8.560159000,170.287344000,114.638520143,109.151588855
imulq,1800,0xAA,78,1.560116830,0.000269606,179.518644000,8.658303000,170.860341000,115.067436294,109.517657693
imulq,1800,0xAA,79,1.560065257,0.000322001,181.131250000,8.466531000,172.664719000,116.104918811,110.677882370
imulq,1800,0xAA,80,1.560451906,0.000815400,180.388882000,8.470132000,171.918750000,115.600411179,110.172411786
imulq,1800,0xAA,81,1.560055451,0.000344330,180.297817000,8.361001000,171.936816000,115.571415681,110.211990158
imulq,1800,0xAA,82,1.560036823,0.000318038,179.676603000,8.417215000,171.259388000,115.174591010,109.779067726
imulq,1800,0xAA,83,1.559986041,0.000205103,179.682157000,8.719582000,170.962575000,115.181900557,109.592374899
imulq,1800,0xAA,84,1.560067526,0.000349594,180.687892000,8.666909000,172.020983000,115.820558369,110.265087946
imulq,1800,0xAA,85,1.559994952,0.000223516,180.084378000,8.587624000,171.496754000,115.439077432,109.934172438
imulq,1800,0xAA,86,1.559988024,0.000294694,180.079923000,8.474648000,171.605275000,115.436734300,110.004225927
imulq,1800,0xAA,87,1.559985527,0.000208761,179.804166000,8.360208000,171.443958000,115.260150092,109.900992680
imulq,1800,0xAA,88,1.560121683,0.000442036,180.656947000,8.471231000,172.185716000,115.796702920,110.366850176
imulq,1800,0xAA,89,1.560240282,0.000697385,181.987694000,8.465310000,173.522384000,116.640812356,111.215167283
imulq,1800,0xAA,90,1.560234072,0.000531016,180.508388000,8.632912000,171.875476000,115.693145790,110.160058061
imulq,1800,0xAA,91,1.560131110,0.000353993,180.540859000,8.497842000,172.043017000,115.721594041,110.274717209
imulq,1800,0xAA,92,1.560277930,0.001239795,181.421288000,8.437845000,172.983443000,116.274981839,110.867070315
imulq,1800,0xAA,93,1.560079458,0.000338315,180.304225000,8.319681000,171.984544000,115.573744698,110.240887479
imulq,1800,0xAA,94,1.560064596,0.000262195,180.587611000,8.426004000,172.161607000,115.756495877,110.355434908
imulq,1800,0xAA,95,1.560094374,0.000337624,180.411342000,8.482889000,171.928453000,115.641300276,110.203879861
imulq,1800,0xAA,96,1.560020694,0.000224908,179.985440000,8.630899000,171.354541000,115.373751611,109.841197437
imulq,1800,0xAA,97,1.560134431,0.000370930,181.467858000,8.495523000,172.972335000,116.315526629,110.870147802
imulq,1800,0xAA,98,1.560143733,0.000346490,179.941983000,8.549844000,171.392139000,115.336798240,109.856633934
imulq,1800,0xAA,99,1.560122662,0.000270360,180.422817000,8.498452000,171.924365000,115.646558701,110.199261378
imulq,2000,0x00,0,1.404156660,0.000939117,163.582040000,7.753582000,155.828458000,116.498425485,110.976547320
imulq,2000,0x00,1,1.404550390,0.000927885,164.161872000,8.097452000,156.064420000,116.878592023,111.113436100
imulq,2000,0x00,2,1.404328739,0.000844120,163.819466000,7.700847000,156.118619000,116.653217608,111.169567815
imulq,2000,0x00,3,1.404101087,0.000626144,163.840706000,7.822551000,156.018155000,116.687258157,111.116041758
imulq,2000,0x00,4,1.404192483,0.000822581,164.082832000,7.821086000,156.261746000,116.852093999,111.282283524
imulq,2000,0x00,5,1.404257535,0.000785809,164.021370000,7.948161000,156.073209000,116.802912517,111.142867403
imulq,2000,0x00,6,1.404228148,0.000990218,164.078803000,7.724650000,156.354153000,116.846256964,111.345263402
imulq,2000,0x00,7,1.404214457,0.001072862,164.009590000,7.685283000,156.324307000,116.798106754,111.325094449
imulq,2000,0x00,8,1.404300618,0.001248406,164.181342000,7.767558000,156.413784000,116.913244824,111.381980436
imulq,2000,0x00,9,1.404223291,0.001210495,164.034126000,7.753093000,156.281033000,116.814844938,111.293577024
imulq,2000,0x00,10,1.404345998,0.001184240,164.091316000,7.807841000,156.283475000,116.845361655,111.285591476
imulq,2000,0x00,11,1.404297853,0.001142899,164.173224000,7.704326000,156.468898000,116.907694217,111.421446422
imulq,2000,0x00,12,1.404201574,0.001001250,163.955025000,7.694316000,156.260709000,116.760319911,111.280824558
imulq,2000,0x00,13,1.404228078,0.001206988,164.099372000,7.544353000,156.555019000,116.860910723,111.488312695
imulq,2000,0x00,14,1.404397860,0.001173781,164.056953000,7.639812000,156.417141000,116.816578568,111.376658575
imulq,2000,0x00,15,1.404246151,0.001058276,164.349066000,7.567241000,156.781825000,117.037220240,111.648392223
imulq,2000,0x00,16,1.404179766,0.001032206,164.015145000,7.721416000,156.293729000,116.804948285,111.306068309
imulq,2000,0x00,17,1.404332435,0.001151245,164.194709000,7.635540000,156.559169000,116.920114446,111.482983030
imulq,2000,0x00,18,1.404215759,0.001053016,164.218390000,7.853679000,156.364711000,116.946693479,111.353764510
imulq,2000,0x00,19,1.404135493,0.000875699,164.176460000,7.726176000,156.450284000,116.923516841,111.421073496
imulq,2000,0x00,20,1.404293553,0.001078692,164.172248000,7.693278000,156.478970000,116.907357190,111.428959896
imulq,2000,0x00,21,1.404291942,0.000923610,164.000007000,7.642803000,156.357204000,116.784837996,111.342377800
imulq,2000,0x00,22,1.404216996,0.000958546,164.015144000,7.718120000,156.297024000,116.801850717,111.305463749
imulq,2000,0x00,23,1.404143635,0.000846735,164.051765000,7.787395000,156.264370000,116.834033848,111.288023593
imulq,2000,0x00,24,1.404234446,0.001155640,164.245246000,7.820171000,156.425075000,116.964262248,111.395269818
imulq,2000,0x00,25,1.404381876,0.001272652,164.328254000,7.799784000,156.528470000,117.011089899,111.457198803
imulq,2000,0x00,26,1.404398009,0.001583937,164.056160000,7.759867000,156.296293000,116.816001523,111.290597080
imulq,2000,0x00,27,1.404180013,0.000994645,164.024849000,7.687298000,156.337551000,116.811838563,111.337257007
imulq,2000,0x00,28,1.404276282,0.000937766,164.239142000,7.819132000,156.420010000,116.956430949,111.388344312
imulq,2000,0x00,29,1.404211898,0.000878931,163.696053000,7.662273000,156.033780000,116.575036301,111.118400440
imulq,2000,0x00,30,1.404274499,0.000980411,163.867561000,7.650554000,156.217007000,116.691972308,111.243924933
imulq,2000,0x00,31,1.404205521,0.000954984,164.073005000,7.731609000,156.341396000,116.844010768,111.337972738
imulq,2000,0x00,32,1.404268459,0.000925985,163.869576000,7.797648000,156.071928000,116.693909205,111.141090616
imulq,2000,0x00,33,1.404128378,0.000894332,163.672250000,7.588298000,156.083952000,116.565018266,111.160741762
imulq,2000,0x00,34,1.404159282,0.000895287,163.903328000,7.616130000,156.287198000,116.727019601,111.303040927
imulq,2000,0x00,35,1.404250402,0.000865270,163.769478000,7.606670000,156.162808000,116.624127565,111.207237536
imulq,2000,0x00,36,1.404177736,0.000846424,163.965583000,7.466839000,156.498744000,116.769821043,111.452232816
imulq,2000,0x00,37,1.404117873,0.000825764,164.045418000,7.476665000,156.568753000,116.831657168,111.506844244
imulq,2000,0x00,38,1.404124316,0.000900762,164.358160000,7.516521000,156.841639000,117.053852065,111.700678623
imulq,2000,0x00,39,1.404560874,0.001457545,164.202827000,7.514813000,156.688014000,116.906878224,111.556584661
imulq,2000,0x00,40,1.404518554,0.001266817,164.310065000,7.637614000,156.672451000,116.986752918,111.548865337
imulq,2000,0x00,41,1.404267906,0.000966810,164.286079000,7.638592000,156.647487000,116.990553051,111.550998415
imulq,2000,0x00,42,1.404234051,0.000991832,164.309638000,7.520550000,156.789088000,117.010150729,111.654526435
imulq,2000,0x00,43,1.404200974,0.000845229,164.286872000,7.581218000,156.705654000,116.996694197,111.597739106
imulq,2000,0x00,44,1.404451990,0.001470244,164.463385000,7.572674000,156.890711000,117.101464649,111.709558015
imulq,2000,0x00,45,1.404150995,0.001008605,164.322089000,7.534282000,156.787807000,117.025939258,111.660218599
imulq,2000,0x00,46,1.404255210,0.000982636,164.289130000,7.672954000,156.616176000,116.993783464,111.529709737
imulq,2000,0x00,47,1.404156451,0.001023990,164.361273000,7.628765000,156.732508000,117.053390216,111.620402322
imulq,2000,0x00,48,1.404413091,0.001168013,164.345099000,7.521648000,156.823451000,117.020483547,111.664760186
imulq,2000,0x00,49,1.404108933,0.000885481,164.169380000,7.562786000,156.606594000,116.920686253,111.534504439
imulq,2000,0x00,50,1.404427848,0.001096764,164.179389000,7.600383000,156.579006000,116.901262829,111.489533768
imulq,2000,0x00,51,1.404208329,0.000902843,164.234442000,7.543865000,156.690577000,116.958743686,111.586417625
imulq,2000,0x00,52,1.404116071,0.000911552,164.311408000,7.492962000,156.818446000,117.021243075,111.684816723
imulq,2000,0x00,53,1.404334294,0.001103417,164.229132000,7.548687000,156.680445000,116.944471666,111.569193832
imulq,2000,0x00,54,1.404218247,0.000913450,164.023323000,7.658062000,156.365261000,116.807571333,111.353958963
imulq,2000,0x00,55,1.404205180,0.001067761,164.000252000,7.649028000,156.351224000,116.792228350,111.344998764
imulq,2000,0x00,56,1.404177963,0.000873005,164.093757000,7.683452000,156.410305000,116.861082693,111.389232112
imulq,2000,0x00,57,1.404316024,0.001000885,164.286689000,7.596966000,156.689723000,116.986978881,111.577252101
imulq,2000,0x00,58,1.404191210,0.001042223,164.154548000,7.709880000,156.444668000,116.903272768,111.412653010
imulq,2000,0x00,59,1.404169436,0.001003512,164.189765000,7.554241000,156.635524000,116.930165850,111.550301563
imulq,2000,0x00,60,1.404392721,0.001057820,164.105109000,7.721355000,156.383754000,116.851295641,111.353292920
imulq,2000,0x00,61,1.404292906,0.001066157,164.114509000,7.560772000,156.553737000,116.866294969,111.482252960
imulq,2000,0x00,62,1.404148225,0.001090600,164.364935000,7.486981000,156.877954000,117.056683949,111.724639321
imulq,2000,0x00,63,1.404116738,0.000926780,164.080757000,7.504741000,156.576016000,116.856919743,111.512107026
imulq,2000,0x00,64,1.404258823,0.001061363,164.020698000,7.681011000,156.339687000,116.802326823,111.332529607
imulq,2000,0x00,65,1.404212553,0.000827532,163.713448000,7.637859000,156.075589000,116.587369673,111.148122613
imulq,2000,0x00,66,1.404115850,0.000906022,164.031380000,7.738017000,156.293363000,116.821827730,111.310874344
imulq,2000,0x00,67,1.404199332,0.000870878,164.032966000,7.762187000,156.270779000,116.816011955,111.288173548
imulq,2000,0x00,68,1.404183460,0.000835358,164.154792000,7.643779000,156.511013000,116.904091697,111.460515970
imulq,2000,0x00,69,1.404138619,0.000919765,164.207038000,7.667217000,156.539821000,116.945033628,111.484591975
imulq,2000,0x00,70,1.404322565,0.001041458,164.118660000,7.648052000,156.470608000,116.866782689,111.420703425
imulq,2000,0x00,71,1.404304704,0.001015726,164.308295000,7.685161000,156.623134000,117.003307431,111.530733723
imulq,2000,0x00,72,1.404138426,0.000699840,163.934211000,7.659831000,156.274380000,116.750747583,111.295565348
imulq,2000,0x00,73,1.404071799,0.000686065,164.076179000,7.663432000,156.412747000,116.857399360,111.399393578
imulq,2000,0x00,74,1.404106452,0.000967517,164.004158000,7.671672000,156.332486000,116.803222306,111.339482722
imulq,2000,0x00,75,1.404292013,0.000876521,164.126716000,7.762432000,156.364284000,116.875061918,111.347413874
imulq,2000,0x00,76,1.403997190,0.000345619,163.844734000,7.604716000,156.240018000,116.698762018,111.282286792
imulq,2000,0x00,77,1.404060249,0.000709959,163.595101000,7.626079000,155.969022000,116.515727221,111.084280099
imulq,2000,0x00,78,1.404239097,0.000809387,163.945198000,7.763225000,156.181973000,116.750201803,111.221780742
imulq,2000,0x00,79,1.404107825,0.000561783,163.837349000,7.606853000,156.230496000,116.684307373,111.266736966
imulq,2000,0x00,80,1.404236883,0.000877132,164.260016000,7.622966000,156.637050000,116.974577418,111.546030360
imulq,2000,0x00,81,1.404197309,0.000869655,164.057808000,7.693095000,156.364713000,116.833871555,111.355229093
imulq,2000,0x00,82,1.404269168,0.000785741,164.343757000,7.747234000,156.596523000,117.031521288,111.514606029
imulq,2000,0x00,83,1.404147999,0.000857389,164.145149000,7.677532000,156.467617000,116.900176560,111.432425294
imulq,2000,0x00,84,1.404136818,0.000783028,164.037300000,7.655986000,156.381314000,116.824299377,111.371849230
imulq,2000,0x00,85,1.404193020,0.000572884,164.044990000,7.523907000,156.521083000,116.825099978,111.466928494
imulq,2000,0x00,86,1.404398269,0.000530399,163.803597000,7.417889000,156.385708000,116.636142781,111.354244359
imulq,2000,0x00,87,1.404182118,0.000799396,163.700203000,7.426983000,156.273220000,116.580464126,111.291276273
imulq,2000,0x00,88,1.404088324,0.000527013,163.798836000,7.494914000,156.303922000,116.658498745,111.320576713
imulq,2000,0x00,89,1.404231644,0.000603970,163.937385000,7.502789000,156.434596000,116.745257579,111.402272302
imulq,2000,0x00,90,1.404252800,0.000620051,163.882393000,7.591472000,156.290921000,116.704337721,111.298279780
imulq,2000,0x00,91,1.404113879,0.000415333,163.700631000,7.518902000,156.181729000,116.586434692,111.231525724
imulq,2000,0x00,92,1.404055531,0.000367619,163.905037000,7.519939000,156.385098000,116.736862193,111.380992118
imulq,2000,0x00,93,1.404346538,0.000795198,163.836250000,7.453166000,156.383084000,116.663690588,111.356477733
imulq,2000,0x00,94,1.404102832,0.000354237,163.729561000,7.643597000,156.085964000,116.607955817,111.164197122
imulq,2000,0x00,95,1.404068289,0.000343869,163.608529000,7.747783000,155.860746000,116.524623673,111.006528108
imulq,2000,0x00,96,1.404192513,0.000474701,163.928413000,7.688396000,156.240017000,116.742121536,111.266806770
imulq,2000,0x00,97,1.404097641,0.000393152,163.908333000,7.560284000,156.348049000,116.735708526,111.351265324
imulq,2000,0x00,98,1.404066921,0.000306568,163.856392000,7.478069000,156.378323000,116.701269368,111.375263259
imulq,2000,0x00,99,1.403977641,0.000241946,163.989570000,7.462627000,156.526943000,116.803548135,111.488202092
imulq,2000,0xAA,0,1.404150403,0.000759676,164.148445000,7.469585000,156.678860000,116.902323767,111.582676395
imulq,2000,0xAA,1,1.404308592,0.000681664,164.248969000,7.621867000,156.627102000,116.960737771,111.533250507
imulq,2000,0xAA,2,1.404315455,0.000813659,164.586065000,7.690593000,156.895472000,117.200209131,111.723809243
imulq,2000,0xAA,3,1.404083835,0.000410055,164.118904000,7.516155000,156.602749000,116.886826740,111.533759629
imulq,2000,0xAA,4,1.404129833,0.000597843,164.077766000,7.692363000,156.385403000,116.853699786,111.375315368
imulq,2000,0xAA,5,1.404199258,0.000702171,164.508978000,7.551861000,156.957117000,117.155009899,111.776954786
imulq,2000,0xAA,6,1.404100526,0.000469117,164.215461000,7.449261000,156.766200000,116.954205214,111.648843621
imulq,2000,0xAA,7,1.404072367,0.000459124,164.154853000,7.536297000,156.618556000,116.913384835,111.545928587
imulq,2000,0xAA,8,1.404112712,0.000441897,164.169014000,7.521404000,156.647610000,116.920110907,111.563415581
imulq,2000,0xAA,9,1.404381413,0.000787691,164.359320000,7.594646000,156.764674000,117.033249325,111.625426398
imulq,2000,0xAA,10,1.404181781,0.000533595,164.463080000,7.622905000,156.840175000,117.123781465,111.695064823
imulq,2000,0xAA,11,1.404128431,0.000439092,164.261908000,7.474895000,156.787013000,116.984959803,111.661447482
imulq,2000,0xAA,12,1.404256134,0.000730756,164.411933000,7.528484000,156.883449000,117.081157052,111.719967013
imulq,2000,0xAA,13,1.404099084,0.000380355,164.134528000,7.663738000,156.470790000,116.896684752,111.438567098
imulq,2000,0xAA,14,1.404078067,0.000366694,163.999642000,7.723613000,156.276029000,116.802367217,111.301524222
imulq,2000,0xAA,15,1.403987327,0.000311426,164.045356000,7.632671000,156.412685000,116.842476296,111.406051870
imulq,2000,0xAA,16,1.404168547,0.000527611,164.218452000,7.709575000,156.508877000,116.950669723,111.460178559
imulq,2000,0xAA,17,1.404066331,0.000349371,164.288764000,7.794780000,156.493984000,117.009261150,111.457685824
imulq,2000,0xAA,18,1.404100705,0.000419193,164.405341000,7.826457000,156.578884000,117.089422689,111.515422926
imulq,2000,0xAA,19,1.404188309,0.000554943,164.217841000,7.708659000,156.509182000,116.948588719,111.458827159
imulq,2000,0xAA,20,1.404243262,0.000542651,164.599310000,7.726542000,156.872768000,117.215666544,111.713384848
imulq,2000,0xAA,21,1.404131685,0.000579157,164.459540000,7.672527000,156.787013000,117.125438950,111.661188639
imulq,2000,0xAA,22,1.404010895,0.000350511,164.258491000,7.647991000,156.610500000,116.992319318,111.545074553
imulq,2000,0xAA,23,1.404124050,0.000481183,164.472357000,7.598675000,156.873682000,117.135204003,111.723520468
imulq,2000,0xAA,24,1.404081457,0.000397833,164.451606000,7.496196000,156.955410000,117.123978213,111.785117023
imulq,2000,0xAA,25,1.404010444,0.000274101,164.187629000,7.590679000,156.596950000,116.941885836,111.535459527
imulq,2000,0xAA,26,1.404081499,0.000272217,164.379767000,7.497112000,156.882655000,117.072810342,111.733296926
imulq,2000,0xAA,27,1.404241693,0.000582805,164.571905000,7.461285000,157.110620000,117.196281722,111.882890844
imulq,2000,0xAA,28,1.404032531,0.000343241,163.995735000,7.452617000,156.543118000,116.803372660,111.495363884
imulq,2000,0xAA,29,1.404033510,0.000367738,164.205024000,7.540630000,156.664394000,116.952353960,111.581663056
imulq,2000,0xAA,30,1.404306164,0.000588871,164.783941000,7.601787000,157.182154000,117.341891156,111.928693381
imulq,2000,0xAA,31,1.404103329,0.000315099,164.302802000,7.513043000,156.789759000,117.016175803,111.665399372
imulq,2000,0xAA,32,1.404108323,0.000391201,164.320258000,7.479778000,156.840480000,117.028191733,111.701125523
imulq,2000,0xAA,33,1.404079507,0.000285183,164.315314000,7.553020000,156.762294000,117.027072305,111.647733057
imulq,2000,0xAA,34,1.404225051,0.000560599,164.472052000,7.421063000,157.050989000,117.126561622,111.841751332
imulq,2000,0xAA,35,1.403992915,0.000281722,164.117134000,7.461468000,156.655666000,116.893135485,111.578672768
imulq,2000,0xAA,36,1.404087433,0.000388115,164.069404000,7.507549000,156.561855000,116.851273075,111.504348926
imulq,2000,0xAA,37,1.404182051,0.000483182,164.408819000,7.555645000,156.853174000,117.085116456,111.704300633
imulq,2000,0xAA,38,1.404130810,0.000306582,164.230903000,7.685466000,156.545437000,116.962680258,111.489211587
imulq,2000,0xAA,39,1.404111785,0.000360178,163.975777000,7.616252000,156.359525000,116.782565888,111.358316848
imulq,2000,0xAA,40,1.404238721,0.000550489,164.370795000,7.587139000,156.783656000,117.053313292,111.650286809
imulq,2000,0xAA,41,1.404257757,0.000533503,164.861516000,7.581341000,157.280175000,117.401178789,112.002354420
imulq,2000,0xAA,42,1.404123087,0.000310387,164.396125000,7.562481000,156.833644000,117.080992751,111.695082450
imulq,2000,0xAA,43,1.404080588,0.000262407,164.468085000,7.570476000,156.897609000,117.135787208,111.744019767
imulq,2000,0xAA,44,1.404158615,0.000425265,164.891424000,7.509442000,157.381982000,117.430767642,112.082766410
imulq,2000,0xAA,45,1.404305858,0.000664230,164.973638000,7.623698000,157.349940000,117.476999088,112.048197409
imulq,2000,0xAA,46,1.404106827,0.000484172,163.972603000,7.638408000,156.334195000,116.780717714,111.340670096
imulq,2000,0xAA,47,1.404066521,0.000347074,164.475653000,7.633343000,156.842310000,117.142350851,111.705754445
imulq,2000,0xAA,48,1.404234144,0.000559970,164.873968000,7.701335000,157.172633000,117.412020412,111.927653698
imulq,2000,0xAA,49,1.404125856,0.000428143,164.681768000,7.506939000,157.174829000,117.284193107,111.937849708
imulq,2000,0xAA,50,1.404194156,0.000464804,164.745245000,7.515667000,157.229578000,117.323693659,111.971394642
imulq,2000,0xAA,51,1.404172047,0.000584815,164.753180000,7.667705000,157.085475000,117.331191981,111.870532785
imulq,2000,0xAA,52,1.404253729,0.000741882,165.237736000,7.663921000,157.573815000,117.669430065,112.211783174
imulq,2000,0xAA,53,1.404103388,0.000550952,164.895513000,7.628276000,157.267237000,117.438298651,112.005453701
imulq,2000,0xAA,54,1.404123580,0.000633376,164.429388000,7.638835000,156.790553000,117.104641198,111.664354381
imulq,2000,0xAA,55,1.404210051,0.000625998,164.770269000,7.529583000,157.240686000,117.340186299,111.978037670
imulq,2000,0xAA,56,1.404163112,0.000514167,164.818975000,7.510173000,157.308802000,117.378795632,112.030290937
imulq,2000,0xAA,57,1.404056684,0.000481466,164.445624000,7.572125000,156.873499000,117.121784273,111.728750581
imulq,2000,0xAA,58,1.404148997,0.000765271,164.636176000,7.692485000,156.943691000,117.249790678,111.771394144
imulq,2000,0xAA,59,1.404311726,0.000834562,164.927678000,7.650860000,157.276818000,117.443780433,111.995659579
imulq,2000,0xAA,60,1.404358272,0.000945688,165.252690000,7.554302000,157.698388000,117.671318811,112.292134490
imulq,2000,0xAA,61,1.404636770,0.001333588,165.939273000,7.511821000,158.427452000,118.136785634,112.788911251
imulq,2000,0xAA,62,1.404315655,0.001012066,165.069828000,7.527935000,157.541893000,117.544675563,112.184103689
imulq,2000,0xAA,63,1.404372317,0.000994168,164.819525000,7.503033000,157.316492000,117.361701752,112.019077927
imulq,2000,0xAA,64,1.404202587,0.001113897,165.177617000,7.510113000,157.667504000,117.630902048,112.282590438
imulq,2000,0xAA,65,1.404480115,0.000873488,165.002202000,7.517254000,157.484948000,117.482761201,112.130421985
imulq,2000,0xAA,66,1.404363052,0.001148392,164.956731000,7.521587000,157.435144000,117.460175800,112.104305045
imulq,2000,0xAA,67,1.404227116,0.001016820,165.108403000,7.444317000,157.664086000,117.579557515,112.278194998
imulq,2000,0xAA,68,1.404226623,0.001117183,164.802008000,7.502056000,157.299952000,117.361403993,112.018921607
imulq,2000,0xAA,69,1.404156799,0.001066656,164.836309000,7.528484000,157.307825000,117.391668201,112.030098889
imulq,2000,0xAA,70,1.404465369,0.001292792,165.465763000,7.529095000,157.936668000,117.814056937,112.453230559
imulq,2000,0xAA,71,1.404257669,0.000932508,165.190983000,7.573528000,157.617455000,117.635806220,112.242545305
imulq,2000,0xAA,72,1.404596252,0.002631425,165.916934000,7.604411000,158.312523000,118.124289270,112.710341320
imulq,2000,0xAA,73,1.404401831,0.001033315,165.267704000,7.605938000,157.661766000,117.678359790,112.262575055
imulq,2000,0xAA,74,1.404217456,0.000995521,165.213261000,7.498516000,157.714745000,117.655040012,112.315043726
imulq,2000,0xAA,75,1.404195336,0.000952928,165.282536000,7.682048000,157.600488000,117.706227720,112.235444702
imulq,2000,0xAA,76,1.404121772,0.000745169,165.063970000,7.691509000,157.372461000,117.556734207,112.078926548
imulq,2000,0xAA,77,1.404349841,0.001064938,165.033208000,7.600261000,157.432947000,117.515738044,112.103795251
imulq,2000,0xAA,78,1.404208150,0.000957738,165.427006000,7.651835000,157.775171000,117.808037217,112.358820162
imulq,2000,0xAA,79,1.404207617,0.000979293,165.096623000,7.541180000,157.555443000,117.572801193,112.202384520
imulq,2000,0xAA,80,1.404462339,0.001114291,165.383488000,7.654888000,157.728600000,117.755729971,112.305325368
imulq,2000,0xAA,81,1.404277640,0.001077806,165.531559000,7.637736000,157.893823000,117.876660805,112.437753438
imulq,2000,0xAA,82,1.404235347,0.000943848,165.190434000,7.634380000,157.556054000,117.637285219,112.200603955
imulq,2000,0xAA,83,1.404395284,0.001139567,165.227665000,7.663006000,157.564659000,117.650398665,112.193953397
imulq,2000,0xAA,84,1.404284684,0.000742627,165.631778000,7.663006000,157.968772000,117.947436038,112.490561029
imulq,2000,0xAA,85,1.404237323,0.000895087,165.414372000,7.635052000,157.779320000,117.796592670,112.359440507
imulq,2000,0xAA,86,1.404257746,0.001082865,165.355961000,7.710307000,157.645654000,117.753283843,112.262620167
imulq,2000,0xAA,87,1.404242819,0.000980715,165.369206000,7.552227000,157.816979000,117.763967726,112.385818806
imulq,2000,0xAA,88,1.404239543,0.000928127,165.597293000,7.599773000,157.997520000,117.926669878,112.514649515
imulq,2000,0xAA,89,1.404194640,0.000771552,165.292057000,7.620464000,157.671593000,117.713066506,112.286137942
imulq,2000,0xAA,90,1.404444804,0.001383130,165.268314000,7.607891000,157.660423000,117.675193486,112.258183874
imulq,2000,0xAA,91,1.404299252,0.000794264,165.172307000,7.670452000,157.501855000,117.619023737,112.156903045
imulq,2000,0xAA,92,1.404198862,0.000873025,165.383183000,7.685405000,157.697778000,117.777607949,112.304447978
imulq,2000,0xAA,93,1.404249799,0.001039991,165.090764000,7.721172000,157.369592000,117.565097081,112.066665105
imulq,2000,0xAA,94,1.404151748,0.000858769,165.147954000,7.668865000,157.479089000,117.614035791,112.152471535
imulq,2000,0xAA,95,1.404325071,0.001112004,166.048403000,7.530315000,158.518088000,118.240716789,112.878486095
imulq,2000,0xAA,96,1.404107985,0.000748531,165.119572000,7.471844000,157.647728000,117.597488041,112.276071114
imulq,2000,0xAA,97,1.404154545,0.000911536,165.539188000,7.553997000,157.985191000,117.892427617,112.512680046
imulq,2000,0xAA,98,1.404290084,0.001002700,165.613468000,7.535259000,158.078209000,117.933943916,112.568058985
imulq,2000,0xAA,99,1.404125210,0.000728246,164.798224000,7.610759000,157.187465000,117.367185539,111.946900405
imulq,2100,0x00,0,1.337660470,0.001445720,156.746730000,7.212994000,149.533736000,117.179757870,111.787512109
imulq,2100,0x00,1,1.337689232,0.001569489,157.077784000,7.124982000,149.952802000,117.424720369,112.098384603
imulq,2100,0x00,2,1.337776357,0.001510192,157.095667000,7.160260000,149.935407000,117.430440552,112.078081048
imulq,2100,0x00,3,1.337851624,0.001537279,157.283411000,7.212811000,150.070600000,117.564166456,112.172827931
imulq,2100,0x00,4,1.337701868,0.001619161,156.996485000,7.130475000,149.866010000,117.362836062,112.032444311
imulq,2100,0x00,5,1.337901685,0.001752722,157.118067000,7.153913000,149.964154000,117.436182914,112.089068787
imulq,2100,0x00,6,1.337821677,0.001812597,156.802272000,7.266156000,149.536116000,117.207154467,111.775820738
imulq,2100,0x00,7,1.337663374,0.001486319,157.191126000,7.158063000,150.033063000,117.511721600,112.160552435
imulq,2100,0x00,8,1.337662129,0.001411185,157.638085000,7.230633000,150.407452000,117.845965387,112.440539876
imulq,2100,0x00,9,1.337810609,0.001483374,156.975062000,7.202680000,149.772382000,117.337282991,111.953351998
imulq,2100,0x00,10,1.337824129,0.001506430,157.330164000,7.193463000,150.136701000,117.601529639,112.224542603
imulq,2100,0x00,11,1.337788845,0.001604052,157.034876000,7.176862000,149.858014000,117.383903029,112.019183455
imulq,2100,0x00,12,1.337743060,0.001694355,156.813259000,7.216717000,149.596542000,117.222255632,111.827559735
imulq,2100,0x00,13,1.337859862,0.001655847,157.593957000,7.215252000,150.378705000,117.795563980,112.402434099
imulq,2100,0x00,14,1.337756549,0.001660710,156.911647000,7.196759000,149.714888000,117.294620722,111.914898226
imulq,2100,0x00,15,1.337795188,0.001756374,156.737330000,7.102094000,149.635236000,117.160931214,111.852126052
imulq,2100,0x00,16,1.337718867,0.001672849,157.107874000,7.129254000,149.978620000,117.444612530,112.115201264
imulq,2100,0x00,17,1.337808355,0.001517540,157.252344000,7.107099000,150.145245000,117.544746553,112.232252447
imulq,2100,0x00,18,1.337588221,0.001313986,156.620571000,7.086957000,149.533614000,117.091769020,111.793459054
imulq,2100,0x00,19,1.337627491,0.001389579,157.334375000,7.230145000,150.104230000,117.621965781,112.216765120
imulq,2100,0x00,20,1.337834012,0.001296046,157.008143000,7.227216000,149.780927000,117.359957647,111.957780744
imulq,2100,0x00,21,1.337640547,0.001154242,157.547936000,7.339703000,150.208233000,117.780472744,112.293420923
imulq,2100,0x00,22,1.337609562,0.001290040,157.677392000,7.473919000,150.203473000,117.879982657,112.292463540
imulq,2100,0x00,23,1.338017036,0.001632999,157.331262000,7.468975000,149.862287000,117.585395238,112.003272739
imulq,2100,0x00,24,1.337696356,0.001208287,157.511194000,7.388409000,150.122785000,117.748092266,112.224859011
imulq,2100,0x00,25,1.337674813,0.001459506,157.802941000,7.323590000,150.479351000,117.968088722,112.493222985
imulq,2100,0x00,26,1.337570558,0.001297056,156.649074000,7.234112000,149.414962000,117.114624777,111.706228220
imulq,2100,0x00,27,1.337493237,0.001292123,157.000269000,7.187848000,149.812421000,117.383972222,112.009853086
imulq,2100,0x00,28,1.337768819,0.001332266,158.049339000,7.191510000,150.857829000,118.143984818,112.768235362
imulq,2100,0x00,29,1.337553099,0.001208493,156.921352000,7.270917000,149.650435000,117.319717703,111.883733887
imulq,2100,0x00,30,1.337800714,0.001170528,158.014488000,7.437969000,150.576519000,118.115117088,112.555268808
imulq,2100,0x00,31,1.337493246,0.001204012,158.345908000,7.354412000,150.991496000,118.390061759,112.891408198
imulq,2100,0x00,32,1.337588330,0.001321799,157.164758000,7.332256000,149.832502000,117.498601370,112.016902827
imulq,2100,0x00,33,1.337492865,0.001274778,157.224146000,7.190350000,150.033796000,117.551390449,112.175399153
imulq,2100,0x00,34,1.337639206,0.001461870,157.978111000,7.205304000,150.772807000,118.102183562,112.715601014
imulq,2100,0x00,35,1.337628911,0.001347986,157.329981000,7.257733000,150.072248000,117.618555974,112.192736498
imulq,2100,0x00,36,1.338847271,0.003105242,159.197652000,7.647502000,151.550150000,118.906506716,113.194501944
imulq,2100,0x00,37,1.337565461,0.001442254,158.106896000,7.283185000,150.823711000,118.204978113,112.759872648
imulq,2100,0x00,38,1.337437080,0.001159795,156.656642000,7.205975000,149.450667000,117.131971572,111.744073248
imulq,2100,0x00,39,1.337654535,0.001295469,157.131068000,7.222638000,149.908430000,117.467600099,112.068120778
imulq,2100,0x00,40,1.337668719,0.001253724,158.169395000,7.387677000,150.781718000,118.242575915,112.719775764
imulq,2100,0x00,41,1.337582448,0.001172848,157.439599000,7.486003000,149.953596000,117.704593997,112.107927406
imulq,2100,0x00,42,1.337429455,0.001217500,157.351465000,7.427044000,149.924421000,117.652160593,112.098937600
imulq,2100,0x00,43,1.337719820,0.001432900,158.280722000,7.604839000,150.675883000,118.321280489,112.636353879
imulq,2100,0x00,44,1.338185522,0.003322186,159.615192000,7.468914000,152.146278000,119.277326901,113.695952812
imulq,2100,0x00,45,1.337700718,0.001499347,157.989891000,7.315777000,150.674114000,118.105558960,112.636639865
imulq,2100,0x00,46,1.337579294,0.001284132,158.779317000,7.259869000,151.519448000,118.706470493,113.278852832
imulq,2100,0x00,47,1.337709100,0.001544437,157.477624000,7.162396000,150.315228000,117.721875447,112.367650076
imulq,2100,0x00,48,1.337566712,0.001343185,157.170007000,7.217633000,149.952374000,117.504424722,112.108332747
imulq,2100,0x00,49,1.337768246,0.001631626,158.374838000,7.321515000,151.053323000,118.387350292,112.914418027
imulq,2100,0x00,50,1.337679768,0.001227556,157.599328000,7.187542000,150.411786000,117.815438149,112.442297155
imulq,2100,0x00,51,1.337556824,0.001264835,157.989280000,7.301312000,150.687968000,118.117807877,112.659114933
imulq,2100,0x00,52,1.337512252,0.001222669,158.155418000,7.361065000,150.794353000,118.245958324,112.742408739
imulq,2100,0x00,53,1.337387475,0.001079979,157.269922000,7.162702000,150.107220000,117.594881768,112.239139970
imulq,2100,0x00,54,1.337567913,0.001237623,157.780540000,7.307355000,150.473185000,117.960769297,112.497603704
imulq,2100,0x00,55,1.337574914,0.001324001,158.730185000,7.275616000,151.454569000,118.670127040,113.230718808
imulq,2100,0x00,56,1.337469213,0.001139542,158.017600000,7.271710000,150.745890000,118.146719577,112.709801903
imulq,2100,0x00,57,1.337423431,0.001003807,157.053126000,7.283916000,149.769210000,117.429620525,111.983390236
imulq,2100,0x00,58,1.337540711,0.001184435,158.249106000,7.346661000,150.902445000,118.313487379,112.820823910
imulq,2100,0x00,59,1.337428801,0.001118786,156.974940000,7.257428000,149.717512000,117.370689103,111.944285848
imulq,2100,0x00,60,1.337778910,0.001312960,157.962364000,7.374614000,150.587750000,118.078079163,112.565498612
imulq,2100,0x00,61,1.337486063,0.001108663,158.500632000,7.359235000,151.141397000,118.506380320,113.004091208
imulq,2100,0x00,62,1.337609330,0.001380633,158.164085000,7.479656000,150.684429000,118.243855971,112.652046890
imulq,2100,0x00,63,1.338173552,0.004038008,158.987508000,7.374065000,151.613443000,118.809333606,113.298789037
imulq,2100,0x00,64,1.337538998,0.001322819,157.871728000,7.355816000,150.515912000,118.031495355,112.531980191
imulq,2100,0x00,65,1.337578743,0.001304254,157.879539000,7.358807000,150.520732000,118.033827801,112.532239921
imulq,2100,0x00,66,1.337555590,0.001339944,157.951928000,7.349102000,150.602826000,118.089991288,112.595563951
imulq,2100,0x00,67,1.337557653,0.001469505,158.033531000,7.510174000,150.523357000,118.150818157,112.535976819
imulq,2100,0x00,68,1.337441308,0.001186103,157.232324000,7.494122000,149.738202000,117.562036605,111.958708851
imulq,2100,0x00,69,1.337593050,0.001264664,158.059654000,7.536235000,150.523419000,118.167221360,112.533045105
imulq,2100,0x00,70,1.337579655,0.001183227,158.823385000,7.557171000,151.266214000,118.739384540,113.089499711
imulq,2100,0x00,71,1.337730433,0.001307430,158.477011000,7.350506000,151.126505000,118.467074628,112.972315878
imulq,2100,0x00,72,1.337405468,0.001194940,157.366358000,7.281292000,150.085066000,117.665406499,112.221065066
imulq,2100,0x00,73,1.337620173,0.001314799,157.847374000,7.405011000,150.442363000,118.006125470,112.470166049
imulq,2100,0x00,74,1.337479285,0.001241046,157.124964000,7.200482000,149.924482000,117.478428071,112.094806747
imulq,2100,0x00,75,1.337505025,0.001269071,157.728173000,7.277692000,150.450481000,117.927162937,112.485918333
imulq,2100,0x00,76,1.337491334,0.001287170,157.348901000,7.366741000,149.982160000,117.644800391,112.136920965
imulq,2100,0x00,77,1.337595761,0.001278917,158.169761000,7.364849000,150.804912000,118.249298979,112.743264033
imulq,2100,0x00,78,1.337472648,0.001237517,157.339746000,7.339459000,150.000287000,117.639598980,112.152040779
imulq,2100,0x00,79,1.337558725,0.001336653,157.574425000,7.376934000,150.197491000,117.807481642,112.292259126
imulq,2100,0x00,80,1.337798315,0.001374865,157.940148000,7.302044000,150.638104000,118.059759977,112.601505233
imulq,2100,0x00,81,1.337652042,0.001332192,157.633202000,7.339275000,150.293927000,117.843203632,112.356518928
imulq,2100,0x00,82,1.337505728,0.001218790,157.171168000,7.247662000,149.923506000,117.510650404,112.091860900
imulq,2100,0x00,83,1.337535225,0.001331545,157.387109000,7.180280000,150.206829000,117.669505901,112.301213636
imulq,2100,0x00,84,1.337649827,0.001327490,157.359582000,7.286847000,150.072735000,117.638846009,112.191346332
imulq,2100,0x00,85,1.337608478,0.001319129,157.253443000,7.223248000,150.030195000,117.563132678,112.163011404
imulq,2100,0x00,86,1.337467697,0.001157310,157.574243000,7.241253000,150.332990000,117.815363540,112.401211846
imulq,2100,0x00,87,1.337416317,0.001115522,156.878016000,7.275921000,149.602095000,117.299313629,111.859032314
imulq,2100,0x00,88,1.337640676,0.001245758,157.811059000,7.351910000,150.459149000,117.977168141,112.480991082
imulq,2100,0x00,89,1.337459324,0.001077400,157.273828000,7.343975000,149.929853000,117.591484938,112.100495518
imulq,2100,0x00,90,1.337582066,0.001221769,158.247520000,7.247906000,150.999614000,118.308643641,112.889980978
imulq,2100,0x00,91,1.337481106,0.001160650,158.019981000,7.202435000,150.817546000,118.147449180,112.762374977
imulq,2100,0x00,92,1.337623050,0.001365003,156.990870000,7.195660000,149.795210000,117.365553765,111.986115963
imulq,2100,0x00,93,1.337462332,0.001099874,157.182154000,7.135785000,150.046369000,117.522677229,112.187360617
imulq,2100,0x00,94,1.337493109,0.001295128,156.844020000,7.176556000,149.667464000,117.267161172,111.901484182
imulq,2100,0x00,95,1.337573523,0.001315086,157.101710000,7.215558000,149.886152000,117.452765962,112.058252783
imulq,2100,0x00,96,1.337533232,0.001273544,157.888756000,7.120526000,150.768230000,118.044735034,112.721109551
imulq,2100,0x00,97,1.337536065,0.001368653,157.200770000,7.239788000,149.960982000,117.530116817,112.117337164
imulq,2100,0x00,98,1.338289987,0.004356182,158.485189000,7.364789000,151.120400000,118.423652965,112.920519062
imulq,2100,0x00,99,1.337756927,0.001455635,157.366174000,7.274395000,150.091779000,117.634355570,112.196600135
imulq,2100,0xAA,0,1.337457082,0.001319342,161.465285000,7.132001000,154.333284000,120.725582271,115.393073965
imulq,2100,0xAA,1,1.337513358,0.001214953,161.597548000,7.187909000,154.409639000,120.819389974,115.445306077
imulq,2100,0xAA,2,1.337693636,0.001325836,161.440993000,7.186078000,154.254915000,120.686073935,115.314083062
imulq,2100,0xAA,3,1.337430482,0.001252468,161.342788000,7.173016000,154.169772000,120.636392095,115.273110715
imulq,2100,0xAA,4,1.337372609,0.001177082,161.559156000,7.243207000,154.315949000,120.803398346,115.387400626
imulq,2100,0xAA,5,1.337667321,0.001369424,161.067398000,7.341778000,153.725620000,120.409159679,114.920666474
imulq,2100,0xAA,6,1.337558706,0.001367682,161.329543000,7.230451000,154.099092000,120.614925007,115.209217603
imulq,2100,0xAA,7,1.337453558,0.001274017,161.544692000,7.414227000,154.130465000,120.785272186,115.241732406
imulq,2100,0xAA,8,1.337514865,0.001352652,161.410049000,7.488201000,153.921848000,120.679069254,115.080476523
imulq,2100,0xAA,9,1.337647332,0.001458125,161.374525000,7.540386000,153.834139000,120.640561363,115.003510534
imulq,2100,0xAA,10,1.337680419,0.001521973,161.416457000,7.354961000,154.061496000,120.668924092,115.170629512
imulq,2100,0xAA,11,1.337591795,0.001425589,161.084549000,7.294293000,153.790256000,120.428780705,114.975477967
imulq,2100,0xAA,12,1.337539659,0.001497622,161.391250000,7.342938000,154.048312000,120.662777258,115.172892941
imulq,2100,0xAA,13,1.337668551,0.001341060,161.259170000,7.391400000,153.867770000,120.552411797,115.026827754
imulq,2100,0xAA,14,1.337499373,0.001347873,161.381423000,7.307904000,154.073519000,120.659064430,115.195208410
imulq,2100,0xAA,15,1.337529120,0.001440069,161.337417000,7.208722000,154.128695000,120.623479987,115.233898636
imulq,2100,0xAA,16,1.337540940,0.001431317,161.479750000,7.134564000,154.345186000,120.728827911,115.394737728
imulq,2100,0xAA,17,1.337671594,0.001380396,160.949845000,7.355938000,153.593907000,120.320896169,114.821834941
imulq,2100,0xAA,18,1.337478438,0.001317176,161.357497000,7.292889000,154.064608000,120.643064157,115.190348963
imulq,2100,0xAA,19,1.337550248,0.001444750,161.449110000,7.239178000,154.209932000,120.705080223,115.292814022
imulq,2100,0xAA,20,1.337749587,0.001329896,160.966019000,7.346050000,153.619969000,120.325971759,114.834622651
imulq,2100,0xAA,21,1.337578514,0.001411401,161.345168000,7.222882000,154.122286000,120.624820374,115.224851756
imulq,2100,0xAA,22,1.337496179,0.001393489,161.395949000,7.255231000,154.140718000,120.670213167,115.245725894
imulq,2100,0xAA,23,1.337497923,0.001416428,161.346999000,7.293744000,154.053255000,120.633457576,115.180182567
imulq,2100,0xAA,24,1.337701294,0.001535271,161.392287000,7.338970000,154.053317000,120.648972732,115.162718043
imulq,2100,0xAA,25,1.337575526,0.001483728,161.151199000,7.414410000,153.736789000,120.480074474,114.936903374
imulq,2100,0xAA,26,1.338461551,0.004191189,162.474377000,7.395062000,155.079315000,121.388901229,115.863854958
imulq,2100,0xAA,27,1.337638780,0.001599559,161.684279000,7.350689000,154.333590000,120.872900406,115.377628356
imulq,2100,0xAA,28,1.337726317,0.001588251,161.145218000,7.292950000,153.852268000,120.462022710,115.010272299
imulq,2100,0xAA,29,1.337602527,0.001561662,161.223403000,7.355938000,153.867465000,120.531622649,115.032277475
imulq,2100,0xAA,30,1.337678120,0.001466976,161.250502000,7.373699000,153.876803000,120.545069523,115.032757638
imulq,2100,0xAA,31,1.337625751,0.001561558,161.376845000,7.337932000,154.038913000,120.644242185,115.158453654
imulq,2100,0xAA,32,1.337760501,0.001616616,161.485121000,7.382489000,154.102632000,120.713028097,115.194484985
imulq,2100,0xAA,33,1.337505149,0.001339613,161.362197000,7.329876000,154.032321000,120.644168851,115.163908825
imulq,2100,0xAA,34,1.337555541,0.001433650,161.262649000,7.284161000,153.978488000,120.565198285,115.119322747
imulq,2100,0xAA,35,1.337685675,0.001442022,161.497451000,7.325909000,154.171542000,120.728997884,115.252443011
imulq,2100,0xAA,36,1.337622351,0.001459436,160.925552000,7.328472000,153.597080000,120.307164313,114.828434092
imulq,2100,0xAA,37,1.337574788,0.001417644,161.281936000,7.237714000,154.044222000,120.577882811,115.166810424
imulq,2100,0xAA,38,1.337550450,0.001596374,161.241348000,7.228070000,154.013278000,120.549731794,115.145771143
imulq,2100,0xAA,39,1.337719640,0.001490165,161.329848000,7.242596000,154.087252000,120.600642465,115.186506509
imulq,2100,0xAA,40,1.337757289,0.001445928,161.377455000,7.310223000,154.067232000,120.632835484,115.168299384
imulq,2100,0xAA,41,1.337620618,0.001455857,161.306105000,7.297162000,154.008943000,120.591820125,115.136490041
imulq,2100,0xAA,42,1.337582829,0.001476310,161.537978000,7.312481000,154.225497000,120.768579347,115.301642390
imulq,2100,0xAA,43,1.337644829,0.001362775,161.231520000,7.300640000,153.930880000,120.533879046,115.076047608
imulq,2100,0xAA,44,1.337628389,0.001484936,161.264602000,7.228803000,154.035799000,120.560092263,115.155898498
imulq,2100,0xAA,45,1.338609562,0.005590921,163.523508000,7.311016000,156.212492000,122.159226015,116.697576697
imulq,2100,0xAA,46,1.337629865,0.001417465,161.533522000,7.206647000,154.326875000,120.761001368,115.373377193
imulq,2100,0xAA,47,1.337657787,0.001433235,161.391432000,7.246380000,154.145052000,120.652257683,115.235042554
imulq,2100,0xAA,48,1.337565965,0.001314327,161.135756000,7.143964000,153.991792000,120.469390087,115.128372008
imulq,2100,0xAA,49,1.337561152,0.001446347,160.982925000,7.231244000,153.751681000,120.355562594,114.949272207
imulq,2100,0xAA,50,1.337836832,0.001510819,160.889358000,7.158002000,153.731356000,120.260822624,114.910392865
imulq,2100,0xAA,51,1.337977229,0.001771848,160.930496000,7.180584000,153.749912000,120.278949833,114.912203789
imulq,2100,0xAA,52,1.337548333,0.001419679,160.520463000,7.162640000,153.357823000,120.010962660,114.655911313
imulq,2100,0xAA,53,1.337586389,0.001442820,161.134170000,7.088483000,154.045687000,120.466364902,115.166906819
imulq,2100,0xAA,54,1.338423614,0.002806819,161.593031000,7.137433000,154.455598000,120.733846396,115.401130411
imulq,2100,0xAA,55,1.337585469,0.001504930,160.862931000,7.100629000,153.762302000,120.263665153,114.955122886
imulq,2100,0xAA,56,1.337544506,0.001337463,160.338090000,7.117292000,153.220798000,119.874956932,114.553794182
imulq,2100,0xAA,57,1.337543564,0.001339459,160.873246000,7.094099000,153.779147000,120.275144964,114.971318462
imulq,2100,0xAA,58,1.337666336,0.001324538,161.138992000,7.153851000,153.985141000,120.462769886,115.114761336
imulq,2100,0xAA,59,1.337509999,0.001299500,161.313796000,7.131024000,154.182772000,120.607543975,115.275977104
imulq,2100,0xAA,60,1.337795199,0.001602049,161.344924000,7.109174000,154.235750000,120.605100186,115.291002778
imulq,2100,0xAA,61,1.337706808,0.001601906,161.464430000,7.147503000,154.316927000,120.702405834,115.359304522
imulq,2100,0xAA,62,1.337698836,0.001584002,161.330581000,7.158612000,154.171969000,120.603065957,115.251628245
imulq,2100,0xAA,63,1.337634792,0.001475544,161.277297000,7.103864000,154.173433000,120.569005772,115.258240800
imulq,2100,0xAA,64,1.337537832,0.001351860,161.238662000,7.214031000,154.024631000,120.548860844,115.155345366
imulq,2100,0xAA,65,1.337660773,0.001436113,161.094192000,7.202984000,153.891208000,120.429779508,115.045018182
imulq,2100,0xAA,66,1.337628926,0.001371575,161.188492000,7.096357000,154.092135000,120.503144717,115.197968622
imulq,2100,0xAA,67,1.337573196,0.001298441,161.345290000,7.228497000,154.116793000,120.625391190,115.221203201
imulq,2100,0xAA,68,1.337548104,0.001315441,161.068863000,7.207623000,153.861240000,120.420987082,115.032303881
imulq,2100,0xAA,69,1.337834705,0.001577670,161.009903000,7.222150000,153.787753000,120.351118443,114.952731053
imulq,2100,0xAA,70,1.337858942,0.001683638,161.260512000,7.229839000,154.030673000,120.536259056,115.132222222
imulq,2100,0xAA,71,1.337762754,0.001672744,161.285719000,7.131146000,154.154573000,120.563768530,115.233117800
imulq,2100,0xAA,72,1.337581104,0.001403853,161.151504000,7.071699000,154.079805000,120.479800044,115.192869048
imulq,2100,0xAA,73,1.337717690,0.001203643,160.987076000,7.135174000,153.851902000,120.344581791,115.010740389
imulq,2100,0xAA,74,1.337630305,0.001475910,161.404616000,7.207562000,154.197054000,120.664592706,115.276286258
imulq,2100,0xAA,75,1.337597344,0.001459940,161.301101000,7.296612000,154.004489000,120.590177369,115.135163548
imulq,2100,0xAA,76,1.337644733,0.001518120,161.422255000,7.291486000,154.130769000,120.676477826,115.225489370
imulq,2100,0xAA,77,1.337805640,0.001712690,161.191481000,7.275799000,153.915682000,120.489461361,115.050854451
imulq,2100,0xAA,78,1.337560626,0.001465065,161.369338000,7.235272000,154.134066000,120.644503742,115.235199777
imulq,2100,0xAA,79,1.337637439,0.001647700,161.354323000,7.267743000,154.086580000,120.626350859,115.193082628
imulq,2100,0xAA,80,1.337922770,0.001627182,161.354384000,7.193768000,154.160616000,120.600671166,115.223852591
imulq,2100,0xAA,81,1.337666149,0.001554797,161.340896000,7.191571000,154.149325000,120.613724208,115.237516547
imulq,2100,0xAA,82,1.337626429,0.001624660,161.389113000,7.135968000,154.253145000,120.653352507,115.318553606
imulq,2100,0xAA,83,1.337644632,0.001562973,161.464308000,7.245525000,154.218783000,120.707925085,115.291295864
imulq,2100,0xAA,84,1.337782134,0.001370004,161.370436000,7.272076000,154.098360000,120.625348373,115.189428866
imulq,2100,0xAA,85,1.337810591,0.001588083,161.442702000,7.237042000,154.205660000,120.676800616,115.267184303
imulq,2100,0xAA,86,1.337631831,0.001505530,161.182082000,7.194622000,153.987460000,120.498090899,115.119464410
imulq,2100,0xAA,87,1.337601756,0.001475979,161.422011000,7.136640000,154.285371000,120.680172736,115.344773042
imulq,2100,0xAA,88,1.337742154,0.001433246,161.205703000,7.152691000,154.053012000,120.505810910,115.158972596
imulq,2100,0xAA,89,1.337676381,0.001563534,161.555189000,7.168072000,154.387117000,120.772999570,115.414400060
imulq,2100,0xAA,90,1.337710495,0.001490161,161.344985000,7.208172000,154.136813000,120.612782478,115.224343033
imulq,2100,0xAA,91,1.337711583,0.001565266,161.449050000,7.168988000,154.280062000,120.690477685,115.331334437
imulq,2100,0xAA,92,1.337892869,0.001807061,161.430556000,7.254498000,154.176058000,120.660300798,115.237969781
imulq,2100,0xAA,93,1.337696489,0.001680574,161.453749000,7.122052000,154.331697000,120.695352270,115.371235733
imulq,2100,0xAA,94,1.337652884,0.001574926,161.408400000,7.182721000,154.225679000,120.665384817,115.295739907
imulq,2100,0xAA,95,1.337806702,0.001616072,161.455519000,7.312543000,154.142976000,120.686732034,115.220663589
imulq,2100,0xAA,96,1.338138262,0.003132525,162.150830000,7.281231000,154.869599000,121.176439354,115.735124951
imulq,2100,0xAA,97,1.337680005,0.001476557,161.649671000,7.135846000,154.513825000,120.843303585,115.508809557
imulq,2100,0xAA,98,1.337911287,0.001714111,161.587111000,7.144757000,154.442354000,120.775654270,115.435422021
imulq,2100,0xAA,99,1.337701762,0.001439761,161.486281000,7.135724000,154.350557000,120.719195831,115.384879766
