kernel,freq_mhz,operand,trial,mean_time_s,std_time_s,pkg_J,dram_J,cores_J,pkg_W,cores_W
addq,800,0x00,0,1.369451052,0.070105998,163.937385000,9.099891000,154.837494000,119.710291811,113.065373039
addq,800,0x00,1,1.372639383,0.068343260,164.026741000,9.184669000,154.842072000,119.497329778,112.806082890
addq,800,0x00,2,1.359329836,0.043691749,150.493755000,8.209635000,142.284120000,110.711727917,104.672255539
addq,800,0x00,3,1.356604014,0.069571167,164.442084000,9.151344000,155.290740000,121.215979213,114.470205278
addq,800,0x00,4,1.355903058,0.071960318,164.413825000,9.155799000,155.258026000,121.257802382,114.505255473
addq,800,0x00,5,1.367233041,0.064438888,164.265144000,9.164588000,155.100556000,120.144217587,113.441199357
addq,800,0x00,6,1.362862102,0.037752812,145.913505000,7.950358000,137.963147000,107.064027123,101.230452331
addq,800,0x00,7,1.366053220,0.044002827,150.035748000,8.320780000,141.714968000,109.831553980,103.740444295
addq,800,0x00,8,1.360846800,0.073713383,166.615479000,9.336707000,157.278772000,122.435147746,115.574193963
addq,800,0x00,9,1.376675639,0.033966221,148.799546000,8.032633000,140.766913000,108.086132824,102.251328480
addq,800,0x00,10,1.383626110,0.048336183,153.790500000,8.391275000,145.399225000,111.150330914,105.085632555
addq,800,0x00,11,1.368131056,0.067447878,159.743732000,8.635965000,151.107767000,116.760548161,110.448312966
addq,800,0x00,12,1.355837099,0.034160155,143.332519000,7.687175000,135.645344000,105.715147544,100.045458313
addq,800,0x00,13,1.365732101,0.047061529,150.975444000,8.100077000,142.875367000,110.545431202,104.614489845
addq,800,0x00,14,1.365019666,0.036812243,150.176923000,7.965372000,142.211551000,110.018138757,104.182785465
addq,800,0x00,15,1.360166290,0.038296813,146.838674000,7.815410000,139.023264000,107.956413211,102.210490775
addq,800,0x00,16,1.372020101,0.044437053,149.797468000,8.027934000,141.769534000,109.180228388,103.329050266
addq,800,0x00,17,1.368365240,0.053390120,156.227872000,8.401589000,147.826283000,114.171178414,108.031305263
addq,800,0x00,18,1.366990716,0.044304964,151.515298000,8.225015000,143.290283000,110.838571308,104.821694308
addq,800,0x00,19,1.374917120,0.044346825,150.090375000,7.979167000,142.111208000,109.163216294,103.359835944
addq,800,0x00,20,1.368428469,0.066210824,158.390097000,8.592691000,149.797406000,115.745982076,109.466741913
addq,800,0x00,21,1.370346207,0.065447907,162.261548000,8.811928000,153.449620000,118.409163401,111.978724179
addq,800,0x00,22,1.369126199,0.072395867,165.235539000,8.884010000,156.351529000,120.686857919,114.198040446
addq,800,0x00,23,1.366988658,0.061986003,161.767836000,8.698342000,153.069494000,118.338828258,111.975686947
addq,800,0x00,24,1.353887101,0.048479986,152.614843000,8.148355000,144.466488000,112.723463310,106.704974035
addq,800,0x00,25,1.356921334,0.044338946,151.502542000,8.075541000,143.427001000,111.651676633,105.700306574
addq,800,0x00,26,1.362621580,0.044648146,149.724287000,7.887187000,141.837100000,109.879580032,104.091335435
addq,800,0x00,27,1.355151758,0.061812559,159.159077000,8.543008000,150.616069000,117.447419482,111.143322580
addq,800,0x00,28,1.364517681,0.055457669,157.627648000,8.574746000,149.052902000,115.518948712,109.234863046
addq,800,0x00,29,1.360813836,0.063333433,160.036639000,8.693520000,151.343119000,117.603624258,111.215153056
addq,800,0x00,30,1.378154577,0.053269738,152.610510000,8.179300000,144.431210000,110.735408442,104.800442847
addq,800,0x00,31,1.372320922,0.058346091,155.099944000,8.460184000,146.639760000,113.020170056,106.855297202
addq,800,0x00,32,1.362993439,0.045567895,150.573101000,8.129312000,142.443789000,110.472359335,104.508051830
addq,800,0x00,33,1.364842736,0.040243332,149.073532000,8.196696000,140.876836000,109.223962621,103.218365212
addq,800,0x00,34,1.355757597,0.043515700,149.162338000,8.197549000,140.964789000,110.021392008,103.974921001
addq,800,0x00,35,1.362205025,0.068643367,162.333142000,8.974770000,153.358372000,119.169390101,112.580976583
addq,800,0x00,36,1.366028608,0.040789675,151.203104000,8.233743000,142.969361000,110.688094723,104.660590651
addq,800,0x00,37,1.351167902,0.071425187,164.559271000,9.195289000,155.363982000,121.790393893,114.984956178
addq,800,0x00,38,1.358150643,0.069580265,164.966619000,9.154884000,155.811735000,121.464154099,114.723455601
addq,800,0x00,39,1.363918620,0.067803965,161.680555000,8.976662000,152.703893000,118.541203751,111.959680580
addq,800,0x00,40,1.370347319,0.058886371,156.052091000,8.466043000,147.586048000,113.877765782,107.699738588
addq,800,0x00,41,1.380303153,0.051353409,153.449924000,8.395730000,145.054194000,111.171175456,105.088649322
addq,800,0x00,42,1.366291983,0.050302865,151.919594000,8.296244000,143.623350000,111.191162590,105.119075434
addq,800,0x00,43,1.360838975,0.060173773,156.734645000,8.720803000,148.013842000,115.175011785,108.766609940
addq,800,0x00,44,1.362938062,0.058609808,159.216390000,8.796243000,150.420147000,116.818507340,110.364624185
addq,800,0x00,45,1.361194355,0.042224244,149.821211000,8.154215000,141.666996000,110.065994919,104.075509454
addq,800,0x00,46,1.361294626,0.047275626,152.466651000,8.359842000,144.106809000,112.001214191,105.860117444
addq,800,0x00,47,1.369350486,0.040636775,147.058217000,7.971964000,139.086253000,107.392678853,101.570966969
addq,800,0x00,48,1.363014099,0.040601924,148.980332000,8.204996000,140.775336000,109.302121034,103.282376992
addq,800,0x00,49,1.372019503,0.035323828,147.876941000,8.121806000,139.755135000,107.780494833,101.860895309
addq,800,0x00,50,1.379460678,0.052474278,154.257662000,8.416848000,145.840814000,111.824616983,105.723067202
addq,800,0x00,51,1.365845018,0.069975260,161.362197000,8.888405000,152.473792000,118.140927356,111.633303954
addq,800,0x00,52,1.366467302,0.063272504,160.139788000,8.779335000,151.360453000,117.192550314,110.767709420
addq,800,0x00,53,1.361227361,0.063187678,160.710587000,8.747781000,151.962806000,118.063000777,111.636608500
addq,800,0x00,54,1.368728203,0.045671146,151.589394000,8.413308000,143.176086000,110.752005872,104.605198946
addq,800,0x00,55,1.345082085,0.066794252,162.385815000,9.125709000,153.260106000,120.725580089,113.941080391
addq,800,0x00,56,1.363951796,0.052449113,157.204126000,8.792824000,148.411302000,115.256364942,108.809785214
addq,800,0x00,57,1.351224039,0.056921733,158.546957000,8.864541000,149.682416000,117.335802548,110.775424145
addq,800,0x00,58,1.352639882,0.056190127,155.863187000,8.556130000,147.307057000,115.228886209,108.903381457
addq,800,0x00,59,1.361451357,0.049880557,152.362770000,8.369425000,143.993345000,111.912018912,105.764590318
addq,800,0x00,60,1.377064777,0.050756985,151.510477000,8.269205000,143.241272000,110.024219255,104.019269353
addq,800,0x00,61,1.390797628,0.052834302,153.761813000,8.475564000,145.286249000,110.556568301,104.462537202
addq,800,0x00,62,1.361649904,0.059269124,158.745077000,8.805764000,149.939313000,116.582887070,110.115906113
addq,800,0x00,63,1.343355584,0.059302398,155.807768000,8.784096000,147.023672000,115.984010418,109.445089445
addq,800,0x00,64,1.354560368,0.046399087,151.612588000,8.350809000,143.261779000,111.927523918,105.762565016
addq,800,0x00,65,1.343209642,0.073114038,164.553778000,9.295447000,155.258331000,122.507889237,115.587564433
addq,800,0x00,66,1.373858420,0.061223184,158.830281000,8.958901000,149.871380000,115.608914800,109.087936458
addq,800,0x00,67,1.341370538,0.068650387,162.725353000,9.232947000,153.492406000,121.312753155,114.429534285
addq,800,0x00,68,1.364264474,0.068367371,164.732611000,9.129432000,155.603179000,120.748296383,114.056461936
addq,800,0x00,69,1.369667964,0.057487860,159.443500000,8.750771000,150.692729000,116.410330267,110.021357733
addq,800,0x00,70,1.366392433,0.053955998,155.045380000,8.571878000,146.473502000,113.470607860,107.197243202
addq,800,0x00,71,1.363996872,0.051781770,155.221283000,8.515725000,146.705558000,113.798855509,107.555641047
addq,800,0x00,72,1.349790103,0.054142015,156.157315000,8.628457000,147.528858000,115.690072586,109.297629064
addq,800,0x00,73,1.364372406,0.037594060,147.378834000,7.898478000,139.480356000,108.019506524,102.230414070
addq,800,0x00,74,1.366589145,0.048142423,152.177833000,8.193888000,143.983945000,111.355950374,105.360082464
addq,800,0x00,75,1.354527568,0.043602387,150.040387000,8.207132000,141.833255000,110.769533639,104.710497120
addq,800,0x00,76,1.355687032,0.037551308,148.475633000,7.994914000,140.480719000,109.520582172,103.623266781
addq,800,0x00,77,1.357060810,0.039780942,148.326830000,8.031718000,140.295112000,109.300061471,103.381595668
addq,800,0x00,78,1.374026909,0.046517037,148.617539000,8.070536000,140.547003000,108.162029430,102.288391916
addq,800,0x00,79,1.346199833,0.042282377,146.269828000,7.908489000,138.361339000,108.653874741,102.779197886
addq,800,0x00,80,1.371872916,0.066139883,156.235257000,8.571572000,147.663685000,113.884642828,107.636562629
addq,800,0x00,81,1.375022743,0.077186383,163.947456000,9.363990000,154.583466000,119.232541327,112.422479421
addq,800,0x00,82,1.365593284,0.070068376,164.186286000,9.154700000,155.031586000,120.230736309,113.526910134
addq,800,0x00,83,1.366623948,0.065121620,163.027842000,9.040260000,153.987582000,119.292393686,112.677362525
addq,800,0x00,84,1.370287602,0.063408668,163.687814000,9.030616000,154.657198000,119.455079226,112.864772206
addq,800,0x00,85,1.362587553,0.067208137,164.202216000,9.062294000,155.139922000,120.507644148,113.856846569
addq,800,0x00,86,1.352965799,0.076307021,166.801209000,9.166725000,157.634484000,123.285606459,116.510324328
addq,800,0x00,87,1.352313576,0.071755686,164.006477000,9.191932000,154.814545000,121.278437166,114.481247398
addq,800,0x00,88,1.343593962,0.074787768,162.617809000,8.855141000,153.762668000,121.031958751,114.441321066
addq,800,0x00,89,1.361427753,0.062109857,162.209485000,9.023354000,153.186131000,119.146597818,112.518736753
addq,800,0x00,90,1.386625977,0.041158934,149.436873000,8.035319000,141.401554000,107.770138089,101.975266845
addq,800,0x00,91,1.384130601,0.057330168,160.947219000,8.757180000,152.190039000,116.280370400,109.953525237
addq,800,0x00,92,1.357748432,0.072640456,165.273868000,9.128700000,156.145168000,121.726428911,115.003018459
addq,800,0x00,93,1.360664376,0.074169722,165.407170000,9.163368000,156.243802000,121.563533879,114.829053165
addq,800,0x00,94,1.370651592,0.047632531,153.569858000,8.311502000,145.258356000,112.041498263,105.977592565
addq,800,0x00,95,1.352588770,0.048124773,152.027687000,8.302164000,143.725523000,112.397567116,106.259586240
addq,800,0x00,96,1.359999499,0.050940755,153.836825000,8.286416000,145.550409000,113.115354164,107.022398978
addq,800,0x00,97,1.365091413,0.043966134,147.490529000,7.887676000,139.602853000,108.044433953,102.266303693
addq,800,0x00,98,1.357121165,0.045595564,146.827016000,7.857890000,138.969126000,108.190056843,102.399940086
addq,800,0x00,99,1.354489139,0.043858486,152.205909000,8.204447000,144.001462000,112.371450293,106.314224169
addq,800,0xAA,0,1.385082783,0.053432779,153.292881000,8.536599000,144.756282000,110.674165355,104.510924355
addq,800,0xAA,1,1.402687596,0.047970226,151.719888000,8.437295000,143.282593000,108.163705448,102.148613404
addq,800,0xAA,2,1.364334992,0.050494562,149.263900000,8.302713000,140.961187000,109.404142606,103.318604194
addq,800,0xAA,3,1.365994797,0.044403937,151.336770000,8.340799000,142.995971000,110.788686979,104.682661526
addq,800,0xAA,4,1.365719133,0.071237434,164.055245000,9.161170000,154.894075000,120.123707004,113.415761148
addq,800,0xAA,5,1.366895571,0.073158496,165.097783000,9.144630000,155.953153000,120.783025825,114.092953666
addq,800,0xAA,6,1.363751659,0.069533307,165.587284000,9.349769000,156.237515000,121.420408808,114.564491211
addq,800,0xAA,7,1.369005324,0.067758914,164.746710000,9.296058000,155.450652000,120.340445062,113.550071178
addq,800,0xAA,8,1.373946524,0.070764367,167.000854000,9.589820000,157.411034000,121.548292497,114.568530307
addq,800,0xAA,9,1.363665557,0.055807981,157.588098000,8.952369000,148.635729000,115.562131213,108.997201157
addq,800,0xAA,10,1.391739775,0.062399578,162.859447000,9.265967000,153.593480000,117.018604969,110.360774846
addq,800,0xAA,11,1.378345031,0.067184092,163.488473000,9.220313000,154.268160000,118.612153910,111.922745387
addq,800,0xAA,12,1.362862761,0.067551570,164.464301000,9.231421000,155.232880000,120.675614393,113.902062965
addq,800,0xAA,13,1.379331080,0.063441638,163.229746000,9.087562000,154.142184000,118.339786885,111.751403476
addq,800,0xAA,14,1.379968851,0.065355906,162.910105000,9.036659000,153.873446000,118.053465436,111.505014001
addq,800,0xAA,15,1.363508224,0.063402781,163.745614000,9.216712000,154.528902000,120.091401776,113.331844455
addq,800,0xAA,16,1.378151838,0.062815980,161.250564000,9.020912000,152.229652000,117.004933361,110.459274349
addq,800,0xAA,17,1.377276398,0.063027963,163.072214000,8.867836000,154.204378000,118.401952018,111.963276374
addq,800,0xAA,18,1.376023264,0.068736267,164.345648000,9.026038000,155.319610000,119.435224935,112.875715195
addq,800,0xAA,19,1.373911707,0.067661310,161.936963000,8.863686000,153.073277000,117.865625705,111.414202403
addq,800,0xAA,20,1.390961863,0.053480651,158.490683000,8.692666000,149.798017000,113.943226790,107.693834746
addq,800,0xAA,21,1.370233379,0.059979817,158.952780000,8.640847000,150.311933000,116.004165767,109.698052419
addq,800,0xAA,22,1.373697159,0.065692745,163.494271000,9.060707000,154.433564000,119.017696101,112.421841300
addq,800,0xAA,23,1.381977003,0.051764970,156.173368000,8.669594000,147.503774000,113.007211892,106.733884636
addq,800,0xAA,24,1.357918179,0.041698613,151.340128000,8.358987000,142.981141000,111.450108185,105.294371318
addq,800,0xAA,25,1.382994278,0.045655603,152.170265000,8.404886000,143.765379000,110.029569442,103.952258689
addq,800,0xAA,26,1.368947454,0.040751246,152.626989000,8.566201000,144.060788000,111.492218731,105.234709742
addq,800,0xAA,27,1.372306948,0.037100876,146.829397000,8.196573000,138.632824000,106.994573816,101.021731505
addq,800,0xAA,28,1.358875551,0.032410822,143.763609000,7.979350000,135.784259000,105.796008241,99.923984130
addq,800,0xAA,29,1.350382681,0.048086383,151.101847000,8.634255000,142.467592000,111.895575337,105.501643363
addq,800,0xAA,30,1.386608406,0.056326045,158.541037000,8.972938000,149.568099000,114.337282499,107.866141864
addq,800,0xAA,31,1.404019252,0.072975415,164.667974000,9.082374000,155.585600000,117.283273576,110.814434926
addq,800,0xAA,32,1.363960639,0.044635375,145.328608000,7.837382000,137.491226000,106.548974981,100.802927936
addq,800,0xAA,33,1.374863353,0.038701384,146.937917000,8.046427000,138.891490000,106.874560789,101.022032257
addq,800,0xAA,34,1.358443973,0.042659716,147.641773000,8.148233000,139.493540000,108.684477183,102.686266612
addq,800,0xAA,35,1.375940282,0.047228288,151.751076000,8.296914000,143.454162000,110.288998688,104.259002978
addq,800,0xAA,36,1.364318067,0.066403737,154.185580000,8.553201000,145.632379000,113.012928382,106.743715061
addq,800,0xAA,37,1.374081634,0.057181401,157.295435000,8.789529000,148.505906000,114.473136938,108.076479865
addq,800,0xAA,38,1.379433497,0.041907466,151.345072000,8.398111000,142.946961000,109.715381192,103.627294296
addq,800,0xAA,39,1.373075158,0.038162498,150.538555000,8.266886000,142.271669000,109.636063325,103.615354298
addq,800,0xAA,40,1.375322523,0.054542481,152.400367000,8.690713000,143.709654000,110.810638583,104.491602244
addq,800,0xAA,41,1.393429835,0.042801680,153.923373000,8.541788000,145.381585000,110.463669697,104.333624403
addq,800,0xAA,42,1.362698622,0.039570087,150.379376000,8.206277000,142.173099000,110.354097075,104.332019362
addq,800,0xAA,43,1.368817387,0.046305181,155.326262000,8.601846000,146.724416000,113.474787377,107.190643064
addq,800,0xAA,44,1.358687405,0.045005587,152.360389000,8.392922000,143.967467000,112.137926969,105.960698882
addq,800,0xAA,45,1.367277016,0.042463523,151.450235000,8.493691000,142.956544000,110.767776569,104.555655030
addq,800,0xAA,46,1.374952655,0.055369738,156.301541000,8.834695000,147.466846000,113.677762250,107.252308276
addq,800,0xAA,47,1.383275354,0.038616040,151.746987000,8.540445000,143.206542000,109.701214990,103.527140555
addq,800,0xAA,48,1.360626696,0.048813081,151.338419000,8.407693000,142.930726000,111.226995237,105.047715478
addq,800,0xAA,49,1.367739432,0.069269825,164.011116000,9.504981000,154.506135000,119.914007092,112.964597888
addq,800,0xAA,50,1.388923257,0.067784128,164.147529000,9.343360000,154.804169000,118.183296390,111.456243654
addq,800,0xAA,51,1.391413953,0.060123400,160.848648000,9.063637000,151.785011000,115.600858827,109.086882898
addq,800,0xAA,52,1.354892302,0.068304751,162.686168000,9.101845000,153.584323000,120.073136289,113.355373564
addq,800,0xAA,53,1.363013484,0.066129749,163.623360000,9.249732000,154.373628000,120.045298068,113.259061463
addq,800,0xAA,54,1.369389023,0.067646269,164.270148000,9.300452000,154.969696000,119.958715346,113.167035375
addq,800,0xAA,55,1.349934344,0.049019612,150.951701000,8.333597000,142.618104000,111.821513148,105.648178099
addq,800,0xAA,56,1.378774156,0.065754392,162.952402000,9.024330000,153.928072000,118.186434891,111.641251285
addq,800,0xAA,57,1.372329673,0.045548754,150.350628000,8.191325000,142.159303000,109.558680388,103.589761139
addq,800,0xAA,58,1.369036658,0.057106346,155.065888000,8.638039000,146.427849000,113.266425046,106.956850390
addq,800,0xAA,59,1.378005838,0.035078978,146.873708000,8.083658000,138.790050000,106.584242185,100.718042075
addq,800,0xAA,60,1.387912518,0.063529976,159.921710000,8.997291000,150.924419000,115.224632623,108.742025915
addq,800,0xAA,61,1.377598921,0.056592683,159.983782000,8.966164000,151.017618000,116.132336874,109.623792289
addq,800,0xAA,62,1.373567626,0.040393964,148.493699000,8.227518000,140.266181000,108.108036435,102.118147155
addq,800,0xAA,63,1.368081038,0.048011995,149.599471000,8.259317000,141.340154000,109.349860764,103.312705967
addq,800,0xAA,64,1.368609912,0.047798446,152.809118000,8.641518000,144.167600000,111.652792127,105.338708089
addq,800,0xAA,65,1.358598826,0.070575583,163.610116000,9.301428000,154.308688000,120.425627383,113.579288478
addq,800,0xAA,66,1.369692074,0.040470779,149.185653000,8.375833000,140.809820000,108.919118272,102.803997100
addq,800,0xAA,67,1.368239681,0.054231303,156.853053000,8.745766000,148.107287000,114.638579154,108.246595264
addq,800,0xAA,68,1.360044889,0.061459785,156.284146000,8.701455000,147.582691000,114.911020432,108.513102928
addq,800,0xAA,69,1.375417417,0.061041329,161.576673000,9.008034000,152.568639000,117.474645126,110.925335886
addq,800,0xAA,70,1.377297426,0.055742444,157.163416000,8.776467000,148.386949000,114.110004855,107.737766853
addq,800,0xAA,71,1.384959042,0.055449339,153.378453000,8.543191000,144.835262000,110.745840356,104.577288984
addq,800,0xAA,72,1.380133188,0.057354184,159.871600000,9.190529000,150.681071000,115.837805618,109.178644693
addq,800,0xAA,73,1.365277395,0.034940869,145.464167000,8.132792000,137.331375000,106.545503180,100.588624357
addq,800,0xAA,74,1.377640680,0.043605354,147.975085000,8.378701000,139.596384000,107.411959526,101.330039095
addq,800,0xAA,75,1.352351313,0.048829784,153.094030000,8.712564000,144.381466000,113.205813099,106.763283029
addq,800,0xAA,76,1.363180888,0.034194322,147.656238000,8.206277000,139.449961000,108.317420897,102.297473674
addq,800,0xAA,77,1.361733940,0.047254111,153.819369000,8.744057000,145.075312000,112.958460114,106.537193272
addq,800,0xAA,78,1.366334139,0.045915331,150.382794000,8.678322000,141.704472000,110.062970469,103.711433351
addq,800,0xAA,79,1.369109072,0.048246113,154.060519000,8.756325000,145.304194000,112.526110720,106.130473455
addq,800,0xAA,80,1.375747241,0.077678804,164.423896000,9.265357000,155.158539000,119.516064547,112.781283094
addq,800,0xAA,81,1.371387453,0.051444107,153.296178000,8.585244000,144.710934000,111.781814550,105.521553106
addq,800,0xAA,82,1.368215584,0.071206810,163.529183000,9.561499000,153.967684000,119.520041197,112.531742635
addq,800,0xAA,83,1.370851841,0.065511077,163.403146000,9.412757000,153.990389000,119.198254025,112.331897854
addq,800,0xAA,84,1.380605453,0.064360889,165.697329000,9.965124000,155.732205000,120.017872302,112.799934711
addq,800,0xAA,85,1.370424858,0.042224429,148.702439000,8.837380000,139.865059000,108.508276195,102.059633682
addq,800,0xAA,86,1.359232507,0.044562296,149.066025000,8.337137000,140.728888000,109.669261291,103.535552043
addq,800,0xAA,87,1.367672735,0.052795196,156.505154000,8.860695000,147.644459000,114.431727701,107.953061590
addq,800,0xAA,88,1.375360619,0.063441750,160.135210000,9.191078000,150.944132000,116.431434667,109.748766953
addq,800,0xAA,89,1.360986767,0.054922453,156.294460000,8.840431000,147.454029000,114.839073922,108.343469989
addq,800,0xAA,90,1.378400629,0.074776605,165.903018000,9.563269000,156.339749000,120.359070159,113.421124253
addq,800,0xAA,91,1.387122331,0.064224189,162.217419000,9.236854000,152.980565000,116.945286926,110.286282313
addq,800,0xAA,92,1.372378333,0.063265320,161.944715000,9.074989000,152.869726000,118.002966864,111.390366840
addq,800,0xAA,93,1.370849622,0.059993615,159.576984000,8.874795000,150.702189000,116.407358906,109.933421243
addq,800,0xAA,94,1.368604762,0.045466767,148.285936000,8.251871000,140.034065000,108.348253752,102.318849769
addq,800,0xAA,95,1.368355944,0.037335639,149.308883000,8.390055000,140.918828000,109.115529218,102.984043448
addq,800,0xAA,96,1.365137987,0.036713764,147.839527000,8.186380000,139.653147000,108.296398198,102.299656418
addq,800,0xAA,97,1.372698594,0.040101576,149.480147000,8.339212000,141.140935000,108.895097337,102.820047769
addq,800,0xAA,98,1.363232784,0.041795230,150.375103000,8.465493000,141.909610000,110.307722019,104.097855957
addq,800,0xAA,99,1.369674514,0.053432803,156.454983000,9.116248000,147.338735000,114.227855889,107.572078982
addq,1000,0x00,0,1.092260251,0.061132168,135.884784000,7.269452000,128.615332000,124.406966083,117.751544911
addq,1000,0x00,1,1.103633164,0.059566383,136.743059000,7.339581000,129.403478000,123.902636700,117.252255724
addq,1000,0x00,2,1.105102712,0.063127183,135.650409000,7.179242000,128.471167000,122.749141341,116.252693615
addq,1000,0x00,3,1.094034358,0.033943366,123.175710000,6.418867000,116.756843000,112.588520757,106.721367724
addq,1000,0x00,4,1.097084173,0.056889431,131.320282000,6.992902000,124.327380000,119.699367855,113.325288115
addq,1000,0x00,5,1.107137782,0.054734745,134.793417000,7.196210000,127.597207000,121.749450858,115.249618483
addq,1000,0x00,6,1.108191552,0.044019709,127.796670000,6.767011000,121.029659000,115.320018279,109.213663299
addq,1000,0x00,7,1.098005684,0.032065211,121.940728000,6.407332000,115.533396000,111.056554447,105.221127458
addq,1000,0x00,8,1.092984574,0.036803567,124.372668000,6.602522000,117.770146000,113.791787114,107.750968099
addq,1000,0x00,9,1.084820537,0.050838031,129.940341000,6.861067000,123.079274000,119.780495030,113.455884863
addq,1000,0x00,10,1.098964914,0.045066529,126.583233000,6.712995000,119.870238000,115.184053122,109.075582399
addq,1000,0x00,11,1.098719373,0.041264400,125.372360000,6.659468000,118.712892000,114.107717692,108.046599479
addq,1000,0x00,12,1.093148943,0.026977605,120.186948000,6.341292000,113.845656000,109.945628853,104.144688333
addq,1000,0x00,13,1.092241189,0.038576555,125.626205000,6.712202000,118.914003000,115.016908611,108.871560799
addq,1000,0x00,14,1.100504656,0.032547135,127.313456000,6.777631000,120.535825000,115.686431052,109.527773781
addq,1000,0x00,15,1.113057853,0.050602485,129.899142000,6.875105000,123.024037000,116.704753190,110.527980813
addq,1000,0x00,16,1.092289835,0.045106237,128.628882000,6.941145000,121.687737000,117.760760792,111.406087539
addq,1000,0x00,17,1.093226938,0.037434158,125.582015000,6.723677000,118.858338000,114.872777625,108.722474551
addq,1000,0x00,18,1.098954776,0.045096299,131.324065000,6.957623000,124.366442000,119.499062080,113.167934401
addq,1000,0x00,19,1.095952332,0.048904198,128.545142000,6.748579000,121.796563000,117.290814748,111.133084343
addq,1000,0x00,20,1.092599430,0.040968970,126.065534000,6.759077000,119.306457000,115.381292129,109.195056977
addq,1000,0x00,21,1.101791700,0.054401270,131.000519000,6.976361000,124.024158000,118.897718171,112.565885211
addq,1000,0x00,22,1.095325647,0.059591821,135.414753000,7.381939000,128.032814000,123.629674260,116.890181747
addq,1000,0x00,23,1.103166986,0.058296924,136.569352000,7.438579000,129.130773000,123.797533638,117.054602515
addq,1000,0x00,24,1.094916068,0.051309087,130.422457000,7.029461000,123.392996000,119.116396966,112.696305777
addq,1000,0x00,25,1.092511288,0.039552675,124.019336000,6.670943000,117.348393000,113.517670081,107.411606857
addq,1000,0x00,26,1.098569150,0.051195157,134.416953000,7.193280000,127.223673000,122.356387797,115.808525064
addq,1000,0x00,27,1.091683983,0.041494872,124.154712000,6.646528000,117.508184000,113.727703186,107.639377166
addq,1000,0x00,28,1.093511555,0.032586987,124.868333000,6.528243000,118.340090000,114.190227330,108.220246516
addq,1000,0x00,29,1.088517395,0.057215771,136.695634000,7.352154000,129.343480000,125.579650520,118.825368010
addq,1000,0x00,30,1.088516706,0.054241804,134.988912000,7.319623000,127.669289000,124.011796324,117.287395163
addq,1000,0x00,31,1.100628215,0.060675486,134.281517000,7.371746000,126.909771000,122.004429052,115.306666903
addq,1000,0x00,32,1.088166186,0.035887993,126.542645000,6.830915000,119.711730000,116.289815505,110.012359829
addq,1000,0x00,33,1.087556487,0.052149895,135.271504000,7.343854000,127.927650000,124.381129284,117.628510833
addq,1000,0x00,34,1.085074816,0.058212134,134.554465000,7.216961000,127.337504000,124.004781072,117.353662740
addq,1000,0x00,35,1.100820039,0.053085489,136.550309000,7.425823000,129.124486000,124.044170828,117.298451514
addq,1000,0x00,36,1.090253760,0.053424535,135.392781000,7.103742000,128.289039000,124.184649481,117.668971882
addq,1000,0x00,37,1.080960981,0.052982105,134.159446000,7.118512000,127.040934000,124.111275395,117.525920211
addq,1000,0x00,38,1.099120937,0.062012422,135.615497000,7.234540000,128.380957000,123.385418704,116.803304072
addq,1000,0x00,39,1.097249288,0.037468868,126.809551000,6.739790000,120.069761000,115.570410836,109.427968937
addq,1000,0x00,40,1.099720931,0.039775047,126.949992000,6.713301000,120.236691000,115.438370216,109.333820590
addq,1000,0x00,41,1.102859701,0.040059848,126.872234000,6.611555000,120.260679000,115.039323548,109.044404165
addq,1000,0x00,42,1.096155192,0.042954370,126.389325000,6.696211000,119.693114000,115.302400561,109.193583990
addq,1000,0x00,43,1.095647598,0.044002674,128.998754000,6.854841000,122.143913000,117.737449780,111.481021148
addq,1000,0x00,44,1.081862415,0.045916886,131.019074000,6.918134000,124.100940000,121.105116672,114.710464354
addq,1000,0x00,45,1.096154439,0.048306136,129.617772000,6.995526000,122.622246000,118.247728031,111.865848115
addq,1000,0x00,46,1.103891403,0.054858385,133.490198000,7.157758000,126.332440000,120.926929649,114.442815376
addq,1000,0x00,47,1.091791546,0.053752471,134.229576000,7.130170000,127.099406000,122.944326280,116.413619911
addq,1000,0x00,48,1.088982940,0.040255706,127.854226000,6.754927000,121.099299000,117.407005507,111.204036889
addq,1000,0x00,49,1.094228105,0.041406983,122.617423000,6.451460000,116.165963000,112.058374659,106.162474190
addq,1000,0x00,50,1.117730227,0.042109910,128.761695000,6.874372000,121.887323000,115.199259944,109.048963716
addq,1000,0x00,51,1.109797005,0.048783707,129.668065000,6.883771000,122.784294000,116.839443943,110.636714105
addq,1000,0x00,52,1.102385444,0.042648629,127.354166000,6.676558000,120.677608000,115.525986613,109.469522389
addq,1000,0x00,53,1.088421884,0.043624780,130.868684000,6.903303000,123.965381000,120.237093597,113.894605360
addq,1000,0x00,54,1.096917274,0.031217946,120.137021000,6.225509000,113.911512000,109.522407777,103.846948791
addq,1000,0x00,55,1.097594635,0.055043503,135.517841000,7.157330000,128.360511000,123.468024236,116.947101327
addq,1000,0x00,56,1.091492185,0.054065564,135.421224000,7.170941000,128.250283000,124.069806379,117.499955398
addq,1000,0x00,57,1.095518167,0.050315655,134.870687000,7.272381000,127.598306000,123.111319395,116.473016885
addq,1000,0x00,58,1.107027416,0.055891328,135.867450000,7.255841000,128.611609000,122.731784324,116.177438065
addq,1000,0x00,59,1.082476798,0.055942839,134.274010000,7.228924000,127.045086000,124.043314558,117.365181584
addq,1000,0x00,60,1.094903412,0.056631673,135.925312000,7.335125000,128.590187000,124.143655501,117.444320273
addq,1000,0x00,61,1.134332964,0.091797796,149.704451000,8.544716000,141.159735000,131.975756409,124.442945261
addq,1000,0x00,62,1.107699105,0.062274223,137.189102000,7.471783000,129.717319000,123.850512671,117.105194409
addq,1000,0x00,63,1.099714535,0.058341591,137.046951000,7.372234000,129.674717000,124.620477946,117.916707319
addq,1000,0x00,64,1.091732551,0.059591052,136.266619000,7.295270000,128.971349000,124.816850846,118.134564061
addq,1000,0x00,65,1.088659767,0.059344493,136.466691000,7.274639000,129.192052000,125.352929447,118.670732475
addq,1000,0x00,66,1.097420737,0.058827261,135.401021000,7.158979000,128.242042000,123.381139426,116.857680595
addq,1000,0x00,67,1.091757928,0.057128275,137.410476000,7.388409000,130.022067000,125.861670008,119.094227507
addq,1000,0x00,68,1.099655677,0.063167436,138.092603000,7.563823000,130.528780000,125.578038572,118.699682775
addq,1000,0x00,69,1.093699313,0.059215169,138.124036000,7.457073000,130.666963000,126.290685565,119.472474276
addq,1000,0x00,70,1.088021200,0.056646749,134.165672000,7.186810000,126.978862000,123.311633949,116.706238762
addq,1000,0x00,71,1.100671065,0.049093469,132.183866000,7.111188000,125.072678000,120.093886511,113.633111603
addq,1000,0x00,72,1.085516906,0.056171558,135.724994000,7.420208000,128.304786000,125.032593446,118.196948641
addq,1000,0x00,73,1.110821916,0.061383293,137.515639000,7.375836000,130.139803000,123.796296283,117.156315657
addq,1000,0x00,74,1.098958716,0.044145810,129.249730000,6.854231000,122.395499000,117.611087748,111.374064556
addq,1000,0x00,75,1.091683265,0.029900263,124.800889000,6.571211000,118.229678000,114.319686822,108.300348421
addq,1000,0x00,76,1.085004525,0.052310640,135.045247000,7.130903000,127.914344000,124.465146351,117.892912931
addq,1000,0x00,77,1.091290052,0.045077536,130.977998000,6.964521000,124.013477000,120.021251747,113.639336150
addq,1000,0x00,78,1.088575732,0.044979799,129.418004000,6.978925000,122.439079000,118.887460145,112.476399534
addq,1000,0x00,79,1.096252896,0.046823182,131.771452000,6.843976000,124.927476000,120.201691137,113.958628039
addq,1000,0x00,80,1.095229386,0.055607296,136.821671000,7.189007000,129.632664000,124.925127822,118.361199667
addq,1000,0x00,81,1.105140300,0.059550880,136.321795000,7.140058000,129.181737000,123.352478390,116.891707754
addq,1000,0x00,82,1.096979037,0.042643928,125.527205000,6.503707000,119.023498000,114.429903200,108.501160005
addq,1000,0x00,83,1.081955903,0.042302006,122.507987000,6.374496000,116.133491000,113.228262490,107.336621268
addq,1000,0x00,84,1.093322347,0.051497550,131.521453000,6.909406000,124.612047000,120.295220670,113.975578509
addq,1000,0x00,85,1.096012443,0.043752887,126.100446000,6.510726000,119.589720000,115.053845204,109.113469217
addq,1000,0x00,86,1.105674795,0.041775468,127.009928000,6.538130000,120.471798000,114.870962560,108.957713900
addq,1000,0x00,87,1.090693702,0.035420119,123.925708000,6.365645000,117.560063000,113.620998937,107.784672032
addq,1000,0x00,88,1.086033348,0.046732936,131.690947000,6.860395000,124.830552000,121.258658660,114.941730166
addq,1000,0x00,89,1.090404195,0.043617725,125.079697000,6.422897000,118.656800000,114.709478882,108.819097106
addq,1000,0x00,90,1.102754921,0.042240762,125.790205000,6.413863000,119.376342000,114.069048929,108.252830947
addq,1000,0x00,91,1.111095313,0.032564679,126.417890000,6.405135000,120.012755000,113.777718740,108.013015275
addq,1000,0x00,92,1.092402106,0.028991657,120.981501000,6.090988000,114.890513000,110.748139682,105.172365003
addq,1000,0x00,93,1.089120545,0.030277872,124.911363000,6.336776000,118.574587000,114.690117211,108.871866856
addq,1000,0x00,94,1.089440656,0.034882369,122.727042000,6.245651000,116.481391000,112.651424644,106.918527709
addq,1000,0x00,95,1.095031446,0.039562214,128.700415000,6.610761000,122.089654000,117.531250350,111.494199062
addq,1000,0x00,96,1.095368804,0.043838670,128.191444000,6.565413000,121.626031000,117.030395153,111.036602949
addq,1000,0x00,97,1.095222722,0.043481068,130.469271000,6.690718000,123.778553000,119.125789094,113.016786911
addq,1000,0x00,98,1.106107523,0.047134841,132.202848000,6.901777000,125.301071000,119.520792755,113.281094663
addq,1000,0x00,99,1.078690383,0.054551338,134.328330000,6.989301000,127.339029000,124.529088385,118.049656369
addq,1000,0xAA,0,1.083297938,0.054383649,135.511372000,7.099042000,128.412330000,125.091507407,118.538331450
addq,1000,0xAA,1,1.089606217,0.059101033,134.277000000,7.014631000,127.262369000,123.234428996,116.796661948
addq,1000,0xAA,2,1.086068445,0.041509059,124.810899000,6.431746000,118.379153000,114.919920156,108.997875345
addq,1000,0xAA,3,1.103253281,0.037560114,126.002057000,6.463728000,119.538329000,114.209546563,108.350757734
addq,1000,0xAA,4,1.101047484,0.034210189,122.588370000,6.306929000,116.281441000,111.337950257,105.609833085
addq,1000,0xAA,5,1.085455244,0.033815559,119.675292000,6.179611000,113.495681000,110.253548142,104.560442844
addq,1000,0xAA,6,1.092053155,0.028941740,122.429924000,6.299056000,116.130868000,112.109857913,106.341772382
addq,1000,0xAA,7,1.106546332,0.037174340,123.143972000,6.320845000,116.823127000,111.286774353,105.574546301
addq,1000,0xAA,8,1.091479510,0.051224744,132.792995000,6.902143000,125.890852000,121.663296316,115.339638437
addq,1000,0xAA,9,1.097370214,0.040169276,125.462753000,6.552291000,118.910462000,114.330379505,108.359476598
addq,1000,0xAA,10,1.094135271,0.050226161,130.559358000,6.915571000,123.643787000,119.326523415,113.005942053
addq,1000,0xAA,11,1.114303609,0.063514945,134.255089000,7.161847000,127.093242000,120.483401446,114.056206070
addq,1000,0xAA,12,1.095688922,0.055977116,135.846881000,7.185345000,128.661536000,123.983074329,117.425241299
addq,1000,0xAA,13,1.087802874,0.034064533,123.860461000,6.377364000,117.483097000,113.862965411,108.000355417
addq,1000,0xAA,14,1.092868936,0.040257545,127.422831000,6.666914000,120.755917000,116.594796319,110.494417966
addq,1000,0xAA,15,1.100625373,0.047253122,126.830669000,6.553938000,120.276731000,115.235094662,109.280354600
addq,1000,0xAA,16,1.097156535,0.040648851,126.991618000,6.518416000,120.473202000,115.746125536,109.804935019
addq,1000,0xAA,17,1.094536823,0.037524378,123.131887000,6.317916000,116.813971000,112.496797181,106.724569270
addq,1000,0xAA,18,1.086260204,0.044671976,125.825484000,6.473677000,119.351807000,115.833649732,109.874049099
addq,1000,0xAA,19,1.108371581,0.037381274,123.778308000,6.370345000,117.407963000,111.675822547,105.928341189
addq,1000,0xAA,20,1.100745041,0.051737879,131.348114000,7.023176000,124.324938000,119.326555345,112.946171385
addq,1000,0xAA,21,1.101486305,0.041092108,125.949507000,6.622358000,119.327149000,114.345050357,108.332848507
addq,1000,0xAA,22,1.095143661,0.027683046,121.717706000,6.429427000,115.288279000,111.143140677,105.272288087
addq,1000,0xAA,23,1.107579462,0.033838954,125.339950000,6.542463000,118.797487000,113.165650257,107.258658275
addq,1000,0xAA,24,1.105936434,0.049684120,133.862939000,7.127301000,126.735638000,121.040355396,114.595770715
addq,1000,0xAA,25,1.093405850,0.055532232,135.507710000,7.171551000,128.336159000,123.931758738,117.372848338
addq,1000,0xAA,26,1.091311639,0.038283695,127.897378000,6.753096000,121.144282000,117.196017530,111.007962938
addq,1000,0xAA,27,1.095752768,0.057225216,134.266197000,7.222638000,127.043559000,122.533294834,115.941809775
addq,1000,0xAA,28,1.103277355,0.053892040,134.996115000,7.326092000,127.670023000,122.359182301,115.718882863
addq,1000,0xAA,29,1.095058411,0.048813940,133.679406000,7.206220000,126.473186000,122.075137403,115.494465608
addq,1000,0xAA,30,1.098988999,0.039664191,128.375648000,6.894330000,121.481318000,116.812495974,110.539157471
addq,1000,0xAA,31,1.108330086,0.046626822,128.855872000,6.826337000,122.029535000,116.261277761,110.102158664
addq,1000,0xAA,32,1.103104829,0.037797407,125.241745000,6.578719000,118.663026000,113.535669234,107.571848909
addq,1000,0xAA,33,1.098585844,0.044456244,130.858613000,6.923871000,123.934742000,119.115509940,112.812979247
addq,1000,0xAA,34,1.102326025,0.036326798,128.258583000,6.892439000,121.366144000,116.352676136,110.100044117
addq,1000,0xAA,35,1.098285834,0.035707606,123.465015000,6.613813000,116.851202000,112.416104429,106.394162968
addq,1000,0xAA,36,1.102150183,0.035657656,127.275554000,6.870222000,120.405332000,115.479320314,109.245848590
addq,1000,0xAA,37,1.093144258,0.038878770,127.988258000,6.902571000,121.085687000,117.082678709,110.768259595
addq,1000,0xAA,38,1.089304255,0.037620528,126.930828000,6.691267000,120.239561000,116.524678371,110.381980436
addq,1000,0xAA,39,1.103013612,0.040412987,129.265355000,6.808455000,122.456900000,117.192891855,111.020298042
addq,1000,0xAA,40,1.105584795,0.037570770,127.727823000,6.662825000,121.064998000,115.529648675,109.503132185
addq,1000,0xAA,41,1.112041181,0.042438494,130.900483000,6.802717000,124.097766000,117.711902388,111.594577676
addq,1000,0xAA,42,1.107287608,0.047726460,132.841701000,6.986250000,125.855451000,119.970367238,113.661030849
addq,1000,0xAA,43,1.103994517,0.049074179,132.908473000,7.037458000,125.871015000,120.388707522,114.014166804
addq,1000,0xAA,44,1.099773838,0.051592497,135.398335000,7.125470000,128.272865000,123.114708034,116.635675935
addq,1000,0xAA,45,1.098347754,0.041825334,130.074313000,6.828047000,123.246266000,118.427258180,112.210605050
addq,1000,0xAA,46,1.092219255,0.033074965,125.526778000,6.510115000,119.016663000,114.928186294,108.967739277
addq,1000,0xAA,47,1.104228737,0.031815393,126.016767000,6.483443000,119.533324000,114.121977377,108.250510008
addq,1000,0xAA,48,1.097650066,0.039624695,130.036105000,6.861311000,123.174794000,118.467723946,112.216814651
addq,1000,0xAA,49,1.091097572,0.037345261,121.514581000,6.356063000,115.158518000,111.369124238,105.543739629
addq,1000,0xAA,50,1.102101110,0.034014545,123.934680000,6.497725000,117.436955000,112.453094221,106.557332989
addq,1000,0xAA,51,1.102513890,0.054174915,131.918302000,7.066327000,124.851975000,119.652281229,113.242995083
addq,1000,0xAA,52,1.101186565,0.055531941,136.342547000,7.131268000,129.211279000,123.814212140,117.338226848
addq,1000,0xAA,53,1.105795513,0.044336695,129.159581000,6.808821000,122.350760000,116.802410103,110.645013985
addq,1000,0xAA,54,1.105776666,0.050371140,129.449314000,6.732100000,122.717214000,117.066418546,110.978299482
addq,1000,0xAA,55,1.097330399,0.053495967,135.109823000,7.181744000,127.928079000,123.125927383,116.581185701
addq,1000,0xAA,56,1.088915702,0.059317751,136.218523000,7.219952000,128.998571000,125.095563178,118.465158284
addq,1000,0xAA,57,1.113829672,0.060699935,133.435754000,7.020978000,126.414776000,119.799065655,113.495608154
addq,1000,0xAA,58,1.103494633,0.035955429,122.914786000,6.313827000,116.600959000,111.386845275,105.665179933
addq,1000,0xAA,59,1.118997553,0.049973727,129.825107000,6.661055000,123.164052000,116.019116092,110.066417641
addq,1000,0xAA,60,1.103820782,0.039158782,124.953721000,6.393783000,118.559938000,113.201094777,107.408684358
addq,1000,0xAA,61,1.106335519,0.036194986,124.053271000,6.374068000,117.679203000,112.129881818,106.368457828
addq,1000,0xAA,62,1.096846601,0.032151510,123.836047000,6.384200000,117.451847000,112.901883303,107.081379332
addq,1000,0xAA,63,1.102049469,0.031299611,122.835868000,6.320358000,116.515510000,111.461301344,105.726206708
addq,1000,0xAA,64,1.108105917,0.029153535,123.061391000,6.273787000,116.787604000,111.055621243,105.393899828
addq,1000,0xAA,65,1.094684922,0.048093254,131.617888000,6.794356000,124.823532000,120.233580790,114.026903541
addq,1000,0xAA,66,1.086749061,0.049798993,132.709987000,6.963117000,125.746870000,122.116495664,115.709205104
addq,1000,0xAA,67,1.098287555,0.051145527,134.166954000,7.042035000,127.124919000,122.160133198,115.748301462
addq,1000,0xAA,68,1.088908415,0.051161662,131.707427000,6.896466000,124.810961000,120.953631332,114.620255721
addq,1000,0xAA,69,1.093101360,0.057214890,133.930078000,6.965315000,126.964763000,122.523018355,116.150951451
addq,1000,0xAA,70,1.120762690,0.054389080,137.065872000,7.164960000,129.900912000,122.296961902,115.904029603
addq,1000,0xAA,71,1.110074193,0.056591888,136.970658000,7.238629000,129.732029000,123.388741791,116.867890263
addq,1000,0xAA,72,1.092688924,0.044141437,127.724038000,6.626509000,121.097529000,116.889661064,110.825255310
addq,1000,0xAA,73,1.106140778,0.039327062,125.711776000,6.441451000,119.270325000,113.648984350,107.825628836
addq,1000,0xAA,74,1.096080373,0.045287237,129.994113000,6.705061000,123.289052000,118.599070107,112.481762321
addq,1000,0xAA,75,1.106409729,0.036339018,127.144694000,6.527205000,120.617489000,114.916464210,109.017017712
addq,1000,0xAA,76,1.098647930,0.032350026,125.821516000,6.525680000,119.295836000,114.523964000,108.584226782
addq,1000,0xAA,77,1.110916080,0.050946787,135.166402000,7.103375000,128.063027000,121.671118449,115.276958597
addq,1000,0xAA,78,1.094724392,0.036599679,125.350448000,6.558638000,118.791810000,114.504115316,108.512983622
addq,1000,0xAA,79,1.094218170,0.033151061,124.256701000,6.502974000,117.753727000,113.557519290,107.614486926
addq,1000,0xAA,80,1.102875717,0.039889069,125.179306000,6.502119000,118.677187000,113.502640501,107.607036037
addq,1000,0xAA,81,1.091854102,0.038637510,123.374989000,6.403060000,116.971929000,112.995856119,107.131464540
addq,1000,0xAA,82,1.092072503,0.031365561,121.528986000,6.315353000,115.213633000,111.282891645,105.499985305
addq,1000,0xAA,83,1.104170827,0.044021868,129.669407000,6.757856000,122.911551000,117.436001556,111.315702204
addq,1000,0xAA,84,1.104084825,0.046116781,124.451768000,6.455855000,117.995913000,112.719390001,106.872144525
addq,1000,0xAA,85,1.091497059,0.040137175,122.803336000,6.284957000,116.518379000,112.509085579,106.750978446
addq,1000,0xAA,86,1.091681354,0.036216139,125.073533000,6.401045000,118.672488000,114.569633868,108.706160083
addq,1000,0xAA,87,1.090171374,0.036292714,127.412211000,6.510360000,120.901851000,116.873561363,110.901692945
addq,1000,0xAA,88,1.110116237,0.039049713,127.893411000,6.539900000,121.353511000,115.207224969,109.316040078
addq,1000,0xAA,89,1.092437517,0.035875791,125.476180000,6.576644000,118.899536000,114.858907799,108.838752046
addq,1000,0xAA,90,1.098995437,0.038287846,128.713294000,6.675764000,122.037530000,117.119043105,111.044619342
addq,1000,0xAA,91,1.094459222,0.042801429,126.218976000,6.498091000,119.720885000,115.325425958,109.388164096
addq,1000,0xAA,92,1.113027705,0.032753039,126.566692000,6.563520000,120.003172000,113.713873776,107.816877710
addq,1000,0xAA,93,1.097721205,0.032854937,125.365646000,6.460006000,118.905640000,114.205360594,108.320436469
addq,1000,0xAA,94,1.095329036,0.037684785,127.174235000,6.605269000,120.568966000,116.105965258,110.075568197
addq,1000,0xAA,95,1.096112195,0.034214674,123.986316000,6.434920000,117.551396000,113.114621435,107.243945031
addq,1000,0xAA,96,1.125607941,0.040203971,127.112773000,6.653120000,120.459653000,112.928106121,107.017415766
addq,1000,0xAA,97,1.094950991,0.052105598,135.063253000,7.176373000,127.886880000,123.350957322,116.796898686
addq,1000,0xAA,98,1.085535059,0.042707341,129.593296000,6.785017000,122.808279000,119.381953516,113.131563958
addq,1000,0xAA,99,1.093700739,0.038178172,126.715374000,6.725020000,119.990354000,115.859274326,109.710407678
addq,1200,0x00,0,0.920668657,0.045780240,116.664863000,6.170577000,110.494286000,126.717535243,120.015257554
addq,1200,0x00,1,0.913362304,0.042448653,114.055311000,5.967453000,108.087858000,124.874116806,118.340616380
addq,1200,0x00,2,0.908132804,0.036212995,109.741845000,5.742539000,103.999306000,120.843388246,114.519930955
addq,1200,0x00,3,0.935459305,0.046382531,116.852912000,6.059066000,110.793846000,124.915013769,118.437911060
addq,1200,0x00,4,0.929856434,0.048570756,117.619328000,6.093429000,111.525899000,126.491922491,119.938836686
addq,1200,0x00,5,0.930406784,0.037173721,112.219623000,5.863083000,106.356540000,120.613504730,114.311870754
addq,1200,0x00,6,0.924158041,0.034084144,109.200648000,5.631883000,103.568765000,118.162309003,112.068239861
addq,1200,0x00,7,0.911508218,0.036256105,108.806728000,5.632371000,103.174357000,119.369991196,113.190813777
addq,1200,0x00,8,0.922626564,0.032241167,111.139730000,5.702256000,105.437474000,120.460145370,114.279685990
addq,1200,0x00,9,0.923136596,0.028212947,110.248741000,5.657029000,104.591712000,119.428415517,113.300363587
addq,1200,0x00,10,0.923613905,0.052209819,117.011297000,6.109970000,110.901327000,126.688539879,120.073254023
addq,1200,0x00,11,0.916525227,0.052358056,118.258853000,6.165512000,112.093341000,129.029566809,122.302515748
addq,1200,0x00,12,0.914579307,0.047848139,118.589052000,6.033737000,112.555315000,129.665137905,123.067856563
addq,1200,0x00,13,0.919543271,0.048627401,115.205332000,5.820237000,109.385095000,125.285384141,118.955897340
addq,1200,0x00,14,0.914086684,0.038960596,112.881059000,5.655504000,107.225555000,123.490540865,117.303486508
addq,1200,0x00,15,0.925892387,0.033003206,108.069303000,5.462694000,102.606609000,116.719075039,110.819151811
addq,1200,0x00,16,0.921035498,0.027480956,108.054594000,5.501878000,102.552716000,117.318598733,111.345020068
addq,1200,0x00,17,0.911335142,0.040445440,111.126363000,5.699021000,105.427342000,121.937976297,115.684490905
addq,1200,0x00,18,0.913583197,0.033244636,110.364280000,5.648728000,104.715552000,120.803754189,114.620707022
addq,1200,0x00,19,0.925172274,0.037542837,111.541096000,5.819138000,105.721958000,120.562514821,114.272726245
addq,1200,0x00,20,0.928559775,0.035812154,113.298905000,5.831467000,107.467438000,122.015736659,115.735616460
addq,1200,0x00,21,0.919130843,0.028606101,108.169035000,5.455370000,102.713665000,117.686220437,111.750863092
addq,1200,0x00,22,0.932868054,0.032064953,108.889492000,5.574631000,103.314861000,116.725502095,110.749704151
addq,1200,0x00,23,0.922058292,0.028218549,109.183192000,5.773240000,103.409952000,118.412461511,112.151208778
addq,1200,0x00,24,0.924036773,0.035829442,109.352686000,5.661728000,103.690958000,118.342353082,112.215185670
addq,1200,0x00,25,0.926012630,0.034017670,108.943386000,5.616380000,103.327006000,117.647840230,111.582717774
addq,1200,0x00,26,0.914627706,0.040481399,114.177014000,6.025802000,108.151212000,124.834414321,118.246157743
addq,1200,0x00,27,0.923414212,0.037622587,113.702406000,5.907150000,107.795256000,123.132614270,116.735539239
addq,1200,0x00,28,0.911150784,0.035039234,112.618303000,6.041793000,106.576510000,123.600072577,116.969125090
addq,1200,0x00,29,0.927321767,0.035348777,107.911467000,5.515733000,102.395734000,116.368957180,110.420932237
addq,1200,0x00,30,0.918035059,0.029848105,106.240817000,5.461717000,100.779100000,115.726317812,109.776962233
addq,1200,0x00,31,0.930926537,0.040289457,111.433797000,5.650681000,105.783116000,119.702030777,113.632077054
addq,1200,0x00,32,0.930871957,0.033263383,109.445032000,5.683518000,103.761514000,117.572595446,111.467010293
addq,1200,0x00,33,0.913937080,0.029287417,107.535614000,5.383226000,102.152388000,117.661944569,111.771795104
addq,1200,0x00,34,0.930019736,0.034264648,107.619292000,5.388352000,102.230940000,115.717213159,109.923409229
addq,1200,0x00,35,0.919507629,0.035625484,109.606836000,5.570298000,104.036538000,119.201660280,113.143746430
addq,1200,0x00,36,0.923159398,0.024956651,107.710601000,5.486192000,102.224409000,116.676059655,110.733215969
addq,1200,0x00,37,0.909343122,0.030076447,109.355311000,5.673448000,103.681863000,120.257478605,114.018416732
addq,1200,0x00,38,0.908044978,0.046278834,113.854689000,5.848069000,108.006620000,125.384415714,118.944130109
addq,1200,0x00,39,0.924138111,0.034105132,109.697778000,5.579270000,104.118508000,118.702796398,112.665527796
addq,1200,0x00,40,0.925075189,0.029232322,107.754424000,5.592209000,102.162215000,116.481800919,110.436660949
addq,1200,0x00,41,0.913877924,0.053284886,115.839364000,6.177413000,109.661951000,126.755840049,119.996279680
addq,1200,0x00,42,0.896711458,0.048257199,114.404554000,6.042526000,108.362028000,127.582348863,120.843808890
addq,1200,0x00,43,0.922455095,0.037444280,112.789262000,5.821824000,106.967438000,122.270734519,115.959506977
addq,1200,0x00,44,0.919671851,0.031140009,106.930330000,5.445604000,101.484726000,116.270091179,110.348844386
addq,1200,0x00,45,0.906511979,0.030633821,108.937709000,5.610825000,103.326884000,120.172387720,113.982921799
addq,1200,0x00,46,0.928046794,0.031607738,108.972255000,5.617112000,103.355143000,117.421077956,111.368460746
addq,1200,0x00,47,0.917751459,0.027786635,107.823454000,5.587937000,102.235517000,117.486551407,111.397825594
addq,1200,0x00,48,0.918447954,0.031417496,110.382469000,5.737840000,104.644629000,120.183695266,113.936373384
addq,1200,0x00,49,0.922078840,0.033328016,111.235494000,5.761277000,105.474217000,120.635556448,114.387417192
addq,1200,0x00,50,0.919101708,0.036006450,112.880936000,5.948227000,106.932709000,122.816588216,116.344805008
addq,1200,0x00,51,0.913842047,0.031881270,111.909504000,5.915329000,105.994175000,122.460445266,115.987413063
addq,1200,0x00,52,0.913530005,0.031917307,111.811360000,5.813339000,105.998021000,122.394841278,116.031241871
addq,1200,0x00,53,0.921530941,0.036744149,111.169820000,5.712571000,105.457249000,120.636014491,114.437013738
addq,1200,0x00,54,0.920533693,0.033157439,110.230004000,5.569688000,104.660316000,119.745757077,113.695258283
addq,1200,0x00,55,0.920223469,0.033135509,110.975119000,5.664964000,105.310155000,120.595836427,114.439762182
addq,1200,0x00,56,0.915707516,0.046321574,114.574963000,5.835252000,108.739711000,125.121789395,118.749392209
addq,1200,0x00,57,0.916297220,0.045130201,116.440681000,6.020553000,110.420128000,127.077413876,120.506889736
addq,1200,0x00,58,0.926366465,0.036267277,107.745696000,5.445726000,102.299970000,116.310013446,110.431426293
addq,1200,0x00,59,0.906989783,0.040721693,107.779936000,5.462205000,102.317731000,118.832580086,112.810235509
addq,1200,0x00,60,0.915125199,0.032012947,108.780423000,5.548570000,103.231853000,118.869443382,112.806262073
addq,1200,0x00,61,0.918284910,0.050057465,113.014665000,5.841965000,107.172700000,123.071460531,116.709638683
addq,1200,0x00,62,0.912206692,0.036546447,112.732926000,5.962692000,106.770234000,123.582656223,117.046098168
addq,1200,0x00,63,0.922249759,0.037662342,109.319728000,5.683213000,103.636515000,118.535924677,112.373588561
addq,1200,0x00,64,0.924724773,0.042001499,113.117386000,5.888901000,107.228485000,122.325463014,115.957188720
addq,1200,0x00,65,0.927114488,0.026943766,108.054960000,5.472154000,102.582806000,116.549748088,110.647398300
addq,1200,0x00,66,0.919808996,0.038860180,113.904189000,6.016403000,107.887786000,123.834610806,117.293684344
addq,1200,0x00,67,0.911870330,0.035563851,109.561792000,5.717087000,103.844705000,120.150627156,113.880999980
addq,1200,0x00,68,0.931266807,0.032452231,110.302940000,5.724778000,104.578162000,118.443972398,112.296670726
addq,1200,0x00,69,0.914100485,0.029087358,106.108982000,5.424058000,100.684924000,116.080216234,110.146450651
addq,1200,0x00,70,0.923604985,0.032601119,110.769797000,5.903366000,104.866431000,119.932004283,113.540347572
addq,1200,0x00,71,0.925943663,0.046824226,116.573859000,6.228255000,110.345604000,125.897356040,119.170969490
addq,1200,0x00,72,0.925575165,0.049546231,118.693178000,6.352828000,112.340350000,128.237211336,121.373556991
addq,1200,0x00,73,0.920372472,0.044456884,116.691779000,6.168442000,110.523337000,126.787558960,120.085444120
addq,1200,0x00,74,0.916646303,0.046827165,117.152837000,6.158981000,110.993856000,127.805934121,121.086896494
addq,1200,0x00,75,0.916069703,0.047307457,115.290050000,6.088851000,109.201199000,125.852923264,119.206211794
addq,1200,0x00,76,0.917386615,0.043488089,115.178477000,6.068893000,109.109584000,125.550640362,118.935225553
addq,1200,0x00,77,0.918246536,0.043935954,113.378188000,5.846603000,107.531585000,123.472491899,117.105353261
addq,1200,0x00,78,0.920670723,0.050498638,117.280522000,6.205917000,111.074605000,127.385957919,120.645310211
addq,1200,0x00,79,0.926767172,0.042287370,115.111216000,6.056869000,109.054347000,124.207265320,117.671784582
addq,1200,0x00,80,0.911481840,0.041477023,112.589433000,5.864365000,106.725068000,123.523506567,117.089626323
addq,1200,0x00,81,0.917258360,0.025179384,104.687171000,5.263170000,99.424001000,114.130517182,108.392580925
addq,1200,0x00,82,0.933367442,0.040762718,111.201559000,5.635056000,105.566503000,119.140173531,113.102834166
addq,1200,0x00,83,0.924235449,0.046312532,115.962899000,5.944382000,110.018517000,125.469001617,119.037326648
addq,1200,0x00,84,0.915333275,0.040278460,112.303485000,5.821275000,106.482210000,122.691360686,116.331627944
addq,1200,0x00,85,0.920200745,0.048313511,117.969363000,6.111679000,111.857684000,128.199595212,121.557915085
addq,1200,0x00,86,0.925195704,0.041920710,115.383006000,5.829270000,109.553736000,124.711999345,118.411418855
addq,1200,0x00,87,0.921975008,0.035162518,112.978898000,5.777756000,107.201142000,122.540087353,116.273370847
addq,1200,0x00,88,0.929662359,0.038844906,115.905953000,5.892868000,110.013085000,124.675321011,118.336602502
addq,1200,0x00,89,0.911107246,0.045738616,114.558850000,5.960006000,108.598844000,125.735856577,119.194358826
addq,1200,0x00,90,0.914372516,0.044618074,115.534983000,6.098556000,109.436427000,126.354391659,119.684729247
addq,1200,0x00,91,0.929200678,0.046799572,116.917548000,6.143172000,110.774376000,125.825939184,119.214695623
addq,1200,0x00,92,0.921304556,0.030542223,108.669217000,5.639267000,103.029950000,117.951459487,111.830500936
addq,1200,0x00,93,0.915708339,0.031431636,109.198695000,5.537156000,103.661539000,119.250519323,113.203663831
addq,1200,0x00,94,0.914495645,0.031206359,108.653408000,5.563951000,103.089457000,118.812384340,112.728209929
addq,1200,0x00,95,0.914136476,0.030010163,107.402435000,5.538255000,101.864180000,117.490591147,111.432135825
addq,1200,0x00,96,0.932971186,0.037017570,108.668301000,5.550340000,103.117961000,116.475516694,110.526415499
addq,1200,0x00,97,0.921407908,0.028914238,107.574981000,5.454576000,102.120405000,116.750659538,110.830831902
addq,1200,0x00,98,0.911222826,0.029033706,106.844331000,5.417649000,101.426682000,117.253791290,111.308320162
addq,1200,0x00,99,0.910609896,0.032574895,109.385950000,5.564500000,103.821450000,120.123831819,114.013092166
addq,1200,0xAA,0,0.925033841,0.036010125,107.212128000,5.502489000,101.709639000,115.900763043,109.952343908
addq,1200,0xAA,1,0.919582060,0.025774761,105.715427000,5.343370000,100.372057000,114.960297250,109.149646705
addq,1200,0xAA,2,0.901700478,0.027273723,103.819375000,5.305590000,98.513785000,115.137318396,109.253335708
addq,1200,0xAA,3,0.908177295,0.047080776,114.410718000,6.096725000,108.313993000,125.978395050,119.265251002
addq,1200,0xAA,4,0.923637335,0.034973725,111.515950000,5.769882000,105.746068000,120.735645612,114.488732696
addq,1200,0xAA,5,0.928364392,0.045324821,116.850469000,5.937241000,110.913228000,125.867030204,119.471652431
addq,1200,0xAA,6,0.925717014,0.030235340,107.548613000,5.498643000,102.049970000,116.178714790,110.238840170
addq,1200,0xAA,7,0.948470213,0.049333764,117.084050000,6.138656000,110.945394000,123.445152382,116.972987084
addq,1200,0xAA,8,0.920890601,0.029719556,107.284027000,5.505296000,101.778731000,116.500295348,110.522065150
addq,1200,0xAA,9,0.932703583,0.036650973,111.980853000,5.748398000,106.232455000,120.060494010,113.897337674
addq,1200,0xAA,10,0.926574963,0.033856676,109.077724000,5.562729000,103.514995000,117.721423965,111.717884883
addq,1200,0xAA,11,0.940714935,0.034641659,109.165309000,5.507432000,103.657877000,116.045047173,110.190529725
addq,1200,0xAA,12,0.936760723,0.029669101,109.462854000,5.471910000,103.990944000,116.852523084,111.011212847
addq,1200,0xAA,13,0.932508237,0.040014417,113.761855000,5.837998000,107.923857000,121.995549757,115.735017389
addq,1200,0xAA,14,0.936355569,0.042927017,116.890142000,6.063095000,110.827047000,124.835207805,118.360002015
addq,1200,0xAA,15,0.928053681,0.041460132,116.952521000,5.986069000,110.966452000,126.019133752,119.569001480
addq,1200,0xAA,16,0.930928285,0.030615957,109.705286000,5.508042000,104.197244000,117.845045385,111.928325388
addq,1200,0xAA,17,0.932388807,0.039228239,113.892836000,5.712510000,108.180326000,122.151655172,116.024908520
addq,1200,0xAA,18,0.913584148,0.046230447,116.227913000,5.930466000,110.297447000,127.221902035,120.730473728
addq,1200,0xAA,19,0.932118103,0.030121091,106.158420000,5.363572000,100.794848000,113.889451997,108.135275589
addq,1200,0xAA,20,0.928127399,0.036512956,110.207299000,5.711472000,104.495827000,118.741564069,112.587805429
addq,1200,0xAA,21,0.926828945,0.036849042,111.229818000,5.647630000,105.582188000,120.011161255,113.917663605
addq,1200,0xAA,22,0.936547197,0.031569923,108.850246000,5.495104000,103.355142000,116.225051305,110.357643855
addq,1200,0xAA,23,0.926494231,0.033315280,107.467132000,5.382555000,102.084577000,115.993309425,110.183715775
addq,1200,0xAA,24,0.930645234,0.029465691,107.252778000,5.372301000,101.880477000,115.245610329,109.472947661
addq,1200,0xAA,25,0.924668300,0.028848737,105.968357000,5.278857000,100.689500000,114.601481471,108.892561848
addq,1200,0xAA,26,0.919819320,0.033563155,111.126425000,5.584459000,105.541966000,120.813319114,114.742062640
addq,1200,0xAA,27,0.923360948,0.031719915,108.423428000,5.516343000,102.907085000,117.422583540,111.448383511
addq,1200,0xAA,28,0.943980310,0.035069934,108.231046000,5.473192000,102.757854000,114.653923263,108.855929446
addq,1200,0xAA,29,0.920747715,0.042630038,114.976024000,5.846664000,109.129360000,124.872451024,118.522542246
addq,1200,0xAA,30,0.922890237,0.041724218,115.649057000,5.902756000,109.746301000,125.311821926,118.915876053
addq,1200,0xAA,31,0.918638495,0.033357271,107.101776000,5.356614000,101.745162000,116.587511414,110.756475560
addq,1200,0xAA,32,0.924423540,0.044011680,115.758187000,5.828171000,109.930016000,125.222024273,118.917369809
addq,1200,0xAA,33,0.924865670,0.033061159,108.112699000,5.313402000,102.799297000,116.895569237,111.150516555
addq,1200,0xAA,34,0.927833726,0.027313040,106.461458000,5.210436000,101.251022000,114.741957495,109.126257341
addq,1200,0xAA,35,0.921672468,0.043561154,118.109134000,6.025619000,112.083515000,128.146535940,121.608834955
addq,1200,0xAA,36,0.923346285,0.023948936,105.153356000,5.168749000,99.984607000,113.882903683,108.285059097
addq,1200,0xAA,37,0.929192176,0.028131225,107.633819000,5.319383000,102.314436000,115.835907555,110.111168220
addq,1200,0xAA,38,0.916238631,0.034162837,108.970730000,5.427964000,103.542766000,118.932695352,113.008513796
addq,1200,0xAA,39,0.919052769,0.037665152,109.440943000,5.508958000,103.931985000,119.080151589,113.085982170
addq,1200,0xAA,40,0.920673850,0.025444657,107.075654000,5.427659000,101.647995000,116.301395969,110.406084617
addq,1200,0xAA,41,0.940716544,0.033538561,110.657859000,5.625107000,105.032752000,117.631458423,111.651860172
addq,1200,0xAA,42,0.929689376,0.034576476,111.043294000,5.599046000,105.444248000,119.441285250,113.418794145
addq,1200,0xAA,43,0.924016765,0.026327365,107.442535000,5.415147000,102.027388000,116.277690084,110.417247713
addq,1200,0xAA,44,0.923467930,0.033054881,110.745261000,5.544298000,105.200963000,119.923234386,113.919454698
addq,1200,0xAA,45,0.924472640,0.031592038,110.236961000,5.569871000,104.667090000,119.243075752,113.218158669
addq,1200,0xAA,46,0.928134058,0.030110079,107.206757000,5.275560000,101.931197000,115.507836517,109.823786938
addq,1200,0xAA,47,0.926197450,0.022637196,107.298919000,5.354112000,101.944807000,115.848860278,110.068114500
addq,1200,0xAA,48,0.929981487,0.033212039,107.529327000,5.396104000,102.133223000,115.625233888,109.822856021
addq,1200,0xAA,49,0.924326003,0.033020444,109.020656000,5.393602000,103.627054000,117.946109476,112.110936626
addq,1200,0xAA,50,0.922954968,0.026602132,106.799714000,5.373399000,101.426315000,115.714978167,109.893026734
addq,1200,0xAA,51,0.929449429,0.031192770,110.986044000,5.586290000,105.399754000,119.410524724,113.400203101
addq,1200,0xAA,52,0.935055539,0.029971261,109.163417000,5.453966000,103.709451000,116.745382998,110.912610747
addq,1200,0xAA,53,0.927921553,0.031797050,107.801299000,5.377488000,102.423811000,116.175013575,110.379816790
addq,1200,0xAA,54,0.932834207,0.028382478,107.566925000,5.362718000,102.204207000,115.311943092,109.563099450
addq,1200,0xAA,55,0.924848686,0.028989125,107.444305000,5.496995000,101.947310000,116.175009677,110.231340095
addq,1200,0xAA,56,0.923931516,0.025263404,107.301361000,5.352220000,101.949141000,116.135621666,110.342746429
addq,1200,0xAA,57,0.923630682,0.029566253,108.399259000,5.436998000,102.962261000,117.362124436,111.475574641
addq,1200,0xAA,58,0.941193778,0.035175516,111.694661000,5.732530000,105.962131000,118.673395049,112.582693924
addq,1200,0xAA,59,0.931715054,0.039841198,117.164922000,6.046494000,111.118428000,125.751882449,119.262243829
addq,1200,0xAA,60,0.925802537,0.033762862,111.313558000,5.561509000,105.752049000,120.234665079,114.227434837
addq,1200,0xAA,61,0.924770384,0.031185667,110.159630000,5.523485000,104.636145000,119.121061690,113.148243904
addq,1200,0xAA,62,0.931402181,0.018855543,105.268285000,5.281298000,99.986987000,113.021299640,107.351033769
addq,1200,0xAA,63,0.925859746,0.029258435,107.849150000,5.397814000,102.451336000,116.485407666,110.655351849
addq,1200,0xAA,64,0.923528769,0.029206725,107.460723000,5.339953000,102.120770000,116.358825679,110.576706939
addq,1200,0xAA,65,0.918605509,0.030958129,108.077787000,5.351488000,102.726299000,117.654189947,111.828524904
addq,1200,0xAA,66,0.924424051,0.026392534,108.752407000,5.375474000,103.376933000,117.643420087,111.828476185
addq,1200,0xAA,67,0.920544161,0.041386417,113.125259000,5.655014000,107.470245000,122.889551397,116.746430579
addq,1200,0xAA,68,0.933934475,0.039621856,111.590229000,5.469346000,106.120883000,119.484002385,113.627760702
addq,1200,0xAA,69,0.931531835,0.046753712,118.332765000,5.893967000,112.438798000,127.030296296,120.703119082
addq,1200,0xAA,70,0.925223530,0.032324731,110.527183000,5.477342000,105.049841000,119.459978434,113.539958223
addq,1200,0xAA,71,0.932303445,0.026479563,108.499417000,5.339159000,103.160258000,116.377792671,110.650945871
addq,1200,0xAA,72,0.935333603,0.031297296,109.703332000,5.444139000,104.259193000,117.287919084,111.467387266
addq,1200,0xAA,73,0.933907670,0.047353301,118.040958000,6.005233000,112.035725000,126.394676749,119.964455437
addq,1200,0xAA,74,0.919370303,0.044853613,116.671576000,5.973801000,110.697775000,126.903790128,120.406080794
addq,1200,0xAA,75,0.922897824,0.029848244,111.467976000,5.564439000,105.903537000,120.780408363,114.751096279
addq,1200,0xAA,76,0.920503587,0.042457102,117.493290000,5.935715000,111.557575000,127.640230453,121.191895995
addq,1200,0xAA,77,0.937216784,0.044806178,117.203253000,5.922775000,111.280478000,125.054581765,118.735045988
addq,1200,0xAA,78,0.922203612,0.032964559,108.083646000,5.344713000,102.738933000,117.201499251,111.405910373
addq,1200,0xAA,79,0.924506786,0.026771850,106.414096000,5.293809000,101.120287000,115.103639673,109.377549742
addq,1200,0xAA,80,0.934786110,0.027598083,107.212982000,5.262560000,101.950422000,114.692527955,109.062833690
addq,1200,0xAA,81,0.935111244,0.034964764,110.808249000,5.513841000,105.294408000,118.497397737,112.600943132
addq,1200,0xAA,82,0.947280889,0.041339455,111.121603000,5.540575000,105.581028000,117.305863853,111.456938720
addq,1200,0xAA,83,0.931700768,0.027391142,106.705782000,5.332811000,101.372971000,114.527953188,108.804215288
addq,1200,0xAA,84,0.920148547,0.028882207,108.216764000,5.396105000,102.820659000,117.607927961,111.743543326
addq,1200,0xAA,85,0.933845033,0.032495890,108.149137000,5.325670000,102.823467000,115.810582256,110.107633895
addq,1200,0xAA,86,0.924667064,0.028401107,107.221039000,5.290208000,101.930831000,115.956372970,110.235169952
addq,1200,0xAA,87,0.914243317,0.046070928,111.468099000,5.680100000,105.787999000,121.923887097,115.710989619
addq,1200,0xAA,88,0.926336127,0.035825744,112.956071000,5.749985000,107.206086000,121.938535793,115.731301905
addq,1200,0xAA,89,0.912958014,0.037408107,111.442159000,5.700425000,105.741734000,122.067123836,115.823216767
addq,1200,0xAA,90,0.925126117,0.027517314,107.521697000,5.327684000,102.194013000,116.223826126,110.464952930
addq,1200,0xAA,91,0.933452503,0.040601349,111.799030000,5.575608000,106.223422000,119.769382567,113.796279513
addq,1200,0xAA,92,0.938802501,0.041587747,112.696855000,5.599717000,107.097138000,120.043198462,114.078454023
addq,1200,0xAA,93,0.928599535,0.034356883,112.631731000,5.568040000,107.063691000,121.292038952,115.295869679
addq,1200,0xAA,94,0.923007712,0.026012695,106.246371000,5.277086000,100.969285000,115.108865986,109.391594145
addq,1200,0xAA,95,0.918814944,0.028980109,104.840247000,5.251695000,99.588552000,114.103767786,108.388041202
addq,1200,0xAA,96,0.925934948,0.021988702,105.252843000,5.158007000,100.094836000,113.671962834,108.101369553
addq,1200,0xAA,97,0.930706439,0.031662656,109.520106000,5.524278000,103.995828000,117.674168198,111.738593058
addq,1200,0xAA,98,0.930577561,0.026172499,107.361114000,5.320116000,102.040998000,115.370409230,109.653404840
addq,1200,0xAA,99,0.921388881,0.021883501,104.395546000,5.099474000,99.296072000,113.302372274,107.767821005
addq,1400,0x00,0,0.788284160,0.036810423,101.187852000,4.871386000,96.316466000,128.364690192,122.184956733
addq,1400,0x00,1,0.789328612,0.028979078,99.257314000,4.666004000,94.591310000,125.749038475,119.837680482
addq,1400,0x00,2,0.787295197,0.024362161,97.886407000,4.617297000,93.269110000,124.332534180,118.467774663
addq,1400,0x00,3,0.784081737,0.037918580,105.715489000,5.169421000,100.546068000,134.827128447,128.234166566
addq,1400,0x00,4,0.789495650,0.044091939,105.410191000,5.140551000,100.269640000,133.515860380,127.004676944
addq,1400,0x00,5,0.791743726,0.037810417,103.854531000,5.071886000,98.782645000,131.171902742,124.765933443
addq,1400,0x00,6,0.790046338,0.040857192,100.577074000,4.789843000,95.787231000,127.305284724,121.242547933
addq,1400,0x00,7,0.788526523,0.030320518,102.165571000,4.916430000,97.249141000,129.565167514,123.330209198
addq,1400,0x00,8,0.783817870,0.035906367,103.586466000,5.091479000,98.494987000,132.156295460,125.660553023
addq,1400,0x00,9,0.785747067,0.026828460,96.210508000,4.516529000,91.693979000,122.444628825,116.696559010
addq,1400,0x00,10,0.782643029,0.029553433,98.071709000,4.649952000,93.421757000,125.308353143,119.367008455
addq,1400,0x00,11,0.794522133,0.050897199,106.529269000,5.190172000,101.339097000,134.079674567,127.547229735
addq,1400,0x00,12,0.803210260,0.038242151,102.829266000,4.949755000,97.879511000,128.022849148,121.860384294
addq,1400,0x00,13,0.791222370,0.032958557,102.127425000,4.858935000,97.268490000,129.075502550,122.934453983
addq,1400,0x00,14,0.783917370,0.042716980,106.324862000,5.159105000,101.165757000,135.632741478,129.051556781
addq,1400,0x00,15,0.783197955,0.038294805,104.190407000,5.059069000,99.131338000,133.032021308,126.572518995
addq,1400,0x00,16,0.777554938,0.026025116,97.329158000,4.625660000,92.703498000,125.173352117,119.224370539
addq,1400,0x00,17,0.782653371,0.023790105,97.400142000,4.667895000,92.732247000,124.448632892,118.484440855
addq,1400,0x00,18,0.789399052,0.034997559,103.003033000,4.906786000,98.096247000,130.482843626,124.266993746
addq,1400,0x00,19,0.785938369,0.032566742,98.518669000,4.627552000,93.891117000,125.351647018,119.463714601
addq,1400,0x00,20,0.786405356,0.022775964,96.129759000,4.527576000,91.602183000,122.239451013,116.482145363
addq,1400,0x00,21,0.798891706,0.037494421,100.720873000,4.759265000,95.961608000,126.075752483,120.118418137
addq,1400,0x00,22,0.799967962,0.043372490,104.746009000,5.008410000,99.737599000,130.937754991,124.676991763
addq,1400,0x00,23,0.802750790,0.040542953,103.462442000,4.952319000,98.510123000,128.884883491,122.715697408
addq,1400,0x00,24,0.779197855,0.030333165,99.896900000,4.824511000,95.072389000,128.204793312,122.013155378
addq,1400,0x00,25,0.789714301,0.034086625,103.611795000,5.050647000,98.561148000,131.201619145,124.806082188
addq,1400,0x00,26,0.781192213,0.030625743,98.288993000,4.700427000,93.588566000,125.819217561,119.802225940
addq,1400,0x00,27,0.789335568,0.028666538,98.405083000,4.672046000,93.733037000,124.668248777,118.749288340
addq,1400,0x00,28,0.794962117,0.027647759,97.608453000,4.632556000,92.975897000,122.783779103,116.956386955
addq,1400,0x00,29,0.783882026,0.031310878,98.204460000,4.708362000,93.496098000,125.279642566,119.273174953
addq,1400,0x00,30,0.783042038,0.025460208,97.688470000,4.672412000,93.016058000,124.755077343,118.788077139
addq,1400,0x00,31,0.804458747,0.029009309,101.193039000,4.898669000,96.294370000,125.790215240,119.700817847
addq,1400,0x00,32,0.799357715,0.033390627,100.787889000,4.805957000,95.981932000,126.086090182,120.073816945
addq,1400,0x00,33,0.786827818,0.038621908,104.684851000,5.199328000,99.485523000,133.046708079,126.438746487
addq,1400,0x00,34,0.790436061,0.033071633,101.656539000,4.961352000,96.695187000,128.608174689,122.331446886
addq,1400,0x00,35,0.782040198,0.024782852,96.705685000,4.602283000,92.103402000,123.658202258,117.773232392
addq,1400,0x00,36,0.785055410,0.027626883,98.797477000,4.709949000,94.087528000,125.847775492,119.848263942
addq,1400,0x00,37,0.781171676,0.023725682,97.365290000,4.619740000,92.745550000,124.640067023,118.726206928
addq,1400,0x00,38,0.795997229,0.023743836,98.275078000,4.599292000,93.675786000,123.461583100,117.683557958
addq,1400,0x00,39,0.788352391,0.023994085,99.451100000,4.712695000,94.738405000,126.150565539,120.172661428
addq,1400,0x00,40,0.792109173,0.031535282,101.100754000,4.924975000,96.175779000,127.634873416,121.417327692
addq,1400,0x00,41,0.802847127,0.033077896,101.498702000,4.849719000,96.648983000,126.423447968,120.382797343
addq,1400,0x00,42,0.792948040,0.041614008,101.355515000,4.915088000,96.440427000,127.821130602,121.622631141
addq,1400,0x00,43,0.780874776,0.034496610,100.535082000,4.886157000,95.648925000,128.746740233,122.489453985
addq,1400,0x00,44,0.788499245,0.027208405,97.647272000,4.575061000,93.072211000,123.839398257,118.037159345
addq,1400,0x00,45,0.789349802,0.025097011,98.406669000,4.579029000,93.827640000,124.668009954,118.866996276
addq,1400,0x00,46,0.788220916,0.026270325,98.154351000,4.628834000,93.525517000,124.526448104,118.653939642
addq,1400,0x00,47,0.789370883,0.026464900,99.173208000,4.760364000,94.412844000,125.635756392,119.605176723
addq,1400,0x00,48,0.794258478,0.022517784,98.340996000,4.628589000,93.712407000,123.814852111,117.987292031
addq,1400,0x00,49,0.798256757,0.037300745,102.569074000,4.973254000,97.595820000,128.491331973,122.261188658
addq,1400,0x00,50,0.795365042,0.025582757,98.534232000,4.613635000,93.920597000,123.885545358,118.084894392
addq,1400,0x00,51,0.794607267,0.046683102,104.574623000,4.990527000,99.584096000,131.605419917,125.324924873
addq,1400,0x00,52,0.794988017,0.039707601,104.970739000,5.127062000,99.843677000,132.040655652,125.591423852
addq,1400,0x00,53,0.790939865,0.029411267,100.467761000,4.754382000,95.713379000,127.023261106,121.012207409
addq,1400,0x00,54,0.782575122,0.031718090,100.413134000,4.786182000,95.626952000,128.311175700,122.195236329
addq,1400,0x00,55,0.787069115,0.027496542,100.926011000,4.751636000,96.174375000,128.230175862,122.193049121
addq,1400,0x00,56,0.787820646,0.025758364,97.277400000,4.503528000,92.773872000,123.476581309,117.760143151
addq,1400,0x00,57,0.794637857,0.019504775,98.063042000,4.569874000,93.493168000,123.405952947,117.655064087
addq,1400,0x00,58,0.789311750,0.031088971,100.919359000,4.831470000,96.087889000,127.857413782,121.736296237
addq,1400,0x00,59,0.787487382,0.029826931,100.604112000,4.743152000,95.860960000,127.753300300,121.730153634
addq,1400,0x00,60,0.782785131,0.027803143,100.599229000,4.840808000,95.758421000,128.514486232,122.330403518
addq,1400,0x00,61,0.791588635,0.033762383,100.263415000,4.885912000,95.377503000,126.661008765,120.488722068
addq,1400,0x00,62,0.801075114,0.038247133,103.751749000,4.973315000,98.778434000,129.515631234,123.307330769
addq,1400,0x00,63,0.782702794,0.024687722,97.624689000,4.630054000,92.994635000,124.727661383,118.812192525
addq,1400,0x00,64,0.778514836,0.023935947,97.212458000,4.613453000,92.599005000,124.869114322,118.943147610
addq,1400,0x00,65,0.782630135,0.024569780,97.541010000,4.620105000,92.920905000,124.632320749,118.729014968
addq,1400,0x00,66,0.779162071,0.024880819,97.672723000,4.608691000,93.064032000,125.356105802,119.441173374
addq,1400,0x00,67,0.781807465,0.024081979,97.609431000,4.594227000,93.015204000,124.850983543,118.974566134
addq,1400,0x00,68,0.793558954,0.025914284,97.405939000,4.519398000,92.886541000,122.745687009,117.050586505
addq,1400,0x00,69,0.787760887,0.022887672,96.065978000,4.469715000,91.596263000,121.948143814,116.274194941
addq,1400,0x00,70,0.792315122,0.023278456,97.509394000,4.588489000,92.920905000,123.068954869,117.277712379
addq,1400,0x00,71,0.799279793,0.034583313,99.455861000,4.760853000,94.695008000,124.431847065,118.475418490
addq,1400,0x00,72,0.801663744,0.041363620,105.271337000,5.171678000,100.099659000,131.316075915,124.864894804
addq,1400,0x00,73,0.802828321,0.034665768,102.759441000,4.921496000,97.837945000,127.996781190,121.866583901
addq,1400,0x00,74,0.790193931,0.030444148,100.435839000,4.719409000,95.716430000,127.102771991,121.130302681
addq,1400,0x00,75,0.792470261,0.025044407,98.798698000,4.648731000,94.149967000,124.671805198,118.805678443
addq,1400,0x00,76,0.796776603,0.031228595,102.329877000,4.907153000,97.422724000,128.429821679,122.271065280
addq,1400,0x00,77,0.789581688,0.024939247,98.162224000,4.655811000,93.506413000,124.321809252,118.425255329
addq,1400,0x00,78,0.783981837,0.025598540,97.954339000,4.579822000,93.374517000,124.944653533,119.102908503
addq,1400,0x00,79,0.799278708,0.034626186,99.184377000,4.624439000,94.559938000,124.092354823,118.306589538
addq,1400,0x00,80,0.777568808,0.033111230,102.647565000,4.952502000,97.695063000,132.010908856,125.641695031
addq,1400,0x00,81,0.804598926,0.043488436,102.379560000,4.854174000,97.525386000,127.242973708,121.209938064
addq,1400,0x00,82,0.795339605,0.038947551,99.279409000,4.632251000,94.647158000,124.826436872,119.002194032
addq,1400,0x00,83,0.779280075,0.037071630,104.707557000,5.009875000,99.697682000,134.364473493,127.935623122
addq,1400,0x00,84,0.786818118,0.034453836,102.451032000,4.786365000,97.664667000,130.209294396,124.126103264
addq,1400,0x00,85,0.789064973,0.031933578,99.745838000,4.651477000,95.094361000,126.410170743,120.515248071
addq,1400,0x00,86,0.781413669,0.033236828,102.597943000,4.861072000,97.736871000,131.297860633,125.076991722
addq,1400,0x00,87,0.777812879,0.039308993,105.369481000,4.975024000,100.394457000,135.468933218,129.072762452
addq,1400,0x00,88,0.787615737,0.026049342,100.805101000,4.694995000,96.110106000,127.987667423,122.026645088
addq,1400,0x00,89,0.789765850,0.028191761,100.602098000,4.706531000,95.895567000,127.382183017,121.422782516
addq,1400,0x00,90,0.785856073,0.039250837,105.651830000,5.032396000,100.619434000,134.441704538,128.037992495
addq,1400,0x00,91,0.798979627,0.042056388,100.452135000,4.691211000,95.760924000,125.725527383,119.854024731
addq,1400,0x00,92,0.799555525,0.038798300,101.884200000,4.767505000,97.116695000,127.426047184,121.463353095
addq,1400,0x00,93,0.784961607,0.021792608,96.507566000,4.418140000,92.089426000,122.945587512,117.317108415
addq,1400,0x00,94,0.785463110,0.037667441,104.917517000,4.926074000,99.991443000,133.574086036,127.302532428
addq,1400,0x00,95,0.788215175,0.038934523,105.929050000,5.030016000,100.899034000,134.391031044,128.009504575
addq,1400,0x00,96,0.787795353,0.041898222,107.399567000,5.111987000,102.287580000,136.329272126,129.840293759
addq,1400,0x00,97,0.791948934,0.040881436,107.344269000,5.184862000,102.159407000,135.544432778,128.997467716
addq,1400,0x00,98,0.783092730,0.041055239,105.950901000,5.207689000,100.743212000,135.298026502,128.647870272
addq,1400,0x00,99,0.782534530,0.033567257,100.749925000,4.876880000,95.873045000,128.748216394,122.516056901
addq,1400,0xAA,0,0.788979109,0.037732906,101.486679000,4.761829000,96.724850000,128.630375504,122.594944466
addq,1400,0xAA,1,0.786659455,0.028847727,99.363149000,4.682239000,94.680910000,126.310245588,120.358192297
addq,1400,0xAA,2,0.784759146,0.029165246,100.415210000,4.698779000,95.716431000,127.956724723,121.969181889
addq,1400,0xAA,3,0.795117372,0.022886274,98.957938000,4.582630000,94.375308000,124.457019169,118.693555608
addq,1400,0xAA,4,0.782461625,0.032715699,101.838118000,4.833850000,97.004268000,130.150942564,123.973195508
addq,1400,0xAA,5,0.791833562,0.039968716,106.026157000,5.057482000,100.968675000,133.899549203,127.512497374
addq,1400,0xAA,6,0.797887302,0.043708813,105.562474000,4.996630000,100.565844000,132.302486534,126.040161029
addq,1400,0xAA,7,0.796164713,0.031190432,99.093313000,4.674182000,94.419131000,124.463331943,118.592458842
addq,1400,0xAA,8,0.786497012,0.031193549,102.407941000,4.888415000,97.519526000,130.207666956,123.992239655
addq,1400,0xAA,9,0.790400248,0.032031572,102.034773000,4.806506000,97.228267000,129.092536683,123.011432821
addq,1400,0xAA,10,0.785675626,0.023972862,96.423703000,4.479664000,91.944039000,122.727115166,117.025444077
addq,1400,0xAA,11,0.797415823,0.037730201,103.075114000,4.879871000,98.195243000,129.261435495,123.141829065
addq,1400,0xAA,12,0.806082503,0.036798632,104.927161000,4.995654000,99.931507000,130.169257688,123.971810177
addq,1400,0xAA,13,0.794206818,0.039729095,107.098847000,5.147997000,101.950850000,134.850072461,128.368137427
addq,1400,0xAA,14,0.794409463,0.036149837,101.929610000,4.836047000,97.093563000,128.308655408,122.221055465
addq,1400,0xAA,15,0.798046030,0.033257172,102.693707000,4.848560000,97.845147000,128.681433268,122.605893994
addq,1400,0xAA,16,0.786997734,0.033375208,102.444440000,4.843921000,97.600519000,130.171200698,124.016264299
addq,1400,0xAA,17,0.795365146,0.035146175,99.846607000,4.678638000,95.167969000,125.535557538,119.653180084
addq,1400,0xAA,18,0.790866089,0.028425543,100.425647000,4.771167000,95.654480000,126.981860084,120.949022074
addq,1400,0xAA,19,0.788279908,0.030470761,98.755179000,4.658680000,94.096499000,125.279330273,119.369399105
addq,1400,0xAA,20,0.794000671,0.031849710,99.145437000,4.634021000,94.511416000,124.868203118,119.031909558
addq,1400,0xAA,21,0.799420195,0.040122416,102.075239000,4.753161000,97.322078000,127.686590473,121.740829993
addq,1400,0xAA,22,0.795815378,0.043612108,105.894016000,5.039843000,100.854173000,133.063545730,126.730615836
addq,1400,0xAA,23,0.789925851,0.030922066,100.882371000,4.775317000,96.107054000,127.711190653,121.665918186
addq,1400,0xAA,24,0.794731845,0.035556329,101.884932000,4.847034000,97.037898000,128.200389374,122.101434073
addq,1400,0xAA,25,0.788019323,0.030578016,101.274948000,4.754870000,96.520078000,128.518356183,122.484405158
addq,1400,0xAA,26,0.790139519,0.033536033,100.359972000,4.676136000,95.683836000,127.015507561,121.097393241
addq,1400,0xAA,27,0.790767866,0.033720028,103.086894000,4.823840000,98.263054000,130.363028705,124.262831405
addq,1400,0xAA,28,0.794168777,0.032680600,101.736556000,4.760669000,96.975887000,128.104452011,122.109921456
addq,1400,0xAA,29,0.788497925,0.038229309,106.797517000,5.137316000,101.660201000,135.444258754,128.928939137
addq,1400,0xAA,30,0.797952939,0.038953694,107.629913000,5.205492000,102.424421000,134.882532154,128.358974506
addq,1400,0xAA,31,0.804101025,0.049894162,106.106418000,5.161119000,100.945299000,131.956575914,125.538080182
addq,1400,0xAA,32,0.793731957,0.046905517,107.073945000,5.119921000,101.954024000,134.899375050,128.448934252
addq,1400,0xAA,33,0.791974183,0.041394578,106.339449000,5.108934000,101.230515000,134.271357922,127.820473399
addq,1400,0xAA,34,0.794042691,0.041517308,106.892976000,5.121569000,101.771407000,134.618676260,128.168684269
addq,1400,0xAA,35,0.788897846,0.042810993,106.362094000,5.095812000,101.266282000,134.823658729,128.364252072
addq,1400,0xAA,36,0.797472475,0.044614318,106.311739000,5.117907000,101.193832000,133.310856863,126.893197120
addq,1400,0xAA,37,0.793961172,0.037689565,103.021648000,4.940600000,98.081048000,129.756531680,123.533809244
addq,1400,0xAA,38,0.784376576,0.026832989,98.703177000,4.642872000,94.060305000,125.836466920,119.917279447
addq,1400,0xAA,39,0.789614167,0.026902937,97.151728000,4.540943000,92.610785000,123.036961710,117.286123907
addq,1400,0xAA,40,0.784140832,0.032632053,98.864615000,4.655323000,94.209292000,126.080177144,120.143331605
addq,1400,0xAA,41,0.802576550,0.035993153,99.024954000,4.725879000,94.299075000,123.383811866,117.495427757
addq,1400,0xAA,42,0.800304035,0.036515993,102.207014000,4.882373000,97.324641000,127.710232064,121.609584326
addq,1400,0xAA,43,0.792871737,0.027102467,100.138721000,4.719165000,95.419556000,126.298764742,120.346774302
addq,1400,0xAA,44,0.785105285,0.028689604,98.449516000,4.720507000,93.729009000,125.396577879,119.383999578
addq,1400,0xAA,45,0.787200697,0.040306545,106.305942000,5.190416000,101.115526000,135.042997852,128.449487427
addq,1400,0xAA,46,0.799739199,0.034305965,100.559679000,4.797595000,95.762084000,125.740590289,119.741640876
addq,1400,0xAA,47,0.785267318,0.030251130,100.077015000,4.826953000,95.250062000,127.443244742,121.296353245
addq,1400,0xAA,48,0.788889446,0.028572927,101.089280000,4.885364000,96.203916000,128.141250335,121.948539779
addq,1400,0xAA,49,0.787364492,0.041190996,103.929360000,4.975146000,98.954214000,131.996503668,125.677770663
addq,1400,0xAA,50,0.787482186,0.041514860,106.662386000,5.136462000,101.525924000,135.447363600,128.924724625
addq,1400,0xAA,51,0.796697040,0.039572199,103.339640000,4.902454000,98.437186000,129.710083972,123.556610629
addq,1400,0xAA,52,0.796485485,0.033480790,100.939683000,4.733631000,96.206052000,126.731352761,120.788204910
addq,1400,0xAA,53,0.796239084,0.036467021,102.439130000,4.822253000,97.616877000,128.653732310,122.597444575
addq,1400,0xAA,54,0.787961221,0.039172394,106.606844000,5.155870000,101.450974000,135.294531195,128.751226953
addq,1400,0xAA,55,0.782386028,0.039997525,106.725374000,5.199084000,101.526290000,136.410122538,129.764957860
addq,1400,0xAA,56,0.799617552,0.041821139,107.678252000,5.229174000,102.449078000,134.662191661,128.122597841
addq,1400,0xAA,57,0.795144762,0.045227365,108.030485000,5.240465000,102.790020000,135.862663164,129.272083374
addq,1400,0xAA,58,0.802291065,0.042453479,107.111115000,5.094896000,102.016219000,133.506553439,127.156120012
addq,1400,0xAA,59,0.785773932,0.044372440,106.876069000,5.081347000,101.794722000,136.013762537,129.547084536
addq,1400,0xAA,60,0.791299842,0.035616228,104.792212000,4.969408000,99.822804000,132.430472574,126.150415714
addq,1400,0xAA,61,0.807785991,0.049420554,107.097931000,5.118517000,101.979414000,132.582060281,126.245583720
addq,1400,0xAA,62,0.798481376,0.043428518,106.389193000,5.088000000,101.301193000,133.239417036,126.867321010
addq,1400,0xAA,63,0.789454787,0.043585821,105.885044000,5.161364000,100.723680000,134.124266200,127.586381973
addq,1400,0xAA,64,0.791835574,0.036555585,104.787207000,5.041552000,99.745655000,132.334553323,125.967635537
addq,1400,0xAA,65,0.791371811,0.038977005,105.193334000,5.052355000,100.140979000,132.925298251,126.540998318
addq,1400,0xAA,66,0.789769906,0.041456131,106.344942000,5.179186000,101.165756000,134.653069411,128.095227742
addq,1400,0xAA,67,0.796971179,0.045061577,106.832613000,5.245043000,101.587570000,134.048276472,127.467056052
addq,1400,0xAA,68,0.789081616,0.036326531,105.347264000,5.119982000,100.227282000,133.506169574,127.017636705
addq,1400,0xAA,69,0.789469052,0.031316454,99.740589000,4.710498000,95.030091000,126.338820677,120.372154869
addq,1400,0xAA,70,0.788781708,0.030575902,99.983570000,4.832568000,95.151002000,126.756958219,120.630335414
addq,1400,0xAA,71,0.797263222,0.036812920,101.348251000,4.951220000,96.397031000,127.120188476,120.909918309
addq,1400,0xAA,72,0.802936989,0.035009707,102.990825000,5.070116000,97.920709000,128.267630418,121.953167307
addq,1400,0xAA,73,0.793088886,0.033045101,99.967456000,4.805347000,95.162109000,126.048237239,119.989210202
addq,1400,0xAA,74,0.791249210,0.028427006,99.001699000,4.694079000,94.307620000,125.120755605,119.188264372
addq,1400,0xAA,75,0.795135612,0.036982026,105.012365000,5.117541000,99.894824000,132.068496817,125.632436194
addq,1400,0xAA,76,0.793993830,0.034204817,105.638707000,5.047534000,100.591173000,133.047264282,126.690119168
addq,1400,0xAA,77,0.788504909,0.037336692,105.777012000,5.150621000,100.626391000,134.148831334,127.616695714
addq,1400,0xAA,78,0.794254839,0.040588964,104.760168000,5.073961000,99.686207000,131.897424939,125.509096217
addq,1400,0xAA,79,0.789573017,0.027627553,99.406972000,4.801135000,94.605837000,125.899656990,119.818984403
addq,1400,0xAA,80,0.783246162,0.029163255,100.094470000,4.834277000,95.260193000,127.794395696,121.622291405
addq,1400,0xAA,81,0.797390819,0.036843092,102.002668000,4.866809000,97.135859000,127.920544744,121.817127347
addq,1400,0xAA,82,0.803777072,0.038610014,107.113190000,5.337816000,101.775374000,133.262310762,126.621394787
addq,1400,0xAA,83,0.798776130,0.045778612,107.529693000,5.114855000,102.414838000,134.618060049,128.214695189
addq,1400,0xAA,84,0.790962522,0.037989023,106.389376000,5.074450000,101.314926000,134.506216237,128.090678383
addq,1400,0xAA,85,0.787252110,0.043624480,106.905183000,5.193834000,101.711349000,135.795359101,129.197937598
addq,1400,0xAA,86,0.794710753,0.042002447,107.461639000,5.232042000,102.229597000,135.221070737,128.637490513
addq,1400,0xAA,87,0.776619829,0.041914960,105.810276000,5.108263000,100.702013000,136.244623155,129.667063832
addq,1400,0xAA,88,0.791550208,0.045251668,106.348666000,5.152635000,101.196031000,134.354921425,127.845372255
addq,1400,0xAA,89,0.795898301,0.034977659,104.032571000,5.007189000,99.025382000,130.710884690,124.419642459
addq,1400,0xAA,90,0.788809846,0.026897032,98.258721000,4.650806000,93.607915000,124.565789222,118.669810585
addq,1400,0xAA,91,0.795560181,0.042937567,102.719341000,4.922350000,97.796991000,129.115739461,122.928463978
addq,1400,0xAA,92,0.794474836,0.039788865,107.908598000,5.136461000,102.772137000,135.823808540,129.358580482
addq,1400,0xAA,93,0.794830174,0.030265586,99.881214000,4.707752000,95.173462000,125.663591182,119.740625301
addq,1400,0xAA,94,0.796078384,0.035093897,100.151965000,4.798206000,95.353759000,125.806662978,119.779359518
addq,1400,0xAA,95,0.799418839,0.032009516,101.896773000,4.911182000,96.985591000,127.463562291,121.320121883
addq,1400,0xAA,96,0.791649320,0.044200311,107.293548000,5.274278000,102.019270000,135.531661978,128.869270097
addq,1400,0xAA,97,0.779110771,0.031569465,99.826771000,4.756214000,95.070557000,128.129111771,122.024441960
addq,1400,0xAA,98,0.787786458,0.030613876,100.366077000,4.816577000,95.549500000,127.402643097,121.288578875
addq,1400,0xAA,99,0.795225855,0.046249341,105.753758000,5.115832000,100.637926000,132.985814392,126.552633220
addq,1600,0x00,0,0.683381327,0.027247128,88.606340000,4.024465000,84.581875000,129.658708190,123.769660826
addq,1600,0x00,1,0.704605976,0.033407716,91.908639000,4.234486000,87.674153000,130.439766430,124.430044485
addq,1600,0x00,2,0.696436742,0.026386257,88.869158000,4.062917000,84.806241000,127.605499028,121.771635369
addq,1600,0x00,3,0.691816162,0.027331260,89.609573000,4.085317000,85.524256000,129.528013219,123.622807150
addq,1600,0x00,4,0.686044687,0.029909606,89.941725000,4.206532000,85.735193000,131.101846160,124.970274733
addq,1600,0x00,5,0.681422915,0.020857715,87.635579000,3.996694000,83.638885000,128.606738965,122.741520890
addq,1600,0x00,6,0.702082394,0.035593493,93.648381000,4.339893000,89.308488000,133.386596536,127.205138294
addq,1600,0x00,7,0.697790102,0.019175234,88.937578000,4.083364000,84.854214000,127.456061278,121.604209857
addq,1600,0x00,8,0.687811962,0.027672913,91.502146000,4.258534000,87.243612000,133.033664886,126.842243047
addq,1600,0x00,9,0.690843315,0.029152248,91.782602000,4.250721000,87.531881000,132.855887900,126.702942785
addq,1600,0x00,10,0.699953881,0.028425517,92.033700000,4.235707000,87.797993000,131.485377133,125.433968439
addq,1600,0x00,11,0.695094155,0.027046109,92.369209000,4.282460000,88.086749000,132.887333707,126.726355420
addq,1600,0x00,12,0.700079393,0.037753473,93.473028000,4.368458000,89.104570000,133.517753825,127.277807262
addq,1600,0x00,13,0.695040197,0.036389155,92.586067000,4.311695000,88.274372000,133.209658068,127.006139166
addq,1600,0x00,14,0.697025270,0.027981859,89.573806000,4.122426000,85.451380000,128.508692335,122.594378786
addq,1600,0x00,15,0.687599577,0.025698808,91.994332000,4.242481000,87.751851000,133.790559272,127.620571476
addq,1600,0x00,16,0.698723436,0.027645053,93.822148000,4.333791000,89.488357000,134.276515093,128.074073932
addq,1600,0x00,17,0.690321415,0.026889548,92.264046000,4.329273000,87.934773000,133.653750261,127.382362895
addq,1600,0x00,18,0.689815839,0.027071390,91.327159000,4.179799000,87.147360000,132.393537305,126.334240368
addq,1600,0x00,19,0.689247690,0.022674816,90.187574000,4.120045000,86.067529000,130.849294554,124.871697443
addq,1600,0x00,20,0.694013088,0.033998955,93.330510000,4.398243000,88.932267000,134.479466776,128.142060354
addq,1600,0x00,21,0.706040010,0.037298656,96.319516000,4.502124000,91.817392000,136.422178045,130.045593243
addq,1600,0x00,22,0.697104993,0.030092483,89.569290000,4.113271000,85.456019000,128.487517538,122.587013249
addq,1600,0x00,23,0.692395736,0.027589949,88.709124000,4.055410000,84.653714000,128.119107918,122.262038341
addq,1600,0x00,24,0.692908672,0.029660369,89.995314000,4.179616000,85.815698000,129.880484371,123.848497522
addq,1600,0x00,25,0.689531288,0.024553279,88.849016000,4.053090000,84.795926000,128.854219573,122.976183188
addq,1600,0x00,26,0.690476887,0.028558088,91.672678000,4.216053000,87.456625000,132.767192780,126.661191149
addq,1600,0x00,27,0.691964272,0.024466360,87.340169000,3.895864000,83.444305000,126.220633896,120.590481936
addq,1600,0x00,28,0.698582784,0.025681945,89.541885000,4.101857000,85.440028000,128.176483883,122.304800395
addq,1600,0x00,29,0.692030385,0.027279431,91.308238000,4.260426000,87.047812000,131.942527425,125.786112772
addq,1600,0x00,30,0.688828861,0.027626696,90.473096000,4.206166000,86.266930000,131.343358455,125.237101534
addq,1600,0x00,31,0.700361292,0.032258041,92.952216000,4.330495000,88.621721000,132.720378774,126.537148708
addq,1600,0x00,32,0.700872882,0.033981627,94.697023000,4.502613000,90.194410000,135.112979108,128.688685746
addq,1600,0x00,33,0.692018211,0.023724278,91.587656000,4.266896000,87.320760000,132.348621138,126.182748718
addq,1600,0x00,34,0.694114744,0.032402901,94.159061000,4.366077000,89.792984000,135.653451754,129.363314518
addq,1600,0x00,35,0.689977685,0.033560893,95.469543000,4.440235000,91.029308000,138.366131277,131.930799970
addq,1600,0x00,36,0.696319620,0.031943292,91.202098000,4.210255000,86.991843000,130.977349126,124.930908845
addq,1600,0x00,37,0.694738912,0.027152654,91.361400000,4.187490000,87.173910000,131.504653596,125.477223830
addq,1600,0x00,38,0.693536463,0.027223130,91.675120000,4.244740000,87.430380000,132.185003879,126.064575857
addq,1600,0x00,39,0.697598417,0.031216342,92.058663000,4.250111000,87.808552000,131.965125924,125.872636471
addq,1600,0x00,40,0.689704048,0.034096267,91.593332000,4.171193000,87.422139000,132.800919928,126.753118679
addq,1600,0x00,41,0.707119490,0.033881846,91.974008000,4.172414000,87.801594000,130.068551728,124.167973315
addq,1600,0x00,42,0.695722376,0.034202537,93.942203000,4.352528000,89.589675000,135.028290462,128.772162798
addq,1600,0x00,43,0.689167984,0.031330622,93.678593000,4.412709000,89.265884000,135.929983972,129.527032728
addq,1600,0x00,44,0.701829672,0.034339580,94.486757000,4.409778000,90.076979000,134.629185411,128.345925843
addq,1600,0x00,45,0.697488555,0.027050162,93.049750000,4.337757000,88.711993000,133.406848491,127.187739994
addq,1600,0x00,46,0.685954515,0.026739010,89.699172000,4.161671000,85.537501000,130.765480843,124.698502773
addq,1600,0x00,47,0.683693236,0.021310446,85.812341000,3.892080000,81.920261000,125.512929596,119.820201052
addq,1600,0x00,48,0.691631262,0.021828685,87.234640000,3.971914000,83.262726000,126.128827300,120.386007074
addq,1600,0x00,49,0.695357895,0.020636607,87.432150000,3.997243000,83.434907000,125.736905675,119.988437108
addq,1600,0x00,50,0.683107941,0.022699764,89.540542000,4.121083000,85.419459000,131.078174678,125.045331618
addq,1600,0x00,51,0.694567730,0.040309655,91.379893000,4.243275000,87.136618000,131.563689186,125.454457769
addq,1600,0x00,52,0.697615018,0.033810190,94.237674000,4.362171000,89.875503000,135.085500655,128.832523173
addq,1600,0x00,53,0.689712939,0.032754956,92.047127000,4.222523000,87.824604000,133.457155530,127.335009983
addq,1600,0x00,54,0.688666055,0.022144070,88.727251000,4.095509000,84.631742000,128.839297807,122.892280427
addq,1600,0x00,55,0.686311250,0.024118896,88.089618000,4.036244000,84.053374000,128.352286253,122.471216984
addq,1600,0x00,56,0.690651269,0.025527380,87.707783000,3.984731000,83.723052000,126.992864444,121.223337653
addq,1600,0x00,57,0.689139566,0.024649834,87.115073000,3.984121000,83.130952000,126.411364716,120.630066998
addq,1600,0x00,58,0.688266054,0.020534202,88.471820000,4.048512000,84.423308000,128.543053194,122.660862759
addq,1600,0x00,59,0.693364912,0.025445029,90.386488000,4.100576000,86.285912000,130.359189523,124.445166578
addq,1600,0x00,60,0.686576330,0.025627194,88.493121000,4.022023000,84.471098000,128.890433738,123.032348012
addq,1600,0x00,61,0.702793394,0.039670300,93.309210000,4.233327000,89.075883000,132.769048291,126.745475731
addq,1600,0x00,62,0.696259340,0.024778922,90.219252000,4.043996000,86.175256000,129.577079653,123.768904788
addq,1600,0x00,63,0.688719541,0.019364175,87.045370000,3.892080000,83.153290000,126.387251685,120.736068922
addq,1600,0x00,64,0.688844684,0.020695785,86.872092000,3.922170000,82.949922000,126.112742181,120.418904234
addq,1600,0x00,65,0.693675253,0.029547415,92.692511000,4.313954000,88.378557000,133.625223913,127.406241786
addq,1600,0x00,66,0.705589832,0.030679925,93.850529000,4.335438000,89.515091000,133.010035996,126.865619224
addq,1600,0x00,67,0.689693770,0.021765406,88.568865000,4.039113000,84.529752000,128.417667209,122.561281118
addq,1600,0x00,68,0.690783118,0.032968717,91.898202000,4.310597000,87.587605000,133.034811714,126.794651974
addq,1600,0x00,69,0.690868546,0.023278439,89.008744000,4.100698000,84.908046000,128.836005807,122.900436698
addq,1600,0x00,70,0.689051496,0.021682666,88.914812000,4.143972000,84.770840000,129.039429661,123.025405997
addq,1600,0x00,71,0.699967739,0.034799082,91.417612000,4.301869000,87.115743000,130.602607766,124.456797376
addq,1600,0x00,72,0.692135705,0.030646032,89.305069000,4.163685000,85.141384000,129.028264695,123.012558573
addq,1600,0x00,73,0.693229719,0.026445748,89.565567000,4.090505000,85.475062000,129.200414431,123.299765790
addq,1600,0x00,74,0.691799901,0.021584840,88.302142000,3.954580000,84.347562000,127.641160248,121.924796317
addq,1600,0x00,75,0.689222666,0.022512030,88.399798000,3.996084000,84.403714000,128.260143415,122.462185518
addq,1600,0x00,76,0.694035098,0.025401407,89.633376000,4.019155000,85.614221000,129.148189000,123.357192245
addq,1600,0x00,77,0.692771717,0.018074145,88.572527000,3.982351000,84.590176000,127.852400502,122.103968655
addq,1600,0x00,78,0.694304556,0.024918263,89.928176000,4.094533000,85.833643000,129.522664449,123.625348976
addq,1600,0x00,79,0.695793121,0.022587647,88.350787000,3.991445000,84.359342000,126.978529049,121.241989149
addq,1600,0x00,80,0.688879724,0.026824247,90.391187000,4.155385000,86.235802000,131.214759126,125.182668389
addq,1600,0x00,81,0.702043255,0.032533993,91.775278000,4.200429000,87.574849000,130.725959315,124.742810884
addq,1600,0x00,82,0.702796403,0.030457793,91.824350000,4.233631000,87.590719000,130.655691422,124.631712101
addq,1600,0x00,83,0.690203912,0.028156844,91.594309000,4.222890000,87.371419000,132.706157519,126.587835195
addq,1600,0x00,84,0.692183815,0.030026644,92.059945000,4.175831000,87.884114000,132.999274175,126.966438808
addq,1600,0x00,85,0.687849250,0.024124538,88.306048000,4.055836000,84.250212000,128.379943656,122.483541213
addq,1600,0x00,86,0.687081828,0.028209005,89.606338000,4.207448000,85.398890000,130.415817013,124.292167942
addq,1600,0x00,87,0.686052124,0.019983037,87.315328000,3.966237000,83.349091000,127.272148805,121.490901489
addq,1600,0x00,88,0.684724464,0.028771386,90.467908000,4.183339000,86.284569000,132.123084198,126.013562455
addq,1600,0x00,89,0.689049829,0.024301347,89.231217000,4.065053000,85.166164000,129.498932086,123.599426956
addq,1600,0x00,90,0.686376808,0.030015122,88.352557000,3.995778000,84.356779000,128.723109445,122.901557854
addq,1600,0x00,91,0.707081083,0.031452989,92.289741000,4.257191000,88.032550000,130.522146887,124.501350827
addq,1600,0x00,92,0.695997349,0.032525380,93.004400000,4.330494000,88.673906000,133.627520449,127.405522613
addq,1600,0x00,93,0.697079140,0.022204299,88.321246000,4.057790000,84.263456000,126.701892185,120.880759735
addq,1600,0x00,94,0.690547255,0.029003524,92.051522000,4.337330000,87.714192000,133.302277847,127.021273946
addq,1600,0x00,95,0.695485879,0.025992954,90.234144000,4.133962000,86.100182000,129.742596763,123.798605487
addq,1600,0x00,96,0.688112323,0.023577541,88.327960000,4.073354000,84.254606000,128.362706186,122.443099952
addq,1600,0x00,97,0.690511400,0.020640251,89.001482000,4.109242000,84.892240000,128.892125479,122.941112939
addq,1600,0x00,98,0.694322778,0.015568954,86.641136000,3.932058000,82.709078000,124.785098194,119.121942489
addq,1600,0x00,99,0.692607749,0.023745748,88.337116000,4.058522000,84.278594000,127.542777509,121.683007665
addq,1600,0xAA,0,0.711138969,0.038912820,92.992072000,4.300465000,88.691607000,130.764978577,124.717686572
addq,1600,0xAA,1,0.712110614,0.040035658,93.579228000,4.316823000,89.262405000,131.411084376,125.349072500
addq,1600,0xAA,2,0.706368913,0.032175257,93.622013000,4.272328000,89.349685000,132.539826240,126.491530625
addq,1600,0xAA,3,0.705024737,0.035912508,94.856386000,4.410084000,90.446302000,134.543344433,128.288125616
addq,1600,0xAA,4,0.701978786,0.023623947,89.316727000,4.172047000,85.144680000,127.235649857,121.292383359
addq,1600,0xAA,5,0.693356770,0.025114384,90.238111000,4.201589000,86.036522000,130.146722260,124.086942965
addq,1600,0xAA,6,0.711705175,0.033853289,93.295232000,4.336415000,88.958817000,131.086909741,124.993916246
addq,1600,0xAA,7,0.706067861,0.041063971,93.972721000,4.439380000,89.533341000,133.093044067,126.805574771
addq,1600,0xAA,8,0.700716674,0.037681534,96.677853000,4.508778000,92.169075000,137.969962256,131.535438617
addq,1600,0xAA,9,0.704857702,0.038535893,96.102903000,4.570606000,91.532297000,136.343694269,129.859256363
addq,1600,0xAA,10,0.708548746,0.039609887,97.191219000,4.573108000,92.618111000,137.169417909,130.715228232
addq,1600,0xAA,11,0.697681178,0.037916094,95.945677000,4.551258000,91.394419000,137.520804590,130.997397996
addq,1600,0xAA,12,0.715321629,0.043125245,95.731750000,4.486194000,91.245556000,133.830358341,127.558782290
addq,1600,0xAA,13,0.703700358,0.041954498,95.383056000,4.525868000,90.857188000,135.544987134,129.113459926
addq,1600,0xAA,14,0.707244278,0.032976546,94.148562000,4.388234000,89.760328000,133.120288024,126.915594488
addq,1600,0xAA,15,0.702093937,0.031934942,93.405095000,4.308827000,89.096268000,133.037888646,126.900779673
addq,1600,0xAA,16,0.701362759,0.028842989,93.673222000,4.351674000,89.321548000,133.558876287,127.354278250
addq,1600,0xAA,17,0.697781630,0.038052610,95.009461000,4.489124000,90.520337000,136.159303802,129.725881361
addq,1600,0xAA,18,0.702115176,0.036512346,91.929147000,4.269581000,87.659566000,130.931719173,124.850692658
addq,1600,0xAA,19,0.708498247,0.025940238,92.449775000,4.287098000,88.162677000,130.486949513,124.435984648
addq,1600,0xAA,20,0.702575175,0.036880903,93.863163000,4.440114000,89.423049000,133.598746992,127.278976297
addq,1600,0xAA,21,0.720054122,0.039777286,94.604250000,4.441212000,90.163038000,131.384915594,125.217029228
addq,1600,0xAA,22,0.714902909,0.039012388,95.261048000,4.489430000,90.771618000,133.250329215,126.970553398
addq,1600,0xAA,23,0.703433447,0.028287514,91.445628000,4.183217000,87.262411000,129.998976253,124.052120845
addq,1600,0xAA,24,0.708757893,0.028948000,95.350708000,4.374745000,90.975963000,134.532128651,128.359717669
addq,1600,0xAA,25,0.700621991,0.031622383,92.077829000,4.177113000,87.900716000,131.422978653,125.460971962
addq,1600,0xAA,26,0.699450526,0.034870274,95.817259000,4.404652000,91.412607000,136.989330156,130.692027005
addq,1600,0xAA,27,0.697222272,0.035946380,95.398560000,4.388966000,91.009594000,136.826610138,130.531679273
addq,1600,0xAA,28,0.708059964,0.032533972,96.630735000,4.429737000,92.200998000,136.472530447,130.216369634
addq,1600,0xAA,29,0.702261186,0.030851818,96.144773000,4.471669000,91.673104000,136.907428398,130.539898637
addq,1600,0xAA,30,0.705442545,0.027363879,91.539805000,4.179493000,87.360312000,129.762240188,123.837600360
addq,1600,0xAA,31,0.712428798,0.036795234,93.033637000,4.236501000,88.797136000,130.586575428,124.640014859
addq,1600,0xAA,32,0.715244876,0.033933008,92.436165000,4.180959000,88.255206000,129.237088110,123.391594989
addq,1600,0xAA,33,0.708706614,0.032677471,96.601499000,4.480152000,92.121347000,136.306755328,129.985166235
addq,1600,0xAA,34,0.701977451,0.033306529,97.331233000,4.569385000,92.761848000,138.652933753,132.143629225
addq,1600,0xAA,35,0.706382891,0.033221266,96.067992000,4.449634000,91.618358000,135.999885013,129.700703572
addq,1600,0xAA,36,0.703125343,0.035243486,97.129756000,4.612171000,92.517585000,138.140030006,131.580501119
addq,1600,0xAA,37,0.703103710,0.028345723,93.173284000,4.255726000,88.917558000,132.517127516,126.464356155
addq,1600,0xAA,38,0.705418246,0.029188744,94.248477000,4.451160000,89.797317000,133.606520092,127.296561386
addq,1600,0xAA,39,0.705384415,0.029828877,94.328555000,4.440663000,89.887892000,133.726451879,127.431071790
addq,1600,0xAA,40,0.706214108,0.026887295,94.417422000,4.410755000,90.006667000,133.695179539,127.449545321
addq,1600,0xAA,41,0.711098464,0.033245812,91.547983000,4.254689000,87.293294000,128.741640751,122.758377933
addq,1600,0xAA,42,0.704110701,0.033780930,93.956303000,4.370289000,89.586014000,133.439674911,127.232854029
addq,1600,0xAA,43,0.698717730,0.026033378,93.363836000,4.357838000,89.005998000,133.621678685,127.384770971
addq,1600,0xAA,44,0.698202150,0.027413830,90.992687000,4.296376000,86.696311000,130.324272206,124.170787857
addq,1600,0xAA,45,0.699772359,0.028450131,90.538892000,4.242543000,86.296349000,129.383349976,123.320602645
addq,1600,0xAA,46,0.704355475,0.030002661,91.739572000,4.269764000,87.469808000,130.246126077,124.184181290
addq,1600,0xAA,47,0.702668910,0.028054021,92.639351000,4.296070000,88.343281000,131.839262710,125.725330615
addq,1600,0xAA,48,0.711867643,0.025270390,91.481882000,4.167043000,87.314839000,128.509678615,122.656001963
addq,1600,0xAA,49,0.699148808,0.025670328,90.918590000,4.185781000,86.732809000,130.041829431,124.054862202
addq,1600,0xAA,50,0.703795554,0.027886806,90.906079000,4.299977000,86.606102000,129.165463550,123.055767383
addq,1600,0xAA,51,0.713060039,0.034097571,92.038644000,4.292653000,87.745991000,129.075588178,123.055543915
addq,1600,0xAA,52,0.704821127,0.035287128,95.923338000,4.691516000,91.231822000,136.096002751,129.439681278
addq,1600,0xAA,53,0.707914651,0.041990225,96.273985000,4.626637000,91.647348000,135.996599115,129.461013232
addq,1600,0xAA,54,0.700995710,0.038412621,95.866881000,4.573963000,91.292918000,136.758156424,130.233204940
addq,1600,0xAA,55,0.697790598,0.037275144,96.715695000,4.608203000,92.107492000,138.602748865,131.998757619
addq,1600,0xAA,56,0.705716897,0.035576927,96.128721000,4.445423000,91.683298000,136.214282787,129.915123708
addq,1600,0xAA,57,0.701544921,0.030953663,94.505618000,4.339405000,90.166213000,134.710715145,128.525216725
addq,1600,0xAA,58,0.703471119,0.031338926,94.833741000,4.327016000,90.506725000,134.808293408,128.657342952
addq,1600,0xAA,59,0.699896851,0.035588050,96.770138000,4.536731000,92.233407000,138.263428206,131.781428760
addq,1600,0xAA,60,0.699220029,0.036187916,96.375303000,4.497059000,91.878244000,137.832583503,131.401047199
addq,1600,0xAA,61,0.705334659,0.037960268,96.206846000,4.428821000,91.778025000,136.398863622,130.119828640
addq,1600,0xAA,62,0.705804489,0.038353468,97.176142000,4.565967000,92.610175000,137.681388492,131.212221642
addq,1600,0xAA,63,0.703672374,0.035068570,96.314268000,4.538319000,91.775949000,136.873737826,130.424260528
addq,1600,0xAA,64,0.705510725,0.037955217,96.939937000,4.569690000,92.370247000,137.403916816,130.926779280
addq,1600,0xAA,65,0.705557626,0.037777404,96.799862000,4.658130000,92.141732000,137.196252175,130.594197534
addq,1600,0xAA,66,0.702898526,0.031646141,94.491518000,4.502125000,89.989393000,134.431236495,128.026151220
addq,1600,0xAA,67,0.700834697,0.033056027,96.330075000,4.594715000,91.735360000,137.450493488,130.894432525
addq,1600,0xAA,68,0.697880421,0.031618615,96.407407000,4.603748000,91.803659000,138.143160580,131.546402935
addq,1600,0xAA,69,0.700808535,0.029583779,91.793893000,4.329091000,87.464802000,130.982841060,124.805560417
addq,1600,0xAA,70,0.703122127,0.031509109,94.883119000,4.552723000,90.330396000,134.945431790,128.470421508
addq,1600,0xAA,71,0.715125029,0.045018765,96.695614000,4.619495000,92.076119000,135.214976425,128.755273842
addq,1600,0xAA,72,0.709898389,0.039037241,95.116638000,4.465198000,90.651440000,133.986271043,127.696359603
addq,1600,0xAA,73,0.696983562,0.031980678,92.445930000,4.384083000,88.061847000,132.637173949,126.347093039
addq,1600,0xAA,74,0.709860159,0.030672769,94.864259000,4.612231000,90.252028000,133.637953640,127.140573920
addq,1600,0xAA,75,0.701008729,0.031005879,95.403381000,4.680469000,90.722912000,136.094426489,129.417663699
addq,1600,0xAA,76,0.700302384,0.037184506,95.490845000,4.611072000,90.879773000,136.356589864,129.772188464
addq,1600,0xAA,77,0.702720854,0.029712742,93.566167000,4.558826000,89.007341000,133.148413635,126.661021136
addq,1600,0xAA,78,0.707615447,0.031544779,96.386350000,4.673511000,91.712839000,136.212897086,129.608305534
addq,1600,0xAA,79,0.691047312,0.032044288,95.015138000,4.488819000,90.526319000,137.494403574,130.998728210
addq,1600,0xAA,80,0.699685522,0.029083285,94.124942000,4.436573000,89.688369000,134.524638648,128.183828583
addq,1600,0xAA,81,0.713006262,0.039708901,95.299500000,4.524281000,90.775219000,133.658713999,127.313354578
addq,1600,0xAA,82,0.711056293,0.040467093,95.099366000,4.383717000,90.715649000,133.743793461,127.578716178
addq,1600,0xAA,83,0.701687336,0.035033323,94.968995000,4.397145000,90.571850000,135.343749525,129.077219153
addq,1600,0xAA,84,0.700814243,0.036735727,96.011962000,4.462391000,91.549571000,137.000586122,130.633148464
addq,1600,0xAA,85,0.707552524,0.037039619,98.225029000,4.694568000,93.530461000,138.823657217,132.188717981
addq,1600,0xAA,86,0.696459578,0.032140911,96.510556000,4.671191000,91.839365000,138.573090339,131.866037771
addq,1600,0xAA,87,0.700842834,0.034317490,96.495115000,4.647755000,91.847360000,137.684385640,131.052720485
addq,1600,0xAA,88,0.704196696,0.034796847,95.339843000,4.500782000,90.839061000,135.388086297,128.996715778
addq,1600,0xAA,89,0.699986881,0.031819880,95.628905000,4.538379000,91.090526000,136.615281710,130.131761633
addq,1600,0xAA,90,0.696773974,0.034817027,95.013001000,4.533985000,90.479016000,136.361294402,129.854184249
addq,1600,0xAA,91,0.714538542,0.038306752,96.631650000,4.706592000,91.925058000,135.236441878,128.649544568
addq,1600,0xAA,92,0.703587930,0.039600815,97.176570000,4.608875000,92.567695000,138.115743352,131.565211710
addq,1600,0xAA,93,0.702074289,0.031930903,95.590209000,4.533314000,91.056895000,136.153980409,129.696951473
addq,1600,0xAA,94,0.707536793,0.037417813,97.032955000,4.637683000,92.395272000,137.141921104,130.587232998
addq,1600,0xAA,95,0.705330096,0.037602137,96.262205000,4.590076000,91.672129000,136.478232788,129.970533729
addq,1600,0xAA,96,0.701561146,0.036346704,95.457519000,4.609424000,90.848095000,136.064432250,129.494193823
addq,1600,0xAA,97,0.704574407,0.034321222,96.281126000,4.566578000,91.714548000,136.651466612,130.170138370
addq,1600,0xAA,98,0.703005955,0.034820925,96.969112000,4.710010000,92.259102000,137.934979533,131.235164308
addq,1600,0xAA,99,0.704581956,0.035300635,95.892088000,4.629932000,91.262156000,136.097847993,129.526672053
addq,1800,0x00,0,0.615073564,0.026875692,82.003696000,3.873647000,78.130049000,133.323395498,127.025535813
addq,1800,0x00,1,0.616295760,0.021419209,79.226848000,3.743582000,75.483266000,128.553290675,122.478963636
addq,1800,0x00,2,0.613205488,0.034684705,82.115756000,3.764577000,78.351179000,133.912298006,127.773121048
addq,1800,0x00,3,0.618562261,0.026654239,82.462313000,3.741140000,78.721173000,133.312874354,127.264752387
addq,1800,0x00,4,0.621307710,0.027142116,84.632230000,3.916677000,80.715553000,136.216288046,129.912363377
addq,1800,0x00,5,0.611478896,0.031284452,84.531522000,3.941457000,80.590065000,138.241111153,131.795333503
addq,1800,0x00,6,0.614951196,0.024331186,82.002231000,3.810232000,78.191999000,133.347542808,127.151551936
addq,1800,0x00,7,0.619530541,0.030835115,81.629247000,3.721548000,77.907699000,131.759843358,125.752798095
addq,1800,0x00,8,0.609228998,0.019414209,79.249126000,3.640859000,75.608267000,130.081014253,124.104839431
addq,1800,0x00,9,0.623719009,0.031010085,82.872774000,3.762259000,79.110515000,132.868764359,126.836786903
addq,1800,0x00,10,0.615891841,0.022752371,79.793192000,3.608389000,76.184803000,129.557150709,123.698347648
addq,1800,0x00,11,0.613372108,0.021461360,81.456456000,3.702078000,77.754378000,132.801043545,126.765428373
addq,1800,0x00,12,0.613737884,0.020664287,79.590983000,3.640188000,75.950795000,129.682369496,123.751192527
addq,1800,0x00,13,0.610778113,0.026477903,82.079136000,3.710928000,78.368208000,134.384540475,128.308802129
addq,1800,0x00,14,0.614375796,0.032083689,85.823328000,3.931996000,81.891332000,139.691909396,133.291924196
addq,1800,0x00,15,0.617871435,0.034946661,87.022116000,4.027760000,82.994356000,140.841785298,134.323018170
addq,1800,0x00,16,0.616203422,0.031550654,84.751125000,3.878286000,80.872839000,137.537576136,131.243735718
addq,1800,0x00,17,0.614893298,0.030815880,83.465607000,3.813894000,79.651713000,135.739984986,129.537455191
addq,1800,0x00,18,0.609134738,0.032242166,82.797151000,3.832266000,78.964885000,135.925840065,129.634512778
addq,1800,0x00,19,0.617271265,0.027960751,84.452970000,3.856985000,80.595985000,136.816623133,130.568179020
addq,1800,0x00,20,0.618666652,0.026482365,83.076508000,3.773855000,79.302653000,134.283151906,128.183170618
addq,1800,0x00,21,0.615754195,0.030860444,85.913904000,3.944509000,81.969395000,139.526299240,133.120319329
addq,1800,0x00,22,0.613648957,0.032185280,85.737146000,3.981130000,81.756016000,139.716926203,133.229291935
addq,1800,0x00,23,0.627186254,0.037662020,83.395538000,3.882619000,79.512919000,132.967738784,126.777202918
addq,1800,0x00,24,0.615676025,0.026264502,81.849583000,3.751882000,78.097701000,132.942618637,126.848696107
addq,1800,0x00,25,0.614129365,0.021544395,80.724463000,3.657218000,77.067245000,131.445372232,125.490245825
addq,1800,0x00,26,0.617967166,0.027181697,82.298313000,3.775869000,78.522444000,133.175866869,127.065721850
addq,1800,0x00,27,0.610356792,0.025587576,80.366433000,3.658011000,76.708422000,131.671235759,125.678001882
addq,1800,0x00,28,0.615822887,0.030523798,86.015955000,3.977223000,82.038732000,139.676450414,133.218062652
addq,1800,0x00,29,0.621188172,0.027171695,83.274018000,3.764638000,79.509380000,134.056026478,127.995643858
addq,1800,0x00,30,0.610985028,0.022052697,79.118083000,3.570304000,75.547779000,129.492670729,123.649149466
addq,1800,0x00,31,0.620991911,0.035693295,83.131928000,3.773428000,79.358500000,133.869582808,127.793130063
addq,1800,0x00,32,0.616040872,0.024918983,80.881812000,3.623099000,77.258713000,131.292931417,125.411667425
addq,1800,0x00,33,0.619256495,0.026655310,81.512914000,3.658743000,77.854171000,131.630293195,125.722009585
addq,1800,0x00,34,0.614589504,0.021638797,78.461225000,3.533194000,74.928031000,127.664440201,121.915572093
addq,1800,0x00,35,0.620433074,0.027069745,81.010840000,3.653372000,77.357468000,130.571440160,124.683017778
addq,1800,0x00,36,0.616689718,0.023908504,80.740760000,3.645804000,77.094956000,130.926068158,125.014174550
addq,1800,0x00,37,0.622489635,0.023355116,81.416905000,3.633352000,77.783553000,130.792386547,124.955579323
addq,1800,0x00,38,0.615788541,0.022566411,79.718912000,3.562918000,76.155994000,129.458258347,123.672314368
addq,1800,0x00,39,0.619288317,0.029476668,81.122839000,3.701041000,77.421798000,130.993653238,125.017372238
addq,1800,0x00,40,0.618369338,0.025362800,80.934424000,3.668997000,77.265427000,130.883630593,124.950288212
addq,1800,0x00,41,0.627024040,0.027106503,82.196628000,3.762869000,78.433759000,131.090074306,125.088918434
addq,1800,0x00,42,0.615127455,0.022948203,81.472265000,3.699697000,77.772568000,132.447778725,126.433257714
addq,1800,0x00,43,0.615032063,0.020797116,78.654767000,3.558585000,75.096182000,127.887262758,122.101247335
addq,1800,0x00,44,0.615759379,0.028322243,82.331027000,3.764334000,78.566693000,133.706492926,127.593173128
addq,1800,0x00,45,0.623090287,0.028125646,83.933501000,3.849538000,80.083963000,134.705198916,128.527060558
addq,1800,0x00,46,0.615988354,0.026124657,81.560826000,3.722586000,77.838240000,132.406441560,126.363168216
addq,1800,0x00,47,0.615808082,0.031763105,82.843111000,3.833853000,79.009258000,134.527482604,128.301755606
addq,1800,0x00,48,0.628984984,0.030092378,85.684656000,3.955373000,81.729283000,136.226870638,129.938369159
addq,1800,0x00,49,0.618587290,0.029473838,85.265040000,3.960134000,81.304906000,137.838331524,131.436431482
addq,1800,0x00,50,0.618321351,0.034148558,87.023703000,4.019643000,83.004060000,140.741869610,134.240973286
addq,1800,0x00,51,0.624457885,0.036109286,84.409330000,3.900380000,80.508950000,135.172174220,128.926148515
addq,1800,0x00,52,0.617100557,0.027782623,82.333773000,3.756887000,78.576886000,133.420351126,127.332385466
addq,1800,0x00,53,0.613398755,0.028034853,84.987026000,3.928335000,81.058691000,138.551024667,132.146813753
addq,1800,0x00,54,0.630451716,0.029700989,86.299584000,4.012197000,82.287387000,136.885318535,130.521314922
addq,1800,0x00,55,0.609676999,0.028230079,84.572659000,3.969412000,80.603247000,138.717155279,132.206475028
addq,1800,0x00,56,0.616028588,0.029270846,81.632420000,3.742300000,77.890120000,132.514012398,126.439131994
addq,1800,0x00,57,0.605290452,0.031975749,83.205842000,3.931752000,79.274090000,137.464322738,130.968677567
addq,1800,0x00,58,0.611207895,0.026245887,80.676856000,3.714407000,76.962449000,131.995768812,125.918610728
addq,1800,0x00,59,0.610438909,0.029209447,85.088405000,3.985464000,81.102941000,139.388895040,132.860045155
addq,1800,0x00,60,0.613985982,0.027552721,84.109770000,3.946645000,80.163125000,136.989723731,130.561816388
addq,1800,0x00,61,0.624557593,0.034127685,84.602262000,3.865895000,80.736367000,135.459504326,129.269690861
addq,1800,0x00,62,0.607958497,0.026934939,82.373629000,3.755301000,78.618328000,135.492191265,129.315287715
addq,1800,0x00,63,0.617698806,0.026905386,81.495397000,3.703543000,77.791854000,131.933875012,125.938164859
addq,1800,0x00,64,0.607800136,0.022163261,78.468244000,3.474661000,74.993583000,129.102050683,123.385268484
addq,1800,0x00,65,0.613281519,0.025636754,82.210117000,3.693777000,78.516340000,134.049558755,128.026587434
addq,1800,0x00,66,0.606433532,0.019989582,79.080608000,3.509757000,75.570851000,130.402762732,124.615224916
addq,1800,0x00,67,0.611010294,0.025753385,82.349643000,3.662771000,78.686872000,134.776195807,128.781581580
addq,1800,0x00,68,0.608213181,0.025127439,80.868690000,3.565970000,77.302720000,132.961094051,127.098067550
addq,1800,0x00,69,0.612632731,0.025104649,80.863074000,3.585501000,77.277573000,131.992742063,126.140131159
addq,1800,0x00,70,0.611739806,0.019564558,79.837687000,3.525382000,76.312305000,130.509223485,124.746345268
addq,1800,0x00,71,0.628213633,0.035918689,83.297944000,3.733266000,79.564678000,132.594932156,126.652262647
addq,1800,0x00,72,0.610668674,0.028808724,82.902742000,3.726492000,79.176250000,135.757319073,129.655005069
addq,1800,0x00,73,0.616983373,0.027747245,82.394137000,3.688284000,78.705853000,133.543529026,127.565598079
addq,1800,0x00,74,0.613606501,0.028629626,83.148285000,3.760305000,79.387980000,135.507503319,129.379300648
addq,1800,0x00,75,0.610901914,0.020487670,80.728370000,3.590018000,77.138352000,132.146205747,126.269619149
addq,1800,0x00,76,0.612635195,0.021426653,80.668616000,3.556632000,77.111984000,131.674798759,125.869334055
addq,1800,0x00,77,0.623770576,0.016198583,79.946206000,3.582754000,76.363452000,128.166042312,122.422337592
addq,1800,0x00,78,0.609587652,0.022262357,79.236553000,3.531546000,75.705007000,129.983854985,124.190519135
addq,1800,0x00,79,0.611544352,0.020974151,79.249675000,3.483878000,75.765797000,129.589415336,123.892562786
addq,1800,0x00,80,0.609148300,0.020983469,80.185707000,3.522269000,76.663438000,131.635772369,125.853487500
addq,1800,0x00,81,0.624739960,0.033433941,84.074065000,3.735219000,80.338846000,134.574495572,128.595657594
addq,1800,0x00,82,0.614849960,0.027191359,83.986967000,3.709585000,80.277382000,136.597499260,130.564181801
addq,1800,0x00,83,0.614611481,0.028507159,84.579008000,3.797353000,80.781655000,137.613778111,131.435317219
addq,1800,0x00,84,0.611345765,0.026933261,82.669527000,3.767996000,78.901531000,135.225484131,129.062039125
addq,1800,0x00,85,0.614813728,0.029036679,85.238246000,3.866446000,81.371800000,138.640765639,132.351956813
addq,1800,0x00,86,0.613819062,0.030615214,85.089504000,3.853505000,81.235999000,138.623104596,132.345187796
addq,1800,0x00,87,0.615142039,0.028537788,84.499844000,3.812368000,80.687476000,137.366394591,131.168853599
addq,1800,0x00,88,0.615167338,0.030189159,83.333405000,3.799550000,79.533855000,135.464612316,129.288162815
addq,1800,0x00,89,0.610462298,0.033944046,87.222555000,4.008657000,83.213898000,142.879511552,136.312919297
addq,1800,0x00,90,0.610170606,0.024090927,80.214821000,3.702993000,76.511828000,131.462938652,125.394155657
addq,1800,0x00,91,0.626593423,0.025420904,81.167395000,3.645499000,77.521896000,129.537578948,123.719613316
addq,1800,0x00,92,0.616133821,0.020816718,80.647865000,3.606314000,77.041551000,130.893423286,125.040288985
addq,1800,0x00,93,0.626567700,0.026053886,82.130282000,3.723013000,78.407269000,131.079661419,125.137744849
addq,1800,0x00,94,0.609144507,0.028204462,80.955726000,3.781973000,77.173753000,132.900691173,126.692028111
addq,1800,0x00,95,0.612281766,0.032678980,85.231898000,4.017690000,81.214208000,139.203717444,132.641885587
addq,1800,0x00,96,0.613040974,0.030625166,84.851101000,3.925100000,80.926001000,138.410162865,132.007491316
addq,1800,0x00,97,0.611458882,0.029741215,84.550565000,3.914602000,80.635963000,138.276779517,131.874710440
addq,1800,0x00,98,0.610115285,0.032174578,85.169521000,3.946035000,81.223486000,139.595783074,133.128095580
addq,1800,0x00,99,0.610539325,0.023997648,80.625160000,3.638724000,76.986436000,132.055637803,126.095785834
addq,1800,0xAA,0,0.620052487,0.030994421,84.151091000,3.778921000,80.372170000,135.716076911,129.621558979
addq,1800,0xAA,1,0.622293067,0.025472253,83.906951000,3.733938000,80.173013000,134.835104999,128.834816390
addq,1800,0xAA,2,0.619997546,0.036612401,83.130586000,3.751333000,79.379253000,134.082120936,128.031559894
addq,1800,0xAA,3,0.618118426,0.030737134,86.868552000,3.926443000,82.942109000,140.537069267,134.184818894
addq,1800,0xAA,4,0.614915984,0.022640070,80.495522000,3.590811000,76.904711000,130.904910758,125.065395940
addq,1800,0xAA,5,0.614607907,0.022123962,80.591591000,3.659963000,76.931628000,131.126837329,125.171881396
addq,1800,0xAA,6,0.609113052,0.027489455,80.984594000,3.671378000,77.313216000,132.954947691,126.927531292
addq,1800,0xAA,7,0.611294260,0.031573518,85.961145000,3.927785000,82.033360000,140.621547738,134.196188864
addq,1800,0xAA,8,0.615149607,0.025038908,84.294462000,3.864248000,80.430214000,137.030831353,130.749029401
addq,1800,0xAA,9,0.621452952,0.026611924,81.727025000,3.722769000,78.004256000,131.509593450,125.519165710
addq,1800,0xAA,10,0.617653771,0.023591211,81.217870000,3.672659000,77.545211000,131.494169965,125.548024779
addq,1800,0xAA,11,0.615235243,0.022798624,80.381020000,3.567801000,76.813219000,130.650870432,124.851786194
addq,1800,0xAA,12,0.618630903,0.025993831,82.116794000,3.702138000,78.414656000,132.739560131,126.755154923
addq,1800,0xAA,13,0.619317817,0.023133454,81.160803000,3.651297000,77.509506000,131.048713308,125.153037612
addq,1800,0xAA,14,0.616023023,0.026232849,81.780125000,3.638723000,78.141402000,132.754981487,126.848184396
addq,1800,0xAA,15,0.626091864,0.034299045,84.570279000,3.817007000,80.753272000,135.076470161,128.979909546
addq,1800,0xAA,16,0.620477272,0.036145152,85.435573000,3.934988000,81.500585000,137.693315928,131.351443019
addq,1800,0xAA,17,0.613049937,0.025498192,80.725440000,3.780203000,76.945237000,131.678408512,125.512184891
addq,1800,0xAA,18,0.613047751,0.027098694,83.524749000,3.843129000,79.681620000,136.245094966,129.976204824
addq,1800,0xAA,19,0.622734075,0.029415001,86.615196000,4.023489000,82.591707000,139.088576396,132.627569749
addq,1800,0xAA,20,0.622763182,0.030046183,83.660247000,3.819448000,79.840799000,134.337175662,128.204109178
addq,1800,0xAA,21,0.618964049,0.029931445,84.550381000,3.877431000,80.672950000,136.599825348,130.335437286
addq,1800,0xAA,22,0.620918972,0.036566520,83.604645000,3.837942000,79.766703000,134.646626707,128.465559330
addq,1800,0xAA,23,0.621477460,0.023792584,82.808565000,3.739005000,79.069560000,133.244679542,127.228363198
addq,1800,0xAA,24,0.615030311,0.021667853,79.547587000,3.518241000,76.029346000,129.339295272,123.618860137
addq,1800,0xAA,25,0.615895365,0.020625836,80.188637000,3.632132000,76.556505000,130.198474564,124.301154650
addq,1800,0xAA,26,0.609951543,0.022991584,82.205905000,3.704031000,78.501874000,134.774484770,128.701820408
addq,1800,0xAA,27,0.617636652,0.021230842,79.848795000,3.556632000,76.292163000,129.281179803,123.522726202
addq,1800,0xAA,28,0.616858387,0.022295532,81.139441000,3.694754000,77.444687000,131.536577538,125.546946725
addq,1800,0xAA,29,0.628030009,0.020509781,81.516515000,3.634817000,77.881698000,129.797165576,124.009516975
addq,1800,0xAA,30,0.609972471,0.016876254,79.880594000,3.534720000,76.345874000,130.957703423,125.162818955
addq,1800,0xAA,31,0.625309768,0.029947073,85.043056000,3.779897000,81.263159000,136.001483457,129.956644248
addq,1800,0xAA,32,0.613386218,0.021490568,81.953465000,3.660269000,78.293196000,133.608259605,127.640944241
addq,1800,0xAA,33,0.622091022,0.024143436,81.461950000,3.620229000,77.841721000,130.948602566,125.129150313
addq,1800,0xAA,34,0.618672532,0.016251603,80.773658000,3.536979000,77.236679000,130.559631783,124.842586309
addq,1800,0xAA,35,0.610860084,0.019622746,80.998633000,3.581228000,77.417405000,132.597685028,126.735085564
addq,1800,0xAA,36,0.613299209,0.022842527,82.273898000,3.629752000,78.644146000,134.149688831,128.231285630
addq,1800,0xAA,37,0.614121919,0.018516745,81.051001000,3.608206000,77.442795000,131.978681294,126.103290937
addq,1800,0xAA,38,0.615987038,0.021453891,80.863990000,3.558157000,77.305833000,131.275473296,125.499122856
addq,1800,0xAA,39,0.611486840,0.024562077,81.606542000,3.620840000,77.985702000,133.455925225,127.534554947
addq,1800,0xAA,40,0.610971231,0.020564979,81.054907000,3.608999000,77.445908000,132.665668882,126.758682075
addq,1800,0xAA,41,0.628538044,0.030766479,85.143337000,3.828725000,81.314612000,135.462503600,129.371026658
addq,1800,0xAA,42,0.611056698,0.015868003,79.329509000,3.451102000,75.878407000,129.823483330,124.175722634
addq,1800,0xAA,43,0.616970673,0.033445432,87.553365000,3.895742000,83.657623000,141.908471182,135.594164572
addq,1800,0xAA,44,0.617711981,0.027024762,83.359772000,3.688223000,79.671549000,134.949255520,128.978474457
addq,1800,0xAA,45,0.615034141,0.019943034,81.238256000,3.619680000,77.618576000,132.087392512,126.202060693
addq,1800,0xAA,46,0.609059861,0.019185672,80.262550000,3.593375000,76.669175000,131.781053376,125.881181734
addq,1800,0xAA,47,0.618502871,0.021378534,83.246308000,3.759817000,79.486491000,134.593244358,128.514344520
addq,1800,0xAA,48,0.617603924,0.019920802,81.074744000,3.592520000,77.482224000,131.273039043,125.456171854
addq,1800,0xAA,49,0.617352774,0.022275230,80.725379000,3.597097000,77.128282000,130.760535011,124.933887505
addq,1800,0xAA,50,0.614159330,0.022233962,82.420749000,3.734305000,78.686444000,134.200923073,128.120570927
addq,1800,0xAA,51,0.621065033,0.028382178,82.856599000,3.808157000,79.048442000,133.410503850,127.278848071
addq,1800,0xAA,52,0.622631190,0.025537321,82.812776000,3.794058000,79.018718000,133.004541489,126.910953410
addq,1800,0xAA,53,0.618094660,0.028208986,86.345299000,3.939016000,82.406283000,139.695914886,133.323078724
addq,1800,0xAA,54,0.617293356,0.018103980,81.122595000,3.653555000,77.469040000,131.416601519,125.497932601
addq,1800,0xAA,55,0.615336792,0.019239091,81.505040000,3.680533000,77.824507000,132.455983483,126.474652534
addq,1800,0xAA,56,0.614418059,0.020451904,80.427467000,3.604360000,76.823107000,130.900232858,125.033933932
addq,1800,0xAA,57,0.617199428,0.022788456,80.275612000,3.658438000,76.617174000,130.064300708,124.136819518
addq,1800,0xAA,58,0.613171431,0.019552083,81.457250000,3.687735000,77.769515000,132.845801145,126.831602158
addq,1800,0xAA,59,0.614704165,0.018208792,80.677406000,3.594595000,77.082811000,131.245907602,125.398224755
addq,1800,0xAA,60,0.609670929,0.017405628,79.933695000,3.572013000,76.361682000,131.109572795,125.250653119
addq,1800,0xAA,61,0.634859728,0.032514866,85.917993000,3.901418000,82.016575000,135.333821309,129.188498449
addq,1800,0xAA,62,0.619888007,0.021482451,82.156345000,3.737601000,78.418744000,132.534174039,126.504696202
addq,1800,0xAA,63,0.617668060,0.036065190,86.857016000,4.131581000,82.725435000,140.620863665,133.931864718
addq,1800,0xAA,64,0.613359431,0.026677129,84.010222000,3.887503000,80.122719000,136.967359944,130.629309526
addq,1800,0xAA,65,0.611527143,0.033153118,87.211691000,4.037587000,83.174104000,142.612951851,136.010486128
addq,1800,0xAA,66,0.611874460,0.026975351,85.944665000,3.930532000,82.014133000,140.461271965,134.037516352
addq,1800,0xAA,67,0.613995727,0.025619932,84.767361000,3.979543000,80.787818000,138.058552026,131.577166528
addq,1800,0xAA,68,0.611132358,0.026077655,82.746492000,3.805654000,78.940838000,135.398643102,129.171425787
addq,1800,0xAA,69,0.618540813,0.031589145,86.640952000,4.158131000,82.482821000,140.073137049,133.350652589
addq,1800,0xAA,70,0.612199571,0.028176930,82.636446000,3.945425000,78.691021000,134.982855086,128.538183796
addq,1800,0xAA,71,0.623520927,0.031127099,84.867214000,3.963003000,80.904211000,136.109648216,129.753802197
addq,1800,0xAA,72,0.611116383,0.032838185,86.642295000,4.060048000,82.582247000,141.777077911,135.133420312
addq,1800,0xAA,73,0.612383934,0.030280004,85.648401000,3.952932000,81.695469000,139.860626977,133.405637258
addq,1800,0xAA,74,0.618038341,0.025292278,83.073274000,3.816518000,79.256756000,134.414434424,128.239222063
addq,1800,0xAA,75,0.617396058,0.034438948,87.191122000,4.072682000,83.118440000,141.223969486,134.627422666
addq,1800,0xAA,76,0.614294217,0.033226911,86.928549000,4.093862000,82.834687000,141.509632705,134.845298437
addq,1800,0xAA,77,0.617984566,0.025962628,85.634852000,3.894887000,81.739965000,138.571182375,132.268618825
addq,1800,0xAA,78,0.609620715,0.031635124,86.240014000,3.977835000,82.262179000,141.465031974,134.939933828
addq,1800,0xAA,79,0.606863804,0.031544649,86.832053000,3.943716000,82.888337000,143.083262533,136.584743469
addq,1800,0xAA,80,0.613156411,0.030839115,87.080038000,4.016103000,83.063935000,142.019289864,135.469406456
addq,1800,0xAA,81,0.633010944,0.035457645,86.755515000,3.935598000,82.819917000,137.052156566,130.834889649
addq,1800,0xAA,82,0.620077577,0.035380857,89.156999000,4.103566000,85.053433000,143.783620539,137.165793748
addq,1800,0xAA,83,0.612868715,0.030562166,86.143578000,4.009451000,82.134127000,140.557962613,134.015858409
addq,1800,0xAA,84,0.612271513,0.031783608,86.780478000,4.007620000,82.772858000,141.735285910,135.189791121
addq,1800,0xAA,85,0.613728970,0.025033647,83.682464000,3.842641000,79.839823000,136.350845529,130.089708795
addq,1800,0xAA,86,0.618527710,0.029741785,87.098227000,4.026357000,83.071870000,140.815400243,134.305817993
addq,1800,0xAA,87,0.616696082,0.030542635,86.492881000,3.978566000,82.514315000,140.252035840,133.800614928
addq,1800,0xAA,88,0.608059949,0.018166969,79.409831000,3.494193000,75.915638000,130.595397945,124.848936586
addq,1800,0xAA,89,0.613668560,0.031862356,87.482808000,4.045156000,83.437652000,142.557096393,135.965336171
addq,1800,0xAA,90,0.607431105,0.030217010,86.129418000,3.965505000,82.163913000,141.792900043,135.264579440
addq,1800,0xAA,91,0.634535486,0.034299946,87.961140000,4.072378000,83.888762000,138.622885521,132.204997016
addq,1800,0xAA,92,0.617305832,0.026712477,83.639617000,3.828054000,79.811563000,135.491376773,129.290149108
addq,1800,0xAA,93,0.618461130,0.030894070,87.435445000,4.015066000,83.420379000,141.375812891,134.883786464
addq,1800,0xAA,94,0.620927926,0.029229250,87.422200000,3.972463000,83.449737000,140.792830060,134.395206709
addq,1800,0xAA,95,0.613261520,0.031335987,86.238244000,3.869069000,82.369175000,140.622297596,134.313294223
addq,1800,0xAA,96,0.616463186,0.024855927,83.531403000,3.721914000,79.809489000,135.501040245,129.463511836
addq,1800,0xAA,97,0.609360908,0.035692071,86.203941000,3.970388000,82.233553000,141.466149082,134.950489888
addq,1800,0xAA,98,0.607020579,0.030204456,86.122399000,3.980764000,82.141635000,141.877231117,135.319357897
addq,1800,0xAA,99,0.605311695,0.023532826,79.874551000,3.577078000,76.297473000,131.956067770,126.046586701
addq,2000,0x00,0,0.548226783,0.021405182,75.683888000,3.444571000,72.239317000,138.052153582,131.769040263
addq,2000,0x00,1,0.557770448,0.031156512,78.932232000,3.542289000,75.389943000,141.513829332,135.163028547
addq,2000,0x00,2,0.559265846,0.026417669,79.135478000,3.549918000,75.585560000,141.498856967,135.151396232
addq,2000,0x00,3,0.552005580,0.026791310,76.476123000,3.389884000,73.086239000,138.542300677,132.401268548
addq,2000,0x00,4,0.554893986,0.026352811,75.641591000,3.419058000,72.222533000,136.317193828,130.155551987
addq,2000,0x00,5,0.549679220,0.023116018,74.527092000,3.322013000,71.205079000,135.582880529,129.539332074
addq,2000,0x00,6,0.552036440,0.026641986,76.064259000,3.421622000,72.642637000,137.788474500,131.590293095
addq,2000,0x00,7,0.553224134,0.023233483,75.278860000,3.373587000,71.905273000,136.072986200,129.974938790
addq,2000,0x00,8,0.551322700,0.020407102,77.287583000,3.518058000,73.769525000,140.185744293,133.804621219
addq,2000,0x00,9,0.560068910,0.026576513,76.173450000,3.440970000,72.732480000,136.007281563,129.863448303
addq,2000,0x00,10,0.552362578,0.023947500,74.620902000,3.281181000,71.339721000,135.094057791,129.153791140
addq,2000,0x00,11,0.558354533,0.026524460,76.850755000,3.405326000,73.445429000,137.637917145,131.539057377
addq,2000,0x00,12,0.547968854,0.023314597,75.487844000,3.364066000,72.123778000,137.759369805,131.620214312
addq,2000,0x00,13,0.548218862,0.019496509,73.684137000,3.249565000,70.434572000,134.406424284,128.478928490
addq,2000,0x00,14,0.547621067,0.020273930,74.696892000,3.246390000,71.450502000,136.402517199,130.474348623
addq,2000,0x00,15,0.548760812,0.019311313,74.810294000,3.283194000,71.527100000,136.325867936,130.342944361
addq,2000,0x00,16,0.550965763,0.027346939,79.355022000,3.559379000,75.795643000,144.028952964,137.568698557
addq,2000,0x00,17,0.562482433,0.034467551,81.203222000,3.595755000,77.607467000,144.365792012,137.973139040
addq,2000,0x00,18,0.564504688,0.030415077,81.071753000,3.612905000,77.458848000,143.615730201,137.215597350
addq,2000,0x00,19,0.555635520,0.025915709,78.848431000,3.513236000,75.335195000,141.906750319,135.583835614
addq,2000,0x00,20,0.549733358,0.027201034,78.243391000,3.466788000,74.776603000,142.329712834,136.023404606
addq,2000,0x00,21,0.553380921,0.017661581,72.465452000,3.124625000,69.340827000,130.950398270,125.303971222
addq,2000,0x00,22,0.559269353,0.022182143,75.006278000,3.231926000,71.774352000,134.114765252,128.335929022
addq,2000,0x00,23,0.554018018,0.020026062,74.618950000,3.236381000,71.382569000,134.686864934,128.845211968
addq,2000,0x00,24,0.548819268,0.022555716,75.007804000,3.266471000,71.741333000,136.671229182,130.719413732
addq,2000,0x00,25,0.560624640,0.028445505,78.003951000,3.447990000,74.555961000,139.137571718,132.987306894
addq,2000,0x00,26,0.558854848,0.024871492,78.054305000,3.465018000,74.589287000,139.668297250,133.468086204
addq,2000,0x00,27,0.552112552,0.020663367,74.229363000,3.274589000,70.954774000,134.446070328,128.515053205
addq,2000,0x00,28,0.557731941,0.019993802,74.847281000,3.330985000,71.516296000,134.199380499,128.227004248
addq,2000,0x00,29,0.554509444,0.020841204,75.911243000,3.380973000,72.530270000,136.898016439,130.800783947
addq,2000,0x00,30,0.554666627,0.019479263,74.866874000,3.316032000,71.550842000,134.976344928,128.997921427
addq,2000,0x00,31,0.553543902,0.025159932,76.664354000,3.387076000,73.277278000,138.497332720,132.378439554
addq,2000,0x00,32,0.548939284,0.022825456,75.486929000,3.375419000,72.111510000,137.514168026,131.365183802
addq,2000,0x00,33,0.564904495,0.034825923,78.617474000,3.455923000,75.161551000,139.169496138,133.051784157
addq,2000,0x00,34,0.555844219,0.028563972,77.244980000,3.361686000,73.883294000,138.968756658,132.920864307
addq,2000,0x00,35,0.553099503,0.016926614,74.570915000,3.243705000,71.327210000,134.823688307,128.959092548
addq,2000,0x00,36,0.550702031,0.026199215,77.734603000,3.416739000,74.317864000,141.155468183,134.951134790
addq,2000,0x00,37,0.552161993,0.025579950,78.272138000,3.489737000,74.782401000,141.755750988,135.435618412
addq,2000,0x00,38,0.552344608,0.026206884,78.812542000,3.483938000,75.328604000,142.687266083,136.379721930
addq,2000,0x00,39,0.547406887,0.029838232,80.000955000,3.548881000,76.452074000,146.145320630,139.662243626
addq,2000,0x00,40,0.556599764,0.026180959,79.745890000,3.493155000,76.252735000,143.273308931,136.997425930
addq,2000,0x00,41,0.563033588,0.034959206,80.121682000,3.574637000,76.547045000,142.303556443,135.954668784
addq,2000,0x00,42,0.553868162,0.028302174,78.259627000,3.456168000,74.803459000,141.296489606,135.056434233
addq,2000,0x00,43,0.560145357,0.027151068,76.808641000,3.322135000,73.486506000,137.122695066,131.191850585
addq,2000,0x00,44,0.551695312,0.020221962,74.813041000,3.250968000,71.562073000,135.605721813,129.713034438
addq,2000,0x00,45,0.551491784,0.019718791,74.052483000,3.227897000,70.824586000,134.276674848,128.423646586
addq,2000,0x00,46,0.551544378,0.018476644,73.693842000,3.169669000,70.524173000,133.613621922,127.866724435
addq,2000,0x00,47,0.550203686,0.019520859,73.206356000,3.096794000,70.109562000,133.053190899,127.424740778
addq,2000,0x00,48,0.552683143,0.024012638,75.896046000,3.284294000,72.611752000,137.322889077,131.380435360
addq,2000,0x00,49,0.549107807,0.018011692,74.502678000,3.174614000,71.328064000,135.679509608,129.898105741
addq,2000,0x00,50,0.553431824,0.021533941,75.810414000,3.234000000,72.576414000,136.982390057,131.138851867
addq,2000,0x00,51,0.559444882,0.029163533,78.808026000,3.448966000,75.359060000,140.868258073,134.703278981
addq,2000,0x00,52,0.554794144,0.020411024,75.822133000,3.282889000,72.539244000,136.667147319,130.749837203
addq,2000,0x00,53,0.562209517,0.028579038,76.568773000,3.304923000,73.263850000,136.192594921,130.314140537
addq,2000,0x00,54,0.552825947,0.020990338,73.041134000,3.126030000,69.915104000,132.123201535,126.468564633
addq,2000,0x00,55,0.554502998,0.016025595,72.662839000,3.084159000,69.578680000,131.041381699,125.479357667
addq,2000,0x00,56,0.551345843,0.019033690,73.145930000,3.122246000,70.023684000,132.667963226,127.005009490
addq,2000,0x00,57,0.552768101,0.020257523,75.860951000,3.272391000,72.588560000,137.238293606,131.318286660
addq,2000,0x00,58,0.552318949,0.030038907,79.718302000,3.578483000,76.139819000,144.333816809,137.854801366
addq,2000,0x00,59,0.556230605,0.021874181,74.002130000,3.182671000,70.819459000,133.042175933,127.320320695
addq,2000,0x00,60,0.553363222,0.029703631,80.393105000,3.539663000,76.853442000,145.280896457,138.884260654
addq,2000,0x00,61,0.572879896,0.034189242,80.346901000,3.518057000,76.828844000,140.250865017,134.109862299
addq,2000,0x00,62,0.564331763,0.023671494,78.014571000,3.401846000,74.612725000,138.242388839,132.214292914
addq,2000,0x00,63,0.558452285,0.027495468,77.362229000,3.381461000,73.980768000,138.529702694,132.474644650
addq,2000,0x00,64,0.555589868,0.028706713,79.550882000,3.520987000,76.029895000,143.182744336,136.845359146
addq,2000,0x00,65,0.553946459,0.028830910,79.771951000,3.608939000,76.163012000,144.006608843,137.491648880
addq,2000,0x00,66,0.558714273,0.028148669,80.861243000,3.653005000,77.208238000,144.727362364,138.189127745
addq,2000,0x00,67,0.559313089,0.031247485,80.313270000,3.579336000,76.733934000,143.592688172,137.193166921
addq,2000,0x00,68,0.562567410,0.022685554,77.751083000,3.467337000,74.283746000,138.207584873,132.044168825
addq,2000,0x00,69,0.559499619,0.027398386,80.703224000,3.600027000,77.103197000,144.241785527,137.807416531
addq,2000,0x00,70,0.554131191,0.024988005,77.898605000,3.455741000,74.442864000,140.577910620,134.341587782
addq,2000,0x00,71,0.568261020,0.031375456,80.828651000,3.587759000,77.240892000,142.238598480,135.925022718
addq,2000,0x00,72,0.557467031,0.026810348,79.431865000,3.489371000,75.942494000,142.487107933,136.227776337
addq,2000,0x00,73,0.557037682,0.031878902,79.515421000,3.497000000,76.018421000,142.746933490,136.469081721
addq,2000,0x00,74,0.562295050,0.027041235,78.674176000,3.461966000,75.212210000,139.916181096,133.759331588
addq,2000,0x00,75,0.560600242,0.026773910,79.392314000,3.527518000,75.864796000,141.620192265,135.327797545
addq,2000,0x00,76,0.560075326,0.028316320,80.329690000,3.590079000,76.739611000,143.426582707,137.016589557
addq,2000,0x00,77,0.557943528,0.027035451,79.080730000,3.525199000,75.555531000,141.736082544,135.417882187
addq,2000,0x00,78,0.557227457,0.027109396,79.362529000,3.460928000,75.901601000,142.423938345,136.212959407
addq,2000,0x00,79,0.559862648,0.029669277,80.132790000,3.524466000,76.608324000,143.129373449,136.834140120
addq,2000,0x00,80,0.556214370,0.028638227,79.380412000,3.501700000,75.878712000,142.715500177,136.419905907
addq,2000,0x00,81,0.569419064,0.032438336,77.817916000,3.384879000,74.433037000,136.661943678,130.717500971
addq,2000,0x00,82,0.558415903,0.031027166,80.409707000,3.582389000,76.827318000,143.996090679,137.580820303
addq,2000,0x00,83,0.565642891,0.032280558,79.761880000,3.579458000,76.182422000,141.011018080,134.682894711
addq,2000,0x00,84,0.558589905,0.027089212,79.622721000,3.609732000,76.012989000,142.542355873,136.080133823
addq,2000,0x00,85,0.556805938,0.028964765,80.237038000,3.577018000,76.660020000,144.102339011,137.678165421
addq,2000,0x00,86,0.560423278,0.028096181,81.182776000,3.603018000,77.579758000,144.859750125,138.430648869
addq,2000,0x00,87,0.556006375,0.025217899,79.128948000,3.502799000,75.626149000,142.316619920,136.016693957
addq,2000,0x00,88,0.562252714,0.029959111,80.271706000,3.527762000,76.743944000,142.768018751,136.493683541
addq,2000,0x00,89,0.559923760,0.030332502,80.899513000,3.593069000,77.306444000,144.483086439,138.066018157
addq,2000,0x00,90,0.560649317,0.028787876,80.636390000,3.509757000,77.126633000,143.826787219,137.566622630
addq,2000,0x00,91,0.566729118,0.036410550,82.567720000,3.679922000,78.887798000,145.691684689,139.198420303
addq,2000,0x00,92,0.563568755,0.029046297,81.443396000,3.607290000,77.836106000,144.513682275,138.112883849
addq,2000,0x00,93,0.555650115,0.033986589,80.427406000,3.595816000,76.831590000,144.744694184,138.273326859
addq,2000,0x00,94,0.562169327,0.026958664,77.221421000,3.356864000,73.864557000,137.363277078,131.392008565
addq,2000,0x00,95,0.556196182,0.022529556,77.180039000,3.437492000,73.742547000,138.764057455,132.583698601
addq,2000,0x00,96,0.560115673,0.016774590,73.830438000,3.214286000,70.616152000,131.812840763,126.074229695
addq,2000,0x00,97,0.559564482,0.023557017,74.447014000,3.205437000,71.241577000,133.044566554,127.316116837
addq,2000,0x00,98,0.559265970,0.020720323,73.407344000,3.182609000,70.224735000,131.256589684,125.565900158
addq,2000,0x00,99,0.554138411,0.021563624,77.783675000,3.421866000,74.361809000,140.368675977,134.193565328
addq,2000,0xAA,0,0.547801389,0.028162168,78.093306000,3.449210000,74.644096000,142.557699793,136.261238945
addq,2000,0xAA,1,0.563050631,0.030658579,77.474716000,3.372794000,74.101922000,137.598133658,131.607919255
addq,2000,0xAA,2,0.559928890,0.022161782,76.060169000,3.237723000,72.822446000,135.838979430,130.056596958
addq,2000,0xAA,3,0.564640871,0.032142172,78.527020000,3.368583000,75.158437000,139.074275364,133.108389485
addq,2000,0xAA,4,0.553122617,0.027109279,78.063582000,3.380789000,74.682793000,141.132507576,135.020320345
addq,2000,0xAA,5,0.559862814,0.021430537,77.816207000,3.297721000,74.518486000,138.991561905,133.101331448
addq,2000,0xAA,6,0.554456657,0.025164612,76.490344000,3.284904000,73.205440000,137.955497548,132.030951494
addq,2000,0xAA,7,0.551658012,0.020020661,75.344534000,3.228873000,72.115661000,136.578337312,130.725303491
addq,2000,0xAA,8,0.557438319,0.020952179,76.506640000,3.267509000,73.239131000,137.246826065,131.385174849
addq,2000,0xAA,9,0.568617911,0.030396088,78.551129000,3.358145000,75.192984000,138.143958212,132.238155858
addq,2000,0xAA,10,0.558420724,0.022588778,77.269639000,3.279228000,73.990411000,138.371725197,132.499400160
addq,2000,0xAA,11,0.564589503,0.029106335,78.005476000,3.344718000,74.660758000,138.163170994,132.239011965
addq,2000,0xAA,12,0.562574791,0.021789667,78.927227000,3.387992000,75.539235000,140.296416206,134.274120050
addq,2000,0xAA,13,0.552155006,0.022071004,77.025743000,3.324394000,73.701349000,139.500216846,133.479454620
addq,2000,0xAA,14,0.550244718,0.021230806,75.326712000,3.252799000,72.073913000,136.896747023,130.985197322
addq,2000,0xAA,15,0.559011078,0.019298435,75.428640000,3.198845000,72.229795000,134.932281244,129.209952786
addq,2000,0xAA,16,0.555326720,0.020118482,77.848677000,3.367972000,74.480705000,140.185361493,134.120513759
addq,2000,0xAA,17,0.569635115,0.028833689,78.098433000,3.323295000,74.775138000,137.102560829,131.268484045
addq,2000,0xAA,18,0.555253478,0.021297479,75.971180000,3.254020000,72.717160000,136.822519743,130.962097203
addq,2000,0xAA,19,0.564384691,0.026758284,76.904527000,3.238456000,73.666071000,136.262602816,130.524573329
addq,2000,0xAA,20,0.559120397,0.019663335,74.869071000,3.140128000,71.728943000,133.905097009,128.288904116
addq,2000,0xAA,21,0.552341483,0.020893883,76.648119000,3.263786000,73.384333000,138.769441295,132.860440975
addq,2000,0xAA,22,0.556402714,0.020135020,75.514699000,3.198112000,72.316587000,135.719501610,129.971664799
addq,2000,0xAA,23,0.555753957,0.018964354,76.430286000,3.260306000,73.169980000,137.525401415,131.658945657
addq,2000,0xAA,24,0.555214957,0.022617756,77.737228000,3.383293000,74.353935000,140.012849086,133.919185800
addq,2000,0xAA,25,0.564328656,0.029169827,79.674112000,3.466788000,76.207324000,141.183884794,135.040677354
addq,2000,0xAA,26,0.553949084,0.019735132,75.646230000,3.192558000,72.453672000,136.558091973,130.794822223
addq,2000,0xAA,27,0.559681289,0.027584787,79.291790000,3.448355000,75.843435000,141.673112006,135.511828674
addq,2000,0xAA,28,0.553316719,0.019232282,75.296743000,3.164237000,72.132506000,136.082537127,130.363864820
addq,2000,0xAA,29,0.551291607,0.023533678,76.486682000,3.258293000,73.228389000,138.740878718,132.830589213
addq,2000,0xAA,30,0.559469821,0.027716634,80.475197000,3.487540000,76.987657000,143.841891083,137.608239380
addq,2000,0xAA,31,0.553469481,0.024443267,79.379741000,3.488394000,75.891347000,143.422074298,137.119298588
addq,2000,0xAA,32,0.559646012,0.021619723,76.321155000,3.257621000,73.063534000,136.373981763,130.553121913
addq,2000,0xAA,33,0.574724925,0.035796425,82.778535000,3.597463000,79.181072000,144.031572955,137.772121099
addq,2000,0xAA,34,0.560070358,0.030106641,81.697362000,3.619681000,78.077681000,145.869819532,139.406915452
addq,2000,0xAA,35,0.561634056,0.028671876,79.319499000,3.457755000,75.861744000,141.229859723,135.073261916
addq,2000,0xAA,36,0.555213727,0.025381099,76.262500000,3.244254000,73.018246000,137.357014678,131.513762171
addq,2000,0xAA,37,0.554515947,0.023082248,78.156233000,3.362784000,74.793449000,140.944969063,134.880609656
addq,2000,0xAA,38,0.553932566,0.018809042,75.848561000,3.234489000,72.614072000,136.927427029,131.088288478
addq,2000,0xAA,39,0.557151170,0.028606733,79.020915000,3.454337000,75.566578000,141.830295349,135.630295805
addq,2000,0xAA,40,0.558828660,0.023044936,77.747787000,3.401602000,74.346185000,139.126341596,133.039320214
addq,2000,0xAA,41,0.559284867,0.028427600,80.433327000,3.509513000,76.923814000,143.814595603,137.539594783
addq,2000,0xAA,42,0.558420921,0.022811754,77.867721000,3.337150000,74.530571000,139.442700017,133.466652428
addq,2000,0xAA,43,0.565169554,0.027689689,80.071206000,3.452750000,76.618456000,141.676432229,135.567203633
addq,2000,0xAA,44,0.554071215,0.025592455,77.507370000,3.372184000,74.135186000,139.887017971,133.800825602
addq,2000,0xAA,45,0.562325645,0.024330247,78.022811000,3.360465000,74.662346000,138.750227254,132.774214900
addq,2000,0xAA,46,0.553150935,0.020004689,76.762865000,3.324271000,73.438594000,138.773814085,132.764114399
addq,2000,0xAA,47,0.551761080,0.021515831,74.950552000,3.184989000,71.765563000,135.838780101,130.066374044
addq,2000,0xAA,48,0.554949187,0.016590773,74.358941000,3.218376000,71.140565000,133.992341580,128.192934938
addq,2000,0xAA,49,0.554105055,0.017222312,73.900507000,3.282157000,70.618350000,133.369126219,127.445778343
addq,2000,0xAA,50,0.556040914,0.020407864,75.785938000,3.369315000,72.416623000,136.295614321,130.236141153
addq,2000,0xAA,51,0.566594388,0.030803436,78.036543000,3.483512000,74.553031000,137.729113813,131.580955498
addq,2000,0xAA,52,0.560645836,0.017332358,75.689015000,3.291679000,72.397336000,135.003259060,129.132032003
addq,2000,0xAA,53,0.559042703,0.022691299,76.411486000,3.326102000,73.085384000,136.682735736,130.733097213
addq,2000,0xAA,54,0.557944810,0.026269579,77.189256000,3.334037000,73.855219000,138.345683374,132.370115646
addq,2000,0xAA,55,0.555401941,0.021815340,76.641710000,3.343192000,73.298518000,137.993234047,131.973824040
addq,2000,0xAA,56,0.556906210,0.024118298,77.017320000,3.327689000,73.689631000,138.294956309,132.319643161
addq,2000,0xAA,57,0.550222033,0.019445288,74.990469000,3.266715000,71.723754000,136.291287038,130.354201996
addq,2000,0xAA,58,0.561517854,0.025550601,76.775987000,3.308646000,73.467341000,136.729378128,130.837052576
addq,2000,0xAA,59,0.560950246,0.027923356,79.757670000,3.521171000,76.236499000,142.183144733,135.905990876
addq,2000,0xAA,60,0.559963011,0.023273664,76.120838000,3.238761000,72.882077000,135.939046779,130.155162961
addq,2000,0xAA,61,0.570411535,0.027379683,78.826642000,3.371390000,75.455252000,138.192580468,132.282128468
addq,2000,0xAA,62,0.552340251,0.022415568,74.381645000,3.113640000,71.268005000,134.666349003,129.029171566
addq,2000,0xAA,63,0.574519499,0.030989165,79.596232000,3.372245000,76.223987000,138.544004474,132.674325537
addq,2000,0xAA,64,0.557886616,0.022540122,76.739794000,3.258048000,73.481746000,137.554463279,131.714480910
addq,2000,0xAA,65,0.549786395,0.023379761,78.357343000,3.429739000,74.927604000,142.523248386,136.284936510
addq,2000,0xAA,66,0.558071776,0.024020524,79.497233000,3.477530000,76.019703000,142.449835931,136.218504861
addq,2000,0xAA,67,0.553719122,0.018618015,76.868761000,3.272575000,73.596186000,138.822659351,132.912487800
addq,2000,0xAA,68,0.557813937,0.020164073,75.972522000,3.245841000,72.726681000,136.196887493,130.378027860
addq,2000,0xAA,69,0.553940154,0.022807432,75.868702000,3.250664000,72.618038000,136.961910871,131.093652402
addq,2000,0xAA,70,0.557068414,0.021186665,76.608203000,3.281303000,73.326900000,137.520277672,131.629972430
addq,2000,0xAA,71,0.570419280,0.023850306,78.481245000,3.346244000,75.135001000,137.585189881,131.718901495
addq,2000,0xAA,72,0.556101000,0.020400100,76.300586000,3.270195000,73.030391000,137.206345724,131.325768270
addq,2000,0xAA,73,0.558203230,0.026621090,78.072738000,3.465933000,74.606805000,139.864360862,133.655272821
addq,2000,0xAA,74,0.551284000,0.021356684,76.539354000,3.313896000,73.225458000,138.838337391,132.827105431
addq,2000,0xAA,75,0.553210488,0.019003075,74.976554000,3.236808000,71.739746000,135.529885353,129.678933372
addq,2000,0xAA,76,0.553578547,0.016008030,75.352469000,3.210929000,72.141540000,136.118838743,130.318525461
addq,2000,0xAA,77,0.554455219,0.019980240,77.532882000,3.306754000,74.226128000,139.836147804,133.872178335
addq,2000,0xAA,78,0.554263007,0.023301639,76.419238000,3.251335000,73.167903000,137.875407559,132.009356680
addq,2000,0xAA,79,0.554842055,0.018511127,75.265066000,3.191398000,72.073668000,135.651335999,129.899432421
addq,2000,0xAA,80,0.557433165,0.020675546,75.617604000,3.176078000,72.441526000,135.653220514,129.955536555
addq,2000,0xAA,81,0.565183045,0.025599327,77.364242000,3.284233000,74.080009000,136.883515417,131.072596227
addq,2000,0xAA,82,0.565099428,0.023023460,76.532214000,3.255912000,73.276302000,135.431412991,129.669750814
addq,2000,0xAA,83,0.581634656,0.031087332,78.634381000,3.381949000,75.252432000,135.195487782,129.380928821
addq,2000,0xAA,84,0.558486508,0.022946127,76.970140000,3.300285000,73.669855000,137.819157416,131.909820393
addq,2000,0xAA,85,0.556352014,0.020153124,74.256646000,3.129448000,71.127198000,133.470615970,127.845673629
addq,2000,0xAA,86,0.566480218,0.029641722,80.170327000,3.485404000,76.684923000,141.523612656,135.370875302
addq,2000,0xAA,87,0.556138510,0.021256021,77.247544000,3.291679000,73.955865000,138.899829163,132.981017676
addq,2000,0xAA,88,0.554531840,0.022518373,78.479963000,3.384513000,75.095450000,141.524719183,135.421349182
addq,2000,0xAA,89,0.556711638,0.021022630,78.089582000,3.344291000,74.745291000,140.269354411,134.262131328
addq,2000,0xAA,90,0.556457027,0.025476450,78.254133000,3.413321000,74.840812000,140.629247557,134.495223123
addq,2000,0xAA,91,0.566406661,0.029630472,79.506571000,3.502128000,76.004443000,140.370120162,134.187057278
addq,2000,0xAA,92,0.559180826,0.021004399,76.091785000,3.347647000,72.744138000,136.077242801,130.090544320
addq,2000,0xAA,93,0.563953602,0.028061897,79.575541000,3.425162000,76.150379000,141.102992823,135.029510908
addq,2000,0xAA,94,0.554032559,0.022765569,75.559743000,3.230948000,72.328795000,136.381412550,130.549719182
addq,2000,0xAA,95,0.555655728,0.019046546,76.368334000,3.252922000,73.115412000,137.438219713,131.584015684
addq,2000,0xAA,96,0.556945773,0.020063376,76.019337000,3.215629000,72.803708000,136.493247020,130.719562840
addq,2000,0xAA,97,0.552758783,0.020524612,73.675897000,3.068779000,70.607118000,133.287609712,127.735858945
addq,2000,0xAA,98,0.554441136,0.021357667,75.255240000,3.177482000,72.077758000,135.731703761,130.000740102
addq,2000,0xAA,99,0.550463103,0.023477029,77.677413000,3.364127000,74.313286000,141.112842107,135.001393440
addq,2100,0x00,0,0.532140500,0.025642518,73.728754000,3.119682000,70.609072000,138.551292459,132.688776822
addq,2100,0x00,1,0.544770748,0.034057416,78.577130000,3.474051000,75.103079000,144.238893802,137.861805796
addq,2100,0x00,2,0.531474140,0.025489908,77.755721000,3.474234000,74.281487000,146.301983653,139.765007090
addq,2100,0x00,3,0.541381202,0.029227137,77.983504000,3.427176000,74.556328000,144.045459393,137.715029032
addq,2100,0x00,4,0.536475177,0.027000411,77.960128000,3.342399000,74.617729000,145.319171127,139.088875401
addq,2100,0x00,5,0.534858849,0.030394139,79.588663000,3.464346000,76.124317000,148.803115274,142.325993310
addq,2100,0x00,6,0.524458037,0.028502644,76.683642000,3.303642000,73.380000000,146.215019246,139.915865137
addq,2100,0x00,7,0.532099708,0.019635494,74.994498000,3.203056000,71.791442000,140.940686271,134.921032525
addq,2100,0x00,8,0.540797867,0.020177625,75.071280000,3.244315000,71.826965000,138.815784170,132.816657329
addq,2100,0x00,9,0.548045427,0.034913351,77.664657000,3.333122000,74.331535000,141.712079289,135.630244032
addq,2100,0x00,10,0.541401382,0.023112917,76.006398000,3.256827000,72.749571000,140.388260082,134.372710234
addq,2100,0x00,11,0.542708582,0.027590632,76.163928000,3.281486000,72.882442000,140.340378928,134.293881579
addq,2100,0x00,12,0.537799270,0.024613340,75.670278000,3.279105000,72.391173000,140.703571381,134.606305762
addq,2100,0x00,13,0.537191086,0.026352596,75.147452000,3.291861000,71.855591000,139.889610985,133.761696565
addq,2100,0x00,14,0.535606391,0.022787108,74.381097000,3.253714000,71.127383000,138.872683933,132.797860971
addq,2100,0x00,15,0.533893123,0.025977544,75.270193000,3.275261000,71.994932000,140.983634668,134.848959283
addq,2100,0x00,16,0.540656960,0.025069342,75.863575000,3.340384000,72.523191000,140.317392677,134.139012955
addq,2100,0x00,17,0.545785050,0.031376279,78.151595000,3.440604000,74.710991000,143.191161119,136.887206840
addq,2100,0x00,18,0.537295548,0.023738304,75.546682000,3.278983000,72.267699000,140.605449368,134.502694542
addq,2100,0x00,19,0.544729534,0.033340882,78.489973000,3.405997000,75.083976000,144.089806170,137.837167409
addq,2100,0x00,20,0.538988641,0.022963999,76.321277000,3.322440000,72.998837000,141.600900724,135.436689182
addq,2100,0x00,21,0.536067167,0.021127502,73.418208000,3.227165000,70.191043000,136.957106301,130.937030465
addq,2100,0x00,22,0.529882501,0.025932442,77.247178000,3.464163000,73.783015000,145.781711728,139.244105761
addq,2100,0x00,23,0.540885648,0.023750045,74.914359000,3.282218000,71.632141000,138.503136961,132.434907916
addq,2100,0x00,24,0.533445623,0.022307135,74.330132000,3.216362000,71.113770000,139.339660614,133.310251309
addq,2100,0x00,25,0.543641829,0.032042675,77.213181000,3.407401000,73.805780000,142.029506976,135.761775510
addq,2100,0x00,26,0.535396732,0.028084419,78.015609000,3.459097000,74.556512000,145.715512098,139.254701278
addq,2100,0x00,27,0.546146380,0.030968991,77.338791000,3.403495000,73.935296000,141.608172849,135.376336250
addq,2100,0x00,28,0.535212831,0.028937031,77.897200000,3.527213000,74.369987000,145.544343236,138.954043462
addq,2100,0x00,29,0.531440040,0.029936259,77.269394000,3.492728000,73.776666000,145.396259469,138.824063671
addq,2100,0x00,30,0.540772647,0.023585103,76.946092000,3.416495000,73.529597000,142.289171617,135.971368714
addq,2100,0x00,31,0.533018936,0.025236097,77.169114000,3.401054000,73.768060000,144.777434246,138.396696587
addq,2100,0x00,32,0.537285649,0.028164017,78.043074000,3.396048000,74.647026000,145.254343211,138.933593701
addq,2100,0x00,33,0.552393573,0.032602234,77.718673000,3.296806000,74.421867000,140.694383033,134.726163708
addq,2100,0x00,34,0.536929922,0.026374067,77.456100000,3.410636000,74.045464000,144.257373073,137.905266656
addq,2100,0x00,35,0.545705781,0.034386346,78.093794000,3.378348000,74.715446000,143.106041192,136.915254661
addq,2100,0x00,36,0.539292361,0.025544844,75.242422000,3.192008000,72.050414000,139.520652370,133.601770087
addq,2100,0x00,37,0.536092688,0.027247604,76.142383000,3.302848000,72.839535000,142.032123800,135.871159334
addq,2100,0x00,38,0.535438229,0.023655596,74.817740000,3.213432000,71.604308000,139.731785859,133.730286854
addq,2100,0x00,39,0.541294151,0.025068588,76.723802000,3.358817000,73.364985000,141.741420748,135.536260404
addq,2100,0x00,40,0.535699288,0.024677916,77.787276000,3.425406000,74.361870000,145.206980250,138.812710043
addq,2100,0x00,41,0.546471055,0.030422341,77.169114000,3.401236000,73.767878000,141.213543351,134.989543068
addq,2100,0x00,42,0.537086852,0.024508237,77.649520000,3.420462000,74.229058000,144.575350662,138.206805266
addq,2100,0x00,43,0.546873494,0.033022882,79.652812000,3.453238000,76.199574000,145.651257280,139.336747550
addq,2100,0x00,44,0.533551059,0.028325260,77.089768000,3.394705000,73.695063000,144.484331349,138.121856862
addq,2100,0x00,45,0.536967798,0.026935531,77.668808000,3.480704000,74.188104000,144.643325645,138.161179014
addq,2100,0x00,46,0.534694633,0.030512086,78.149703000,3.503836000,74.645867000,146.157634920,139.604668456
addq,2100,0x00,47,0.537012108,0.029433774,78.329024000,3.509513000,74.819511000,145.860815382,139.325556781
addq,2100,0x00,48,0.533357823,0.026924950,77.160691000,3.387869000,73.772822000,144.669652540,138.317689841
addq,2100,0x00,49,0.535835992,0.024711820,75.050651000,3.215873000,71.834778000,140.062728317,134.061128860
addq,2100,0x00,50,0.536125216,0.027017493,74.975822000,3.281120000,71.694702000,139.847594820,133.727532004
addq,2100,0x00,51,0.541736857,0.032149741,77.695541000,3.464042000,74.231499000,143.419337231,137.025011361
addq,2100,0x00,52,0.532509141,0.019153978,72.181395000,3.156853000,69.024542000,135.549588695,129.621328016
addq,2100,0x00,53,0.547102845,0.032905336,76.851915000,3.601614000,73.250301000,140.470691658,133.887625905
addq,2100,0x00,54,0.531582686,0.023105162,73.392879000,3.347281000,70.045598000,138.064840905,131.768019946
addq,2100,0x00,55,0.536530906,0.020533937,74.003046000,3.360038000,70.643008000,137.928766418,131.666241813
addq,2100,0x00,56,0.536899234,0.024325097,75.759206000,3.466239000,72.292967000,141.105073638,134.649040963
addq,2100,0x00,57,0.537081433,0.024402426,75.662587000,3.458671000,72.203916000,140.877309000,134.437557433
addq,2100,0x00,58,0.539788796,0.019285275,73.212886000,3.289481000,69.923405000,135.632466942,129.538451976
addq,2100,0x00,59,0.531479513,0.025681284,73.624811000,3.379325000,70.245486000,138.528032086,132.169696687
addq,2100,0x00,60,0.537797690,0.026572104,75.620656000,3.438468000,72.182188000,140.611715997,134.218107274
addq,2100,0x00,61,0.543715610,0.036186259,78.075118000,3.534415000,74.540703000,143.595505642,137.095020954
addq,2100,0x00,62,0.536549960,0.026102536,78.269575000,3.589102000,74.680473000,145.875651445,139.186429070
addq,2100,0x00,63,0.548243931,0.033568824,79.853006000,3.728933000,76.124073000,145.652330104,138.850735431
addq,2100,0x00,64,0.541023870,0.032729910,79.301066000,3.742361000,75.558705000,146.575909906,139.658727119
addq,2100,0x00,65,0.538713125,0.030435766,78.827557000,3.582754000,75.244803000,146.325666306,139.675087673
addq,2100,0x00,66,0.531413517,0.023808804,74.298699000,3.290764000,71.007935000,139.813340531,133.620867258
addq,2100,0x00,67,0.539029916,0.022316846,75.912953000,3.414237000,72.498716000,140.832541491,134.498501582
addq,2100,0x00,68,0.532073677,0.022922334,75.960194000,3.409538000,72.550656000,142.762548278,136.354529713
addq,2100,0x00,69,0.537241675,0.024398839,76.859239000,3.426566000,73.432673000,143.062689617,136.684617775
addq,2100,0x00,70,0.534901019,0.027081551,77.546371000,3.498465000,74.047906000,144.973309635,138.432912668
addq,2100,0x00,71,0.543514999,0.032619617,77.290940000,3.544974000,73.745966000,142.205716849,135.683405581
addq,2100,0x00,72,0.533488088,0.028177598,77.710433000,3.454520000,74.255913000,145.664795128,139.189449043
addq,2100,0x00,73,0.542499737,0.027180977,75.791737000,3.348319000,72.443418000,139.708338789,133.536319203
addq,2100,0x00,74,0.541101431,0.022547747,74.740470000,3.294547000,71.445923000,138.126542859,132.037948722
addq,2100,0x00,75,0.537501069,0.020722391,74.235283000,3.219047000,71.016236000,138.111879636,132.122966900
addq,2100,0x00,76,0.534854553,0.022845749,74.859000000,3.293754000,71.565246000,139.961414903,133.803191173
addq,2100,0x00,77,0.535117363,0.023063833,74.804496000,3.351981000,71.452515000,139.790821925,133.526811015
addq,2100,0x00,78,0.537505378,0.023154613,75.121146000,3.304130000,71.817016000,139.758873371,133.611716267
addq,2100,0x00,79,0.532237086,0.021891192,74.885612000,3.309379000,71.576233000,140.699725629,134.481859408
addq,2100,0x00,80,0.539269969,0.024327635,75.949879000,3.345755000,72.604124000,140.838324616,134.634094471
addq,2100,0x00,81,0.544731885,0.025022350,75.478261000,3.373465000,72.104796000,138.560387418,132.367496762
addq,2100,0x00,82,0.536543896,0.020059165,75.166800000,3.345634000,71.821166000,140.094409107,133.858882008
addq,2100,0x00,83,0.539122181,0.026427449,74.472283000,3.285636000,71.186647000,138.136188084,132.041769944
addq,2100,0x00,84,0.542518517,0.021688657,75.851612000,3.354422000,72.497190000,139.813867303,133.630811992
addq,2100,0x00,85,0.535191587,0.022101367,74.388055000,3.200675000,71.187380000,138.993318911,133.012890454
addq,2100,0x00,86,0.536778903,0.018707012,73.190669000,3.222343000,69.968326000,136.351612583,130.348502209
addq,2100,0x00,87,0.535329046,0.022324438,74.218071000,3.266166000,70.951905000,138.640097226,132.538866546
addq,2100,0x00,88,0.533980941,0.020956725,73.115047000,3.148491000,69.966556000,136.924450716,131.028189707
addq,2100,0x00,89,0.540230579,0.023753523,76.488757000,3.307548000,73.181209000,141.585389578,135.462914976
addq,2100,0x00,90,0.539569049,0.020998958,76.039906000,3.281547000,72.758359000,140.927108542,134.845316039
addq,2100,0x00,91,0.544581961,0.027365745,77.955367000,3.362541000,74.592826000,143.147170760,136.972634622
addq,2100,0x00,92,0.536238638,0.027971011,78.262678000,3.419303000,74.843375000,145.947480255,139.571022538
addq,2100,0x00,93,0.548993436,0.037054769,78.777752000,3.373099000,75.404653000,143.494888820,137.350737029
addq,2100,0x00,94,0.539159057,0.026666820,76.930589000,3.319206000,73.611383000,142.686259185,136.529994249
addq,2100,0x00,95,0.538319807,0.026249664,76.837572000,3.347953000,73.489619000,142.735918212,136.516654210
addq,2100,0x00,96,0.534106949,0.028197643,78.230269000,3.494132000,74.736137000,146.469296436,139.927288308
addq,2100,0x00,97,0.539674183,0.025011627,78.696332000,3.476981000,75.219351000,145.821931952,139.379190926
addq,2100,0x00,98,0.542376991,0.025826833,77.043871000,3.353140000,73.690731000,142.048560851,135.866255819
addq,2100,0x00,99,0.540736093,0.024791125,76.441027000,3.302055000,73.138972000,141.364758066,135.258165514
addq,2100,0xAA,0,0.532666560,0.026259409,76.523546000,3.299308000,73.224238000,143.661254185,137.467308007
addq,2100,0xAA,1,0.545410847,0.033407993,78.771832000,3.472037000,75.299795000,144.426595892,138.060684728
addq,2100,0xAA,2,0.536568246,0.026973072,75.537710000,3.306388000,72.231322000,140.779314893,134.617213376
addq,2100,0xAA,3,0.547489747,0.027370942,76.378344000,3.280570000,73.097774000,139.506437113,133.514416229
addq,2100,0xAA,4,0.536217330,0.019318896,74.380913000,3.193717000,71.187196000,138.714116214,132.758103936
addq,2100,0xAA,5,0.537135036,0.019669323,74.980521000,3.232536000,71.747985000,139.593428011,133.575321236
addq,2100,0xAA,6,0.535549442,0.020251851,76.276966000,3.293387000,72.983579000,142.427495985,136.277947984
addq,2100,0xAA,7,0.537632226,0.019540971,75.094107000,3.281425000,71.812682000,139.675606034,133.572130757
addq,2100,0xAA,8,0.527695874,0.019276637,72.286253000,3.033134000,69.253119000,136.984684838,131.236802110
addq,2100,0xAA,9,0.535778074,0.023121877,76.490527000,3.272819000,73.217708000,142.765317915,136.656783128
addq,2100,0xAA,10,0.528043396,0.022037007,76.590624000,3.246574000,73.344050000,145.046078633,138.897769570
addq,2100,0xAA,11,0.534845105,0.030365928,75.114676000,3.217094000,71.897582000,140.441924742,134.426923447
addq,2100,0xAA,12,0.527034315,0.017120376,72.511228000,3.133476000,69.377752000,137.583504332,131.638016706
addq,2100,0xAA,13,0.531032780,0.017000949,73.432551000,3.193412000,70.239139000,138.282519970,132.268932635
addq,2100,0xAA,14,0.528309000,0.020578377,73.926874000,3.194511000,70.732363000,139.931127352,133.884455805
addq,2100,0xAA,15,0.533268548,0.020319673,73.873712000,3.213249000,70.660463000,138.530037664,132.504463844
addq,2100,0xAA,16,0.532612371,0.021580182,74.722710000,3.253653000,71.469057000,140.294732217,134.185874865
addq,2100,0xAA,17,0.522390174,0.020835757,73.295649000,3.276359000,70.019290000,140.308245920,134.036384076
addq,2100,0xAA,18,0.545056081,0.027898789,75.481802000,3.327751000,72.154051000,138.484468960,132.379132073
addq,2100,0xAA,19,0.535004327,0.023743926,76.598497000,3.433157000,73.165340000,143.173602752,136.756538766
addq,2100,0xAA,20,0.528886455,0.026403652,76.840990000,3.376700000,73.464290000,145.288254647,138.903708463
addq,2100,0xAA,21,0.535915611,0.027258372,78.000960000,3.503653000,74.497307000,145.547094296,139.009398945
addq,2100,0xAA,22,0.536520067,0.027278095,76.772935000,3.473685000,73.299250000,143.094246918,136.619773341
addq,2100,0xAA,23,0.531144417,0.019956078,73.756281000,3.202995000,70.553286000,138.862950808,132.832585243
addq,2100,0xAA,24,0.528605884,0.018870714,72.383055000,3.197380000,69.185675000,136.931988861,130.883285852
addq,2100,0xAA,25,0.531077689,0.015901701,72.013182000,3.174430000,68.838752000,135.598206263,129.620869865
addq,2100,0xAA,26,0.544677327,0.027455309,76.638659000,3.369742000,73.268917000,140.704698426,134.518022693
addq,2100,0xAA,27,0.529163764,0.019780492,71.549683000,3.117851000,68.431832000,135.212741005,129.320706798
addq,2100,0xAA,28,0.539954582,0.031200540,77.021470000,3.319571000,73.701899000,142.644349327,136.496478540
addq,2100,0xAA,29,0.534124711,0.016594602,72.891781000,3.120658000,69.771123000,136.469591248,130.627026889
addq,2100,0xAA,30,0.526985610,0.021039332,72.712034000,3.155876000,69.556158000,137.977266487,131.988723465
addq,2100,0xAA,31,0.530559183,0.019384084,72.931881000,3.123100000,69.808781000,137.462291291,131.575860336
addq,2100,0xAA,32,0.531506116,0.019252184,72.375669000,3.092461000,69.283208000,136.170905395,130.352607339
addq,2100,0xAA,33,0.534670669,0.018462178,74.814322000,3.306083000,71.508239000,139.925988600,133.742587884
addq,2100,0xAA,34,0.537928588,0.020262216,74.228265000,3.182120000,71.046145000,137.989068913,132.073562523
addq,2100,0xAA,35,0.535558070,0.019483862,73.717585000,3.177788000,70.539797000,137.646296749,131.712695559
addq,2100,0xAA,36,0.543242776,0.024145740,76.484667000,3.341788000,73.142879000,140.792791674,134.641236334
addq,2100,0xAA,37,0.534205693,0.018943941,72.967891000,3.171135000,69.796756000,136.591376720,130.655208229
addq,2100,0xAA,38,0.535992109,0.017107051,72.696896000,3.101067000,69.595829000,135.630534195,129.844876252
addq,2100,0xAA,39,0.528174973,0.018483426,72.103453000,3.080009000,69.023444000,136.514330728,130.682912817
addq,2100,0xAA,40,0.538192214,0.027537467,78.702557000,3.497428000,75.205129000,146.235034427,139.736560635
addq,2100,0xAA,41,0.533396561,0.024472345,77.782638000,3.396780000,74.385858000,145.825158482,139.456950942
addq,2100,0xAA,42,0.526999956,0.019974375,71.504090000,3.077690000,68.426400000,135.681396601,129.841377135
addq,2100,0xAA,43,0.543942887,0.031244770,76.314746000,3.394034000,72.920712000,140.299189279,134.059501099
addq,2100,0xAA,44,0.536391473,0.019504151,72.472653000,3.185356000,69.287297000,135.111493566,129.173002440
addq,2100,0xAA,45,0.539375955,0.025632913,74.673393000,3.249747000,71.423646000,138.444052561,132.419039817
addq,2100,0xAA,46,0.527270550,0.020503584,75.945545000,3.335807000,72.609738000,144.035248950,137.708692314
addq,2100,0xAA,47,0.533110182,0.016954153,74.434929000,3.256461000,71.178468000,139.623911741,133.515491550
addq,2100,0xAA,48,0.535113027,0.018135432,72.637082000,3.134270000,69.502812000,135.741569139,129.884357971
addq,2100,0xAA,49,0.534879864,0.018104066,71.805175000,3.020561000,68.784614000,134.245425704,128.598249197
addq,2100,0xAA,50,0.536659871,0.020792933,73.459712000,3.119682000,70.340030000,136.883184365,131.070038700
addq,2100,0xAA,51,0.536392232,0.022238513,75.133719000,3.259025000,71.874694000,140.072347170,133.996522796
addq,2100,0xAA,52,0.536373859,0.018419766,74.652946000,3.236198000,71.416748000,139.180806041,133.147331539
addq,2100,0xAA,53,0.542821892,0.027911437,76.946092000,3.327262000,73.618830000,141.752005878,135.622441005
addq,2100,0xAA,54,0.528646584,0.017543403,73.153561000,3.245109000,69.908452000,138.378953414,132.240430819
addq,2100,0xAA,55,0.534966161,0.018514904,74.121392000,3.250053000,70.871339000,138.553421531,132.478171847
addq,2100,0xAA,56,0.526340319,0.018028231,72.723996000,3.245353000,69.478643000,138.169152912,132.003269578
addq,2100,0xAA,57,0.535511199,0.018811336,73.722345000,3.199089000,70.523256000,137.667233079,131.693335599
addq,2100,0xAA,58,0.532153783,0.020024448,73.194148000,3.200614000,69.993534000,137.543225967,131.528772809
addq,2100,0xAA,59,0.531197148,0.018835787,72.909176000,3.161308000,69.747868000,137.254456731,131.303167251
addq,2100,0xAA,60,0.527910845,0.021581954,73.618220000,3.173332000,70.444888000,139.451993897,133.440880416
addq,2100,0xAA,61,0.542351251,0.020984614,74.395684000,3.172661000,71.223023000,137.172512912,131.322685898
addq,2100,0xAA,62,0.536441910,0.016680625,72.443967000,3.059074000,69.384893000,135.045315513,129.342789401
addq,2100,0xAA,63,0.536067401,0.022518044,74.271050000,3.169303000,71.101747000,138.547969688,132.635834395
addq,2100,0xAA,64,0.531417980,0.019488992,73.169185000,3.127067000,70.042118000,137.686694370,131.802311234
addq,2100,0xAA,65,0.533131469,0.016691011,71.979796000,2.966545000,69.013251000,135.013219512,129.448841541
addq,2100,0xAA,66,0.535189672,0.017141161,72.829220000,3.071220000,69.758000000,136.081138762,130.342575106
addq,2100,0xAA,67,0.528225860,0.014810636,71.934875000,3.005852000,68.929023000,136.182039713,130.491572378
addq,2100,0xAA,68,0.528307456,0.020854160,75.248220000,3.252127000,71.996093000,142.432629365,136.276882430
addq,2100,0xAA,69,0.531253085,0.021089191,73.340328000,3.059684000,70.280644000,138.051580509,132.292208775
addq,2100,0xAA,70,0.532975558,0.027856630,78.936138000,3.402091000,75.534047000,148.104611472,141.721408816
addq,2100,0xAA,71,0.539886501,0.026191979,75.799061000,3.280021000,72.519040000,140.398140756,134.322750851
addq,2100,0xAA,72,0.547296112,0.029363411,78.130354000,3.399223000,74.731131000,142.757005305,136.546065882
addq,2100,0xAA,73,0.537873124,0.029903281,76.708910000,3.252067000,73.456843000,142.615249959,136.569089896
addq,2100,0xAA,74,0.531117655,0.022540712,74.581840000,3.199821000,71.382019000,140.424328306,134.399634968
addq,2100,0xAA,75,0.530489226,0.024204204,75.071341000,3.212150000,71.859191000,141.513413225,135.458342086
addq,2100,0xAA,76,0.537566718,0.021116076,75.072500000,3.226615000,71.845885000,139.652432928,133.650173314
addq,2100,0xAA,77,0.523508725,0.021884835,73.041927000,3.114677000,69.927250000,139.523800706,133.574182578
addq,2100,0xAA,78,0.520115650,0.019943225,72.853573000,3.146843000,69.706730000,140.071872390,134.021596845
addq,2100,0xAA,79,0.526017945,0.021462526,74.297051000,3.216422000,71.080629000,141.244327787,135.129665668
addq,2100,0xAA,80,0.524182632,0.021445725,72.913388000,3.110039000,69.803349000,139.099206067,133.166085037
addq,2100,0xAA,81,0.528711221,0.023440029,73.905817000,3.149467000,70.756350000,139.784846651,133.827971002
addq,2100,0xAA,82,0.528136660,0.018759204,74.093744000,3.158256000,70.935488000,140.292749229,134.312751552
addq,2100,0xAA,83,0.527454615,0.022003509,73.103572000,3.157036000,69.946536000,138.596895213,132.611477870
addq,2100,0xAA,84,0.529316229,0.017132739,72.122435000,3.052544000,69.069891000,136.255854242,130.488897118
addq,2100,0xAA,85,0.522585655,0.020913411,72.615353000,3.066093000,69.549260000,138.953973047,133.086814293
addq,2100,0xAA,86,0.528294559,0.017075182,72.188414000,3.040825000,69.147589000,136.644250501,130.888323338
addq,2100,0xAA,87,0.526658151,0.020508090,73.498103000,3.099052000,70.399051000,139.555616495,133.671245406
addq,2100,0xAA,88,0.522881690,0.016296724,71.778319000,3.005669000,68.772650000,137.274493081,131.526215689
addq,2100,0xAA,89,0.528769865,0.025819140,76.160327000,3.281608000,72.878719000,144.033032332,137.826914662
addq,2100,0xAA,90,0.522408718,0.028972950,78.597638000,3.385306000,75.212332000,150.452385807,143.972199158
addq,2100,0xAA,91,0.538971603,0.034585940,79.917337000,3.456778000,76.460559000,148.277453848,141.863798694
addq,2100,0xAA,92,0.527126093,0.028076014,77.998702000,3.322196000,74.676506000,147.969723192,141.667253922
addq,2100,0xAA,93,0.529435279,0.030524999,77.049485000,3.331535000,73.717950000,145.531452114,139.238832166
addq,2100,0xAA,94,0.525210943,0.016773093,72.875912000,3.061699000,69.814213000,138.755509432,132.926044074
addq,2100,0xAA,95,0.521324379,0.020964489,74.773918000,3.234977000,71.538941000,143.430694921,137.225389494
addq,2100,0xAA,96,0.525904118,0.028615032,78.064131000,3.356070000,74.708061000,148.437953535,142.056429059
addq,2100,0xAA,97,0.527717522,0.022962996,75.084952000,3.195854000,71.889098000,142.282469154,136.226475428
addq,2100,0xAA,98,0.529569618,0.017620763,72.968380000,3.068962000,69.899418000,137.788078272,131.992877991
addq,2100,0xAA,99,0.527941586,0.020884448,74.731254000,3.150505000,71.580749000,141.552126157,135.584600425
