kernel,freq_mhz,operand,trial,mean_time_s,std_time_s,pkg_J,dram_J,cores_J,pkg_W,cores_W
mulps,800,0x00,0,1.758474672,0.005586564,173.720746000,9.668066000,164.052680000,98.790587526,93.292603305
mulps,800,0x00,1,1.757410797,0.003558022,172.671860000,9.682592000,162.989268000,98.253555902,92.743977825
mulps,800,0x00,2,1.756429567,0.000785748,171.473804000,9.720800000,161.753004000,97.626347929,92.091938703
mulps,800,0x00,3,1.756623155,0.000878196,171.589954000,9.574194000,162.015760000,97.681710234,92.231369919
mulps,800,0x00,4,1.756739009,0.001010892,171.574329000,9.574744000,161.999585000,97.666373932,92.216079980
mulps,800,0x00,5,1.766509675,0.051232044,194.653432000,10.927829000,183.725603000,110.190979873,104.004866569
mulps,800,0x00,6,1.756502043,0.000841299,171.442249000,9.756628000,161.685621000,97.604355027,92.049776802
mulps,800,0x00,7,1.756585211,0.000931442,171.206165000,9.602819000,161.603346000,97.465334404,91.998580535
mulps,800,0x00,8,1.756303775,0.001026778,171.317188000,9.610938000,161.706250000,97.544166574,92.071913917
mulps,800,0x00,9,1.756372292,0.000807839,171.336475000,9.709753000,161.626722000,97.551342502,92.023042468
mulps,800,0x00,10,1.756889817,0.002113648,171.613208000,9.594519000,162.018689000,97.680119932,92.219038133
mulps,800,0x00,11,1.756456000,0.001030899,171.474842000,9.649573000,161.825269000,97.625469712,92.131695315
mulps,800,0x00,12,1.756361935,0.001010880,171.292713000,9.631750000,161.660963000,97.527001461,92.043080517
mulps,800,0x00,13,1.756250842,0.000879171,171.462390000,9.762304000,161.700086000,97.629783772,92.071179179
mulps,800,0x00,14,1.756206751,0.000777418,170.928395000,9.679785000,161.248610000,97.328173283,91.816416200
mulps,800,0x00,15,1.756225308,0.000986528,171.263416000,9.814245000,161.449171000,97.517906846,91.929646072
mulps,800,0x00,16,1.756229967,0.000827917,171.208058000,9.613257000,161.594801000,97.486127237,92.012324158
mulps,800,0x00,17,1.769911596,0.050139581,191.587095000,11.012179000,180.574916000,108.246703046,102.024822234
mulps,800,0x00,18,1.756470684,0.000974568,171.336170000,9.741857000,161.594313000,97.545704325,91.999436409
mulps,800,0x00,19,1.756283178,0.000957842,171.505665000,9.603675000,161.901990000,97.652626373,92.184444977
mulps,800,0x00,20,1.756943873,0.001823575,171.688586000,9.652502000,162.036084000,97.720017499,92.226101530
mulps,800,0x00,21,1.773153797,0.077683052,206.605550000,12.070526000,194.535024000,116.518685700,109.711308913
mulps,800,0x00,22,1.756232824,0.001181589,171.279103000,9.715063000,161.564040000,97.526421704,91.994659134
mulps,800,0x00,23,1.756331232,0.000961509,171.138112000,9.646216000,161.491896000,97.440681412,91.948428114
mulps,800,0x00,24,1.756242043,0.001368694,171.254140000,9.689428000,161.564712000,97.511695888,91.994558863
mulps,800,0x00,25,1.756517262,0.002062871,171.519397000,9.638586000,161.880811000,97.647430340,92.160102542
mulps,800,0x00,26,1.756327881,0.000927280,171.078359000,9.594092000,161.484267000,97.406845755,91.944259809
mulps,800,0x00,27,1.756283923,0.000849310,170.924611000,9.591284000,161.333327000,97.321742077,91.860618239
mulps,800,0x00,28,1.756330937,0.000959732,171.154347000,9.495765000,161.658582000,97.449941471,92.043349353
mulps,800,0x00,29,1.756548606,0.001043802,171.036855000,9.470007000,161.566848000,97.370977608,91.979719452
mulps,800,0x00,30,1.757295108,0.002187147,171.352650000,9.557653000,161.794997000,97.509319423,92.070475966
mulps,800,0x00,31,1.756737456,0.000807520,170.876760000,9.771703000,161.105057000,97.269378211,91.706963082
mulps,800,0x00,32,1.756669307,0.001035327,171.103932000,9.553748000,161.550184000,97.402471433,91.963913384
mulps,800,0x00,33,1.756716522,0.001096777,171.028676000,9.557104000,161.471572000,97.357014544,91.916692284
mulps,800,0x00,34,1.756446511,0.000921475,171.030080000,9.607702000,161.422378000,97.372780198,91.902814593
mulps,800,0x00,35,1.756639744,0.001150002,171.010060000,9.661719000,161.348341000,97.350672246,91.850558161
mulps,800,0x00,36,1.756603654,0.000888051,171.004628000,9.788549000,161.216079000,97.349580042,91.777151123
mulps,800,0x00,37,1.756369245,0.000976881,171.362477000,9.626807000,161.735670000,97.566316135,92.085232343
mulps,800,0x00,38,1.758446095,0.010084104,175.231790000,9.967442000,165.264348000,99.651499431,93.983175545
mulps,800,0x00,39,1.771870697,0.081717381,208.208390000,12.046967000,196.161423000,117.507665988,110.708655754
mulps,800,0x00,40,1.757061656,0.002093181,171.483875000,9.778234000,161.705641000,97.596959345,92.031853552
mulps,800,0x00,41,1.756683244,0.001108772,170.941030000,9.687658000,161.253372000,97.308965960,91.794222176
mulps,800,0x00,42,1.756571664,0.000788860,170.793569000,9.668982000,161.124587000,97.231199002,91.726736987
mulps,800,0x00,43,1.756654322,0.000996404,170.939687000,9.841039000,161.098648000,97.309803554,91.707654699
mulps,800,0x00,44,1.756627764,0.001062927,171.146779000,9.619422000,161.527357000,97.429166533,91.953093460
mulps,800,0x00,45,1.756516029,0.000828532,171.151600000,9.514929000,161.636671000,97.438108843,92.021176208
mulps,800,0x00,46,1.756731679,0.001224239,171.063588000,9.534765000,161.528823000,97.376047850,91.948488755
mulps,800,0x00,47,1.756558345,0.000835804,171.243092000,9.788305000,161.454787000,97.487847437,91.915413692
mulps,800,0x00,48,1.756609633,0.001116262,171.201344000,9.740515000,161.460829000,97.461234859,91.916169628
mulps,800,0x00,49,1.756641123,0.000983904,171.155995000,9.933629000,161.222366000,97.433671990,91.778772495
mulps,800,0x00,50,1.756944133,0.001955934,171.359485000,9.897740000,161.461745000,97.532688574,91.899191292
mulps,800,0x00,51,1.756583624,0.001498792,171.264577000,9.648902000,161.615675000,97.498675659,92.005682402
mulps,800,0x00,52,1.761280060,0.024456629,181.498375000,10.457675000,171.040700000,103.049128358,97.111585979
mulps,800,0x00,53,1.756502165,0.000836023,170.993886000,9.692113000,161.301773000,97.349089214,91.831240622
mulps,800,0x00,54,1.756282901,0.000784237,170.972646000,9.880407000,161.092239000,97.349149085,91.723399958
mulps,800,0x00,55,1.756593183,0.001142682,171.000906000,9.857702000,161.143204000,97.348041472,91.736211654
mulps,800,0x00,56,1.756380595,0.000863511,170.667410000,9.660864000,161.006546000,97.169947383,91.669508567
mulps,800,0x00,57,1.756682550,0.001449324,170.854299000,9.732397000,161.121902000,97.259632356,91.719418503
mulps,800,0x00,58,1.756635785,0.000838404,170.844839000,9.683996000,161.160843000,97.256836335,91.744028225
mulps,800,0x00,59,1.756577737,0.000761110,170.704458000,9.673742000,161.030716000,97.180132928,91.672980130
mulps,800,0x00,60,1.757068114,0.002207303,171.293385000,9.765966000,161.527419000,97.488187090,91.930083836
mulps,800,0x00,61,1.756629278,0.000894378,171.024648000,9.854223000,161.170425000,97.359556842,91.749822833
mulps,800,0x00,62,1.756476763,0.001157753,171.171070000,9.696447000,161.474623000,97.451371751,91.930975920
mulps,800,0x00,63,1.769735516,0.069247142,202.584931000,11.510773000,191.074158000,114.471868344,107.967634861
mulps,800,0x00,64,1.767794520,0.049190599,193.665580000,11.221895000,182.443685000,109.552087518,103.204124069
mulps,800,0x00,65,1.757507748,0.004088574,172.522813000,9.630102000,162.892711000,98.163329973,92.683921981
mulps,800,0x00,66,1.756419379,0.000860568,170.928944000,9.795874000,161.133070000,97.316703555,91.739519587
mulps,800,0x00,67,1.756842224,0.001369768,171.068959000,9.678931000,161.390028000,97.372977887,91.863700577
mulps,800,0x00,68,1.756441885,0.001058481,170.901296000,9.785558000,161.115738000,97.299715659,91.728476393
mulps,800,0x00,69,1.756442174,0.000811813,170.948659000,9.653967000,161.294692000,97.326664952,91.830345664
mulps,800,0x00,70,1.757404415,0.002351944,171.347950000,9.566748000,161.781202000,97.500580144,92.056899726
mulps,800,0x00,71,1.756822629,0.001299510,171.221851000,9.585303000,161.636548000,97.461091505,92.005046688
mulps,800,0x00,72,1.769277405,0.066863783,201.679720000,11.702057000,189.977663000,113.989880507,107.375848719
mulps,800,0x00,73,1.756539272,0.001366996,171.331288000,9.644995000,161.686293000,97.539116122,92.048208429
mulps,800,0x00,74,1.756608523,0.001192322,170.882436000,9.680456000,161.201980000,97.279748855,91.768870438
mulps,800,0x00,75,1.763875372,0.037334130,187.935004000,11.011508000,176.923496000,106.546645540,100.303853007
mulps,800,0x00,76,1.756340632,0.000742783,171.069570000,9.904332000,161.165238000,97.401134417,91.761948135
mulps,800,0x00,77,1.756976478,0.004338185,172.879868000,10.087682000,162.792186000,98.396233611,92.654732729
mulps,800,0x00,78,1.756595129,0.001166474,171.301197000,9.879003000,161.422194000,97.518884193,91.894934294
mulps,800,0x00,79,1.756557698,0.001374832,171.507374000,10.043065000,161.464309000,97.638337861,91.920868397
mulps,800,0x00,80,1.756792386,0.001888105,171.768665000,10.116124000,161.652541000,97.774026301,92.015734042
mulps,800,0x00,81,1.756717531,0.001343676,171.314808000,9.911229000,161.403579000,97.519837421,91.877934937
mulps,800,0x00,82,1.756551152,0.001267263,171.392261000,10.137120000,161.255141000,97.573168181,91.802132144
mulps,800,0x00,83,1.756381059,0.000811925,170.786550000,10.063756000,160.722794000,97.237754395,91.507929451
mulps,800,0x00,84,1.756914299,0.001617565,170.829214000,10.251439000,160.577775000,97.232525292,91.397614047
mulps,800,0x00,85,1.756406975,0.000939426,170.780996000,10.115513000,160.665483000,97.233157465,91.473949523
mulps,800,0x00,86,1.756452408,0.001297429,171.626758000,10.134557000,161.492201000,97.712159592,91.942258311
mulps,800,0x00,87,1.757083652,0.001362556,171.435108000,10.157201000,161.277907000,97.567983052,91.787267383
mulps,800,0x00,88,1.757417594,0.004663274,172.869979000,10.136510000,162.733469000,98.365908950,92.598065248
mulps,800,0x00,89,1.756448646,0.001455198,171.514881000,9.972631000,161.542250000,97.648673851,91.970949642
mulps,800,0x00,90,1.768512605,0.059013015,198.033795000,11.859100000,186.174695000,111.977598825,105.271907293
mulps,800,0x00,91,1.756590100,0.000756568,171.017263000,10.396031000,160.621232000,97.357524093,91.439221924
mulps,800,0x00,92,1.756939556,0.001298719,171.109547000,10.332187000,160.777360000,97.390685084,91.509898255
mulps,800,0x00,93,1.756760362,0.001420870,171.150807000,10.158178000,160.992629000,97.424105608,91.641769996
mulps,800,0x00,94,1.756200546,0.000784053,170.639822000,9.951207000,160.688615000,97.164200492,91.497873249
mulps,800,0x00,95,1.756701858,0.001466892,170.990224000,10.031042000,160.959182000,97.335938510,91.625782313
mulps,800,0x00,96,1.756544990,0.001107345,170.897878000,9.748450000,161.149428000,97.292058525,91.742271839
mulps,800,0x00,97,1.756561543,0.001186302,171.242055000,9.754736000,161.487319000,97.487079606,91.933766637
mulps,800,0x00,98,1.757088879,0.001960764,171.455677000,9.976720000,161.478957000,97.579399095,91.901416542
mulps,800,0x00,99,1.756654763,0.000937010,171.090260000,10.030064000,161.060196000,97.395494882,91.685742340
mulps,800,0xAA,0,1.764306292,0.039061898,188.686956000,10.862888000,177.824068000,106.946824846,100.789794149
mulps,800,0xAA,1,1.756795323,0.001401625,170.861256000,9.810339000,161.050917000,97.257349099,91.673124874
mulps,800,0xAA,2,1.756258859,0.000697393,170.802846000,9.564062000,161.238784000,97.253798987,91.808097202
mulps,800,0xAA,3,1.756324495,0.001459153,171.244435000,9.565650000,161.678785000,97.501592361,92.055189931
mulps,800,0xAA,4,1.756648348,0.001329790,171.053334000,9.454200000,161.599134000,97.374829840,91.992876184
mulps,800,0xAA,5,1.756380750,0.000814595,171.074636000,9.656348000,161.418288000,97.401794021,91.903926886
mulps,800,0xAA,6,1.763283089,0.036983855,187.569405000,10.714267000,176.855138000,106.375094395,100.298777399
mulps,800,0xAA,7,1.756702885,0.001740625,171.303273000,9.542883000,161.760390000,97.514084166,92.081814953
mulps,800,0xAA,8,1.756691535,0.000927353,170.958486000,9.623693000,161.334793000,97.318443549,91.840137992
mulps,800,0xAA,9,1.756552071,0.000994024,170.909291000,9.682104000,161.227187000,97.298163745,91.786170015
mulps,800,0xAA,10,1.764082610,0.034932164,186.897532000,10.721469000,176.176063000,105.946020273,99.868374625
mulps,800,0xAA,11,1.756776616,0.000962954,171.223317000,9.661231000,161.562086000,97.464478656,91.965070870
mulps,800,0xAA,12,1.756727814,0.000997329,171.043508000,9.732091000,161.311417000,97.364831753,91.824934835
mulps,800,0xAA,13,1.756826439,0.001348109,171.228687000,9.765417000,161.463270000,97.464771262,91.906215912
mulps,800,0xAA,14,1.756750740,0.001694539,171.519336000,9.610327000,161.909009000,97.634417954,92.163905387
mulps,800,0xAA,15,1.756986853,0.001551826,171.353077000,9.705114000,161.647963000,97.526670018,92.002943995
mulps,800,0xAA,16,1.757073674,0.001350028,171.006459000,9.725378000,161.281081000,97.324580948,91.789595054
mulps,800,0xAA,17,1.756709598,0.001037723,170.799062000,9.916479000,160.882583000,97.226691446,91.581774942
mulps,800,0xAA,18,1.756897297,0.001227361,170.656912000,9.800085000,160.856827000,97.135394463,91.557330785
mulps,800,0xAA,19,1.756707884,0.000924402,170.974477000,9.850622000,161.123855000,97.326640689,91.719207551
mulps,800,0xAA,20,1.757166578,0.002019002,171.520557000,9.725500000,161.795057000,97.612007398,92.077244716
mulps,800,0xAA,21,1.756793142,0.000956651,170.694265000,9.924046000,160.770219000,97.162415376,91.513460037
mulps,800,0xAA,22,1.756509026,0.000886714,170.646475000,9.687048000,160.959427000,97.150924082,91.635980601
mulps,800,0xAA,23,1.756755840,0.001122608,170.672781000,9.654944000,161.017837000,97.152249122,91.656355053
mulps,800,0xAA,24,1.756588461,0.000886486,170.774710000,9.567969000,161.206741000,97.219533061,91.772628900
mulps,800,0xAA,25,1.756403344,0.000761391,170.712515000,10.027868000,160.684647000,97.194369158,91.485049579
mulps,800,0xAA,26,1.756674961,0.001451971,171.189259000,9.830968000,161.358291000,97.450730953,91.854380907
mulps,800,0xAA,27,1.756376921,0.000871219,170.734304000,9.675879000,161.058425000,97.208237005,91.699237835
mulps,800,0xAA,28,1.756329029,0.000765609,170.780630000,9.498694000,161.281936000,97.237264295,91.828998622
mulps,800,0xAA,29,1.756479331,0.001017469,170.725027000,9.595007000,161.130020000,97.197287795,91.734651923
mulps,800,0xAA,30,1.756780599,0.001861833,171.370044000,9.669043000,161.701001000,97.547778062,92.043935975
mulps,800,0xAA,31,1.756390527,0.000810962,170.615835000,9.630102000,160.985733000,97.140033710,91.657140326
mulps,800,0xAA,32,1.758258259,0.009726631,175.004618000,9.991674000,165.012944000,99.532942414,93.850231157
mulps,800,0xAA,33,1.756295399,0.000914016,170.779592000,9.803746000,160.975846000,97.238535229,91.656475396
mulps,800,0xAA,34,1.756398843,0.000954981,170.882924000,9.729102000,161.153822000,97.291640066,91.752407310
mulps,800,0xAA,35,1.756260772,0.000773727,170.547232000,9.662451000,160.884781000,97.108148578,91.606430864
mulps,800,0xAA,36,1.756524593,0.001786437,171.140431000,9.795080000,161.345351000,97.431275211,91.854877339
mulps,800,0xAA,37,1.756341346,0.000803483,170.833792000,9.728063000,161.105729000,97.266850971,91.728028452
mulps,800,0xAA,38,1.757202950,0.004869561,172.833969000,9.741979000,163.091990000,98.357431610,92.813405520
mulps,800,0xAA,39,1.756390330,0.000822612,170.863088000,9.797705000,161.065383000,97.280818007,91.702499318
mulps,800,0xAA,40,1.761843888,0.024102410,181.752831000,10.546299000,171.206532000,103.160576405,97.174632320
mulps,800,0xAA,41,1.756693078,0.000852941,170.889577000,9.864415000,161.025162000,97.279131538,91.663799455
mulps,800,0xAA,42,1.756619024,0.000974039,170.711904000,9.758825000,160.953079000,97.182087648,91.626628631
mulps,800,0xAA,43,1.756638290,0.000923364,170.752981000,9.581702000,161.171279000,97.204405718,91.749838289
mulps,800,0xAA,44,1.756430476,0.000811068,170.775808000,9.494178000,161.281630000,97.228902809,91.823520625
mulps,800,0xAA,45,1.772013092,0.081097717,208.146501000,12.029998000,196.116503000,117.463297531,110.674409764
mulps,800,0xAA,46,1.756128334,0.000634616,170.839346000,9.398413000,161.440933000,97.281811746,91.930031459
mulps,800,0xAA,47,1.763738849,0.037255312,187.765816000,10.483554000,177.282262000,106.458967068,100.515029274
mulps,800,0xAA,48,1.756235180,0.000838009,170.767385000,9.359839000,161.407546000,97.234918719,91.905428053
mulps,800,0xAA,49,1.756774664,0.001733981,170.907216000,9.540198000,161.367018000,97.284654380,91.854135489
mulps,800,0xAA,50,1.760430013,0.018603857,179.006500000,9.905615000,169.100885000,101.683394765,96.056579200
mulps,800,0xAA,51,1.756679646,0.001311772,170.954519000,9.417029000,161.537490000,97.316843934,91.956145972
mulps,800,0xAA,52,1.756925572,0.001708064,171.221608000,9.423010000,161.798598000,97.455242698,92.091890857
mulps,800,0xAA,53,1.756546202,0.001144368,171.033986000,9.452308000,161.581678000,97.369477543,91.988288032
mulps,800,0xAA,54,1.759672034,0.015367516,177.593235000,9.867773000,167.725462000,100.924053810,95.316319634
mulps,800,0xAA,55,1.756248953,0.000644176,171.084278000,9.477637000,161.606641000,97.414593614,92.018071107
mulps,800,0xAA,56,1.756128926,0.000865911,171.082387000,9.498022000,161.584365000,97.420174807,92.011675547
mulps,800,0xAA,57,1.756577597,0.001418808,171.113027000,9.710790000,161.402237000,97.412734432,91.884490183
mulps,800,0xAA,58,1.756781935,0.002406803,171.653064000,9.714880000,161.938184000,97.708805298,92.178875938
mulps,800,0xAA,59,1.757200986,0.002911126,171.739307000,9.896154000,161.843153000,97.734583817,92.102812561
mulps,800,0xAA,60,1.757572830,0.002271325,171.318531000,9.605810000,161.712721000,97.474498950,92.009115192
mulps,800,0xAA,61,1.756565724,0.000905381,171.075856000,9.444495000,161.631361000,97.392231705,92.015549881
mulps,800,0xAA,62,1.756519747,0.001208968,170.987721000,9.479651000,161.508070000,97.344605044,91.947767908
mulps,800,0xAA,63,1.756672360,0.001248227,170.870412000,9.495337000,161.375075000,97.269369029,91.864071366
mulps,800,0xAA,64,1.756418618,0.000842758,170.929983000,9.541968000,161.388015000,97.317337274,91.884709821
mulps,800,0xAA,65,1.756561663,0.001110698,170.944692000,9.794774000,161.149918000,97.317785979,91.741679996
mulps,800,0xAA,66,1.767126174,0.054067809,195.503955000,11.255770000,184.248185000,110.633840367,104.264306506
mulps,800,0xAA,67,1.756072510,0.000881899,170.992909000,9.632543000,161.360366000,97.372351082,91.887074737
mulps,800,0xAA,68,1.756163893,0.000903466,171.058828000,9.650793000,161.408035000,97.404820083,91.909437198
mulps,800,0xAA,69,1.756562901,0.001275907,171.023000000,9.780371000,161.242629000,97.362297655,91.794395136
mulps,800,0xAA,70,1.756663104,0.001983801,171.419971000,9.677100000,161.742871000,97.582724112,92.073927360
mulps,800,0xAA,71,1.761748963,0.026671363,182.987141000,10.525302000,172.461839000,103.866751087,97.892402743
mulps,800,0xAA,72,1.756611025,0.000887832,171.172475000,9.918249000,161.254226000,97.444723166,91.798482273
mulps,800,0xAA,73,1.756379553,0.001000616,170.872121000,9.740576000,161.131545000,97.286557838,91.740731492
mulps,800,0xAA,74,1.756691834,0.001383796,171.219532000,9.842505000,161.377027000,97.467027912,91.864164160
mulps,800,0xAA,75,1.764480857,0.041575576,189.750613000,11.092684000,178.657929000,107.539060120,101.252404216
mulps,800,0xAA,76,1.756222862,0.000981271,171.036549000,9.682593000,161.353956000,97.388863732,91.875558325
mulps,800,0xAA,77,1.756378434,0.001245997,171.021840000,9.731360000,161.290480000,97.371862859,91.831280139
mulps,800,0xAA,78,1.763125235,0.035939269,186.874338000,10.770053000,176.104285000,105.990393811,99.881892392
mulps,800,0xAA,79,1.756298714,0.000938114,171.073293000,9.850317000,161.222976000,97.405578945,91.797013088
mulps,800,0xAA,80,1.757173403,0.002219613,171.625964000,9.981542000,161.644422000,97.671614958,91.991161347
mulps,800,0xAA,81,1.756410965,0.000940780,171.221974000,10.025121000,161.196853000,97.484004257,91.776273436
mulps,800,0xAA,82,1.756441018,0.001158054,171.134938000,9.762549000,161.372389000,97.432783846,91.874641613
mulps,800,0xAA,83,1.756766133,0.001309327,171.378407000,9.904027000,161.474380000,97.553341780,91.915694962
mulps,800,0xAA,84,1.756392619,0.000967734,170.995717000,9.907995000,161.087722000,97.356203376,91.715098481
mulps,800,0xAA,85,1.756241349,0.000758206,170.858938000,9.925145000,160.933793000,97.286707275,91.635351323
mulps,800,0xAA,86,1.765969123,0.048396312,193.286004000,11.238375000,182.047629000,109.450387050,103.086530030
mulps,800,0xAA,87,1.756262084,0.000826068,170.990285000,9.774206000,161.216079000,97.360346462,91.795000556
mulps,800,0xAA,88,1.756501851,0.001220914,171.203481000,9.614417000,161.589064000,97.468431850,91.994815644
mulps,800,0xAA,89,1.756438043,0.000740207,171.134205000,9.823400000,161.310805000,97.432531529,91.839735336
mulps,800,0xAA,90,1.757071649,0.002070650,171.808642000,9.878453000,161.930189000,97.781238510,92.159126853
mulps,800,0xAA,91,1.756944904,0.001403089,171.408435000,9.978490000,161.429945000,97.560506646,91.881051373
mulps,800,0xAA,92,1.756486202,0.000853864,171.409840000,9.844823000,161.565017000,97.586784206,91.981944847
mulps,800,0xAA,93,1.756445940,0.000908543,170.978566000,10.008337000,160.970229000,97.343483258,91.645421753
mulps,800,0xAA,94,1.756701033,0.001388905,171.247608000,9.963109000,161.284499000,97.482499716,91.811011620
mulps,800,0xAA,95,1.762274538,0.024896256,182.145957000,10.669894000,171.476063000,103.358445591,97.303830508
mulps,800,0xAA,96,1.756596216,0.001118997,170.807668000,9.875768000,160.931900000,97.237866325,91.615761534
mulps,800,0xAA,97,1.756702124,0.001435842,171.148060000,9.770421000,161.377639000,97.425771668,91.863974441
mulps,800,0xAA,98,1.756242098,0.000675000,170.940847000,9.639990000,161.300857000,97.333304573,91.844317597
mulps,800,0xAA,99,1.761440076,0.026149710,182.454183000,10.536472000,171.917711000,103.582395747,97.600658335
mulps,1000,0x00,0,1.404782652,0.000700428,139.875679000,7.658672000,132.217007000,99.571046657,94.119191178
mulps,1000,0x00,1,1.405262296,0.001517836,140.402228000,7.790629000,132.611599000,99.911759102,94.367862406
mulps,1000,0x00,2,1.415841213,0.055884805,165.996889000,9.273231000,156.723658000,117.242588706,110.692962296
mulps,1000,0x00,3,1.404603089,0.000447765,139.222117000,7.477520000,131.744597000,99.118475622,93.794893422
mulps,1000,0x00,4,1.408099634,0.016628359,147.073781000,8.031656000,139.042125000,104.448419338,98.744521823
mulps,1000,0x00,5,1.412578535,0.038841366,157.230616000,8.699929000,148.530687000,111.307521710,105.148622377
mulps,1000,0x00,6,1.404878287,0.000534782,138.343030000,7.721599000,130.621431000,98.473320634,92.977044499
mulps,1000,0x00,7,1.409321642,0.022202946,148.963608000,8.394326000,140.569282000,105.698801130,99.742512836
mulps,1000,0x00,8,1.405092727,0.001002226,139.178965000,7.667644000,131.511321000,99.053224262,93.596186550
mulps,1000,0x00,9,1.404906987,0.000563456,139.606698000,7.655742000,131.950956000,99.370776347,93.921488906
mulps,1000,0x00,10,1.405326362,0.001761527,140.302314000,7.701152000,132.601162000,99.836107689,94.356133635
mulps,1000,0x00,11,1.404758003,0.000538919,140.001533000,7.713481000,132.288052000,99.662385055,94.171417227
mulps,1000,0x00,12,1.405103078,0.001206671,140.484504000,7.675944000,132.808560000,99.981635684,94.518731131
mulps,1000,0x00,13,1.404652939,0.000474489,139.427560000,7.621136000,131.806424000,99.261216874,93.835580555
mulps,1000,0x00,14,1.404876741,0.000751551,139.703866000,7.597698000,132.106168000,99.442080495,94.033991817
mulps,1000,0x00,15,1.404968776,0.001013146,140.647589000,7.706767000,132.940822000,100.107270266,94.621904947
mulps,1000,0x00,16,1.404810449,0.000546974,140.175362000,7.729290000,132.446072000,99.782402723,94.280386416
mulps,1000,0x00,17,1.404756129,0.000606338,138.901378000,7.688335000,131.213043000,98.879353584,93.406279048
mulps,1000,0x00,18,1.404798919,0.000623517,139.499703000,7.710674000,131.789029000,99.302256805,93.813447057
mulps,1000,0x00,19,1.404997826,0.000956467,139.465463000,7.825969000,131.639494000,99.263828320,93.693735004
mulps,1000,0x00,20,1.411579843,0.034000731,155.339630000,8.975624000,146.364006000,110.046647891,103.688081607
mulps,1000,0x00,21,1.404831176,0.000713926,139.151743000,7.964579000,131.187164000,99.052288571,93.382867833
mulps,1000,0x00,22,1.405576535,0.003509469,140.012032000,7.747295000,132.264737000,99.611816580,94.099989364
mulps,1000,0x00,23,1.404814867,0.000573424,139.645639000,7.678020000,131.967619000,99.405012172,93.939509082
mulps,1000,0x00,24,1.404752201,0.000586158,138.768505000,7.808818000,130.959687000,98.785041855,93.226183864
mulps,1000,0x00,25,1.404924273,0.000651264,139.022837000,7.649822000,131.373015000,98.953971862,93.508965219
mulps,1000,0x00,26,1.405009735,0.001033262,139.595468000,7.685893000,131.909575000,99.355516545,93.885167972
mulps,1000,0x00,27,1.404844449,0.000568668,139.106638000,7.643962000,131.462676000,99.019245928,93.578101177
mulps,1000,0x00,28,1.404851208,0.000711722,138.827525000,7.697490000,131.130035000,98.820091543,93.340870715
mulps,1000,0x00,29,1.404716661,0.000569567,139.810800000,7.619487000,132.191313000,99.529537783,94.105321491
mulps,1000,0x00,30,1.405691704,0.001838806,140.420539000,7.653728000,132.766811000,99.894264597,94.449451926
mulps,1000,0x00,31,1.407378098,0.012565285,144.451046000,7.902873000,136.548173000,102.638406977,97.023090801
mulps,1000,0x00,32,1.404889426,0.000634367,139.107493000,7.722881000,131.384612000,99.016684491,93.519539407
mulps,1000,0x00,33,1.405141819,0.000946082,139.305307000,7.695781000,131.609526000,99.139677679,93.662806307
mulps,1000,0x00,34,1.404917909,0.000659201,139.018016000,7.711223000,131.306793000,98.950988630,93.462252987
mulps,1000,0x00,35,1.404958316,0.000730183,139.083628000,7.714214000,131.369414000,98.994843094,93.504136420
mulps,1000,0x00,36,1.404932965,0.001276061,138.973643000,7.739848000,131.233795000,98.918344458,93.409293000
mulps,1000,0x00,37,1.405123801,0.001137497,139.659555000,7.634930000,132.024625000,99.393060499,93.959425404
mulps,1000,0x00,38,1.414348214,0.050483137,161.830641000,9.069191000,152.761450000,114.420649315,108.008373392
mulps,1000,0x00,39,1.404785966,0.000520033,138.438671000,7.702983000,130.735688000,98.547874475,93.064488971
mulps,1000,0x00,40,1.405455631,0.001685931,139.459360000,7.725993000,131.733367000,99.227152329,93.730007611
mulps,1000,0x00,41,1.407195288,0.011459329,144.509152000,7.918376000,136.590776000,102.693032879,97.065970263
mulps,1000,0x00,42,1.404867439,0.000745673,138.315320000,7.497296000,130.818024000,98.454356702,93.117699456
mulps,1000,0x00,43,1.405503831,0.003693181,140.607062000,7.567791000,133.039271000,100.040326393,94.655929116
mulps,1000,0x00,44,1.405324825,0.001633579,139.362619000,7.581890000,131.780729000,99.167549406,93.772433724
mulps,1000,0x00,45,1.405482466,0.002865138,140.574164000,7.546123000,133.028041000,100.018440236,94.649377879
mulps,1000,0x00,46,1.410992674,0.027937300,152.421790000,8.303689000,144.118101000,108.024508436,102.139510481
mulps,1000,0x00,47,1.405243929,0.001356920,140.099434000,7.543804000,132.555630000,99.697590675,94.329267179
mulps,1000,0x00,48,1.404986277,0.000581026,138.672314000,7.562297000,131.110017000,98.700119917,93.317649550
mulps,1000,0x00,49,1.414357185,0.049194610,161.188369000,8.865456000,152.322913000,113.965814781,107.697627301
mulps,1000,0x00,50,1.409926942,0.024532860,149.946577000,8.275003000,141.671574000,106.350600541,100.481499984
mulps,1000,0x00,51,1.405272663,0.001148078,139.699655000,7.501812000,132.197843000,99.411067091,94.072735110
mulps,1000,0x00,52,1.405088990,0.001395849,139.215525000,7.617595000,131.597930000,99.079507390,93.658074974
mulps,1000,0x00,53,1.410916838,0.031761030,153.149328000,8.516458000,144.632870000,108.545963809,102.509847595
mulps,1000,0x00,54,1.405106846,0.000896452,139.339915000,7.544048000,131.795867000,99.166775408,93.797754523
mulps,1000,0x00,55,1.404949871,0.000883872,138.697215000,7.644756000,131.052459000,98.720401252,93.279099638
mulps,1000,0x00,56,1.404771856,0.000561592,138.521069000,7.579448000,130.941621000,98.607520081,93.212019048
mulps,1000,0x00,57,1.404896422,0.000542142,138.726512000,7.570232000,131.156280000,98.745010534,93.356547811
mulps,1000,0x00,58,1.405212424,0.001347010,139.145701000,7.778118000,131.367583000,99.021114946,93.485924775
mulps,1000,0x00,59,1.404960733,0.000753639,138.268628000,7.591716000,130.676912000,98.414585340,93.011077741
mulps,1000,0x00,60,1.405247094,0.001612433,138.935374000,7.571575000,131.363799000,98.868999364,93.480925597
mulps,1000,0x00,61,1.408135135,0.015573818,145.664300000,7.933634000,137.730666000,103.444830215,97.810687723
mulps,1000,0x00,62,1.404855672,0.000777164,138.663097000,7.453960000,131.209137000,98.702734899,93.396880250
mulps,1000,0x00,63,1.404882647,0.001417531,138.679027000,7.441997000,131.237030000,98.712178799,93.414941326
mulps,1000,0x00,64,1.404707073,0.000485701,137.994276000,7.543682000,130.450594000,98.237047921,92.866759590
mulps,1000,0x00,65,1.405188597,0.001063996,138.666759000,7.577983000,131.088776000,98.681955786,93.289097478
mulps,1000,0x00,66,1.405038267,0.000666755,138.378064000,7.474773000,130.903291000,98.487042837,93.167064602
mulps,1000,0x00,67,1.404925209,0.000643728,138.267224000,7.455608000,130.811616000,98.416074494,93.109309441
mulps,1000,0x00,68,1.405155647,0.000973836,138.922191000,7.452068000,131.470123000,98.866051799,93.562676323
mulps,1000,0x00,69,1.405186512,0.001445144,139.233469000,7.620402000,131.613067000,99.085400980,93.662347218
mulps,1000,0x00,70,1.410695633,0.028441811,151.821572000,8.462747000,143.358825000,107.621777824,101.622789239
mulps,1000,0x00,71,1.404772262,0.000599226,138.896129000,7.524334000,131.371795000,98.874481496,93.518215427
mulps,1000,0x00,72,1.405028522,0.001115466,139.128977000,7.590007000,131.538970000,99.022172733,93.620142182
mulps,1000,0x00,73,1.406708283,0.009558632,142.919739000,7.937113000,134.982626000,101.598704359,95.956373896
mulps,1000,0x00,74,1.404925406,0.001425793,138.949839000,7.579204000,131.370635000,98.901933428,93.507195767
mulps,1000,0x00,75,1.407509404,0.012855944,144.304440000,7.891947000,136.412493000,102.524671987,96.917642310
mulps,1000,0x00,76,1.404985527,0.000842476,139.411630000,7.445965000,131.965665000,99.226381566,93.926707757
mulps,1000,0x00,77,1.404728807,0.000507160,138.933238000,7.397992000,131.535246000,98.903957366,93.637466094
mulps,1000,0x00,78,1.404733653,0.000459364,138.738231000,7.455974000,131.282257000,98.764794814,93.457045559
mulps,1000,0x00,79,1.407462530,0.012045588,144.700985000,7.791545000,136.909440000,102.809831139,97.273950193
mulps,1000,0x00,80,1.405362777,0.001620688,139.912789000,7.633891000,132.278898000,99.556350355,94.124378536
mulps,1000,0x00,81,1.412647232,0.040064408,156.946559000,8.705606000,148.240953000,111.101027560,104.938409034
mulps,1000,0x00,82,1.405939534,0.003314729,140.951482000,7.830181000,133.121301000,100.254298685,94.684940395
mulps,1000,0x00,83,1.405061331,0.001197728,139.203929000,7.617107000,131.586822000,99.073204785,93.652012962
mulps,1000,0x00,84,1.404617039,0.000489632,138.908458000,7.619060000,131.289398000,98.894185459,93.469888454
mulps,1000,0x00,85,1.404588244,0.000421278,138.203076000,7.592693000,130.610383000,98.394014459,92.988378301
mulps,1000,0x00,86,1.404914730,0.000958939,139.089488000,7.639446000,131.450042000,99.002085344,93.564427216
mulps,1000,0x00,87,1.410543106,0.029632739,152.269019000,8.404031000,143.864988000,107.950631472,101.992620714
mulps,1000,0x00,88,1.416737365,0.061589340,167.454527000,9.217994000,158.236533000,118.197296919,111.690802330
mulps,1000,0x00,89,1.404962523,0.000936245,139.055003000,7.512554000,131.542449000,98.974172396,93.627016244
mulps,1000,0x00,90,1.405244082,0.001536986,140.215218000,7.509075000,132.706143000,99.779974004,94.436364951
mulps,1000,0x00,91,1.404727256,0.000562682,139.466378000,7.529094000,131.937284000,99.283599285,93.923773050
mulps,1000,0x00,92,1.404643150,0.000586492,138.766308000,7.509075000,131.257233000,98.791147036,93.445251890
mulps,1000,0x00,93,1.405035194,0.001018025,139.281992000,7.507061000,131.774931000,99.130607260,93.787637182
mulps,1000,0x00,94,1.404938732,0.001472322,139.449655000,7.536113000,131.913542000,99.256751771,93.892736368
mulps,1000,0x00,95,1.404638106,0.000435394,138.648937000,7.499188000,131.149749000,98.707942238,93.369066715
mulps,1000,0x00,96,1.404904127,0.000891400,138.896800000,7.497783000,131.399017000,98.865678665,93.528814139
mulps,1000,0x00,97,1.416767238,0.060888334,167.031616000,9.207190000,157.824426000,117.896300491,111.397568904
mulps,1000,0x00,98,1.404565825,0.000471588,138.725414000,7.520976000,131.204438000,98.767470716,93.412808182
mulps,1000,0x00,99,1.404709280,0.001271215,138.924754000,7.528607000,131.396147000,98.899292536,93.539744402
mulps,1000,0xAA,0,1.404846438,0.000580435,137.788648000,7.619365000,130.169283000,98.080932026,92.657303654
mulps,1000,0xAA,1,1.405242430,0.001630814,138.453503000,7.728924000,130.724579000,98.526417940,93.026353443
mulps,1000,0xAA,2,1.405179072,0.001319355,138.805552000,7.787394000,131.018158000,98.781397196,93.239474349
mulps,1000,0xAA,3,1.404804275,0.000618821,138.064588000,7.705852000,130.358736000,98.280301734,92.794945419
mulps,1000,0xAA,4,1.404884068,0.000555964,138.193433000,7.698772000,130.494661000,98.366431871,92.886426671
mulps,1000,0xAA,5,1.406124895,0.004442055,140.233711000,7.868327000,132.365384000,99.730622461,94.134869886
mulps,1000,0xAA,6,1.404885693,0.000539742,138.043531000,7.755595000,130.287936000,98.259617627,92.739172057
mulps,1000,0xAA,7,1.404795035,0.000525876,138.056715000,7.790630000,130.266085000,98.275343796,92.729602384
mulps,1000,0xAA,8,1.416790230,0.061382941,166.419374000,9.472754000,156.946620000,117.462254092,110.776187377
mulps,1000,0xAA,9,1.404811713,0.000623337,138.150830000,7.783733000,130.367097000,98.341171819,92.800405801
mulps,1000,0xAA,10,1.405279078,0.001512938,138.498181000,7.875651000,130.622530000,98.555641482,92.951309130
mulps,1000,0xAA,11,1.404974961,0.000781148,138.106641000,7.961222000,130.145419000,98.298293468,92.631842305
mulps,1000,0xAA,12,1.405083362,0.001007229,138.397778000,7.825053000,130.572725000,98.497912498,92.928810184
mulps,1000,0xAA,13,1.404910630,0.000625853,137.968336000,7.576824000,130.391512000,98.204350582,92.811250238
mulps,1000,0xAA,14,1.413993521,0.047713901,160.093157000,8.923195000,151.169962000,113.220573239,106.909939656
mulps,1000,0xAA,15,1.404931413,0.000927417,138.031935000,7.706157000,130.325778000,98.248166243,92.763089228
mulps,1000,0xAA,16,1.404916021,0.000652215,138.043897000,7.636638000,130.407259000,98.257757022,92.822102586
mulps,1000,0xAA,17,1.404734725,0.000479435,138.021314000,7.658611000,130.362703000,98.254361896,92.802363832
mulps,1000,0xAA,18,1.404866421,0.000745460,138.172132000,7.659283000,130.512849000,98.352505244,92.900539927
mulps,1000,0xAA,19,1.404999665,0.001011522,138.605175000,7.715617000,130.889558000,98.651393616,93.159849959
mulps,1000,0xAA,20,1.405162769,0.001644384,138.934092000,7.591716000,131.342376000,98.874020183,93.471289505
mulps,1000,0xAA,21,1.404755787,0.000610359,138.052869000,7.514080000,130.538789000,98.275351681,92.926322284
mulps,1000,0xAA,22,1.404764270,0.000642097,138.202954000,7.443279000,130.759675000,98.381598229,93.083001760
mulps,1000,0xAA,23,1.414308918,0.047222803,159.826373000,8.929848000,150.896525000,113.006692528,106.692762178
mulps,1000,0xAA,24,1.404614606,0.000442031,137.789076000,7.571209000,130.217867000,98.097425027,92.707185620
mulps,1000,0xAA,25,1.404763699,0.000780026,137.956006000,7.535748000,130.420258000,98.205844972,92.841421042
mulps,1000,0xAA,26,1.414765605,0.050673490,161.461928000,8.917336000,152.544592000,114.126274666,107.823226324
mulps,1000,0xAA,27,1.404747825,0.000588307,137.994642000,7.425458000,130.569184000,98.234458573,92.948486338
mulps,1000,0xAA,28,1.404649942,0.000453208,137.852003000,7.516948000,130.335055000,98.139756311,92.788282057
mulps,1000,0xAA,29,1.404864285,0.000797455,138.153638000,7.529094000,130.624544000,98.339490474,92.980187032
mulps,1000,0xAA,30,1.405246920,0.001664696,139.152720000,7.700542000,131.452178000,99.023679086,93.543829322
mulps,1000,0xAA,31,1.404756453,0.000510448,138.194837000,7.523479000,130.671358000,98.376367474,93.020649772
mulps,1000,0xAA,32,1.404803256,0.000766471,137.874708000,7.603069000,130.271639000,98.145208204,92.733013315
mulps,1000,0xAA,33,1.404982478,0.000995373,138.546154000,7.615154000,130.931000000,98.610592070,93.190486041
mulps,1000,0xAA,34,1.404797303,0.000670107,138.222059000,7.509746000,130.712313000,98.392884664,93.047098489
mulps,1000,0xAA,35,1.404695400,0.000460674,138.159558000,7.524639000,130.634919000,98.355528203,92.998751922
mulps,1000,0xAA,36,1.404769533,0.000646418,137.995313000,7.509441000,130.485872000,98.233418181,92.887743447
mulps,1000,0xAA,37,1.405134442,0.001349075,138.592113000,7.572246000,131.019867000,98.632635315,93.243652045
mulps,1000,0xAA,38,1.404770047,0.000493859,138.027417000,7.478863000,130.548554000,98.256235787,92.932330274
mulps,1000,0xAA,39,1.404870862,0.000790309,138.293652000,7.432415000,130.861237000,98.438693336,93.148231986
mulps,1000,0xAA,40,1.408378707,0.015320882,145.512201000,7.939371000,137.572830000,103.318944137,97.681702564
mulps,1000,0xAA,41,1.404888603,0.000733632,138.002637000,7.510723000,130.491914000,98.230305755,92.884171560
mulps,1000,0xAA,42,1.404766376,0.000486581,137.826856000,7.455120000,130.371736000,98.113720775,92.806703091
mulps,1000,0xAA,43,1.406371239,0.006766728,141.680484000,7.756450000,133.924034000,100.741880976,95.226658691
mulps,1000,0xAA,44,1.405212129,0.001481603,139.088084000,7.535931000,131.552153000,98.980133381,93.617291116
mulps,1000,0xAA,45,1.404709840,0.000494366,137.914625000,7.429730000,130.484895000,98.180151570,92.890995199
mulps,1000,0xAA,46,1.404739097,0.000775665,138.404309000,7.401897000,131.002412000,98.526700980,93.257468413
mulps,1000,0xAA,47,1.404899408,0.000906565,138.432324000,7.406963000,131.025361000,98.535399215,93.263161958
mulps,1000,0xAA,48,1.404788488,0.000498323,138.387891000,7.389812000,130.998079000,98.511549743,93.251105154
mulps,1000,0xAA,49,1.404679511,0.000556702,138.174695000,7.444927000,130.729768000,98.367416871,93.067327460
mulps,1000,0xAA,50,1.405200137,0.001544107,139.155710000,7.451153000,131.704557000,99.029103666,93.726547250
mulps,1000,0xAA,51,1.405054817,0.000998922,138.329724000,7.432232000,130.897492000,98.451478389,93.161839929
mulps,1000,0xAA,52,1.404798520,0.000516886,138.558544000,7.371563000,131.186981000,98.632324854,93.384908307
mulps,1000,0xAA,53,1.404831798,0.000725961,138.450268000,7.407818000,131.042450000,98.552914414,93.279814810
mulps,1000,0xAA,54,1.404703380,0.000582694,138.010023000,7.416180000,130.593843000,98.248516362,92.968981831
mulps,1000,0xAA,55,1.405006050,0.001063366,139.005748000,7.391461000,131.614287000,98.936049454,93.675245771
mulps,1000,0xAA,56,1.404650677,0.000570576,138.640026000,7.353314000,131.286712000,98.700714874,93.465737866
mulps,1000,0xAA,57,1.404752860,0.000618940,138.059644000,7.372113000,130.687531000,98.280379371,93.032400734
mulps,1000,0xAA,58,1.405060878,0.001116564,138.341443000,7.363690000,130.977753000,98.459394301,93.218560885
mulps,1000,0xAA,59,1.413044488,0.042544088,157.786889000,8.509133000,149.277756000,111.664487784,105.642644119
mulps,1000,0xAA,60,1.405361283,0.001689103,139.077036000,7.406780000,131.670256000,98.961767109,93.691392801
mulps,1000,0xAA,61,1.404982198,0.000605319,138.327588000,7.358929000,130.968659000,98.455046747,93.217308497
mulps,1000,0xAA,62,1.405064220,0.001208922,138.618114000,7.379375000,131.238739000,98.656069982,93.404085841
mulps,1000,0xAA,63,1.404733898,0.000610765,138.208264000,7.415691000,130.792573000,98.387505405,93.108433682
mulps,1000,0xAA,64,1.413417184,0.044610938,158.683310000,8.637429000,150.045881000,112.269266133,106.158240247
mulps,1000,0xAA,65,1.421134759,0.065055752,166.861755000,9.295814000,157.565941000,117.414449208,110.873328502
mulps,1000,0xAA,66,1.404638305,0.000546005,138.055616000,7.507305000,130.548311000,98.285526981,92.940873504
mulps,1000,0xAA,67,1.404696328,0.000673244,138.664074000,7.480877000,131.183197000,98.714626937,93.389008261
mulps,1000,0xAA,68,1.404822685,0.000906980,138.799999000,7.488201000,131.311798000,98.802504018,93.472150886
mulps,1000,0xAA,69,1.404729581,0.000550259,139.211252000,7.434796000,131.776456000,99.101815668,93.809127239
mulps,1000,0xAA,70,1.405000959,0.001469870,139.020579000,7.418377000,131.602202000,98.946963759,93.666983734
mulps,1000,0xAA,71,1.405019763,0.000816075,138.638317000,7.458233000,131.180084000,98.673570740,93.365294518
mulps,1000,0xAA,72,1.405067098,0.000961272,138.751781000,7.405133000,131.346648000,98.751000034,93.480694429
mulps,1000,0xAA,73,1.404735519,0.000536541,139.090953000,7.389691000,131.701262000,99.015758544,93.755201736
mulps,1000,0xAA,74,1.404772980,0.000779656,138.542370000,7.446392000,131.095978000,98.622604494,93.321824862
mulps,1000,0xAA,75,1.404717476,0.000486127,139.071482000,7.465435000,131.606047000,99.003169200,93.688623659
mulps,1000,0xAA,76,1.405164505,0.001179366,139.603097000,7.499736000,132.103361000,99.350002414,94.012736940
mulps,1000,0xAA,77,1.404679393,0.000472428,138.440198000,7.523357000,130.916841000,98.556438319,93.200513661
mulps,1000,0xAA,78,1.404824099,0.000741815,138.907665000,7.578410000,131.329255000,98.879044803,93.484483301
mulps,1000,0xAA,79,1.404993163,0.000940208,139.174387000,7.562359000,131.612028000,99.056985268,93.674497153
mulps,1000,0xAA,80,1.405215770,0.001581968,139.222727000,7.653973000,131.568754000,99.075693527,93.628862399
mulps,1000,0xAA,81,1.404914112,0.000819451,139.436044000,7.564250000,131.871794000,99.248803012,93.864666051
mulps,1000,0xAA,82,1.404708621,0.000529621,138.296765000,7.507122000,130.789643000,98.452278926,93.108023267
mulps,1000,0xAA,83,1.404910444,0.000624530,138.260633000,7.520671000,130.739962000,98.412417400,93.059285438
mulps,1000,0xAA,84,1.404646980,0.000456504,138.573314000,7.544232000,131.029082000,98.653480904,93.282571267
mulps,1000,0xAA,85,1.415076284,0.049475388,160.975723000,8.969826000,152.005897000,113.757629078,107.418871159
mulps,1000,0xAA,86,1.404715157,0.000495747,138.365673000,7.402325000,130.963348000,98.500875678,93.231248618
mulps,1000,0xAA,87,1.404903444,0.000498089,137.859266000,7.437176000,130.422090000,98.127217636,92.833490133
mulps,1000,0xAA,88,1.404989328,0.000802573,138.268689000,7.560162000,130.708527000,98.412625777,93.031686686
mulps,1000,0xAA,89,1.409052488,0.022760998,148.950547000,8.137064000,140.813483000,105.709722122,99.934874083
mulps,1000,0xAA,90,1.405089565,0.001492174,138.724621000,7.554913000,131.169708000,98.730091264,93.353271744
mulps,1000,0xAA,91,1.404679694,0.000483976,138.648693000,7.512432000,131.136261000,98.704846099,93.356700160
mulps,1000,0xAA,92,1.404740879,0.000701589,138.444104000,7.486187000,130.957917000,98.554905078,93.225675246
mulps,1000,0xAA,93,1.404592669,0.000448665,137.982495000,7.447552000,130.534943000,98.236661821,92.934375852
mulps,1000,0xAA,94,1.404666895,0.000429562,138.062269000,7.465740000,130.596529000,98.288262858,92.973308810
mulps,1000,0xAA,95,1.404735305,0.000766914,138.431408000,7.560039000,130.871369000,98.546258166,93.164433580
mulps,1000,0xAA,96,1.414577138,0.051738936,161.695997000,8.939369000,152.756628000,114.306949183,107.987485393
mulps,1000,0xAA,97,1.404587441,0.000488215,138.426221000,7.566936000,130.859285000,98.552939465,93.165637983
mulps,1000,0xAA,98,1.404564296,0.000436620,138.286023000,7.486736000,130.799287000,98.454747389,93.124456694
mulps,1000,0xAA,99,1.404735989,0.000703255,138.477063000,7.482280000,130.994783000,98.578710918,93.252243840
mulps,1200,0x00,0,1.170560357,0.000516312,118.639528000,6.290999000,112.348529000,101.352764302,95.978416058
mulps,1200,0x00,1,1.170484389,0.000403951,118.464479000,6.262191000,112.202288000,101.209789784,95.859704763
mulps,1200,0x00,2,1.171191078,0.001880514,118.904115000,6.293074000,112.611041000,101.524095670,96.150869968
mulps,1200,0x00,3,1.180498941,0.050625124,141.866702000,7.708171000,134.158531000,120.175204825,113.645617433
mulps,1200,0x00,4,1.170535656,0.000558750,118.582643000,6.223312000,112.359331000,101.306305707,95.989669713
mulps,1200,0x00,5,1.173730563,0.017419736,126.554485000,6.635970000,119.918515000,107.822432970,102.168690785
mulps,1200,0x00,6,1.170391078,0.000516043,118.398867000,6.148177000,112.250690000,101.161798977,95.908702714
mulps,1200,0x00,7,1.170504740,0.000685204,118.409670000,6.164657000,112.245013000,101.161205009,95.894539452
mulps,1200,0x00,8,1.174918158,0.023231070,128.821997000,6.829267000,121.992730000,109.643379079,103.830832092
mulps,1200,0x00,9,1.170367148,0.000405241,118.612978000,6.159835000,112.453143000,101.346810876,96.083646226
mulps,1200,0x00,10,1.170787810,0.001257588,119.056152000,6.211837000,112.844315000,101.688923433,96.383233584
mulps,1200,0x00,11,1.170466837,0.000465559,118.550112000,6.159347000,112.390765000,101.284468945,96.022169489
mulps,1200,0x00,12,1.170665130,0.000872892,119.013733000,6.233749000,112.779984000,101.663344989,96.338381565
mulps,1200,0x00,13,1.180147192,0.045472538,139.497568000,7.468975000,132.028593000,118.203533356,111.874682981
mulps,1200,0x00,14,1.170428016,0.000481783,118.563295000,6.177535000,112.385760000,101.299091767,96.021078156
mulps,1200,0x00,15,1.170459554,0.000358908,118.831300000,6.233138000,112.598162000,101.525336435,96.199959767
mulps,1200,0x00,16,1.170664261,0.000764672,118.919556000,6.263290000,112.656266000,101.582972951,96.232771184
mulps,1200,0x00,17,1.170421549,0.000419130,118.671022000,6.272384000,112.398638000,101.391692656,96.032611560
mulps,1200,0x00,18,1.170487445,0.000635944,118.577456000,6.221603000,112.355853000,101.306046861,95.990651959
mulps,1200,0x00,19,1.170367904,0.000377834,118.570009000,6.192245000,112.377764000,101.310031274,96.019177880
mulps,1200,0x00,20,1.170954858,0.001384533,118.958008000,6.224593000,112.733415000,101.590601201,96.274774585
mulps,1200,0x00,21,1.170576884,0.000475970,118.453799000,6.192733000,112.261066000,101.192668877,95.902343154
mulps,1200,0x00,22,1.170333420,0.000336667,118.408876000,6.211593000,112.197283000,101.175335176,95.867793841
mulps,1200,0x00,23,1.170407693,0.000498311,118.376589000,6.239974000,112.136615000,101.141328565,95.809875227
mulps,1200,0x00,24,1.170609623,0.000799395,118.610597000,6.277694000,112.332903000,101.323784394,95.961028203
mulps,1200,0x00,25,1.170405803,0.000393200,118.559878000,6.159774000,112.400104000,101.298094783,96.035156081
mulps,1200,0x00,26,1.170392607,0.000376588,118.462283000,6.241500000,112.220783000,101.215850359,95.883024467
mulps,1200,0x00,27,1.170450960,0.000577545,118.545595000,6.244918000,112.300677000,101.281983665,95.946503398
mulps,1200,0x00,28,1.170349096,0.000383134,118.430666000,6.357711000,112.072955000,101.192598322,95.760278153
mulps,1200,0x00,29,1.177796253,0.037166504,135.610737000,7.285015000,128.325722000,115.139385689,108.954092618
mulps,1200,0x00,30,1.170687004,0.001277233,118.971986000,6.194503000,112.777483000,101.625785165,96.334445142
mulps,1200,0x00,31,1.170520942,0.000530485,118.647035000,6.159225000,112.487810000,101.362590584,96.100638594
mulps,1200,0x00,32,1.176881723,0.034190315,134.008141000,7.114911000,126.893230000,113.867127298,107.821565659
mulps,1200,0x00,33,1.170558614,0.000873135,118.584841000,6.214462000,112.370379000,101.306196533,95.997225307
mulps,1200,0x00,34,1.170555566,0.000448300,118.328371000,6.150314000,112.178057000,101.087359253,95.833175530
mulps,1200,0x00,35,1.170441036,0.000570829,118.450381000,6.227889000,112.222492000,101.201493591,95.880517302
mulps,1200,0x00,36,1.171576672,0.006869476,121.216791000,6.391768000,114.825023000,103.464667680,98.008970110
mulps,1200,0x00,37,1.170583500,0.000743596,118.497622000,6.311202000,112.186420000,101.229533858,95.838032951
mulps,1200,0x00,38,1.170493919,0.000413151,118.365786000,6.281051000,112.084735000,101.124648386,95.758494066
mulps,1200,0x00,39,1.170512977,0.000492255,118.363161000,6.219710000,112.143451000,101.120759330,95.807097607
mulps,1200,0x00,40,1.170872788,0.001228137,118.874879000,6.284164000,112.590715000,101.526724540,96.159647889
mulps,1200,0x00,41,1.174442925,0.019212468,127.238688000,6.856245000,120.382443000,108.339609561,102.501739664
mulps,1200,0x00,42,1.175140589,0.024509021,129.426854000,6.946027000,122.480827000,110.137336080,104.226530969
mulps,1200,0x00,43,1.170474650,0.000643360,118.308779000,6.222945000,112.085834000,101.077608967,95.761009416
mulps,1200,0x00,44,1.170325009,0.000376452,118.251956000,6.335799000,111.916157000,101.041979894,95.628270922
mulps,1200,0x00,45,1.177599996,0.036328591,134.872824000,7.366558000,127.506266000,114.531950124,108.276381149
mulps,1200,0x00,46,1.170365897,0.000401271,118.267154000,6.290328000,111.976826000,101.051435547,95.676767662
mulps,1200,0x00,47,1.173994145,0.018975789,126.752239000,6.795148000,119.957091000,107.966670521,102.178610988
mulps,1200,0x00,48,1.172132754,0.008325275,122.049248000,6.537153000,115.512095000,104.125789189,98.548645320
mulps,1200,0x00,49,1.171790735,0.006469800,120.947749000,6.433272000,114.514477000,103.216167717,97.726047502
mulps,1200,0x00,50,1.170775796,0.001219780,118.543641000,6.311507000,112.232134000,101.252213647,95.861337765
mulps,1200,0x00,51,1.170554370,0.000601829,118.450564000,6.277145000,112.173419000,101.191851472,95.829311160
mulps,1200,0x00,52,1.170314928,0.000276500,118.383425000,6.359419000,112.024006000,101.155186638,95.721248434
mulps,1200,0x00,53,1.170329417,0.000410400,118.478701000,6.291000000,112.187701000,101.235343901,95.859934286
mulps,1200,0x00,54,1.170649351,0.000839366,118.407168000,6.382552000,112.024616000,101.146571280,95.694424576
mulps,1200,0x00,55,1.170328286,0.000313609,118.177127000,6.334578000,111.842549000,100.977758444,95.565107931
mulps,1200,0x00,56,1.170466214,0.000499725,118.342532000,6.378280000,111.964252000,101.107174681,95.657824737
mulps,1200,0x00,57,1.170414430,0.000321881,118.427431000,6.271834000,112.155597000,101.184185667,95.825541892
mulps,1200,0x00,58,1.170676060,0.000788196,118.427004000,6.229293000,112.197711000,101.161207650,95.840100289
mulps,1200,0x00,59,1.170460566,0.000406041,118.330202000,6.233748000,112.096454000,101.097128269,95.771235044
mulps,1200,0x00,60,1.170911157,0.001288323,118.845215000,6.259261000,112.585954000,101.498063510,96.152430785
mulps,1200,0x00,61,1.170507056,0.000441666,118.274173000,6.321639000,111.952534000,101.045245621,95.644475958
mulps,1200,0x00,62,1.170656975,0.000774439,118.303531000,6.308150000,111.995381000,101.057383593,95.668828163
mulps,1200,0x00,63,1.171049292,0.002382518,119.262329000,6.304916000,112.957413000,101.842279253,96.458290685
mulps,1200,0x00,64,1.170754927,0.000934801,118.554750000,6.387373000,112.167377000,101.263507199,95.807734303
mulps,1200,0x00,65,1.172143077,0.007914912,121.941400000,6.521163000,115.420237000,104.032862834,98.469409767
mulps,1200,0x00,66,1.170376444,0.000387456,118.288760000,6.251815000,112.036945000,101.068985670,95.727272724
mulps,1200,0x00,67,1.170757680,0.001000098,118.507387000,6.281478000,112.225909000,101.222814067,95.857503973
mulps,1200,0x00,68,1.170565499,0.000621122,118.476076000,6.262923000,112.213153000,101.212684044,95.862344396
mulps,1200,0x00,69,1.170462772,0.000389549,118.413454000,6.304793000,112.108661000,101.168065188,95.781483785
mulps,1200,0x00,70,1.181260289,0.053866741,143.139099000,7.784282000,135.354817000,121.174901312,114.585090354
mulps,1200,0x00,71,1.177900186,0.036559011,135.091695000,7.305463000,127.786232000,114.688575981,108.486468972
mulps,1200,0x00,72,1.170645897,0.000411852,118.374453000,6.291365000,112.083088000,101.118923597,95.744655411
mulps,1200,0x00,73,1.170608060,0.000616206,118.459169000,6.288314000,112.170855000,101.194561211,95.822725655
mulps,1200,0x00,74,1.170528611,0.000454212,118.484071000,6.360336000,112.123735000,101.222703871,95.788974240
mulps,1200,0x00,75,1.170681762,0.000769568,118.498048000,6.261764000,112.236284000,101.221400967,95.872582693
mulps,1200,0x00,76,1.170579937,0.000672113,118.493288000,6.206100000,112.287188000,101.226139473,95.924408424
mulps,1200,0x00,77,1.170482789,0.000390516,118.378176000,6.201889000,112.176287000,101.136195348,95.837621923
mulps,1200,0x00,78,1.170536058,0.000524653,118.453493000,6.305953000,112.147540000,101.195936882,95.808701727
mulps,1200,0x00,79,1.170732444,0.000777602,118.345278000,6.234481000,112.110797000,101.086528044,95.761245539
mulps,1200,0x00,80,1.170855878,0.001223113,118.671999000,6.208786000,112.463213000,101.354915842,96.052140227
mulps,1200,0x00,81,1.170570863,0.000541833,118.268618000,6.244979000,112.023639000,101.034992171,95.700006313
mulps,1200,0x00,82,1.170392913,0.000346576,118.252932000,6.170089000,112.082843000,101.036951502,95.765141556
mulps,1200,0x00,83,1.170704676,0.000760657,118.275027000,6.229720000,112.045307000,101.028918217,95.707576186
mulps,1200,0x00,84,1.170584103,0.000520154,118.348330000,6.251876000,112.096454000,101.101945302,95.761127858
mulps,1200,0x00,85,1.170477134,0.000587252,118.378054000,6.246872000,112.131182000,101.136579718,95.799549359
mulps,1200,0x00,86,1.170386232,0.000387233,118.248294000,6.203841000,112.044453000,101.033565489,95.732887105
mulps,1200,0x00,87,1.180156039,0.050425580,141.707156000,7.715190000,133.991966000,120.074931928,113.537499802
mulps,1200,0x00,88,1.170557234,0.000545207,118.416323000,6.273360000,112.142963000,101.162352080,95.803058387
mulps,1200,0x00,89,1.170508344,0.000395624,118.388064000,6.228744000,112.159320000,101.142434893,95.821034127
mulps,1200,0x00,90,1.170893570,0.001326135,118.654359000,6.329451000,112.324908000,101.336587726,95.930929039
mulps,1200,0x00,91,1.170518264,0.000448955,118.185245000,6.390609000,111.794636000,100.968304922,95.508664354
mulps,1200,0x00,92,1.174909043,0.021498747,128.193275000,6.963666000,121.229609000,109.109105777,103.182122710
mulps,1200,0x00,93,1.170512649,0.000651871,118.230349000,6.245651000,111.984698000,101.007322821,95.671497526
mulps,1200,0x00,94,1.170369094,0.000400475,118.299685000,6.191207000,112.108478000,101.078955049,95.788993930
mulps,1200,0x00,95,1.174176423,0.019819099,127.322489000,6.815900000,120.506589000,108.435569403,102.630734740
mulps,1200,0x00,96,1.170554734,0.000766856,118.586855000,6.253097000,112.333758000,101.308252888,95.966258345
mulps,1200,0x00,97,1.170525298,0.000441233,118.579347000,6.217513000,112.361834000,101.304386366,95.992657510
mulps,1200,0x00,98,1.173689697,0.016639503,125.910688000,6.818830000,119.091858000,107.277663183,101.467924870
mulps,1200,0x00,99,1.170447505,0.000441598,118.448854000,6.321822000,112.127032000,101.199629618,95.798428818
mulps,1200,0xAA,0,1.170394261,0.000356236,118.401308000,6.192611000,112.208697000,101.163609550,95.872562586
mulps,1200,0xAA,1,1.170402107,0.000396061,118.365053000,6.265303000,112.099750000,101.131954771,95.778834711
mulps,1200,0xAA,2,1.170970213,0.001375879,118.926758000,6.336166000,112.590592000,101.562581785,96.151542348
mulps,1200,0xAA,3,1.170706437,0.000724449,118.454653000,6.216109000,112.238544000,101.182200107,95.872492393
mulps,1200,0xAA,4,1.170455639,0.000404953,118.427798000,6.215255000,112.212543000,101.180936799,95.870820982
mulps,1200,0xAA,5,1.176990521,0.034233969,134.091637000,7.196332000,126.895305000,113.927542012,107.813361928
mulps,1200,0xAA,6,1.170583971,0.000763116,118.384950000,6.283675000,112.101275000,101.133240311,95.765257186
mulps,1200,0xAA,7,1.170458167,0.000381841,118.208377000,6.182784000,112.025593000,100.993252363,95.710890142
mulps,1200,0xAA,8,1.170431549,0.000577790,118.270632000,6.256697000,112.013935000,101.048738867,95.703106307
mulps,1200,0xAA,9,1.170320395,0.000365646,118.200625000,6.208785000,111.991840000,100.998517593,95.693316533
mulps,1200,0xAA,10,1.181286910,0.054086562,142.982361000,7.736613000,135.245748000,121.039486522,114.490177514
mulps,1200,0xAA,11,1.170681870,0.000643941,118.189578000,6.247054000,111.942524000,100.957895559,95.621643108
mulps,1200,0xAA,12,1.170391358,0.000454823,118.238284000,6.273055000,111.965229000,101.024570288,95.664777636
mulps,1200,0xAA,13,1.174070463,0.019198599,126.903667000,6.790571000,120.113096000,108.088629306,102.304844416
mulps,1200,0xAA,14,1.170566220,0.000782395,118.276186000,6.185164000,112.091022000,101.041858169,95.757950353
mulps,1200,0xAA,15,1.170364659,0.000343766,118.101260000,6.199997000,111.901263000,100.909796904,95.612305259
mulps,1200,0xAA,16,1.170416166,0.000498876,118.126224000,6.213852000,111.912372000,100.926685292,95.617589107
mulps,1200,0xAA,17,1.170348764,0.000439512,118.162844000,6.196640000,111.966204000,100.963787605,95.669092389
mulps,1200,0xAA,18,1.170316452,0.000323549,118.192080000,6.195480000,111.996600000,100.991556421,95.697706207
mulps,1200,0xAA,19,1.170609975,0.000821126,118.301638000,6.189437000,112.112201000,101.059823967,95.772463417
mulps,1200,0xAA,20,1.170781683,0.001347852,118.712465000,6.198959000,112.513506000,101.395902202,96.101184073
mulps,1200,0xAA,21,1.170477860,0.000436038,118.278872000,6.205978000,112.072894000,101.051780714,95.749691530
mulps,1200,0xAA,22,1.170319398,0.000318933,118.149050000,6.199813000,111.949237000,100.954534446,95.656995151
mulps,1200,0xAA,23,1.170621122,0.000818299,118.223086000,6.201339000,112.021747000,100.991758761,95.694281310
mulps,1200,0xAA,24,1.170480747,0.000532178,118.174564000,6.182235000,111.992329000,100.962415885,95.680624609
mulps,1200,0xAA,25,1.170364486,0.000327188,118.176516000,6.265304000,111.911212000,100.974113085,95.620820096
mulps,1200,0xAA,26,1.177476347,0.036191005,134.803976000,7.337506000,127.466470000,114.485506491,108.253953715
mulps,1200,0xAA,27,1.174825891,0.021255393,127.864785000,6.869306000,120.995479000,108.837220855,102.990136576
mulps,1200,0xAA,28,1.170625870,0.000612115,118.183474000,6.224411000,111.959063000,100.957510843,95.640345763
mulps,1200,0xAA,29,1.170475111,0.000414473,118.190067000,6.389571000,111.800496000,100.976147085,95.517192052
mulps,1200,0xAA,30,1.170800410,0.001201505,118.538454000,6.233383000,112.305071000,101.245654702,95.921619155
mulps,1200,0xAA,31,1.170697582,0.000777909,118.160586000,6.254806000,111.905780000,100.931775875,95.588973349
mulps,1200,0xAA,32,1.170538175,0.000406743,118.267946000,6.156723000,112.111223000,101.037239596,95.777502550
mulps,1200,0xAA,33,1.170481091,0.000585835,118.238711000,6.167709000,112.071002000,101.017190183,95.747810740
mulps,1200,0xAA,34,1.170424692,0.000407744,118.243715000,6.225448000,112.018267000,101.026333260,95.707368236
mulps,1200,0xAA,35,1.170396081,0.000382161,118.202518000,6.191696000,112.010822000,100.993603705,95.703346757
mulps,1200,0xAA,36,1.170704578,0.000856019,118.312747000,6.231735000,112.081012000,101.061146640,95.738082975
mulps,1200,0xAA,37,1.170317635,0.000349036,118.078616000,6.218612000,111.860004000,100.894502881,95.580892444
mulps,1200,0xAA,38,1.170388789,0.000456622,118.146914000,6.182846000,111.964068000,100.946723952,95.663995633
mulps,1200,0xAA,39,1.174136166,0.019795519,127.095622000,6.835981000,120.259641000,108.246066895,102.423930421
mulps,1200,0xAA,40,1.170955045,0.001472981,118.600831000,6.472457000,112.128374000,101.285554470,95.758051918
mulps,1200,0xAA,41,1.170541154,0.000525554,118.174808000,6.375594000,111.799214000,100.957414117,95.510707711
mulps,1200,0xAA,42,1.181055055,0.041506248,135.791949000,7.528423000,128.263526000,114.975121927,108.600801809
mulps,1200,0xAA,43,1.170312427,0.000316261,118.122866000,6.356552000,111.766314000,100.932762321,95.501262275
mulps,1200,0xAA,44,1.170605373,0.000778322,118.215396000,6.498397000,111.716999000,100.986548278,95.435235127
mulps,1200,0xAA,45,1.170546047,0.000591702,118.224062000,6.479903000,111.744159000,100.999069847,95.463274810
mulps,1200,0xAA,46,1.170462691,0.000394485,118.274416000,6.379012000,111.895404000,101.049283231,95.599291491
mulps,1200,0xAA,47,1.177250503,0.035236427,134.266319000,7.381817000,126.884502000,114.050763722,107.780376087
mulps,1200,0xAA,48,1.170561373,0.000755166,118.160281000,6.360945000,111.799336000,100.943259998,95.509162181
mulps,1200,0xAA,49,1.170477348,0.000525154,118.171450000,6.298568000,111.872882000,100.960048661,95.578852680
mulps,1200,0xAA,50,1.170677198,0.001194497,118.450625000,6.248275000,112.202350000,101.181286538,95.843969803
mulps,1200,0xAA,51,1.170477961,0.000459476,118.179690000,6.152877000,112.026813000,100.967035670,95.710313881
mulps,1200,0xAA,52,1.170603137,0.000759913,118.215762000,6.186934000,112.028828000,100.987053859,95.701800636
mulps,1200,0xAA,53,1.170543586,0.000690955,118.230349000,6.244979000,111.985370000,101.004653213,95.669543036
mulps,1200,0xAA,54,1.177722648,0.038288567,135.703815000,7.313152000,128.390663000,115.225613812,109.016043152
mulps,1200,0xAA,55,1.170349674,0.000350417,118.247194000,6.231186000,112.016008000,101.035781538,95.711572767
mulps,1200,0xAA,56,1.177021795,0.033237976,133.385279000,7.199322000,126.185957000,113.324391768,107.207833832
mulps,1200,0xAA,57,1.170424527,0.000428668,118.103946000,6.275130000,111.828816000,100.906930129,95.545516511
mulps,1200,0xAA,58,1.170382444,0.000336127,118.088626000,6.351241000,111.737385000,100.897468673,95.470831396
mulps,1200,0xAA,59,1.170318724,0.000378337,118.206851000,6.280196000,111.926655000,101.003981706,95.637754651
mulps,1200,0xAA,60,1.170743646,0.001218719,118.535280000,6.341292000,112.193988000,101.247852478,95.831387465
mulps,1200,0xAA,61,1.170890551,0.001037026,118.360049000,6.317977000,112.042072000,101.085493338,95.689620091
mulps,1200,0xAA,62,1.170446642,0.000463845,118.204044000,6.337936000,111.866108000,100.990544807,95.575572629
mulps,1200,0xAA,63,1.177295505,0.035439351,134.369773000,7.306439000,127.063334000,114.134278428,107.928156883
mulps,1200,0xAA,64,1.174414686,0.020728067,127.527140000,6.839460000,120.687680000,108.587828058,102.764110013
mulps,1200,0xAA,65,1.179895923,0.047297334,139.846688000,7.610088000,132.236600000,118.524596389,112.074800391
mulps,1200,0xAA,66,1.170428117,0.000473153,118.021914000,6.288802000,111.733112000,100.836533475,95.463455104
mulps,1200,0xAA,67,1.170342180,0.000383554,118.102908000,6.269637000,111.833271000,100.913143203,95.556045845
mulps,1200,0xAA,68,1.176967343,0.033962126,133.644739000,7.217205000,126.427534000,113.550082563,107.418047514
mulps,1200,0xAA,69,1.170751026,0.000981087,118.455751000,6.225631000,112.230120000,101.179284373,95.861645642
mulps,1200,0xAA,70,1.170703967,0.001258921,118.662721000,6.156356000,112.506365000,101.360142568,96.101463881
mulps,1200,0xAA,71,1.170536422,0.000408704,118.287661000,6.193954000,112.093707000,101.054233621,95.762681913
mulps,1200,0xAA,72,1.170467302,0.000407183,118.262087000,6.192245000,112.069842000,101.038351811,95.747947721
mulps,1200,0xAA,73,1.170647503,0.000762680,118.376894000,6.154037000,112.222857000,101.120870038,95.863918663
mulps,1200,0xAA,74,1.170536568,0.000526624,118.163577000,6.155197000,112.008380000,100.948214924,95.689774333
mulps,1200,0xAA,75,1.172124267,0.008916820,122.151665000,6.437300000,115.714365000,104.213920368,98.721925890
mulps,1200,0xAA,76,1.173653028,0.016971541,125.750960000,6.662153000,119.088807000,107.144920134,101.468495468
mulps,1200,0xAA,77,1.170564486,0.000760445,118.255130000,6.200973000,112.054157000,101.024019940,95.726598847
mulps,1200,0xAA,78,1.170626248,0.000599161,118.248416000,6.199508000,112.048908000,101.012954563,95.717064427
mulps,1200,0xAA,79,1.170496480,0.000434060,118.114322000,6.204818000,111.909504000,100.909591788,95.608577983
mulps,1200,0xAA,80,1.170830295,0.001222364,118.503969000,6.189010000,112.314959000,101.213616976,95.927616069
mulps,1200,0xAA,81,1.170662336,0.000746535,118.400026000,6.283431000,112.116595000,101.139348548,95.771933189
mulps,1200,0xAA,82,1.170594673,0.000558324,118.234377000,6.264694000,111.969683000,101.003686147,95.651966937
mulps,1200,0xAA,83,1.172141133,0.009089615,122.259819000,6.552108000,115.707711000,104.304691303,98.714828600
mulps,1200,0xAA,84,1.170360977,0.000380018,118.326846000,6.197555000,112.129291000,101.102863433,95.807441659
mulps,1200,0xAA,85,1.171775653,0.007338772,121.512384000,6.423812000,115.088572000,103.699358898,98.217241240
mulps,1200,0xAA,86,1.170760848,0.001038812,118.374819000,6.239852000,112.134967000,101.109307860,95.779566939
mulps,1200,0xAA,87,1.170390040,0.000362298,118.276247000,6.238082000,112.038165000,101.057120268,95.727203070
mulps,1200,0xAA,88,1.170443668,0.000358324,118.280642000,6.251571000,112.029071000,101.056244935,95.715047259
mulps,1200,0xAA,89,1.173432575,0.015397920,125.274948000,6.718672000,118.556276000,106.759391756,101.033735129
mulps,1200,0xAA,90,1.170999456,0.001452915,118.828858000,6.269515000,112.559343000,101.476441707,96.122455444
mulps,1200,0xAA,91,1.172270109,0.008544901,122.038444000,6.466292000,115.572152000,104.104372404,98.588329685
mulps,1200,0xAA,92,1.170376223,0.000375681,118.293093000,6.194442000,112.098651000,101.072706900,95.780013938
mulps,1200,0xAA,93,1.170407330,0.000335733,118.158083000,6.267989000,111.890094000,100.954667634,95.599276533
mulps,1200,0xAA,94,1.177549064,0.035984414,134.606894000,7.343670000,127.263224000,114.311070480,108.074667916
mulps,1200,0xAA,95,1.170395340,0.000540022,118.302676000,6.341109000,111.961567000,101.079243886,95.661323304
mulps,1200,0xAA,96,1.177058510,0.034793895,134.009239000,7.267315000,126.741924000,113.850958026,107.676825696
mulps,1200,0xAA,97,1.170342514,0.000375558,118.113223000,6.244307000,111.868916000,100.921928082,95.586475488
mulps,1200,0xAA,98,1.170698600,0.000778389,118.445192000,6.274764000,112.170428000,101.174796003,95.814950180
mulps,1200,0xAA,99,1.170647186,0.000630750,118.350039000,6.275435000,112.074604000,101.097957087,95.737302679
mulps,1400,0x00,0,1.003197303,0.000329679,105.929783000,5.548814000,100.380969000,105.592172780,100.061043479
mulps,1400,0x00,1,1.003208511,0.000341467,105.676853000,5.535691000,100.141162000,105.338872021,99.820885544
mulps,1400,0x00,2,1.003211312,0.000510899,105.790501000,5.541551000,100.248950000,105.451862207,99.928049890
mulps,1400,0x00,3,1.003384824,0.001063956,106.226901000,5.627794000,100.599107000,105.868554613,100.259745443
mulps,1400,0x00,4,1.003332483,0.000616800,106.240572000,5.535264000,100.705308000,105.887703049,100.370823953
mulps,1400,0x00,5,1.003154038,0.000352666,105.904270000,5.469468000,100.434802000,105.571294134,100.119022805
mulps,1400,0x00,6,1.003134790,0.000307855,105.843967000,5.404161000,100.439806000,105.513205210,100.125932183
mulps,1400,0x00,7,1.003110633,0.000336646,105.791538000,5.439256000,100.352282000,105.463479823,100.041090885
mulps,1400,0x00,8,1.003880528,0.003169357,107.493072000,5.560960000,101.932112000,107.077554578,101.538090622
mulps,1400,0x00,9,1.003314368,0.000659614,106.060397000,5.439988000,100.620409000,105.710035024,100.288017586
mulps,1400,0x00,10,1.003139322,0.000323403,105.924167000,5.442796000,100.481371000,105.592677532,100.166914751
mulps,1400,0x00,11,1.012350417,0.047531855,128.124977000,6.821943000,121.303034000,126.561884954,119.823167919
mulps,1400,0x00,12,1.003100299,0.000492019,105.793431000,5.492052000,100.301379000,105.466453452,99.991375830
mulps,1400,0x00,13,1.005485110,0.012946193,111.592183000,5.800339000,105.791844000,110.983426661,105.214729601
mulps,1400,0x00,14,1.003241061,0.000685782,106.225131000,5.444383000,100.780748000,105.881961109,100.455166681
mulps,1400,0x00,15,1.003047373,0.000315473,105.975314000,5.390551000,100.584763000,105.653348875,100.279174986
mulps,1400,0x00,16,1.003018260,0.000263835,105.656163000,5.392870000,100.263293000,105.338224804,99.961582910
mulps,1400,0x00,17,1.003090315,0.000429282,105.818150000,5.453660000,100.364490000,105.492146069,100.055287672
mulps,1400,0x00,18,1.003021244,0.000271120,105.445958000,5.413194000,100.032764000,105.128339608,99.731450927
mulps,1400,0x00,19,1.003266250,0.000746640,105.971774000,5.409044000,100.562730000,105.626770527,100.235336301
mulps,1400,0x00,20,1.003097311,0.000302569,105.814182000,5.418810000,100.395372000,105.487454535,100.085376452
mulps,1400,0x00,21,1.003356109,0.001062320,106.164585000,5.392991000,100.771594000,105.809476896,100.434524820
mulps,1400,0x00,22,1.003204497,0.000565526,105.754368000,5.351610000,100.402758000,105.416560905,100.082045347
mulps,1400,0x00,23,1.003038445,0.000333371,105.787937000,5.331164000,100.456773000,105.467479916,100.152465293
mulps,1400,0x00,24,1.003273125,0.000675582,105.953708000,5.447618000,100.506090000,105.608039708,100.178194269
mulps,1400,0x00,25,1.003342448,0.001986340,106.417636000,5.494554000,100.923082000,106.063125530,100.586875610
mulps,1400,0x00,26,1.003025035,0.000283392,105.651830000,5.446763000,100.205067000,105.333193366,99.902857324
mulps,1400,0x00,27,1.003145378,0.000475468,105.831761000,5.510240000,100.321521000,105.499923906,100.006961347
mulps,1400,0x00,28,1.003351663,0.001242379,106.389681000,5.500169000,100.889512000,106.034289828,100.552493959
mulps,1400,0x00,29,1.003694238,0.001374804,106.565889000,5.479723000,101.086166000,106.173658218,100.714104111
mulps,1400,0x00,30,1.011421577,0.042901271,125.676802000,6.554549000,119.122253000,124.257584436,117.777053321
mulps,1400,0x00,31,1.007506250,0.021786684,115.784433000,5.997177000,109.787256000,114.921801274,108.969305196
mulps,1400,0x00,32,1.003059478,0.000285239,105.741123000,5.429186000,100.311937000,105.418597136,100.005970946
mulps,1400,0x00,33,1.003070222,0.000321714,105.714695000,5.522019000,100.192676000,105.391120888,99.886003819
mulps,1400,0x00,34,1.003307597,0.000699610,105.869419000,5.556383000,100.313036000,105.520400060,99.982334747
mulps,1400,0x00,35,1.008948572,0.030559618,119.610168000,6.345077000,113.265091000,118.549320904,112.260519693
mulps,1400,0x00,36,1.003090527,0.000291633,105.839390000,5.422166000,100.417224000,105.513298310,100.107838031
mulps,1400,0x00,37,1.003163056,0.000428853,105.437474000,5.398119000,100.039355000,105.105020978,99.723922691
mulps,1400,0x00,38,1.003229008,0.000615739,105.829197000,5.387132000,100.442065000,105.488573560,100.118780663
mulps,1400,0x00,39,1.006040452,0.015279032,112.630022000,5.835068000,106.794954000,111.953770567,106.153737392
mulps,1400,0x00,40,1.003142711,0.000339413,105.747532000,5.373827000,100.373705000,105.416239184,100.059247662
mulps,1400,0x00,41,1.003262892,0.000530765,106.393771000,5.466478000,100.927293000,106.047748698,100.599049214
mulps,1400,0x00,42,1.004378610,0.006483483,108.555142000,5.690415000,102.864727000,108.081893498,102.416285986
mulps,1400,0x00,43,1.003204645,0.000629491,105.963047000,5.569566000,100.393481000,105.624557744,100.072783213
mulps,1400,0x00,44,1.003090910,0.000326657,105.839329000,5.471299000,100.368030000,105.513197200,100.058757383
mulps,1400,0x00,45,1.003073366,0.000280513,105.780369000,5.400255000,100.380114000,105.456263265,100.072554375
mulps,1400,0x00,46,1.005740873,0.013429379,111.738240000,5.751084000,105.987156000,111.100426592,105.382170374
mulps,1400,0x00,47,1.003102815,0.000310229,105.548375000,5.394274000,100.154101000,105.221890953,99.844302614
mulps,1400,0x00,48,1.003292967,0.000668107,106.045382000,5.477586000,100.567796000,105.697324196,100.237716504
mulps,1400,0x00,49,1.003143806,0.000323263,105.554662000,5.374620000,100.180042000,105.223858583,99.866082393
mulps,1400,0x00,50,1.003144536,0.000341156,105.441381000,5.403490000,100.037891000,105.110856163,99.724304367
mulps,1400,0x00,51,1.013446297,0.047738548,128.636085000,6.822980000,121.813105000,126.929355152,120.196901722
mulps,1400,0x00,52,1.003000153,0.000301148,105.419896000,5.448777000,99.971119000,105.104566172,99.672087442
mulps,1400,0x00,53,1.003300325,0.000642595,105.800266000,5.473191000,100.327075000,105.452239376,99.997052264
mulps,1400,0x00,54,1.003077994,0.000335516,105.821262000,5.456590000,100.364672000,105.496544315,100.056698126
mulps,1400,0x00,55,1.003063741,0.000277191,105.508153000,5.440538000,100.067615000,105.185890655,99.761970144
mulps,1400,0x00,56,1.003156635,0.000436887,105.684483000,5.422472000,100.262011000,105.351925391,99.946516296
mulps,1400,0x00,57,1.003073260,0.000282781,105.436375000,5.427171000,100.009204000,105.113334443,99.702791445
mulps,1400,0x00,58,1.003278087,0.000582431,106.016025000,5.478868000,100.537157000,105.669630795,100.208664316
mulps,1400,0x00,59,1.006929801,0.019828203,114.590466000,6.012192000,108.578274000,113.801841854,107.831026418
mulps,1400,0x00,60,1.003229581,0.000525691,105.616795000,5.427354000,100.189441000,105.276795112,99.866912762
mulps,1400,0x00,61,1.012211126,0.047064075,127.836342000,6.925031000,120.911311000,126.294148265,119.452659545
mulps,1400,0x00,62,1.003059017,0.000288405,105.731663000,5.676744000,100.054919000,105.409214380,99.749782680
mulps,1400,0x00,63,1.003263377,0.000788407,106.063389000,5.580674000,100.482715000,105.718390083,100.155868685
mulps,1400,0x00,64,1.003076110,0.000303579,105.454259000,5.467820000,99.986439000,105.130864873,99.679812909
mulps,1400,0x00,65,1.003035526,0.000301715,105.503575000,5.414598000,100.088977000,105.184285382,99.786073793
mulps,1400,0x00,66,1.004460353,0.006730759,108.495327000,5.673203000,102.822124000,108.013548453,102.365537575
mulps,1400,0x00,67,1.003007327,0.000306898,105.506627000,5.477159000,100.029468000,105.190285426,99.729548646
mulps,1400,0x00,68,1.003285380,0.000760232,105.962192000,5.608445000,100.353747000,105.615205926,100.025126461
mulps,1400,0x00,69,1.003130418,0.000329188,105.738682000,5.555955000,100.182727000,105.408708711,99.870091895
mulps,1400,0x00,70,1.003302780,0.000535481,105.687047000,5.448533000,100.238514000,105.339134974,99.908538043
mulps,1400,0x00,71,1.003259750,0.000390158,106.114841000,5.594834000,100.520007000,105.770057087,100.193401588
mulps,1400,0x00,72,1.003140373,0.000344030,105.777683000,5.419359000,100.358324000,105.446541539,100.044148069
mulps,1400,0x00,73,1.003307638,0.000803511,106.081516000,5.465074000,100.616442000,105.731793494,100.284736388
mulps,1400,0x00,74,1.003160745,0.000363004,105.689305000,5.408799000,100.280506000,105.356300648,99.964543615
mulps,1400,0x00,75,1.003163343,0.000457366,105.611791000,5.341600000,100.270191000,105.278758226,99.954002253
mulps,1400,0x00,76,1.003105779,0.000301512,105.565769000,5.378282000,100.187487000,105.238920146,99.877290185
mulps,1400,0x00,77,1.003108975,0.000327296,105.454259000,5.370470000,100.083789000,105.127420508,99.773595415
mulps,1400,0x00,78,1.003254515,0.000638425,105.701756000,5.375170000,100.326586000,105.358863978,100.001130802
mulps,1400,0x00,79,1.003146257,0.000395071,105.633336000,5.412035000,100.221301000,105.302028710,99.906967960
mulps,1400,0x00,80,1.003192243,0.000493791,105.666477000,5.404161000,100.262316000,105.330237284,99.943272783
mulps,1400,0x00,81,1.003181266,0.000398249,106.180575000,5.474901000,100.705674000,105.843857508,100.386318393
mulps,1400,0x00,82,1.003156808,0.000323494,105.815281000,5.441453000,100.373828000,105.482293678,100.057964243
mulps,1400,0x00,83,1.003287622,0.000668695,105.842685000,5.499864000,100.342821000,105.495854523,100.014012746
mulps,1400,0x00,84,1.003089016,0.000314376,105.674473000,5.632615000,100.041858000,105.349048127,99.733778783
mulps,1400,0x00,85,1.003131301,0.000448208,105.776829000,5.632798000,100.144031000,105.446643841,99.831428769
mulps,1400,0x00,86,1.040225114,0.000319877,109.517420000,5.753647000,103.763773000,105.282422525,99.751266893
mulps,1400,0x00,87,1.003071673,0.000312408,105.574498000,5.482408000,100.092090000,105.251200732,99.785581328
mulps,1400,0x00,88,1.008842177,0.028880891,118.818055000,6.271102000,112.546953000,117.776653038,111.560515226
mulps,1400,0x00,89,1.003044843,0.000312569,105.558384000,5.443406000,100.114978000,105.237950917,99.811068923
mulps,1400,0x00,90,1.003139534,0.000494241,105.722263000,5.412767000,100.309496000,105.391383135,99.995556518
mulps,1400,0x00,91,1.003136677,0.000375487,106.291904000,5.529283000,100.762621000,105.959543089,100.447549435
mulps,1400,0x00,92,1.003213896,0.000490855,105.780430000,5.455308000,100.325122000,105.441551807,100.003720432
mulps,1400,0x00,93,1.007819560,0.023965844,116.834661000,6.184677000,110.649984000,115.928153833,109.791463055
mulps,1400,0x00,94,1.003015572,0.000283035,105.317785000,5.383104000,99.934681000,105.001146434,99.634226769
mulps,1400,0x00,95,1.003090444,0.000425856,105.552586000,5.473924000,100.078662000,105.227386692,99.770327426
mulps,1400,0x00,96,1.003019399,0.000275054,105.539769000,5.386888000,100.152881000,105.222061560,99.851389764
mulps,1400,0x00,97,1.003337789,0.000685988,106.242709000,5.453721000,100.788988000,105.889272908,100.453694723
mulps,1400,0x00,98,1.003158784,0.000343820,105.869235000,5.395983000,100.473252000,105.535870020,100.156878092
mulps,1400,0x00,99,1.003122459,0.000496437,105.941868000,5.379930000,100.561938000,105.612098597,100.248914916
mulps,1400,0xAA,0,1.011980921,0.045025691,126.546856000,6.799666000,119.747190000,125.048657882,118.329493659
mulps,1400,0xAA,1,1.003050914,0.000323664,105.769809000,5.556321000,100.213488000,105.448095920,99.908675217
mulps,1400,0xAA,2,1.003089410,0.000474806,105.874241000,5.499193000,100.375048000,105.548159476,100.065903412
mulps,1400,0xAA,3,1.003304611,0.001134192,106.202242000,5.476854000,100.725388000,105.852440890,100.393626147
mulps,1400,0xAA,4,1.004432943,0.006908920,109.021206000,5.672288000,103.348918000,108.540054135,102.892800089
mulps,1400,0xAA,5,1.008432342,0.026985872,118.363649000,6.297469000,112.066180000,117.373912048,111.129101426
mulps,1400,0xAA,6,1.003031033,0.000286387,105.867405000,5.472703000,100.394702000,105.547487087,100.091321904
mulps,1400,0xAA,7,1.003109087,0.000431792,105.751988000,5.456224000,100.295764000,105.424214974,99.984902269
mulps,1400,0xAA,8,1.003094077,0.000265985,105.802768000,5.456040000,100.346728000,105.476415851,100.037205188
mulps,1400,0xAA,9,1.003146614,0.000333111,105.640172000,5.477525000,100.162647000,105.308805841,99.848462434
mulps,1400,0xAA,10,1.003302589,0.000650965,105.972995000,5.644456000,100.328539000,105.624161760,99.998285719
mulps,1400,0xAA,11,1.003186487,0.000376648,106.283480000,5.615709000,100.667771000,105.945884864,100.348013406
mulps,1400,0xAA,12,1.003179135,0.000518759,105.848423000,5.539231000,100.309192000,105.512982949,99.991306107
mulps,1400,0xAA,13,1.003041309,0.000299989,105.840061000,5.591600000,100.248461000,105.519144724,99.944498942
mulps,1400,0xAA,14,1.003518995,0.002523051,106.722749000,5.620774000,101.101975000,106.348509132,100.747445248
mulps,1400,0xAA,15,1.003603035,0.002148163,106.756135000,5.539842000,101.216293000,106.372869823,100.852916409
mulps,1400,0xAA,16,1.003109381,0.000300312,105.640232000,5.484666000,100.155566000,105.312774434,99.845109489
mulps,1400,0xAA,17,1.003177533,0.000441783,105.696995000,5.532944000,100.164051000,105.362203089,99.846784515
mulps,1400,0xAA,18,1.008005000,0.025717883,117.433415000,6.340865000,111.092550000,116.500825914,110.210316441
mulps,1400,0xAA,19,1.003053962,0.000316235,105.533360000,5.603441000,99.929919000,105.212046408,99.625666002
mulps,1400,0xAA,20,1.003259135,0.000633914,105.833775000,5.580858000,100.252917000,105.489968950,99.927240633
mulps,1400,0xAA,21,1.012558240,0.048287382,128.809606000,7.224347000,121.585259000,127.212046624,120.077299489
mulps,1400,0xAA,22,1.003030199,0.000181898,105.681187000,5.657944000,100.023243000,105.361919380,99.721068283
mulps,1400,0xAA,23,1.003042717,0.000389187,105.727391000,5.703599000,100.023792000,105.406668301,99.720371096
mulps,1400,0xAA,24,1.008598778,0.028711842,118.997010000,6.552717000,112.444293000,117.982504606,111.485652595
mulps,1400,0xAA,25,1.003064782,0.000299505,105.660191000,5.600999000,100.059192000,105.337354926,99.753469320
mulps,1400,0xAA,26,1.003023064,0.000303436,105.749302000,5.653427000,100.095875000,105.430578610,99.794190771
mulps,1400,0xAA,27,1.003065651,0.000394881,105.685704000,5.660569000,100.025135000,105.362698726,99.719430019
mulps,1400,0xAA,28,1.003041680,0.000294095,105.632786000,5.703232000,99.929554000,105.312459192,99.626521993
mulps,1400,0xAA,29,1.011647111,0.043627842,126.030012000,7.078961000,118.951051000,124.579026301,117.581565501
mulps,1400,0xAA,30,1.003108048,0.000356502,105.726780000,5.568406000,100.158374000,105.399194279,99.848041526
mulps,1400,0xAA,31,1.003447601,0.001113454,106.046970000,5.677171000,100.369799000,105.682618454,100.024952830
mulps,1400,0xAA,32,1.003160927,0.000368983,105.807468000,5.593980000,100.213488000,105.474072127,99.897718576
mulps,1400,0xAA,33,1.003058583,0.000296585,105.530675000,5.537461000,99.993214000,105.208884841,99.688308983
mulps,1400,0xAA,34,1.003027875,0.000317020,105.625950000,5.584275000,100.041675000,105.307093259,99.739675704
mulps,1400,0xAA,35,1.003026138,0.000279746,105.405248000,5.490342000,99.914906000,105.087239470,99.613461879
mulps,1400,0xAA,36,1.003179041,0.000433693,105.473302000,5.528123000,99.945179000,105.139060664,99.628456100
mulps,1400,0xAA,37,1.003111306,0.000307840,105.266759000,5.553880000,99.712879000,104.940257731,99.403603956
mulps,1400,0xAA,38,1.003091206,0.000311570,105.395665000,5.535936000,99.859729000,105.070869317,99.551993299
mulps,1400,0xAA,39,1.003101478,0.000291901,105.399083000,5.557358000,99.841725000,105.073200802,99.533025532
mulps,1400,0xAA,40,1.003071221,0.000315096,105.381566000,5.472520000,99.909046000,105.058906905,99.603142761
mulps,1400,0xAA,41,1.003727167,0.002822571,107.793120000,5.716049000,102.077071000,107.392848887,101.698025447
mulps,1400,0xAA,42,1.003080850,0.000362385,105.509374000,5.627549000,99.881825000,105.185313867,99.575049249
mulps,1400,0xAA,43,1.003027871,0.000275433,105.754856000,5.678941000,100.075915000,105.435610565,99.773812759
mulps,1400,0xAA,44,1.003026871,0.000299409,105.647129000,5.594529000,100.052600000,105.328313744,99.750667562
mulps,1400,0xAA,45,1.003025705,0.000251345,105.594640000,5.636155000,99.958485000,105.276105554,99.656952454
mulps,1400,0xAA,46,1.003183930,0.000398718,105.576634000,5.704758000,99.871876000,105.241552268,99.554900170
mulps,1400,0xAA,47,1.003041967,0.000282851,105.605809000,5.433579000,100.172230000,105.285533925,99.868433564
mulps,1400,0xAA,48,1.004355627,0.006781994,108.506558000,5.633653000,102.872905000,108.035993464,102.426772142
mulps,1400,0xAA,49,1.002978695,0.000269210,105.387425000,5.437731000,99.949694000,105.074440245,99.652858486
mulps,1400,0xAA,50,1.003116574,0.000324329,105.546360000,5.396165000,100.150195000,105.218438904,99.839039203
mulps,1400,0xAA,51,1.012633548,0.048679712,128.604041000,6.949140000,121.654901000,126.999585625,120.137142629
mulps,1400,0xAA,52,1.003105216,0.000314630,105.322851000,5.551011000,99.771840000,104.996813193,99.462985923
mulps,1400,0xAA,53,1.003105807,0.000263764,105.445591000,5.548570000,99.897021000,105.119111280,99.587720714
mulps,1400,0xAA,54,1.003174391,0.000392008,105.452062000,5.567490000,99.884572000,105.118375172,99.568502638
mulps,1400,0xAA,55,1.003102940,0.000279337,105.411779000,5.583116000,99.828663000,105.085704350,99.519858835
mulps,1400,0xAA,56,1.003122858,0.000443159,105.558019000,5.730393000,99.827626000,105.229402556,99.516849047
mulps,1400,0xAA,57,1.003042051,0.000271753,105.393773000,5.731248000,99.662525000,105.074132101,99.360265975
mulps,1400,0xAA,58,1.005070960,0.009653004,109.909386000,5.916061000,103.993325000,109.354851877,103.468639627
mulps,1400,0xAA,59,1.003055656,0.000308839,105.453221000,5.585313000,99.867908000,105.131973812,99.563675618
mulps,1400,0xAA,60,1.010408217,0.037694542,122.974112000,6.775800000,116.198312000,121.707355443,115.001352971
mulps,1400,0xAA,61,1.003056210,0.000349131,105.411839000,5.593186000,99.818653000,105.090659826,99.514515696
mulps,1400,0xAA,62,1.003031929,0.000273565,105.404088000,5.595689000,99.808399000,105.085476301,99.506701749
mulps,1400,0xAA,63,1.003069517,0.000309310,105.417455000,5.511461000,99.905994000,105.094864527,99.600269280
mulps,1400,0xAA,64,1.003047080,0.000265870,105.431066000,5.523423000,99.907643000,105.110784995,99.604141181
mulps,1400,0xAA,65,1.003055480,0.000310424,105.576939000,5.503893000,100.073046000,105.255333449,99.768206255
mulps,1400,0xAA,66,1.003109312,0.000414738,105.239782000,5.436204000,99.803578000,104.913572957,99.494219419
mulps,1400,0xAA,67,1.003044701,0.000305332,105.338475000,5.380113000,99.958362000,105.018724430,99.654942540
mulps,1400,0xAA,68,1.003014854,0.000277977,105.368321000,5.488389000,99.879932000,105.051605769,99.579713723
mulps,1400,0xAA,69,1.010313575,0.037861121,122.962576000,6.747236000,116.215340000,121.707338196,115.028979947
mulps,1400,0xAA,70,1.003082670,0.000456575,105.414403000,5.600389000,99.814014000,105.090443879,99.507265972
mulps,1400,0xAA,71,1.003173079,0.000346245,105.847081000,5.576890000,100.270191000,105.512282186,99.953032126
mulps,1400,0xAA,72,1.003111480,0.000354384,105.586887000,5.525926000,100.060961000,105.259374535,99.750589012
mulps,1400,0xAA,73,1.003062952,0.000296274,105.375707000,5.506516000,99.869191000,105.053931883,99.564230573
mulps,1400,0xAA,74,1.003065881,0.000294269,105.283178000,5.388658000,99.894520000,104.961378858,99.589191348
mulps,1400,0xAA,75,1.003148959,0.000426103,105.329809000,5.345323000,99.984486000,104.999170871,99.670627239
mulps,1400,0xAA,76,1.007411313,0.022468170,115.531809000,5.967697000,109.564112000,114.681865785,108.758071876
mulps,1400,0xAA,77,1.003019188,0.000312869,105.382970000,5.357347000,100.025623000,105.065756706,99.724535857
mulps,1400,0xAA,78,1.003047800,0.000290354,105.516881000,5.334459000,100.182422000,105.196263880,99.878013839
mulps,1400,0xAA,79,1.003048641,0.000307703,105.626072000,5.291246000,100.334826000,105.305034701,100.029870785
mulps,1400,0xAA,80,1.003114083,0.000466946,105.535802000,5.336229000,100.199573000,105.208175022,99.888511894
mulps,1400,0xAA,81,1.003081083,0.000331607,105.836094000,5.371629000,100.464465000,105.511005875,100.155876471
mulps,1400,0xAA,82,1.010644001,0.039403155,123.764087000,6.477706000,117.286381000,122.460616115,116.051132661
mulps,1400,0xAA,83,1.002988965,0.000313681,105.419530000,5.331713000,100.087817000,105.105373765,99.789549575
mulps,1400,0xAA,84,1.002972401,0.000239435,105.445897000,5.393602000,100.052295000,105.133398352,99.755780789
mulps,1400,0xAA,85,1.003074761,0.000417726,105.513524000,5.306749000,100.206775000,105.190089649,99.899607615
mulps,1400,0xAA,86,1.003010576,0.000259568,105.534641000,5.321459000,100.213182000,105.217874633,99.912388201
mulps,1400,0xAA,87,1.003045722,0.000319308,105.732762000,5.345140000,100.387622000,105.411707252,100.082797629
mulps,1400,0xAA,88,1.010744412,0.040011351,123.956714000,6.616377000,117.340337000,122.639029772,116.092986160
mulps,1400,0xAA,89,1.003064851,0.000461877,105.557774000,5.407274000,100.150500000,105.235243707,99.844491557
mulps,1400,0xAA,90,1.003024250,0.000304384,105.632542000,5.375414000,100.257128000,105.314045959,99.954839541
mulps,1400,0xAA,91,1.012212632,0.047499983,128.809973000,6.869917000,121.940056000,127.255844182,120.468814677
mulps,1400,0xAA,92,1.003086580,0.000437431,105.632604000,5.443772000,100.188832000,105.307563735,99.880542672
mulps,1400,0xAA,93,1.003034166,0.000277727,105.762668000,5.408312000,100.354356000,105.442737243,100.050785320
mulps,1400,0xAA,94,1.003110587,0.000413278,105.763584000,5.437852000,100.325732000,105.435617313,100.014627774
mulps,1400,0xAA,95,1.003786369,0.004436027,107.652923000,5.507798000,102.145125000,107.246846871,101.759824761
mulps,1400,0xAA,96,1.003038470,0.000305621,105.638889000,5.400499000,100.238390000,105.318880774,99.934741319
mulps,1400,0xAA,97,1.003059201,0.000251630,105.480870000,5.333665000,100.147205000,105.159166986,99.841768975
mulps,1400,0xAA,98,1.003123966,0.000326345,105.682774000,5.407884000,100.274890000,105.353652808,99.962610240
mulps,1400,0xAA,99,1.008390980,0.027322496,118.034000000,6.235091000,111.798909000,117.051820552,110.868612724
mulps,1600,0x00,0,0.877702914,0.000324091,95.577514000,4.979357000,90.598157000,108.895062891,103.221893847
mulps,1600,0x00,1,0.877581687,0.000257088,95.685119000,5.056079000,90.629040000,109.032720694,103.271343636
mulps,1600,0x00,2,0.877570674,0.000149707,95.701965000,5.018541000,90.683424000,109.053285201,103.334610742
mulps,1600,0x00,3,0.877610035,0.000278912,95.652465000,5.019336000,90.633129000,108.991990919,103.272667076
mulps,1600,0x00,4,0.877588520,0.000248566,95.658385000,5.106676000,90.551709000,109.001408756,103.182421973
mulps,1600,0x00,5,0.877968370,0.001155504,96.113279000,5.026049000,91.087230000,109.472370855,103.747735240
mulps,1600,0x00,6,0.877652575,0.000312896,95.573791000,4.902759000,90.671032000,108.897066701,103.310848259
mulps,1600,0x00,7,0.877598093,0.000268703,95.515503000,4.800037000,90.715466000,108.837409486,103.367893270
mulps,1600,0x00,8,0.885408868,0.035493078,112.157428000,5.954880000,106.202548000,126.673034442,119.947463673
mulps,1600,0x00,9,0.877591372,0.000260129,95.650878000,5.046007000,90.604871000,108.992500455,103.242663843
mulps,1600,0x00,10,0.877633596,0.000426968,95.585326000,4.895129000,90.690197000,108.912564906,103.334919495
mulps,1600,0x00,11,0.880071219,0.011072445,100.744493000,5.076830000,95.667663000,114.473114087,108.704455945
mulps,1600,0x00,12,0.877677056,0.000303838,95.859740000,4.777148000,91.082592000,109.219831318,103.776886253
mulps,1600,0x00,13,0.877553381,0.000156040,95.632995000,4.990466000,90.642529000,108.976840714,103.290045917
mulps,1600,0x00,14,0.877581947,0.000278865,95.494568000,4.979784000,90.514784000,108.815556549,103.141118947
mulps,1600,0x00,15,0.877543254,0.000215145,95.628784000,4.964953000,90.663831000,108.973299675,103.315512464
mulps,1600,0x00,16,0.877730528,0.000351651,95.627075000,4.932360000,90.694715000,108.948101952,103.328655156
mulps,1600,0x00,17,0.877537824,0.000224260,95.638915000,4.781482000,90.857433000,108.985518743,103.536771273
mulps,1600,0x00,18,0.877602224,0.000255234,95.678466000,4.786670000,90.891796000,109.022588325,103.568329131
mulps,1600,0x00,19,0.877589505,0.000241929,95.543518000,4.739978000,90.803540000,108.870397249,103.469263833
mulps,1600,0x00,20,0.877603593,0.000256927,95.770751000,4.891162000,90.879589000,109.127573984,103.554258149
mulps,1600,0x00,21,0.877901087,0.000962345,95.933165000,4.938403000,90.994762000,109.275596610,103.650358101
mulps,1600,0x00,22,0.877643412,0.000276563,95.521667000,4.923755000,90.597912000,108.838812764,103.228612844
mulps,1600,0x00,23,0.877588055,0.000275251,95.558838000,4.875903000,90.682935000,108.888033989,103.332006910
mulps,1600,0x00,24,0.877581839,0.000230930,95.530456000,4.883410000,90.647046000,108.856464204,103.291843578
mulps,1600,0x00,25,0.882395936,0.024985853,107.196198000,5.619370000,101.576828000,121.483104841,115.114795819
mulps,1600,0x00,26,0.877524940,0.000230523,95.625427000,4.749927000,90.875500000,108.971748365,103.558879988
mulps,1600,0x00,27,0.877633084,0.000356225,95.652099000,4.712390000,90.939709000,108.988711466,103.619280796
mulps,1600,0x00,28,0.877537195,0.000224882,95.929503000,4.838305000,91.091198000,109.316737276,103.803233088
mulps,1600,0x00,29,0.877595308,0.000248602,95.817382000,4.866565000,90.950817000,109.181739100,103.636398379
mulps,1600,0x00,30,0.877561653,0.000225856,95.647583000,4.787219000,90.860364000,108.992436806,103.537299854
mulps,1600,0x00,31,0.877834577,0.001014161,95.994506000,4.766406000,91.228100000,109.353753538,103.924022101
mulps,1600,0x00,32,0.877688837,0.000447911,95.848814000,4.711475000,91.137339000,109.205916697,103.837869615
mulps,1600,0x00,33,0.877523116,0.000206140,95.814696000,4.726917000,91.087779000,109.187660393,103.801002295
mulps,1600,0x00,34,0.877566062,0.000259298,95.764647000,4.686023000,91.078624000,109.125285391,103.785490245
mulps,1600,0x00,35,0.877557260,0.000223841,95.622314000,4.664478000,90.957836000,108.964187722,103.648890119
mulps,1600,0x00,36,0.881661349,0.021097377,105.386510000,5.306017000,100.080493000,119.531734222,113.513531192
mulps,1600,0x00,37,0.877533241,0.000218569,95.639160000,4.761585000,90.877575000,108.986367192,103.560265047
mulps,1600,0x00,38,0.877590518,0.000356548,95.822631000,4.708301000,91.114330000,109.188316261,103.823284501
mulps,1600,0x00,39,0.877605792,0.000343526,95.692382000,4.702197000,90.990185000,109.038001887,103.680018789
mulps,1600,0x00,40,0.877520519,0.000142592,95.715454000,4.646167000,91.069287000,109.074889884,103.780236484
mulps,1600,0x00,41,0.878535263,0.003748485,97.229487000,4.728626000,92.500861000,110.672264487,105.289866992
mulps,1600,0x00,42,0.877598216,0.000299710,95.794310000,4.652088000,91.142222000,109.155087421,103.854155953
mulps,1600,0x00,43,0.877555136,0.000250412,95.785155000,4.782214000,91.002941000,109.150013513,103.700539399
mulps,1600,0x00,44,0.882851436,0.027301981,108.390225000,5.553636000,102.836589000,122.772893068,116.482326195
mulps,1600,0x00,45,0.877542010,0.000253701,95.616820000,4.805102000,90.811718000,108.959820593,103.484183024
mulps,1600,0x00,46,0.877528962,0.000216482,95.584960000,4.771228000,90.813732000,108.925134212,103.488016801
mulps,1600,0x00,47,0.877558507,0.000249230,95.630981000,4.730151000,90.900830000,108.973909172,103.583783085
mulps,1600,0x00,48,0.877555515,0.000235557,95.659973000,4.714405000,90.945568000,109.007317840,103.635116404
mulps,1600,0x00,49,0.877564113,0.000256711,95.687132000,4.705615000,90.981517000,109.037198034,103.675065594
mulps,1600,0x00,50,0.877591264,0.000289769,95.662414000,4.719531000,90.942883000,109.005658957,103.627835368
mulps,1600,0x00,51,0.884477705,0.034764092,111.759846000,5.700303000,106.059543000,126.356883102,119.912059263
mulps,1600,0x00,52,0.877612458,0.000308200,95.752624000,4.662463000,91.090161000,109.105816714,103.793149423
mulps,1600,0x00,53,0.877615173,0.000374300,95.821105000,4.690784000,91.130321000,109.183509931,103.838588669
mulps,1600,0x00,54,0.877558157,0.000234601,95.743651000,4.641223000,91.102428000,109.102342910,103.813550411
mulps,1600,0x00,55,0.877656692,0.000405959,95.849547000,4.611256000,91.238291000,109.210751583,103.956697190
mulps,1600,0x00,56,0.877554984,0.000242608,95.766051000,4.671496000,91.094555000,109.128262901,103.804954293
mulps,1600,0x00,57,0.877525811,0.000203368,95.667968000,4.697986000,90.969982000,109.020118656,103.666445929
mulps,1600,0x00,58,0.877550877,0.000238891,95.500304000,4.687793000,90.812511000,108.825945541,103.484041019
mulps,1600,0x00,59,0.877534318,0.000208196,95.643676000,4.774280000,90.869396000,108.991379582,103.550817430
mulps,1600,0x00,60,0.881729159,0.021861228,105.698704000,5.353013000,100.345691000,119.876611660,113.805571654
mulps,1600,0x00,61,0.877899144,0.001192061,96.150145000,4.825122000,91.325023000,109.522996673,104.026782177
mulps,1600,0x00,62,0.877657967,0.000342390,95.659057000,4.735278000,90.923779000,108.993549393,103.598192458
mulps,1600,0x00,63,0.877642238,0.000269391,95.704223000,4.716541000,90.987682000,109.046965704,103.672861317
mulps,1600,0x00,64,0.877600316,0.000243622,95.595885000,4.776172000,90.819713000,108.928726677,103.486417792
mulps,1600,0x00,65,0.880144821,0.007818467,98.923148000,4.953845000,93.969303000,112.394171490,106.765728444
mulps,1600,0x00,66,0.877679962,0.000430447,95.563843000,4.673877000,90.889966000,108.882334327,103.557070899
mulps,1600,0x00,67,0.877613895,0.000283970,95.580321000,4.675708000,90.904613000,108.909306901,103.581556249
mulps,1600,0x00,68,0.881710925,0.021382118,105.388585000,5.329637000,100.058948000,119.527366680,113.482713211
mulps,1600,0x00,69,0.877576605,0.000277048,95.612304000,4.785327000,90.826977000,108.950379314,103.497491245
mulps,1600,0x00,70,0.877566563,0.000153733,95.538940000,4.788623000,90.750317000,108.868026633,103.411320328
mulps,1600,0x00,71,0.877853643,0.000935102,95.787292000,4.777027000,91.010265000,109.115332396,103.673620055
mulps,1600,0x00,72,0.877698850,0.000455086,95.520446000,4.763781000,90.756665000,108.830547025,103.402966713
mulps,1600,0x00,73,0.877568952,0.000229496,95.586853000,4.782947000,90.803906000,108.922327749,103.472104162
mulps,1600,0x00,74,0.877587271,0.000262770,95.547424000,4.707813000,90.839611000,108.875125191,103.510629653
mulps,1600,0x00,75,0.877566697,0.000235037,95.616027000,4.769824000,90.846203000,108.955851846,103.520568104
mulps,1600,0x00,76,0.877577068,0.000258279,95.749816000,4.708362000,91.041454000,109.107016859,103.741833367
mulps,1600,0x00,77,0.877643781,0.000416675,95.896666000,4.663013000,91.233653000,109.266046271,103.952941911
mulps,1600,0x00,78,0.877528924,0.000148629,95.649047000,4.737475000,90.911572000,108.998170171,103.599516213
mulps,1600,0x00,79,0.878830695,0.006531803,98.582450000,4.927905000,93.654545000,112.174563939,106.567221106
mulps,1600,0x00,80,0.877626358,0.000251373,95.668944000,4.714038000,90.954906000,109.008740623,103.637391007
mulps,1600,0x00,81,0.877900014,0.000911897,96.161497000,4.726734000,91.434763000,109.535818997,104.151681936
mulps,1600,0x00,82,0.877635181,0.000276504,95.627441000,4.784229000,90.843212000,108.960355085,103.509082049
mulps,1600,0x00,83,0.877674137,0.000369774,95.616272000,4.757434000,90.858838000,108.942793160,103.522291634
mulps,1600,0x00,84,0.878506411,0.004762945,97.725153000,4.872424000,92.852729000,111.240113616,105.693854719
mulps,1600,0x00,85,0.877614130,0.000279345,95.688536000,4.719470000,90.969066000,109.032583607,103.654969643
mulps,1600,0x00,86,0.877634585,0.000252555,95.749633000,4.670032000,91.079601000,109.099657913,103.778500247
mulps,1600,0x00,87,0.877601672,0.000163348,95.496521000,4.668629000,90.827892000,108.815336249,103.495577695
mulps,1600,0x00,88,0.877667567,0.000436043,95.647766000,4.637317000,91.010449000,108.979492522,103.695809751
mulps,1600,0x00,89,0.877571078,0.000234346,95.574951000,4.738086000,90.836865000,108.908501426,103.509410551
mulps,1600,0x00,90,0.877610635,0.000259961,95.603026000,4.748401000,90.854625000,108.935582788,103.524981765
mulps,1600,0x00,91,0.877880565,0.000917417,95.900023000,4.835742000,91.064281000,109.240398791,103.731970659
mulps,1600,0x00,92,0.877674265,0.000327953,95.630431000,4.822619000,90.807812000,108.958909769,103.464138879
mulps,1600,0x00,93,0.877602549,0.000251681,95.643371000,4.734912000,90.908459000,108.982558394,103.587277799
mulps,1600,0x00,94,0.877628222,0.000286436,95.673461000,4.819751000,90.853710000,109.013655916,103.521864654
mulps,1600,0x00,95,0.877666308,0.000354112,95.596618000,4.780383000,90.816235000,108.921371573,103.474673940
mulps,1600,0x00,96,0.877586793,0.000161829,95.710815000,4.817188000,90.893627000,109.061366696,103.572236686
mulps,1600,0x00,97,0.877599451,0.000280211,95.753173000,4.770862000,90.982311000,109.108059331,103.671795677
mulps,1600,0x00,98,0.877582158,0.000245951,95.760741000,4.792651000,90.968090000,109.118833057,103.657633833
mulps,1600,0x00,99,0.877605761,0.000274120,95.743713000,4.704761000,91.038952000,109.096495537,103.735590666
mulps,1600,0xAA,0,0.877661483,0.000273336,95.667358000,4.907458000,90.759900000,109.002570860,103.411055117
mulps,1600,0xAA,1,0.877604265,0.000253873,95.649230000,4.765735000,90.883495000,108.989021392,103.558629596
mulps,1600,0xAA,2,0.877601722,0.000237169,95.569763000,4.655811000,90.913952000,108.898786970,103.593634437
mulps,1600,0xAA,3,0.877609763,0.000271121,95.733702000,4.756458000,90.977244000,109.084591000,103.664803979
mulps,1600,0xAA,4,0.877656270,0.000426136,95.793029000,4.707446000,91.085583000,109.146407625,103.782751988
mulps,1600,0xAA,5,0.877842740,0.000999652,95.892272000,4.768177000,91.124095000,109.236276174,103.804577783
mulps,1600,0xAA,6,0.877642353,0.000287023,95.427796000,4.714832000,90.712964000,108.731985964,103.359829545
mulps,1600,0xAA,7,0.877560837,0.000136078,95.611694000,4.723437000,90.888257000,108.951641807,103.569180786
mulps,1600,0xAA,8,0.884436653,0.035678071,112.072589000,5.764755000,106.307834000,126.716355137,120.198358646
mulps,1600,0xAA,9,0.877570144,0.000152915,95.509765000,4.731250000,90.778515000,108.834337178,103.443030250
mulps,1600,0xAA,10,0.877583042,0.000357882,95.555480000,4.719898000,90.835582000,108.884829614,103.506537447
mulps,1600,0xAA,11,0.884015652,0.033190751,110.896017000,5.714219000,105.181798000,125.445761919,118.981827725
mulps,1600,0xAA,12,0.877742056,0.000450775,95.718260000,4.745532000,90.972728000,109.050556876,103.644034575
mulps,1600,0xAA,13,0.877611950,0.000231054,95.662048000,4.813647000,90.848401000,109.002672483,103.517734638
mulps,1600,0xAA,14,0.877578084,0.000254925,95.651672000,4.724231000,90.927441000,108.995055551,103.611795546
mulps,1600,0xAA,15,0.877616574,0.000418700,95.719664000,4.664051000,91.055613000,109.067748746,103.753296925
mulps,1600,0xAA,16,0.877549789,0.000241966,95.538330000,4.765979000,90.772351000,108.869412594,103.438405645
mulps,1600,0xAA,17,0.877541759,0.000208067,95.528625000,4.704517000,90.824108000,108.859349494,103.498331681
mulps,1600,0xAA,18,0.881502176,0.020285802,104.904211000,5.330186000,99.574025000,119.006184912,112.959477209
mulps,1600,0xAA,19,0.877620869,0.000248507,95.608886000,4.744495000,90.864391000,108.940989625,103.534902365
mulps,1600,0xAA,20,0.877581173,0.000167328,95.696044000,4.726306000,90.969738000,109.045233639,103.659628127
mulps,1600,0xAA,21,0.877918068,0.000955144,95.919188000,4.746082000,91.173106000,109.257562299,103.851497458
mulps,1600,0xAA,22,0.877683354,0.000294224,95.629028000,4.747607000,90.881421000,108.956182807,103.546934726
mulps,1600,0xAA,23,0.877667791,0.000288595,95.722534000,4.836352000,90.886182000,109.064654068,103.554195498
mulps,1600,0xAA,24,0.877611695,0.000255473,95.657226000,4.794299000,90.862927000,108.997209760,103.534316515
mulps,1600,0xAA,25,0.877647031,0.000293700,95.714660000,4.706897000,91.007763000,109.058262108,103.695175547
mulps,1600,0xAA,26,0.877725322,0.000438904,95.767516000,4.765368000,91.002148000,109.108753756,103.679529052
mulps,1600,0xAA,27,0.877654649,0.000291148,95.496338000,4.799853000,90.696485000,108.808559413,103.339605301
mulps,1600,0xAA,28,0.877606371,0.000174239,95.557800000,4.788257000,90.769543000,108.884578791,103.428537038
mulps,1600,0xAA,29,0.877624345,0.000249433,95.631835000,4.732898000,90.898937000,108.966707189,103.573855420
mulps,1600,0xAA,30,0.877664886,0.000293615,95.672546000,4.742725000,90.929821000,109.008059343,103.604259927
mulps,1600,0xAA,31,0.885512689,0.039330887,113.938246000,5.916489000,108.021757000,128.669241412,121.987813725
mulps,1600,0xAA,32,0.877748665,0.000469837,95.808532000,4.756518000,91.052014000,109.152580711,103.733583007
mulps,1600,0xAA,33,0.877601321,0.000247172,95.739013000,4.761462000,90.977551000,109.091691945,103.666150889
mulps,1600,0xAA,34,0.877590338,0.000277625,95.752379000,4.742480000,91.009899000,109.108287643,103.704308364
mulps,1600,0xAA,35,0.877598607,0.000248718,95.591735000,4.811450000,90.780285000,108.924210009,103.441692193
mulps,1600,0xAA,36,0.877726074,0.000762238,95.834166000,4.791004000,91.043162000,109.184595128,103.726167786
mulps,1600,0xAA,37,0.877724334,0.000448839,95.566162000,4.889208000,90.676954000,108.879471906,103.309148960
mulps,1600,0xAA,38,0.877610496,0.000180683,95.514221000,4.818896000,90.695325000,108.834410473,103.343482528
mulps,1600,0xAA,39,0.877600723,0.000288104,95.539734000,4.856982000,90.682752000,108.864693796,103.330306834
mulps,1600,0xAA,40,0.877604399,0.000250183,95.550598000,4.774951000,90.775647000,108.876617017,103.435724734
mulps,1600,0xAA,41,0.877921636,0.000981433,96.135435000,4.855212000,91.280223000,109.503435234,103.973087420
mulps,1600,0xAA,42,0.877669816,0.000300773,95.831420000,4.831653000,90.999767000,109.188464963,103.683373060
mulps,1600,0xAA,43,0.877766261,0.000357512,95.713195000,4.817249000,90.895946000,109.041779399,103.553702204
mulps,1600,0xAA,44,0.877585357,0.000244244,95.519408000,4.770861000,90.748547000,108.843438739,103.407088914
mulps,1600,0xAA,45,0.879061957,0.007567804,98.987052000,4.959032000,94.028020000,112.605318963,106.964041959
mulps,1600,0xAA,46,0.877584547,0.000247912,95.713805000,4.823535000,90.890270000,109.065052829,103.568676422
mulps,1600,0xAA,47,0.884032600,0.033520457,111.265950000,5.778367000,105.487583000,125.861817705,119.325444502
mulps,1600,0xAA,48,0.877622487,0.000387222,95.737243000,4.815600000,90.921643000,109.087044143,103.599946820
mulps,1600,0xAA,49,0.877576652,0.000231000,95.673705000,4.903186000,90.770519000,109.020340048,103.433151750
mulps,1600,0xAA,50,0.877648891,0.000267057,95.524597000,4.997729000,90.526868000,108.841471821,103.147020369
mulps,1600,0xAA,51,0.877873122,0.001076764,95.987425000,4.881823000,91.105602000,109.340886069,103.779919594
mulps,1600,0xAA,52,0.877668510,0.000338793,95.431153000,4.759631000,90.671522000,108.732570403,103.309530898
mulps,1600,0xAA,53,0.877584034,0.000238637,95.502380000,4.757983000,90.744397000,108.824199516,103.402515875
mulps,1600,0xAA,54,0.877685367,0.000364023,95.593688000,4.752185000,90.841503000,108.915667976,103.501216306
mulps,1600,0xAA,55,0.877599693,0.000237806,95.707336000,4.929675000,90.777661000,109.055799339,103.438574264
mulps,1600,0xAA,56,0.877597991,0.000278177,95.655517000,4.874377000,90.781140000,108.996964380,103.442739042
mulps,1600,0xAA,57,0.877563611,0.000152363,95.593993000,4.748279000,90.845714000,108.931126830,103.520374902
mulps,1600,0xAA,58,0.877591045,0.000218577,95.479431000,4.784045000,90.695386000,108.797180122,103.345842592
mulps,1600,0xAA,59,0.877672388,0.000437818,95.580199000,4.847766000,90.732433000,108.901909536,103.378474976
mulps,1600,0xAA,60,0.877571361,0.000214073,95.572265000,4.832873000,90.739392000,108.905405648,103.398305920
mulps,1600,0xAA,61,0.877839748,0.000948439,96.010009000,4.991320000,91.018689000,109.370769796,103.684857292
mulps,1600,0xAA,62,0.877618761,0.000293199,95.623961000,4.837756000,90.786205000,108.958428414,103.446062211
mulps,1600,0xAA,63,0.877571167,0.000240171,95.658019000,4.815967000,90.842052000,109.003147065,103.515310659
mulps,1600,0xAA,64,0.877545658,0.000227766,95.785888000,4.860400000,90.925488000,109.152027756,103.613398562
mulps,1600,0xAA,65,0.877565843,0.000149655,95.705809000,4.764636000,90.941173000,109.058265820,103.628888598
mulps,1600,0xAA,66,0.878583593,0.005093933,98.034906000,4.917773000,93.117133000,111.582900975,105.985513268
mulps,1600,0xAA,67,0.877576273,0.000231537,95.772216000,4.828662000,90.943554000,109.132640586,103.630370131
mulps,1600,0xAA,68,0.877578869,0.000250205,95.771605000,4.865222000,90.906383000,109.131621492,103.587707241
mulps,1600,0xAA,69,0.877584390,0.000218582,95.683776000,4.913745000,90.770031000,109.030854584,103.431683660
mulps,1600,0xAA,70,0.877602482,0.000254662,95.536926000,4.899463000,90.637463000,108.861275947,103.278494336
mulps,1600,0xAA,71,0.877930493,0.000993315,95.877929000,4.851489000,91.026440000,109.209020321,103.682968952
mulps,1600,0xAA,72,0.877646775,0.000293116,95.737425000,4.778002000,90.959423000,109.084232654,103.640126738
mulps,1600,0xAA,73,0.877553967,0.000220097,95.633606000,4.791919000,90.841687000,108.977464148,103.516923624
mulps,1600,0xAA,74,0.877536987,0.000147760,95.463744000,4.768482000,90.695262000,108.786006014,103.352067539
mulps,1600,0xAA,75,0.877577874,0.000256143,95.541748000,4.751880000,90.789868000,108.869823189,103.455055862
mulps,1600,0xAA,76,0.877564380,0.000229186,95.748778000,4.741077000,91.007701000,109.107411597,103.704871215
mulps,1600,0xAA,77,0.877647548,0.000360567,95.803222000,4.847400000,90.955822000,109.159106347,103.635932480
mulps,1600,0xAA,78,0.886032202,0.030770679,107.565093000,5.526719000,102.038374000,121.400884474,115.163279354
mulps,1600,0xAA,79,0.877567756,0.000257943,95.779173000,4.789111000,90.990062000,109.141627395,103.684372420
mulps,1600,0xAA,80,0.877543078,0.000214915,95.793089000,4.753955000,91.039134000,109.160554509,103.743207920
mulps,1600,0xAA,81,0.877836057,0.000942956,96.250059000,4.827258000,91.422801000,109.644686221,104.145643476
mulps,1600,0xAA,82,0.877685010,0.000451145,95.863097000,4.761218000,91.101879000,109.222666381,103.797920661
mulps,1600,0xAA,83,0.877567930,0.000136718,95.784362000,4.760791000,91.023571000,109.147518692,103.722535805
mulps,1600,0xAA,84,0.877594927,0.000271445,95.637085000,4.769946000,90.867139000,108.976342174,103.541094252
mulps,1600,0xAA,85,0.877595845,0.000229814,95.714050000,4.764331000,90.949719000,109.063927994,103.635083920
mulps,1600,0xAA,86,0.881858662,0.022060865,105.910679000,5.298570000,100.612109000,120.099380491,114.090968682
mulps,1600,0xAA,87,0.877556098,0.000229506,95.825317000,4.755725000,91.069592000,109.195659698,103.776376517
mulps,1600,0xAA,88,0.877612322,0.000344282,95.813536000,4.762561000,91.050975000,109.175240131,103.748514821
mulps,1600,0xAA,89,0.877569088,0.000231938,95.755126000,4.854113000,90.901013000,109.114059799,103.582742591
mulps,1600,0xAA,90,0.877593249,0.000257601,95.838316000,4.937731000,90.900585000,109.205849243,103.579403269
mulps,1600,0xAA,91,0.877837940,0.000966065,96.112608000,4.934130000,91.178478000,109.487871925,103.867096412
mulps,1600,0xAA,92,0.877623812,0.000230460,95.677612000,4.885547000,90.792065000,109.018933555,103.452144077
mulps,1600,0xAA,93,0.877642616,0.000446864,95.736266000,4.844043000,90.892223000,109.083429056,103.564049170
mulps,1600,0xAA,94,0.877577695,0.000228429,95.772765000,4.890674000,90.882091000,109.133089301,103.560165074
mulps,1600,0xAA,95,0.877576593,0.000255365,95.788023000,4.808947000,90.979076000,109.150612855,103.670809683
mulps,1600,0xAA,96,0.877592193,0.000231183,95.706481000,4.734363000,90.972118000,109.055757112,103.661038426
mulps,1600,0xAA,97,0.881635120,0.020982276,105.369787000,5.413865000,99.955922000,119.516322165,113.375612841
mulps,1600,0xAA,98,0.877558484,0.000221432,95.715637000,4.717700000,90.997937000,109.070379691,103.694441689
mulps,1600,0xAA,99,0.877642108,0.000345871,95.761840000,4.698169000,91.063671000,109.112631534,103.759459718
mulps,1800,0x00,0,0.780270432,0.000818526,88.495562000,4.240101000,84.255461000,113.416526274,107.982383413
mulps,1800,0x00,1,0.780074852,0.000287044,88.138507000,4.252187000,83.886320000,112.987243178,107.536244483
mulps,1800,0x00,2,0.780066797,0.000333810,88.240741000,4.199086000,84.041655000,113.119467963,107.736485354
mulps,1800,0x00,3,0.780007538,0.000192410,88.199298000,4.300038000,83.899260000,113.074930273,107.562114320
mulps,1800,0x00,4,0.780035284,0.000220939,88.161579000,4.304982000,83.856597000,113.022552780,107.503594740
mulps,1800,0x00,5,0.780029109,0.000195129,88.151447000,4.335377000,83.816070000,113.010458147,107.452489926
mulps,1800,0x00,6,0.780274713,0.000815424,88.373125000,4.320301000,84.052824000,113.258988757,107.722091399
mulps,1800,0x00,7,0.780051540,0.000192908,87.985675000,4.347218000,83.638457000,112.794694351,107.221706184
mulps,1800,0x00,8,0.779996323,0.000188946,88.036334000,4.305775000,83.730559000,112.867627003,107.347376618
mulps,1800,0x00,9,0.784482508,0.020146138,97.620599000,4.936083000,92.684516000,124.439484572,118.147332807
mulps,1800,0x00,10,0.780239935,0.000582492,88.106220000,4.363819000,83.742401000,112.921956547,107.329037233
mulps,1800,0x00,11,0.780053076,0.000240936,87.873860000,4.376637000,83.497223000,112.651129334,107.040438046
mulps,1800,0x00,12,0.780390464,0.000927847,88.354937000,4.388722000,83.966215000,113.218883495,107.595132048
mulps,1800,0x00,13,0.780005263,0.000190361,88.103656000,4.296498000,83.807158000,112.952642972,107.444349370
mulps,1800,0x00,14,0.785383810,0.027365835,101.186143000,5.169481000,96.016662000,128.836553245,122.254445317
mulps,1800,0x00,15,0.780205328,0.000539937,88.126727000,4.342824000,83.783903000,112.953249461,107.386991649
mulps,1800,0x00,16,0.780083088,0.000269003,87.999592000,4.276966000,83.722626000,112.807973102,107.325267392
mulps,1800,0x00,17,0.779992186,0.000112784,87.928547000,4.224965000,83.703582000,112.730035708,107.313359651
mulps,1800,0x00,18,0.780895469,0.004509191,89.886672000,4.292164000,85.594508000,115.107175786,109.610711571
mulps,1800,0x00,19,0.780018751,0.000234350,88.078266000,4.226673000,83.851593000,112.918139349,107.499458073
mulps,1800,0x00,20,0.780001921,0.000196861,88.064045000,4.228382000,83.835663000,112.902343809,107.481354592
mulps,1800,0x00,21,0.780274847,0.000849205,88.190081000,4.241505000,83.948576000,113.024380298,107.588468813
mulps,1800,0x00,22,0.780078174,0.000307777,88.103046000,4.171193000,83.931853000,112.941303685,107.594156262
mulps,1800,0x00,23,0.785146372,0.026750022,100.584338000,5.041063000,95.543275000,128.109027340,121.688488213
mulps,1800,0x00,24,0.782801359,0.014427127,94.830873000,4.753284000,90.077589000,121.142959029,115.070813211
mulps,1800,0x00,25,0.779987566,0.000194023,88.124286000,4.428944000,83.695342000,112.981654915,107.303431064
mulps,1800,0x00,26,0.780039234,0.000227324,88.224750000,4.343678000,83.881072000,113.102964788,107.534426935
mulps,1800,0x00,27,0.780062225,0.000328687,88.099140000,4.320728000,83.778412000,112.938605609,107.399652612
mulps,1800,0x00,28,0.779994991,0.000199139,87.987262000,4.369740000,83.617522000,112.804906518,107.202639769
mulps,1800,0x00,29,0.780027643,0.000219450,88.056232000,4.314869000,83.741363000,112.888604370,107.356917079
mulps,1800,0x00,30,0.780119888,0.000363254,88.180194000,4.289357000,83.890837000,113.034157073,107.535826542
mulps,1800,0x00,31,0.780316882,0.000810136,88.331866000,4.285207000,84.046659000,113.199993507,107.708369402
mulps,1800,0x00,32,0.780023412,0.000163772,87.968098000,4.345753000,83.622345000,112.776227737,107.204916760
mulps,1800,0x00,33,0.779993712,0.000187022,88.039875000,4.262868000,83.777007000,112.872544526,107.407285084
mulps,1800,0x00,34,0.780649006,0.003422326,89.376053000,4.525563000,84.850490000,114.489421446,108.692241192
mulps,1800,0x00,35,0.780438301,0.002475379,89.167252000,4.411915000,84.755337000,114.252788366,108.599663710
mulps,1800,0x00,36,0.780048275,0.000207759,88.104816000,4.332264000,83.772552000,112.947901784,107.394060905
mulps,1800,0x00,37,0.780014868,0.000119620,87.932148000,4.332875000,83.599273000,112.731374264,107.176512199
mulps,1800,0x00,38,0.780009979,0.000202256,88.010883000,4.238392000,83.772491000,112.833021850,107.399255470
mulps,1800,0x00,39,0.780552843,0.002753213,89.319290000,4.313709000,85.005581000,114.430804757,108.904325624
mulps,1800,0x00,40,0.780064252,0.000365656,88.085101000,4.257191000,83.827910000,112.920314969,107.462827345
mulps,1800,0x00,41,0.781912775,0.009549641,92.654182000,4.541736000,88.112446000,118.496825887,112.688331457
mulps,1800,0x00,42,0.780062197,0.000255785,88.127704000,4.255177000,83.872527000,112.975227318,107.520307162
mulps,1800,0x00,43,0.780046353,0.000204348,87.896564000,4.244374000,83.652190000,112.681206308,107.240024530
mulps,1800,0x00,44,0.780100639,0.000248771,88.039020000,4.182790000,83.856230000,112.855977245,107.494117776
mulps,1800,0x00,45,0.781057162,0.005053343,90.362806000,4.441883000,85.920923000,115.692948529,110.005934546
mulps,1800,0x00,46,0.780049408,0.000135044,87.969257000,4.181081000,83.788176000,112.773955252,107.413934517
mulps,1800,0x00,47,0.780114211,0.000337084,88.156208000,4.183155000,83.973053000,113.004232982,107.641998910
mulps,1800,0x00,48,0.780059894,0.000215471,88.042255000,4.245045000,83.797210000,112.866019234,107.424071721
mulps,1800,0x00,49,0.780070044,0.000245738,88.027240000,4.301624000,83.725616000,112.845302338,107.330894970
mulps,1800,0x00,50,0.780098637,0.000215145,88.156329000,4.392750000,83.763579000,113.006644061,107.375625377
mulps,1800,0x00,51,0.780309069,0.000829987,88.409747000,4.267445000,84.142302000,113.300934874,107.832018556
mulps,1800,0x00,52,0.780132951,0.000377691,88.200763000,4.257496000,83.943267000,113.058630464,107.601232471
mulps,1800,0x00,53,0.780095215,0.000371838,87.933185000,4.183461000,83.749724000,112.721092658,107.358335753
mulps,1800,0x00,54,0.781446088,0.007368990,91.435191000,4.385426000,87.049765000,117.007676366,111.395739643
mulps,1800,0x00,55,0.780013412,0.000203662,88.004963000,4.250294000,83.754669000,112.824935574,107.375934400
mulps,1800,0x00,56,0.783909853,0.020115588,97.323726000,4.775195000,92.548531000,124.151680991,118.060170620
mulps,1800,0x00,57,0.780031752,0.000242152,88.280474000,4.302602000,83.977872000,113.175487702,107.659555835
mulps,1800,0x00,58,0.780035952,0.000215880,88.231769000,4.245960000,83.985809000,113.112438982,107.669151412
mulps,1800,0x00,59,0.780091576,0.000334774,87.952411000,4.203236000,83.749175000,112.746264272,107.358132764
mulps,1800,0x00,60,0.780026778,0.000198081,87.952595000,4.229726000,83.722869000,112.755866174,107.333326693
mulps,1800,0x00,61,0.780260690,0.000787853,88.208942000,4.257435000,83.951507000,113.050603659,107.594177294
mulps,1800,0x00,62,0.780078229,0.000263077,88.120807000,4.296864000,83.823943000,112.964064091,107.455816529
mulps,1800,0x00,63,0.780006043,0.000203397,88.097552000,4.228077000,83.869475000,112.944704419,107.524134878
mulps,1800,0x00,64,0.780044955,0.000241439,88.024555000,4.171193000,83.853362000,112.845489789,107.498114649
mulps,1800,0x00,65,0.780082868,0.000332488,87.946186000,4.143971000,83.802215000,112.739542958,107.427324000
mulps,1800,0x00,66,0.780053049,0.000216592,88.031452000,4.146657000,83.884795000,112.853160513,107.537295133
mulps,1800,0x00,67,0.780040302,0.000241144,88.026020000,4.259815000,83.766205000,112.848041054,107.387021938
mulps,1800,0x00,68,0.780009978,0.000204549,88.032551000,4.270253000,83.762298000,112.860801060,107.386187762
mulps,1800,0x00,69,0.780027756,0.000231678,88.132221000,4.278981000,83.853240000,112.986006365,107.500328493
mulps,1800,0x00,70,0.780047186,0.000209910,88.152118000,4.227406000,83.924712000,113.008699482,107.589276045
mulps,1800,0x00,71,0.780392791,0.001590292,88.685564000,4.226612000,84.458952000,113.642213232,108.226207284
mulps,1800,0x00,72,0.780177307,0.000349604,88.035480000,4.149892000,83.885588000,112.840349554,107.521184328
mulps,1800,0x00,73,0.780034785,0.000209140,88.021808000,4.221913000,83.799895000,112.843439417,107.430971817
mulps,1800,0x00,74,0.780047160,0.000133101,87.978107000,4.238453000,83.739654000,112.785625607,107.352040031
mulps,1800,0x00,75,0.780056902,0.000247682,87.887287000,4.189748000,83.697539000,112.667789709,107.296709742
mulps,1800,0x00,76,0.780043136,0.000210533,88.000752000,4.174184000,83.826568000,112.815238003,107.464015988
mulps,1800,0x00,77,0.780082090,0.000244788,88.209553000,4.206227000,84.003326000,113.077269871,107.685238629
mulps,1800,0x00,78,0.780112072,0.000376461,88.123431000,4.263905000,83.859526000,112.962526979,107.496767440
mulps,1800,0x00,79,0.780012677,0.000132977,87.993305000,4.161794000,83.831511000,112.810095972,107.474549358
mulps,1800,0x00,80,0.780022373,0.000245599,87.888874000,4.173879000,83.714995000,112.674811726,107.323838286
mulps,1800,0x00,81,0.780304076,0.000823798,88.319049000,4.211598000,84.107451000,113.185425729,107.788045232
mulps,1800,0x00,82,0.784049240,0.020342866,97.651483000,4.838855000,92.812628000,124.547640701,118.376019386
mulps,1800,0x00,83,0.780027889,0.000200800,88.020771000,4.202626000,83.818145000,112.843107583,107.455318173
mulps,1800,0x00,84,0.780046769,0.000130765,87.815754000,4.171315000,83.644439000,112.577549878,107.230030770
mulps,1800,0x00,85,0.780089002,0.000342590,88.100421000,4.278493000,83.821928000,112.936371058,107.451749446
mulps,1800,0x00,86,0.780078554,0.000221940,88.070270000,4.344776000,83.725494000,112.899232443,107.329567725
mulps,1800,0x00,87,0.780102170,0.000258069,88.068866000,4.227895000,83.840971000,112.894014833,107.474346538
mulps,1800,0x00,88,0.780077327,0.000216594,88.161396000,4.255787000,83.905609000,113.016226706,107.560630377
mulps,1800,0x00,89,0.780043069,0.000127253,87.968525000,4.212147000,83.756378000,112.773933220,107.374042924
mulps,1800,0x00,90,0.780072239,0.000246375,87.876362000,4.302418000,83.573944000,112.651569450,107.136159742
mulps,1800,0x00,91,0.780361019,0.000845799,88.284625000,4.298450000,83.986175000,113.133053556,107.624769706
mulps,1800,0x00,92,0.780996353,0.004605345,90.170607000,4.447071000,85.723536000,115.455861834,109.761762259
mulps,1800,0x00,93,0.779992100,0.000110473,87.767537000,4.222707000,83.544830000,112.523623063,107.109841304
mulps,1800,0x00,94,0.780842532,0.004211360,89.898695000,4.361439000,85.537256000,115.130376826,109.544821712
mulps,1800,0x00,95,0.780009054,0.000238790,88.013691000,4.257375000,83.756316000,112.836755574,107.378645855
mulps,1800,0x00,96,0.780004825,0.000194381,87.972797000,4.277028000,83.695769000,112.784939467,107.301604158
mulps,1800,0x00,97,0.780068744,0.000233168,88.119465000,4.396596000,83.722869000,112.963717249,107.327552443
mulps,1800,0x00,98,0.780088268,0.000270450,88.108722000,4.262440000,83.846282000,112.947118420,107.483070088
mulps,1800,0x00,99,0.786097220,0.031630711,103.049175000,5.194933000,97.854242000,131.089606176,124.481094065
mulps,1800,0xAA,0,0.780321522,0.000833801,88.061237000,4.308949000,83.752288000,112.852503063,107.330485694
mulps,1800,0xAA,1,0.780665881,0.002918961,88.747148000,4.356068000,84.391080000,113.681345888,108.101406879
mulps,1800,0xAA,2,0.780066519,0.000251111,87.622457000,4.218190000,83.404267000,112.326903978,106.919429235
mulps,1800,0xAA,3,0.780063333,0.000261707,87.868427000,4.231984000,83.636443000,112.642683304,107.217503296
mulps,1800,0xAA,4,0.780023487,0.000217404,87.430562000,4.346973000,83.083589000,112.087089039,106.514214537
mulps,1800,0xAA,5,0.780076451,0.000260348,87.507832000,4.354115000,83.153717000,112.178533122,106.596881485
mulps,1800,0xAA,6,0.780284473,0.000867864,87.936848000,4.402759000,83.534089000,112.698446526,107.055941581
mulps,1800,0xAA,7,0.781257908,0.005971276,90.017226000,4.419301000,85.597925000,115.220882997,109.564234975
mulps,1800,0xAA,8,0.781149676,0.005474609,89.979079000,4.339039000,85.640040000,115.188012951,109.633329728
mulps,1800,0xAA,9,0.780049659,0.000215028,87.696186000,4.261829000,83.434357000,112.423850123,106.960314631
mulps,1800,0xAA,10,0.780087762,0.000257160,87.632771000,4.213246000,83.419525000,112.337066752,106.936077011
mulps,1800,0xAA,11,0.780082237,0.000223464,87.635029000,4.177724000,83.457305000,112.340756971,106.985265201
mulps,1800,0xAA,12,0.780302613,0.000802469,88.126483000,4.242238000,83.884245000,112.938854111,107.502196681
mulps,1800,0xAA,13,0.780034466,0.000138278,87.804585000,4.175770000,83.628815000,112.565006798,107.211692066
mulps,1800,0xAA,14,0.780132604,0.000344216,87.856403000,4.213063000,83.643340000,112.617268615,107.216823897
mulps,1800,0xAA,15,0.780149366,0.000353665,87.730916000,4.227285000,83.503631000,112.453999016,107.035440486
mulps,1800,0xAA,16,0.780082645,0.000224637,87.810750000,4.300648000,83.510102000,112.565957726,107.052890580
mulps,1800,0xAA,17,0.780063966,0.000136459,87.487508000,4.325368000,83.162140000,112.154274297,106.609385430
mulps,1800,0xAA,18,0.780101776,0.000261728,88.007221000,4.264759000,83.742462000,112.815050230,107.348123820
mulps,1800,0xAA,19,0.780066699,0.000224330,87.781453000,4.248951000,83.532502000,112.530701753,107.083794446
mulps,1800,0xAA,20,0.780087579,0.000268566,88.008319000,4.298023000,83.710296000,112.818510902,107.308843632
mulps,1800,0xAA,21,0.780349756,0.000901900,88.053058000,4.341054000,83.712004000,112.837938777,107.274979391
mulps,1800,0xAA,22,0.780071674,0.000205819,87.459676000,4.336659000,83.123017000,112.117487368,106.558178977
mulps,1800,0xAA,23,0.780036072,0.000245766,87.857990000,4.303761000,83.554229000,112.633239905,107.115852753
mulps,1800,0xAA,24,0.780053367,0.000214251,87.694783000,4.364552000,83.330231000,112.421517186,106.826320517
mulps,1800,0xAA,25,0.783954757,0.020151438,97.192684000,5.036914000,92.155770000,123.977414676,117.552408698
mulps,1800,0xAA,26,0.780006398,0.000202461,87.483052000,4.279652000,83.203400000,112.156839011,106.670150682
mulps,1800,0xAA,27,0.780019744,0.000131142,87.547811000,4.258961000,83.288850000,112.237942269,106.777874069
mulps,1800,0xAA,28,0.780167303,0.000345814,88.044147000,4.312856000,83.731291000,112.852905649,107.324788815
mulps,1800,0xAA,29,0.780113187,0.000471762,88.097248000,4.341847000,83.755401000,112.928802461,107.363139591
mulps,1800,0xAA,30,0.780112704,0.000279566,87.880513000,4.402820000,83.477693000,112.651047165,107.007221628
mulps,1800,0xAA,31,0.781685718,0.007440671,91.291515000,4.507374000,86.784141000,116.788004248,111.021781463
mulps,1800,0xAA,32,0.780045050,0.000189665,87.238241000,4.317494000,82.920747000,111.837439435,106.302510392
mulps,1800,0xAA,33,0.780020317,0.000249550,87.943439000,4.373890000,83.569549000,112.745062019,107.137656794
mulps,1800,0xAA,34,0.780095728,0.000370149,87.838338000,4.473072000,83.365266000,112.599434756,106.865430786
mulps,1800,0xAA,35,0.780047397,0.000251004,87.831257000,4.373402000,83.457855000,112.597333677,106.990748720
mulps,1800,0xAA,36,0.780013336,0.000119984,87.829182000,4.356129000,83.473053000,112.599590241,107.014904955
mulps,1800,0xAA,37,0.783483745,0.017981712,96.301023000,4.925342000,91.375681000,122.913874920,116.627411374
mulps,1800,0xAA,38,0.780011860,0.000245535,87.723225000,4.375538000,83.347687000,112.463963074,106.854384264
mulps,1800,0xAA,39,0.780027869,0.000198727,87.645650000,4.292164000,83.353486000,112.362203331,106.859625575
mulps,1800,0xAA,40,0.781232870,0.006207185,90.814282000,4.444752000,86.369530000,116.244829791,110.555422482
mulps,1800,0xAA,41,0.780282951,0.000819859,88.218890000,4.348683000,83.870207000,113.060127605,107.486914715
mulps,1800,0xAA,42,0.780058546,0.000199183,87.415548000,4.248097000,83.167451000,112.062804014,106.616934573
mulps,1800,0xAA,43,0.781512090,0.006492774,90.760265000,4.488147000,86.272118000,116.134179042,110.391277484
mulps,1800,0xAA,44,0.780091061,0.000212586,87.980488000,4.274159000,83.706329000,112.782330662,107.303279288
mulps,1800,0xAA,45,0.780044731,0.000234422,87.763569000,4.263661000,83.499908000,112.510943909,107.045025315
mulps,1800,0xAA,46,0.780075487,0.000333270,88.004780000,4.277943000,83.726837000,112.815722855,107.331711284
mulps,1800,0xAA,47,0.780011683,0.000202547,87.874347000,4.166310000,83.708037000,112.657731794,107.316388722
mulps,1800,0xAA,48,0.780049335,0.000250919,87.587971000,4.171009000,83.416962000,112.285168455,106.938059225
mulps,1800,0xAA,49,0.780317828,0.001414541,88.160235000,4.285756000,83.874479000,112.979906177,107.487585169
mulps,1800,0xAA,50,0.780043807,0.000247940,87.858967000,4.293263000,83.565704000,112.633375453,107.129501234
mulps,1800,0xAA,51,0.780275342,0.000835694,88.166950000,4.285206000,83.881744000,112.994663933,107.502748744
mulps,1800,0xAA,52,0.780071038,0.000248075,88.045857000,4.245229000,83.800628000,112.869024424,107.426918776
mulps,1800,0xAA,53,0.780073126,0.000344177,87.665547000,4.269032000,83.396515000,112.381190991,106.908586108
mulps,1800,0xAA,54,0.780027026,0.000214769,87.699483000,4.236684000,83.462799000,112.431338957,106.999880999
mulps,1800,0xAA,55,0.780064046,0.000250720,87.691060000,4.287831000,83.403229000,112.415205451,106.918437561
mulps,1800,0xAA,56,0.780041624,0.000141071,88.036823000,4.222524000,83.814299000,112.861698990,107.448495555
mulps,1800,0xAA,57,0.780058635,0.000215816,87.716084000,4.190541000,83.525543000,112.448064897,107.075980271
mulps,1800,0xAA,58,0.780083531,0.000257584,87.915058000,4.309559000,83.605499000,112.699543762,107.175059741
mulps,1800,0xAA,59,0.783983892,0.019929002,97.029354000,4.795032000,92.234322000,123.764474000,117.648236090
mulps,1800,0xAA,60,0.783935142,0.020329793,97.168269000,4.811755000,92.356514000,123.949372531,117.811422157
mulps,1800,0xAA,61,0.780238100,0.000884942,88.253558000,4.309743000,83.943815000,113.111059267,107.587433853
mulps,1800,0xAA,62,0.780115098,0.000287832,87.865986000,4.235401000,83.630585000,112.632079868,107.202879726
mulps,1800,0xAA,63,0.780059895,0.000255650,87.803425000,4.354725000,83.448700000,112.559850292,106.977298198
mulps,1800,0xAA,64,0.780046473,0.000210882,87.626668000,4.299977000,83.326691000,112.335188967,106.822726382
mulps,1800,0xAA,65,0.780090677,0.000254639,87.247458000,4.251149000,82.996309000,111.842713449,106.393155945
mulps,1800,0xAA,66,0.780783423,0.003520482,89.426345000,4.344594000,85.081751000,114.534123457,108.969719974
mulps,1800,0xAA,67,0.785503943,0.028502889,100.572496000,5.073778000,95.498718000,128.035634890,121.576370047
mulps,1800,0xAA,68,0.786907828,0.035736854,104.150185000,5.250964000,98.899221000,132.353728400,125.680819820
mulps,1800,0xAA,69,0.780013415,0.000206939,87.584981000,4.240834000,83.344147000,112.286506032,106.849632870
mulps,1800,0xAA,70,0.780086828,0.000251982,87.873249000,4.233022000,83.640227000,112.645472009,107.219124780
mulps,1800,0xAA,71,0.780366005,0.000873340,87.965412000,4.164967000,83.800445000,112.723275279,107.386078408
mulps,1800,0xAA,72,0.780060321,0.000194375,87.336141000,4.147267000,83.188874000,111.960753112,106.644155294
mulps,1800,0xAA,73,0.780034124,0.000239380,87.784382000,4.152272000,83.632110000,112.539156007,107.215963251
mulps,1800,0xAA,74,0.780046665,0.000212465,87.449606000,4.174794000,83.274812000,112.108172467,106.756192656
mulps,1800,0xAA,75,0.780071460,0.000255900,87.515828000,4.167165000,83.348663000,112.189501152,106.847471335
mulps,1800,0xAA,76,0.780052768,0.000212793,87.881245000,4.152150000,83.729095000,112.660641148,107.337732020
mulps,1800,0xAA,77,0.780022065,0.000129591,87.432393000,4.235524000,83.196869000,112.089640690,106.659635322
mulps,1800,0xAA,78,0.780093443,0.000338124,87.391073000,4.261586000,83.129487000,112.026416497,106.563499155
mulps,1800,0xAA,79,0.780023195,0.000203203,87.390035000,4.227345000,83.162690000,112.035174790,106.615662874
mulps,1800,0xAA,80,0.780049700,0.000249255,87.554219000,4.225331000,83.328888000,112.241846857,106.825100977
mulps,1800,0xAA,81,0.780244325,0.000838345,88.061909000,4.357228000,83.704681000,112.864529977,107.280089487
mulps,1800,0xAA,82,0.780089815,0.000248308,87.946369000,4.261830000,83.684539000,112.738773517,107.275517983
mulps,1800,0xAA,83,0.780056052,0.000251348,87.685993000,4.271962000,83.414031000,112.409861788,106.933380978
mulps,1800,0xAA,84,0.780128672,0.000380251,87.627827000,4.249745000,83.378082000,112.324838413,106.877346027
mulps,1800,0xAA,85,0.780058060,0.000258366,87.649067000,4.271107000,83.377960000,112.362234872,106.886864234
mulps,1800,0xAA,86,0.780060314,0.000140278,87.763630000,4.369618000,83.394012000,112.508774530,106.907133323
mulps,1800,0xAA,87,0.780807716,0.003787425,89.390885000,4.393788000,84.997097000,114.485145476,108.857911129
mulps,1800,0xAA,88,0.780062124,0.000257355,87.387899000,4.300831000,83.087068000,112.026845457,106.513398683
mulps,1800,0xAA,89,0.786344345,0.027949307,100.513720000,5.208788000,95.304932000,127.824051364,121.199996610
mulps,1800,0xAA,90,0.780040727,0.000252888,87.349569000,4.286305000,83.063264000,111.980779952,106.485804047
mulps,1800,0xAA,91,0.780305375,0.000807670,87.920368000,4.282887000,83.637481000,112.674307768,107.185575874
mulps,1800,0xAA,92,0.780057110,0.000255887,87.499471000,4.289356000,83.210115000,112.170596084,106.671824333
mulps,1800,0xAA,93,0.780052016,0.000246946,87.376730000,4.308461000,83.068269000,112.013978755,106.490679143
mulps,1800,0xAA,94,0.783961521,0.020184724,96.734982000,4.911425000,91.823557000,123.392512837,117.127632648
mulps,1800,0xAA,95,0.780095865,0.000262089,87.519735000,4.327015000,83.192720000,112.190999828,106.644226416
mulps,1800,0xAA,96,0.780114072,0.000340593,87.661091000,4.331166000,83.329925000,112.369580412,106.817615446
mulps,1800,0xAA,97,0.780082653,0.000472763,87.747029000,4.300831000,83.446198000,112.484271535,106.970969859
mulps,1800,0xAA,98,0.780056445,0.000250700,87.371603000,4.304250000,83.067353000,112.006770218,106.488900290
mulps,1800,0xAA,99,0.780727904,0.003522001,89.021195000,4.411915000,84.609280000,114.023329465,108.372301779
mulps,2000,0x00,0,0.702223679,0.000816419,80.083413000,3.781302000,76.302111000,114.042598343,108.657844010
mulps,2000,0x00,1,0.702167419,0.000486917,79.752847000,3.805227000,75.947620000,113.580956419,108.161697567
mulps,2000,0x00,2,0.702128052,0.000254821,79.834269000,3.736746000,76.097523000,113.703289245,108.381260039
mulps,2000,0x00,3,0.702047195,0.000237593,79.534769000,3.806081000,75.728688000,113.289775266,107.868371940
mulps,2000,0x00,4,0.702067855,0.000337862,80.031961000,3.835928000,76.196033000,113.994623741,108.530866967
mulps,2000,0x00,5,0.702069268,0.000523270,79.392924000,3.716238000,75.676686000,113.084174976,107.790910953
mulps,2000,0x00,6,0.702031610,0.000280952,79.548136000,3.705495000,75.842641000,113.311330793,108.033085559
mulps,2000,0x00,7,0.702265871,0.000799217,79.744730000,3.755728000,75.989002000,113.553474928,108.205460517
mulps,2000,0x00,8,0.702060479,0.000404500,79.382610000,3.762869000,75.619741000,113.070899648,107.711149155
mulps,2000,0x00,9,0.702077451,0.000330961,79.506266000,3.745596000,75.760670000,113.244295049,107.909276818
mulps,2000,0x00,10,0.702120727,0.000492570,79.783121000,3.752676000,76.030445000,113.631627552,108.286854420
mulps,2000,0x00,11,0.705147466,0.016089268,87.184408000,4.211232000,82.973176000,123.639965040,117.667835513
mulps,2000,0x00,12,0.702366591,0.001629732,80.226418000,3.822500000,76.403918000,114.222998336,108.780683672
mulps,2000,0x00,13,0.702072715,0.000483837,79.467081000,3.746572000,75.720509000,113.189245595,107.852801209
mulps,2000,0x00,14,0.702261542,0.000833705,79.902140000,3.853384000,76.048756000,113.778322127,108.291215448
mulps,2000,0x00,15,0.702049185,0.000419432,79.658732000,3.798696000,75.860036000,113.466027376,108.055158617
mulps,2000,0x00,16,0.702151303,0.000575996,79.643717000,3.878408000,75.765309000,113.428141069,107.904533855
mulps,2000,0x00,17,0.702117027,0.000387417,79.621866000,3.837332000,75.784534000,113.402556733,107.937182940
mulps,2000,0x00,18,0.702114338,0.000407220,79.529338000,3.883046000,75.646292000,113.271206217,107.740702440
mulps,2000,0x00,19,0.702068153,0.000310379,79.389812000,3.830984000,75.558828000,113.079922000,107.623209596
mulps,2000,0x00,20,0.702135805,0.000520972,79.674356000,3.925466000,75.748890000,113.474281465,107.883531115
mulps,2000,0x00,21,0.704059759,0.009185148,83.839812000,4.148732000,79.691080000,119.080533895,113.187948860
mulps,2000,0x00,22,0.702115903,0.000459966,79.747476000,3.890249000,75.857227000,113.581640404,108.040889960
mulps,2000,0x00,23,0.702226775,0.000671775,79.767191000,3.819815000,75.947376000,113.591782428,108.152207723
mulps,2000,0x00,24,0.702119976,0.000470874,79.577800000,3.803640000,75.774160000,113.339319097,107.921954358
mulps,2000,0x00,25,0.702104694,0.000479686,79.718668000,3.800772000,75.917896000,113.542422777,108.129024986
mulps,2000,0x00,26,0.703548416,0.006991753,82.926607000,3.993947000,78.932660000,117.869083482,112.192221864
mulps,2000,0x00,27,0.703669224,0.007811740,83.253266000,4.021596000,79.231670000,118.313069850,112.597890239
mulps,2000,0x00,28,0.702090376,0.000461365,79.713541000,3.789847000,75.923694000,113.537435853,108.139488337
mulps,2000,0x00,29,0.702092529,0.000570878,79.683878000,3.751638000,75.932240000,113.494838176,108.151328819
mulps,2000,0x00,30,0.702291986,0.001083404,79.967447000,3.806448000,76.160999000,113.866381218,108.446344999
mulps,2000,0x00,31,0.702329617,0.000877738,80.166726000,3.808218000,76.358508000,114.144020272,108.721754274
mulps,2000,0x00,32,0.702185055,0.000591087,80.096596000,3.778982000,76.317614000,114.067645537,108.685898986
mulps,2000,0x00,33,0.702069291,0.000432122,80.186379000,3.793265000,76.393114000,114.214337588,108.811359493
mulps,2000,0x00,34,0.702084528,0.000469332,79.742350000,3.832205000,75.910145000,113.579415105,108.121090859
mulps,2000,0x00,35,0.702059178,0.000386139,79.653422000,3.812857000,75.840565000,113.456848755,108.025886355
mulps,2000,0x00,36,0.702082091,0.000536182,79.931619000,3.810293000,76.121326000,113.849391775,108.422258609
mulps,2000,0x00,37,0.702118053,0.000456245,80.141152000,3.850820000,76.290332000,114.141990226,108.657413977
mulps,2000,0x00,38,0.702122071,0.000539739,79.956216000,3.867544000,76.088672000,113.877941267,108.369577183
mulps,2000,0x00,39,0.702082834,0.000487061,79.864786000,3.737722000,76.127064000,113.754078814,108.430316687
mulps,2000,0x00,40,0.702240934,0.000645278,80.855750000,3.761281000,77.094469000,115.139613933,109.783502064
mulps,2000,0x00,41,0.702373663,0.000887988,80.636939000,3.809683000,76.827256000,114.806325022,109.382313270
mulps,2000,0x00,42,0.702437902,0.001571095,80.406655000,3.850759000,76.555896000,114.467990315,108.985998260
mulps,2000,0x00,43,0.702122831,0.000538658,80.463600000,3.809683000,76.653917000,114.600460912,109.174511442
mulps,2000,0x00,44,0.702123747,0.000508600,80.036538000,3.793569000,76.242969000,113.992068183,108.589076163
mulps,2000,0x00,45,0.702076773,0.000509740,79.746988000,3.802236000,75.944752000,113.587275744,108.171577423
mulps,2000,0x00,46,0.702089506,0.000537233,79.790690000,3.805532000,75.985158000,113.647461435,108.227166771
mulps,2000,0x00,47,0.702150723,0.000597804,79.832926000,3.776907000,76.056019000,113.697705311,108.318650821
mulps,2000,0x00,48,0.707733880,0.029269886,93.708744000,4.616748000,89.091996000,132.406751559,125.883469106
mulps,2000,0x00,49,0.702016109,0.000336125,79.745035000,3.791861000,75.953174000,113.594309249,108.192921802
mulps,2000,0x00,50,0.702032820,0.000379952,79.861734000,3.730948000,76.130786000,113.757835447,108.443343169
mulps,2000,0x00,51,0.702254821,0.000782516,80.535194000,3.747549000,76.787645000,114.680870190,109.344418397
mulps,2000,0x00,52,0.706099071,0.020779530,89.628311000,4.303273000,85.325038000,126.934469428,120.840037111
mulps,2000,0x00,53,0.701997041,0.000232542,79.499796000,3.756826000,75.742970000,113.248050047,107.896423499
mulps,2000,0x00,54,0.702081249,0.000417505,80.583595000,3.794546000,76.789049000,114.778161541,109.373450895
mulps,2000,0x00,55,0.702079145,0.000516889,79.988076000,3.764333000,76.223743000,113.930283510,108.568590276
mulps,2000,0x00,56,0.702071464,0.000538217,79.846597000,3.813955000,76.032642000,113.730013371,108.297582066
mulps,2000,0x00,57,0.702719677,0.003500664,81.449071000,3.938039000,77.511032000,115.905493558,110.301496504
mulps,2000,0x00,58,0.702076589,0.000447657,80.016274000,3.811453000,76.204821000,113.970862015,108.542034075
mulps,2000,0x00,59,0.702003342,0.000221195,79.486186000,3.793325000,75.692861000,113.227646202,107.824075058
mulps,2000,0x00,60,0.702107578,0.000346273,79.663858000,3.881398000,75.782460000,113.463891352,107.935681546
mulps,2000,0x00,61,0.702309963,0.000814757,79.764322000,3.841360000,75.922962000,113.574242449,108.104634722
mulps,2000,0x00,62,0.702127208,0.000442721,79.671793000,3.759756000,75.912037000,113.472020626,108.117213180
mulps,2000,0x00,63,0.702066979,0.000476210,79.642679000,3.776052000,75.866627000,113.440286187,108.061807902
mulps,2000,0x00,64,0.702026652,0.000330777,79.707255000,3.742361000,75.964894000,113.538787687,108.207991500
mulps,2000,0x00,65,0.702071493,0.000396719,79.943277000,3.731070000,76.212207000,113.867715423,108.553342121
mulps,2000,0x00,66,0.702100707,0.000593528,79.790079000,3.845693000,75.944386000,113.644778022,108.167368640
mulps,2000,0x00,67,0.702073694,0.000421099,80.007547000,3.798147000,76.209400000,113.958901510,108.549003617
mulps,2000,0x00,68,0.702273799,0.000559644,80.051675000,3.864493000,76.187182000,113.989266213,108.486436680
mulps,2000,0x00,69,0.702126794,0.000461079,79.952127000,3.817678000,76.134449000,113.871351526,108.434045855
mulps,2000,0x00,70,0.702036369,0.000355257,79.557535000,3.882924000,75.674611000,113.323950948,107.793006721
mulps,2000,0x00,71,0.702290698,0.000809771,80.152444000,3.850515000,76.301929000,114.130009503,108.647215821
mulps,2000,0x00,72,0.702063414,0.000268091,79.588664000,3.845876000,75.742788000,113.363924724,107.885963725
mulps,2000,0x00,73,0.702061855,0.000321347,79.374309000,3.863576000,75.510733000,113.058854395,107.555669776
mulps,2000,0x00,74,0.702097919,0.000454320,79.486979000,3.812856000,75.674123000,113.213523199,107.782861892
mulps,2000,0x00,75,0.702058529,0.000366114,79.647806000,3.865834000,75.781972000,113.448954264,107.942527324
mulps,2000,0x00,76,0.702054072,0.000284812,79.753275000,3.795644000,75.957631000,113.599903718,108.193419872
mulps,2000,0x00,77,0.705246798,0.016890201,87.975056000,4.366017000,83.609039000,124.743644732,118.552880005
mulps,2000,0x00,78,0.701979697,0.000196938,79.352580000,3.866262000,75.486318000,113.041132567,107.533477551
mulps,2000,0x00,79,0.702028914,0.000221266,79.408366000,3.804250000,75.604116000,113.112671613,107.693735263
mulps,2000,0x00,80,0.705268549,0.016781996,87.593099000,4.266407000,83.326692000,124.198220840,118.148884022
mulps,2000,0x00,81,0.702226007,0.000726865,79.921366000,3.881399000,76.039967000,113.811458470,108.284179556
mulps,2000,0x00,82,0.705133991,0.015513614,87.569172000,4.283009000,83.286163000,124.187988612,118.113952958
mulps,2000,0x00,83,0.701994511,0.000193050,79.682108000,3.898061000,75.784047000,113.508163924,107.955327057
mulps,2000,0x00,84,0.702009817,0.000227393,79.457438000,3.783316000,75.674122000,113.185650781,107.796387116
mulps,2000,0x00,85,0.702021118,0.000331917,79.652078000,3.805349000,75.846729000,113.461085438,108.040523428
mulps,2000,0x00,86,0.702027395,0.000272929,79.593607000,3.907216000,75.686391000,113.376782043,107.811164483
mulps,2000,0x00,87,0.702365166,0.001738790,80.347512000,4.004201000,76.343311000,114.395639034,108.694614562
mulps,2000,0x00,88,0.702062144,0.000350078,80.060220000,3.935781000,76.124439000,114.035802448,108.429773079
mulps,2000,0x00,89,0.702033004,0.000338232,79.648233000,3.858510000,75.789723000,113.453687440,107.957492847
mulps,2000,0x00,90,0.702051731,0.000257477,79.676310000,3.805533000,75.870777000,113.490653867,108.070066136
mulps,2000,0x00,91,0.702234315,0.000749794,80.185219000,3.817373000,76.367846000,114.185845498,108.749806674
mulps,2000,0x00,92,0.702041861,0.000259392,79.682962000,3.840139000,75.842823000,113.501724650,108.031767354
mulps,2000,0x00,93,0.702040743,0.000220578,80.092264000,3.867605000,76.224659000,114.084922794,108.575833704
mulps,2000,0x00,94,0.702081937,0.000424733,79.737406000,3.917592000,75.819814000,113.572792213,107.992828122
mulps,2000,0x00,95,0.702015705,0.000177258,79.670450000,3.924978000,75.745472000,113.488130652,107.897118977
mulps,2000,0x00,96,0.702068752,0.000298008,79.641825000,3.831777000,75.810048000,113.438783306,107.980946036
mulps,2000,0x00,97,0.701993591,0.000172573,79.443584000,3.891470000,75.552114000,113.168531808,107.625076638
mulps,2000,0x00,98,0.702003932,0.000121253,79.423076000,3.835257000,75.587819000,113.137651131,107.674352676
mulps,2000,0x00,99,0.702035177,0.000337428,80.210366000,3.808767000,76.401599000,114.254055421,108.828733264
mulps,2000,0xAA,0,0.702240336,0.000762661,80.172647000,3.834036000,76.338611000,114.166963808,108.707243247
mulps,2000,0xAA,1,0.702023113,0.000265847,79.511149000,3.778921000,75.732228000,113.260015944,107.877114828
mulps,2000,0xAA,2,0.702106101,0.000332487,79.905740000,3.825064000,76.080676000,113.808639238,108.360653538
mulps,2000,0xAA,3,0.704436194,0.012292719,85.429712000,4.188222000,81.241490000,121.273882231,115.328387043
mulps,2000,0xAA,4,0.707909555,0.030346996,94.197879000,4.762805000,89.435074000,133.064850434,126.336865243
mulps,2000,0xAA,5,0.702027751,0.000337275,79.639322000,3.874623000,75.764699000,113.441843075,107.922655276
mulps,2000,0xAA,6,0.702010813,0.000235902,79.478556000,3.855581000,75.622975000,113.215572307,107.723376280
mulps,2000,0xAA,7,0.702229133,0.000742570,79.893472000,3.879995000,76.013477000,113.771229687,108.245974729
mulps,2000,0xAA,8,0.702098555,0.000433820,79.598978000,3.891714000,75.707264000,113.372940972,107.829967021
mulps,2000,0xAA,9,0.702100019,0.000434984,79.499918000,3.946401000,75.553517000,113.231613578,107.610760572
mulps,2000,0xAA,10,0.702051029,0.000390943,79.560648000,3.888540000,75.672108000,113.326018561,107.787190418
mulps,2000,0xAA,11,0.701995921,0.000258234,79.455546000,3.811452000,75.644094000,113.185196065,107.755745717
mulps,2000,0xAA,12,0.702005735,0.000218463,79.316997000,3.772818000,75.544179000,112.986252153,107.611911445
mulps,2000,0xAA,13,0.702097450,0.000451909,79.770486000,3.851918000,75.918568000,113.617398885,108.131097800
mulps,2000,0xAA,14,0.702228461,0.000755593,79.676005000,3.888479000,75.787526000,113.461657271,107.924315487
mulps,2000,0xAA,15,0.702082038,0.000364728,79.526591000,3.885183000,75.641408000,113.272504836,107.738702813
mulps,2000,0xAA,16,0.705279599,0.016771628,87.518148000,4.334278000,83.183870000,124.090003617,117.944528822
mulps,2000,0xAA,17,0.702048339,0.000423518,79.310832000,3.770315000,75.540517000,112.970614173,107.600164886
mulps,2000,0xAA,18,0.701973357,0.000151265,79.319377000,3.748525000,75.570852000,112.994853962,107.654872094
mulps,2000,0xAA,19,0.705249749,0.016930773,87.373556000,4.267629000,83.105927000,123.890233419,117.839002621
mulps,2000,0xAA,20,0.702027279,0.000304289,79.379131000,3.816092000,75.563039000,113.071291287,107.635474031
mulps,2000,0xAA,21,0.702216608,0.000812982,80.046060000,3.864370000,76.181690000,113.990553810,108.487451266
mulps,2000,0xAA,22,0.702111092,0.000410264,79.458842000,3.786977000,75.671865000,113.171324176,107.777623601
mulps,2000,0xAA,23,0.702010245,0.000221234,79.594278000,3.740042000,75.854236000,113.380507797,108.052890388
mulps,2000,0xAA,24,0.702020598,0.000249341,79.486429000,3.835867000,75.650562000,113.225209156,107.761171473
mulps,2000,0xAA,25,0.701996025,0.000139492,79.556681000,3.900564000,75.656117000,113.329247064,107.772856631
mulps,2000,0xAA,26,0.701971288,0.000170012,79.560038000,3.942068000,75.617970000,113.338023016,107.722311851
mulps,2000,0xAA,27,0.702020793,0.000217189,79.560588000,3.891042000,75.669546000,113.330814114,107.788183414
mulps,2000,0xAA,28,0.702004806,0.000117013,79.363078000,4.033193000,75.329885000,113.052043698,107.306793857
mulps,2000,0xAA,29,0.701991541,0.000174881,79.341960000,3.941274000,75.400686000,113.024096898,107.409678821
mulps,2000,0xAA,30,0.705393318,0.017288532,87.868976000,4.425770000,83.443206000,124.567349461,118.293161878
mulps,2000,0xAA,31,0.702222665,0.000737539,79.911111000,3.881155000,76.029956000,113.797396466,108.270438715
mulps,2000,0xAA,32,0.702001516,0.000165437,79.500773000,3.916860000,75.583913000,113.248719810,107.669159211
mulps,2000,0xAA,33,0.704649600,0.013879429,86.121850000,4.322438000,81.799412000,122.219398068,116.085231529
mulps,2000,0xAA,34,0.702015734,0.000228507,79.446147000,3.949697000,75.496450000,113.168613124,107.542390222
mulps,2000,0xAA,35,0.702030480,0.000274923,79.410136000,3.954702000,75.455434000,113.114940508,107.481706465
mulps,2000,0xAA,36,0.702063926,0.000327694,79.626749000,3.885976000,75.740773000,113.418089201,107.883014893
mulps,2000,0xAA,37,0.702076973,0.000322766,79.418071000,3.850210000,75.567861000,113.118752049,107.634723731
mulps,2000,0xAA,38,0.702210942,0.000537049,79.560770000,3.989369000,75.571401000,113.300384811,107.619230106
mulps,2000,0xAA,39,0.702049023,0.000165091,79.314738000,3.919668000,75.395070000,112.976067770,107.392885012
mulps,2000,0xAA,40,0.702033499,0.000206683,79.323894000,3.899343000,75.424551000,112.991608111,107.437253503
mulps,2000,0xAA,41,0.702255869,0.000735372,79.808450000,3.915945000,75.892505000,113.645828369,108.069591600
mulps,2000,0xAA,42,0.708144639,0.031570216,94.625673000,4.866259000,89.759414000,133.624781944,126.752938636
mulps,2000,0xAA,43,0.702061256,0.000317626,79.360820000,3.990774000,75.370046000,113.039737416,107.355370180
mulps,2000,0xAA,44,0.702097314,0.000343880,79.588419000,3.938344000,75.650075000,113.358102076,107.748703036
mulps,2000,0xAA,45,0.702214710,0.000510587,79.821634000,3.905630000,75.916004000,113.671264391,108.109390020
mulps,2000,0xAA,46,0.702089478,0.000204091,79.486186000,3.826833000,75.659353000,113.213754855,107.763120538
mulps,2000,0xAA,47,0.702411731,0.002199860,80.545265000,3.856313000,76.688952000,114.669589662,109.179486310
mulps,2000,0xAA,48,0.702133793,0.000618240,79.499735000,3.895864000,75.603871000,113.225906208,107.677299891
mulps,2000,0xAA,49,0.702065541,0.000269928,79.380717000,3.869619000,75.511098000,113.067388043,107.555624864
mulps,2000,0xAA,50,0.708323273,0.032302369,94.921143000,4.742602000,90.178541000,134.008222750,127.312689541
mulps,2000,0xAA,51,0.702282215,0.000753238,79.700480000,3.852651000,75.847829000,113.487823422,108.001922002
mulps,2000,0xAA,52,0.702074522,0.000270554,79.376200000,3.868703000,75.507497000,113.059507908,107.549119940
mulps,2000,0xAA,53,0.702082844,0.000516060,79.440898000,3.915273000,75.525625000,113.150319384,107.573665524
mulps,2000,0xAA,54,0.702013976,0.000195937,79.228435000,3.986256000,75.242179000,112.858771598,107.180457298
mulps,2000,0xAA,55,0.702044797,0.000339665,79.542521000,3.991567000,75.550954000,113.301204310,107.615574253
mulps,2000,0xAA,56,0.702049531,0.000263080,79.351054000,3.965322000,75.385732000,113.027714582,107.379506264
mulps,2000,0xAA,57,0.702370050,0.001102114,80.191750000,3.941640000,76.250110000,114.173077283,108.561163734
mulps,2000,0xAA,58,0.702124830,0.000348435,79.940408000,3.949392000,75.991016000,113.854979280,108.230064977
mulps,2000,0xAA,59,0.707924277,0.030183008,93.794377000,4.860034000,88.934343000,132.492104089,125.626915032
mulps,2000,0xAA,60,0.702108751,0.000438717,79.553080000,3.892446000,75.660634000,113.305922917,107.761986888
mulps,2000,0xAA,61,0.702229689,0.000803796,79.842752000,3.884817000,75.957935000,113.698912626,108.166795338
mulps,2000,0xAA,62,0.702086365,0.000250533,79.449443000,3.832021000,75.617422000,113.161922675,107.703874793
mulps,2000,0xAA,63,0.705495761,0.017655519,87.964802000,4.320973000,83.643829000,124.685089437,118.560356672
mulps,2000,0xAA,64,0.702067509,0.000342993,79.528361000,3.832631000,75.695730000,113.277369951,107.818306615
mulps,2000,0xAA,65,0.704488392,0.013132186,85.687524000,4.237416000,81.450108000,121.630852963,115.615968901
mulps,2000,0xAA,66,0.701993079,0.000218169,79.539287000,3.868093000,75.671194000,113.304944648,107.794786338
mulps,2000,0xAA,67,0.702007165,0.000197433,79.473185000,3.959646000,75.513539000,113.208509710,107.568045916
mulps,2000,0xAA,68,0.708057740,0.031569102,94.678469000,4.844958000,89.833511000,133.715746133,126.873143155
mulps,2000,0xAA,69,0.704411726,0.012503845,85.525843000,4.323902000,81.201941000,121.414564541,115.276248214
mulps,2000,0xAA,70,0.702007007,0.000194195,79.360637000,3.890676000,75.469961000,113.048212079,107.505993893
mulps,2000,0xAA,71,0.702335688,0.000770241,79.844766000,3.879751000,75.965015000,113.684620223,108.160550944
mulps,2000,0xAA,72,0.702079297,0.000284127,79.671854000,3.806631000,75.865223000,113.479851055,108.057912225
mulps,2000,0xAA,73,0.702038452,0.000259361,79.534953000,3.834035000,75.700918000,113.291448286,107.830159110
mulps,2000,0xAA,74,0.702104833,0.000350009,79.562968000,3.870962000,75.692006000,113.320638595,107.807271047
mulps,2000,0xAA,75,0.702096250,0.000321994,79.527628000,3.813223000,75.714405000,113.271688941,107.840492005
mulps,2000,0xAA,76,0.702082520,0.000290381,79.519328000,3.792593000,75.726735000,113.262082110,107.860162972
mulps,2000,0xAA,77,0.702105190,0.000391380,79.619486000,3.809561000,75.809925000,113.401078833,107.975166798
mulps,2000,0xAA,78,0.702139419,0.000414739,79.437113000,3.831167000,75.605946000,113.135811501,107.679392314
mulps,2000,0xAA,79,0.702050824,0.000194091,79.489177000,3.877310000,75.611867000,113.224248580,107.701414807
mulps,2000,0xAA,80,0.702055541,0.000271692,79.598795000,3.887991000,75.710804000,113.379626470,107.841615910
mulps,2000,0xAA,81,0.702296664,0.000758921,79.914530000,3.899953000,76.014577000,113.790274219,108.237132365
mulps,2000,0xAA,82,0.702446848,0.001670512,80.251321000,3.896413000,76.354908000,114.245399869,108.698484807
mulps,2000,0xAA,83,0.702056717,0.000278517,79.509501000,3.906851000,75.602650000,113.252247339,107.687382131
mulps,2000,0xAA,84,0.702078724,0.000299385,79.597635000,3.888540000,75.709095000,113.374230363,107.835620708
mulps,2000,0xAA,85,0.702101626,0.000358334,79.681986000,3.850454000,75.831532000,113.490672982,108.006489697
mulps,2000,0xAA,86,0.706069621,0.016507268,87.130819000,4.388417000,82.742402000,123.402588658,117.187313465
mulps,2000,0xAA,87,0.707821199,0.029835780,93.641544000,4.810779000,88.830765000,132.295478238,125.498876203
mulps,2000,0xAA,88,0.702128005,0.000542427,79.625528000,3.889273000,75.736255000,113.405999232,107.866734352
mulps,2000,0xAA,89,0.702098613,0.000394618,79.399333000,3.888967000,75.510366000,113.088576981,107.549516042
mulps,2000,0xAA,90,0.702163443,0.000582422,79.552348000,3.886465000,75.665883000,113.296054988,107.761068738
mulps,2000,0xAA,91,0.702289166,0.000773616,79.604838000,3.871816000,75.733022000,113.350514076,107.837377625
mulps,2000,0xAA,92,0.702177990,0.000464338,79.517497000,3.808706000,75.708791000,113.244075082,107.819943230
mulps,2000,0xAA,93,0.702109947,0.000431584,79.564555000,3.881582000,75.682973000,113.322073496,107.793620271
mulps,2000,0xAA,94,0.702055457,0.000333561,79.305156000,3.891226000,75.413930000,112.961383967,107.418764843
mulps,2000,0xAA,95,0.702077013,0.000306269,79.317241000,3.871633000,75.445608000,112.975128893,107.460587140
mulps,2000,0xAA,96,0.702081469,0.000302255,79.420695000,3.916127000,75.504568000,113.121765012,107.543883853
mulps,2000,0xAA,97,0.704016460,0.010285084,84.236052000,4.173817000,80.062235000,119.650685404,113.722106690
mulps,2000,0xAA,98,0.702086736,0.000379787,79.425639000,3.847402000,75.578237000,113.127958264,107.648005715
mulps,2000,0xAA,99,0.702123836,0.000331970,79.313944000,3.845450000,75.468494000,112.962899052,107.486016196
mulps,2100,0x00,0,0.669059173,0.000997154,78.543317000,3.644766000,74.898551000,117.393677792,111.946078916
mulps,2100,0x00,1,0.668990416,0.000753576,78.376448000,3.582144000,74.794304000,117.156309095,111.801757052
mulps,2100,0x00,2,0.668962081,0.000675412,78.272138000,3.591116000,74.681022000,117.005343362,111.637152695
mulps,2100,0x00,3,0.668836318,0.000655687,78.270856000,3.650869000,74.619987000,117.025427388,111.566888579
mulps,2100,0x00,4,0.668826885,0.000634381,78.312788000,3.635916000,74.676872000,117.089772720,111.653513982
mulps,2100,0x00,5,0.668896710,0.000753846,78.338057000,3.672292000,74.665765000,117.115327187,111.625253836
mulps,2100,0x00,6,0.668897499,0.000752064,78.139631000,3.654898000,74.484733000,116.818542608,111.354479721
mulps,2100,0x00,7,0.668936135,0.000840288,78.289289000,3.621512000,74.667777000,117.035520943,111.621682742
mulps,2100,0x00,8,0.669101761,0.000951824,78.276289000,3.701040000,74.575249000,116.987121566,111.455765623
mulps,2100,0x00,9,0.668911957,0.000803023,78.114607000,3.645804000,74.468803000,116.778607663,111.328258090
mulps,2100,0x00,10,0.668866224,0.000724760,77.956527000,3.599234000,74.357293000,116.550252138,111.169155182
mulps,2100,0x00,11,0.668801166,0.000674024,78.253462000,3.637869000,74.615593000,117.005570600,111.566182652
mulps,2100,0x00,12,0.668803573,0.000709981,78.262495000,3.713431000,74.549064000,117.018655622,111.466306398
mulps,2100,0x00,13,0.668895548,0.000730075,78.186079000,3.696096000,74.489983000,116.888323135,111.362653232
mulps,2100,0x00,14,0.668831140,0.000668272,78.236616000,3.668570000,74.568046000,116.975139588,111.490092947
mulps,2100,0x00,15,0.670739954,0.009301991,82.702547000,3.933279000,78.769268000,123.300463105,117.436373790
mulps,2100,0x00,16,0.669006063,0.000936377,78.550092000,3.619131000,74.930961000,117.413124195,112.003410893
mulps,2100,0x00,17,0.671327691,0.012751962,84.281950000,3.954397000,80.327553000,125.545171345,119.654758879
mulps,2100,0x00,18,0.674646577,0.030267816,92.660773000,4.487904000,88.172869000,137.347132815,130.694903109
mulps,2100,0x00,19,0.668832188,0.000663322,78.446882000,3.607901000,74.838981000,117.289334111,111.895004916
mulps,2100,0x00,20,0.668872772,0.000734007,78.207441000,3.563345000,74.644096000,116.924240720,111.596852389
mulps,2100,0x00,21,0.668830091,0.000684598,78.405012000,3.613089000,74.791923000,117.227100109,111.824997168
mulps,2100,0x00,22,0.669454528,0.002765939,79.389445000,3.807546000,75.581899000,118.588255991,112.900721083
mulps,2100,0x00,23,0.668979078,0.000803242,78.175581000,3.721365000,74.454216000,116.858035668,111.295283229
mulps,2100,0x00,24,0.670765066,0.010073563,82.814119000,3.971304000,78.842815000,123.462182523,117.541623744
mulps,2100,0x00,25,0.668811163,0.000647117,78.134687000,3.641653000,74.493034000,116.826230391,111.381265949
mulps,2100,0x00,26,0.668848804,0.000721018,78.224714000,3.628165000,74.596549000,116.954255554,111.529763537
mulps,2100,0x00,27,0.668804376,0.000674651,78.134810000,3.679007000,74.455803000,116.827599812,111.326728209
mulps,2100,0x00,28,0.668859096,0.000780261,78.295454000,3.661245000,74.634209000,117.058218174,111.584352271
mulps,2100,0x00,29,0.669335214,0.002397856,79.045330000,3.714041000,75.331289000,118.095280711,112.546430267
mulps,2100,0x00,30,0.668885211,0.000768228,78.279951000,3.681692000,74.598259000,117.030470557,111.526249594
mulps,2100,0x00,31,0.669151099,0.001272972,78.626935000,3.627188000,74.999747000,117.502511997,112.081930596
mulps,2100,0x00,32,0.668898927,0.000798282,78.149764000,3.632437000,74.517327000,116.833441975,111.402969818
mulps,2100,0x00,33,0.668872934,0.000754608,78.279402000,3.659658000,74.619744000,117.031797801,111.560417794
mulps,2100,0x00,34,0.668795001,0.000636482,78.180159000,3.597037000,74.583122000,116.897044566,111.518659566
mulps,2100,0x00,35,0.668854963,0.000690023,78.164961000,3.563651000,74.601310000,116.863842448,111.535854771
mulps,2100,0x00,36,0.668854167,0.000737773,78.156355000,3.637991000,74.518364000,116.851114765,111.411975442
mulps,2100,0x00,37,0.668873175,0.000715367,78.068099000,3.559562000,74.508537000,116.715846805,111.394117463
mulps,2100,0x00,38,0.668873630,0.000745119,78.229536000,3.602102000,74.627434000,116.957123918,111.571798739
mulps,2100,0x00,39,0.668928843,0.000857076,78.114790000,3.566702000,74.548088000,116.775933340,111.443973093
mulps,2100,0x00,40,0.668872723,0.000820737,78.247359000,3.581473000,74.665886000,116.983928807,111.629437770
mulps,2100,0x00,41,0.669129371,0.001129382,78.474408000,3.608206000,74.866202000,117.278378954,111.885989748
mulps,2100,0x00,42,0.668905502,0.000783748,78.360029000,3.693228000,74.666801000,117.146635397,111.625335323
mulps,2100,0x00,43,0.668914640,0.000835423,78.395368000,3.666799000,74.728569000,117.197865460,111.716151083
mulps,2100,0x00,44,0.668918468,0.000856984,78.332563000,3.681448000,74.651115000,117.103304428,111.599721890
mulps,2100,0x00,45,0.669137699,0.001310971,78.678021000,3.720938000,74.957083000,117.581211057,112.020415415
mulps,2100,0x00,46,0.668883734,0.000705560,78.219588000,3.621878000,74.597710000,116.940484620,111.525675115
mulps,2100,0x00,47,0.668897577,0.000791529,78.248395000,3.650626000,74.597769000,116.981130805,111.523455185
mulps,2100,0x00,48,0.671432165,0.013565009,84.514676000,4.009633000,80.505043000,125.872248045,119.900486175
mulps,2100,0x00,49,0.668810704,0.000677782,78.277144000,3.591849000,74.685295000,117.039310953,111.668809290
mulps,2100,0x00,50,0.668839561,0.000701118,78.274763000,3.574271000,74.700492000,117.030701515,111.686712898
mulps,2100,0x00,51,0.669096379,0.000997925,78.533674000,3.566885000,74.966789000,117.372737991,112.041839318
mulps,2100,0x00,52,0.668935049,0.000843021,78.247419000,3.606497000,74.640922000,116.973118872,111.581718009
mulps,2100,0x00,53,0.668950165,0.000890331,78.263776000,3.609732000,74.654044000,116.994927386,111.598812417
mulps,2100,0x00,54,0.668893234,0.000835704,78.282332000,3.613333000,74.668999000,117.032626440,111.630668676
mulps,2100,0x00,55,0.668844270,0.000762841,78.321699000,3.537833000,74.783866000,117.100052247,111.810580308
mulps,2100,0x00,56,0.668871626,0.000769542,78.271162000,3.545462000,74.725700000,117.019707450,111.719046064
mulps,2100,0x00,57,0.668857567,0.000737762,78.445783000,3.540274000,74.905509000,117.283240739,111.990224442
mulps,2100,0x00,58,0.668823478,0.000672552,78.237471000,3.591055000,74.646416000,116.977758150,111.608546212
mulps,2100,0x00,59,0.668843797,0.000744556,78.261580000,3.581778000,74.679802000,117.010250078,111.655071464
mulps,2100,0x00,60,0.668874662,0.000786763,78.272993000,3.601981000,74.671012000,117.021913772,111.636777803
mulps,2100,0x00,61,0.669090250,0.000948194,78.370404000,3.604911000,74.765493000,117.129795221,111.742015323
mulps,2100,0x00,62,0.668978430,0.000747361,78.474531000,3.655630000,74.818901000,117.305024363,111.840528293
mulps,2100,0x00,63,0.668902143,0.000766778,78.385481000,3.705679000,74.679802000,117.185274077,111.645332193
mulps,2100,0x00,64,0.668816242,0.000689951,78.194380000,3.728872000,74.465508000,116.914594919,111.339263809
mulps,2100,0x00,65,0.668896879,0.000837468,78.252241000,3.665884000,74.586357000,116.987002709,111.506510701
mulps,2100,0x00,66,0.668889673,0.000816611,78.319197000,3.752188000,74.567009000,117.088363315,111.478786499
mulps,2100,0x00,67,0.671963421,0.016017788,85.858911000,4.184499000,81.674412000,127.773191758,121.545919749
mulps,2100,0x00,68,0.668770650,0.000691597,78.180953000,3.644888000,74.536065000,116.902488214,111.452356690
mulps,2100,0x00,69,0.668844500,0.000779222,78.417585000,3.575064000,74.842521000,117.243372681,111.898237901
mulps,2100,0x00,70,0.668860356,0.000772750,78.271223000,3.553458000,74.717765000,117.021770305,111.709064946
mulps,2100,0x00,71,0.669020048,0.001125931,78.399885000,3.657278000,74.742607000,117.186152003,111.719532560
mulps,2100,0x00,72,0.668885109,0.000862630,78.313520000,3.631155000,74.682365000,117.080674862,111.652007143
mulps,2100,0x00,73,0.668877376,0.000731195,78.221357000,3.579153000,74.642204000,116.944240850,111.593255563
mulps,2100,0x00,74,0.668840937,0.000715586,78.275618000,3.603018000,74.672600000,117.031738974,111.644781031
mulps,2100,0x00,75,0.668921315,0.000809711,78.245039000,3.592520000,74.652519000,116.971962546,111.601345823
mulps,2100,0x00,76,0.668843177,0.000793010,78.427289000,3.575308000,74.851981000,117.258113176,111.912603017
mulps,2100,0x00,77,0.668777066,0.000728099,78.426740000,3.557303000,74.869437000,117.268883708,111.949767398
mulps,2100,0x00,78,0.668833360,0.000724535,78.287642000,3.612601000,74.675041000,117.051042380,111.649695476
mulps,2100,0x00,79,0.668851143,0.000783498,78.401655000,3.588064000,74.813591000,117.218391291,111.853873286
mulps,2100,0x00,80,0.668822898,0.000806058,78.362043000,3.595206000,74.766837000,117.164115046,111.788692031
mulps,2100,0x00,81,0.669033261,0.000969698,78.537885000,3.581717000,74.956168000,117.390105319,112.036534417
mulps,2100,0x00,82,0.673911111,0.025145018,90.704235000,4.268239000,86.435996000,134.593766851,128.260232757
mulps,2100,0x00,83,0.671401630,0.012982904,84.401639000,3.967824000,80.433815000,125.709612882,119.799850643
mulps,2100,0x00,84,0.668793270,0.000735404,78.334334000,3.610587000,74.723747000,117.127874146,111.729214859
mulps,2100,0x00,85,0.668880156,0.000818163,78.399091000,3.660085000,74.739006000,117.209473639,111.737514324
mulps,2100,0x00,86,0.668878130,0.000809710,78.233687000,3.631155000,74.602532000,116.962543025,111.533818658
mulps,2100,0x00,87,0.668802526,0.000730533,78.464276000,3.587088000,74.877188000,117.320543801,111.957095156
mulps,2100,0x00,88,0.668920333,0.000875005,78.424116000,3.550650000,74.873466000,117.239844776,111.931813572
mulps,2100,0x00,89,0.668870819,0.000780645,78.373334000,3.582693000,74.790641000,117.172601524,111.816271279
mulps,2100,0x00,90,0.668856062,0.000748482,78.442671000,3.609426000,74.833245000,117.278851812,111.882435148
mulps,2100,0x00,91,0.670175655,0.005843351,80.962988000,3.734793000,77.228195000,120.808607954,115.235751091
mulps,2100,0x00,92,0.668899388,0.000744411,78.245893000,3.578116000,74.667777000,116.977073651,111.627814759
mulps,2100,0x00,93,0.668813385,0.000726027,78.283735000,3.596304000,74.687431000,117.048696626,111.671555437
mulps,2100,0x00,94,0.668901604,0.000849506,78.196883000,3.603812000,74.593071000,116.903416790,111.515760402
mulps,2100,0x00,95,0.668840782,0.000810229,78.388350000,3.593924000,74.794426000,117.200314486,111.826951952
mulps,2100,0x00,96,0.673762076,0.025459146,90.496290000,4.298146000,86.198144000,134.314906206,127.935583066
mulps,2100,0x00,97,0.668794889,0.000728955,78.161787000,3.547294000,74.614493000,116.869593706,111.565584874
mulps,2100,0x00,98,0.668880872,0.000828791,78.268964000,3.576774000,74.692190000,117.014803809,111.667403172
mulps,2100,0x00,99,0.668805885,0.000755674,78.233809000,3.592153000,74.641656000,116.975359711,111.604364809
mulps,2100,0xAA,0,0.668989659,0.000965452,78.143416000,3.655752000,74.487664000,116.808107568,111.343520854
mulps,2100,0xAA,1,0.668928102,0.000990492,78.244673000,3.607901000,74.636772000,116.970228632,111.576672896
mulps,2100,0xAA,2,0.668895644,0.000741322,78.183393000,3.604422000,74.578971000,116.884290823,111.495674479
mulps,2100,0xAA,3,0.668887131,0.000767284,78.081893000,3.588675000,74.493218000,116.734033793,111.368890959
mulps,2100,0xAA,4,0.668793389,0.000731541,78.093855000,3.682730000,74.411125000,116.768281974,111.261753258
mulps,2100,0xAA,5,0.668828825,0.000769698,78.061690000,3.626516000,74.435174000,116.714003748,111.291815194
mulps,2100,0xAA,6,0.668813682,0.000736087,78.305707000,3.634390000,74.671317000,117.081496784,111.647412381
mulps,2100,0xAA,7,0.668747161,0.000617667,78.219649000,3.567374000,74.652275000,116.964457732,111.630044055
mulps,2100,0xAA,8,0.669089688,0.001074694,78.250654000,3.606863000,74.643791000,116.950919186,111.560217362
mulps,2100,0xAA,9,0.668879396,0.000727149,78.143782000,3.635611000,74.508171000,116.827910234,111.392534256
mulps,2100,0xAA,10,0.669333094,0.003193161,79.405253000,3.690115000,75.715138000,118.633388573,113.120266580
mulps,2100,0xAA,11,0.668848728,0.000747682,78.226179000,3.672781000,74.553398000,116.956459161,111.465260863
mulps,2100,0xAA,12,0.672723921,0.020495793,87.786153000,4.252980000,83.533173000,130.493580244,124.171551451
mulps,2100,0xAA,13,0.668740239,0.000566366,78.004378000,3.629568000,74.374810000,116.643763024,111.216292406
mulps,2100,0xAA,14,0.668705038,0.000583071,78.137740000,3.594168000,74.543572000,116.849336468,111.474518282
mulps,2100,0xAA,15,0.669033886,0.001211875,78.288862000,3.622061000,74.666801000,117.017782919,111.603915135
mulps,2100,0xAA,16,0.668799075,0.000604379,78.162214000,3.641775000,74.520439000,116.869500810,111.424255537
mulps,2100,0xAA,17,0.668805245,0.000618591,77.942000000,3.607596000,74.334404000,116.539157892,111.145067416
mulps,2100,0xAA,18,0.671846320,0.015915427,85.750880000,4.089406000,81.661474000,127.634664962,121.547847372
mulps,2100,0xAA,19,0.668767829,0.000644209,78.109602000,3.630423000,74.479179000,116.796291080,111.367765898
mulps,2100,0xAA,20,0.668756741,0.000699031,78.260664000,3.630606000,74.630058000,117.024112422,111.595223591
mulps,2100,0xAA,21,0.668751240,0.000662014,78.242170000,3.557119000,74.685051000,116.997420415,111.678373830
mulps,2100,0xAA,22,0.668966313,0.000893002,78.131881000,3.562064000,74.569817000,116.794940976,111.470212462
mulps,2100,0xAA,23,0.668760529,0.000686466,78.337263000,3.611868000,74.725395000,117.137988299,111.737149218
mulps,2100,0xAA,24,0.668859806,0.000704260,78.129439000,3.596365000,74.533074000,116.809888035,111.433028834
mulps,2100,0xAA,25,0.668811191,0.000693136,78.197431000,3.590323000,74.607108000,116.920039645,111.551823552
mulps,2100,0xAA,26,0.668784807,0.000634939,78.191817000,3.555960000,74.635857000,116.916257888,111.599211266
mulps,2100,0xAA,27,0.668744107,0.000606604,78.184920000,3.562247000,74.622673000,116.913060103,111.586288679
mulps,2100,0xAA,28,0.668840396,0.000746811,78.201460000,3.553092000,74.648368000,116.920958256,111.608641563
mulps,2100,0xAA,29,0.668789417,0.000713985,78.191633000,3.596792000,74.594841000,116.915176835,111.537113268
mulps,2100,0xAA,30,0.668787855,0.000679954,78.301008000,3.596549000,74.704459000,117.078992168,111.701279378
mulps,2100,0xAA,31,0.669018151,0.000979359,78.398908000,3.677664000,74.721244000,117.185023828,111.687917370
mulps,2100,0xAA,32,0.668853169,0.000738211,78.145735000,3.623831000,74.521904000,116.835411220,111.417434345
mulps,2100,0xAA,33,0.668975284,0.000934441,78.194441000,3.618765000,74.575676000,116.886890859,111.477475763
mulps,2100,0xAA,34,0.668871628,0.000803158,78.257185000,3.530508000,74.726677000,116.998810632,111.720506321
mulps,2100,0xAA,35,0.672699632,0.020149424,87.717854000,4.115285000,83.602569000,130.396762336,124.279195437
mulps,2100,0xAA,36,0.668730863,0.000647515,78.208173000,3.597892000,74.610281000,116.950147408,111.569968028
mulps,2100,0xAA,37,0.668841051,0.000766493,78.165998000,3.625113000,74.540885000,116.867823653,111.447831871
mulps,2100,0xAA,38,0.673441098,0.024359789,89.886367000,4.364064000,85.522303000,133.473242533,126.992996505
mulps,2100,0xAA,39,0.668727462,0.000629840,78.101606000,3.737173000,74.364433000,116.791384359,111.202899940
mulps,2100,0xAA,40,0.668758737,0.000598046,78.115889000,3.624808000,74.491081000,116.807279995,111.387077160
mulps,2100,0xAA,41,0.668944556,0.000908891,78.248396000,3.677114000,74.571282000,116.972917023,111.476027977
mulps,2100,0xAA,42,0.668777699,0.000764735,78.173018000,3.681753000,74.491265000,116.889390999,111.384193976
mulps,2100,0xAA,43,0.671104489,0.011902741,83.692840000,3.987966000,79.704874000,124.709104712,118.766712633
mulps,2100,0xAA,44,0.668871103,0.000852391,78.081038000,3.573783000,74.507255000,116.735552803,111.392545784
mulps,2100,0xAA,45,0.668764414,0.000672269,78.316816000,3.520011000,74.796805000,117.106733562,111.843279155
mulps,2100,0xAA,46,0.668804441,0.000790252,78.199385000,3.539237000,74.660148000,116.924141351,111.632255139
mulps,2100,0xAA,47,0.668870536,0.000796746,78.153669000,3.546805000,74.606864000,116.844239321,111.541561436
mulps,2100,0xAA,48,0.668818135,0.000757220,78.232222000,3.567678000,74.664544000,116.970844367,111.636542242
mulps,2100,0xAA,49,0.668831555,0.000759900,78.202375000,3.538016000,74.664359000,116.923871849,111.634025736
mulps,2100,0xAA,50,0.668845628,0.000723725,78.297285000,3.557791000,74.739494000,117.063312877,111.744012201
mulps,2100,0xAA,51,0.668991814,0.000976178,78.178633000,3.588492000,74.590141000,116.860373179,111.496343415
mulps,2100,0xAA,52,0.668832695,0.000813207,78.279829000,3.554435000,74.725394000,117.039477270,111.725091436
mulps,2100,0xAA,53,0.668852841,0.000797732,78.075606000,3.554801000,74.520805000,116.730618788,111.415845818
mulps,2100,0xAA,54,0.668798437,0.000675693,78.027693000,3.575309000,74.452384000,116.668473838,111.322604590
mulps,2100,0xAA,55,0.668853625,0.000685282,78.142561000,3.517080000,74.625481000,116.830586096,111.572215849
mulps,2100,0xAA,56,0.668842905,0.000791973,78.047163000,3.503043000,74.544120000,116.689827138,111.452359606
mulps,2100,0xAA,57,0.668754075,0.000591663,78.133589000,3.506034000,74.627555000,116.834561320,111.591925603
mulps,2100,0xAA,58,0.668758109,0.000657889,78.071273000,3.549551000,74.521722000,116.740674841,111.432999390
mulps,2100,0xAA,59,0.668772098,0.000603928,77.989547000,3.545767000,74.443780000,116.616029972,111.314123670
mulps,2100,0xAA,60,0.668747783,0.000531219,77.962325000,3.515005000,74.447320000,116.579564060,111.323464392
mulps,2100,0xAA,61,0.673636871,0.023318365,89.134782000,4.210377000,84.924405000,132.318740031,126.068522471
mulps,2100,0xAA,62,0.668851093,0.000716278,78.131758000,3.532095000,74.599663000,116.814876717,111.534037625
mulps,2100,0xAA,63,0.668811973,0.000672560,78.038863000,3.519949000,74.518914000,116.682813955,111.419826535
mulps,2100,0xAA,64,0.668730908,0.000562958,78.055037000,3.537466000,74.517571000,116.721144583,111.431324780
mulps,2100,0xAA,65,0.668788416,0.000655492,78.243025000,3.533804000,74.709221000,116.992195319,111.708305953
mulps,2100,0xAA,66,0.668794773,0.000682307,78.051985000,3.523551000,74.528434000,116.705435174,111.436926592
mulps,2100,0xAA,67,0.668761980,0.000666352,78.132491000,3.559745000,74.572746000,116.831538436,111.508650615
mulps,2100,0xAA,68,0.668829614,0.000720085,77.965193000,3.534293000,74.430900000,116.569588604,111.285293585
mulps,2100,0xAA,69,0.668812127,0.000736258,78.221968000,3.540884000,74.681084000,116.956563455,111.662275484
mulps,2100,0xAA,70,0.668846300,0.000743282,78.059798000,3.537527000,74.522271000,116.708125650,111.419127264
mulps,2100,0xAA,71,0.669019247,0.000976469,78.107527000,3.549125000,74.558402000,116.749297417,111.444330456
mulps,2100,0xAA,72,0.668796021,0.000707029,78.165266000,3.581900000,74.583366000,116.874597934,111.518854344
mulps,2100,0xAA,73,0.668776850,0.000684855,78.268964000,3.584341000,74.684623000,117.033004445,111.673457381
mulps,2100,0xAA,74,0.669138166,0.001863401,78.950604000,3.613577000,75.337027000,117.988493232,112.588148158
mulps,2100,0xAA,75,0.668814355,0.000664503,78.112227000,3.551748000,74.560479000,116.792090958,111.481576953
mulps,2100,0xAA,76,0.668853419,0.000799065,78.056258000,3.588736000,74.467522000,116.701590873,111.336086413
mulps,2100,0xAA,77,0.668765171,0.000624486,78.101119000,3.577749000,74.523370000,116.784070639,111.434286957
mulps,2100,0xAA,78,0.668824724,0.000700011,78.084517000,3.600821000,74.483696000,116.748849434,111.365045769
mulps,2100,0xAA,79,0.668755816,0.000595546,78.133772000,3.622549000,74.511223000,116.834530746,111.417682158
mulps,2100,0xAA,80,0.668793112,0.000695616,77.979536000,3.567679000,74.411857000,116.597397051,111.262893844
mulps,2100,0xAA,81,0.668951182,0.000825249,78.210676000,3.587516000,74.623160000,116.915371611,111.552475038
mulps,2100,0xAA,82,0.670681661,0.009906179,82.805819000,3.882802000,78.923017000,123.465160587,117.675823820
mulps,2100,0xAA,83,0.671395172,0.013620045,84.454800000,3.955129000,80.499671000,125.790002018,119.899091319
mulps,2100,0xAA,84,0.668829553,0.000670611,78.189985000,3.577384000,74.612601000,116.905696924,111.556973942
mulps,2100,0xAA,85,0.669257810,0.002103260,78.787823000,3.644827000,75.142996000,117.724174218,112.278101051
mulps,2100,0xAA,86,0.668766630,0.000601846,78.260420000,3.618582000,74.641838000,117.022017101,111.611187915
mulps,2100,0xAA,87,0.673819903,0.026134876,90.528577000,4.349293000,86.179284000,134.351295582,127.896613880
mulps,2100,0xAA,88,0.668787658,0.000706083,78.168623000,3.577322000,74.591301000,116.881078830,111.532113495
mulps,2100,0xAA,89,0.668735838,0.000553908,78.288129000,3.575247000,74.712882000,117.068840305,111.722563348
mulps,2100,0xAA,90,0.668774614,0.000635604,78.103072000,3.643179000,74.459893000,116.785342043,111.337798243
mulps,2100,0xAA,91,0.670403971,0.007132541,81.531164000,3.818105000,77.713059000,121.614977693,115.919747407
mulps,2100,0xAA,92,0.668812118,0.000630353,78.246565000,3.591177000,74.655388000,116.993342217,111.623856672
mulps,2100,0xAA,93,0.668832668,0.000752936,78.330732000,3.593558000,74.737174000,117.115589260,111.742708758
mulps,2100,0xAA,94,0.668837670,0.000732821,78.327192000,3.583670000,74.743522000,117.109420618,111.751364154
mulps,2100,0xAA,95,0.668849891,0.000713454,78.142195000,3.561758000,74.580437000,116.830691020,111.505493175
mulps,2100,0xAA,96,0.668852578,0.000717388,78.262739000,3.559134000,74.703605000,117.010446739,111.689193424
mulps,2100,0xAA,97,0.671268007,0.010538102,83.053499000,3.888051000,79.165448000,123.726288378,117.934189008
mulps,2100,0xAA,98,0.668781986,0.000527643,78.189131000,3.564932000,74.624199000,116.912734847,111.582250363
mulps,2100,0xAA,99,0.668806375,0.000589176,78.209822000,3.595144000,74.614678000,116.939408647,111.563945532
